mtllib curb_side_ring_02_visual.mtl
o curb_side_ring_02_visual
usemtl curb_marble
v -16.63197954 -0.67666454 0.20000000
v -16.57856169 -0.77491923 0.20000000
v -16.52395421 -0.86991131 0.20000000
v -16.46766191 -0.96256397 0.20000000
v -16.40968696 -1.05288512 0.20000000
v -16.35003082 -1.14088321 0.20000000
v -16.28869426 -1.22656715 0.20000000
v -16.22567722 -1.30994627 0.20000000
v -16.16097879 -1.39103020 0.20000000
v -16.09459715 -1.46982881 0.20000000
v -16.02652952 -1.54635210 0.20000000
v -15.95677218 -1.62061010 0.20000000
v -15.88532042 -1.69261271 0.20000000
v -15.81216861 -1.76236963 0.20000000
v -15.73731017 -1.82989020 0.20000000
v -15.66073766 -1.89518332 0.20000000
v -15.58244286 -1.95825728 0.20000000
v -15.50241682 -2.01911969 0.20000000
v -15.42065002 -2.07777742 0.20000000
v -15.33713240 -2.13423645 0.20000000
v -15.25185356 -2.18850187 0.20000000
v -15.16480286 -2.24057782 0.20000000
v -15.07596952 -2.29046744 0.20000000
v -14.98534279 -2.33817291 0.20000000
v -14.89291205 -2.38369547 0.20000000
v -14.79866693 -2.42703539 0.20000000
v -14.70259742 -2.46819207 0.20000000
v -14.60469392 -2.50716408 0.20000000
v -14.50494739 -2.54394924 0.20000000
v -14.40334935 -2.57854468 0.20000000
v -14.29989197 -2.61094692 0.20000000
v -14.19456806 -2.64115199 0.20000000
v -14.08636255 -2.66941894 0.20000000
v -13.20023962 -2.88985973 0.20000000
v -13.06720367 -2.92105234 0.20000000
v -12.93667856 -2.94787412 0.20000000
v -12.80749489 -2.97061163 0.20000000
v -12.67964786 -2.98927829 0.20000000
v -12.55313081 -3.00388763 0.20000000
v -12.42793507 -3.01445307 0.20000000
v -12.30404993 -3.02098767 0.20000000
v -12.18146253 -3.02350382 0.20000000
v -12.06015795 -3.02201297 0.20000000
v -11.94011924 -3.01652530 0.20000000
v -11.82132761 -3.00704941 0.20000000
v -11.70376261 -2.99359207 0.20000000
v -11.58740246 -2.97615791 0.20000000
v -11.47222433 -2.95474925 0.20000000
v -11.35820478 -2.92936597 0.20000000
v -11.24532018 -2.90000538 0.20000000
v -11.13354713 -2.86666228 0.20000000
v -11.02286292 -2.82932900 0.20000000
v -10.91324594 -2.78799559 0.20000000
v -10.80467607 -2.74265004 0.20000000
v -10.69713500 -2.69327854 0.20000000
v -10.59060648 -2.63986582 0.20000000
v -10.48507652 -2.58239553 0.20000000
v -10.38053351 -2.52085057 0.20000000
v -10.27696821 -2.45521345 0.20000000
v -10.17437380 -2.38546665 0.20000000
v -10.07274569 -2.31159291 0.20000000
v -9.97208148 -2.23357552 0.20000000
v -9.87238071 -2.15139850 0.20000000
v -9.77364467 -2.06504683 0.20000000
v -9.67587621 -1.97450655 0.20000000
v -9.57822338 -1.87892692 0.20000000
v -7.48975408 0.22120671 0.20000000
v -7.36492767 0.34448756 0.20000000
v -7.23794505 0.46541822 0.20000000
v -7.10938089 0.58342857 0.20000000
v -6.97923610 0.69851529 0.20000000
v -6.84751185 0.81067506 0.20000000
v -6.71420952 0.91990456 0.20000000
v -6.57933075 1.02620047 0.20000000
v -6.44287740 1.12955952 0.20000000
v -6.30485159 1.22997849 0.20000000
v -6.16525566 1.32745425 0.20000000
v -6.02409217 1.42198375 0.20000000
v -5.88136391 1.51356409 0.20000000
v -5.73707385 1.60219249 0.20000000
v -5.59122518 1.68786632 0.20000000
v -5.44382123 1.77058315 0.20000000
v -5.29486552 1.85034073 0.20000000
v -5.14436168 1.92713701 0.20000000
v -4.99231347 2.00097018 0.20000000
v -4.83872472 2.07183864 0.20000000
v -4.68359936 2.13974104 0.20000000
v -4.52694134 2.20467626 0.20000000
v -4.36875466 2.26664343 0.20000000
v -4.20904329 2.32564195 0.20000000
v -4.04781118 2.38167142 0.20000000
v -3.88506226 2.43473173 0.20000000
v -3.72080036 2.48482298 0.20000000
v -3.55502925 2.53194549 0.20000000
v -3.38775256 2.57609982 0.20000000
v -3.21897384 2.61728673 0.20000000
v -3.04869647 2.65550715 0.20000000
v -2.87692368 2.69076223 0.20000000
v -2.70445161 2.72290547 0.20000000
v -1.04083033 3.01745952 0.20000000
v -0.81371880 3.05514591 0.20000000
v -0.58665215 3.08773937 0.20000000
v -0.36058480 3.11507735 0.20000000
v -0.13552093 3.13715527 0.20000000
v 0.08853477 3.15396868 0.20000000
v 0.31157709 3.16551342 0.20000000
v 0.53360030 3.17178560 0.20000000
v 0.75459819 3.17278167 0.20000000
v 0.97456412 3.16849852 0.20000000
v 1.19349101 3.15893345 0.20000000
v 1.41137144 3.14408429 0.20000000
v 1.62819766 3.12394940 0.20000000
v 1.84396171 3.09852769 0.20000000
v 2.05865542 3.06781871 0.20000000
v 2.27227054 3.03182259 0.20000000
v 2.48479878 2.99054009 0.20000000
v 2.69623190 2.94397260 0.20000000
v 2.90656180 2.89212213 0.20000000
v 3.11578058 2.83499127 0.20000000
v 3.32388059 2.77258315 0.20000000
v 3.53085453 2.70490147 0.20000000
v 3.73669553 2.63195037 0.20000000
v 3.94139712 2.55373443 0.20000000
v 4.14495335 2.47025861 0.20000000
v 4.34735882 2.38152818 0.20000000
v 4.54860865 2.28754865 0.20000000
v 4.74869855 2.18832574 0.20000000
v 4.94762483 2.08386528 0.20000000
v 5.14538434 1.97417319 0.20000000
v 5.34197455 1.85925538 0.20000000
v 5.53739346 1.73911776 0.20000000
v 5.73082979 1.61428869 0.20000000
v 6.48490146 1.11605107 0.20000000
v 6.67931604 0.98429591 0.20000000
v 6.86958260 0.84863272 0.20000000
v 7.05482917 0.70964522 0.20000000
v 7.23504760 0.56733204 0.20000000
v 7.41022929 0.42169249 0.20000000
v 7.58036525 0.27272668 0.20000000
v 7.74544614 0.12043557 0.20000000
v 7.90546240 -0.03517900 0.20000000
v 8.06040430 -0.19411423 0.20000000
v 8.21026211 -0.35636639 0.20000000
v 8.35502614 -0.52193075 0.20000000
v 8.49468692 -0.69080163 0.20000000
v 8.62923527 -0.86297243 0.20000000
v 8.75866249 -1.03843562 0.20000000
v 8.88296039 -1.21718290 0.20000000
v 9.00212147 -1.39920517 0.20000000
v 9.11613896 -1.58449274 0.20000000
v 9.22500696 -1.77303534 0.20000000
v 9.32872045 -1.96482234 0.20000000
v 9.42727537 -2.15984277 0.20000000
v 9.52066864 -2.35808557 0.20000000
v 9.60889817 -2.55953961 0.20000000
v 9.69196285 -2.76419391 0.20000000
v 9.76986254 -2.97203770 0.20000000
v 9.84259799 -3.18306057 0.20000000
v 9.91017082 -3.39725253 0.20000000
v 9.97258342 -3.61460414 0.20000000
v 10.02983890 -3.83510656 0.20000000
v 10.08194098 -4.05875158 0.20000000
v 10.12889396 -4.28553172 0.20000000
v 10.17070253 -4.51544020 0.20000000
v 10.20720949 -4.74743955 0.20000000
v 10.61855137 -7.57711972 0.20000000
v 10.64892077 -7.76503185 0.20000000
v 10.68402029 -7.94412669 0.20000000
v 10.72402820 -8.11576364 0.20000000
v 10.76889747 -8.27994116 0.20000000
v 10.81857708 -8.43666488 0.20000000
v 10.87301299 -8.58594966 0.20000000
v 10.93214969 -8.72782159 0.20000000
v 10.99593252 -8.86232004 0.20000000
v 11.06431073 -8.98949925 0.20000000
v 11.13724139 -9.10942924 0.20000000
v 11.21469371 -9.22219563 0.20000000
v 11.29665372 -9.32789798 0.20000000
v 11.38312845 -9.42664636 0.20000000
v 11.47414904 -9.51855629 0.20000000
v 11.56977212 -9.60374224 0.20000000
v 11.67007881 -9.68231041 0.20000000
v 11.77517128 -9.75435182 0.20000000
v 11.88516703 -9.81993653 0.20000000
v 12.00019175 -9.87910997 0.20000000
v 12.12037164 -9.93189174 0.20000000
v 12.24582623 -9.97827681 0.20000000
v 12.37666263 -10.01823878 0.20000000
v 12.51297157 -10.05173438 0.20000000
v 12.65482546 -10.07870853 0.20000000
v 12.80227818 -10.09909920 0.20000000
v 12.95536619 -10.11284170 0.20000000
v 13.11411059 -10.11987207 0.20000000
v 13.27851961 -10.12012950 0.20000000
v 13.44859113 -10.11355800 0.20000000
v 13.62431522 -10.10010721 0.20000000
v 13.80567623 -10.07973274 0.20000000
v 13.99402428 -10.05219587 0.20000000
v 14.68573703 -9.93982431 0.20000000
v 14.87352054 -9.90627111 0.20000000
v 15.05317884 -9.86803407 0.20000000
v 15.22607062 -9.82490538 0.20000000
v 15.39220122 -9.77692241 0.20000000
v 15.55158228 -9.72412429 0.20000000
v 15.70423283 -9.66655101 0.20000000
v 15.85018052 -9.60424202 0.20000000
v 15.98946250 -9.53723450 0.20000000
v 16.12212604 -9.46556120 0.20000000
v 16.24822856 -9.38924800 0.20000000
v 16.36783696 -9.30831127 0.20000000
v 16.48102614 -9.22275541 0.20000000
v 16.58787662 -9.13257062 0.20000000
v 16.68847128 -9.03773150 0.20000000
v 16.78289156 -8.93819659 0.20000000
v 16.87121336 -8.83390914 0.20000000
v 16.95350314 -8.72479909 0.20000000
v 17.02981463 -8.61078618 0.20000000
v 17.10018647 -8.49178388 0.20000000
v 17.16464118 -8.36770361 0.20000000
v 17.22318531 -8.23845895 0.20000000
v 17.27581066 -8.10396919 0.20000000
v 17.32249650 -7.96416225 0.20000000
v 17.36321210 -7.81897645 0.20000000
v 17.39791958 -7.66836147 0.20000000
v 17.42657660 -7.51227844 0.20000000
v 17.44913871 -7.35069928 0.20000000
v 17.46556135 -7.18360572 0.20000000
v 17.47580132 -7.01098797 0.20000000
v 17.47981786 -6.83284332 0.20000000
v 17.47757338 -6.64917476 0.20000000
v 17.46897152 -6.45861120 0.20000000
v 16.89999280 2.87642849 0.20000000
v 16.86158813 3.37588444 0.20000000
v 16.80854086 3.85585366 0.20000000
v 16.74078857 4.31770165 0.20000000
v 16.65838027 4.76142072 0.20000000
v 16.56137023 5.18701015 0.20000000
v 16.44981721 5.59447845 0.20000000
v 16.32378307 5.98384588 0.20000000
v 16.18333058 6.35514690 0.20000000
v 16.02852020 6.70843248 0.20000000
v 15.85940599 7.04377167 0.20000000
v 15.67603059 7.36125204 0.20000000
v 15.47841986 7.66097848 0.20000000
v 15.26657757 7.94306992 0.20000000
v 15.04048130 8.20765400 0.20000000
v 14.80008002 8.45485982 0.20000000
v 14.54529455 8.68480963 0.20000000
v 14.27602078 8.89761045 0.20000000
v 13.99213581 9.09334704 0.20000000
v 13.69350587 9.27207707 0.20000000
v 13.37999517 9.43382927 0.20000000
v 13.05147412 9.57860445 0.20000000
v 12.70782606 9.70637901 0.20000000
v 12.34895192 9.81710995 0.20000000
v 11.97477247 9.91074059 0.20000000
v 11.58522867 9.98720611 0.20000000
v 11.18028036 10.04643837 0.20000000
v 10.75990403 10.08836974 0.20000000
v 10.32409006 10.11293583 0.20000000
v 9.87283987 10.12007730 0.20000000
v 9.40616322 10.10974076 0.20000000
v 8.92407588 10.08187916 0.20000000
v 8.42522112 10.03632600 0.20000000
v 0.63951110 9.20061729 0.20000000
v 0.45840240 9.18068714 0.20000000
v 0.27772145 9.15982456 0.20000000
v 0.09722899 9.13800321 0.20000000
v -0.08307507 9.11522310 0.20000000
v -0.26319080 9.09148424 0.20000000
v -0.44311830 9.06678662 0.20000000
v -0.62285764 9.04113025 0.20000000
v -0.80240891 9.01451511 0.20000000
v -0.98177219 8.98694120 0.20000000
v -1.16094757 8.95840852 0.20000000
v -1.33993513 8.92891705 0.20000000
v -1.51873495 8.89846680 0.20000000
v -1.69734712 8.86705775 0.20000000
v -1.87577172 8.83468989 0.20000000
v -2.05400884 8.80136320 0.20000000
v -2.23205856 8.76707768 0.20000000
v -2.40992096 8.73183330 0.20000000
v -2.58759612 8.69563005 0.20000000
v -2.76508413 8.65846791 0.20000000
v -2.94238506 8.62034686 0.20000000
v -3.11949901 8.58126689 0.20000000
v -3.29642605 8.54122796 0.20000000
v -3.47316626 8.50023006 0.20000000
v -3.64971973 8.45827316 0.20000000
v -3.82608652 8.41535724 0.20000000
v -4.00226673 8.37148226 0.20000000
v -4.17826044 8.32664820 0.20000000
v -4.35406771 8.28085503 0.20000000
v -4.52968863 8.23410272 0.20000000
v -4.70512327 8.18639123 0.20000000
v -4.88037171 8.13772054 0.20000000
v -5.05566553 8.08802498 0.20000000
v -15.59017836 5.07103898 0.20000000
v -15.68179037 5.04340759 0.20000000
v -15.76969474 5.01411434 0.20000000
v -15.85508832 4.98281358 0.20000000
v -15.93798287 4.94951718 0.20000000
v -16.01839239 4.91423611 0.20000000
v -16.09633304 4.87698014 0.20000000
v -16.17182320 4.83775745 0.20000000
v -16.24488327 4.79657425 0.20000000
v -16.31553556 4.75343441 0.20000000
v -16.38380394 4.70833913 0.20000000
v -16.44971350 4.66128663 0.20000000
v -16.51329012 4.61227196 0.20000000
v -16.57455990 4.56128679 0.20000000
v -16.63354864 4.50831948 0.20000000
v -16.69028125 4.45335507 0.20000000
v -16.74478114 4.39637559 0.20000000
v -16.79706972 4.33736029 0.20000000
v -16.84716587 4.27628616 0.20000000
v -16.89508560 4.21312835 0.20000000
v -16.94084173 4.14786083 0.20000000
v -16.98444376 4.08045692 0.20000000
v -17.02589781 4.01088990 0.20000000
v -17.06520670 3.93913360 0.20000000
v -17.10237013 3.86516286 0.20000000
v -17.13738493 3.78895397 0.20000000
v -17.17024541 3.71048505 0.20000000
v -17.20094369 3.62973625 0.20000000
v -17.22947010 3.54668995 0.20000000
v -17.25581358 3.46133083 0.20000000
v -17.27996203 3.37364587 0.20000000
v -17.30190266 3.28362430 0.20000000
v -17.32188119 3.19004486 0.20000000
v -17.39107897 2.84211723 0.20000000
v -17.40912161 2.74646297 0.20000000
v -17.42498500 2.65204045 0.20000000
v -17.43883635 2.55797801 0.20000000
v -17.45067890 2.46427234 0.20000000
v -17.46051576 2.37091981 0.20000000
v -17.46834986 2.27791645 0.20000000
v -17.47418390 2.18525799 0.20000000
v -17.47802037 2.09293985 0.20000000
v -17.47986147 2.00095719 0.20000000
v -17.47970911 1.90930489 0.20000000
v -17.47756488 1.81797766 0.20000000
v -17.47343004 1.72696997 0.20000000
v -17.46730546 1.63627616 0.20000000
v -17.45919167 1.54589048 0.20000000
v -17.44908879 1.45580706 0.20000000
v -17.43699655 1.36602003 0.20000000
v -17.42291429 1.27652354 0.20000000
v -17.40684098 1.18731177 0.20000000
v -17.38877518 1.09837902 0.20000000
v -17.36871511 1.00971973 0.20000000
v -17.34665861 0.92132851 0.20000000
v -17.32260323 0.83320020 0.20000000
v -17.29654619 0.74532986 0.20000000
v -17.26848444 0.65771286 0.20000000
v -17.23841470 0.57034485 0.20000000
v -17.20633347 0.48322183 0.20000000
v -17.17223706 0.39634012 0.20000000
v -17.13612165 0.30969639 0.20000000
v -17.09798330 0.22328768 0.20000000
v -17.05781800 0.13711140 0.20000000
v -17.01562170 0.05116529 0.20000000
v -16.97098496 -0.03533808 0.20000000
v -16.94926547 -0.84676473 0.20000000
v -16.89279827 -0.95062829 0.20000000
v -16.83388513 -1.05311025 0.20000000
v -16.77302122 -1.15328741 0.20000000
v -16.71020440 -1.25115186 0.20000000
v -16.64543318 -1.34669516 0.20000000
v -16.57870682 -1.43990838 0.20000000
v -16.51002535 -1.53078221 0.20000000
v -16.43938970 -1.61930701 0.20000000
v -16.36680169 -1.70547291 0.20000000
v -16.29226409 -1.78926991 0.20000000
v -16.21578062 -1.87068800 0.20000000
v -16.13735598 -1.94971725 0.20000000
v -16.05699584 -2.02634797 0.20000000
v -15.97470674 -2.10057082 0.20000000
v -15.89049613 -2.17237692 0.20000000
v -15.80437225 -2.24175795 0.20000000
v -15.71634401 -2.30870631 0.20000000
v -15.62642098 -2.37321514 0.20000000
v -15.53461317 -2.43527844 0.20000000
v -15.44093101 -2.49489115 0.20000000
v -15.34538514 -2.55204911 0.20000000
v -15.24798634 -2.60674918 0.20000000
v -15.14874534 -2.65898917 0.20000000
v -15.04767277 -2.70876786 0.20000000
v -14.94477901 -2.75608498 0.20000000
v -14.84007408 -2.80094111 0.20000000
v -14.73356754 -2.84333770 0.20000000
v -14.62526846 -2.88327692 0.20000000
v -14.51518532 -2.92076165 0.20000000
v -14.40332594 -2.95579535 0.20000000
v -14.28969752 -2.98838201 0.20000000
v -14.17531511 -3.01826257 0.20000000
v -13.28478746 -3.23979913 0.20000000
v -13.14453962 -3.27268269 0.20000000
v -13.00412561 -3.30153655 0.20000000
v -12.86471481 -3.32607412 0.20000000
v -12.72631202 -3.34628201 0.20000000
v -12.58892392 -3.36214667 0.20000000
v -12.45255915 -3.37365468 0.20000000
v -12.31722845 -3.38079300 0.20000000
v -12.18294465 -3.38354922 0.20000000
v -12.04972271 -3.38191191 0.20000000
v -11.91757954 -3.37587087 0.20000000
v -11.78653395 -3.36541750 0.20000000
v -11.65660638 -3.35054504 0.20000000
v -11.52781863 -3.33124886 0.20000000
v -11.40019351 -3.30752663 0.20000000
v -11.27375446 -3.27937849 0.20000000
v -11.14852513 -3.24680711 0.20000000
v -11.02452890 -3.20981771 0.20000000
v -10.90178849 -3.16841793 0.20000000
v -10.78032550 -3.12261774 0.20000000
v -10.66016006 -3.07242915 0.20000000
v -10.54131048 -3.01786597 0.20000000
v -10.42379300 -2.95894346 0.20000000
v -10.30762161 -2.89567798 0.20000000
v -10.19280795 -2.82808664 0.20000000
v -10.07936121 -2.75618691 0.20000000
v -9.96728826 -2.67999631 0.20000000
v -9.85659365 -2.59953210 0.20000000
v -9.74727980 -2.51481102 0.20000000
v -9.63934718 -2.42584901 0.20000000
v -9.53279447 -2.33266111 0.20000000
v -9.42761884 -2.23526128 0.20000000
v -9.32467224 -2.13450027 0.20000000
v -7.23563186 -0.03379237 0.20000000
v -7.11428792 0.08604912 0.20000000
v -6.99206915 0.20244298 0.20000000
v -6.86840089 0.31595933 0.20000000
v -6.74328222 0.42660147 0.20000000
v -6.61671198 0.53437274 0.20000000
v -6.48868878 0.63927645 0.20000000
v -6.35921099 0.74131593 0.20000000
v -6.22827674 0.84049444 0.20000000
v -6.09588392 0.93681520 0.20000000
v -5.96203019 1.03028135 0.20000000
v -5.82671298 1.12089592 0.20000000
v -5.68992952 1.20866183 0.20000000
v -5.55167681 1.29358186 0.20000000
v -5.41195168 1.37565862 0.20000000
v -5.27075079 1.45489456 0.20000000
v -5.12807063 1.53129193 0.20000000
v -4.98390757 1.60485276 0.20000000
v -4.83825785 1.67557888 0.20000000
v -4.69111762 1.74347188 0.20000000
v -4.54248298 1.80853312 0.20000000
v -4.39234995 1.87076372 0.20000000
v -4.24071456 1.93016452 0.20000000
v -4.08757282 1.98673616 0.20000000
v -3.93292078 2.04047902 0.20000000
v -3.77675453 2.09139321 0.20000000
v -3.61907021 2.13947864 0.20000000
v -3.45986408 2.18473497 0.20000000
v -3.29913248 2.22716166 0.20000000
v -3.13687189 2.26675795 0.20000000
v -2.97307891 2.30352290 0.20000000
v -2.80775031 2.33745535 0.20000000
v -2.64008996 2.36870184 0.20000000
v -0.97998070 2.66263406 0.20000000
v -0.75867102 2.69935771 0.20000000
v -0.53946132 2.73082337 0.20000000
v -0.32139715 2.75719354 0.20000000
v -0.10447434 2.77847285 0.20000000
v 0.11131179 2.79466571 0.20000000
v 0.32596646 2.80577630 0.20000000
v 0.53949540 2.81180851 0.20000000
v 0.75190481 2.81276588 0.20000000
v 0.96320135 2.80865153 0.20000000
v 1.17339208 2.79946816 0.20000000
v 1.38248444 2.78521793 0.20000000
v 1.59048615 2.76590249 0.20000000
v 1.79740520 2.74152292 0.20000000
v 2.00324975 2.71207969 0.20000000
v 2.20802804 2.67757265 0.20000000
v 2.41174837 2.63800104 0.20000000
v 2.61441898 2.59336348 0.20000000
v 2.81604796 2.54365796 0.20000000
v 3.01664323 2.48888189 0.20000000
v 3.21621242 2.42903212 0.20000000
v 3.41476283 2.36410498 0.20000000
v 3.61230136 2.29409632 0.20000000
v 3.80883444 2.21900154 0.20000000
v 4.00436803 2.13881571 0.20000000
v 4.19890756 2.05353354 0.20000000
v 4.39245788 1.96314953 0.20000000
v 4.58502328 1.86765795 0.20000000
v 4.77660747 1.76705298 0.20000000
v 4.96721358 1.66132870 0.20000000
v 5.15684415 1.55047919 0.20000000
v 5.34550118 1.43449856 0.20000000
v 5.53399594 1.31285841 0.20000000
v 6.28468511 0.81685571 0.20000000
v 6.47380573 0.68868828 0.20000000
v 6.65702548 0.55804957 0.20000000
v 6.83521635 0.42435586 0.20000000
v 7.00838647 0.28760851 0.20000000
v 7.17654444 0.14780822 0.20000000
v 7.33969927 0.00495488 0.20000000
v 7.49786028 -0.14095247 0.20000000
v 7.65103704 -0.28991568 0.20000000
v 7.79923926 -0.44193753 0.20000000
v 7.94247671 -0.59702178 0.20000000
v 8.08075905 -0.75517313 0.20000000
v 8.21409576 -0.91639727 0.20000000
v 8.34249600 -1.08070081 0.20000000
v 8.46596851 -1.24809126 0.20000000
v 8.58452144 -1.41857695 0.20000000
v 8.69816232 -1.59216695 0.20000000
v 8.80689789 -1.76887097 0.20000000
v 8.91073408 -1.94869927 0.20000000
v 9.00967590 -2.13166248 0.20000000
v 9.10372741 -2.31777157 0.20000000
v 9.19289168 -2.50703761 0.20000000
v 9.27717080 -2.69947171 0.20000000
v 9.35656589 -2.89508487 0.20000000
v 9.43107709 -3.09388785 0.20000000
v 9.50070365 -3.29589107 0.20000000
v 9.56544394 -3.50110451 0.20000000
v 9.62529559 -3.70953761 0.20000000
v 9.68025547 -3.92119921 0.20000000
v 9.73031985 -4.13609752 0.20000000
v 9.77548448 -4.35424003 0.20000000
v 9.81574461 -4.57563350 0.20000000
v 9.85125747 -4.80131543 0.20000000
v 10.26270685 -7.63173510 0.20000000
v 10.29448853 -7.82838581 0.20000000
v 10.33196925 -8.01963068 0.20000000
v 10.37497073 -8.20411030 0.20000000
v 10.42354002 -8.38182622 0.20000000
v 10.47772811 -8.55277281 0.20000000
v 10.53758907 -8.71693521 0.20000000
v 10.60317839 -8.87428731 0.20000000
v 10.67455075 -9.02478977 0.20000000
v 10.75175688 -9.16838833 0.20000000
v 10.83483972 -9.30501298 0.20000000
v 10.92383005 -9.43457809 0.20000000
v 11.01874185 -9.55698412 0.20000000
v 11.11956810 -9.67212098 0.20000000
v 11.22627763 -9.77987315 0.20000000
v 11.33881384 -9.88012618 0.20000000
v 11.45709559 -9.97277384 0.20000000
v 11.58102072 -10.05772514 0.20000000
v 11.71047173 -10.13491000 0.20000000
v 11.84532292 -10.20428300 0.20000000
v 11.98544811 -10.26582453 0.20000000
v 12.13072774 -10.31953963 0.20000000
v 12.28105473 -10.36545470 0.20000000
v 12.43633834 -10.40361300 0.20000000
v 12.59650615 -10.43406962 0.20000000
v 12.76150430 -10.45688659 0.20000000
v 12.93129631 -10.47212858 0.20000000
v 13.10586108 -10.47985959 0.20000000
v 13.28519040 -10.48014039 0.20000000
v 13.46928636 -10.47302699 0.20000000
v 13.65815893 -10.45856975 0.20000000
v 13.85182372 -10.43681305 0.20000000
v 14.04893063 -10.40799562 0.20000000
v 14.74626514 -10.29471077 0.20000000
v 14.94267073 -10.25961698 0.20000000
v 15.13424062 -10.21884477 0.20000000
v 15.31961615 -10.17260195 0.20000000
v 15.49879195 -10.12085118 0.20000000
v 15.67175641 -10.06355329 0.20000000
v 15.83849047 -10.00066831 0.20000000
v 15.99896650 -9.93215678 0.20000000
v 16.15314734 -9.85798154 0.20000000
v 16.30098573 -9.77810982 0.20000000
v 16.44242425 -9.69251575 0.20000000
v 16.57739599 -9.60118295 0.20000000
v 16.70582604 -9.50410703 0.20000000
v 16.82763390 -9.40129779 0.20000000
v 16.94273669 -9.29278062 0.20000000
v 17.05105297 -9.17859698 0.20000000
v 17.15250683 -9.05880364 0.20000000
v 17.24703180 -8.93347065 0.20000000
v 17.33457418 -8.80267826 0.20000000
v 17.41509531 -8.66651300 0.20000000
v 17.48857267 -8.52506346 0.20000000
v 17.55499973 -8.37841606 0.20000000
v 17.61438465 -8.22665150 0.20000000
v 17.66674820 -8.06984188 0.20000000
v 17.71212109 -7.90804886 0.20000000
v 17.75054120 -7.74132276 0.20000000
v 17.78205088 -7.56970247 0.20000000
v 17.80669457 -7.39321605 0.20000000
v 17.82451684 -7.21188177 0.20000000
v 17.83556089 -7.02570943 0.20000000
v 17.83986745 -6.83470174 0.20000000
v 17.83747416 -6.63885571 0.20000000
v 17.82847734 -6.43954242 0.20000000
v 17.25915220 2.90118089 0.20000000
v 17.22006852 3.40946737 0.20000000
v 17.16565838 3.90176785 0.20000000
v 17.09598419 4.37671686 0.20000000
v 17.01099693 4.83432207 0.20000000
v 16.91064235 5.27458421 0.20000000
v 16.79486169 5.69749476 0.20000000
v 16.66359308 6.10303347 0.20000000
v 16.51677376 6.49116588 0.20000000
v 16.35434325 6.86184101 0.20000000
v 16.17624751 7.21498981 0.20000000
v 15.98244389 7.55052472 0.20000000
v 15.77290654 7.86834085 0.20000000
v 15.54763168 8.16831926 0.20000000
v 15.30664173 8.45033232 0.20000000
v 15.04998772 8.71425092 0.20000000
v 14.77774885 8.95995282 0.20000000
v 14.49002919 9.18733100 0.20000000
v 14.18695169 9.39630069 0.20000000
v 13.86865007 9.58680423 0.20000000
v 13.53526015 9.75881288 0.20000000
v 13.18691152 9.91232583 0.20000000
v 12.82372083 10.04736670 0.20000000
v 12.44578715 10.16397847 0.20000000
v 12.05318971 10.26221783 0.20000000
v 11.64598756 10.34214960 0.20000000
v 11.22422085 10.40384190 0.20000000
v 10.78791310 10.44736239 0.20000000
v 10.33707391 10.47277543 0.20000000
v 9.87170189 10.48014039 0.20000000
v 9.39178725 10.46951064 0.20000000
v 8.89731423 10.44093323 0.20000000
v 8.38963957 10.39457467 0.20000000
v 0.60061112 9.55850976 0.20000000
v 0.41806605 9.53842155 0.20000000
v 0.23546988 9.51733782 0.20000000
v 0.05306185 9.49528488 0.20000000
v -0.12915793 9.47226274 0.20000000
v -0.31118940 9.44827139 0.20000000
v -0.49303246 9.42331083 0.20000000
v -0.67468704 9.39738107 0.20000000
v -0.85615305 9.37048210 0.20000000
v -1.03743040 9.34261394 0.20000000
v -1.21851902 9.31377659 0.20000000
v -1.39941881 9.28397005 0.20000000
v -1.58012970 9.25319434 0.20000000
v -1.76065160 9.22144946 0.20000000
v -1.94098442 9.18873543 0.20000000
v -2.12112809 9.15505225 0.20000000
v -2.30108252 9.12039996 0.20000000
v -2.48084763 9.08477854 0.20000000
v -2.66042333 9.04818804 0.20000000
v -2.83980954 9.01062846 0.20000000
v -3.01900619 8.97209982 0.20000000
v -3.19801318 8.93260215 0.20000000
v -3.37683044 8.89213546 0.20000000
v -3.55545788 8.85069979 0.20000000
v -3.73389543 8.80829514 0.20000000
v -3.91214301 8.76492156 0.20000000
v -4.09020053 8.72057907 0.20000000
v -4.26806792 8.67526769 0.20000000
v -4.44574510 8.62898746 0.20000000
v -4.62323199 8.58173840 0.20000000
v -4.80052852 8.53352056 0.20000000
v -4.97763460 8.48433395 0.20000000
v -5.15431867 8.43424426 0.20000000
v -15.69171896 5.41643132 0.20000000
v -15.79069710 5.38657821 0.20000000
v -15.88857557 5.35396119 0.20000000
v -15.98415752 5.31892591 0.20000000
v -16.07743118 5.28146052 0.20000000
v -16.16838257 5.24155402 0.20000000
v -16.25699550 5.19919666 0.20000000
v -16.34325162 5.15438025 0.20000000
v -16.42713050 5.10709860 0.20000000
v -16.50860987 5.05734781 0.20000000
v -16.58766582 5.00512670 0.20000000
v -16.66427328 4.95043704 0.20000000
v -16.73840637 4.89328380 0.20000000
v -16.81003899 4.83367528 0.20000000
v -16.87914533 4.77162315 0.20000000
v -16.94570049 4.70714234 0.20000000
v -17.00968105 4.64025084 0.20000000
v -17.07106562 4.57096939 0.20000000
v -17.12983530 4.49932102 0.20000000
v -17.18597409 4.42533056 0.20000000
v -17.23946917 4.34902404 0.20000000
v -17.29031103 4.27042815 0.20000000
v -17.33849355 4.18956960 0.20000000
v -17.38401393 4.10647456 0.20000000
v -17.42687245 4.02116821 0.20000000
v -17.46707228 3.93367423 0.20000000
v -17.50461913 3.84401453 0.20000000
v -17.53952087 3.75220894 0.20000000
v -17.57178715 3.65827508 0.20000000
v -17.60142906 3.56222828 0.20000000
v -17.62845868 3.46408155 0.20000000
v -17.65288881 3.36384567 0.20000000
v -17.67447373 3.26274189 0.20000000
v -17.74451076 2.91059451 0.20000000
v -17.76355014 2.80965600 0.20000000
v -17.78061325 2.70809246 0.20000000
v -17.79553287 2.60677552 0.20000000
v -17.80830575 2.50570849 0.20000000
v -17.81892880 2.40489501 0.20000000
v -17.82739909 2.30433904 0.20000000
v -17.83371390 2.20404486 0.20000000
v -17.83787076 2.10401705 0.20000000
v -17.83986745 2.00426045 0.20000000
v -17.83970208 1.90478016 0.20000000
v -17.83737305 1.80558151 0.20000000
v -17.83287910 1.70666999 0.20000000
v -17.82621935 1.60805127 0.20000000
v -17.81739330 1.50973113 0.20000000
v -17.80640080 1.41171540 0.20000000
v -17.79324214 1.31400997 0.20000000
v -17.77791796 1.21662068 0.20000000
v -17.76042931 1.11955336 0.20000000
v -17.74077761 1.02281371 0.20000000
v -17.71896467 0.92640728 0.20000000
v -17.69499261 0.83033947 0.20000000
v -17.66886392 0.73461544 0.20000000
v -17.64058135 0.63924012 0.20000000
v -17.61014796 0.54421815 0.20000000
v -17.57756704 0.44955387 0.20000000
v -17.54284208 0.35525130 0.20000000
v -17.50597677 0.26131410 0.20000000
v -17.46697493 0.16774560 0.20000000
v -17.42584050 0.07454877 0.20000000
v -17.38257748 -0.01827380 0.20000000
v -17.33718995 -0.11071986 0.20000000
v -17.29008732 -0.20200197 0.20000000
v -16.63197954 -0.67666454 0.00000000
v -16.57856169 -0.77491923 0.00000000
v -16.52395421 -0.86991131 0.00000000
v -16.46766191 -0.96256397 0.00000000
v -16.40968696 -1.05288512 0.00000000
v -16.35003082 -1.14088321 0.00000000
v -16.28869426 -1.22656715 0.00000000
v -16.22567722 -1.30994627 0.00000000
v -16.16097879 -1.39103020 0.00000000
v -16.09459715 -1.46982881 0.00000000
v -16.02652952 -1.54635210 0.00000000
v -15.95677218 -1.62061010 0.00000000
v -15.88532042 -1.69261271 0.00000000
v -15.81216861 -1.76236963 0.00000000
v -15.73731017 -1.82989020 0.00000000
v -15.66073766 -1.89518332 0.00000000
v -15.58244286 -1.95825728 0.00000000
v -15.50241682 -2.01911969 0.00000000
v -15.42065002 -2.07777742 0.00000000
v -15.33713240 -2.13423645 0.00000000
v -15.25185356 -2.18850187 0.00000000
v -15.16480286 -2.24057782 0.00000000
v -15.07596952 -2.29046744 0.00000000
v -14.98534279 -2.33817291 0.00000000
v -14.89291205 -2.38369547 0.00000000
v -14.79866693 -2.42703539 0.00000000
v -14.70259742 -2.46819207 0.00000000
v -14.60469392 -2.50716408 0.00000000
v -14.50494739 -2.54394924 0.00000000
v -14.40334935 -2.57854468 0.00000000
v -14.29989197 -2.61094692 0.00000000
v -14.19456806 -2.64115199 0.00000000
v -14.08636255 -2.66941894 0.00000000
v -13.20023962 -2.88985973 0.00000000
v -13.06720367 -2.92105234 0.00000000
v -12.93667856 -2.94787412 0.00000000
v -12.80749489 -2.97061163 0.00000000
v -12.67964786 -2.98927829 0.00000000
v -12.55313081 -3.00388763 0.00000000
v -12.42793507 -3.01445307 0.00000000
v -12.30404993 -3.02098767 0.00000000
v -12.18146253 -3.02350382 0.00000000
v -12.06015795 -3.02201297 0.00000000
v -11.94011924 -3.01652530 0.00000000
v -11.82132761 -3.00704941 0.00000000
v -11.70376261 -2.99359207 0.00000000
v -11.58740246 -2.97615791 0.00000000
v -11.47222433 -2.95474925 0.00000000
v -11.35820478 -2.92936597 0.00000000
v -11.24532018 -2.90000538 0.00000000
v -11.13354713 -2.86666228 0.00000000
v -11.02286292 -2.82932900 0.00000000
v -10.91324594 -2.78799559 0.00000000
v -10.80467607 -2.74265004 0.00000000
v -10.69713500 -2.69327854 0.00000000
v -10.59060648 -2.63986582 0.00000000
v -10.48507652 -2.58239553 0.00000000
v -10.38053351 -2.52085057 0.00000000
v -10.27696821 -2.45521345 0.00000000
v -10.17437380 -2.38546665 0.00000000
v -10.07274569 -2.31159291 0.00000000
v -9.97208148 -2.23357552 0.00000000
v -9.87238071 -2.15139850 0.00000000
v -9.77364467 -2.06504683 0.00000000
v -9.67587621 -1.97450655 0.00000000
v -9.57822338 -1.87892692 0.00000000
v -7.48975408 0.22120671 0.00000000
v -7.36492767 0.34448756 0.00000000
v -7.23794505 0.46541822 0.00000000
v -7.10938089 0.58342857 0.00000000
v -6.97923610 0.69851529 0.00000000
v -6.84751185 0.81067506 0.00000000
v -6.71420952 0.91990456 0.00000000
v -6.57933075 1.02620047 0.00000000
v -6.44287740 1.12955952 0.00000000
v -6.30485159 1.22997849 0.00000000
v -6.16525566 1.32745425 0.00000000
v -6.02409217 1.42198375 0.00000000
v -5.88136391 1.51356409 0.00000000
v -5.73707385 1.60219249 0.00000000
v -5.59122518 1.68786632 0.00000000
v -5.44382123 1.77058315 0.00000000
v -5.29486552 1.85034073 0.00000000
v -5.14436168 1.92713701 0.00000000
v -4.99231347 2.00097018 0.00000000
v -4.83872472 2.07183864 0.00000000
v -4.68359936 2.13974104 0.00000000
v -4.52694134 2.20467626 0.00000000
v -4.36875466 2.26664343 0.00000000
v -4.20904329 2.32564195 0.00000000
v -4.04781118 2.38167142 0.00000000
v -3.88506226 2.43473173 0.00000000
v -3.72080036 2.48482298 0.00000000
v -3.55502925 2.53194549 0.00000000
v -3.38775256 2.57609982 0.00000000
v -3.21897384 2.61728673 0.00000000
v -3.04869647 2.65550715 0.00000000
v -2.87692368 2.69076223 0.00000000
v -2.70445161 2.72290547 0.00000000
v -1.04083033 3.01745952 0.00000000
v -0.81371880 3.05514591 0.00000000
v -0.58665215 3.08773937 0.00000000
v -0.36058480 3.11507735 0.00000000
v -0.13552093 3.13715527 0.00000000
v 0.08853477 3.15396868 0.00000000
v 0.31157709 3.16551342 0.00000000
v 0.53360030 3.17178560 0.00000000
v 0.75459819 3.17278167 0.00000000
v 0.97456412 3.16849852 0.00000000
v 1.19349101 3.15893345 0.00000000
v 1.41137144 3.14408429 0.00000000
v 1.62819766 3.12394940 0.00000000
v 1.84396171 3.09852769 0.00000000
v 2.05865542 3.06781871 0.00000000
v 2.27227054 3.03182259 0.00000000
v 2.48479878 2.99054009 0.00000000
v 2.69623190 2.94397260 0.00000000
v 2.90656180 2.89212213 0.00000000
v 3.11578058 2.83499127 0.00000000
v 3.32388059 2.77258315 0.00000000
v 3.53085453 2.70490147 0.00000000
v 3.73669553 2.63195037 0.00000000
v 3.94139712 2.55373443 0.00000000
v 4.14495335 2.47025861 0.00000000
v 4.34735882 2.38152818 0.00000000
v 4.54860865 2.28754865 0.00000000
v 4.74869855 2.18832574 0.00000000
v 4.94762483 2.08386528 0.00000000
v 5.14538434 1.97417319 0.00000000
v 5.34197455 1.85925538 0.00000000
v 5.53739346 1.73911776 0.00000000
v 5.73082979 1.61428869 0.00000000
v 6.48490146 1.11605107 0.00000000
v 6.67931604 0.98429591 0.00000000
v 6.86958260 0.84863272 0.00000000
v 7.05482917 0.70964522 0.00000000
v 7.23504760 0.56733204 0.00000000
v 7.41022929 0.42169249 0.00000000
v 7.58036525 0.27272668 0.00000000
v 7.74544614 0.12043557 0.00000000
v 7.90546240 -0.03517900 0.00000000
v 8.06040430 -0.19411423 0.00000000
v 8.21026211 -0.35636639 0.00000000
v 8.35502614 -0.52193075 0.00000000
v 8.49468692 -0.69080163 0.00000000
v 8.62923527 -0.86297243 0.00000000
v 8.75866249 -1.03843562 0.00000000
v 8.88296039 -1.21718290 0.00000000
v 9.00212147 -1.39920517 0.00000000
v 9.11613896 -1.58449274 0.00000000
v 9.22500696 -1.77303534 0.00000000
v 9.32872045 -1.96482234 0.00000000
v 9.42727537 -2.15984277 0.00000000
v 9.52066864 -2.35808557 0.00000000
v 9.60889817 -2.55953961 0.00000000
v 9.69196285 -2.76419391 0.00000000
v 9.76986254 -2.97203770 0.00000000
v 9.84259799 -3.18306057 0.00000000
v 9.91017082 -3.39725253 0.00000000
v 9.97258342 -3.61460414 0.00000000
v 10.02983890 -3.83510656 0.00000000
v 10.08194098 -4.05875158 0.00000000
v 10.12889396 -4.28553172 0.00000000
v 10.17070253 -4.51544020 0.00000000
v 10.20720949 -4.74743955 0.00000000
v 10.61855137 -7.57711972 0.00000000
v 10.64892077 -7.76503185 0.00000000
v 10.68402029 -7.94412669 0.00000000
v 10.72402820 -8.11576364 0.00000000
v 10.76889747 -8.27994116 0.00000000
v 10.81857708 -8.43666488 0.00000000
v 10.87301299 -8.58594966 0.00000000
v 10.93214969 -8.72782159 0.00000000
v 10.99593252 -8.86232004 0.00000000
v 11.06431073 -8.98949925 0.00000000
v 11.13724139 -9.10942924 0.00000000
v 11.21469371 -9.22219563 0.00000000
v 11.29665372 -9.32789798 0.00000000
v 11.38312845 -9.42664636 0.00000000
v 11.47414904 -9.51855629 0.00000000
v 11.56977212 -9.60374224 0.00000000
v 11.67007881 -9.68231041 0.00000000
v 11.77517128 -9.75435182 0.00000000
v 11.88516703 -9.81993653 0.00000000
v 12.00019175 -9.87910997 0.00000000
v 12.12037164 -9.93189174 0.00000000
v 12.24582623 -9.97827681 0.00000000
v 12.37666263 -10.01823878 0.00000000
v 12.51297157 -10.05173438 0.00000000
v 12.65482546 -10.07870853 0.00000000
v 12.80227818 -10.09909920 0.00000000
v 12.95536619 -10.11284170 0.00000000
v 13.11411059 -10.11987207 0.00000000
v 13.27851961 -10.12012950 0.00000000
v 13.44859113 -10.11355800 0.00000000
v 13.62431522 -10.10010721 0.00000000
v 13.80567623 -10.07973274 0.00000000
v 13.99402428 -10.05219587 0.00000000
v 14.68573703 -9.93982431 0.00000000
v 14.87352054 -9.90627111 0.00000000
v 15.05317884 -9.86803407 0.00000000
v 15.22607062 -9.82490538 0.00000000
v 15.39220122 -9.77692241 0.00000000
v 15.55158228 -9.72412429 0.00000000
v 15.70423283 -9.66655101 0.00000000
v 15.85018052 -9.60424202 0.00000000
v 15.98946250 -9.53723450 0.00000000
v 16.12212604 -9.46556120 0.00000000
v 16.24822856 -9.38924800 0.00000000
v 16.36783696 -9.30831127 0.00000000
v 16.48102614 -9.22275541 0.00000000
v 16.58787662 -9.13257062 0.00000000
v 16.68847128 -9.03773150 0.00000000
v 16.78289156 -8.93819659 0.00000000
v 16.87121336 -8.83390914 0.00000000
v 16.95350314 -8.72479909 0.00000000
v 17.02981463 -8.61078618 0.00000000
v 17.10018647 -8.49178388 0.00000000
v 17.16464118 -8.36770361 0.00000000
v 17.22318531 -8.23845895 0.00000000
v 17.27581066 -8.10396919 0.00000000
v 17.32249650 -7.96416225 0.00000000
v 17.36321210 -7.81897645 0.00000000
v 17.39791958 -7.66836147 0.00000000
v 17.42657660 -7.51227844 0.00000000
v 17.44913871 -7.35069928 0.00000000
v 17.46556135 -7.18360572 0.00000000
v 17.47580132 -7.01098797 0.00000000
v 17.47981786 -6.83284332 0.00000000
v 17.47757338 -6.64917476 0.00000000
v 17.46897152 -6.45861120 0.00000000
v 16.89999280 2.87642849 0.00000000
v 16.86158813 3.37588444 0.00000000
v 16.80854086 3.85585366 0.00000000
v 16.74078857 4.31770165 0.00000000
v 16.65838027 4.76142072 0.00000000
v 16.56137023 5.18701015 0.00000000
v 16.44981721 5.59447845 0.00000000
v 16.32378307 5.98384588 0.00000000
v 16.18333058 6.35514690 0.00000000
v 16.02852020 6.70843248 0.00000000
v 15.85940599 7.04377167 0.00000000
v 15.67603059 7.36125204 0.00000000
v 15.47841986 7.66097848 0.00000000
v 15.26657757 7.94306992 0.00000000
v 15.04048130 8.20765400 0.00000000
v 14.80008002 8.45485982 0.00000000
v 14.54529455 8.68480963 0.00000000
v 14.27602078 8.89761045 0.00000000
v 13.99213581 9.09334704 0.00000000
v 13.69350587 9.27207707 0.00000000
v 13.37999517 9.43382927 0.00000000
v 13.05147412 9.57860445 0.00000000
v 12.70782606 9.70637901 0.00000000
v 12.34895192 9.81710995 0.00000000
v 11.97477247 9.91074059 0.00000000
v 11.58522867 9.98720611 0.00000000
v 11.18028036 10.04643837 0.00000000
v 10.75990403 10.08836974 0.00000000
v 10.32409006 10.11293583 0.00000000
v 9.87283987 10.12007730 0.00000000
v 9.40616322 10.10974076 0.00000000
v 8.92407588 10.08187916 0.00000000
v 8.42522112 10.03632600 0.00000000
v 0.63951110 9.20061729 0.00000000
v 0.45840240 9.18068714 0.00000000
v 0.27772145 9.15982456 0.00000000
v 0.09722899 9.13800321 0.00000000
v -0.08307507 9.11522310 0.00000000
v -0.26319080 9.09148424 0.00000000
v -0.44311830 9.06678662 0.00000000
v -0.62285764 9.04113025 0.00000000
v -0.80240891 9.01451511 0.00000000
v -0.98177219 8.98694120 0.00000000
v -1.16094757 8.95840852 0.00000000
v -1.33993513 8.92891705 0.00000000
v -1.51873495 8.89846680 0.00000000
v -1.69734712 8.86705775 0.00000000
v -1.87577172 8.83468989 0.00000000
v -2.05400884 8.80136320 0.00000000
v -2.23205856 8.76707768 0.00000000
v -2.40992096 8.73183330 0.00000000
v -2.58759612 8.69563005 0.00000000
v -2.76508413 8.65846791 0.00000000
v -2.94238506 8.62034686 0.00000000
v -3.11949901 8.58126689 0.00000000
v -3.29642605 8.54122796 0.00000000
v -3.47316626 8.50023006 0.00000000
v -3.64971973 8.45827316 0.00000000
v -3.82608652 8.41535724 0.00000000
v -4.00226673 8.37148226 0.00000000
v -4.17826044 8.32664820 0.00000000
v -4.35406771 8.28085503 0.00000000
v -4.52968863 8.23410272 0.00000000
v -4.70512327 8.18639123 0.00000000
v -4.88037171 8.13772054 0.00000000
v -5.05566553 8.08802498 0.00000000
v -15.59017836 5.07103898 0.00000000
v -15.68179037 5.04340759 0.00000000
v -15.76969474 5.01411434 0.00000000
v -15.85508832 4.98281358 0.00000000
v -15.93798287 4.94951718 0.00000000
v -16.01839239 4.91423611 0.00000000
v -16.09633304 4.87698014 0.00000000
v -16.17182320 4.83775745 0.00000000
v -16.24488327 4.79657425 0.00000000
v -16.31553556 4.75343441 0.00000000
v -16.38380394 4.70833913 0.00000000
v -16.44971350 4.66128663 0.00000000
v -16.51329012 4.61227196 0.00000000
v -16.57455990 4.56128679 0.00000000
v -16.63354864 4.50831948 0.00000000
v -16.69028125 4.45335507 0.00000000
v -16.74478114 4.39637559 0.00000000
v -16.79706972 4.33736029 0.00000000
v -16.84716587 4.27628616 0.00000000
v -16.89508560 4.21312835 0.00000000
v -16.94084173 4.14786083 0.00000000
v -16.98444376 4.08045692 0.00000000
v -17.02589781 4.01088990 0.00000000
v -17.06520670 3.93913360 0.00000000
v -17.10237013 3.86516286 0.00000000
v -17.13738493 3.78895397 0.00000000
v -17.17024541 3.71048505 0.00000000
v -17.20094369 3.62973625 0.00000000
v -17.22947010 3.54668995 0.00000000
v -17.25581358 3.46133083 0.00000000
v -17.27996203 3.37364587 0.00000000
v -17.30190266 3.28362430 0.00000000
v -17.32188119 3.19004486 0.00000000
v -17.39107897 2.84211723 0.00000000
v -17.40912161 2.74646297 0.00000000
v -17.42498500 2.65204045 0.00000000
v -17.43883635 2.55797801 0.00000000
v -17.45067890 2.46427234 0.00000000
v -17.46051576 2.37091981 0.00000000
v -17.46834986 2.27791645 0.00000000
v -17.47418390 2.18525799 0.00000000
v -17.47802037 2.09293985 0.00000000
v -17.47986147 2.00095719 0.00000000
v -17.47970911 1.90930489 0.00000000
v -17.47756488 1.81797766 0.00000000
v -17.47343004 1.72696997 0.00000000
v -17.46730546 1.63627616 0.00000000
v -17.45919167 1.54589048 0.00000000
v -17.44908879 1.45580706 0.00000000
v -17.43699655 1.36602003 0.00000000
v -17.42291429 1.27652354 0.00000000
v -17.40684098 1.18731177 0.00000000
v -17.38877518 1.09837902 0.00000000
v -17.36871511 1.00971973 0.00000000
v -17.34665861 0.92132851 0.00000000
v -17.32260323 0.83320020 0.00000000
v -17.29654619 0.74532986 0.00000000
v -17.26848444 0.65771286 0.00000000
v -17.23841470 0.57034485 0.00000000
v -17.20633347 0.48322183 0.00000000
v -17.17223706 0.39634012 0.00000000
v -17.13612165 0.30969639 0.00000000
v -17.09798330 0.22328768 0.00000000
v -17.05781800 0.13711140 0.00000000
v -17.01562170 0.05116529 0.00000000
v -16.97098496 -0.03533808 0.00000000
v -16.94926547 -0.84676473 0.00000000
v -16.89279827 -0.95062829 0.00000000
v -16.83388513 -1.05311025 0.00000000
v -16.77302122 -1.15328741 0.00000000
v -16.71020440 -1.25115186 0.00000000
v -16.64543318 -1.34669516 0.00000000
v -16.57870682 -1.43990838 0.00000000
v -16.51002535 -1.53078221 0.00000000
v -16.43938970 -1.61930701 0.00000000
v -16.36680169 -1.70547291 0.00000000
v -16.29226409 -1.78926991 0.00000000
v -16.21578062 -1.87068800 0.00000000
v -16.13735598 -1.94971725 0.00000000
v -16.05699584 -2.02634797 0.00000000
v -15.97470674 -2.10057082 0.00000000
v -15.89049613 -2.17237692 0.00000000
v -15.80437225 -2.24175795 0.00000000
v -15.71634401 -2.30870631 0.00000000
v -15.62642098 -2.37321514 0.00000000
v -15.53461317 -2.43527844 0.00000000
v -15.44093101 -2.49489115 0.00000000
v -15.34538514 -2.55204911 0.00000000
v -15.24798634 -2.60674918 0.00000000
v -15.14874534 -2.65898917 0.00000000
v -15.04767277 -2.70876786 0.00000000
v -14.94477901 -2.75608498 0.00000000
v -14.84007408 -2.80094111 0.00000000
v -14.73356754 -2.84333770 0.00000000
v -14.62526846 -2.88327692 0.00000000
v -14.51518532 -2.92076165 0.00000000
v -14.40332594 -2.95579535 0.00000000
v -14.28969752 -2.98838201 0.00000000
v -14.17531511 -3.01826257 0.00000000
v -13.28478746 -3.23979913 0.00000000
v -13.14453962 -3.27268269 0.00000000
v -13.00412561 -3.30153655 0.00000000
v -12.86471481 -3.32607412 0.00000000
v -12.72631202 -3.34628201 0.00000000
v -12.58892392 -3.36214667 0.00000000
v -12.45255915 -3.37365468 0.00000000
v -12.31722845 -3.38079300 0.00000000
v -12.18294465 -3.38354922 0.00000000
v -12.04972271 -3.38191191 0.00000000
v -11.91757954 -3.37587087 0.00000000
v -11.78653395 -3.36541750 0.00000000
v -11.65660638 -3.35054504 0.00000000
v -11.52781863 -3.33124886 0.00000000
v -11.40019351 -3.30752663 0.00000000
v -11.27375446 -3.27937849 0.00000000
v -11.14852513 -3.24680711 0.00000000
v -11.02452890 -3.20981771 0.00000000
v -10.90178849 -3.16841793 0.00000000
v -10.78032550 -3.12261774 0.00000000
v -10.66016006 -3.07242915 0.00000000
v -10.54131048 -3.01786597 0.00000000
v -10.42379300 -2.95894346 0.00000000
v -10.30762161 -2.89567798 0.00000000
v -10.19280795 -2.82808664 0.00000000
v -10.07936121 -2.75618691 0.00000000
v -9.96728826 -2.67999631 0.00000000
v -9.85659365 -2.59953210 0.00000000
v -9.74727980 -2.51481102 0.00000000
v -9.63934718 -2.42584901 0.00000000
v -9.53279447 -2.33266111 0.00000000
v -9.42761884 -2.23526128 0.00000000
v -9.32467224 -2.13450027 0.00000000
v -7.23563186 -0.03379237 0.00000000
v -7.11428792 0.08604912 0.00000000
v -6.99206915 0.20244298 0.00000000
v -6.86840089 0.31595933 0.00000000
v -6.74328222 0.42660147 0.00000000
v -6.61671198 0.53437274 0.00000000
v -6.48868878 0.63927645 0.00000000
v -6.35921099 0.74131593 0.00000000
v -6.22827674 0.84049444 0.00000000
v -6.09588392 0.93681520 0.00000000
v -5.96203019 1.03028135 0.00000000
v -5.82671298 1.12089592 0.00000000
v -5.68992952 1.20866183 0.00000000
v -5.55167681 1.29358186 0.00000000
v -5.41195168 1.37565862 0.00000000
v -5.27075079 1.45489456 0.00000000
v -5.12807063 1.53129193 0.00000000
v -4.98390757 1.60485276 0.00000000
v -4.83825785 1.67557888 0.00000000
v -4.69111762 1.74347188 0.00000000
v -4.54248298 1.80853312 0.00000000
v -4.39234995 1.87076372 0.00000000
v -4.24071456 1.93016452 0.00000000
v -4.08757282 1.98673616 0.00000000
v -3.93292078 2.04047902 0.00000000
v -3.77675453 2.09139321 0.00000000
v -3.61907021 2.13947864 0.00000000
v -3.45986408 2.18473497 0.00000000
v -3.29913248 2.22716166 0.00000000
v -3.13687189 2.26675795 0.00000000
v -2.97307891 2.30352290 0.00000000
v -2.80775031 2.33745535 0.00000000
v -2.64008996 2.36870184 0.00000000
v -0.97998070 2.66263406 0.00000000
v -0.75867102 2.69935771 0.00000000
v -0.53946132 2.73082337 0.00000000
v -0.32139715 2.75719354 0.00000000
v -0.10447434 2.77847285 0.00000000
v 0.11131179 2.79466571 0.00000000
v 0.32596646 2.80577630 0.00000000
v 0.53949540 2.81180851 0.00000000
v 0.75190481 2.81276588 0.00000000
v 0.96320135 2.80865153 0.00000000
v 1.17339208 2.79946816 0.00000000
v 1.38248444 2.78521793 0.00000000
v 1.59048615 2.76590249 0.00000000
v 1.79740520 2.74152292 0.00000000
v 2.00324975 2.71207969 0.00000000
v 2.20802804 2.67757265 0.00000000
v 2.41174837 2.63800104 0.00000000
v 2.61441898 2.59336348 0.00000000
v 2.81604796 2.54365796 0.00000000
v 3.01664323 2.48888189 0.00000000
v 3.21621242 2.42903212 0.00000000
v 3.41476283 2.36410498 0.00000000
v 3.61230136 2.29409632 0.00000000
v 3.80883444 2.21900154 0.00000000
v 4.00436803 2.13881571 0.00000000
v 4.19890756 2.05353354 0.00000000
v 4.39245788 1.96314953 0.00000000
v 4.58502328 1.86765795 0.00000000
v 4.77660747 1.76705298 0.00000000
v 4.96721358 1.66132870 0.00000000
v 5.15684415 1.55047919 0.00000000
v 5.34550118 1.43449856 0.00000000
v 5.53399594 1.31285841 0.00000000
v 6.28468511 0.81685571 0.00000000
v 6.47380573 0.68868828 0.00000000
v 6.65702548 0.55804957 0.00000000
v 6.83521635 0.42435586 0.00000000
v 7.00838647 0.28760851 0.00000000
v 7.17654444 0.14780822 0.00000000
v 7.33969927 0.00495488 0.00000000
v 7.49786028 -0.14095247 0.00000000
v 7.65103704 -0.28991568 0.00000000
v 7.79923926 -0.44193753 0.00000000
v 7.94247671 -0.59702178 0.00000000
v 8.08075905 -0.75517313 0.00000000
v 8.21409576 -0.91639727 0.00000000
v 8.34249600 -1.08070081 0.00000000
v 8.46596851 -1.24809126 0.00000000
v 8.58452144 -1.41857695 0.00000000
v 8.69816232 -1.59216695 0.00000000
v 8.80689789 -1.76887097 0.00000000
v 8.91073408 -1.94869927 0.00000000
v 9.00967590 -2.13166248 0.00000000
v 9.10372741 -2.31777157 0.00000000
v 9.19289168 -2.50703761 0.00000000
v 9.27717080 -2.69947171 0.00000000
v 9.35656589 -2.89508487 0.00000000
v 9.43107709 -3.09388785 0.00000000
v 9.50070365 -3.29589107 0.00000000
v 9.56544394 -3.50110451 0.00000000
v 9.62529559 -3.70953761 0.00000000
v 9.68025547 -3.92119921 0.00000000
v 9.73031985 -4.13609752 0.00000000
v 9.77548448 -4.35424003 0.00000000
v 9.81574461 -4.57563350 0.00000000
v 9.85125747 -4.80131543 0.00000000
v 10.26270685 -7.63173510 0.00000000
v 10.29448853 -7.82838581 0.00000000
v 10.33196925 -8.01963068 0.00000000
v 10.37497073 -8.20411030 0.00000000
v 10.42354002 -8.38182622 0.00000000
v 10.47772811 -8.55277281 0.00000000
v 10.53758907 -8.71693521 0.00000000
v 10.60317839 -8.87428731 0.00000000
v 10.67455075 -9.02478977 0.00000000
v 10.75175688 -9.16838833 0.00000000
v 10.83483972 -9.30501298 0.00000000
v 10.92383005 -9.43457809 0.00000000
v 11.01874185 -9.55698412 0.00000000
v 11.11956810 -9.67212098 0.00000000
v 11.22627763 -9.77987315 0.00000000
v 11.33881384 -9.88012618 0.00000000
v 11.45709559 -9.97277384 0.00000000
v 11.58102072 -10.05772514 0.00000000
v 11.71047173 -10.13491000 0.00000000
v 11.84532292 -10.20428300 0.00000000
v 11.98544811 -10.26582453 0.00000000
v 12.13072774 -10.31953963 0.00000000
v 12.28105473 -10.36545470 0.00000000
v 12.43633834 -10.40361300 0.00000000
v 12.59650615 -10.43406962 0.00000000
v 12.76150430 -10.45688659 0.00000000
v 12.93129631 -10.47212858 0.00000000
v 13.10586108 -10.47985959 0.00000000
v 13.28519040 -10.48014039 0.00000000
v 13.46928636 -10.47302699 0.00000000
v 13.65815893 -10.45856975 0.00000000
v 13.85182372 -10.43681305 0.00000000
v 14.04893063 -10.40799562 0.00000000
v 14.74626514 -10.29471077 0.00000000
v 14.94267073 -10.25961698 0.00000000
v 15.13424062 -10.21884477 0.00000000
v 15.31961615 -10.17260195 0.00000000
v 15.49879195 -10.12085118 0.00000000
v 15.67175641 -10.06355329 0.00000000
v 15.83849047 -10.00066831 0.00000000
v 15.99896650 -9.93215678 0.00000000
v 16.15314734 -9.85798154 0.00000000
v 16.30098573 -9.77810982 0.00000000
v 16.44242425 -9.69251575 0.00000000
v 16.57739599 -9.60118295 0.00000000
v 16.70582604 -9.50410703 0.00000000
v 16.82763390 -9.40129779 0.00000000
v 16.94273669 -9.29278062 0.00000000
v 17.05105297 -9.17859698 0.00000000
v 17.15250683 -9.05880364 0.00000000
v 17.24703180 -8.93347065 0.00000000
v 17.33457418 -8.80267826 0.00000000
v 17.41509531 -8.66651300 0.00000000
v 17.48857267 -8.52506346 0.00000000
v 17.55499973 -8.37841606 0.00000000
v 17.61438465 -8.22665150 0.00000000
v 17.66674820 -8.06984188 0.00000000
v 17.71212109 -7.90804886 0.00000000
v 17.75054120 -7.74132276 0.00000000
v 17.78205088 -7.56970247 0.00000000
v 17.80669457 -7.39321605 0.00000000
v 17.82451684 -7.21188177 0.00000000
v 17.83556089 -7.02570943 0.00000000
v 17.83986745 -6.83470174 0.00000000
v 17.83747416 -6.63885571 0.00000000
v 17.82847734 -6.43954242 0.00000000
v 17.25915220 2.90118089 0.00000000
v 17.22006852 3.40946737 0.00000000
v 17.16565838 3.90176785 0.00000000
v 17.09598419 4.37671686 0.00000000
v 17.01099693 4.83432207 0.00000000
v 16.91064235 5.27458421 0.00000000
v 16.79486169 5.69749476 0.00000000
v 16.66359308 6.10303347 0.00000000
v 16.51677376 6.49116588 0.00000000
v 16.35434325 6.86184101 0.00000000
v 16.17624751 7.21498981 0.00000000
v 15.98244389 7.55052472 0.00000000
v 15.77290654 7.86834085 0.00000000
v 15.54763168 8.16831926 0.00000000
v 15.30664173 8.45033232 0.00000000
v 15.04998772 8.71425092 0.00000000
v 14.77774885 8.95995282 0.00000000
v 14.49002919 9.18733100 0.00000000
v 14.18695169 9.39630069 0.00000000
v 13.86865007 9.58680423 0.00000000
v 13.53526015 9.75881288 0.00000000
v 13.18691152 9.91232583 0.00000000
v 12.82372083 10.04736670 0.00000000
v 12.44578715 10.16397847 0.00000000
v 12.05318971 10.26221783 0.00000000
v 11.64598756 10.34214960 0.00000000
v 11.22422085 10.40384190 0.00000000
v 10.78791310 10.44736239 0.00000000
v 10.33707391 10.47277543 0.00000000
v 9.87170189 10.48014039 0.00000000
v 9.39178725 10.46951064 0.00000000
v 8.89731423 10.44093323 0.00000000
v 8.38963957 10.39457467 0.00000000
v 0.60061112 9.55850976 0.00000000
v 0.41806605 9.53842155 0.00000000
v 0.23546988 9.51733782 0.00000000
v 0.05306185 9.49528488 0.00000000
v -0.12915793 9.47226274 0.00000000
v -0.31118940 9.44827139 0.00000000
v -0.49303246 9.42331083 0.00000000
v -0.67468704 9.39738107 0.00000000
v -0.85615305 9.37048210 0.00000000
v -1.03743040 9.34261394 0.00000000
v -1.21851902 9.31377659 0.00000000
v -1.39941881 9.28397005 0.00000000
v -1.58012970 9.25319434 0.00000000
v -1.76065160 9.22144946 0.00000000
v -1.94098442 9.18873543 0.00000000
v -2.12112809 9.15505225 0.00000000
v -2.30108252 9.12039996 0.00000000
v -2.48084763 9.08477854 0.00000000
v -2.66042333 9.04818804 0.00000000
v -2.83980954 9.01062846 0.00000000
v -3.01900619 8.97209982 0.00000000
v -3.19801318 8.93260215 0.00000000
v -3.37683044 8.89213546 0.00000000
v -3.55545788 8.85069979 0.00000000
v -3.73389543 8.80829514 0.00000000
v -3.91214301 8.76492156 0.00000000
v -4.09020053 8.72057907 0.00000000
v -4.26806792 8.67526769 0.00000000
v -4.44574510 8.62898746 0.00000000
v -4.62323199 8.58173840 0.00000000
v -4.80052852 8.53352056 0.00000000
v -4.97763460 8.48433395 0.00000000
v -5.15431867 8.43424426 0.00000000
v -15.69171896 5.41643132 0.00000000
v -15.79069710 5.38657821 0.00000000
v -15.88857557 5.35396119 0.00000000
v -15.98415752 5.31892591 0.00000000
v -16.07743118 5.28146052 0.00000000
v -16.16838257 5.24155402 0.00000000
v -16.25699550 5.19919666 0.00000000
v -16.34325162 5.15438025 0.00000000
v -16.42713050 5.10709860 0.00000000
v -16.50860987 5.05734781 0.00000000
v -16.58766582 5.00512670 0.00000000
v -16.66427328 4.95043704 0.00000000
v -16.73840637 4.89328380 0.00000000
v -16.81003899 4.83367528 0.00000000
v -16.87914533 4.77162315 0.00000000
v -16.94570049 4.70714234 0.00000000
v -17.00968105 4.64025084 0.00000000
v -17.07106562 4.57096939 0.00000000
v -17.12983530 4.49932102 0.00000000
v -17.18597409 4.42533056 0.00000000
v -17.23946917 4.34902404 0.00000000
v -17.29031103 4.27042815 0.00000000
v -17.33849355 4.18956960 0.00000000
v -17.38401393 4.10647456 0.00000000
v -17.42687245 4.02116821 0.00000000
v -17.46707228 3.93367423 0.00000000
v -17.50461913 3.84401453 0.00000000
v -17.53952087 3.75220894 0.00000000
v -17.57178715 3.65827508 0.00000000
v -17.60142906 3.56222828 0.00000000
v -17.62845868 3.46408155 0.00000000
v -17.65288881 3.36384567 0.00000000
v -17.67447373 3.26274189 0.00000000
v -17.74451076 2.91059451 0.00000000
v -17.76355014 2.80965600 0.00000000
v -17.78061325 2.70809246 0.00000000
v -17.79553287 2.60677552 0.00000000
v -17.80830575 2.50570849 0.00000000
v -17.81892880 2.40489501 0.00000000
v -17.82739909 2.30433904 0.00000000
v -17.83371390 2.20404486 0.00000000
v -17.83787076 2.10401705 0.00000000
v -17.83986745 2.00426045 0.00000000
v -17.83970208 1.90478016 0.00000000
v -17.83737305 1.80558151 0.00000000
v -17.83287910 1.70666999 0.00000000
v -17.82621935 1.60805127 0.00000000
v -17.81739330 1.50973113 0.00000000
v -17.80640080 1.41171540 0.00000000
v -17.79324214 1.31400997 0.00000000
v -17.77791796 1.21662068 0.00000000
v -17.76042931 1.11955336 0.00000000
v -17.74077761 1.02281371 0.00000000
v -17.71896467 0.92640728 0.00000000
v -17.69499261 0.83033947 0.00000000
v -17.66886392 0.73461544 0.00000000
v -17.64058135 0.63924012 0.00000000
v -17.61014796 0.54421815 0.00000000
v -17.57756704 0.44955387 0.00000000
v -17.54284208 0.35525130 0.00000000
v -17.50597677 0.26131410 0.00000000
v -17.46697493 0.16774560 0.00000000
v -17.42584050 0.07454877 0.00000000
v -17.38257748 -0.01827380 0.00000000
v -17.33718995 -0.11071986 0.00000000
v -17.29008732 -0.20200197 0.00000000
vt -22.17597272 -0.90221938
vt -22.10474892 -1.03322565
vt -22.03193894 -1.15988175
vt -21.95688255 -1.28341862
vt -21.87958261 -1.40384682
vt -21.80004110 -1.52117761
vt -21.71825902 -1.63542287
vt -21.63423630 -1.74659502
vt -21.54797172 -1.85470693
vt -21.45946286 -1.95977174
vt -21.36870602 -2.06180280
vt -21.27569624 -2.16081346
vt -21.18042723 -2.25681694
vt -21.08289148 -2.34982617
vt -20.98308022 -2.43985361
vt -20.88098354 -2.52691109
vt -20.77659047 -2.61100970
vt -20.66988910 -2.69215959
vt -20.56086669 -2.77036990
vt -20.44950986 -2.84564861
vt -20.33580475 -2.91800250
vt -20.21973714 -2.98743709
vt -20.10129269 -3.05395658
vt -19.98045705 -3.11756389
vt -19.85721607 -3.17826063
vt -19.73155591 -3.23604718
vt -19.60346322 -3.29092276
vt -19.47292523 -3.34288544
vt -19.33992986 -3.39193232
vt -19.20446581 -3.43805957
vt -19.06652262 -3.48126257
vt -18.92609074 -3.52153599
vt -18.78181673 -3.55922526
vt -17.60031950 -3.85314631
vt -17.42293823 -3.89473646
vt -17.24890475 -3.93049882
vt -17.07665985 -3.96081550
vt -16.90619714 -3.98570438
vt -16.73750774 -4.00518350
vt -16.57058010 -4.01927076
vt -16.40539990 -4.02798356
vt -16.24195004 -4.03133843
vt -16.08021059 -4.02935063
vt -15.92015898 -4.02203373
vt -15.76177014 -4.00939922
vt -15.60501682 -3.99145609
vt -15.44986995 -3.96821054
vt -15.29629911 -3.93966567
vt -15.14427304 -3.90582129
vt -14.99376024 -3.86667384
vt -14.84472950 -3.82221637
vt -14.69715056 -3.77243867
vt -14.55099458 -3.71732746
vt -14.40623476 -3.65686672
vt -14.26284666 -3.59103805
vt -14.12080864 -3.51982110
vt -13.98010203 -3.44319404
vt -13.84071134 -3.36113409
vt -13.70262428 -3.27361793
vt -13.56583173 -3.18062220
vt -13.43032759 -3.08212388
vt -13.29610864 -2.97810069
vt -13.16317427 -2.86853133
vt -13.03152622 -2.75339577
vt -12.90116828 -2.63267541
vt -12.77096451 -2.50523589
vt -9.98633878 0.29494227
vt -9.81990355 0.45931674
vt -9.65059340 0.62055763
vt -9.47917451 0.77790475
vt -9.30564814 0.93135372
vt -9.13001580 1.08090008
vt -8.95227936 1.22653941
vt -8.77244100 1.36826729
vt -8.59050320 1.50607936
vt -8.40646879 1.63997132
vt -8.22034088 1.76993899
vt -8.03212290 1.89597834
vt -7.84181854 2.01808546
vt -7.64943180 2.13625665
vt -7.45496690 2.25048843
vt -7.25842831 2.36077754
vt -7.05982070 2.46712097
vt -6.85914891 2.56951602
vt -6.65641796 2.66796024
vt -6.45163296 2.76245152
vt -6.24479915 2.85298805
vt -6.03592179 2.93956834
vt -5.82500621 3.02219124
vt -5.61205771 3.10085593
vt -5.39708157 3.17556190
vt -5.18008301 3.24630898
vt -4.96106715 3.31309731
vt -4.74003900 3.37592732
vt -4.51700342 3.43479976
vt -4.29196512 3.48971563
vt -4.06492862 3.54067620
vt -3.83589824 3.58768298
vt -3.60593548 3.63054062
vt -1.38777378 4.02327935
vt -1.08495841 4.07352789
vt -0.78220287 4.11698582
vt -0.48077974 4.15343647
vt -0.18069457 4.18287369
vt 0.11804636 4.20529158
vt 0.41543612 4.22068456
vt 0.71146707 4.22904746
vt 1.00613093 4.23037557
vt 1.29941883 4.22466469
vt 1.59132135 4.21191127
vt 1.88182858 4.19211239
vt 2.17093022 4.16526586
vt 2.45861561 4.13137026
vt 2.74487389 4.09042495
vt 3.02969405 4.04243011
vt 3.31306503 3.98738678
vt 3.59497587 3.92529681
vt 3.87541574 3.85616285
vt 4.15437410 3.77998835
vt 4.43184078 3.69677754
vt 4.70780605 3.60653529
vt 4.98226070 3.50926715
vt 5.25519616 3.40497924
vt 5.52660447 3.29367814
vt 5.79647843 3.17537090
vt 6.06481153 3.05006486
vt 6.33159807 2.91776765
vt 6.59683310 2.77848704
vt 6.86051246 2.63223092
vt 7.12263273 2.47900718
vt 7.38319127 2.31882367
vt 7.64110639 2.15238492
vt 8.64653528 1.48806810
vt 8.90575472 1.31239455
vt 9.15944347 1.13151029
vt 9.40643889 0.94619363
vt 9.64673013 0.75644272
vt 9.88030572 0.56225665
vt 10.10715366 0.36363557
vt 10.32726152 0.16058076
vt 10.54061653 -0.04690533
vt 10.74720574 -0.25881897
vt 10.94701615 -0.47515518
vt 11.14003485 -0.69590767
vt 11.32624922 -0.92106885
vt 11.50564703 -1.15062990
vt 11.67821665 -1.38458083
vt 11.84394719 -1.62291053
vt 12.00282863 -1.86560690
vt 12.15485195 -2.11265698
vt 12.30000928 -2.36404712
vt 12.43829393 -2.61976311
vt 12.56970049 -2.87979036
vt 12.69422485 -3.14411409
vt 12.81186422 -3.41271948
vt 12.92261714 -3.68559188
vt 13.02648339 -3.96271694
vt 13.12346399 -4.24408076
vt 13.21356109 -4.52967004
vt 13.29677789 -4.81947219
vt 13.37311853 -5.11347541
vt 13.44258798 -5.41166877
vt 13.50519194 -5.71404230
vt 13.56093671 -6.02058694
vt 13.60961266 -6.32991939
vt 14.15806850 -10.10282629
vt 14.19856103 -10.35337580
vt 14.24536039 -10.59216891
vt 14.29870427 -10.82101819
vt 14.35852996 -11.03992154
vt 14.42476944 -11.24888651
vt 14.49735066 -11.44793288
vt 14.57619959 -11.63709545
vt 14.66124336 -11.81642672
vt 14.75241431 -11.98599900
vt 14.84965518 -12.14590565
vt 14.95292494 -12.29626085
vt 15.06220496 -12.43719731
vt 15.17750460 -12.56886181
vt 15.29886539 -12.69140839
vt 15.42636283 -12.80498965
vt 15.56010508 -12.90974722
vt 15.70022837 -13.00580243
vt 15.84688937 -13.09324870
vt 16.00025567 -13.17214663
vt 16.16049552 -13.24252232
vt 16.32776831 -13.30436908
vt 16.50221684 -13.35765170
vt 16.68396210 -13.40231250
vt 16.87310062 -13.43827804
vt 17.06970424 -13.46546560
vt 17.27382158 -13.48378894
vt 17.48548079 -13.49316275
vt 17.70469281 -13.49350600
vt 17.93145484 -13.48474400
vt 18.16575362 -13.46680961
vt 18.40756831 -13.43964366
vt 18.65869904 -13.40292783
vt 19.58098271 -13.25309908
vt 19.83136071 -13.20836148
vt 20.07090512 -13.15737876
vt 20.30142749 -13.09987385
vt 20.52293497 -13.03589655
vt 20.73544303 -12.96549906
vt 20.93897710 -12.88873468
vt 21.13357402 -12.80565603
vt 21.31928334 -12.71631267
vt 21.49616806 -12.62074827
vt 21.66430474 -12.51899733
vt 21.82378261 -12.41108170
vt 21.97470152 -12.29700721
vt 22.11716883 -12.17676082
vt 22.25129504 -12.05030866
vt 22.37718874 -11.91759546
vt 22.49495114 -11.77854552
vt 22.60467086 -11.63306545
vt 22.70641950 -11.48104824
vt 22.80024863 -11.32237850
vt 22.88618825 -11.15693815
vt 22.96424707 -10.98461193
vt 23.03441422 -10.80529226
vt 23.09666200 -10.61888300
vt 23.15094946 -10.42530193
vt 23.19722611 -10.22448197
vt 23.23543547 -10.01637125
vt 23.26551829 -9.80093237
vt 23.28741513 -9.57814096
vt 23.30106842 -9.34798396
vt 23.30642382 -9.11045776
vt 23.30343117 -8.86556634
vt 23.29196203 -8.61148160
vt 22.53332373 3.83523799
vt 22.48211750 4.50117925
vt 22.41138781 5.14113822
vt 22.32105142 5.75693554
vt 22.21117369 6.34856096
vt 22.08182698 6.91601353
vt 21.93308961 7.45930460
vt 21.76504410 7.97846117
vt 21.57777410 8.47352919
vt 21.37136027 8.94457664
vt 21.14587465 9.39169556
vt 20.90137413 9.81500272
vt 20.63789314 10.21463797
vt 20.35543676 10.59075989
vt 20.05397506 10.94353866
vt 19.73344003 11.27314643
vt 19.39372607 11.57974617
vt 19.03469438 11.86348060
vt 18.65618107 12.12446271
vt 18.25800783 12.36276942
vt 17.83999356 12.57843902
vt 17.40196549 12.77147261
vt 16.94376808 12.94183868
vt 16.46526922 13.08947993
vt 15.96636329 13.21432078
vt 15.44697156 13.31627481
vt 14.90704048 13.39525115
vt 14.34653871 13.45115965
vt 13.76545342 13.48391444
vt 13.16378649 13.49343640
vt 12.54155096 13.47965435
vt 11.89876784 13.44250555
vt 11.23362817 13.38176800
vt 0.85268146 12.26748971
vt 0.61120320 12.24091619
vt 0.37029527 12.21309941
vt 0.12963865 12.18400428
vt -0.11076676 12.15363081
vt -0.35092107 12.12197899
vt -0.59082439 12.08904883
vt -0.83047685 12.05484033
vt -1.06987854 12.01935347
vt -1.30902958 11.98258826
vt -1.54793009 11.94454469
vt -1.78658017 11.90522274
vt -2.02497993 11.86462240
vt -2.26312949 11.82274367
vt -2.50102897 11.77958652
vt -2.73867846 11.73515093
vt -2.97607808 11.68943690
vt -3.21322794 11.64244440
vt -3.45012816 11.59417340
vt -3.68677884 11.54462388
vt -3.92318008 11.49379582
vt -4.15933201 11.44168919
vt -4.39523473 11.38830395
vt -4.63088835 11.33364008
vt -4.86629297 11.27769755
vt -5.10144870 11.22047632
vt -5.33635565 11.16197635
vt -5.57101392 11.10219760
vt -5.80542361 11.04114004
vt -6.03958483 10.97880363
vt -6.27349769 10.91518831
vt -6.50716228 10.85029406
vt -6.74088737 10.78403330
vt -20.78690448 6.76138531
vt -20.90905382 6.72454346
vt -21.02625966 6.68548579
vt -21.14011775 6.64375144
vt -21.25064383 6.59935624
vt -21.35785652 6.55231481
vt -21.46177739 6.50264019
vt -21.56243093 6.45034327
vt -21.65984437 6.39543233
vt -21.75404741 6.33791254
vt -21.84507192 6.27778550
vt -21.93295134 6.21504885
vt -22.01772016 6.14969594
vt -22.09941320 6.08171572
vt -22.17806485 6.01109263
vt -22.25370833 5.93780676
vt -22.32637486 5.86183412
vt -22.39609296 5.78314706
vt -22.46288783 5.70171488
vt -22.52678079 5.61750447
vt -22.58778897 5.53048111
vt -22.64592501 5.44060922
vt -22.70119708 5.34785320
vt -22.75360893 5.25217814
vt -22.80316017 5.15355048
vt -22.84984658 5.05193863
vt -22.89366055 4.94731340
vt -22.93459158 4.83964833
vt -22.97262680 4.72891993
vt -23.00775144 4.61510777
vt -23.03994937 4.49819450
vt -23.06920354 4.37816574
vt -23.09584158 4.25339315
vt -23.18810529 3.78948963
vt -23.21216215 3.66195063
vt -23.23331333 3.53605393
vt -23.25178180 3.41063734
vt -23.26757187 3.28569645
vt -23.28068768 3.16122641
vt -23.29113314 3.03722194
vt -23.29891187 2.91367732
vt -23.30402716 2.79058647
vt -23.30648195 2.66794291
vt -23.30627881 2.54573986
vt -23.30341984 2.42397021
vt -23.29790671 2.30262662
vt -23.28974062 2.18170155
vt -23.27892223 2.06118730
vt -23.26545172 1.94107607
vt -23.24932873 1.82136004
vt -23.23055239 1.70203138
vt -23.20912131 1.58308236
vt -23.18503358 1.46450536
vt -23.15828681 1.34629298
vt -23.12887815 1.22843802
vt -23.09680431 1.11093359
vt -23.06206159 0.99377314
vt -23.02464593 0.87695048
vt -22.98455294 0.76045980
vt -22.94177796 0.64429578
vt -22.89631608 0.52845349
vt -22.84816219 0.41292852
vt -22.79731107 0.29771691
vt -22.74375734 0.18281520
vt -22.68749561 0.06822039
vt -22.62797995 -0.04711744
vt -22.59902062 -1.12901964
vt -22.52373102 -1.26750438
vt -22.44518017 -1.40414699
vt -22.36402830 -1.53771655
vt -22.28027254 -1.66820248
vt -22.19391091 -1.79559354
vt -22.10494242 -1.91987784
vt -22.01336714 -2.04104294
vt -21.91918627 -2.15907601
vt -21.82240226 -2.27396388
vt -21.72301878 -2.38569322
vt -21.62104082 -2.49425066
vt -21.51647465 -2.59962300
vt -21.40932778 -2.70179730
vt -21.29960899 -2.80076110
vt -21.18732818 -2.89650256
vt -21.07249633 -2.98901060
vt -20.95512535 -3.07827508
vt -20.83522797 -3.16428685
vt -20.71281756 -3.24703792
vt -20.58790802 -3.32652153
vt -20.46051353 -3.40273214
vt -20.33064845 -3.47566557
vt -20.19832712 -3.54531889
vt -20.06356370 -3.61169048
vt -19.92637202 -3.67477997
vt -19.78676543 -3.73458815
vt -19.64475672 -3.79111694
vt -19.50035795 -3.84436923
vt -19.35358042 -3.89434887
vt -19.20443459 -3.94106047
vt -19.05293002 -3.98450935
vt -18.90042015 -4.02435010
vt -17.71304995 -4.31973217
vt -17.52605283 -4.36357692
vt -17.33883414 -4.40204873
vt -17.15295308 -4.43476550
vt -16.96841603 -4.46170934
vt -16.78523189 -4.48286222
vt -16.60341219 -4.49820624
vt -16.42297126 -4.50772400
vt -16.24392621 -4.51139896
vt -16.06629694 -4.50921587
vt -15.89010605 -4.50116116
vt -15.71537860 -4.48722333
vt -15.54214184 -4.46739339
vt -15.37042484 -4.44166515
vt -15.20025801 -4.41003551
vt -15.03167262 -4.37250466
vt -14.86470017 -4.32907615
vt -14.69937186 -4.27975694
vt -14.53571798 -4.22455724
vt -14.37376733 -4.16349031
vt -14.21354674 -4.09657220
vt -14.05508063 -4.02382129
vt -13.89839066 -3.94525795
vt -13.74349549 -3.86090398
vt -13.59041060 -3.77078218
vt -13.43914828 -3.67491587
vt -13.28971768 -3.57332841
vt -13.14212486 -3.46604281
vt -12.99637307 -3.35308136
vt -12.85246290 -3.23446535
vt -12.71039263 -3.11021482
vt -12.57015845 -2.98034837
vt -12.43289632 -2.84600035
vt -9.64750914 -0.04505649
vt -9.48571723 0.11473217
vt -9.32275887 0.26992398
vt -9.15786785 0.42127911
vt -8.99104296 0.56880197
vt -8.82228264 0.71249699
vt -8.65158504 0.85236861
vt -8.47894799 0.98842124
vt -8.30436899 1.12065925
vt -8.12784523 1.24908693
vt -7.94937359 1.37370846
vt -7.76895065 1.49452789
vt -7.58657269 1.61154910
vt -7.40223574 1.72477581
vt -7.21593558 1.83421150
vt -7.02766772 1.93985942
vt -6.83742751 2.04172257
vt -6.64521009 2.13980368
vt -6.45101046 2.23410517
vt -6.25482350 2.32462918
vt -6.05664397 2.41137750
vt -5.85646660 2.49435162
vt -5.65428608 2.57355270
vt -5.45009710 2.64898155
vt -5.24389438 2.72063869
vt -5.03567270 2.78852428
vt -4.82542695 2.85263818
vt -4.61315211 2.91297996
vt -4.39884331 2.96954888
vt -4.18249585 3.02234394
vt -3.96410521 3.07136386
vt -3.74366708 3.11660714
vt -3.52011995 3.15826912
vt -1.30664093 3.55017875
vt -1.01156137 3.59914362
vt -0.71928176 3.64109783
vt -0.42852953 3.67625806
vt -0.13929913 3.70463047
vt 0.14841571 3.72622094
vt 0.43462195 3.74103507
vt 0.71932720 3.74907801
vt 1.00253975 3.75035450
vt 1.28426847 3.74486871
vt 1.56452278 3.73262421
vt 1.84331259 3.71362390
vt 2.12064820 3.68786999
vt 2.39654027 3.65536390
vt 2.67099966 3.61610625
vt 2.94403739 3.57009687
vt 3.21566450 3.51733473
vt 3.48589197 3.45781797
vt 3.75473061 3.39154394
vt 4.02219097 3.31850918
vt 4.28828323 3.23870950
vt 4.55301711 3.15213998
vt 4.81640181 3.05879509
vt 5.07844592 2.95866873
vt 5.33915738 2.85175428
vt 5.59854341 2.73804472
vt 5.85661051 2.61753270
vt 6.11336438 2.49021061
vt 6.36880996 2.35607064
vt 6.62295144 2.21510494
vt 6.87579220 2.06730558
vt 7.12733491 1.91266474
vt 7.37866125 1.75047789
vt 8.37958015 1.08914094
vt 8.63174097 0.91825104
vt 8.87603397 0.74406610
vt 9.11362180 0.56580781
vt 9.34451529 0.38347802
vt 9.56872592 0.19707763
vt 9.78626569 0.00660651
vt 9.99714703 -0.18793663
vt 10.20138272 -0.38655424
vt 10.39898569 -0.58925005
vt 10.58996895 -0.79602904
vt 10.77434540 -1.00689750
vt 10.95212768 -1.22186302
vt 11.12332800 -1.44093442
vt 11.28795801 -1.66412168
vt 11.44602859 -1.89143594
vt 11.59754976 -2.12288927
vt 11.74253053 -2.35849463
vt 11.88097878 -2.59826569
vt 12.01290120 -2.84221665
vt 12.13830321 -3.09036209
vt 12.25718890 -3.34271681
vt 12.36956107 -3.59929562
vt 12.47542119 -3.86011317
vt 12.57476945 -4.12518381
vt 12.66760486 -4.39452143
vt 12.75392526 -4.66813934
vt 12.83372745 -4.94605014
vt 12.90700729 -5.22826562
vt 12.97375981 -5.51479670
vt 13.03397930 -5.80565337
vt 13.08765948 -6.10084467
vt 13.13500996 -6.40175391
vt 13.68360913 -10.17564679
vt 13.72598471 -10.43784774
vt 13.77595900 -10.69284091
vt 13.83329431 -10.93881373
vt 13.89805335 -11.17576830
vt 13.97030415 -11.40369708
vt 14.05011876 -11.62258028
vt 14.13757119 -11.83238308
vt 14.23273434 -12.03305302
vt 14.33567583 -12.22451778
vt 14.44645296 -12.40668398
vt 14.56510674 -12.57943746
vt 14.69165580 -12.74264550
vt 14.82609079 -12.89616131
vt 14.96837018 -13.03983087
vt 15.11841845 -13.17350157
vt 15.27612745 -13.29703179
vt 15.44136096 -13.41030019
vt 15.61396231 -13.51321334
vt 15.79376390 -13.60571066
vt 15.98059747 -13.68776604
vt 16.17430366 -13.75938617
vt 16.37473964 -13.82060627
vt 16.58178445 -13.87148400
vt 16.79534153 -13.91209283
vt 17.01533906 -13.94251545
vt 17.24172841 -13.96283811
vt 17.47448143 -13.97314612
vt 17.71358719 -13.97352052
vt 17.95904848 -13.96403599
vt 18.21087857 -13.94475966
vt 18.46909829 -13.91575073
vt 18.73190750 -13.87732749
vt 19.66168685 -13.72628103
vt 19.92356098 -13.67948930
vt 20.17898750 -13.62512636
vt 20.42615487 -13.56346927
vt 20.66505593 -13.49446824
vt 20.89567522 -13.41807105
vt 21.11798730 -13.33422441
vt 21.33195534 -13.24287571
vt 21.53752979 -13.14397538
vt 21.73464764 -13.03747975
vt 21.92323233 -12.92335433
vt 22.10319465 -12.80157726
vt 22.27443472 -12.67214270
vt 22.43684520 -12.53506372
vt 22.59031559 -12.39037416
vt 22.73473729 -12.23812931
vt 22.87000910 -12.07840485
vt 22.99604240 -11.91129420
vt 23.11276558 -11.73690434
vt 23.22012708 -11.55535067
vt 23.31809689 -11.36675128
vt 23.40666630 -11.17122142
vt 23.48584620 -10.96886867
vt 23.55566427 -10.75978918
vt 23.61616146 -10.54406515
vt 23.66738827 -10.32176368
vt 23.70940118 -10.09293662
vt 23.74225943 -9.85762140
vt 23.76602246 -9.61584236
vt 23.78074785 -9.36761258
vt 23.78648994 -9.11293566
vt 23.78329888 -8.85180762
vt 23.77130312 -8.58605656
vt 23.01220293 3.86824119
vt 22.96009136 4.54595649
vt 22.88754450 5.20235714
vt 22.79464558 5.83562248
vt 22.68132924 6.44576276
vt 22.54752314 7.03277895
vt 22.39314892 7.59665968
vt 22.21812411 8.13737796
vt 22.02236501 8.65488784
vt 21.80579100 9.14912134
vt 21.56833001 9.61998641
vt 21.30992519 10.06736629
vt 21.03054206 10.49112113
vt 20.73017557 10.89109235
vt 20.40885565 11.26710976
vt 20.06665030 11.61900122
vt 19.70366513 11.94660376
vt 19.32003893 12.24977467
vt 18.91593558 12.52840092
vt 18.49153343 12.78240564
vt 18.04701354 13.01175051
vt 17.58254870 13.21643445
vt 17.09829444 13.39648893
vt 16.59438287 13.55197130
vt 16.07091962 13.68295711
vt 15.52798342 13.78953279
vt 14.96562781 13.87178920
vt 14.38388413 13.92981652
vt 13.78276522 13.96370057
vt 13.16226918 13.97352052
vt 12.52238300 13.95934752
vt 11.86308565 13.92124431
vt 11.18618610 13.85943290
vt 0.80081483 12.74467968
vt 0.55742140 12.71789540
vt 0.31395984 12.68978376
vt 0.07074914 12.66037985
vt -0.17221058 12.62968366
vt -0.41491920 12.59769519
vt -0.65737662 12.56441444
vt -0.89958272 12.52984143
vt -1.14153740 12.49397614
vt -1.38324053 12.45681859
vt -1.62469202 12.41836878
vt -1.86589175 12.37862673
vt -2.10683960 12.33759245
vt -2.34753546 12.29526595
vt -2.58797923 12.25164724
vt -2.82817079 12.20673634
vt -3.06811003 12.16053327
vt -3.30779684 12.11303806
vt -3.54723111 12.06425072
vt -3.78641272 12.01417128
vt -4.02534158 11.96279976
vt -4.26401757 11.91013620
vt -4.50244058 11.85618062
vt -4.74061051 11.80093305
vt -4.97852725 11.74439352
vt -5.21619068 11.68656208
vt -5.45360071 11.62743876
vt -5.69075723 11.56702359
vt -5.92766014 11.50531661
vt -6.16430933 11.44231787
vt -6.40070469 11.37802741
vt -6.63684614 11.31244527
vt -6.87242490 11.24565901
vt -20.92229194 7.22190843
vt -21.05426281 7.18210428
vt -21.18476742 7.13861492
vt -21.31221003 7.09190121
vt -21.43657491 7.04194735
vt -21.55784342 6.98873869
vt -21.67599400 6.93226221
vt -21.79100216 6.87250700
vt -21.90284067 6.80946480
vt -22.01147982 6.74313042
vt -22.11688776 6.67350227
vt -22.21903104 6.60058272
vt -22.31787517 6.52437840
vt -22.41338532 6.44490037
vt -22.50552711 6.36216420
vt -22.59426732 6.27618978
vt -22.67957474 6.18700112
vt -22.76142083 6.09462586
vt -22.83978040 5.99909470
vt -22.91463212 5.90044074
vt -22.98595889 5.79869872
vt -23.05374804 5.69390420
vt -23.11799141 5.58609279
vt -23.17868524 5.47529942
vt -23.23582993 5.36155761
vt -23.28942971 5.24489898
vt -23.33949217 5.12535271
vt -23.38602782 5.00294525
vt -23.42904954 4.87770011
vt -23.46857208 4.74963770
vt -23.50461158 4.61877540
vt -23.53718508 4.48512755
vt -23.56596497 4.35032252
vt -23.65934768 3.88079268
vt -23.68473352 3.74620800
vt -23.70748433 3.61078994
vt -23.72737716 3.47570069
vt -23.74440767 3.34094465
vt -23.75857174 3.20652668
vt -23.76986545 3.07245205
vt -23.77828520 2.93872648
vt -23.78382768 2.80535607
vt -23.78648994 2.67234727
vt -23.78626944 2.53970689
vt -23.78316406 2.40744201
vt -23.77717213 2.27555999
vt -23.76829247 2.14406836
vt -23.75652440 2.01297484
vt -23.74186774 1.88228720
vt -23.72432285 1.75201329
vt -23.70389061 1.62216091
vt -23.68057241 1.49273782
vt -23.65437015 1.36375161
vt -23.62528622 1.23520971
vt -23.59332348 1.10711929
vt -23.55848522 0.97948726
vt -23.52077513 0.85232017
vt -23.48019728 0.72562421
vt -23.43675605 0.59940516
vt -23.39045611 0.47366840
vt -23.34130236 0.34841880
vt -23.28929991 0.22366080
vt -23.23445400 0.09939836
vt -23.17676998 -0.02436507
vt -23.11625326 -0.14762648
vt -23.05344977 -0.26933596
vt -22.17597272 -0.90221938
vt -22.10474892 -1.03322565
vt -22.03193894 -1.15988175
vt -21.95688255 -1.28341862
vt -21.87958261 -1.40384682
vt -21.80004110 -1.52117761
vt -21.71825902 -1.63542287
vt -21.63423630 -1.74659502
vt -21.54797172 -1.85470693
vt -21.45946286 -1.95977174
vt -21.36870602 -2.06180280
vt -21.27569624 -2.16081346
vt -21.18042723 -2.25681694
vt -21.08289148 -2.34982617
vt -20.98308022 -2.43985361
vt -20.88098354 -2.52691109
vt -20.77659047 -2.61100970
vt -20.66988910 -2.69215959
vt -20.56086669 -2.77036990
vt -20.44950986 -2.84564861
vt -20.33580475 -2.91800250
vt -20.21973714 -2.98743709
vt -20.10129269 -3.05395658
vt -19.98045705 -3.11756389
vt -19.85721607 -3.17826063
vt -19.73155591 -3.23604718
vt -19.60346322 -3.29092276
vt -19.47292523 -3.34288544
vt -19.33992986 -3.39193232
vt -19.20446581 -3.43805957
vt -19.06652262 -3.48126257
vt -18.92609074 -3.52153599
vt -18.78181673 -3.55922526
vt -17.60031950 -3.85314631
vt -17.42293823 -3.89473646
vt -17.24890475 -3.93049882
vt -17.07665985 -3.96081550
vt -16.90619714 -3.98570438
vt -16.73750774 -4.00518350
vt -16.57058010 -4.01927076
vt -16.40539990 -4.02798356
vt -16.24195004 -4.03133843
vt -16.08021059 -4.02935063
vt -15.92015898 -4.02203373
vt -15.76177014 -4.00939922
vt -15.60501682 -3.99145609
vt -15.44986995 -3.96821054
vt -15.29629911 -3.93966567
vt -15.14427304 -3.90582129
vt -14.99376024 -3.86667384
vt -14.84472950 -3.82221637
vt -14.69715056 -3.77243867
vt -14.55099458 -3.71732746
vt -14.40623476 -3.65686672
vt -14.26284666 -3.59103805
vt -14.12080864 -3.51982110
vt -13.98010203 -3.44319404
vt -13.84071134 -3.36113409
vt -13.70262428 -3.27361793
vt -13.56583173 -3.18062220
vt -13.43032759 -3.08212388
vt -13.29610864 -2.97810069
vt -13.16317427 -2.86853133
vt -13.03152622 -2.75339577
vt -12.90116828 -2.63267541
vt -12.77096451 -2.50523589
vt -9.98633878 0.29494227
vt -9.81990355 0.45931674
vt -9.65059340 0.62055763
vt -9.47917451 0.77790475
vt -9.30564814 0.93135372
vt -9.13001580 1.08090008
vt -8.95227936 1.22653941
vt -8.77244100 1.36826729
vt -8.59050320 1.50607936
vt -8.40646879 1.63997132
vt -8.22034088 1.76993899
vt -8.03212290 1.89597834
vt -7.84181854 2.01808546
vt -7.64943180 2.13625665
vt -7.45496690 2.25048843
vt -7.25842831 2.36077754
vt -7.05982070 2.46712097
vt -6.85914891 2.56951602
vt -6.65641796 2.66796024
vt -6.45163296 2.76245152
vt -6.24479915 2.85298805
vt -6.03592179 2.93956834
vt -5.82500621 3.02219124
vt -5.61205771 3.10085593
vt -5.39708157 3.17556190
vt -5.18008301 3.24630898
vt -4.96106715 3.31309731
vt -4.74003900 3.37592732
vt -4.51700342 3.43479976
vt -4.29196512 3.48971563
vt -4.06492862 3.54067620
vt -3.83589824 3.58768298
vt -3.60593548 3.63054062
vt -1.38777378 4.02327935
vt -1.08495841 4.07352789
vt -0.78220287 4.11698582
vt -0.48077974 4.15343647
vt -0.18069457 4.18287369
vt 0.11804636 4.20529158
vt 0.41543612 4.22068456
vt 0.71146707 4.22904746
vt 1.00613093 4.23037557
vt 1.29941883 4.22466469
vt 1.59132135 4.21191127
vt 1.88182858 4.19211239
vt 2.17093022 4.16526586
vt 2.45861561 4.13137026
vt 2.74487389 4.09042495
vt 3.02969405 4.04243011
vt 3.31306503 3.98738678
vt 3.59497587 3.92529681
vt 3.87541574 3.85616285
vt 4.15437410 3.77998835
vt 4.43184078 3.69677754
vt 4.70780605 3.60653529
vt 4.98226070 3.50926715
vt 5.25519616 3.40497924
vt 5.52660447 3.29367814
vt 5.79647843 3.17537090
vt 6.06481153 3.05006486
vt 6.33159807 2.91776765
vt 6.59683310 2.77848704
vt 6.86051246 2.63223092
vt 7.12263273 2.47900718
vt 7.38319127 2.31882367
vt 7.64110639 2.15238492
vt 8.64653528 1.48806810
vt 8.90575472 1.31239455
vt 9.15944347 1.13151029
vt 9.40643889 0.94619363
vt 9.64673013 0.75644272
vt 9.88030572 0.56225665
vt 10.10715366 0.36363557
vt 10.32726152 0.16058076
vt 10.54061653 -0.04690533
vt 10.74720574 -0.25881897
vt 10.94701615 -0.47515518
vt 11.14003485 -0.69590767
vt 11.32624922 -0.92106885
vt 11.50564703 -1.15062990
vt 11.67821665 -1.38458083
vt 11.84394719 -1.62291053
vt 12.00282863 -1.86560690
vt 12.15485195 -2.11265698
vt 12.30000928 -2.36404712
vt 12.43829393 -2.61976311
vt 12.56970049 -2.87979036
vt 12.69422485 -3.14411409
vt 12.81186422 -3.41271948
vt 12.92261714 -3.68559188
vt 13.02648339 -3.96271694
vt 13.12346399 -4.24408076
vt 13.21356109 -4.52967004
vt 13.29677789 -4.81947219
vt 13.37311853 -5.11347541
vt 13.44258798 -5.41166877
vt 13.50519194 -5.71404230
vt 13.56093671 -6.02058694
vt 13.60961266 -6.32991939
vt 14.15806850 -10.10282629
vt 14.19856103 -10.35337580
vt 14.24536039 -10.59216891
vt 14.29870427 -10.82101819
vt 14.35852996 -11.03992154
vt 14.42476944 -11.24888651
vt 14.49735066 -11.44793288
vt 14.57619959 -11.63709545
vt 14.66124336 -11.81642672
vt 14.75241431 -11.98599900
vt 14.84965518 -12.14590565
vt 14.95292494 -12.29626085
vt 15.06220496 -12.43719731
vt 15.17750460 -12.56886181
vt 15.29886539 -12.69140839
vt 15.42636283 -12.80498965
vt 15.56010508 -12.90974722
vt 15.70022837 -13.00580243
vt 15.84688937 -13.09324870
vt 16.00025567 -13.17214663
vt 16.16049552 -13.24252232
vt 16.32776831 -13.30436908
vt 16.50221684 -13.35765170
vt 16.68396210 -13.40231250
vt 16.87310062 -13.43827804
vt 17.06970424 -13.46546560
vt 17.27382158 -13.48378894
vt 17.48548079 -13.49316275
vt 17.70469281 -13.49350600
vt 17.93145484 -13.48474400
vt 18.16575362 -13.46680961
vt 18.40756831 -13.43964366
vt 18.65869904 -13.40292783
vt 19.58098271 -13.25309908
vt 19.83136071 -13.20836148
vt 20.07090512 -13.15737876
vt 20.30142749 -13.09987385
vt 20.52293497 -13.03589655
vt 20.73544303 -12.96549906
vt 20.93897710 -12.88873468
vt 21.13357402 -12.80565603
vt 21.31928334 -12.71631267
vt 21.49616806 -12.62074827
vt 21.66430474 -12.51899733
vt 21.82378261 -12.41108170
vt 21.97470152 -12.29700721
vt 22.11716883 -12.17676082
vt 22.25129504 -12.05030866
vt 22.37718874 -11.91759546
vt 22.49495114 -11.77854552
vt 22.60467086 -11.63306545
vt 22.70641950 -11.48104824
vt 22.80024863 -11.32237850
vt 22.88618825 -11.15693815
vt 22.96424707 -10.98461193
vt 23.03441422 -10.80529226
vt 23.09666200 -10.61888300
vt 23.15094946 -10.42530193
vt 23.19722611 -10.22448197
vt 23.23543547 -10.01637125
vt 23.26551829 -9.80093237
vt 23.28741513 -9.57814096
vt 23.30106842 -9.34798396
vt 23.30642382 -9.11045776
vt 23.30343117 -8.86556634
vt 23.29196203 -8.61148160
vt 22.53332373 3.83523799
vt 22.48211750 4.50117925
vt 22.41138781 5.14113822
vt 22.32105142 5.75693554
vt 22.21117369 6.34856096
vt 22.08182698 6.91601353
vt 21.93308961 7.45930460
vt 21.76504410 7.97846117
vt 21.57777410 8.47352919
vt 21.37136027 8.94457664
vt 21.14587465 9.39169556
vt 20.90137413 9.81500272
vt 20.63789314 10.21463797
vt 20.35543676 10.59075989
vt 20.05397506 10.94353866
vt 19.73344003 11.27314643
vt 19.39372607 11.57974617
vt 19.03469438 11.86348060
vt 18.65618107 12.12446271
vt 18.25800783 12.36276942
vt 17.83999356 12.57843902
vt 17.40196549 12.77147261
vt 16.94376808 12.94183868
vt 16.46526922 13.08947993
vt 15.96636329 13.21432078
vt 15.44697156 13.31627481
vt 14.90704048 13.39525115
vt 14.34653871 13.45115965
vt 13.76545342 13.48391444
vt 13.16378649 13.49343640
vt 12.54155096 13.47965435
vt 11.89876784 13.44250555
vt 11.23362817 13.38176800
vt 0.85268146 12.26748971
vt 0.61120320 12.24091619
vt 0.37029527 12.21309941
vt 0.12963865 12.18400428
vt -0.11076676 12.15363081
vt -0.35092107 12.12197899
vt -0.59082439 12.08904883
vt -0.83047685 12.05484033
vt -1.06987854 12.01935347
vt -1.30902958 11.98258826
vt -1.54793009 11.94454469
vt -1.78658017 11.90522274
vt -2.02497993 11.86462240
vt -2.26312949 11.82274367
vt -2.50102897 11.77958652
vt -2.73867846 11.73515093
vt -2.97607808 11.68943690
vt -3.21322794 11.64244440
vt -3.45012816 11.59417340
vt -3.68677884 11.54462388
vt -3.92318008 11.49379582
vt -4.15933201 11.44168919
vt -4.39523473 11.38830395
vt -4.63088835 11.33364008
vt -4.86629297 11.27769755
vt -5.10144870 11.22047632
vt -5.33635565 11.16197635
vt -5.57101392 11.10219760
vt -5.80542361 11.04114004
vt -6.03958483 10.97880363
vt -6.27349769 10.91518831
vt -6.50716228 10.85029406
vt -6.74088737 10.78403330
vt -20.78690448 6.76138531
vt -20.90905382 6.72454346
vt -21.02625966 6.68548579
vt -21.14011775 6.64375144
vt -21.25064383 6.59935624
vt -21.35785652 6.55231481
vt -21.46177739 6.50264019
vt -21.56243093 6.45034327
vt -21.65984437 6.39543233
vt -21.75404741 6.33791254
vt -21.84507192 6.27778550
vt -21.93295134 6.21504885
vt -22.01772016 6.14969594
vt -22.09941320 6.08171572
vt -22.17806485 6.01109263
vt -22.25370833 5.93780676
vt -22.32637486 5.86183412
vt -22.39609296 5.78314706
vt -22.46288783 5.70171488
vt -22.52678079 5.61750447
vt -22.58778897 5.53048111
vt -22.64592501 5.44060922
vt -22.70119708 5.34785320
vt -22.75360893 5.25217814
vt -22.80316017 5.15355048
vt -22.84984658 5.05193863
vt -22.89366055 4.94731340
vt -22.93459158 4.83964833
vt -22.97262680 4.72891993
vt -23.00775144 4.61510777
vt -23.03994937 4.49819450
vt -23.06920354 4.37816574
vt -23.09584158 4.25339315
vt -23.18810529 3.78948963
vt -23.21216215 3.66195063
vt -23.23331333 3.53605393
vt -23.25178180 3.41063734
vt -23.26757187 3.28569645
vt -23.28068768 3.16122641
vt -23.29113314 3.03722194
vt -23.29891187 2.91367732
vt -23.30402716 2.79058647
vt -23.30648195 2.66794291
vt -23.30627881 2.54573986
vt -23.30341984 2.42397021
vt -23.29790671 2.30262662
vt -23.28974062 2.18170155
vt -23.27892223 2.06118730
vt -23.26545172 1.94107607
vt -23.24932873 1.82136004
vt -23.23055239 1.70203138
vt -23.20912131 1.58308236
vt -23.18503358 1.46450536
vt -23.15828681 1.34629298
vt -23.12887815 1.22843802
vt -23.09680431 1.11093359
vt -23.06206159 0.99377314
vt -23.02464593 0.87695048
vt -22.98455294 0.76045980
vt -22.94177796 0.64429578
vt -22.89631608 0.52845349
vt -22.84816219 0.41292852
vt -22.79731107 0.29771691
vt -22.74375734 0.18281520
vt -22.68749561 0.06822039
vt -22.62797995 -0.04711744
vt -22.59902062 -1.12901964
vt -22.52373102 -1.26750438
vt -22.44518017 -1.40414699
vt -22.36402830 -1.53771655
vt -22.28027254 -1.66820248
vt -22.19391091 -1.79559354
vt -22.10494242 -1.91987784
vt -22.01336714 -2.04104294
vt -21.91918627 -2.15907601
vt -21.82240226 -2.27396388
vt -21.72301878 -2.38569322
vt -21.62104082 -2.49425066
vt -21.51647465 -2.59962300
vt -21.40932778 -2.70179730
vt -21.29960899 -2.80076110
vt -21.18732818 -2.89650256
vt -21.07249633 -2.98901060
vt -20.95512535 -3.07827508
vt -20.83522797 -3.16428685
vt -20.71281756 -3.24703792
vt -20.58790802 -3.32652153
vt -20.46051353 -3.40273214
vt -20.33064845 -3.47566557
vt -20.19832712 -3.54531889
vt -20.06356370 -3.61169048
vt -19.92637202 -3.67477997
vt -19.78676543 -3.73458815
vt -19.64475672 -3.79111694
vt -19.50035795 -3.84436923
vt -19.35358042 -3.89434887
vt -19.20443459 -3.94106047
vt -19.05293002 -3.98450935
vt -18.90042015 -4.02435010
vt -17.71304995 -4.31973217
vt -17.52605283 -4.36357692
vt -17.33883414 -4.40204873
vt -17.15295308 -4.43476550
vt -16.96841603 -4.46170934
vt -16.78523189 -4.48286222
vt -16.60341219 -4.49820624
vt -16.42297126 -4.50772400
vt -16.24392621 -4.51139896
vt -16.06629694 -4.50921587
vt -15.89010605 -4.50116116
vt -15.71537860 -4.48722333
vt -15.54214184 -4.46739339
vt -15.37042484 -4.44166515
vt -15.20025801 -4.41003551
vt -15.03167262 -4.37250466
vt -14.86470017 -4.32907615
vt -14.69937186 -4.27975694
vt -14.53571798 -4.22455724
vt -14.37376733 -4.16349031
vt -14.21354674 -4.09657220
vt -14.05508063 -4.02382129
vt -13.89839066 -3.94525795
vt -13.74349549 -3.86090398
vt -13.59041060 -3.77078218
vt -13.43914828 -3.67491587
vt -13.28971768 -3.57332841
vt -13.14212486 -3.46604281
vt -12.99637307 -3.35308136
vt -12.85246290 -3.23446535
vt -12.71039263 -3.11021482
vt -12.57015845 -2.98034837
vt -12.43289632 -2.84600035
vt -9.64750914 -0.04505649
vt -9.48571723 0.11473217
vt -9.32275887 0.26992398
vt -9.15786785 0.42127911
vt -8.99104296 0.56880197
vt -8.82228264 0.71249699
vt -8.65158504 0.85236861
vt -8.47894799 0.98842124
vt -8.30436899 1.12065925
vt -8.12784523 1.24908693
vt -7.94937359 1.37370846
vt -7.76895065 1.49452789
vt -7.58657269 1.61154910
vt -7.40223574 1.72477581
vt -7.21593558 1.83421150
vt -7.02766772 1.93985942
vt -6.83742751 2.04172257
vt -6.64521009 2.13980368
vt -6.45101046 2.23410517
vt -6.25482350 2.32462918
vt -6.05664397 2.41137750
vt -5.85646660 2.49435162
vt -5.65428608 2.57355270
vt -5.45009710 2.64898155
vt -5.24389438 2.72063869
vt -5.03567270 2.78852428
vt -4.82542695 2.85263818
vt -4.61315211 2.91297996
vt -4.39884331 2.96954888
vt -4.18249585 3.02234394
vt -3.96410521 3.07136386
vt -3.74366708 3.11660714
vt -3.52011995 3.15826912
vt -1.30664093 3.55017875
vt -1.01156137 3.59914362
vt -0.71928176 3.64109783
vt -0.42852953 3.67625806
vt -0.13929913 3.70463047
vt 0.14841571 3.72622094
vt 0.43462195 3.74103507
vt 0.71932720 3.74907801
vt 1.00253975 3.75035450
vt 1.28426847 3.74486871
vt 1.56452278 3.73262421
vt 1.84331259 3.71362390
vt 2.12064820 3.68786999
vt 2.39654027 3.65536390
vt 2.67099966 3.61610625
vt 2.94403739 3.57009687
vt 3.21566450 3.51733473
vt 3.48589197 3.45781797
vt 3.75473061 3.39154394
vt 4.02219097 3.31850918
vt 4.28828323 3.23870950
vt 4.55301711 3.15213998
vt 4.81640181 3.05879509
vt 5.07844592 2.95866873
vt 5.33915738 2.85175428
vt 5.59854341 2.73804472
vt 5.85661051 2.61753270
vt 6.11336438 2.49021061
vt 6.36880996 2.35607064
vt 6.62295144 2.21510494
vt 6.87579220 2.06730558
vt 7.12733491 1.91266474
vt 7.37866125 1.75047789
vt 8.37958015 1.08914094
vt 8.63174097 0.91825104
vt 8.87603397 0.74406610
vt 9.11362180 0.56580781
vt 9.34451529 0.38347802
vt 9.56872592 0.19707763
vt 9.78626569 0.00660651
vt 9.99714703 -0.18793663
vt 10.20138272 -0.38655424
vt 10.39898569 -0.58925005
vt 10.58996895 -0.79602904
vt 10.77434540 -1.00689750
vt 10.95212768 -1.22186302
vt 11.12332800 -1.44093442
vt 11.28795801 -1.66412168
vt 11.44602859 -1.89143594
vt 11.59754976 -2.12288927
vt 11.74253053 -2.35849463
vt 11.88097878 -2.59826569
vt 12.01290120 -2.84221665
vt 12.13830321 -3.09036209
vt 12.25718890 -3.34271681
vt 12.36956107 -3.59929562
vt 12.47542119 -3.86011317
vt 12.57476945 -4.12518381
vt 12.66760486 -4.39452143
vt 12.75392526 -4.66813934
vt 12.83372745 -4.94605014
vt 12.90700729 -5.22826562
vt 12.97375981 -5.51479670
vt 13.03397930 -5.80565337
vt 13.08765948 -6.10084467
vt 13.13500996 -6.40175391
vt 13.68360913 -10.17564679
vt 13.72598471 -10.43784774
vt 13.77595900 -10.69284091
vt 13.83329431 -10.93881373
vt 13.89805335 -11.17576830
vt 13.97030415 -11.40369708
vt 14.05011876 -11.62258028
vt 14.13757119 -11.83238308
vt 14.23273434 -12.03305302
vt 14.33567583 -12.22451778
vt 14.44645296 -12.40668398
vt 14.56510674 -12.57943746
vt 14.69165580 -12.74264550
vt 14.82609079 -12.89616131
vt 14.96837018 -13.03983087
vt 15.11841845 -13.17350157
vt 15.27612745 -13.29703179
vt 15.44136096 -13.41030019
vt 15.61396231 -13.51321334
vt 15.79376390 -13.60571066
vt 15.98059747 -13.68776604
vt 16.17430366 -13.75938617
vt 16.37473964 -13.82060627
vt 16.58178445 -13.87148400
vt 16.79534153 -13.91209283
vt 17.01533906 -13.94251545
vt 17.24172841 -13.96283811
vt 17.47448143 -13.97314612
vt 17.71358719 -13.97352052
vt 17.95904848 -13.96403599
vt 18.21087857 -13.94475966
vt 18.46909829 -13.91575073
vt 18.73190750 -13.87732749
vt 19.66168685 -13.72628103
vt 19.92356098 -13.67948930
vt 20.17898750 -13.62512636
vt 20.42615487 -13.56346927
vt 20.66505593 -13.49446824
vt 20.89567522 -13.41807105
vt 21.11798730 -13.33422441
vt 21.33195534 -13.24287571
vt 21.53752979 -13.14397538
vt 21.73464764 -13.03747975
vt 21.92323233 -12.92335433
vt 22.10319465 -12.80157726
vt 22.27443472 -12.67214270
vt 22.43684520 -12.53506372
vt 22.59031559 -12.39037416
vt 22.73473729 -12.23812931
vt 22.87000910 -12.07840485
vt 22.99604240 -11.91129420
vt 23.11276558 -11.73690434
vt 23.22012708 -11.55535067
vt 23.31809689 -11.36675128
vt 23.40666630 -11.17122142
vt 23.48584620 -10.96886867
vt 23.55566427 -10.75978918
vt 23.61616146 -10.54406515
vt 23.66738827 -10.32176368
vt 23.70940118 -10.09293662
vt 23.74225943 -9.85762140
vt 23.76602246 -9.61584236
vt 23.78074785 -9.36761258
vt 23.78648994 -9.11293566
vt 23.78329888 -8.85180762
vt 23.77130312 -8.58605656
vt 23.01220293 3.86824119
vt 22.96009136 4.54595649
vt 22.88754450 5.20235714
vt 22.79464558 5.83562248
vt 22.68132924 6.44576276
vt 22.54752314 7.03277895
vt 22.39314892 7.59665968
vt 22.21812411 8.13737796
vt 22.02236501 8.65488784
vt 21.80579100 9.14912134
vt 21.56833001 9.61998641
vt 21.30992519 10.06736629
vt 21.03054206 10.49112113
vt 20.73017557 10.89109235
vt 20.40885565 11.26710976
vt 20.06665030 11.61900122
vt 19.70366513 11.94660376
vt 19.32003893 12.24977467
vt 18.91593558 12.52840092
vt 18.49153343 12.78240564
vt 18.04701354 13.01175051
vt 17.58254870 13.21643445
vt 17.09829444 13.39648893
vt 16.59438287 13.55197130
vt 16.07091962 13.68295711
vt 15.52798342 13.78953279
vt 14.96562781 13.87178920
vt 14.38388413 13.92981652
vt 13.78276522 13.96370057
vt 13.16226918 13.97352052
vt 12.52238300 13.95934752
vt 11.86308565 13.92124431
vt 11.18618610 13.85943290
vt 0.80081483 12.74467968
vt 0.55742140 12.71789540
vt 0.31395984 12.68978376
vt 0.07074914 12.66037985
vt -0.17221058 12.62968366
vt -0.41491920 12.59769519
vt -0.65737662 12.56441444
vt -0.89958272 12.52984143
vt -1.14153740 12.49397614
vt -1.38324053 12.45681859
vt -1.62469202 12.41836878
vt -1.86589175 12.37862673
vt -2.10683960 12.33759245
vt -2.34753546 12.29526595
vt -2.58797923 12.25164724
vt -2.82817079 12.20673634
vt -3.06811003 12.16053327
vt -3.30779684 12.11303806
vt -3.54723111 12.06425072
vt -3.78641272 12.01417128
vt -4.02534158 11.96279976
vt -4.26401757 11.91013620
vt -4.50244058 11.85618062
vt -4.74061051 11.80093305
vt -4.97852725 11.74439352
vt -5.21619068 11.68656208
vt -5.45360071 11.62743876
vt -5.69075723 11.56702359
vt -5.92766014 11.50531661
vt -6.16430933 11.44231787
vt -6.40070469 11.37802741
vt -6.63684614 11.31244527
vt -6.87242490 11.24565901
vt -20.92229194 7.22190843
vt -21.05426281 7.18210428
vt -21.18476742 7.13861492
vt -21.31221003 7.09190121
vt -21.43657491 7.04194735
vt -21.55784342 6.98873869
vt -21.67599400 6.93226221
vt -21.79100216 6.87250700
vt -21.90284067 6.80946480
vt -22.01147982 6.74313042
vt -22.11688776 6.67350227
vt -22.21903104 6.60058272
vt -22.31787517 6.52437840
vt -22.41338532 6.44490037
vt -22.50552711 6.36216420
vt -22.59426732 6.27618978
vt -22.67957474 6.18700112
vt -22.76142083 6.09462586
vt -22.83978040 5.99909470
vt -22.91463212 5.90044074
vt -22.98595889 5.79869872
vt -23.05374804 5.69390420
vt -23.11799141 5.58609279
vt -23.17868524 5.47529942
vt -23.23582993 5.36155761
vt -23.28942971 5.24489898
vt -23.33949217 5.12535271
vt -23.38602782 5.00294525
vt -23.42904954 4.87770011
vt -23.46857208 4.74963770
vt -23.50461158 4.61877540
vt -23.53718508 4.48512755
vt -23.56596497 4.35032252
vt -23.65934768 3.88079268
vt -23.68473352 3.74620800
vt -23.70748433 3.61078994
vt -23.72737716 3.47570069
vt -23.74440767 3.34094465
vt -23.75857174 3.20652668
vt -23.76986545 3.07245205
vt -23.77828520 2.93872648
vt -23.78382768 2.80535607
vt -23.78648994 2.67234727
vt -23.78626944 2.53970689
vt -23.78316406 2.40744201
vt -23.77717213 2.27555999
vt -23.76829247 2.14406836
vt -23.75652440 2.01297484
vt -23.74186774 1.88228720
vt -23.72432285 1.75201329
vt -23.70389061 1.62216091
vt -23.68057241 1.49273782
vt -23.65437015 1.36375161
vt -23.62528622 1.23520971
vt -23.59332348 1.10711929
vt -23.55848522 0.97948726
vt -23.52077513 0.85232017
vt -23.48019728 0.72562421
vt -23.43675605 0.59940516
vt -23.39045611 0.47366840
vt -23.34130236 0.34841880
vt -23.28929991 0.22366080
vt -23.23445400 0.09939836
vt -23.17676998 -0.02436507
vt -23.11625326 -0.14762648
vt -23.05344977 -0.26933596
vn 0.00000000 0.00000000 1.00000000
f 1/1/1 365/365/1 2/2/1
f 1/1/1 364/364/1 365/365/1
f 727/727/1 728/728/1 1091/1091/1
f 727/727/1 1091/1091/1 1090/1090/1
f 1/1/1 728/728/1 2/2/1
f 1/1/1 727/727/1 728/728/1
f 364/364/1 365/365/1 1091/1091/1
f 364/364/1 1091/1091/1 1090/1090/1
f 2/2/1 366/366/1 3/3/1
f 2/2/1 365/365/1 366/366/1
f 728/728/1 729/729/1 1092/1092/1
f 728/728/1 1092/1092/1 1091/1091/1
f 2/2/1 729/729/1 3/3/1
f 2/2/1 728/728/1 729/729/1
f 365/365/1 366/366/1 1092/1092/1
f 365/365/1 1092/1092/1 1091/1091/1
f 3/3/1 367/367/1 4/4/1
f 3/3/1 366/366/1 367/367/1
f 729/729/1 730/730/1 1093/1093/1
f 729/729/1 1093/1093/1 1092/1092/1
f 3/3/1 730/730/1 4/4/1
f 3/3/1 729/729/1 730/730/1
f 366/366/1 367/367/1 1093/1093/1
f 366/366/1 1093/1093/1 1092/1092/1
f 4/4/1 368/368/1 5/5/1
f 4/4/1 367/367/1 368/368/1
f 730/730/1 731/731/1 1094/1094/1
f 730/730/1 1094/1094/1 1093/1093/1
f 4/4/1 731/731/1 5/5/1
f 4/4/1 730/730/1 731/731/1
f 367/367/1 368/368/1 1094/1094/1
f 367/367/1 1094/1094/1 1093/1093/1
f 5/5/1 369/369/1 6/6/1
f 5/5/1 368/368/1 369/369/1
f 731/731/1 732/732/1 1095/1095/1
f 731/731/1 1095/1095/1 1094/1094/1
f 5/5/1 732/732/1 6/6/1
f 5/5/1 731/731/1 732/732/1
f 368/368/1 369/369/1 1095/1095/1
f 368/368/1 1095/1095/1 1094/1094/1
f 6/6/1 370/370/1 7/7/1
f 6/6/1 369/369/1 370/370/1
f 732/732/1 733/733/1 1096/1096/1
f 732/732/1 1096/1096/1 1095/1095/1
f 6/6/1 733/733/1 7/7/1
f 6/6/1 732/732/1 733/733/1
f 369/369/1 370/370/1 1096/1096/1
f 369/369/1 1096/1096/1 1095/1095/1
f 7/7/1 371/371/1 8/8/1
f 7/7/1 370/370/1 371/371/1
f 733/733/1 734/734/1 1097/1097/1
f 733/733/1 1097/1097/1 1096/1096/1
f 7/7/1 734/734/1 8/8/1
f 7/7/1 733/733/1 734/734/1
f 370/370/1 371/371/1 1097/1097/1
f 370/370/1 1097/1097/1 1096/1096/1
f 8/8/1 372/372/1 9/9/1
f 8/8/1 371/371/1 372/372/1
f 734/734/1 735/735/1 1098/1098/1
f 734/734/1 1098/1098/1 1097/1097/1
f 8/8/1 735/735/1 9/9/1
f 8/8/1 734/734/1 735/735/1
f 371/371/1 372/372/1 1098/1098/1
f 371/371/1 1098/1098/1 1097/1097/1
f 9/9/1 373/373/1 10/10/1
f 9/9/1 372/372/1 373/373/1
f 735/735/1 736/736/1 1099/1099/1
f 735/735/1 1099/1099/1 1098/1098/1
f 9/9/1 736/736/1 10/10/1
f 9/9/1 735/735/1 736/736/1
f 372/372/1 373/373/1 1099/1099/1
f 372/372/1 1099/1099/1 1098/1098/1
f 10/10/1 374/374/1 11/11/1
f 10/10/1 373/373/1 374/374/1
f 736/736/1 737/737/1 1100/1100/1
f 736/736/1 1100/1100/1 1099/1099/1
f 10/10/1 737/737/1 11/11/1
f 10/10/1 736/736/1 737/737/1
f 373/373/1 374/374/1 1100/1100/1
f 373/373/1 1100/1100/1 1099/1099/1
f 11/11/1 375/375/1 12/12/1
f 11/11/1 374/374/1 375/375/1
f 737/737/1 738/738/1 1101/1101/1
f 737/737/1 1101/1101/1 1100/1100/1
f 11/11/1 738/738/1 12/12/1
f 11/11/1 737/737/1 738/738/1
f 374/374/1 375/375/1 1101/1101/1
f 374/374/1 1101/1101/1 1100/1100/1
f 12/12/1 376/376/1 13/13/1
f 12/12/1 375/375/1 376/376/1
f 738/738/1 739/739/1 1102/1102/1
f 738/738/1 1102/1102/1 1101/1101/1
f 12/12/1 739/739/1 13/13/1
f 12/12/1 738/738/1 739/739/1
f 375/375/1 376/376/1 1102/1102/1
f 375/375/1 1102/1102/1 1101/1101/1
f 13/13/1 377/377/1 14/14/1
f 13/13/1 376/376/1 377/377/1
f 739/739/1 740/740/1 1103/1103/1
f 739/739/1 1103/1103/1 1102/1102/1
f 13/13/1 740/740/1 14/14/1
f 13/13/1 739/739/1 740/740/1
f 376/376/1 377/377/1 1103/1103/1
f 376/376/1 1103/1103/1 1102/1102/1
f 14/14/1 378/378/1 15/15/1
f 14/14/1 377/377/1 378/378/1
f 740/740/1 741/741/1 1104/1104/1
f 740/740/1 1104/1104/1 1103/1103/1
f 14/14/1 741/741/1 15/15/1
f 14/14/1 740/740/1 741/741/1
f 377/377/1 378/378/1 1104/1104/1
f 377/377/1 1104/1104/1 1103/1103/1
f 15/15/1 379/379/1 16/16/1
f 15/15/1 378/378/1 379/379/1
f 741/741/1 742/742/1 1105/1105/1
f 741/741/1 1105/1105/1 1104/1104/1
f 15/15/1 742/742/1 16/16/1
f 15/15/1 741/741/1 742/742/1
f 378/378/1 379/379/1 1105/1105/1
f 378/378/1 1105/1105/1 1104/1104/1
f 16/16/1 380/380/1 17/17/1
f 16/16/1 379/379/1 380/380/1
f 742/742/1 743/743/1 1106/1106/1
f 742/742/1 1106/1106/1 1105/1105/1
f 16/16/1 743/743/1 17/17/1
f 16/16/1 742/742/1 743/743/1
f 379/379/1 380/380/1 1106/1106/1
f 379/379/1 1106/1106/1 1105/1105/1
f 17/17/1 381/381/1 18/18/1
f 17/17/1 380/380/1 381/381/1
f 743/743/1 744/744/1 1107/1107/1
f 743/743/1 1107/1107/1 1106/1106/1
f 17/17/1 744/744/1 18/18/1
f 17/17/1 743/743/1 744/744/1
f 380/380/1 381/381/1 1107/1107/1
f 380/380/1 1107/1107/1 1106/1106/1
f 18/18/1 382/382/1 19/19/1
f 18/18/1 381/381/1 382/382/1
f 744/744/1 745/745/1 1108/1108/1
f 744/744/1 1108/1108/1 1107/1107/1
f 18/18/1 745/745/1 19/19/1
f 18/18/1 744/744/1 745/745/1
f 381/381/1 382/382/1 1108/1108/1
f 381/381/1 1108/1108/1 1107/1107/1
f 19/19/1 383/383/1 20/20/1
f 19/19/1 382/382/1 383/383/1
f 745/745/1 746/746/1 1109/1109/1
f 745/745/1 1109/1109/1 1108/1108/1
f 19/19/1 746/746/1 20/20/1
f 19/19/1 745/745/1 746/746/1
f 382/382/1 383/383/1 1109/1109/1
f 382/382/1 1109/1109/1 1108/1108/1
f 20/20/1 384/384/1 21/21/1
f 20/20/1 383/383/1 384/384/1
f 746/746/1 747/747/1 1110/1110/1
f 746/746/1 1110/1110/1 1109/1109/1
f 20/20/1 747/747/1 21/21/1
f 20/20/1 746/746/1 747/747/1
f 383/383/1 384/384/1 1110/1110/1
f 383/383/1 1110/1110/1 1109/1109/1
f 21/21/1 385/385/1 22/22/1
f 21/21/1 384/384/1 385/385/1
f 747/747/1 748/748/1 1111/1111/1
f 747/747/1 1111/1111/1 1110/1110/1
f 21/21/1 748/748/1 22/22/1
f 21/21/1 747/747/1 748/748/1
f 384/384/1 385/385/1 1111/1111/1
f 384/384/1 1111/1111/1 1110/1110/1
f 22/22/1 386/386/1 23/23/1
f 22/22/1 385/385/1 386/386/1
f 748/748/1 749/749/1 1112/1112/1
f 748/748/1 1112/1112/1 1111/1111/1
f 22/22/1 749/749/1 23/23/1
f 22/22/1 748/748/1 749/749/1
f 385/385/1 386/386/1 1112/1112/1
f 385/385/1 1112/1112/1 1111/1111/1
f 23/23/1 387/387/1 24/24/1
f 23/23/1 386/386/1 387/387/1
f 749/749/1 750/750/1 1113/1113/1
f 749/749/1 1113/1113/1 1112/1112/1
f 23/23/1 750/750/1 24/24/1
f 23/23/1 749/749/1 750/750/1
f 386/386/1 387/387/1 1113/1113/1
f 386/386/1 1113/1113/1 1112/1112/1
f 24/24/1 388/388/1 25/25/1
f 24/24/1 387/387/1 388/388/1
f 750/750/1 751/751/1 1114/1114/1
f 750/750/1 1114/1114/1 1113/1113/1
f 24/24/1 751/751/1 25/25/1
f 24/24/1 750/750/1 751/751/1
f 387/387/1 388/388/1 1114/1114/1
f 387/387/1 1114/1114/1 1113/1113/1
f 25/25/1 389/389/1 26/26/1
f 25/25/1 388/388/1 389/389/1
f 751/751/1 752/752/1 1115/1115/1
f 751/751/1 1115/1115/1 1114/1114/1
f 25/25/1 752/752/1 26/26/1
f 25/25/1 751/751/1 752/752/1
f 388/388/1 389/389/1 1115/1115/1
f 388/388/1 1115/1115/1 1114/1114/1
f 26/26/1 390/390/1 27/27/1
f 26/26/1 389/389/1 390/390/1
f 752/752/1 753/753/1 1116/1116/1
f 752/752/1 1116/1116/1 1115/1115/1
f 26/26/1 753/753/1 27/27/1
f 26/26/1 752/752/1 753/753/1
f 389/389/1 390/390/1 1116/1116/1
f 389/389/1 1116/1116/1 1115/1115/1
f 27/27/1 391/391/1 28/28/1
f 27/27/1 390/390/1 391/391/1
f 753/753/1 754/754/1 1117/1117/1
f 753/753/1 1117/1117/1 1116/1116/1
f 27/27/1 754/754/1 28/28/1
f 27/27/1 753/753/1 754/754/1
f 390/390/1 391/391/1 1117/1117/1
f 390/390/1 1117/1117/1 1116/1116/1
f 28/28/1 392/392/1 29/29/1
f 28/28/1 391/391/1 392/392/1
f 754/754/1 755/755/1 1118/1118/1
f 754/754/1 1118/1118/1 1117/1117/1
f 28/28/1 755/755/1 29/29/1
f 28/28/1 754/754/1 755/755/1
f 391/391/1 392/392/1 1118/1118/1
f 391/391/1 1118/1118/1 1117/1117/1
f 29/29/1 393/393/1 30/30/1
f 29/29/1 392/392/1 393/393/1
f 755/755/1 756/756/1 1119/1119/1
f 755/755/1 1119/1119/1 1118/1118/1
f 29/29/1 756/756/1 30/30/1
f 29/29/1 755/755/1 756/756/1
f 392/392/1 393/393/1 1119/1119/1
f 392/392/1 1119/1119/1 1118/1118/1
f 30/30/1 394/394/1 31/31/1
f 30/30/1 393/393/1 394/394/1
f 756/756/1 757/757/1 1120/1120/1
f 756/756/1 1120/1120/1 1119/1119/1
f 30/30/1 757/757/1 31/31/1
f 30/30/1 756/756/1 757/757/1
f 393/393/1 394/394/1 1120/1120/1
f 393/393/1 1120/1120/1 1119/1119/1
f 31/31/1 395/395/1 32/32/1
f 31/31/1 394/394/1 395/395/1
f 757/757/1 758/758/1 1121/1121/1
f 757/757/1 1121/1121/1 1120/1120/1
f 31/31/1 758/758/1 32/32/1
f 31/31/1 757/757/1 758/758/1
f 394/394/1 395/395/1 1121/1121/1
f 394/394/1 1121/1121/1 1120/1120/1
f 32/32/1 396/396/1 33/33/1
f 32/32/1 395/395/1 396/396/1
f 758/758/1 759/759/1 1122/1122/1
f 758/758/1 1122/1122/1 1121/1121/1
f 32/32/1 759/759/1 33/33/1
f 32/32/1 758/758/1 759/759/1
f 395/395/1 396/396/1 1122/1122/1
f 395/395/1 1122/1122/1 1121/1121/1
f 33/33/1 397/397/1 34/34/1
f 33/33/1 396/396/1 397/397/1
f 759/759/1 760/760/1 1123/1123/1
f 759/759/1 1123/1123/1 1122/1122/1
f 33/33/1 760/760/1 34/34/1
f 33/33/1 759/759/1 760/760/1
f 396/396/1 397/397/1 1123/1123/1
f 396/396/1 1123/1123/1 1122/1122/1
f 34/34/1 398/398/1 35/35/1
f 34/34/1 397/397/1 398/398/1
f 760/760/1 761/761/1 1124/1124/1
f 760/760/1 1124/1124/1 1123/1123/1
f 34/34/1 761/761/1 35/35/1
f 34/34/1 760/760/1 761/761/1
f 397/397/1 398/398/1 1124/1124/1
f 397/397/1 1124/1124/1 1123/1123/1
f 35/35/1 399/399/1 36/36/1
f 35/35/1 398/398/1 399/399/1
f 761/761/1 762/762/1 1125/1125/1
f 761/761/1 1125/1125/1 1124/1124/1
f 35/35/1 762/762/1 36/36/1
f 35/35/1 761/761/1 762/762/1
f 398/398/1 399/399/1 1125/1125/1
f 398/398/1 1125/1125/1 1124/1124/1
f 36/36/1 400/400/1 37/37/1
f 36/36/1 399/399/1 400/400/1
f 762/762/1 763/763/1 1126/1126/1
f 762/762/1 1126/1126/1 1125/1125/1
f 36/36/1 763/763/1 37/37/1
f 36/36/1 762/762/1 763/763/1
f 399/399/1 400/400/1 1126/1126/1
f 399/399/1 1126/1126/1 1125/1125/1
f 37/37/1 401/401/1 38/38/1
f 37/37/1 400/400/1 401/401/1
f 763/763/1 764/764/1 1127/1127/1
f 763/763/1 1127/1127/1 1126/1126/1
f 37/37/1 764/764/1 38/38/1
f 37/37/1 763/763/1 764/764/1
f 400/400/1 401/401/1 1127/1127/1
f 400/400/1 1127/1127/1 1126/1126/1
f 38/38/1 402/402/1 39/39/1
f 38/38/1 401/401/1 402/402/1
f 764/764/1 765/765/1 1128/1128/1
f 764/764/1 1128/1128/1 1127/1127/1
f 38/38/1 765/765/1 39/39/1
f 38/38/1 764/764/1 765/765/1
f 401/401/1 402/402/1 1128/1128/1
f 401/401/1 1128/1128/1 1127/1127/1
f 39/39/1 403/403/1 40/40/1
f 39/39/1 402/402/1 403/403/1
f 765/765/1 766/766/1 1129/1129/1
f 765/765/1 1129/1129/1 1128/1128/1
f 39/39/1 766/766/1 40/40/1
f 39/39/1 765/765/1 766/766/1
f 402/402/1 403/403/1 1129/1129/1
f 402/402/1 1129/1129/1 1128/1128/1
f 40/40/1 404/404/1 41/41/1
f 40/40/1 403/403/1 404/404/1
f 766/766/1 767/767/1 1130/1130/1
f 766/766/1 1130/1130/1 1129/1129/1
f 40/40/1 767/767/1 41/41/1
f 40/40/1 766/766/1 767/767/1
f 403/403/1 404/404/1 1130/1130/1
f 403/403/1 1130/1130/1 1129/1129/1
f 41/41/1 405/405/1 42/42/1
f 41/41/1 404/404/1 405/405/1
f 767/767/1 768/768/1 1131/1131/1
f 767/767/1 1131/1131/1 1130/1130/1
f 41/41/1 768/768/1 42/42/1
f 41/41/1 767/767/1 768/768/1
f 404/404/1 405/405/1 1131/1131/1
f 404/404/1 1131/1131/1 1130/1130/1
f 42/42/1 406/406/1 43/43/1
f 42/42/1 405/405/1 406/406/1
f 768/768/1 769/769/1 1132/1132/1
f 768/768/1 1132/1132/1 1131/1131/1
f 42/42/1 769/769/1 43/43/1
f 42/42/1 768/768/1 769/769/1
f 405/405/1 406/406/1 1132/1132/1
f 405/405/1 1132/1132/1 1131/1131/1
f 43/43/1 407/407/1 44/44/1
f 43/43/1 406/406/1 407/407/1
f 769/769/1 770/770/1 1133/1133/1
f 769/769/1 1133/1133/1 1132/1132/1
f 43/43/1 770/770/1 44/44/1
f 43/43/1 769/769/1 770/770/1
f 406/406/1 407/407/1 1133/1133/1
f 406/406/1 1133/1133/1 1132/1132/1
f 44/44/1 408/408/1 45/45/1
f 44/44/1 407/407/1 408/408/1
f 770/770/1 771/771/1 1134/1134/1
f 770/770/1 1134/1134/1 1133/1133/1
f 44/44/1 771/771/1 45/45/1
f 44/44/1 770/770/1 771/771/1
f 407/407/1 408/408/1 1134/1134/1
f 407/407/1 1134/1134/1 1133/1133/1
f 45/45/1 409/409/1 46/46/1
f 45/45/1 408/408/1 409/409/1
f 771/771/1 772/772/1 1135/1135/1
f 771/771/1 1135/1135/1 1134/1134/1
f 45/45/1 772/772/1 46/46/1
f 45/45/1 771/771/1 772/772/1
f 408/408/1 409/409/1 1135/1135/1
f 408/408/1 1135/1135/1 1134/1134/1
f 46/46/1 410/410/1 47/47/1
f 46/46/1 409/409/1 410/410/1
f 772/772/1 773/773/1 1136/1136/1
f 772/772/1 1136/1136/1 1135/1135/1
f 46/46/1 773/773/1 47/47/1
f 46/46/1 772/772/1 773/773/1
f 409/409/1 410/410/1 1136/1136/1
f 409/409/1 1136/1136/1 1135/1135/1
f 47/47/1 411/411/1 48/48/1
f 47/47/1 410/410/1 411/411/1
f 773/773/1 774/774/1 1137/1137/1
f 773/773/1 1137/1137/1 1136/1136/1
f 47/47/1 774/774/1 48/48/1
f 47/47/1 773/773/1 774/774/1
f 410/410/1 411/411/1 1137/1137/1
f 410/410/1 1137/1137/1 1136/1136/1
f 48/48/1 412/412/1 49/49/1
f 48/48/1 411/411/1 412/412/1
f 774/774/1 775/775/1 1138/1138/1
f 774/774/1 1138/1138/1 1137/1137/1
f 48/48/1 775/775/1 49/49/1
f 48/48/1 774/774/1 775/775/1
f 411/411/1 412/412/1 1138/1138/1
f 411/411/1 1138/1138/1 1137/1137/1
f 49/49/1 413/413/1 50/50/1
f 49/49/1 412/412/1 413/413/1
f 775/775/1 776/776/1 1139/1139/1
f 775/775/1 1139/1139/1 1138/1138/1
f 49/49/1 776/776/1 50/50/1
f 49/49/1 775/775/1 776/776/1
f 412/412/1 413/413/1 1139/1139/1
f 412/412/1 1139/1139/1 1138/1138/1
f 50/50/1 414/414/1 51/51/1
f 50/50/1 413/413/1 414/414/1
f 776/776/1 777/777/1 1140/1140/1
f 776/776/1 1140/1140/1 1139/1139/1
f 50/50/1 777/777/1 51/51/1
f 50/50/1 776/776/1 777/777/1
f 413/413/1 414/414/1 1140/1140/1
f 413/413/1 1140/1140/1 1139/1139/1
f 51/51/1 415/415/1 52/52/1
f 51/51/1 414/414/1 415/415/1
f 777/777/1 778/778/1 1141/1141/1
f 777/777/1 1141/1141/1 1140/1140/1
f 51/51/1 778/778/1 52/52/1
f 51/51/1 777/777/1 778/778/1
f 414/414/1 415/415/1 1141/1141/1
f 414/414/1 1141/1141/1 1140/1140/1
f 52/52/1 416/416/1 53/53/1
f 52/52/1 415/415/1 416/416/1
f 778/778/1 779/779/1 1142/1142/1
f 778/778/1 1142/1142/1 1141/1141/1
f 52/52/1 779/779/1 53/53/1
f 52/52/1 778/778/1 779/779/1
f 415/415/1 416/416/1 1142/1142/1
f 415/415/1 1142/1142/1 1141/1141/1
f 53/53/1 417/417/1 54/54/1
f 53/53/1 416/416/1 417/417/1
f 779/779/1 780/780/1 1143/1143/1
f 779/779/1 1143/1143/1 1142/1142/1
f 53/53/1 780/780/1 54/54/1
f 53/53/1 779/779/1 780/780/1
f 416/416/1 417/417/1 1143/1143/1
f 416/416/1 1143/1143/1 1142/1142/1
f 54/54/1 418/418/1 55/55/1
f 54/54/1 417/417/1 418/418/1
f 780/780/1 781/781/1 1144/1144/1
f 780/780/1 1144/1144/1 1143/1143/1
f 54/54/1 781/781/1 55/55/1
f 54/54/1 780/780/1 781/781/1
f 417/417/1 418/418/1 1144/1144/1
f 417/417/1 1144/1144/1 1143/1143/1
f 55/55/1 419/419/1 56/56/1
f 55/55/1 418/418/1 419/419/1
f 781/781/1 782/782/1 1145/1145/1
f 781/781/1 1145/1145/1 1144/1144/1
f 55/55/1 782/782/1 56/56/1
f 55/55/1 781/781/1 782/782/1
f 418/418/1 419/419/1 1145/1145/1
f 418/418/1 1145/1145/1 1144/1144/1
f 56/56/1 420/420/1 57/57/1
f 56/56/1 419/419/1 420/420/1
f 782/782/1 783/783/1 1146/1146/1
f 782/782/1 1146/1146/1 1145/1145/1
f 56/56/1 783/783/1 57/57/1
f 56/56/1 782/782/1 783/783/1
f 419/419/1 420/420/1 1146/1146/1
f 419/419/1 1146/1146/1 1145/1145/1
f 57/57/1 421/421/1 58/58/1
f 57/57/1 420/420/1 421/421/1
f 783/783/1 784/784/1 1147/1147/1
f 783/783/1 1147/1147/1 1146/1146/1
f 57/57/1 784/784/1 58/58/1
f 57/57/1 783/783/1 784/784/1
f 420/420/1 421/421/1 1147/1147/1
f 420/420/1 1147/1147/1 1146/1146/1
f 58/58/1 422/422/1 59/59/1
f 58/58/1 421/421/1 422/422/1
f 784/784/1 785/785/1 1148/1148/1
f 784/784/1 1148/1148/1 1147/1147/1
f 58/58/1 785/785/1 59/59/1
f 58/58/1 784/784/1 785/785/1
f 421/421/1 422/422/1 1148/1148/1
f 421/421/1 1148/1148/1 1147/1147/1
f 59/59/1 423/423/1 60/60/1
f 59/59/1 422/422/1 423/423/1
f 785/785/1 786/786/1 1149/1149/1
f 785/785/1 1149/1149/1 1148/1148/1
f 59/59/1 786/786/1 60/60/1
f 59/59/1 785/785/1 786/786/1
f 422/422/1 423/423/1 1149/1149/1
f 422/422/1 1149/1149/1 1148/1148/1
f 60/60/1 424/424/1 61/61/1
f 60/60/1 423/423/1 424/424/1
f 786/786/1 787/787/1 1150/1150/1
f 786/786/1 1150/1150/1 1149/1149/1
f 60/60/1 787/787/1 61/61/1
f 60/60/1 786/786/1 787/787/1
f 423/423/1 424/424/1 1150/1150/1
f 423/423/1 1150/1150/1 1149/1149/1
f 61/61/1 425/425/1 62/62/1
f 61/61/1 424/424/1 425/425/1
f 787/787/1 788/788/1 1151/1151/1
f 787/787/1 1151/1151/1 1150/1150/1
f 61/61/1 788/788/1 62/62/1
f 61/61/1 787/787/1 788/788/1
f 424/424/1 425/425/1 1151/1151/1
f 424/424/1 1151/1151/1 1150/1150/1
f 62/62/1 426/426/1 63/63/1
f 62/62/1 425/425/1 426/426/1
f 788/788/1 789/789/1 1152/1152/1
f 788/788/1 1152/1152/1 1151/1151/1
f 62/62/1 789/789/1 63/63/1
f 62/62/1 788/788/1 789/789/1
f 425/425/1 426/426/1 1152/1152/1
f 425/425/1 1152/1152/1 1151/1151/1
f 63/63/1 427/427/1 64/64/1
f 63/63/1 426/426/1 427/427/1
f 789/789/1 790/790/1 1153/1153/1
f 789/789/1 1153/1153/1 1152/1152/1
f 63/63/1 790/790/1 64/64/1
f 63/63/1 789/789/1 790/790/1
f 426/426/1 427/427/1 1153/1153/1
f 426/426/1 1153/1153/1 1152/1152/1
f 64/64/1 428/428/1 65/65/1
f 64/64/1 427/427/1 428/428/1
f 790/790/1 791/791/1 1154/1154/1
f 790/790/1 1154/1154/1 1153/1153/1
f 64/64/1 791/791/1 65/65/1
f 64/64/1 790/790/1 791/791/1
f 427/427/1 428/428/1 1154/1154/1
f 427/427/1 1154/1154/1 1153/1153/1
f 65/65/1 429/429/1 66/66/1
f 65/65/1 428/428/1 429/429/1
f 791/791/1 792/792/1 1155/1155/1
f 791/791/1 1155/1155/1 1154/1154/1
f 65/65/1 792/792/1 66/66/1
f 65/65/1 791/791/1 792/792/1
f 428/428/1 429/429/1 1155/1155/1
f 428/428/1 1155/1155/1 1154/1154/1
f 66/66/1 430/430/1 67/67/1
f 66/66/1 429/429/1 430/430/1
f 792/792/1 793/793/1 1156/1156/1
f 792/792/1 1156/1156/1 1155/1155/1
f 66/66/1 793/793/1 67/67/1
f 66/66/1 792/792/1 793/793/1
f 429/429/1 430/430/1 1156/1156/1
f 429/429/1 1156/1156/1 1155/1155/1
f 67/67/1 431/431/1 68/68/1
f 67/67/1 430/430/1 431/431/1
f 793/793/1 794/794/1 1157/1157/1
f 793/793/1 1157/1157/1 1156/1156/1
f 67/67/1 794/794/1 68/68/1
f 67/67/1 793/793/1 794/794/1
f 430/430/1 431/431/1 1157/1157/1
f 430/430/1 1157/1157/1 1156/1156/1
f 68/68/1 432/432/1 69/69/1
f 68/68/1 431/431/1 432/432/1
f 794/794/1 795/795/1 1158/1158/1
f 794/794/1 1158/1158/1 1157/1157/1
f 68/68/1 795/795/1 69/69/1
f 68/68/1 794/794/1 795/795/1
f 431/431/1 432/432/1 1158/1158/1
f 431/431/1 1158/1158/1 1157/1157/1
f 69/69/1 433/433/1 70/70/1
f 69/69/1 432/432/1 433/433/1
f 795/795/1 796/796/1 1159/1159/1
f 795/795/1 1159/1159/1 1158/1158/1
f 69/69/1 796/796/1 70/70/1
f 69/69/1 795/795/1 796/796/1
f 432/432/1 433/433/1 1159/1159/1
f 432/432/1 1159/1159/1 1158/1158/1
f 70/70/1 434/434/1 71/71/1
f 70/70/1 433/433/1 434/434/1
f 796/796/1 797/797/1 1160/1160/1
f 796/796/1 1160/1160/1 1159/1159/1
f 70/70/1 797/797/1 71/71/1
f 70/70/1 796/796/1 797/797/1
f 433/433/1 434/434/1 1160/1160/1
f 433/433/1 1160/1160/1 1159/1159/1
f 71/71/1 435/435/1 72/72/1
f 71/71/1 434/434/1 435/435/1
f 797/797/1 798/798/1 1161/1161/1
f 797/797/1 1161/1161/1 1160/1160/1
f 71/71/1 798/798/1 72/72/1
f 71/71/1 797/797/1 798/798/1
f 434/434/1 435/435/1 1161/1161/1
f 434/434/1 1161/1161/1 1160/1160/1
f 72/72/1 436/436/1 73/73/1
f 72/72/1 435/435/1 436/436/1
f 798/798/1 799/799/1 1162/1162/1
f 798/798/1 1162/1162/1 1161/1161/1
f 72/72/1 799/799/1 73/73/1
f 72/72/1 798/798/1 799/799/1
f 435/435/1 436/436/1 1162/1162/1
f 435/435/1 1162/1162/1 1161/1161/1
f 73/73/1 437/437/1 74/74/1
f 73/73/1 436/436/1 437/437/1
f 799/799/1 800/800/1 1163/1163/1
f 799/799/1 1163/1163/1 1162/1162/1
f 73/73/1 800/800/1 74/74/1
f 73/73/1 799/799/1 800/800/1
f 436/436/1 437/437/1 1163/1163/1
f 436/436/1 1163/1163/1 1162/1162/1
f 74/74/1 438/438/1 75/75/1
f 74/74/1 437/437/1 438/438/1
f 800/800/1 801/801/1 1164/1164/1
f 800/800/1 1164/1164/1 1163/1163/1
f 74/74/1 801/801/1 75/75/1
f 74/74/1 800/800/1 801/801/1
f 437/437/1 438/438/1 1164/1164/1
f 437/437/1 1164/1164/1 1163/1163/1
f 75/75/1 439/439/1 76/76/1
f 75/75/1 438/438/1 439/439/1
f 801/801/1 802/802/1 1165/1165/1
f 801/801/1 1165/1165/1 1164/1164/1
f 75/75/1 802/802/1 76/76/1
f 75/75/1 801/801/1 802/802/1
f 438/438/1 439/439/1 1165/1165/1
f 438/438/1 1165/1165/1 1164/1164/1
f 76/76/1 440/440/1 77/77/1
f 76/76/1 439/439/1 440/440/1
f 802/802/1 803/803/1 1166/1166/1
f 802/802/1 1166/1166/1 1165/1165/1
f 76/76/1 803/803/1 77/77/1
f 76/76/1 802/802/1 803/803/1
f 439/439/1 440/440/1 1166/1166/1
f 439/439/1 1166/1166/1 1165/1165/1
f 77/77/1 441/441/1 78/78/1
f 77/77/1 440/440/1 441/441/1
f 803/803/1 804/804/1 1167/1167/1
f 803/803/1 1167/1167/1 1166/1166/1
f 77/77/1 804/804/1 78/78/1
f 77/77/1 803/803/1 804/804/1
f 440/440/1 441/441/1 1167/1167/1
f 440/440/1 1167/1167/1 1166/1166/1
f 78/78/1 442/442/1 79/79/1
f 78/78/1 441/441/1 442/442/1
f 804/804/1 805/805/1 1168/1168/1
f 804/804/1 1168/1168/1 1167/1167/1
f 78/78/1 805/805/1 79/79/1
f 78/78/1 804/804/1 805/805/1
f 441/441/1 442/442/1 1168/1168/1
f 441/441/1 1168/1168/1 1167/1167/1
f 79/79/1 443/443/1 80/80/1
f 79/79/1 442/442/1 443/443/1
f 805/805/1 806/806/1 1169/1169/1
f 805/805/1 1169/1169/1 1168/1168/1
f 79/79/1 806/806/1 80/80/1
f 79/79/1 805/805/1 806/806/1
f 442/442/1 443/443/1 1169/1169/1
f 442/442/1 1169/1169/1 1168/1168/1
f 80/80/1 444/444/1 81/81/1
f 80/80/1 443/443/1 444/444/1
f 806/806/1 807/807/1 1170/1170/1
f 806/806/1 1170/1170/1 1169/1169/1
f 80/80/1 807/807/1 81/81/1
f 80/80/1 806/806/1 807/807/1
f 443/443/1 444/444/1 1170/1170/1
f 443/443/1 1170/1170/1 1169/1169/1
f 81/81/1 445/445/1 82/82/1
f 81/81/1 444/444/1 445/445/1
f 807/807/1 808/808/1 1171/1171/1
f 807/807/1 1171/1171/1 1170/1170/1
f 81/81/1 808/808/1 82/82/1
f 81/81/1 807/807/1 808/808/1
f 444/444/1 445/445/1 1171/1171/1
f 444/444/1 1171/1171/1 1170/1170/1
f 82/82/1 446/446/1 83/83/1
f 82/82/1 445/445/1 446/446/1
f 808/808/1 809/809/1 1172/1172/1
f 808/808/1 1172/1172/1 1171/1171/1
f 82/82/1 809/809/1 83/83/1
f 82/82/1 808/808/1 809/809/1
f 445/445/1 446/446/1 1172/1172/1
f 445/445/1 1172/1172/1 1171/1171/1
f 83/83/1 447/447/1 84/84/1
f 83/83/1 446/446/1 447/447/1
f 809/809/1 810/810/1 1173/1173/1
f 809/809/1 1173/1173/1 1172/1172/1
f 83/83/1 810/810/1 84/84/1
f 83/83/1 809/809/1 810/810/1
f 446/446/1 447/447/1 1173/1173/1
f 446/446/1 1173/1173/1 1172/1172/1
f 84/84/1 448/448/1 85/85/1
f 84/84/1 447/447/1 448/448/1
f 810/810/1 811/811/1 1174/1174/1
f 810/810/1 1174/1174/1 1173/1173/1
f 84/84/1 811/811/1 85/85/1
f 84/84/1 810/810/1 811/811/1
f 447/447/1 448/448/1 1174/1174/1
f 447/447/1 1174/1174/1 1173/1173/1
f 85/85/1 449/449/1 86/86/1
f 85/85/1 448/448/1 449/449/1
f 811/811/1 812/812/1 1175/1175/1
f 811/811/1 1175/1175/1 1174/1174/1
f 85/85/1 812/812/1 86/86/1
f 85/85/1 811/811/1 812/812/1
f 448/448/1 449/449/1 1175/1175/1
f 448/448/1 1175/1175/1 1174/1174/1
f 86/86/1 450/450/1 87/87/1
f 86/86/1 449/449/1 450/450/1
f 812/812/1 813/813/1 1176/1176/1
f 812/812/1 1176/1176/1 1175/1175/1
f 86/86/1 813/813/1 87/87/1
f 86/86/1 812/812/1 813/813/1
f 449/449/1 450/450/1 1176/1176/1
f 449/449/1 1176/1176/1 1175/1175/1
f 87/87/1 451/451/1 88/88/1
f 87/87/1 450/450/1 451/451/1
f 813/813/1 814/814/1 1177/1177/1
f 813/813/1 1177/1177/1 1176/1176/1
f 87/87/1 814/814/1 88/88/1
f 87/87/1 813/813/1 814/814/1
f 450/450/1 451/451/1 1177/1177/1
f 450/450/1 1177/1177/1 1176/1176/1
f 88/88/1 452/452/1 89/89/1
f 88/88/1 451/451/1 452/452/1
f 814/814/1 815/815/1 1178/1178/1
f 814/814/1 1178/1178/1 1177/1177/1
f 88/88/1 815/815/1 89/89/1
f 88/88/1 814/814/1 815/815/1
f 451/451/1 452/452/1 1178/1178/1
f 451/451/1 1178/1178/1 1177/1177/1
f 89/89/1 453/453/1 90/90/1
f 89/89/1 452/452/1 453/453/1
f 815/815/1 816/816/1 1179/1179/1
f 815/815/1 1179/1179/1 1178/1178/1
f 89/89/1 816/816/1 90/90/1
f 89/89/1 815/815/1 816/816/1
f 452/452/1 453/453/1 1179/1179/1
f 452/452/1 1179/1179/1 1178/1178/1
f 90/90/1 454/454/1 91/91/1
f 90/90/1 453/453/1 454/454/1
f 816/816/1 817/817/1 1180/1180/1
f 816/816/1 1180/1180/1 1179/1179/1
f 90/90/1 817/817/1 91/91/1
f 90/90/1 816/816/1 817/817/1
f 453/453/1 454/454/1 1180/1180/1
f 453/453/1 1180/1180/1 1179/1179/1
f 91/91/1 455/455/1 92/92/1
f 91/91/1 454/454/1 455/455/1
f 817/817/1 818/818/1 1181/1181/1
f 817/817/1 1181/1181/1 1180/1180/1
f 91/91/1 818/818/1 92/92/1
f 91/91/1 817/817/1 818/818/1
f 454/454/1 455/455/1 1181/1181/1
f 454/454/1 1181/1181/1 1180/1180/1
f 92/92/1 456/456/1 93/93/1
f 92/92/1 455/455/1 456/456/1
f 818/818/1 819/819/1 1182/1182/1
f 818/818/1 1182/1182/1 1181/1181/1
f 92/92/1 819/819/1 93/93/1
f 92/92/1 818/818/1 819/819/1
f 455/455/1 456/456/1 1182/1182/1
f 455/455/1 1182/1182/1 1181/1181/1
f 93/93/1 457/457/1 94/94/1
f 93/93/1 456/456/1 457/457/1
f 819/819/1 820/820/1 1183/1183/1
f 819/819/1 1183/1183/1 1182/1182/1
f 93/93/1 820/820/1 94/94/1
f 93/93/1 819/819/1 820/820/1
f 456/456/1 457/457/1 1183/1183/1
f 456/456/1 1183/1183/1 1182/1182/1
f 94/94/1 458/458/1 95/95/1
f 94/94/1 457/457/1 458/458/1
f 820/820/1 821/821/1 1184/1184/1
f 820/820/1 1184/1184/1 1183/1183/1
f 94/94/1 821/821/1 95/95/1
f 94/94/1 820/820/1 821/821/1
f 457/457/1 458/458/1 1184/1184/1
f 457/457/1 1184/1184/1 1183/1183/1
f 95/95/1 459/459/1 96/96/1
f 95/95/1 458/458/1 459/459/1
f 821/821/1 822/822/1 1185/1185/1
f 821/821/1 1185/1185/1 1184/1184/1
f 95/95/1 822/822/1 96/96/1
f 95/95/1 821/821/1 822/822/1
f 458/458/1 459/459/1 1185/1185/1
f 458/458/1 1185/1185/1 1184/1184/1
f 96/96/1 460/460/1 97/97/1
f 96/96/1 459/459/1 460/460/1
f 822/822/1 823/823/1 1186/1186/1
f 822/822/1 1186/1186/1 1185/1185/1
f 96/96/1 823/823/1 97/97/1
f 96/96/1 822/822/1 823/823/1
f 459/459/1 460/460/1 1186/1186/1
f 459/459/1 1186/1186/1 1185/1185/1
f 97/97/1 461/461/1 98/98/1
f 97/97/1 460/460/1 461/461/1
f 823/823/1 824/824/1 1187/1187/1
f 823/823/1 1187/1187/1 1186/1186/1
f 97/97/1 824/824/1 98/98/1
f 97/97/1 823/823/1 824/824/1
f 460/460/1 461/461/1 1187/1187/1
f 460/460/1 1187/1187/1 1186/1186/1
f 98/98/1 462/462/1 99/99/1
f 98/98/1 461/461/1 462/462/1
f 824/824/1 825/825/1 1188/1188/1
f 824/824/1 1188/1188/1 1187/1187/1
f 98/98/1 825/825/1 99/99/1
f 98/98/1 824/824/1 825/825/1
f 461/461/1 462/462/1 1188/1188/1
f 461/461/1 1188/1188/1 1187/1187/1
f 99/99/1 463/463/1 100/100/1
f 99/99/1 462/462/1 463/463/1
f 825/825/1 826/826/1 1189/1189/1
f 825/825/1 1189/1189/1 1188/1188/1
f 99/99/1 826/826/1 100/100/1
f 99/99/1 825/825/1 826/826/1
f 462/462/1 463/463/1 1189/1189/1
f 462/462/1 1189/1189/1 1188/1188/1
f 100/100/1 464/464/1 101/101/1
f 100/100/1 463/463/1 464/464/1
f 826/826/1 827/827/1 1190/1190/1
f 826/826/1 1190/1190/1 1189/1189/1
f 100/100/1 827/827/1 101/101/1
f 100/100/1 826/826/1 827/827/1
f 463/463/1 464/464/1 1190/1190/1
f 463/463/1 1190/1190/1 1189/1189/1
f 101/101/1 465/465/1 102/102/1
f 101/101/1 464/464/1 465/465/1
f 827/827/1 828/828/1 1191/1191/1
f 827/827/1 1191/1191/1 1190/1190/1
f 101/101/1 828/828/1 102/102/1
f 101/101/1 827/827/1 828/828/1
f 464/464/1 465/465/1 1191/1191/1
f 464/464/1 1191/1191/1 1190/1190/1
f 102/102/1 466/466/1 103/103/1
f 102/102/1 465/465/1 466/466/1
f 828/828/1 829/829/1 1192/1192/1
f 828/828/1 1192/1192/1 1191/1191/1
f 102/102/1 829/829/1 103/103/1
f 102/102/1 828/828/1 829/829/1
f 465/465/1 466/466/1 1192/1192/1
f 465/465/1 1192/1192/1 1191/1191/1
f 103/103/1 467/467/1 104/104/1
f 103/103/1 466/466/1 467/467/1
f 829/829/1 830/830/1 1193/1193/1
f 829/829/1 1193/1193/1 1192/1192/1
f 103/103/1 830/830/1 104/104/1
f 103/103/1 829/829/1 830/830/1
f 466/466/1 467/467/1 1193/1193/1
f 466/466/1 1193/1193/1 1192/1192/1
f 104/104/1 468/468/1 105/105/1
f 104/104/1 467/467/1 468/468/1
f 830/830/1 831/831/1 1194/1194/1
f 830/830/1 1194/1194/1 1193/1193/1
f 104/104/1 831/831/1 105/105/1
f 104/104/1 830/830/1 831/831/1
f 467/467/1 468/468/1 1194/1194/1
f 467/467/1 1194/1194/1 1193/1193/1
f 105/105/1 469/469/1 106/106/1
f 105/105/1 468/468/1 469/469/1
f 831/831/1 832/832/1 1195/1195/1
f 831/831/1 1195/1195/1 1194/1194/1
f 105/105/1 832/832/1 106/106/1
f 105/105/1 831/831/1 832/832/1
f 468/468/1 469/469/1 1195/1195/1
f 468/468/1 1195/1195/1 1194/1194/1
f 106/106/1 470/470/1 107/107/1
f 106/106/1 469/469/1 470/470/1
f 832/832/1 833/833/1 1196/1196/1
f 832/832/1 1196/1196/1 1195/1195/1
f 106/106/1 833/833/1 107/107/1
f 106/106/1 832/832/1 833/833/1
f 469/469/1 470/470/1 1196/1196/1
f 469/469/1 1196/1196/1 1195/1195/1
f 107/107/1 471/471/1 108/108/1
f 107/107/1 470/470/1 471/471/1
f 833/833/1 834/834/1 1197/1197/1
f 833/833/1 1197/1197/1 1196/1196/1
f 107/107/1 834/834/1 108/108/1
f 107/107/1 833/833/1 834/834/1
f 470/470/1 471/471/1 1197/1197/1
f 470/470/1 1197/1197/1 1196/1196/1
f 108/108/1 472/472/1 109/109/1
f 108/108/1 471/471/1 472/472/1
f 834/834/1 835/835/1 1198/1198/1
f 834/834/1 1198/1198/1 1197/1197/1
f 108/108/1 835/835/1 109/109/1
f 108/108/1 834/834/1 835/835/1
f 471/471/1 472/472/1 1198/1198/1
f 471/471/1 1198/1198/1 1197/1197/1
f 109/109/1 473/473/1 110/110/1
f 109/109/1 472/472/1 473/473/1
f 835/835/1 836/836/1 1199/1199/1
f 835/835/1 1199/1199/1 1198/1198/1
f 109/109/1 836/836/1 110/110/1
f 109/109/1 835/835/1 836/836/1
f 472/472/1 473/473/1 1199/1199/1
f 472/472/1 1199/1199/1 1198/1198/1
f 110/110/1 474/474/1 111/111/1
f 110/110/1 473/473/1 474/474/1
f 836/836/1 837/837/1 1200/1200/1
f 836/836/1 1200/1200/1 1199/1199/1
f 110/110/1 837/837/1 111/111/1
f 110/110/1 836/836/1 837/837/1
f 473/473/1 474/474/1 1200/1200/1
f 473/473/1 1200/1200/1 1199/1199/1
f 111/111/1 475/475/1 112/112/1
f 111/111/1 474/474/1 475/475/1
f 837/837/1 838/838/1 1201/1201/1
f 837/837/1 1201/1201/1 1200/1200/1
f 111/111/1 838/838/1 112/112/1
f 111/111/1 837/837/1 838/838/1
f 474/474/1 475/475/1 1201/1201/1
f 474/474/1 1201/1201/1 1200/1200/1
f 112/112/1 476/476/1 113/113/1
f 112/112/1 475/475/1 476/476/1
f 838/838/1 839/839/1 1202/1202/1
f 838/838/1 1202/1202/1 1201/1201/1
f 112/112/1 839/839/1 113/113/1
f 112/112/1 838/838/1 839/839/1
f 475/475/1 476/476/1 1202/1202/1
f 475/475/1 1202/1202/1 1201/1201/1
f 113/113/1 477/477/1 114/114/1
f 113/113/1 476/476/1 477/477/1
f 839/839/1 840/840/1 1203/1203/1
f 839/839/1 1203/1203/1 1202/1202/1
f 113/113/1 840/840/1 114/114/1
f 113/113/1 839/839/1 840/840/1
f 476/476/1 477/477/1 1203/1203/1
f 476/476/1 1203/1203/1 1202/1202/1
f 114/114/1 478/478/1 115/115/1
f 114/114/1 477/477/1 478/478/1
f 840/840/1 841/841/1 1204/1204/1
f 840/840/1 1204/1204/1 1203/1203/1
f 114/114/1 841/841/1 115/115/1
f 114/114/1 840/840/1 841/841/1
f 477/477/1 478/478/1 1204/1204/1
f 477/477/1 1204/1204/1 1203/1203/1
f 115/115/1 479/479/1 116/116/1
f 115/115/1 478/478/1 479/479/1
f 841/841/1 842/842/1 1205/1205/1
f 841/841/1 1205/1205/1 1204/1204/1
f 115/115/1 842/842/1 116/116/1
f 115/115/1 841/841/1 842/842/1
f 478/478/1 479/479/1 1205/1205/1
f 478/478/1 1205/1205/1 1204/1204/1
f 116/116/1 480/480/1 117/117/1
f 116/116/1 479/479/1 480/480/1
f 842/842/1 843/843/1 1206/1206/1
f 842/842/1 1206/1206/1 1205/1205/1
f 116/116/1 843/843/1 117/117/1
f 116/116/1 842/842/1 843/843/1
f 479/479/1 480/480/1 1206/1206/1
f 479/479/1 1206/1206/1 1205/1205/1
f 117/117/1 481/481/1 118/118/1
f 117/117/1 480/480/1 481/481/1
f 843/843/1 844/844/1 1207/1207/1
f 843/843/1 1207/1207/1 1206/1206/1
f 117/117/1 844/844/1 118/118/1
f 117/117/1 843/843/1 844/844/1
f 480/480/1 481/481/1 1207/1207/1
f 480/480/1 1207/1207/1 1206/1206/1
f 118/118/1 482/482/1 119/119/1
f 118/118/1 481/481/1 482/482/1
f 844/844/1 845/845/1 1208/1208/1
f 844/844/1 1208/1208/1 1207/1207/1
f 118/118/1 845/845/1 119/119/1
f 118/118/1 844/844/1 845/845/1
f 481/481/1 482/482/1 1208/1208/1
f 481/481/1 1208/1208/1 1207/1207/1
f 119/119/1 483/483/1 120/120/1
f 119/119/1 482/482/1 483/483/1
f 845/845/1 846/846/1 1209/1209/1
f 845/845/1 1209/1209/1 1208/1208/1
f 119/119/1 846/846/1 120/120/1
f 119/119/1 845/845/1 846/846/1
f 482/482/1 483/483/1 1209/1209/1
f 482/482/1 1209/1209/1 1208/1208/1
f 120/120/1 484/484/1 121/121/1
f 120/120/1 483/483/1 484/484/1
f 846/846/1 847/847/1 1210/1210/1
f 846/846/1 1210/1210/1 1209/1209/1
f 120/120/1 847/847/1 121/121/1
f 120/120/1 846/846/1 847/847/1
f 483/483/1 484/484/1 1210/1210/1
f 483/483/1 1210/1210/1 1209/1209/1
f 121/121/1 485/485/1 122/122/1
f 121/121/1 484/484/1 485/485/1
f 847/847/1 848/848/1 1211/1211/1
f 847/847/1 1211/1211/1 1210/1210/1
f 121/121/1 848/848/1 122/122/1
f 121/121/1 847/847/1 848/848/1
f 484/484/1 485/485/1 1211/1211/1
f 484/484/1 1211/1211/1 1210/1210/1
f 122/122/1 486/486/1 123/123/1
f 122/122/1 485/485/1 486/486/1
f 848/848/1 849/849/1 1212/1212/1
f 848/848/1 1212/1212/1 1211/1211/1
f 122/122/1 849/849/1 123/123/1
f 122/122/1 848/848/1 849/849/1
f 485/485/1 486/486/1 1212/1212/1
f 485/485/1 1212/1212/1 1211/1211/1
f 123/123/1 487/487/1 124/124/1
f 123/123/1 486/486/1 487/487/1
f 849/849/1 850/850/1 1213/1213/1
f 849/849/1 1213/1213/1 1212/1212/1
f 123/123/1 850/850/1 124/124/1
f 123/123/1 849/849/1 850/850/1
f 486/486/1 487/487/1 1213/1213/1
f 486/486/1 1213/1213/1 1212/1212/1
f 124/124/1 488/488/1 125/125/1
f 124/124/1 487/487/1 488/488/1
f 850/850/1 851/851/1 1214/1214/1
f 850/850/1 1214/1214/1 1213/1213/1
f 124/124/1 851/851/1 125/125/1
f 124/124/1 850/850/1 851/851/1
f 487/487/1 488/488/1 1214/1214/1
f 487/487/1 1214/1214/1 1213/1213/1
f 125/125/1 489/489/1 126/126/1
f 125/125/1 488/488/1 489/489/1
f 851/851/1 852/852/1 1215/1215/1
f 851/851/1 1215/1215/1 1214/1214/1
f 125/125/1 852/852/1 126/126/1
f 125/125/1 851/851/1 852/852/1
f 488/488/1 489/489/1 1215/1215/1
f 488/488/1 1215/1215/1 1214/1214/1
f 126/126/1 490/490/1 127/127/1
f 126/126/1 489/489/1 490/490/1
f 852/852/1 853/853/1 1216/1216/1
f 852/852/1 1216/1216/1 1215/1215/1
f 126/126/1 853/853/1 127/127/1
f 126/126/1 852/852/1 853/853/1
f 489/489/1 490/490/1 1216/1216/1
f 489/489/1 1216/1216/1 1215/1215/1
f 127/127/1 491/491/1 128/128/1
f 127/127/1 490/490/1 491/491/1
f 853/853/1 854/854/1 1217/1217/1
f 853/853/1 1217/1217/1 1216/1216/1
f 127/127/1 854/854/1 128/128/1
f 127/127/1 853/853/1 854/854/1
f 490/490/1 491/491/1 1217/1217/1
f 490/490/1 1217/1217/1 1216/1216/1
f 128/128/1 492/492/1 129/129/1
f 128/128/1 491/491/1 492/492/1
f 854/854/1 855/855/1 1218/1218/1
f 854/854/1 1218/1218/1 1217/1217/1
f 128/128/1 855/855/1 129/129/1
f 128/128/1 854/854/1 855/855/1
f 491/491/1 492/492/1 1218/1218/1
f 491/491/1 1218/1218/1 1217/1217/1
f 129/129/1 493/493/1 130/130/1
f 129/129/1 492/492/1 493/493/1
f 855/855/1 856/856/1 1219/1219/1
f 855/855/1 1219/1219/1 1218/1218/1
f 129/129/1 856/856/1 130/130/1
f 129/129/1 855/855/1 856/856/1
f 492/492/1 493/493/1 1219/1219/1
f 492/492/1 1219/1219/1 1218/1218/1
f 130/130/1 494/494/1 131/131/1
f 130/130/1 493/493/1 494/494/1
f 856/856/1 857/857/1 1220/1220/1
f 856/856/1 1220/1220/1 1219/1219/1
f 130/130/1 857/857/1 131/131/1
f 130/130/1 856/856/1 857/857/1
f 493/493/1 494/494/1 1220/1220/1
f 493/493/1 1220/1220/1 1219/1219/1
f 131/131/1 495/495/1 132/132/1
f 131/131/1 494/494/1 495/495/1
f 857/857/1 858/858/1 1221/1221/1
f 857/857/1 1221/1221/1 1220/1220/1
f 131/131/1 858/858/1 132/132/1
f 131/131/1 857/857/1 858/858/1
f 494/494/1 495/495/1 1221/1221/1
f 494/494/1 1221/1221/1 1220/1220/1
f 132/132/1 496/496/1 133/133/1
f 132/132/1 495/495/1 496/496/1
f 858/858/1 859/859/1 1222/1222/1
f 858/858/1 1222/1222/1 1221/1221/1
f 132/132/1 859/859/1 133/133/1
f 132/132/1 858/858/1 859/859/1
f 495/495/1 496/496/1 1222/1222/1
f 495/495/1 1222/1222/1 1221/1221/1
f 133/133/1 497/497/1 134/134/1
f 133/133/1 496/496/1 497/497/1
f 859/859/1 860/860/1 1223/1223/1
f 859/859/1 1223/1223/1 1222/1222/1
f 133/133/1 860/860/1 134/134/1
f 133/133/1 859/859/1 860/860/1
f 496/496/1 497/497/1 1223/1223/1
f 496/496/1 1223/1223/1 1222/1222/1
f 134/134/1 498/498/1 135/135/1
f 134/134/1 497/497/1 498/498/1
f 860/860/1 861/861/1 1224/1224/1
f 860/860/1 1224/1224/1 1223/1223/1
f 134/134/1 861/861/1 135/135/1
f 134/134/1 860/860/1 861/861/1
f 497/497/1 498/498/1 1224/1224/1
f 497/497/1 1224/1224/1 1223/1223/1
f 135/135/1 499/499/1 136/136/1
f 135/135/1 498/498/1 499/499/1
f 861/861/1 862/862/1 1225/1225/1
f 861/861/1 1225/1225/1 1224/1224/1
f 135/135/1 862/862/1 136/136/1
f 135/135/1 861/861/1 862/862/1
f 498/498/1 499/499/1 1225/1225/1
f 498/498/1 1225/1225/1 1224/1224/1
f 136/136/1 500/500/1 137/137/1
f 136/136/1 499/499/1 500/500/1
f 862/862/1 863/863/1 1226/1226/1
f 862/862/1 1226/1226/1 1225/1225/1
f 136/136/1 863/863/1 137/137/1
f 136/136/1 862/862/1 863/863/1
f 499/499/1 500/500/1 1226/1226/1
f 499/499/1 1226/1226/1 1225/1225/1
f 137/137/1 501/501/1 138/138/1
f 137/137/1 500/500/1 501/501/1
f 863/863/1 864/864/1 1227/1227/1
f 863/863/1 1227/1227/1 1226/1226/1
f 137/137/1 864/864/1 138/138/1
f 137/137/1 863/863/1 864/864/1
f 500/500/1 501/501/1 1227/1227/1
f 500/500/1 1227/1227/1 1226/1226/1
f 138/138/1 502/502/1 139/139/1
f 138/138/1 501/501/1 502/502/1
f 864/864/1 865/865/1 1228/1228/1
f 864/864/1 1228/1228/1 1227/1227/1
f 138/138/1 865/865/1 139/139/1
f 138/138/1 864/864/1 865/865/1
f 501/501/1 502/502/1 1228/1228/1
f 501/501/1 1228/1228/1 1227/1227/1
f 139/139/1 503/503/1 140/140/1
f 139/139/1 502/502/1 503/503/1
f 865/865/1 866/866/1 1229/1229/1
f 865/865/1 1229/1229/1 1228/1228/1
f 139/139/1 866/866/1 140/140/1
f 139/139/1 865/865/1 866/866/1
f 502/502/1 503/503/1 1229/1229/1
f 502/502/1 1229/1229/1 1228/1228/1
f 140/140/1 504/504/1 141/141/1
f 140/140/1 503/503/1 504/504/1
f 866/866/1 867/867/1 1230/1230/1
f 866/866/1 1230/1230/1 1229/1229/1
f 140/140/1 867/867/1 141/141/1
f 140/140/1 866/866/1 867/867/1
f 503/503/1 504/504/1 1230/1230/1
f 503/503/1 1230/1230/1 1229/1229/1
f 141/141/1 505/505/1 142/142/1
f 141/141/1 504/504/1 505/505/1
f 867/867/1 868/868/1 1231/1231/1
f 867/867/1 1231/1231/1 1230/1230/1
f 141/141/1 868/868/1 142/142/1
f 141/141/1 867/867/1 868/868/1
f 504/504/1 505/505/1 1231/1231/1
f 504/504/1 1231/1231/1 1230/1230/1
f 142/142/1 506/506/1 143/143/1
f 142/142/1 505/505/1 506/506/1
f 868/868/1 869/869/1 1232/1232/1
f 868/868/1 1232/1232/1 1231/1231/1
f 142/142/1 869/869/1 143/143/1
f 142/142/1 868/868/1 869/869/1
f 505/505/1 506/506/1 1232/1232/1
f 505/505/1 1232/1232/1 1231/1231/1
f 143/143/1 507/507/1 144/144/1
f 143/143/1 506/506/1 507/507/1
f 869/869/1 870/870/1 1233/1233/1
f 869/869/1 1233/1233/1 1232/1232/1
f 143/143/1 870/870/1 144/144/1
f 143/143/1 869/869/1 870/870/1
f 506/506/1 507/507/1 1233/1233/1
f 506/506/1 1233/1233/1 1232/1232/1
f 144/144/1 508/508/1 145/145/1
f 144/144/1 507/507/1 508/508/1
f 870/870/1 871/871/1 1234/1234/1
f 870/870/1 1234/1234/1 1233/1233/1
f 144/144/1 871/871/1 145/145/1
f 144/144/1 870/870/1 871/871/1
f 507/507/1 508/508/1 1234/1234/1
f 507/507/1 1234/1234/1 1233/1233/1
f 145/145/1 509/509/1 146/146/1
f 145/145/1 508/508/1 509/509/1
f 871/871/1 872/872/1 1235/1235/1
f 871/871/1 1235/1235/1 1234/1234/1
f 145/145/1 872/872/1 146/146/1
f 145/145/1 871/871/1 872/872/1
f 508/508/1 509/509/1 1235/1235/1
f 508/508/1 1235/1235/1 1234/1234/1
f 146/146/1 510/510/1 147/147/1
f 146/146/1 509/509/1 510/510/1
f 872/872/1 873/873/1 1236/1236/1
f 872/872/1 1236/1236/1 1235/1235/1
f 146/146/1 873/873/1 147/147/1
f 146/146/1 872/872/1 873/873/1
f 509/509/1 510/510/1 1236/1236/1
f 509/509/1 1236/1236/1 1235/1235/1
f 147/147/1 511/511/1 148/148/1
f 147/147/1 510/510/1 511/511/1
f 873/873/1 874/874/1 1237/1237/1
f 873/873/1 1237/1237/1 1236/1236/1
f 147/147/1 874/874/1 148/148/1
f 147/147/1 873/873/1 874/874/1
f 510/510/1 511/511/1 1237/1237/1
f 510/510/1 1237/1237/1 1236/1236/1
f 148/148/1 512/512/1 149/149/1
f 148/148/1 511/511/1 512/512/1
f 874/874/1 875/875/1 1238/1238/1
f 874/874/1 1238/1238/1 1237/1237/1
f 148/148/1 875/875/1 149/149/1
f 148/148/1 874/874/1 875/875/1
f 511/511/1 512/512/1 1238/1238/1
f 511/511/1 1238/1238/1 1237/1237/1
f 149/149/1 513/513/1 150/150/1
f 149/149/1 512/512/1 513/513/1
f 875/875/1 876/876/1 1239/1239/1
f 875/875/1 1239/1239/1 1238/1238/1
f 149/149/1 876/876/1 150/150/1
f 149/149/1 875/875/1 876/876/1
f 512/512/1 513/513/1 1239/1239/1
f 512/512/1 1239/1239/1 1238/1238/1
f 150/150/1 514/514/1 151/151/1
f 150/150/1 513/513/1 514/514/1
f 876/876/1 877/877/1 1240/1240/1
f 876/876/1 1240/1240/1 1239/1239/1
f 150/150/1 877/877/1 151/151/1
f 150/150/1 876/876/1 877/877/1
f 513/513/1 514/514/1 1240/1240/1
f 513/513/1 1240/1240/1 1239/1239/1
f 151/151/1 515/515/1 152/152/1
f 151/151/1 514/514/1 515/515/1
f 877/877/1 878/878/1 1241/1241/1
f 877/877/1 1241/1241/1 1240/1240/1
f 151/151/1 878/878/1 152/152/1
f 151/151/1 877/877/1 878/878/1
f 514/514/1 515/515/1 1241/1241/1
f 514/514/1 1241/1241/1 1240/1240/1
f 152/152/1 516/516/1 153/153/1
f 152/152/1 515/515/1 516/516/1
f 878/878/1 879/879/1 1242/1242/1
f 878/878/1 1242/1242/1 1241/1241/1
f 152/152/1 879/879/1 153/153/1
f 152/152/1 878/878/1 879/879/1
f 515/515/1 516/516/1 1242/1242/1
f 515/515/1 1242/1242/1 1241/1241/1
f 153/153/1 517/517/1 154/154/1
f 153/153/1 516/516/1 517/517/1
f 879/879/1 880/880/1 1243/1243/1
f 879/879/1 1243/1243/1 1242/1242/1
f 153/153/1 880/880/1 154/154/1
f 153/153/1 879/879/1 880/880/1
f 516/516/1 517/517/1 1243/1243/1
f 516/516/1 1243/1243/1 1242/1242/1
f 154/154/1 518/518/1 155/155/1
f 154/154/1 517/517/1 518/518/1
f 880/880/1 881/881/1 1244/1244/1
f 880/880/1 1244/1244/1 1243/1243/1
f 154/154/1 881/881/1 155/155/1
f 154/154/1 880/880/1 881/881/1
f 517/517/1 518/518/1 1244/1244/1
f 517/517/1 1244/1244/1 1243/1243/1
f 155/155/1 519/519/1 156/156/1
f 155/155/1 518/518/1 519/519/1
f 881/881/1 882/882/1 1245/1245/1
f 881/881/1 1245/1245/1 1244/1244/1
f 155/155/1 882/882/1 156/156/1
f 155/155/1 881/881/1 882/882/1
f 518/518/1 519/519/1 1245/1245/1
f 518/518/1 1245/1245/1 1244/1244/1
f 156/156/1 520/520/1 157/157/1
f 156/156/1 519/519/1 520/520/1
f 882/882/1 883/883/1 1246/1246/1
f 882/882/1 1246/1246/1 1245/1245/1
f 156/156/1 883/883/1 157/157/1
f 156/156/1 882/882/1 883/883/1
f 519/519/1 520/520/1 1246/1246/1
f 519/519/1 1246/1246/1 1245/1245/1
f 157/157/1 521/521/1 158/158/1
f 157/157/1 520/520/1 521/521/1
f 883/883/1 884/884/1 1247/1247/1
f 883/883/1 1247/1247/1 1246/1246/1
f 157/157/1 884/884/1 158/158/1
f 157/157/1 883/883/1 884/884/1
f 520/520/1 521/521/1 1247/1247/1
f 520/520/1 1247/1247/1 1246/1246/1
f 158/158/1 522/522/1 159/159/1
f 158/158/1 521/521/1 522/522/1
f 884/884/1 885/885/1 1248/1248/1
f 884/884/1 1248/1248/1 1247/1247/1
f 158/158/1 885/885/1 159/159/1
f 158/158/1 884/884/1 885/885/1
f 521/521/1 522/522/1 1248/1248/1
f 521/521/1 1248/1248/1 1247/1247/1
f 159/159/1 523/523/1 160/160/1
f 159/159/1 522/522/1 523/523/1
f 885/885/1 886/886/1 1249/1249/1
f 885/885/1 1249/1249/1 1248/1248/1
f 159/159/1 886/886/1 160/160/1
f 159/159/1 885/885/1 886/886/1
f 522/522/1 523/523/1 1249/1249/1
f 522/522/1 1249/1249/1 1248/1248/1
f 160/160/1 524/524/1 161/161/1
f 160/160/1 523/523/1 524/524/1
f 886/886/1 887/887/1 1250/1250/1
f 886/886/1 1250/1250/1 1249/1249/1
f 160/160/1 887/887/1 161/161/1
f 160/160/1 886/886/1 887/887/1
f 523/523/1 524/524/1 1250/1250/1
f 523/523/1 1250/1250/1 1249/1249/1
f 161/161/1 525/525/1 162/162/1
f 161/161/1 524/524/1 525/525/1
f 887/887/1 888/888/1 1251/1251/1
f 887/887/1 1251/1251/1 1250/1250/1
f 161/161/1 888/888/1 162/162/1
f 161/161/1 887/887/1 888/888/1
f 524/524/1 525/525/1 1251/1251/1
f 524/524/1 1251/1251/1 1250/1250/1
f 162/162/1 526/526/1 163/163/1
f 162/162/1 525/525/1 526/526/1
f 888/888/1 889/889/1 1252/1252/1
f 888/888/1 1252/1252/1 1251/1251/1
f 162/162/1 889/889/1 163/163/1
f 162/162/1 888/888/1 889/889/1
f 525/525/1 526/526/1 1252/1252/1
f 525/525/1 1252/1252/1 1251/1251/1
f 163/163/1 527/527/1 164/164/1
f 163/163/1 526/526/1 527/527/1
f 889/889/1 890/890/1 1253/1253/1
f 889/889/1 1253/1253/1 1252/1252/1
f 163/163/1 890/890/1 164/164/1
f 163/163/1 889/889/1 890/890/1
f 526/526/1 527/527/1 1253/1253/1
f 526/526/1 1253/1253/1 1252/1252/1
f 164/164/1 528/528/1 165/165/1
f 164/164/1 527/527/1 528/528/1
f 890/890/1 891/891/1 1254/1254/1
f 890/890/1 1254/1254/1 1253/1253/1
f 164/164/1 891/891/1 165/165/1
f 164/164/1 890/890/1 891/891/1
f 527/527/1 528/528/1 1254/1254/1
f 527/527/1 1254/1254/1 1253/1253/1
f 165/165/1 529/529/1 166/166/1
f 165/165/1 528/528/1 529/529/1
f 891/891/1 892/892/1 1255/1255/1
f 891/891/1 1255/1255/1 1254/1254/1
f 165/165/1 892/892/1 166/166/1
f 165/165/1 891/891/1 892/892/1
f 528/528/1 529/529/1 1255/1255/1
f 528/528/1 1255/1255/1 1254/1254/1
f 166/166/1 530/530/1 167/167/1
f 166/166/1 529/529/1 530/530/1
f 892/892/1 893/893/1 1256/1256/1
f 892/892/1 1256/1256/1 1255/1255/1
f 166/166/1 893/893/1 167/167/1
f 166/166/1 892/892/1 893/893/1
f 529/529/1 530/530/1 1256/1256/1
f 529/529/1 1256/1256/1 1255/1255/1
f 167/167/1 531/531/1 168/168/1
f 167/167/1 530/530/1 531/531/1
f 893/893/1 894/894/1 1257/1257/1
f 893/893/1 1257/1257/1 1256/1256/1
f 167/167/1 894/894/1 168/168/1
f 167/167/1 893/893/1 894/894/1
f 530/530/1 531/531/1 1257/1257/1
f 530/530/1 1257/1257/1 1256/1256/1
f 168/168/1 532/532/1 169/169/1
f 168/168/1 531/531/1 532/532/1
f 894/894/1 895/895/1 1258/1258/1
f 894/894/1 1258/1258/1 1257/1257/1
f 168/168/1 895/895/1 169/169/1
f 168/168/1 894/894/1 895/895/1
f 531/531/1 532/532/1 1258/1258/1
f 531/531/1 1258/1258/1 1257/1257/1
f 169/169/1 533/533/1 170/170/1
f 169/169/1 532/532/1 533/533/1
f 895/895/1 896/896/1 1259/1259/1
f 895/895/1 1259/1259/1 1258/1258/1
f 169/169/1 896/896/1 170/170/1
f 169/169/1 895/895/1 896/896/1
f 532/532/1 533/533/1 1259/1259/1
f 532/532/1 1259/1259/1 1258/1258/1
f 170/170/1 534/534/1 171/171/1
f 170/170/1 533/533/1 534/534/1
f 896/896/1 897/897/1 1260/1260/1
f 896/896/1 1260/1260/1 1259/1259/1
f 170/170/1 897/897/1 171/171/1
f 170/170/1 896/896/1 897/897/1
f 533/533/1 534/534/1 1260/1260/1
f 533/533/1 1260/1260/1 1259/1259/1
f 171/171/1 535/535/1 172/172/1
f 171/171/1 534/534/1 535/535/1
f 897/897/1 898/898/1 1261/1261/1
f 897/897/1 1261/1261/1 1260/1260/1
f 171/171/1 898/898/1 172/172/1
f 171/171/1 897/897/1 898/898/1
f 534/534/1 535/535/1 1261/1261/1
f 534/534/1 1261/1261/1 1260/1260/1
f 172/172/1 536/536/1 173/173/1
f 172/172/1 535/535/1 536/536/1
f 898/898/1 899/899/1 1262/1262/1
f 898/898/1 1262/1262/1 1261/1261/1
f 172/172/1 899/899/1 173/173/1
f 172/172/1 898/898/1 899/899/1
f 535/535/1 536/536/1 1262/1262/1
f 535/535/1 1262/1262/1 1261/1261/1
f 173/173/1 537/537/1 174/174/1
f 173/173/1 536/536/1 537/537/1
f 899/899/1 900/900/1 1263/1263/1
f 899/899/1 1263/1263/1 1262/1262/1
f 173/173/1 900/900/1 174/174/1
f 173/173/1 899/899/1 900/900/1
f 536/536/1 537/537/1 1263/1263/1
f 536/536/1 1263/1263/1 1262/1262/1
f 174/174/1 538/538/1 175/175/1
f 174/174/1 537/537/1 538/538/1
f 900/900/1 901/901/1 1264/1264/1
f 900/900/1 1264/1264/1 1263/1263/1
f 174/174/1 901/901/1 175/175/1
f 174/174/1 900/900/1 901/901/1
f 537/537/1 538/538/1 1264/1264/1
f 537/537/1 1264/1264/1 1263/1263/1
f 175/175/1 539/539/1 176/176/1
f 175/175/1 538/538/1 539/539/1
f 901/901/1 902/902/1 1265/1265/1
f 901/901/1 1265/1265/1 1264/1264/1
f 175/175/1 902/902/1 176/176/1
f 175/175/1 901/901/1 902/902/1
f 538/538/1 539/539/1 1265/1265/1
f 538/538/1 1265/1265/1 1264/1264/1
f 176/176/1 540/540/1 177/177/1
f 176/176/1 539/539/1 540/540/1
f 902/902/1 903/903/1 1266/1266/1
f 902/902/1 1266/1266/1 1265/1265/1
f 176/176/1 903/903/1 177/177/1
f 176/176/1 902/902/1 903/903/1
f 539/539/1 540/540/1 1266/1266/1
f 539/539/1 1266/1266/1 1265/1265/1
f 177/177/1 541/541/1 178/178/1
f 177/177/1 540/540/1 541/541/1
f 903/903/1 904/904/1 1267/1267/1
f 903/903/1 1267/1267/1 1266/1266/1
f 177/177/1 904/904/1 178/178/1
f 177/177/1 903/903/1 904/904/1
f 540/540/1 541/541/1 1267/1267/1
f 540/540/1 1267/1267/1 1266/1266/1
f 178/178/1 542/542/1 179/179/1
f 178/178/1 541/541/1 542/542/1
f 904/904/1 905/905/1 1268/1268/1
f 904/904/1 1268/1268/1 1267/1267/1
f 178/178/1 905/905/1 179/179/1
f 178/178/1 904/904/1 905/905/1
f 541/541/1 542/542/1 1268/1268/1
f 541/541/1 1268/1268/1 1267/1267/1
f 179/179/1 543/543/1 180/180/1
f 179/179/1 542/542/1 543/543/1
f 905/905/1 906/906/1 1269/1269/1
f 905/905/1 1269/1269/1 1268/1268/1
f 179/179/1 906/906/1 180/180/1
f 179/179/1 905/905/1 906/906/1
f 542/542/1 543/543/1 1269/1269/1
f 542/542/1 1269/1269/1 1268/1268/1
f 180/180/1 544/544/1 181/181/1
f 180/180/1 543/543/1 544/544/1
f 906/906/1 907/907/1 1270/1270/1
f 906/906/1 1270/1270/1 1269/1269/1
f 180/180/1 907/907/1 181/181/1
f 180/180/1 906/906/1 907/907/1
f 543/543/1 544/544/1 1270/1270/1
f 543/543/1 1270/1270/1 1269/1269/1
f 181/181/1 545/545/1 182/182/1
f 181/181/1 544/544/1 545/545/1
f 907/907/1 908/908/1 1271/1271/1
f 907/907/1 1271/1271/1 1270/1270/1
f 181/181/1 908/908/1 182/182/1
f 181/181/1 907/907/1 908/908/1
f 544/544/1 545/545/1 1271/1271/1
f 544/544/1 1271/1271/1 1270/1270/1
f 182/182/1 546/546/1 183/183/1
f 182/182/1 545/545/1 546/546/1
f 908/908/1 909/909/1 1272/1272/1
f 908/908/1 1272/1272/1 1271/1271/1
f 182/182/1 909/909/1 183/183/1
f 182/182/1 908/908/1 909/909/1
f 545/545/1 546/546/1 1272/1272/1
f 545/545/1 1272/1272/1 1271/1271/1
f 183/183/1 547/547/1 184/184/1
f 183/183/1 546/546/1 547/547/1
f 909/909/1 910/910/1 1273/1273/1
f 909/909/1 1273/1273/1 1272/1272/1
f 183/183/1 910/910/1 184/184/1
f 183/183/1 909/909/1 910/910/1
f 546/546/1 547/547/1 1273/1273/1
f 546/546/1 1273/1273/1 1272/1272/1
f 184/184/1 548/548/1 185/185/1
f 184/184/1 547/547/1 548/548/1
f 910/910/1 911/911/1 1274/1274/1
f 910/910/1 1274/1274/1 1273/1273/1
f 184/184/1 911/911/1 185/185/1
f 184/184/1 910/910/1 911/911/1
f 547/547/1 548/548/1 1274/1274/1
f 547/547/1 1274/1274/1 1273/1273/1
f 185/185/1 549/549/1 186/186/1
f 185/185/1 548/548/1 549/549/1
f 911/911/1 912/912/1 1275/1275/1
f 911/911/1 1275/1275/1 1274/1274/1
f 185/185/1 912/912/1 186/186/1
f 185/185/1 911/911/1 912/912/1
f 548/548/1 549/549/1 1275/1275/1
f 548/548/1 1275/1275/1 1274/1274/1
f 186/186/1 550/550/1 187/187/1
f 186/186/1 549/549/1 550/550/1
f 912/912/1 913/913/1 1276/1276/1
f 912/912/1 1276/1276/1 1275/1275/1
f 186/186/1 913/913/1 187/187/1
f 186/186/1 912/912/1 913/913/1
f 549/549/1 550/550/1 1276/1276/1
f 549/549/1 1276/1276/1 1275/1275/1
f 187/187/1 551/551/1 188/188/1
f 187/187/1 550/550/1 551/551/1
f 913/913/1 914/914/1 1277/1277/1
f 913/913/1 1277/1277/1 1276/1276/1
f 187/187/1 914/914/1 188/188/1
f 187/187/1 913/913/1 914/914/1
f 550/550/1 551/551/1 1277/1277/1
f 550/550/1 1277/1277/1 1276/1276/1
f 188/188/1 552/552/1 189/189/1
f 188/188/1 551/551/1 552/552/1
f 914/914/1 915/915/1 1278/1278/1
f 914/914/1 1278/1278/1 1277/1277/1
f 188/188/1 915/915/1 189/189/1
f 188/188/1 914/914/1 915/915/1
f 551/551/1 552/552/1 1278/1278/1
f 551/551/1 1278/1278/1 1277/1277/1
f 189/189/1 553/553/1 190/190/1
f 189/189/1 552/552/1 553/553/1
f 915/915/1 916/916/1 1279/1279/1
f 915/915/1 1279/1279/1 1278/1278/1
f 189/189/1 916/916/1 190/190/1
f 189/189/1 915/915/1 916/916/1
f 552/552/1 553/553/1 1279/1279/1
f 552/552/1 1279/1279/1 1278/1278/1
f 190/190/1 554/554/1 191/191/1
f 190/190/1 553/553/1 554/554/1
f 916/916/1 917/917/1 1280/1280/1
f 916/916/1 1280/1280/1 1279/1279/1
f 190/190/1 917/917/1 191/191/1
f 190/190/1 916/916/1 917/917/1
f 553/553/1 554/554/1 1280/1280/1
f 553/553/1 1280/1280/1 1279/1279/1
f 191/191/1 555/555/1 192/192/1
f 191/191/1 554/554/1 555/555/1
f 917/917/1 918/918/1 1281/1281/1
f 917/917/1 1281/1281/1 1280/1280/1
f 191/191/1 918/918/1 192/192/1
f 191/191/1 917/917/1 918/918/1
f 554/554/1 555/555/1 1281/1281/1
f 554/554/1 1281/1281/1 1280/1280/1
f 192/192/1 556/556/1 193/193/1
f 192/192/1 555/555/1 556/556/1
f 918/918/1 919/919/1 1282/1282/1
f 918/918/1 1282/1282/1 1281/1281/1
f 192/192/1 919/919/1 193/193/1
f 192/192/1 918/918/1 919/919/1
f 555/555/1 556/556/1 1282/1282/1
f 555/555/1 1282/1282/1 1281/1281/1
f 193/193/1 557/557/1 194/194/1
f 193/193/1 556/556/1 557/557/1
f 919/919/1 920/920/1 1283/1283/1
f 919/919/1 1283/1283/1 1282/1282/1
f 193/193/1 920/920/1 194/194/1
f 193/193/1 919/919/1 920/920/1
f 556/556/1 557/557/1 1283/1283/1
f 556/556/1 1283/1283/1 1282/1282/1
f 194/194/1 558/558/1 195/195/1
f 194/194/1 557/557/1 558/558/1
f 920/920/1 921/921/1 1284/1284/1
f 920/920/1 1284/1284/1 1283/1283/1
f 194/194/1 921/921/1 195/195/1
f 194/194/1 920/920/1 921/921/1
f 557/557/1 558/558/1 1284/1284/1
f 557/557/1 1284/1284/1 1283/1283/1
f 195/195/1 559/559/1 196/196/1
f 195/195/1 558/558/1 559/559/1
f 921/921/1 922/922/1 1285/1285/1
f 921/921/1 1285/1285/1 1284/1284/1
f 195/195/1 922/922/1 196/196/1
f 195/195/1 921/921/1 922/922/1
f 558/558/1 559/559/1 1285/1285/1
f 558/558/1 1285/1285/1 1284/1284/1
f 196/196/1 560/560/1 197/197/1
f 196/196/1 559/559/1 560/560/1
f 922/922/1 923/923/1 1286/1286/1
f 922/922/1 1286/1286/1 1285/1285/1
f 196/196/1 923/923/1 197/197/1
f 196/196/1 922/922/1 923/923/1
f 559/559/1 560/560/1 1286/1286/1
f 559/559/1 1286/1286/1 1285/1285/1
f 197/197/1 561/561/1 198/198/1
f 197/197/1 560/560/1 561/561/1
f 923/923/1 924/924/1 1287/1287/1
f 923/923/1 1287/1287/1 1286/1286/1
f 197/197/1 924/924/1 198/198/1
f 197/197/1 923/923/1 924/924/1
f 560/560/1 561/561/1 1287/1287/1
f 560/560/1 1287/1287/1 1286/1286/1
f 198/198/1 562/562/1 199/199/1
f 198/198/1 561/561/1 562/562/1
f 924/924/1 925/925/1 1288/1288/1
f 924/924/1 1288/1288/1 1287/1287/1
f 198/198/1 925/925/1 199/199/1
f 198/198/1 924/924/1 925/925/1
f 561/561/1 562/562/1 1288/1288/1
f 561/561/1 1288/1288/1 1287/1287/1
f 199/199/1 563/563/1 200/200/1
f 199/199/1 562/562/1 563/563/1
f 925/925/1 926/926/1 1289/1289/1
f 925/925/1 1289/1289/1 1288/1288/1
f 199/199/1 926/926/1 200/200/1
f 199/199/1 925/925/1 926/926/1
f 562/562/1 563/563/1 1289/1289/1
f 562/562/1 1289/1289/1 1288/1288/1
f 200/200/1 564/564/1 201/201/1
f 200/200/1 563/563/1 564/564/1
f 926/926/1 927/927/1 1290/1290/1
f 926/926/1 1290/1290/1 1289/1289/1
f 200/200/1 927/927/1 201/201/1
f 200/200/1 926/926/1 927/927/1
f 563/563/1 564/564/1 1290/1290/1
f 563/563/1 1290/1290/1 1289/1289/1
f 201/201/1 565/565/1 202/202/1
f 201/201/1 564/564/1 565/565/1
f 927/927/1 928/928/1 1291/1291/1
f 927/927/1 1291/1291/1 1290/1290/1
f 201/201/1 928/928/1 202/202/1
f 201/201/1 927/927/1 928/928/1
f 564/564/1 565/565/1 1291/1291/1
f 564/564/1 1291/1291/1 1290/1290/1
f 202/202/1 566/566/1 203/203/1
f 202/202/1 565/565/1 566/566/1
f 928/928/1 929/929/1 1292/1292/1
f 928/928/1 1292/1292/1 1291/1291/1
f 202/202/1 929/929/1 203/203/1
f 202/202/1 928/928/1 929/929/1
f 565/565/1 566/566/1 1292/1292/1
f 565/565/1 1292/1292/1 1291/1291/1
f 203/203/1 567/567/1 204/204/1
f 203/203/1 566/566/1 567/567/1
f 929/929/1 930/930/1 1293/1293/1
f 929/929/1 1293/1293/1 1292/1292/1
f 203/203/1 930/930/1 204/204/1
f 203/203/1 929/929/1 930/930/1
f 566/566/1 567/567/1 1293/1293/1
f 566/566/1 1293/1293/1 1292/1292/1
f 204/204/1 568/568/1 205/205/1
f 204/204/1 567/567/1 568/568/1
f 930/930/1 931/931/1 1294/1294/1
f 930/930/1 1294/1294/1 1293/1293/1
f 204/204/1 931/931/1 205/205/1
f 204/204/1 930/930/1 931/931/1
f 567/567/1 568/568/1 1294/1294/1
f 567/567/1 1294/1294/1 1293/1293/1
f 205/205/1 569/569/1 206/206/1
f 205/205/1 568/568/1 569/569/1
f 931/931/1 932/932/1 1295/1295/1
f 931/931/1 1295/1295/1 1294/1294/1
f 205/205/1 932/932/1 206/206/1
f 205/205/1 931/931/1 932/932/1
f 568/568/1 569/569/1 1295/1295/1
f 568/568/1 1295/1295/1 1294/1294/1
f 206/206/1 570/570/1 207/207/1
f 206/206/1 569/569/1 570/570/1
f 932/932/1 933/933/1 1296/1296/1
f 932/932/1 1296/1296/1 1295/1295/1
f 206/206/1 933/933/1 207/207/1
f 206/206/1 932/932/1 933/933/1
f 569/569/1 570/570/1 1296/1296/1
f 569/569/1 1296/1296/1 1295/1295/1
f 207/207/1 571/571/1 208/208/1
f 207/207/1 570/570/1 571/571/1
f 933/933/1 934/934/1 1297/1297/1
f 933/933/1 1297/1297/1 1296/1296/1
f 207/207/1 934/934/1 208/208/1
f 207/207/1 933/933/1 934/934/1
f 570/570/1 571/571/1 1297/1297/1
f 570/570/1 1297/1297/1 1296/1296/1
f 208/208/1 572/572/1 209/209/1
f 208/208/1 571/571/1 572/572/1
f 934/934/1 935/935/1 1298/1298/1
f 934/934/1 1298/1298/1 1297/1297/1
f 208/208/1 935/935/1 209/209/1
f 208/208/1 934/934/1 935/935/1
f 571/571/1 572/572/1 1298/1298/1
f 571/571/1 1298/1298/1 1297/1297/1
f 209/209/1 573/573/1 210/210/1
f 209/209/1 572/572/1 573/573/1
f 935/935/1 936/936/1 1299/1299/1
f 935/935/1 1299/1299/1 1298/1298/1
f 209/209/1 936/936/1 210/210/1
f 209/209/1 935/935/1 936/936/1
f 572/572/1 573/573/1 1299/1299/1
f 572/572/1 1299/1299/1 1298/1298/1
f 210/210/1 574/574/1 211/211/1
f 210/210/1 573/573/1 574/574/1
f 936/936/1 937/937/1 1300/1300/1
f 936/936/1 1300/1300/1 1299/1299/1
f 210/210/1 937/937/1 211/211/1
f 210/210/1 936/936/1 937/937/1
f 573/573/1 574/574/1 1300/1300/1
f 573/573/1 1300/1300/1 1299/1299/1
f 211/211/1 575/575/1 212/212/1
f 211/211/1 574/574/1 575/575/1
f 937/937/1 938/938/1 1301/1301/1
f 937/937/1 1301/1301/1 1300/1300/1
f 211/211/1 938/938/1 212/212/1
f 211/211/1 937/937/1 938/938/1
f 574/574/1 575/575/1 1301/1301/1
f 574/574/1 1301/1301/1 1300/1300/1
f 212/212/1 576/576/1 213/213/1
f 212/212/1 575/575/1 576/576/1
f 938/938/1 939/939/1 1302/1302/1
f 938/938/1 1302/1302/1 1301/1301/1
f 212/212/1 939/939/1 213/213/1
f 212/212/1 938/938/1 939/939/1
f 575/575/1 576/576/1 1302/1302/1
f 575/575/1 1302/1302/1 1301/1301/1
f 213/213/1 577/577/1 214/214/1
f 213/213/1 576/576/1 577/577/1
f 939/939/1 940/940/1 1303/1303/1
f 939/939/1 1303/1303/1 1302/1302/1
f 213/213/1 940/940/1 214/214/1
f 213/213/1 939/939/1 940/940/1
f 576/576/1 577/577/1 1303/1303/1
f 576/576/1 1303/1303/1 1302/1302/1
f 214/214/1 578/578/1 215/215/1
f 214/214/1 577/577/1 578/578/1
f 940/940/1 941/941/1 1304/1304/1
f 940/940/1 1304/1304/1 1303/1303/1
f 214/214/1 941/941/1 215/215/1
f 214/214/1 940/940/1 941/941/1
f 577/577/1 578/578/1 1304/1304/1
f 577/577/1 1304/1304/1 1303/1303/1
f 215/215/1 579/579/1 216/216/1
f 215/215/1 578/578/1 579/579/1
f 941/941/1 942/942/1 1305/1305/1
f 941/941/1 1305/1305/1 1304/1304/1
f 215/215/1 942/942/1 216/216/1
f 215/215/1 941/941/1 942/942/1
f 578/578/1 579/579/1 1305/1305/1
f 578/578/1 1305/1305/1 1304/1304/1
f 216/216/1 580/580/1 217/217/1
f 216/216/1 579/579/1 580/580/1
f 942/942/1 943/943/1 1306/1306/1
f 942/942/1 1306/1306/1 1305/1305/1
f 216/216/1 943/943/1 217/217/1
f 216/216/1 942/942/1 943/943/1
f 579/579/1 580/580/1 1306/1306/1
f 579/579/1 1306/1306/1 1305/1305/1
f 217/217/1 581/581/1 218/218/1
f 217/217/1 580/580/1 581/581/1
f 943/943/1 944/944/1 1307/1307/1
f 943/943/1 1307/1307/1 1306/1306/1
f 217/217/1 944/944/1 218/218/1
f 217/217/1 943/943/1 944/944/1
f 580/580/1 581/581/1 1307/1307/1
f 580/580/1 1307/1307/1 1306/1306/1
f 218/218/1 582/582/1 219/219/1
f 218/218/1 581/581/1 582/582/1
f 944/944/1 945/945/1 1308/1308/1
f 944/944/1 1308/1308/1 1307/1307/1
f 218/218/1 945/945/1 219/219/1
f 218/218/1 944/944/1 945/945/1
f 581/581/1 582/582/1 1308/1308/1
f 581/581/1 1308/1308/1 1307/1307/1
f 219/219/1 583/583/1 220/220/1
f 219/219/1 582/582/1 583/583/1
f 945/945/1 946/946/1 1309/1309/1
f 945/945/1 1309/1309/1 1308/1308/1
f 219/219/1 946/946/1 220/220/1
f 219/219/1 945/945/1 946/946/1
f 582/582/1 583/583/1 1309/1309/1
f 582/582/1 1309/1309/1 1308/1308/1
f 220/220/1 584/584/1 221/221/1
f 220/220/1 583/583/1 584/584/1
f 946/946/1 947/947/1 1310/1310/1
f 946/946/1 1310/1310/1 1309/1309/1
f 220/220/1 947/947/1 221/221/1
f 220/220/1 946/946/1 947/947/1
f 583/583/1 584/584/1 1310/1310/1
f 583/583/1 1310/1310/1 1309/1309/1
f 221/221/1 585/585/1 222/222/1
f 221/221/1 584/584/1 585/585/1
f 947/947/1 948/948/1 1311/1311/1
f 947/947/1 1311/1311/1 1310/1310/1
f 221/221/1 948/948/1 222/222/1
f 221/221/1 947/947/1 948/948/1
f 584/584/1 585/585/1 1311/1311/1
f 584/584/1 1311/1311/1 1310/1310/1
f 222/222/1 586/586/1 223/223/1
f 222/222/1 585/585/1 586/586/1
f 948/948/1 949/949/1 1312/1312/1
f 948/948/1 1312/1312/1 1311/1311/1
f 222/222/1 949/949/1 223/223/1
f 222/222/1 948/948/1 949/949/1
f 585/585/1 586/586/1 1312/1312/1
f 585/585/1 1312/1312/1 1311/1311/1
f 223/223/1 587/587/1 224/224/1
f 223/223/1 586/586/1 587/587/1
f 949/949/1 950/950/1 1313/1313/1
f 949/949/1 1313/1313/1 1312/1312/1
f 223/223/1 950/950/1 224/224/1
f 223/223/1 949/949/1 950/950/1
f 586/586/1 587/587/1 1313/1313/1
f 586/586/1 1313/1313/1 1312/1312/1
f 224/224/1 588/588/1 225/225/1
f 224/224/1 587/587/1 588/588/1
f 950/950/1 951/951/1 1314/1314/1
f 950/950/1 1314/1314/1 1313/1313/1
f 224/224/1 951/951/1 225/225/1
f 224/224/1 950/950/1 951/951/1
f 587/587/1 588/588/1 1314/1314/1
f 587/587/1 1314/1314/1 1313/1313/1
f 225/225/1 589/589/1 226/226/1
f 225/225/1 588/588/1 589/589/1
f 951/951/1 952/952/1 1315/1315/1
f 951/951/1 1315/1315/1 1314/1314/1
f 225/225/1 952/952/1 226/226/1
f 225/225/1 951/951/1 952/952/1
f 588/588/1 589/589/1 1315/1315/1
f 588/588/1 1315/1315/1 1314/1314/1
f 226/226/1 590/590/1 227/227/1
f 226/226/1 589/589/1 590/590/1
f 952/952/1 953/953/1 1316/1316/1
f 952/952/1 1316/1316/1 1315/1315/1
f 226/226/1 953/953/1 227/227/1
f 226/226/1 952/952/1 953/953/1
f 589/589/1 590/590/1 1316/1316/1
f 589/589/1 1316/1316/1 1315/1315/1
f 227/227/1 591/591/1 228/228/1
f 227/227/1 590/590/1 591/591/1
f 953/953/1 954/954/1 1317/1317/1
f 953/953/1 1317/1317/1 1316/1316/1
f 227/227/1 954/954/1 228/228/1
f 227/227/1 953/953/1 954/954/1
f 590/590/1 591/591/1 1317/1317/1
f 590/590/1 1317/1317/1 1316/1316/1
f 228/228/1 592/592/1 229/229/1
f 228/228/1 591/591/1 592/592/1
f 954/954/1 955/955/1 1318/1318/1
f 954/954/1 1318/1318/1 1317/1317/1
f 228/228/1 955/955/1 229/229/1
f 228/228/1 954/954/1 955/955/1
f 591/591/1 592/592/1 1318/1318/1
f 591/591/1 1318/1318/1 1317/1317/1
f 229/229/1 593/593/1 230/230/1
f 229/229/1 592/592/1 593/593/1
f 955/955/1 956/956/1 1319/1319/1
f 955/955/1 1319/1319/1 1318/1318/1
f 229/229/1 956/956/1 230/230/1
f 229/229/1 955/955/1 956/956/1
f 592/592/1 593/593/1 1319/1319/1
f 592/592/1 1319/1319/1 1318/1318/1
f 230/230/1 594/594/1 231/231/1
f 230/230/1 593/593/1 594/594/1
f 956/956/1 957/957/1 1320/1320/1
f 956/956/1 1320/1320/1 1319/1319/1
f 230/230/1 957/957/1 231/231/1
f 230/230/1 956/956/1 957/957/1
f 593/593/1 594/594/1 1320/1320/1
f 593/593/1 1320/1320/1 1319/1319/1
f 231/231/1 595/595/1 232/232/1
f 231/231/1 594/594/1 595/595/1
f 957/957/1 958/958/1 1321/1321/1
f 957/957/1 1321/1321/1 1320/1320/1
f 231/231/1 958/958/1 232/232/1
f 231/231/1 957/957/1 958/958/1
f 594/594/1 595/595/1 1321/1321/1
f 594/594/1 1321/1321/1 1320/1320/1
f 232/232/1 596/596/1 233/233/1
f 232/232/1 595/595/1 596/596/1
f 958/958/1 959/959/1 1322/1322/1
f 958/958/1 1322/1322/1 1321/1321/1
f 232/232/1 959/959/1 233/233/1
f 232/232/1 958/958/1 959/959/1
f 595/595/1 596/596/1 1322/1322/1
f 595/595/1 1322/1322/1 1321/1321/1
f 233/233/1 597/597/1 234/234/1
f 233/233/1 596/596/1 597/597/1
f 959/959/1 960/960/1 1323/1323/1
f 959/959/1 1323/1323/1 1322/1322/1
f 233/233/1 960/960/1 234/234/1
f 233/233/1 959/959/1 960/960/1
f 596/596/1 597/597/1 1323/1323/1
f 596/596/1 1323/1323/1 1322/1322/1
f 234/234/1 598/598/1 235/235/1
f 234/234/1 597/597/1 598/598/1
f 960/960/1 961/961/1 1324/1324/1
f 960/960/1 1324/1324/1 1323/1323/1
f 234/234/1 961/961/1 235/235/1
f 234/234/1 960/960/1 961/961/1
f 597/597/1 598/598/1 1324/1324/1
f 597/597/1 1324/1324/1 1323/1323/1
f 235/235/1 599/599/1 236/236/1
f 235/235/1 598/598/1 599/599/1
f 961/961/1 962/962/1 1325/1325/1
f 961/961/1 1325/1325/1 1324/1324/1
f 235/235/1 962/962/1 236/236/1
f 235/235/1 961/961/1 962/962/1
f 598/598/1 599/599/1 1325/1325/1
f 598/598/1 1325/1325/1 1324/1324/1
f 236/236/1 600/600/1 237/237/1
f 236/236/1 599/599/1 600/600/1
f 962/962/1 963/963/1 1326/1326/1
f 962/962/1 1326/1326/1 1325/1325/1
f 236/236/1 963/963/1 237/237/1
f 236/236/1 962/962/1 963/963/1
f 599/599/1 600/600/1 1326/1326/1
f 599/599/1 1326/1326/1 1325/1325/1
f 237/237/1 601/601/1 238/238/1
f 237/237/1 600/600/1 601/601/1
f 963/963/1 964/964/1 1327/1327/1
f 963/963/1 1327/1327/1 1326/1326/1
f 237/237/1 964/964/1 238/238/1
f 237/237/1 963/963/1 964/964/1
f 600/600/1 601/601/1 1327/1327/1
f 600/600/1 1327/1327/1 1326/1326/1
f 238/238/1 602/602/1 239/239/1
f 238/238/1 601/601/1 602/602/1
f 964/964/1 965/965/1 1328/1328/1
f 964/964/1 1328/1328/1 1327/1327/1
f 238/238/1 965/965/1 239/239/1
f 238/238/1 964/964/1 965/965/1
f 601/601/1 602/602/1 1328/1328/1
f 601/601/1 1328/1328/1 1327/1327/1
f 239/239/1 603/603/1 240/240/1
f 239/239/1 602/602/1 603/603/1
f 965/965/1 966/966/1 1329/1329/1
f 965/965/1 1329/1329/1 1328/1328/1
f 239/239/1 966/966/1 240/240/1
f 239/239/1 965/965/1 966/966/1
f 602/602/1 603/603/1 1329/1329/1
f 602/602/1 1329/1329/1 1328/1328/1
f 240/240/1 604/604/1 241/241/1
f 240/240/1 603/603/1 604/604/1
f 966/966/1 967/967/1 1330/1330/1
f 966/966/1 1330/1330/1 1329/1329/1
f 240/240/1 967/967/1 241/241/1
f 240/240/1 966/966/1 967/967/1
f 603/603/1 604/604/1 1330/1330/1
f 603/603/1 1330/1330/1 1329/1329/1
f 241/241/1 605/605/1 242/242/1
f 241/241/1 604/604/1 605/605/1
f 967/967/1 968/968/1 1331/1331/1
f 967/967/1 1331/1331/1 1330/1330/1
f 241/241/1 968/968/1 242/242/1
f 241/241/1 967/967/1 968/968/1
f 604/604/1 605/605/1 1331/1331/1
f 604/604/1 1331/1331/1 1330/1330/1
f 242/242/1 606/606/1 243/243/1
f 242/242/1 605/605/1 606/606/1
f 968/968/1 969/969/1 1332/1332/1
f 968/968/1 1332/1332/1 1331/1331/1
f 242/242/1 969/969/1 243/243/1
f 242/242/1 968/968/1 969/969/1
f 605/605/1 606/606/1 1332/1332/1
f 605/605/1 1332/1332/1 1331/1331/1
f 243/243/1 607/607/1 244/244/1
f 243/243/1 606/606/1 607/607/1
f 969/969/1 970/970/1 1333/1333/1
f 969/969/1 1333/1333/1 1332/1332/1
f 243/243/1 970/970/1 244/244/1
f 243/243/1 969/969/1 970/970/1
f 606/606/1 607/607/1 1333/1333/1
f 606/606/1 1333/1333/1 1332/1332/1
f 244/244/1 608/608/1 245/245/1
f 244/244/1 607/607/1 608/608/1
f 970/970/1 971/971/1 1334/1334/1
f 970/970/1 1334/1334/1 1333/1333/1
f 244/244/1 971/971/1 245/245/1
f 244/244/1 970/970/1 971/971/1
f 607/607/1 608/608/1 1334/1334/1
f 607/607/1 1334/1334/1 1333/1333/1
f 245/245/1 609/609/1 246/246/1
f 245/245/1 608/608/1 609/609/1
f 971/971/1 972/972/1 1335/1335/1
f 971/971/1 1335/1335/1 1334/1334/1
f 245/245/1 972/972/1 246/246/1
f 245/245/1 971/971/1 972/972/1
f 608/608/1 609/609/1 1335/1335/1
f 608/608/1 1335/1335/1 1334/1334/1
f 246/246/1 610/610/1 247/247/1
f 246/246/1 609/609/1 610/610/1
f 972/972/1 973/973/1 1336/1336/1
f 972/972/1 1336/1336/1 1335/1335/1
f 246/246/1 973/973/1 247/247/1
f 246/246/1 972/972/1 973/973/1
f 609/609/1 610/610/1 1336/1336/1
f 609/609/1 1336/1336/1 1335/1335/1
f 247/247/1 611/611/1 248/248/1
f 247/247/1 610/610/1 611/611/1
f 973/973/1 974/974/1 1337/1337/1
f 973/973/1 1337/1337/1 1336/1336/1
f 247/247/1 974/974/1 248/248/1
f 247/247/1 973/973/1 974/974/1
f 610/610/1 611/611/1 1337/1337/1
f 610/610/1 1337/1337/1 1336/1336/1
f 248/248/1 612/612/1 249/249/1
f 248/248/1 611/611/1 612/612/1
f 974/974/1 975/975/1 1338/1338/1
f 974/974/1 1338/1338/1 1337/1337/1
f 248/248/1 975/975/1 249/249/1
f 248/248/1 974/974/1 975/975/1
f 611/611/1 612/612/1 1338/1338/1
f 611/611/1 1338/1338/1 1337/1337/1
f 249/249/1 613/613/1 250/250/1
f 249/249/1 612/612/1 613/613/1
f 975/975/1 976/976/1 1339/1339/1
f 975/975/1 1339/1339/1 1338/1338/1
f 249/249/1 976/976/1 250/250/1
f 249/249/1 975/975/1 976/976/1
f 612/612/1 613/613/1 1339/1339/1
f 612/612/1 1339/1339/1 1338/1338/1
f 250/250/1 614/614/1 251/251/1
f 250/250/1 613/613/1 614/614/1
f 976/976/1 977/977/1 1340/1340/1
f 976/976/1 1340/1340/1 1339/1339/1
f 250/250/1 977/977/1 251/251/1
f 250/250/1 976/976/1 977/977/1
f 613/613/1 614/614/1 1340/1340/1
f 613/613/1 1340/1340/1 1339/1339/1
f 251/251/1 615/615/1 252/252/1
f 251/251/1 614/614/1 615/615/1
f 977/977/1 978/978/1 1341/1341/1
f 977/977/1 1341/1341/1 1340/1340/1
f 251/251/1 978/978/1 252/252/1
f 251/251/1 977/977/1 978/978/1
f 614/614/1 615/615/1 1341/1341/1
f 614/614/1 1341/1341/1 1340/1340/1
f 252/252/1 616/616/1 253/253/1
f 252/252/1 615/615/1 616/616/1
f 978/978/1 979/979/1 1342/1342/1
f 978/978/1 1342/1342/1 1341/1341/1
f 252/252/1 979/979/1 253/253/1
f 252/252/1 978/978/1 979/979/1
f 615/615/1 616/616/1 1342/1342/1
f 615/615/1 1342/1342/1 1341/1341/1
f 253/253/1 617/617/1 254/254/1
f 253/253/1 616/616/1 617/617/1
f 979/979/1 980/980/1 1343/1343/1
f 979/979/1 1343/1343/1 1342/1342/1
f 253/253/1 980/980/1 254/254/1
f 253/253/1 979/979/1 980/980/1
f 616/616/1 617/617/1 1343/1343/1
f 616/616/1 1343/1343/1 1342/1342/1
f 254/254/1 618/618/1 255/255/1
f 254/254/1 617/617/1 618/618/1
f 980/980/1 981/981/1 1344/1344/1
f 980/980/1 1344/1344/1 1343/1343/1
f 254/254/1 981/981/1 255/255/1
f 254/254/1 980/980/1 981/981/1
f 617/617/1 618/618/1 1344/1344/1
f 617/617/1 1344/1344/1 1343/1343/1
f 255/255/1 619/619/1 256/256/1
f 255/255/1 618/618/1 619/619/1
f 981/981/1 982/982/1 1345/1345/1
f 981/981/1 1345/1345/1 1344/1344/1
f 255/255/1 982/982/1 256/256/1
f 255/255/1 981/981/1 982/982/1
f 618/618/1 619/619/1 1345/1345/1
f 618/618/1 1345/1345/1 1344/1344/1
f 256/256/1 620/620/1 257/257/1
f 256/256/1 619/619/1 620/620/1
f 982/982/1 983/983/1 1346/1346/1
f 982/982/1 1346/1346/1 1345/1345/1
f 256/256/1 983/983/1 257/257/1
f 256/256/1 982/982/1 983/983/1
f 619/619/1 620/620/1 1346/1346/1
f 619/619/1 1346/1346/1 1345/1345/1
f 257/257/1 621/621/1 258/258/1
f 257/257/1 620/620/1 621/621/1
f 983/983/1 984/984/1 1347/1347/1
f 983/983/1 1347/1347/1 1346/1346/1
f 257/257/1 984/984/1 258/258/1
f 257/257/1 983/983/1 984/984/1
f 620/620/1 621/621/1 1347/1347/1
f 620/620/1 1347/1347/1 1346/1346/1
f 258/258/1 622/622/1 259/259/1
f 258/258/1 621/621/1 622/622/1
f 984/984/1 985/985/1 1348/1348/1
f 984/984/1 1348/1348/1 1347/1347/1
f 258/258/1 985/985/1 259/259/1
f 258/258/1 984/984/1 985/985/1
f 621/621/1 622/622/1 1348/1348/1
f 621/621/1 1348/1348/1 1347/1347/1
f 259/259/1 623/623/1 260/260/1
f 259/259/1 622/622/1 623/623/1
f 985/985/1 986/986/1 1349/1349/1
f 985/985/1 1349/1349/1 1348/1348/1
f 259/259/1 986/986/1 260/260/1
f 259/259/1 985/985/1 986/986/1
f 622/622/1 623/623/1 1349/1349/1
f 622/622/1 1349/1349/1 1348/1348/1
f 260/260/1 624/624/1 261/261/1
f 260/260/1 623/623/1 624/624/1
f 986/986/1 987/987/1 1350/1350/1
f 986/986/1 1350/1350/1 1349/1349/1
f 260/260/1 987/987/1 261/261/1
f 260/260/1 986/986/1 987/987/1
f 623/623/1 624/624/1 1350/1350/1
f 623/623/1 1350/1350/1 1349/1349/1
f 261/261/1 625/625/1 262/262/1
f 261/261/1 624/624/1 625/625/1
f 987/987/1 988/988/1 1351/1351/1
f 987/987/1 1351/1351/1 1350/1350/1
f 261/261/1 988/988/1 262/262/1
f 261/261/1 987/987/1 988/988/1
f 624/624/1 625/625/1 1351/1351/1
f 624/624/1 1351/1351/1 1350/1350/1
f 262/262/1 626/626/1 263/263/1
f 262/262/1 625/625/1 626/626/1
f 988/988/1 989/989/1 1352/1352/1
f 988/988/1 1352/1352/1 1351/1351/1
f 262/262/1 989/989/1 263/263/1
f 262/262/1 988/988/1 989/989/1
f 625/625/1 626/626/1 1352/1352/1
f 625/625/1 1352/1352/1 1351/1351/1
f 263/263/1 627/627/1 264/264/1
f 263/263/1 626/626/1 627/627/1
f 989/989/1 990/990/1 1353/1353/1
f 989/989/1 1353/1353/1 1352/1352/1
f 263/263/1 990/990/1 264/264/1
f 263/263/1 989/989/1 990/990/1
f 626/626/1 627/627/1 1353/1353/1
f 626/626/1 1353/1353/1 1352/1352/1
f 264/264/1 628/628/1 265/265/1
f 264/264/1 627/627/1 628/628/1
f 990/990/1 991/991/1 1354/1354/1
f 990/990/1 1354/1354/1 1353/1353/1
f 264/264/1 991/991/1 265/265/1
f 264/264/1 990/990/1 991/991/1
f 627/627/1 628/628/1 1354/1354/1
f 627/627/1 1354/1354/1 1353/1353/1
f 265/265/1 629/629/1 266/266/1
f 265/265/1 628/628/1 629/629/1
f 991/991/1 992/992/1 1355/1355/1
f 991/991/1 1355/1355/1 1354/1354/1
f 265/265/1 992/992/1 266/266/1
f 265/265/1 991/991/1 992/992/1
f 628/628/1 629/629/1 1355/1355/1
f 628/628/1 1355/1355/1 1354/1354/1
f 266/266/1 630/630/1 267/267/1
f 266/266/1 629/629/1 630/630/1
f 992/992/1 993/993/1 1356/1356/1
f 992/992/1 1356/1356/1 1355/1355/1
f 266/266/1 993/993/1 267/267/1
f 266/266/1 992/992/1 993/993/1
f 629/629/1 630/630/1 1356/1356/1
f 629/629/1 1356/1356/1 1355/1355/1
f 267/267/1 631/631/1 268/268/1
f 267/267/1 630/630/1 631/631/1
f 993/993/1 994/994/1 1357/1357/1
f 993/993/1 1357/1357/1 1356/1356/1
f 267/267/1 994/994/1 268/268/1
f 267/267/1 993/993/1 994/994/1
f 630/630/1 631/631/1 1357/1357/1
f 630/630/1 1357/1357/1 1356/1356/1
f 268/268/1 632/632/1 269/269/1
f 268/268/1 631/631/1 632/632/1
f 994/994/1 995/995/1 1358/1358/1
f 994/994/1 1358/1358/1 1357/1357/1
f 268/268/1 995/995/1 269/269/1
f 268/268/1 994/994/1 995/995/1
f 631/631/1 632/632/1 1358/1358/1
f 631/631/1 1358/1358/1 1357/1357/1
f 269/269/1 633/633/1 270/270/1
f 269/269/1 632/632/1 633/633/1
f 995/995/1 996/996/1 1359/1359/1
f 995/995/1 1359/1359/1 1358/1358/1
f 269/269/1 996/996/1 270/270/1
f 269/269/1 995/995/1 996/996/1
f 632/632/1 633/633/1 1359/1359/1
f 632/632/1 1359/1359/1 1358/1358/1
f 270/270/1 634/634/1 271/271/1
f 270/270/1 633/633/1 634/634/1
f 996/996/1 997/997/1 1360/1360/1
f 996/996/1 1360/1360/1 1359/1359/1
f 270/270/1 997/997/1 271/271/1
f 270/270/1 996/996/1 997/997/1
f 633/633/1 634/634/1 1360/1360/1
f 633/633/1 1360/1360/1 1359/1359/1
f 271/271/1 635/635/1 272/272/1
f 271/271/1 634/634/1 635/635/1
f 997/997/1 998/998/1 1361/1361/1
f 997/997/1 1361/1361/1 1360/1360/1
f 271/271/1 998/998/1 272/272/1
f 271/271/1 997/997/1 998/998/1
f 634/634/1 635/635/1 1361/1361/1
f 634/634/1 1361/1361/1 1360/1360/1
f 272/272/1 636/636/1 273/273/1
f 272/272/1 635/635/1 636/636/1
f 998/998/1 999/999/1 1362/1362/1
f 998/998/1 1362/1362/1 1361/1361/1
f 272/272/1 999/999/1 273/273/1
f 272/272/1 998/998/1 999/999/1
f 635/635/1 636/636/1 1362/1362/1
f 635/635/1 1362/1362/1 1361/1361/1
f 273/273/1 637/637/1 274/274/1
f 273/273/1 636/636/1 637/637/1
f 999/999/1 1000/1000/1 1363/1363/1
f 999/999/1 1363/1363/1 1362/1362/1
f 273/273/1 1000/1000/1 274/274/1
f 273/273/1 999/999/1 1000/1000/1
f 636/636/1 637/637/1 1363/1363/1
f 636/636/1 1363/1363/1 1362/1362/1
f 274/274/1 638/638/1 275/275/1
f 274/274/1 637/637/1 638/638/1
f 1000/1000/1 1001/1001/1 1364/1364/1
f 1000/1000/1 1364/1364/1 1363/1363/1
f 274/274/1 1001/1001/1 275/275/1
f 274/274/1 1000/1000/1 1001/1001/1
f 637/637/1 638/638/1 1364/1364/1
f 637/637/1 1364/1364/1 1363/1363/1
f 275/275/1 639/639/1 276/276/1
f 275/275/1 638/638/1 639/639/1
f 1001/1001/1 1002/1002/1 1365/1365/1
f 1001/1001/1 1365/1365/1 1364/1364/1
f 275/275/1 1002/1002/1 276/276/1
f 275/275/1 1001/1001/1 1002/1002/1
f 638/638/1 639/639/1 1365/1365/1
f 638/638/1 1365/1365/1 1364/1364/1
f 276/276/1 640/640/1 277/277/1
f 276/276/1 639/639/1 640/640/1
f 1002/1002/1 1003/1003/1 1366/1366/1
f 1002/1002/1 1366/1366/1 1365/1365/1
f 276/276/1 1003/1003/1 277/277/1
f 276/276/1 1002/1002/1 1003/1003/1
f 639/639/1 640/640/1 1366/1366/1
f 639/639/1 1366/1366/1 1365/1365/1
f 277/277/1 641/641/1 278/278/1
f 277/277/1 640/640/1 641/641/1
f 1003/1003/1 1004/1004/1 1367/1367/1
f 1003/1003/1 1367/1367/1 1366/1366/1
f 277/277/1 1004/1004/1 278/278/1
f 277/277/1 1003/1003/1 1004/1004/1
f 640/640/1 641/641/1 1367/1367/1
f 640/640/1 1367/1367/1 1366/1366/1
f 278/278/1 642/642/1 279/279/1
f 278/278/1 641/641/1 642/642/1
f 1004/1004/1 1005/1005/1 1368/1368/1
f 1004/1004/1 1368/1368/1 1367/1367/1
f 278/278/1 1005/1005/1 279/279/1
f 278/278/1 1004/1004/1 1005/1005/1
f 641/641/1 642/642/1 1368/1368/1
f 641/641/1 1368/1368/1 1367/1367/1
f 279/279/1 643/643/1 280/280/1
f 279/279/1 642/642/1 643/643/1
f 1005/1005/1 1006/1006/1 1369/1369/1
f 1005/1005/1 1369/1369/1 1368/1368/1
f 279/279/1 1006/1006/1 280/280/1
f 279/279/1 1005/1005/1 1006/1006/1
f 642/642/1 643/643/1 1369/1369/1
f 642/642/1 1369/1369/1 1368/1368/1
f 280/280/1 644/644/1 281/281/1
f 280/280/1 643/643/1 644/644/1
f 1006/1006/1 1007/1007/1 1370/1370/1
f 1006/1006/1 1370/1370/1 1369/1369/1
f 280/280/1 1007/1007/1 281/281/1
f 280/280/1 1006/1006/1 1007/1007/1
f 643/643/1 644/644/1 1370/1370/1
f 643/643/1 1370/1370/1 1369/1369/1
f 281/281/1 645/645/1 282/282/1
f 281/281/1 644/644/1 645/645/1
f 1007/1007/1 1008/1008/1 1371/1371/1
f 1007/1007/1 1371/1371/1 1370/1370/1
f 281/281/1 1008/1008/1 282/282/1
f 281/281/1 1007/1007/1 1008/1008/1
f 644/644/1 645/645/1 1371/1371/1
f 644/644/1 1371/1371/1 1370/1370/1
f 282/282/1 646/646/1 283/283/1
f 282/282/1 645/645/1 646/646/1
f 1008/1008/1 1009/1009/1 1372/1372/1
f 1008/1008/1 1372/1372/1 1371/1371/1
f 282/282/1 1009/1009/1 283/283/1
f 282/282/1 1008/1008/1 1009/1009/1
f 645/645/1 646/646/1 1372/1372/1
f 645/645/1 1372/1372/1 1371/1371/1
f 283/283/1 647/647/1 284/284/1
f 283/283/1 646/646/1 647/647/1
f 1009/1009/1 1010/1010/1 1373/1373/1
f 1009/1009/1 1373/1373/1 1372/1372/1
f 283/283/1 1010/1010/1 284/284/1
f 283/283/1 1009/1009/1 1010/1010/1
f 646/646/1 647/647/1 1373/1373/1
f 646/646/1 1373/1373/1 1372/1372/1
f 284/284/1 648/648/1 285/285/1
f 284/284/1 647/647/1 648/648/1
f 1010/1010/1 1011/1011/1 1374/1374/1
f 1010/1010/1 1374/1374/1 1373/1373/1
f 284/284/1 1011/1011/1 285/285/1
f 284/284/1 1010/1010/1 1011/1011/1
f 647/647/1 648/648/1 1374/1374/1
f 647/647/1 1374/1374/1 1373/1373/1
f 285/285/1 649/649/1 286/286/1
f 285/285/1 648/648/1 649/649/1
f 1011/1011/1 1012/1012/1 1375/1375/1
f 1011/1011/1 1375/1375/1 1374/1374/1
f 285/285/1 1012/1012/1 286/286/1
f 285/285/1 1011/1011/1 1012/1012/1
f 648/648/1 649/649/1 1375/1375/1
f 648/648/1 1375/1375/1 1374/1374/1
f 286/286/1 650/650/1 287/287/1
f 286/286/1 649/649/1 650/650/1
f 1012/1012/1 1013/1013/1 1376/1376/1
f 1012/1012/1 1376/1376/1 1375/1375/1
f 286/286/1 1013/1013/1 287/287/1
f 286/286/1 1012/1012/1 1013/1013/1
f 649/649/1 650/650/1 1376/1376/1
f 649/649/1 1376/1376/1 1375/1375/1
f 287/287/1 651/651/1 288/288/1
f 287/287/1 650/650/1 651/651/1
f 1013/1013/1 1014/1014/1 1377/1377/1
f 1013/1013/1 1377/1377/1 1376/1376/1
f 287/287/1 1014/1014/1 288/288/1
f 287/287/1 1013/1013/1 1014/1014/1
f 650/650/1 651/651/1 1377/1377/1
f 650/650/1 1377/1377/1 1376/1376/1
f 288/288/1 652/652/1 289/289/1
f 288/288/1 651/651/1 652/652/1
f 1014/1014/1 1015/1015/1 1378/1378/1
f 1014/1014/1 1378/1378/1 1377/1377/1
f 288/288/1 1015/1015/1 289/289/1
f 288/288/1 1014/1014/1 1015/1015/1
f 651/651/1 652/652/1 1378/1378/1
f 651/651/1 1378/1378/1 1377/1377/1
f 289/289/1 653/653/1 290/290/1
f 289/289/1 652/652/1 653/653/1
f 1015/1015/1 1016/1016/1 1379/1379/1
f 1015/1015/1 1379/1379/1 1378/1378/1
f 289/289/1 1016/1016/1 290/290/1
f 289/289/1 1015/1015/1 1016/1016/1
f 652/652/1 653/653/1 1379/1379/1
f 652/652/1 1379/1379/1 1378/1378/1
f 290/290/1 654/654/1 291/291/1
f 290/290/1 653/653/1 654/654/1
f 1016/1016/1 1017/1017/1 1380/1380/1
f 1016/1016/1 1380/1380/1 1379/1379/1
f 290/290/1 1017/1017/1 291/291/1
f 290/290/1 1016/1016/1 1017/1017/1
f 653/653/1 654/654/1 1380/1380/1
f 653/653/1 1380/1380/1 1379/1379/1
f 291/291/1 655/655/1 292/292/1
f 291/291/1 654/654/1 655/655/1
f 1017/1017/1 1018/1018/1 1381/1381/1
f 1017/1017/1 1381/1381/1 1380/1380/1
f 291/291/1 1018/1018/1 292/292/1
f 291/291/1 1017/1017/1 1018/1018/1
f 654/654/1 655/655/1 1381/1381/1
f 654/654/1 1381/1381/1 1380/1380/1
f 292/292/1 656/656/1 293/293/1
f 292/292/1 655/655/1 656/656/1
f 1018/1018/1 1019/1019/1 1382/1382/1
f 1018/1018/1 1382/1382/1 1381/1381/1
f 292/292/1 1019/1019/1 293/293/1
f 292/292/1 1018/1018/1 1019/1019/1
f 655/655/1 656/656/1 1382/1382/1
f 655/655/1 1382/1382/1 1381/1381/1
f 293/293/1 657/657/1 294/294/1
f 293/293/1 656/656/1 657/657/1
f 1019/1019/1 1020/1020/1 1383/1383/1
f 1019/1019/1 1383/1383/1 1382/1382/1
f 293/293/1 1020/1020/1 294/294/1
f 293/293/1 1019/1019/1 1020/1020/1
f 656/656/1 657/657/1 1383/1383/1
f 656/656/1 1383/1383/1 1382/1382/1
f 294/294/1 658/658/1 295/295/1
f 294/294/1 657/657/1 658/658/1
f 1020/1020/1 1021/1021/1 1384/1384/1
f 1020/1020/1 1384/1384/1 1383/1383/1
f 294/294/1 1021/1021/1 295/295/1
f 294/294/1 1020/1020/1 1021/1021/1
f 657/657/1 658/658/1 1384/1384/1
f 657/657/1 1384/1384/1 1383/1383/1
f 295/295/1 659/659/1 296/296/1
f 295/295/1 658/658/1 659/659/1
f 1021/1021/1 1022/1022/1 1385/1385/1
f 1021/1021/1 1385/1385/1 1384/1384/1
f 295/295/1 1022/1022/1 296/296/1
f 295/295/1 1021/1021/1 1022/1022/1
f 658/658/1 659/659/1 1385/1385/1
f 658/658/1 1385/1385/1 1384/1384/1
f 296/296/1 660/660/1 297/297/1
f 296/296/1 659/659/1 660/660/1
f 1022/1022/1 1023/1023/1 1386/1386/1
f 1022/1022/1 1386/1386/1 1385/1385/1
f 296/296/1 1023/1023/1 297/297/1
f 296/296/1 1022/1022/1 1023/1023/1
f 659/659/1 660/660/1 1386/1386/1
f 659/659/1 1386/1386/1 1385/1385/1
f 297/297/1 661/661/1 298/298/1
f 297/297/1 660/660/1 661/661/1
f 1023/1023/1 1024/1024/1 1387/1387/1
f 1023/1023/1 1387/1387/1 1386/1386/1
f 297/297/1 1024/1024/1 298/298/1
f 297/297/1 1023/1023/1 1024/1024/1
f 660/660/1 661/661/1 1387/1387/1
f 660/660/1 1387/1387/1 1386/1386/1
f 298/298/1 662/662/1 299/299/1
f 298/298/1 661/661/1 662/662/1
f 1024/1024/1 1025/1025/1 1388/1388/1
f 1024/1024/1 1388/1388/1 1387/1387/1
f 298/298/1 1025/1025/1 299/299/1
f 298/298/1 1024/1024/1 1025/1025/1
f 661/661/1 662/662/1 1388/1388/1
f 661/661/1 1388/1388/1 1387/1387/1
f 299/299/1 663/663/1 300/300/1
f 299/299/1 662/662/1 663/663/1
f 1025/1025/1 1026/1026/1 1389/1389/1
f 1025/1025/1 1389/1389/1 1388/1388/1
f 299/299/1 1026/1026/1 300/300/1
f 299/299/1 1025/1025/1 1026/1026/1
f 662/662/1 663/663/1 1389/1389/1
f 662/662/1 1389/1389/1 1388/1388/1
f 300/300/1 664/664/1 301/301/1
f 300/300/1 663/663/1 664/664/1
f 1026/1026/1 1027/1027/1 1390/1390/1
f 1026/1026/1 1390/1390/1 1389/1389/1
f 300/300/1 1027/1027/1 301/301/1
f 300/300/1 1026/1026/1 1027/1027/1
f 663/663/1 664/664/1 1390/1390/1
f 663/663/1 1390/1390/1 1389/1389/1
f 301/301/1 665/665/1 302/302/1
f 301/301/1 664/664/1 665/665/1
f 1027/1027/1 1028/1028/1 1391/1391/1
f 1027/1027/1 1391/1391/1 1390/1390/1
f 301/301/1 1028/1028/1 302/302/1
f 301/301/1 1027/1027/1 1028/1028/1
f 664/664/1 665/665/1 1391/1391/1
f 664/664/1 1391/1391/1 1390/1390/1
f 302/302/1 666/666/1 303/303/1
f 302/302/1 665/665/1 666/666/1
f 1028/1028/1 1029/1029/1 1392/1392/1
f 1028/1028/1 1392/1392/1 1391/1391/1
f 302/302/1 1029/1029/1 303/303/1
f 302/302/1 1028/1028/1 1029/1029/1
f 665/665/1 666/666/1 1392/1392/1
f 665/665/1 1392/1392/1 1391/1391/1
f 303/303/1 667/667/1 304/304/1
f 303/303/1 666/666/1 667/667/1
f 1029/1029/1 1030/1030/1 1393/1393/1
f 1029/1029/1 1393/1393/1 1392/1392/1
f 303/303/1 1030/1030/1 304/304/1
f 303/303/1 1029/1029/1 1030/1030/1
f 666/666/1 667/667/1 1393/1393/1
f 666/666/1 1393/1393/1 1392/1392/1
f 304/304/1 668/668/1 305/305/1
f 304/304/1 667/667/1 668/668/1
f 1030/1030/1 1031/1031/1 1394/1394/1
f 1030/1030/1 1394/1394/1 1393/1393/1
f 304/304/1 1031/1031/1 305/305/1
f 304/304/1 1030/1030/1 1031/1031/1
f 667/667/1 668/668/1 1394/1394/1
f 667/667/1 1394/1394/1 1393/1393/1
f 305/305/1 669/669/1 306/306/1
f 305/305/1 668/668/1 669/669/1
f 1031/1031/1 1032/1032/1 1395/1395/1
f 1031/1031/1 1395/1395/1 1394/1394/1
f 305/305/1 1032/1032/1 306/306/1
f 305/305/1 1031/1031/1 1032/1032/1
f 668/668/1 669/669/1 1395/1395/1
f 668/668/1 1395/1395/1 1394/1394/1
f 306/306/1 670/670/1 307/307/1
f 306/306/1 669/669/1 670/670/1
f 1032/1032/1 1033/1033/1 1396/1396/1
f 1032/1032/1 1396/1396/1 1395/1395/1
f 306/306/1 1033/1033/1 307/307/1
f 306/306/1 1032/1032/1 1033/1033/1
f 669/669/1 670/670/1 1396/1396/1
f 669/669/1 1396/1396/1 1395/1395/1
f 307/307/1 671/671/1 308/308/1
f 307/307/1 670/670/1 671/671/1
f 1033/1033/1 1034/1034/1 1397/1397/1
f 1033/1033/1 1397/1397/1 1396/1396/1
f 307/307/1 1034/1034/1 308/308/1
f 307/307/1 1033/1033/1 1034/1034/1
f 670/670/1 671/671/1 1397/1397/1
f 670/670/1 1397/1397/1 1396/1396/1
f 308/308/1 672/672/1 309/309/1
f 308/308/1 671/671/1 672/672/1
f 1034/1034/1 1035/1035/1 1398/1398/1
f 1034/1034/1 1398/1398/1 1397/1397/1
f 308/308/1 1035/1035/1 309/309/1
f 308/308/1 1034/1034/1 1035/1035/1
f 671/671/1 672/672/1 1398/1398/1
f 671/671/1 1398/1398/1 1397/1397/1
f 309/309/1 673/673/1 310/310/1
f 309/309/1 672/672/1 673/673/1
f 1035/1035/1 1036/1036/1 1399/1399/1
f 1035/1035/1 1399/1399/1 1398/1398/1
f 309/309/1 1036/1036/1 310/310/1
f 309/309/1 1035/1035/1 1036/1036/1
f 672/672/1 673/673/1 1399/1399/1
f 672/672/1 1399/1399/1 1398/1398/1
f 310/310/1 674/674/1 311/311/1
f 310/310/1 673/673/1 674/674/1
f 1036/1036/1 1037/1037/1 1400/1400/1
f 1036/1036/1 1400/1400/1 1399/1399/1
f 310/310/1 1037/1037/1 311/311/1
f 310/310/1 1036/1036/1 1037/1037/1
f 673/673/1 674/674/1 1400/1400/1
f 673/673/1 1400/1400/1 1399/1399/1
f 311/311/1 675/675/1 312/312/1
f 311/311/1 674/674/1 675/675/1
f 1037/1037/1 1038/1038/1 1401/1401/1
f 1037/1037/1 1401/1401/1 1400/1400/1
f 311/311/1 1038/1038/1 312/312/1
f 311/311/1 1037/1037/1 1038/1038/1
f 674/674/1 675/675/1 1401/1401/1
f 674/674/1 1401/1401/1 1400/1400/1
f 312/312/1 676/676/1 313/313/1
f 312/312/1 675/675/1 676/676/1
f 1038/1038/1 1039/1039/1 1402/1402/1
f 1038/1038/1 1402/1402/1 1401/1401/1
f 312/312/1 1039/1039/1 313/313/1
f 312/312/1 1038/1038/1 1039/1039/1
f 675/675/1 676/676/1 1402/1402/1
f 675/675/1 1402/1402/1 1401/1401/1
f 313/313/1 677/677/1 314/314/1
f 313/313/1 676/676/1 677/677/1
f 1039/1039/1 1040/1040/1 1403/1403/1
f 1039/1039/1 1403/1403/1 1402/1402/1
f 313/313/1 1040/1040/1 314/314/1
f 313/313/1 1039/1039/1 1040/1040/1
f 676/676/1 677/677/1 1403/1403/1
f 676/676/1 1403/1403/1 1402/1402/1
f 314/314/1 678/678/1 315/315/1
f 314/314/1 677/677/1 678/678/1
f 1040/1040/1 1041/1041/1 1404/1404/1
f 1040/1040/1 1404/1404/1 1403/1403/1
f 314/314/1 1041/1041/1 315/315/1
f 314/314/1 1040/1040/1 1041/1041/1
f 677/677/1 678/678/1 1404/1404/1
f 677/677/1 1404/1404/1 1403/1403/1
f 315/315/1 679/679/1 316/316/1
f 315/315/1 678/678/1 679/679/1
f 1041/1041/1 1042/1042/1 1405/1405/1
f 1041/1041/1 1405/1405/1 1404/1404/1
f 315/315/1 1042/1042/1 316/316/1
f 315/315/1 1041/1041/1 1042/1042/1
f 678/678/1 679/679/1 1405/1405/1
f 678/678/1 1405/1405/1 1404/1404/1
f 316/316/1 680/680/1 317/317/1
f 316/316/1 679/679/1 680/680/1
f 1042/1042/1 1043/1043/1 1406/1406/1
f 1042/1042/1 1406/1406/1 1405/1405/1
f 316/316/1 1043/1043/1 317/317/1
f 316/316/1 1042/1042/1 1043/1043/1
f 679/679/1 680/680/1 1406/1406/1
f 679/679/1 1406/1406/1 1405/1405/1
f 317/317/1 681/681/1 318/318/1
f 317/317/1 680/680/1 681/681/1
f 1043/1043/1 1044/1044/1 1407/1407/1
f 1043/1043/1 1407/1407/1 1406/1406/1
f 317/317/1 1044/1044/1 318/318/1
f 317/317/1 1043/1043/1 1044/1044/1
f 680/680/1 681/681/1 1407/1407/1
f 680/680/1 1407/1407/1 1406/1406/1
f 318/318/1 682/682/1 319/319/1
f 318/318/1 681/681/1 682/682/1
f 1044/1044/1 1045/1045/1 1408/1408/1
f 1044/1044/1 1408/1408/1 1407/1407/1
f 318/318/1 1045/1045/1 319/319/1
f 318/318/1 1044/1044/1 1045/1045/1
f 681/681/1 682/682/1 1408/1408/1
f 681/681/1 1408/1408/1 1407/1407/1
f 319/319/1 683/683/1 320/320/1
f 319/319/1 682/682/1 683/683/1
f 1045/1045/1 1046/1046/1 1409/1409/1
f 1045/1045/1 1409/1409/1 1408/1408/1
f 319/319/1 1046/1046/1 320/320/1
f 319/319/1 1045/1045/1 1046/1046/1
f 682/682/1 683/683/1 1409/1409/1
f 682/682/1 1409/1409/1 1408/1408/1
f 320/320/1 684/684/1 321/321/1
f 320/320/1 683/683/1 684/684/1
f 1046/1046/1 1047/1047/1 1410/1410/1
f 1046/1046/1 1410/1410/1 1409/1409/1
f 320/320/1 1047/1047/1 321/321/1
f 320/320/1 1046/1046/1 1047/1047/1
f 683/683/1 684/684/1 1410/1410/1
f 683/683/1 1410/1410/1 1409/1409/1
f 321/321/1 685/685/1 322/322/1
f 321/321/1 684/684/1 685/685/1
f 1047/1047/1 1048/1048/1 1411/1411/1
f 1047/1047/1 1411/1411/1 1410/1410/1
f 321/321/1 1048/1048/1 322/322/1
f 321/321/1 1047/1047/1 1048/1048/1
f 684/684/1 685/685/1 1411/1411/1
f 684/684/1 1411/1411/1 1410/1410/1
f 322/322/1 686/686/1 323/323/1
f 322/322/1 685/685/1 686/686/1
f 1048/1048/1 1049/1049/1 1412/1412/1
f 1048/1048/1 1412/1412/1 1411/1411/1
f 322/322/1 1049/1049/1 323/323/1
f 322/322/1 1048/1048/1 1049/1049/1
f 685/685/1 686/686/1 1412/1412/1
f 685/685/1 1412/1412/1 1411/1411/1
f 323/323/1 687/687/1 324/324/1
f 323/323/1 686/686/1 687/687/1
f 1049/1049/1 1050/1050/1 1413/1413/1
f 1049/1049/1 1413/1413/1 1412/1412/1
f 323/323/1 1050/1050/1 324/324/1
f 323/323/1 1049/1049/1 1050/1050/1
f 686/686/1 687/687/1 1413/1413/1
f 686/686/1 1413/1413/1 1412/1412/1
f 324/324/1 688/688/1 325/325/1
f 324/324/1 687/687/1 688/688/1
f 1050/1050/1 1051/1051/1 1414/1414/1
f 1050/1050/1 1414/1414/1 1413/1413/1
f 324/324/1 1051/1051/1 325/325/1
f 324/324/1 1050/1050/1 1051/1051/1
f 687/687/1 688/688/1 1414/1414/1
f 687/687/1 1414/1414/1 1413/1413/1
f 325/325/1 689/689/1 326/326/1
f 325/325/1 688/688/1 689/689/1
f 1051/1051/1 1052/1052/1 1415/1415/1
f 1051/1051/1 1415/1415/1 1414/1414/1
f 325/325/1 1052/1052/1 326/326/1
f 325/325/1 1051/1051/1 1052/1052/1
f 688/688/1 689/689/1 1415/1415/1
f 688/688/1 1415/1415/1 1414/1414/1
f 326/326/1 690/690/1 327/327/1
f 326/326/1 689/689/1 690/690/1
f 1052/1052/1 1053/1053/1 1416/1416/1
f 1052/1052/1 1416/1416/1 1415/1415/1
f 326/326/1 1053/1053/1 327/327/1
f 326/326/1 1052/1052/1 1053/1053/1
f 689/689/1 690/690/1 1416/1416/1
f 689/689/1 1416/1416/1 1415/1415/1
f 327/327/1 691/691/1 328/328/1
f 327/327/1 690/690/1 691/691/1
f 1053/1053/1 1054/1054/1 1417/1417/1
f 1053/1053/1 1417/1417/1 1416/1416/1
f 327/327/1 1054/1054/1 328/328/1
f 327/327/1 1053/1053/1 1054/1054/1
f 690/690/1 691/691/1 1417/1417/1
f 690/690/1 1417/1417/1 1416/1416/1
f 328/328/1 692/692/1 329/329/1
f 328/328/1 691/691/1 692/692/1
f 1054/1054/1 1055/1055/1 1418/1418/1
f 1054/1054/1 1418/1418/1 1417/1417/1
f 328/328/1 1055/1055/1 329/329/1
f 328/328/1 1054/1054/1 1055/1055/1
f 691/691/1 692/692/1 1418/1418/1
f 691/691/1 1418/1418/1 1417/1417/1
f 329/329/1 693/693/1 330/330/1
f 329/329/1 692/692/1 693/693/1
f 1055/1055/1 1056/1056/1 1419/1419/1
f 1055/1055/1 1419/1419/1 1418/1418/1
f 329/329/1 1056/1056/1 330/330/1
f 329/329/1 1055/1055/1 1056/1056/1
f 692/692/1 693/693/1 1419/1419/1
f 692/692/1 1419/1419/1 1418/1418/1
f 330/330/1 694/694/1 331/331/1
f 330/330/1 693/693/1 694/694/1
f 1056/1056/1 1057/1057/1 1420/1420/1
f 1056/1056/1 1420/1420/1 1419/1419/1
f 330/330/1 1057/1057/1 331/331/1
f 330/330/1 1056/1056/1 1057/1057/1
f 693/693/1 694/694/1 1420/1420/1
f 693/693/1 1420/1420/1 1419/1419/1
f 331/331/1 695/695/1 332/332/1
f 331/331/1 694/694/1 695/695/1
f 1057/1057/1 1058/1058/1 1421/1421/1
f 1057/1057/1 1421/1421/1 1420/1420/1
f 331/331/1 1058/1058/1 332/332/1
f 331/331/1 1057/1057/1 1058/1058/1
f 694/694/1 695/695/1 1421/1421/1
f 694/694/1 1421/1421/1 1420/1420/1
f 332/332/1 696/696/1 333/333/1
f 332/332/1 695/695/1 696/696/1
f 1058/1058/1 1059/1059/1 1422/1422/1
f 1058/1058/1 1422/1422/1 1421/1421/1
f 332/332/1 1059/1059/1 333/333/1
f 332/332/1 1058/1058/1 1059/1059/1
f 695/695/1 696/696/1 1422/1422/1
f 695/695/1 1422/1422/1 1421/1421/1
f 333/333/1 697/697/1 334/334/1
f 333/333/1 696/696/1 697/697/1
f 1059/1059/1 1060/1060/1 1423/1423/1
f 1059/1059/1 1423/1423/1 1422/1422/1
f 333/333/1 1060/1060/1 334/334/1
f 333/333/1 1059/1059/1 1060/1060/1
f 696/696/1 697/697/1 1423/1423/1
f 696/696/1 1423/1423/1 1422/1422/1
f 334/334/1 698/698/1 335/335/1
f 334/334/1 697/697/1 698/698/1
f 1060/1060/1 1061/1061/1 1424/1424/1
f 1060/1060/1 1424/1424/1 1423/1423/1
f 334/334/1 1061/1061/1 335/335/1
f 334/334/1 1060/1060/1 1061/1061/1
f 697/697/1 698/698/1 1424/1424/1
f 697/697/1 1424/1424/1 1423/1423/1
f 335/335/1 699/699/1 336/336/1
f 335/335/1 698/698/1 699/699/1
f 1061/1061/1 1062/1062/1 1425/1425/1
f 1061/1061/1 1425/1425/1 1424/1424/1
f 335/335/1 1062/1062/1 336/336/1
f 335/335/1 1061/1061/1 1062/1062/1
f 698/698/1 699/699/1 1425/1425/1
f 698/698/1 1425/1425/1 1424/1424/1
f 336/336/1 700/700/1 337/337/1
f 336/336/1 699/699/1 700/700/1
f 1062/1062/1 1063/1063/1 1426/1426/1
f 1062/1062/1 1426/1426/1 1425/1425/1
f 336/336/1 1063/1063/1 337/337/1
f 336/336/1 1062/1062/1 1063/1063/1
f 699/699/1 700/700/1 1426/1426/1
f 699/699/1 1426/1426/1 1425/1425/1
f 337/337/1 701/701/1 338/338/1
f 337/337/1 700/700/1 701/701/1
f 1063/1063/1 1064/1064/1 1427/1427/1
f 1063/1063/1 1427/1427/1 1426/1426/1
f 337/337/1 1064/1064/1 338/338/1
f 337/337/1 1063/1063/1 1064/1064/1
f 700/700/1 701/701/1 1427/1427/1
f 700/700/1 1427/1427/1 1426/1426/1
f 338/338/1 702/702/1 339/339/1
f 338/338/1 701/701/1 702/702/1
f 1064/1064/1 1065/1065/1 1428/1428/1
f 1064/1064/1 1428/1428/1 1427/1427/1
f 338/338/1 1065/1065/1 339/339/1
f 338/338/1 1064/1064/1 1065/1065/1
f 701/701/1 702/702/1 1428/1428/1
f 701/701/1 1428/1428/1 1427/1427/1
f 339/339/1 703/703/1 340/340/1
f 339/339/1 702/702/1 703/703/1
f 1065/1065/1 1066/1066/1 1429/1429/1
f 1065/1065/1 1429/1429/1 1428/1428/1
f 339/339/1 1066/1066/1 340/340/1
f 339/339/1 1065/1065/1 1066/1066/1
f 702/702/1 703/703/1 1429/1429/1
f 702/702/1 1429/1429/1 1428/1428/1
f 340/340/1 704/704/1 341/341/1
f 340/340/1 703/703/1 704/704/1
f 1066/1066/1 1067/1067/1 1430/1430/1
f 1066/1066/1 1430/1430/1 1429/1429/1
f 340/340/1 1067/1067/1 341/341/1
f 340/340/1 1066/1066/1 1067/1067/1
f 703/703/1 704/704/1 1430/1430/1
f 703/703/1 1430/1430/1 1429/1429/1
f 341/341/1 705/705/1 342/342/1
f 341/341/1 704/704/1 705/705/1
f 1067/1067/1 1068/1068/1 1431/1431/1
f 1067/1067/1 1431/1431/1 1430/1430/1
f 341/341/1 1068/1068/1 342/342/1
f 341/341/1 1067/1067/1 1068/1068/1
f 704/704/1 705/705/1 1431/1431/1
f 704/704/1 1431/1431/1 1430/1430/1
f 342/342/1 706/706/1 343/343/1
f 342/342/1 705/705/1 706/706/1
f 1068/1068/1 1069/1069/1 1432/1432/1
f 1068/1068/1 1432/1432/1 1431/1431/1
f 342/342/1 1069/1069/1 343/343/1
f 342/342/1 1068/1068/1 1069/1069/1
f 705/705/1 706/706/1 1432/1432/1
f 705/705/1 1432/1432/1 1431/1431/1
f 343/343/1 707/707/1 344/344/1
f 343/343/1 706/706/1 707/707/1
f 1069/1069/1 1070/1070/1 1433/1433/1
f 1069/1069/1 1433/1433/1 1432/1432/1
f 343/343/1 1070/1070/1 344/344/1
f 343/343/1 1069/1069/1 1070/1070/1
f 706/706/1 707/707/1 1433/1433/1
f 706/706/1 1433/1433/1 1432/1432/1
f 344/344/1 708/708/1 345/345/1
f 344/344/1 707/707/1 708/708/1
f 1070/1070/1 1071/1071/1 1434/1434/1
f 1070/1070/1 1434/1434/1 1433/1433/1
f 344/344/1 1071/1071/1 345/345/1
f 344/344/1 1070/1070/1 1071/1071/1
f 707/707/1 708/708/1 1434/1434/1
f 707/707/1 1434/1434/1 1433/1433/1
f 345/345/1 709/709/1 346/346/1
f 345/345/1 708/708/1 709/709/1
f 1071/1071/1 1072/1072/1 1435/1435/1
f 1071/1071/1 1435/1435/1 1434/1434/1
f 345/345/1 1072/1072/1 346/346/1
f 345/345/1 1071/1071/1 1072/1072/1
f 708/708/1 709/709/1 1435/1435/1
f 708/708/1 1435/1435/1 1434/1434/1
f 346/346/1 710/710/1 347/347/1
f 346/346/1 709/709/1 710/710/1
f 1072/1072/1 1073/1073/1 1436/1436/1
f 1072/1072/1 1436/1436/1 1435/1435/1
f 346/346/1 1073/1073/1 347/347/1
f 346/346/1 1072/1072/1 1073/1073/1
f 709/709/1 710/710/1 1436/1436/1
f 709/709/1 1436/1436/1 1435/1435/1
f 347/347/1 711/711/1 348/348/1
f 347/347/1 710/710/1 711/711/1
f 1073/1073/1 1074/1074/1 1437/1437/1
f 1073/1073/1 1437/1437/1 1436/1436/1
f 347/347/1 1074/1074/1 348/348/1
f 347/347/1 1073/1073/1 1074/1074/1
f 710/710/1 711/711/1 1437/1437/1
f 710/710/1 1437/1437/1 1436/1436/1
f 348/348/1 712/712/1 349/349/1
f 348/348/1 711/711/1 712/712/1
f 1074/1074/1 1075/1075/1 1438/1438/1
f 1074/1074/1 1438/1438/1 1437/1437/1
f 348/348/1 1075/1075/1 349/349/1
f 348/348/1 1074/1074/1 1075/1075/1
f 711/711/1 712/712/1 1438/1438/1
f 711/711/1 1438/1438/1 1437/1437/1
f 349/349/1 713/713/1 350/350/1
f 349/349/1 712/712/1 713/713/1
f 1075/1075/1 1076/1076/1 1439/1439/1
f 1075/1075/1 1439/1439/1 1438/1438/1
f 349/349/1 1076/1076/1 350/350/1
f 349/349/1 1075/1075/1 1076/1076/1
f 712/712/1 713/713/1 1439/1439/1
f 712/712/1 1439/1439/1 1438/1438/1
f 350/350/1 714/714/1 351/351/1
f 350/350/1 713/713/1 714/714/1
f 1076/1076/1 1077/1077/1 1440/1440/1
f 1076/1076/1 1440/1440/1 1439/1439/1
f 350/350/1 1077/1077/1 351/351/1
f 350/350/1 1076/1076/1 1077/1077/1
f 713/713/1 714/714/1 1440/1440/1
f 713/713/1 1440/1440/1 1439/1439/1
f 351/351/1 715/715/1 352/352/1
f 351/351/1 714/714/1 715/715/1
f 1077/1077/1 1078/1078/1 1441/1441/1
f 1077/1077/1 1441/1441/1 1440/1440/1
f 351/351/1 1078/1078/1 352/352/1
f 351/351/1 1077/1077/1 1078/1078/1
f 714/714/1 715/715/1 1441/1441/1
f 714/714/1 1441/1441/1 1440/1440/1
f 352/352/1 716/716/1 353/353/1
f 352/352/1 715/715/1 716/716/1
f 1078/1078/1 1079/1079/1 1442/1442/1
f 1078/1078/1 1442/1442/1 1441/1441/1
f 352/352/1 1079/1079/1 353/353/1
f 352/352/1 1078/1078/1 1079/1079/1
f 715/715/1 716/716/1 1442/1442/1
f 715/715/1 1442/1442/1 1441/1441/1
f 353/353/1 717/717/1 354/354/1
f 353/353/1 716/716/1 717/717/1
f 1079/1079/1 1080/1080/1 1443/1443/1
f 1079/1079/1 1443/1443/1 1442/1442/1
f 353/353/1 1080/1080/1 354/354/1
f 353/353/1 1079/1079/1 1080/1080/1
f 716/716/1 717/717/1 1443/1443/1
f 716/716/1 1443/1443/1 1442/1442/1
f 354/354/1 718/718/1 355/355/1
f 354/354/1 717/717/1 718/718/1
f 1080/1080/1 1081/1081/1 1444/1444/1
f 1080/1080/1 1444/1444/1 1443/1443/1
f 354/354/1 1081/1081/1 355/355/1
f 354/354/1 1080/1080/1 1081/1081/1
f 717/717/1 718/718/1 1444/1444/1
f 717/717/1 1444/1444/1 1443/1443/1
f 355/355/1 719/719/1 356/356/1
f 355/355/1 718/718/1 719/719/1
f 1081/1081/1 1082/1082/1 1445/1445/1
f 1081/1081/1 1445/1445/1 1444/1444/1
f 355/355/1 1082/1082/1 356/356/1
f 355/355/1 1081/1081/1 1082/1082/1
f 718/718/1 719/719/1 1445/1445/1
f 718/718/1 1445/1445/1 1444/1444/1
f 356/356/1 720/720/1 357/357/1
f 356/356/1 719/719/1 720/720/1
f 1082/1082/1 1083/1083/1 1446/1446/1
f 1082/1082/1 1446/1446/1 1445/1445/1
f 356/356/1 1083/1083/1 357/357/1
f 356/356/1 1082/1082/1 1083/1083/1
f 719/719/1 720/720/1 1446/1446/1
f 719/719/1 1446/1446/1 1445/1445/1
f 357/357/1 721/721/1 358/358/1
f 357/357/1 720/720/1 721/721/1
f 1083/1083/1 1084/1084/1 1447/1447/1
f 1083/1083/1 1447/1447/1 1446/1446/1
f 357/357/1 1084/1084/1 358/358/1
f 357/357/1 1083/1083/1 1084/1084/1
f 720/720/1 721/721/1 1447/1447/1
f 720/720/1 1447/1447/1 1446/1446/1
f 358/358/1 722/722/1 359/359/1
f 358/358/1 721/721/1 722/722/1
f 1084/1084/1 1085/1085/1 1448/1448/1
f 1084/1084/1 1448/1448/1 1447/1447/1
f 358/358/1 1085/1085/1 359/359/1
f 358/358/1 1084/1084/1 1085/1085/1
f 721/721/1 722/722/1 1448/1448/1
f 721/721/1 1448/1448/1 1447/1447/1
f 359/359/1 723/723/1 360/360/1
f 359/359/1 722/722/1 723/723/1
f 1085/1085/1 1086/1086/1 1449/1449/1
f 1085/1085/1 1449/1449/1 1448/1448/1
f 359/359/1 1086/1086/1 360/360/1
f 359/359/1 1085/1085/1 1086/1086/1
f 722/722/1 723/723/1 1449/1449/1
f 722/722/1 1449/1449/1 1448/1448/1
f 360/360/1 724/724/1 361/361/1
f 360/360/1 723/723/1 724/724/1
f 1086/1086/1 1087/1087/1 1450/1450/1
f 1086/1086/1 1450/1450/1 1449/1449/1
f 360/360/1 1087/1087/1 361/361/1
f 360/360/1 1086/1086/1 1087/1087/1
f 723/723/1 724/724/1 1450/1450/1
f 723/723/1 1450/1450/1 1449/1449/1
f 361/361/1 725/725/1 362/362/1
f 361/361/1 724/724/1 725/725/1
f 1087/1087/1 1088/1088/1 1451/1451/1
f 1087/1087/1 1451/1451/1 1450/1450/1
f 361/361/1 1088/1088/1 362/362/1
f 361/361/1 1087/1087/1 1088/1088/1
f 724/724/1 725/725/1 1451/1451/1
f 724/724/1 1451/1451/1 1450/1450/1
f 362/362/1 726/726/1 363/363/1
f 362/362/1 725/725/1 726/726/1
f 1088/1088/1 1089/1089/1 1452/1452/1
f 1088/1088/1 1452/1452/1 1451/1451/1
f 362/362/1 1089/1089/1 363/363/1
f 362/362/1 1088/1088/1 1089/1089/1
f 725/725/1 726/726/1 1452/1452/1
f 725/725/1 1452/1452/1 1451/1451/1
f 363/363/1 364/364/1 1/1/1
f 363/363/1 726/726/1 364/364/1
f 1089/1089/1 727/727/1 1090/1090/1
f 1089/1089/1 1090/1090/1 1452/1452/1
f 363/363/1 727/727/1 1/1/1
f 363/363/1 1089/1089/1 727/727/1
f 726/726/1 364/364/1 1090/1090/1
f 726/726/1 1090/1090/1 1452/1452/1
f 2/2/1 365/365/1 1/1/1
f 365/365/1 364/364/1 1/1/1
f 1091/1091/1 728/728/1 727/727/1
f 1090/1090/1 1091/1091/1 727/727/1
f 2/2/1 728/728/1 1/1/1
f 728/728/1 727/727/1 1/1/1
f 1091/1091/1 365/365/1 364/364/1
f 1090/1090/1 1091/1091/1 364/364/1
f 3/3/1 366/366/1 2/2/1
f 366/366/1 365/365/1 2/2/1
f 1092/1092/1 729/729/1 728/728/1
f 1091/1091/1 1092/1092/1 728/728/1
f 3/3/1 729/729/1 2/2/1
f 729/729/1 728/728/1 2/2/1
f 1092/1092/1 366/366/1 365/365/1
f 1091/1091/1 1092/1092/1 365/365/1
f 4/4/1 367/367/1 3/3/1
f 367/367/1 366/366/1 3/3/1
f 1093/1093/1 730/730/1 729/729/1
f 1092/1092/1 1093/1093/1 729/729/1
f 4/4/1 730/730/1 3/3/1
f 730/730/1 729/729/1 3/3/1
f 1093/1093/1 367/367/1 366/366/1
f 1092/1092/1 1093/1093/1 366/366/1
f 5/5/1 368/368/1 4/4/1
f 368/368/1 367/367/1 4/4/1
f 1094/1094/1 731/731/1 730/730/1
f 1093/1093/1 1094/1094/1 730/730/1
f 5/5/1 731/731/1 4/4/1
f 731/731/1 730/730/1 4/4/1
f 1094/1094/1 368/368/1 367/367/1
f 1093/1093/1 1094/1094/1 367/367/1
f 6/6/1 369/369/1 5/5/1
f 369/369/1 368/368/1 5/5/1
f 1095/1095/1 732/732/1 731/731/1
f 1094/1094/1 1095/1095/1 731/731/1
f 6/6/1 732/732/1 5/5/1
f 732/732/1 731/731/1 5/5/1
f 1095/1095/1 369/369/1 368/368/1
f 1094/1094/1 1095/1095/1 368/368/1
f 7/7/1 370/370/1 6/6/1
f 370/370/1 369/369/1 6/6/1
f 1096/1096/1 733/733/1 732/732/1
f 1095/1095/1 1096/1096/1 732/732/1
f 7/7/1 733/733/1 6/6/1
f 733/733/1 732/732/1 6/6/1
f 1096/1096/1 370/370/1 369/369/1
f 1095/1095/1 1096/1096/1 369/369/1
f 8/8/1 371/371/1 7/7/1
f 371/371/1 370/370/1 7/7/1
f 1097/1097/1 734/734/1 733/733/1
f 1096/1096/1 1097/1097/1 733/733/1
f 8/8/1 734/734/1 7/7/1
f 734/734/1 733/733/1 7/7/1
f 1097/1097/1 371/371/1 370/370/1
f 1096/1096/1 1097/1097/1 370/370/1
f 9/9/1 372/372/1 8/8/1
f 372/372/1 371/371/1 8/8/1
f 1098/1098/1 735/735/1 734/734/1
f 1097/1097/1 1098/1098/1 734/734/1
f 9/9/1 735/735/1 8/8/1
f 735/735/1 734/734/1 8/8/1
f 1098/1098/1 372/372/1 371/371/1
f 1097/1097/1 1098/1098/1 371/371/1
f 10/10/1 373/373/1 9/9/1
f 373/373/1 372/372/1 9/9/1
f 1099/1099/1 736/736/1 735/735/1
f 1098/1098/1 1099/1099/1 735/735/1
f 10/10/1 736/736/1 9/9/1
f 736/736/1 735/735/1 9/9/1
f 1099/1099/1 373/373/1 372/372/1
f 1098/1098/1 1099/1099/1 372/372/1
f 11/11/1 374/374/1 10/10/1
f 374/374/1 373/373/1 10/10/1
f 1100/1100/1 737/737/1 736/736/1
f 1099/1099/1 1100/1100/1 736/736/1
f 11/11/1 737/737/1 10/10/1
f 737/737/1 736/736/1 10/10/1
f 1100/1100/1 374/374/1 373/373/1
f 1099/1099/1 1100/1100/1 373/373/1
f 12/12/1 375/375/1 11/11/1
f 375/375/1 374/374/1 11/11/1
f 1101/1101/1 738/738/1 737/737/1
f 1100/1100/1 1101/1101/1 737/737/1
f 12/12/1 738/738/1 11/11/1
f 738/738/1 737/737/1 11/11/1
f 1101/1101/1 375/375/1 374/374/1
f 1100/1100/1 1101/1101/1 374/374/1
f 13/13/1 376/376/1 12/12/1
f 376/376/1 375/375/1 12/12/1
f 1102/1102/1 739/739/1 738/738/1
f 1101/1101/1 1102/1102/1 738/738/1
f 13/13/1 739/739/1 12/12/1
f 739/739/1 738/738/1 12/12/1
f 1102/1102/1 376/376/1 375/375/1
f 1101/1101/1 1102/1102/1 375/375/1
f 14/14/1 377/377/1 13/13/1
f 377/377/1 376/376/1 13/13/1
f 1103/1103/1 740/740/1 739/739/1
f 1102/1102/1 1103/1103/1 739/739/1
f 14/14/1 740/740/1 13/13/1
f 740/740/1 739/739/1 13/13/1
f 1103/1103/1 377/377/1 376/376/1
f 1102/1102/1 1103/1103/1 376/376/1
f 15/15/1 378/378/1 14/14/1
f 378/378/1 377/377/1 14/14/1
f 1104/1104/1 741/741/1 740/740/1
f 1103/1103/1 1104/1104/1 740/740/1
f 15/15/1 741/741/1 14/14/1
f 741/741/1 740/740/1 14/14/1
f 1104/1104/1 378/378/1 377/377/1
f 1103/1103/1 1104/1104/1 377/377/1
f 16/16/1 379/379/1 15/15/1
f 379/379/1 378/378/1 15/15/1
f 1105/1105/1 742/742/1 741/741/1
f 1104/1104/1 1105/1105/1 741/741/1
f 16/16/1 742/742/1 15/15/1
f 742/742/1 741/741/1 15/15/1
f 1105/1105/1 379/379/1 378/378/1
f 1104/1104/1 1105/1105/1 378/378/1
f 17/17/1 380/380/1 16/16/1
f 380/380/1 379/379/1 16/16/1
f 1106/1106/1 743/743/1 742/742/1
f 1105/1105/1 1106/1106/1 742/742/1
f 17/17/1 743/743/1 16/16/1
f 743/743/1 742/742/1 16/16/1
f 1106/1106/1 380/380/1 379/379/1
f 1105/1105/1 1106/1106/1 379/379/1
f 18/18/1 381/381/1 17/17/1
f 381/381/1 380/380/1 17/17/1
f 1107/1107/1 744/744/1 743/743/1
f 1106/1106/1 1107/1107/1 743/743/1
f 18/18/1 744/744/1 17/17/1
f 744/744/1 743/743/1 17/17/1
f 1107/1107/1 381/381/1 380/380/1
f 1106/1106/1 1107/1107/1 380/380/1
f 19/19/1 382/382/1 18/18/1
f 382/382/1 381/381/1 18/18/1
f 1108/1108/1 745/745/1 744/744/1
f 1107/1107/1 1108/1108/1 744/744/1
f 19/19/1 745/745/1 18/18/1
f 745/745/1 744/744/1 18/18/1
f 1108/1108/1 382/382/1 381/381/1
f 1107/1107/1 1108/1108/1 381/381/1
f 20/20/1 383/383/1 19/19/1
f 383/383/1 382/382/1 19/19/1
f 1109/1109/1 746/746/1 745/745/1
f 1108/1108/1 1109/1109/1 745/745/1
f 20/20/1 746/746/1 19/19/1
f 746/746/1 745/745/1 19/19/1
f 1109/1109/1 383/383/1 382/382/1
f 1108/1108/1 1109/1109/1 382/382/1
f 21/21/1 384/384/1 20/20/1
f 384/384/1 383/383/1 20/20/1
f 1110/1110/1 747/747/1 746/746/1
f 1109/1109/1 1110/1110/1 746/746/1
f 21/21/1 747/747/1 20/20/1
f 747/747/1 746/746/1 20/20/1
f 1110/1110/1 384/384/1 383/383/1
f 1109/1109/1 1110/1110/1 383/383/1
f 22/22/1 385/385/1 21/21/1
f 385/385/1 384/384/1 21/21/1
f 1111/1111/1 748/748/1 747/747/1
f 1110/1110/1 1111/1111/1 747/747/1
f 22/22/1 748/748/1 21/21/1
f 748/748/1 747/747/1 21/21/1
f 1111/1111/1 385/385/1 384/384/1
f 1110/1110/1 1111/1111/1 384/384/1
f 23/23/1 386/386/1 22/22/1
f 386/386/1 385/385/1 22/22/1
f 1112/1112/1 749/749/1 748/748/1
f 1111/1111/1 1112/1112/1 748/748/1
f 23/23/1 749/749/1 22/22/1
f 749/749/1 748/748/1 22/22/1
f 1112/1112/1 386/386/1 385/385/1
f 1111/1111/1 1112/1112/1 385/385/1
f 24/24/1 387/387/1 23/23/1
f 387/387/1 386/386/1 23/23/1
f 1113/1113/1 750/750/1 749/749/1
f 1112/1112/1 1113/1113/1 749/749/1
f 24/24/1 750/750/1 23/23/1
f 750/750/1 749/749/1 23/23/1
f 1113/1113/1 387/387/1 386/386/1
f 1112/1112/1 1113/1113/1 386/386/1
f 25/25/1 388/388/1 24/24/1
f 388/388/1 387/387/1 24/24/1
f 1114/1114/1 751/751/1 750/750/1
f 1113/1113/1 1114/1114/1 750/750/1
f 25/25/1 751/751/1 24/24/1
f 751/751/1 750/750/1 24/24/1
f 1114/1114/1 388/388/1 387/387/1
f 1113/1113/1 1114/1114/1 387/387/1
f 26/26/1 389/389/1 25/25/1
f 389/389/1 388/388/1 25/25/1
f 1115/1115/1 752/752/1 751/751/1
f 1114/1114/1 1115/1115/1 751/751/1
f 26/26/1 752/752/1 25/25/1
f 752/752/1 751/751/1 25/25/1
f 1115/1115/1 389/389/1 388/388/1
f 1114/1114/1 1115/1115/1 388/388/1
f 27/27/1 390/390/1 26/26/1
f 390/390/1 389/389/1 26/26/1
f 1116/1116/1 753/753/1 752/752/1
f 1115/1115/1 1116/1116/1 752/752/1
f 27/27/1 753/753/1 26/26/1
f 753/753/1 752/752/1 26/26/1
f 1116/1116/1 390/390/1 389/389/1
f 1115/1115/1 1116/1116/1 389/389/1
f 28/28/1 391/391/1 27/27/1
f 391/391/1 390/390/1 27/27/1
f 1117/1117/1 754/754/1 753/753/1
f 1116/1116/1 1117/1117/1 753/753/1
f 28/28/1 754/754/1 27/27/1
f 754/754/1 753/753/1 27/27/1
f 1117/1117/1 391/391/1 390/390/1
f 1116/1116/1 1117/1117/1 390/390/1
f 29/29/1 392/392/1 28/28/1
f 392/392/1 391/391/1 28/28/1
f 1118/1118/1 755/755/1 754/754/1
f 1117/1117/1 1118/1118/1 754/754/1
f 29/29/1 755/755/1 28/28/1
f 755/755/1 754/754/1 28/28/1
f 1118/1118/1 392/392/1 391/391/1
f 1117/1117/1 1118/1118/1 391/391/1
f 30/30/1 393/393/1 29/29/1
f 393/393/1 392/392/1 29/29/1
f 1119/1119/1 756/756/1 755/755/1
f 1118/1118/1 1119/1119/1 755/755/1
f 30/30/1 756/756/1 29/29/1
f 756/756/1 755/755/1 29/29/1
f 1119/1119/1 393/393/1 392/392/1
f 1118/1118/1 1119/1119/1 392/392/1
f 31/31/1 394/394/1 30/30/1
f 394/394/1 393/393/1 30/30/1
f 1120/1120/1 757/757/1 756/756/1
f 1119/1119/1 1120/1120/1 756/756/1
f 31/31/1 757/757/1 30/30/1
f 757/757/1 756/756/1 30/30/1
f 1120/1120/1 394/394/1 393/393/1
f 1119/1119/1 1120/1120/1 393/393/1
f 32/32/1 395/395/1 31/31/1
f 395/395/1 394/394/1 31/31/1
f 1121/1121/1 758/758/1 757/757/1
f 1120/1120/1 1121/1121/1 757/757/1
f 32/32/1 758/758/1 31/31/1
f 758/758/1 757/757/1 31/31/1
f 1121/1121/1 395/395/1 394/394/1
f 1120/1120/1 1121/1121/1 394/394/1
f 33/33/1 396/396/1 32/32/1
f 396/396/1 395/395/1 32/32/1
f 1122/1122/1 759/759/1 758/758/1
f 1121/1121/1 1122/1122/1 758/758/1
f 33/33/1 759/759/1 32/32/1
f 759/759/1 758/758/1 32/32/1
f 1122/1122/1 396/396/1 395/395/1
f 1121/1121/1 1122/1122/1 395/395/1
f 34/34/1 397/397/1 33/33/1
f 397/397/1 396/396/1 33/33/1
f 1123/1123/1 760/760/1 759/759/1
f 1122/1122/1 1123/1123/1 759/759/1
f 34/34/1 760/760/1 33/33/1
f 760/760/1 759/759/1 33/33/1
f 1123/1123/1 397/397/1 396/396/1
f 1122/1122/1 1123/1123/1 396/396/1
f 35/35/1 398/398/1 34/34/1
f 398/398/1 397/397/1 34/34/1
f 1124/1124/1 761/761/1 760/760/1
f 1123/1123/1 1124/1124/1 760/760/1
f 35/35/1 761/761/1 34/34/1
f 761/761/1 760/760/1 34/34/1
f 1124/1124/1 398/398/1 397/397/1
f 1123/1123/1 1124/1124/1 397/397/1
f 36/36/1 399/399/1 35/35/1
f 399/399/1 398/398/1 35/35/1
f 1125/1125/1 762/762/1 761/761/1
f 1124/1124/1 1125/1125/1 761/761/1
f 36/36/1 762/762/1 35/35/1
f 762/762/1 761/761/1 35/35/1
f 1125/1125/1 399/399/1 398/398/1
f 1124/1124/1 1125/1125/1 398/398/1
f 37/37/1 400/400/1 36/36/1
f 400/400/1 399/399/1 36/36/1
f 1126/1126/1 763/763/1 762/762/1
f 1125/1125/1 1126/1126/1 762/762/1
f 37/37/1 763/763/1 36/36/1
f 763/763/1 762/762/1 36/36/1
f 1126/1126/1 400/400/1 399/399/1
f 1125/1125/1 1126/1126/1 399/399/1
f 38/38/1 401/401/1 37/37/1
f 401/401/1 400/400/1 37/37/1
f 1127/1127/1 764/764/1 763/763/1
f 1126/1126/1 1127/1127/1 763/763/1
f 38/38/1 764/764/1 37/37/1
f 764/764/1 763/763/1 37/37/1
f 1127/1127/1 401/401/1 400/400/1
f 1126/1126/1 1127/1127/1 400/400/1
f 39/39/1 402/402/1 38/38/1
f 402/402/1 401/401/1 38/38/1
f 1128/1128/1 765/765/1 764/764/1
f 1127/1127/1 1128/1128/1 764/764/1
f 39/39/1 765/765/1 38/38/1
f 765/765/1 764/764/1 38/38/1
f 1128/1128/1 402/402/1 401/401/1
f 1127/1127/1 1128/1128/1 401/401/1
f 40/40/1 403/403/1 39/39/1
f 403/403/1 402/402/1 39/39/1
f 1129/1129/1 766/766/1 765/765/1
f 1128/1128/1 1129/1129/1 765/765/1
f 40/40/1 766/766/1 39/39/1
f 766/766/1 765/765/1 39/39/1
f 1129/1129/1 403/403/1 402/402/1
f 1128/1128/1 1129/1129/1 402/402/1
f 41/41/1 404/404/1 40/40/1
f 404/404/1 403/403/1 40/40/1
f 1130/1130/1 767/767/1 766/766/1
f 1129/1129/1 1130/1130/1 766/766/1
f 41/41/1 767/767/1 40/40/1
f 767/767/1 766/766/1 40/40/1
f 1130/1130/1 404/404/1 403/403/1
f 1129/1129/1 1130/1130/1 403/403/1
f 42/42/1 405/405/1 41/41/1
f 405/405/1 404/404/1 41/41/1
f 1131/1131/1 768/768/1 767/767/1
f 1130/1130/1 1131/1131/1 767/767/1
f 42/42/1 768/768/1 41/41/1
f 768/768/1 767/767/1 41/41/1
f 1131/1131/1 405/405/1 404/404/1
f 1130/1130/1 1131/1131/1 404/404/1
f 43/43/1 406/406/1 42/42/1
f 406/406/1 405/405/1 42/42/1
f 1132/1132/1 769/769/1 768/768/1
f 1131/1131/1 1132/1132/1 768/768/1
f 43/43/1 769/769/1 42/42/1
f 769/769/1 768/768/1 42/42/1
f 1132/1132/1 406/406/1 405/405/1
f 1131/1131/1 1132/1132/1 405/405/1
f 44/44/1 407/407/1 43/43/1
f 407/407/1 406/406/1 43/43/1
f 1133/1133/1 770/770/1 769/769/1
f 1132/1132/1 1133/1133/1 769/769/1
f 44/44/1 770/770/1 43/43/1
f 770/770/1 769/769/1 43/43/1
f 1133/1133/1 407/407/1 406/406/1
f 1132/1132/1 1133/1133/1 406/406/1
f 45/45/1 408/408/1 44/44/1
f 408/408/1 407/407/1 44/44/1
f 1134/1134/1 771/771/1 770/770/1
f 1133/1133/1 1134/1134/1 770/770/1
f 45/45/1 771/771/1 44/44/1
f 771/771/1 770/770/1 44/44/1
f 1134/1134/1 408/408/1 407/407/1
f 1133/1133/1 1134/1134/1 407/407/1
f 46/46/1 409/409/1 45/45/1
f 409/409/1 408/408/1 45/45/1
f 1135/1135/1 772/772/1 771/771/1
f 1134/1134/1 1135/1135/1 771/771/1
f 46/46/1 772/772/1 45/45/1
f 772/772/1 771/771/1 45/45/1
f 1135/1135/1 409/409/1 408/408/1
f 1134/1134/1 1135/1135/1 408/408/1
f 47/47/1 410/410/1 46/46/1
f 410/410/1 409/409/1 46/46/1
f 1136/1136/1 773/773/1 772/772/1
f 1135/1135/1 1136/1136/1 772/772/1
f 47/47/1 773/773/1 46/46/1
f 773/773/1 772/772/1 46/46/1
f 1136/1136/1 410/410/1 409/409/1
f 1135/1135/1 1136/1136/1 409/409/1
f 48/48/1 411/411/1 47/47/1
f 411/411/1 410/410/1 47/47/1
f 1137/1137/1 774/774/1 773/773/1
f 1136/1136/1 1137/1137/1 773/773/1
f 48/48/1 774/774/1 47/47/1
f 774/774/1 773/773/1 47/47/1
f 1137/1137/1 411/411/1 410/410/1
f 1136/1136/1 1137/1137/1 410/410/1
f 49/49/1 412/412/1 48/48/1
f 412/412/1 411/411/1 48/48/1
f 1138/1138/1 775/775/1 774/774/1
f 1137/1137/1 1138/1138/1 774/774/1
f 49/49/1 775/775/1 48/48/1
f 775/775/1 774/774/1 48/48/1
f 1138/1138/1 412/412/1 411/411/1
f 1137/1137/1 1138/1138/1 411/411/1
f 50/50/1 413/413/1 49/49/1
f 413/413/1 412/412/1 49/49/1
f 1139/1139/1 776/776/1 775/775/1
f 1138/1138/1 1139/1139/1 775/775/1
f 50/50/1 776/776/1 49/49/1
f 776/776/1 775/775/1 49/49/1
f 1139/1139/1 413/413/1 412/412/1
f 1138/1138/1 1139/1139/1 412/412/1
f 51/51/1 414/414/1 50/50/1
f 414/414/1 413/413/1 50/50/1
f 1140/1140/1 777/777/1 776/776/1
f 1139/1139/1 1140/1140/1 776/776/1
f 51/51/1 777/777/1 50/50/1
f 777/777/1 776/776/1 50/50/1
f 1140/1140/1 414/414/1 413/413/1
f 1139/1139/1 1140/1140/1 413/413/1
f 52/52/1 415/415/1 51/51/1
f 415/415/1 414/414/1 51/51/1
f 1141/1141/1 778/778/1 777/777/1
f 1140/1140/1 1141/1141/1 777/777/1
f 52/52/1 778/778/1 51/51/1
f 778/778/1 777/777/1 51/51/1
f 1141/1141/1 415/415/1 414/414/1
f 1140/1140/1 1141/1141/1 414/414/1
f 53/53/1 416/416/1 52/52/1
f 416/416/1 415/415/1 52/52/1
f 1142/1142/1 779/779/1 778/778/1
f 1141/1141/1 1142/1142/1 778/778/1
f 53/53/1 779/779/1 52/52/1
f 779/779/1 778/778/1 52/52/1
f 1142/1142/1 416/416/1 415/415/1
f 1141/1141/1 1142/1142/1 415/415/1
f 54/54/1 417/417/1 53/53/1
f 417/417/1 416/416/1 53/53/1
f 1143/1143/1 780/780/1 779/779/1
f 1142/1142/1 1143/1143/1 779/779/1
f 54/54/1 780/780/1 53/53/1
f 780/780/1 779/779/1 53/53/1
f 1143/1143/1 417/417/1 416/416/1
f 1142/1142/1 1143/1143/1 416/416/1
f 55/55/1 418/418/1 54/54/1
f 418/418/1 417/417/1 54/54/1
f 1144/1144/1 781/781/1 780/780/1
f 1143/1143/1 1144/1144/1 780/780/1
f 55/55/1 781/781/1 54/54/1
f 781/781/1 780/780/1 54/54/1
f 1144/1144/1 418/418/1 417/417/1
f 1143/1143/1 1144/1144/1 417/417/1
f 56/56/1 419/419/1 55/55/1
f 419/419/1 418/418/1 55/55/1
f 1145/1145/1 782/782/1 781/781/1
f 1144/1144/1 1145/1145/1 781/781/1
f 56/56/1 782/782/1 55/55/1
f 782/782/1 781/781/1 55/55/1
f 1145/1145/1 419/419/1 418/418/1
f 1144/1144/1 1145/1145/1 418/418/1
f 57/57/1 420/420/1 56/56/1
f 420/420/1 419/419/1 56/56/1
f 1146/1146/1 783/783/1 782/782/1
f 1145/1145/1 1146/1146/1 782/782/1
f 57/57/1 783/783/1 56/56/1
f 783/783/1 782/782/1 56/56/1
f 1146/1146/1 420/420/1 419/419/1
f 1145/1145/1 1146/1146/1 419/419/1
f 58/58/1 421/421/1 57/57/1
f 421/421/1 420/420/1 57/57/1
f 1147/1147/1 784/784/1 783/783/1
f 1146/1146/1 1147/1147/1 783/783/1
f 58/58/1 784/784/1 57/57/1
f 784/784/1 783/783/1 57/57/1
f 1147/1147/1 421/421/1 420/420/1
f 1146/1146/1 1147/1147/1 420/420/1
f 59/59/1 422/422/1 58/58/1
f 422/422/1 421/421/1 58/58/1
f 1148/1148/1 785/785/1 784/784/1
f 1147/1147/1 1148/1148/1 784/784/1
f 59/59/1 785/785/1 58/58/1
f 785/785/1 784/784/1 58/58/1
f 1148/1148/1 422/422/1 421/421/1
f 1147/1147/1 1148/1148/1 421/421/1
f 60/60/1 423/423/1 59/59/1
f 423/423/1 422/422/1 59/59/1
f 1149/1149/1 786/786/1 785/785/1
f 1148/1148/1 1149/1149/1 785/785/1
f 60/60/1 786/786/1 59/59/1
f 786/786/1 785/785/1 59/59/1
f 1149/1149/1 423/423/1 422/422/1
f 1148/1148/1 1149/1149/1 422/422/1
f 61/61/1 424/424/1 60/60/1
f 424/424/1 423/423/1 60/60/1
f 1150/1150/1 787/787/1 786/786/1
f 1149/1149/1 1150/1150/1 786/786/1
f 61/61/1 787/787/1 60/60/1
f 787/787/1 786/786/1 60/60/1
f 1150/1150/1 424/424/1 423/423/1
f 1149/1149/1 1150/1150/1 423/423/1
f 62/62/1 425/425/1 61/61/1
f 425/425/1 424/424/1 61/61/1
f 1151/1151/1 788/788/1 787/787/1
f 1150/1150/1 1151/1151/1 787/787/1
f 62/62/1 788/788/1 61/61/1
f 788/788/1 787/787/1 61/61/1
f 1151/1151/1 425/425/1 424/424/1
f 1150/1150/1 1151/1151/1 424/424/1
f 63/63/1 426/426/1 62/62/1
f 426/426/1 425/425/1 62/62/1
f 1152/1152/1 789/789/1 788/788/1
f 1151/1151/1 1152/1152/1 788/788/1
f 63/63/1 789/789/1 62/62/1
f 789/789/1 788/788/1 62/62/1
f 1152/1152/1 426/426/1 425/425/1
f 1151/1151/1 1152/1152/1 425/425/1
f 64/64/1 427/427/1 63/63/1
f 427/427/1 426/426/1 63/63/1
f 1153/1153/1 790/790/1 789/789/1
f 1152/1152/1 1153/1153/1 789/789/1
f 64/64/1 790/790/1 63/63/1
f 790/790/1 789/789/1 63/63/1
f 1153/1153/1 427/427/1 426/426/1
f 1152/1152/1 1153/1153/1 426/426/1
f 65/65/1 428/428/1 64/64/1
f 428/428/1 427/427/1 64/64/1
f 1154/1154/1 791/791/1 790/790/1
f 1153/1153/1 1154/1154/1 790/790/1
f 65/65/1 791/791/1 64/64/1
f 791/791/1 790/790/1 64/64/1
f 1154/1154/1 428/428/1 427/427/1
f 1153/1153/1 1154/1154/1 427/427/1
f 66/66/1 429/429/1 65/65/1
f 429/429/1 428/428/1 65/65/1
f 1155/1155/1 792/792/1 791/791/1
f 1154/1154/1 1155/1155/1 791/791/1
f 66/66/1 792/792/1 65/65/1
f 792/792/1 791/791/1 65/65/1
f 1155/1155/1 429/429/1 428/428/1
f 1154/1154/1 1155/1155/1 428/428/1
f 67/67/1 430/430/1 66/66/1
f 430/430/1 429/429/1 66/66/1
f 1156/1156/1 793/793/1 792/792/1
f 1155/1155/1 1156/1156/1 792/792/1
f 67/67/1 793/793/1 66/66/1
f 793/793/1 792/792/1 66/66/1
f 1156/1156/1 430/430/1 429/429/1
f 1155/1155/1 1156/1156/1 429/429/1
f 68/68/1 431/431/1 67/67/1
f 431/431/1 430/430/1 67/67/1
f 1157/1157/1 794/794/1 793/793/1
f 1156/1156/1 1157/1157/1 793/793/1
f 68/68/1 794/794/1 67/67/1
f 794/794/1 793/793/1 67/67/1
f 1157/1157/1 431/431/1 430/430/1
f 1156/1156/1 1157/1157/1 430/430/1
f 69/69/1 432/432/1 68/68/1
f 432/432/1 431/431/1 68/68/1
f 1158/1158/1 795/795/1 794/794/1
f 1157/1157/1 1158/1158/1 794/794/1
f 69/69/1 795/795/1 68/68/1
f 795/795/1 794/794/1 68/68/1
f 1158/1158/1 432/432/1 431/431/1
f 1157/1157/1 1158/1158/1 431/431/1
f 70/70/1 433/433/1 69/69/1
f 433/433/1 432/432/1 69/69/1
f 1159/1159/1 796/796/1 795/795/1
f 1158/1158/1 1159/1159/1 795/795/1
f 70/70/1 796/796/1 69/69/1
f 796/796/1 795/795/1 69/69/1
f 1159/1159/1 433/433/1 432/432/1
f 1158/1158/1 1159/1159/1 432/432/1
f 71/71/1 434/434/1 70/70/1
f 434/434/1 433/433/1 70/70/1
f 1160/1160/1 797/797/1 796/796/1
f 1159/1159/1 1160/1160/1 796/796/1
f 71/71/1 797/797/1 70/70/1
f 797/797/1 796/796/1 70/70/1
f 1160/1160/1 434/434/1 433/433/1
f 1159/1159/1 1160/1160/1 433/433/1
f 72/72/1 435/435/1 71/71/1
f 435/435/1 434/434/1 71/71/1
f 1161/1161/1 798/798/1 797/797/1
f 1160/1160/1 1161/1161/1 797/797/1
f 72/72/1 798/798/1 71/71/1
f 798/798/1 797/797/1 71/71/1
f 1161/1161/1 435/435/1 434/434/1
f 1160/1160/1 1161/1161/1 434/434/1
f 73/73/1 436/436/1 72/72/1
f 436/436/1 435/435/1 72/72/1
f 1162/1162/1 799/799/1 798/798/1
f 1161/1161/1 1162/1162/1 798/798/1
f 73/73/1 799/799/1 72/72/1
f 799/799/1 798/798/1 72/72/1
f 1162/1162/1 436/436/1 435/435/1
f 1161/1161/1 1162/1162/1 435/435/1
f 74/74/1 437/437/1 73/73/1
f 437/437/1 436/436/1 73/73/1
f 1163/1163/1 800/800/1 799/799/1
f 1162/1162/1 1163/1163/1 799/799/1
f 74/74/1 800/800/1 73/73/1
f 800/800/1 799/799/1 73/73/1
f 1163/1163/1 437/437/1 436/436/1
f 1162/1162/1 1163/1163/1 436/436/1
f 75/75/1 438/438/1 74/74/1
f 438/438/1 437/437/1 74/74/1
f 1164/1164/1 801/801/1 800/800/1
f 1163/1163/1 1164/1164/1 800/800/1
f 75/75/1 801/801/1 74/74/1
f 801/801/1 800/800/1 74/74/1
f 1164/1164/1 438/438/1 437/437/1
f 1163/1163/1 1164/1164/1 437/437/1
f 76/76/1 439/439/1 75/75/1
f 439/439/1 438/438/1 75/75/1
f 1165/1165/1 802/802/1 801/801/1
f 1164/1164/1 1165/1165/1 801/801/1
f 76/76/1 802/802/1 75/75/1
f 802/802/1 801/801/1 75/75/1
f 1165/1165/1 439/439/1 438/438/1
f 1164/1164/1 1165/1165/1 438/438/1
f 77/77/1 440/440/1 76/76/1
f 440/440/1 439/439/1 76/76/1
f 1166/1166/1 803/803/1 802/802/1
f 1165/1165/1 1166/1166/1 802/802/1
f 77/77/1 803/803/1 76/76/1
f 803/803/1 802/802/1 76/76/1
f 1166/1166/1 440/440/1 439/439/1
f 1165/1165/1 1166/1166/1 439/439/1
f 78/78/1 441/441/1 77/77/1
f 441/441/1 440/440/1 77/77/1
f 1167/1167/1 804/804/1 803/803/1
f 1166/1166/1 1167/1167/1 803/803/1
f 78/78/1 804/804/1 77/77/1
f 804/804/1 803/803/1 77/77/1
f 1167/1167/1 441/441/1 440/440/1
f 1166/1166/1 1167/1167/1 440/440/1
f 79/79/1 442/442/1 78/78/1
f 442/442/1 441/441/1 78/78/1
f 1168/1168/1 805/805/1 804/804/1
f 1167/1167/1 1168/1168/1 804/804/1
f 79/79/1 805/805/1 78/78/1
f 805/805/1 804/804/1 78/78/1
f 1168/1168/1 442/442/1 441/441/1
f 1167/1167/1 1168/1168/1 441/441/1
f 80/80/1 443/443/1 79/79/1
f 443/443/1 442/442/1 79/79/1
f 1169/1169/1 806/806/1 805/805/1
f 1168/1168/1 1169/1169/1 805/805/1
f 80/80/1 806/806/1 79/79/1
f 806/806/1 805/805/1 79/79/1
f 1169/1169/1 443/443/1 442/442/1
f 1168/1168/1 1169/1169/1 442/442/1
f 81/81/1 444/444/1 80/80/1
f 444/444/1 443/443/1 80/80/1
f 1170/1170/1 807/807/1 806/806/1
f 1169/1169/1 1170/1170/1 806/806/1
f 81/81/1 807/807/1 80/80/1
f 807/807/1 806/806/1 80/80/1
f 1170/1170/1 444/444/1 443/443/1
f 1169/1169/1 1170/1170/1 443/443/1
f 82/82/1 445/445/1 81/81/1
f 445/445/1 444/444/1 81/81/1
f 1171/1171/1 808/808/1 807/807/1
f 1170/1170/1 1171/1171/1 807/807/1
f 82/82/1 808/808/1 81/81/1
f 808/808/1 807/807/1 81/81/1
f 1171/1171/1 445/445/1 444/444/1
f 1170/1170/1 1171/1171/1 444/444/1
f 83/83/1 446/446/1 82/82/1
f 446/446/1 445/445/1 82/82/1
f 1172/1172/1 809/809/1 808/808/1
f 1171/1171/1 1172/1172/1 808/808/1
f 83/83/1 809/809/1 82/82/1
f 809/809/1 808/808/1 82/82/1
f 1172/1172/1 446/446/1 445/445/1
f 1171/1171/1 1172/1172/1 445/445/1
f 84/84/1 447/447/1 83/83/1
f 447/447/1 446/446/1 83/83/1
f 1173/1173/1 810/810/1 809/809/1
f 1172/1172/1 1173/1173/1 809/809/1
f 84/84/1 810/810/1 83/83/1
f 810/810/1 809/809/1 83/83/1
f 1173/1173/1 447/447/1 446/446/1
f 1172/1172/1 1173/1173/1 446/446/1
f 85/85/1 448/448/1 84/84/1
f 448/448/1 447/447/1 84/84/1
f 1174/1174/1 811/811/1 810/810/1
f 1173/1173/1 1174/1174/1 810/810/1
f 85/85/1 811/811/1 84/84/1
f 811/811/1 810/810/1 84/84/1
f 1174/1174/1 448/448/1 447/447/1
f 1173/1173/1 1174/1174/1 447/447/1
f 86/86/1 449/449/1 85/85/1
f 449/449/1 448/448/1 85/85/1
f 1175/1175/1 812/812/1 811/811/1
f 1174/1174/1 1175/1175/1 811/811/1
f 86/86/1 812/812/1 85/85/1
f 812/812/1 811/811/1 85/85/1
f 1175/1175/1 449/449/1 448/448/1
f 1174/1174/1 1175/1175/1 448/448/1
f 87/87/1 450/450/1 86/86/1
f 450/450/1 449/449/1 86/86/1
f 1176/1176/1 813/813/1 812/812/1
f 1175/1175/1 1176/1176/1 812/812/1
f 87/87/1 813/813/1 86/86/1
f 813/813/1 812/812/1 86/86/1
f 1176/1176/1 450/450/1 449/449/1
f 1175/1175/1 1176/1176/1 449/449/1
f 88/88/1 451/451/1 87/87/1
f 451/451/1 450/450/1 87/87/1
f 1177/1177/1 814/814/1 813/813/1
f 1176/1176/1 1177/1177/1 813/813/1
f 88/88/1 814/814/1 87/87/1
f 814/814/1 813/813/1 87/87/1
f 1177/1177/1 451/451/1 450/450/1
f 1176/1176/1 1177/1177/1 450/450/1
f 89/89/1 452/452/1 88/88/1
f 452/452/1 451/451/1 88/88/1
f 1178/1178/1 815/815/1 814/814/1
f 1177/1177/1 1178/1178/1 814/814/1
f 89/89/1 815/815/1 88/88/1
f 815/815/1 814/814/1 88/88/1
f 1178/1178/1 452/452/1 451/451/1
f 1177/1177/1 1178/1178/1 451/451/1
f 90/90/1 453/453/1 89/89/1
f 453/453/1 452/452/1 89/89/1
f 1179/1179/1 816/816/1 815/815/1
f 1178/1178/1 1179/1179/1 815/815/1
f 90/90/1 816/816/1 89/89/1
f 816/816/1 815/815/1 89/89/1
f 1179/1179/1 453/453/1 452/452/1
f 1178/1178/1 1179/1179/1 452/452/1
f 91/91/1 454/454/1 90/90/1
f 454/454/1 453/453/1 90/90/1
f 1180/1180/1 817/817/1 816/816/1
f 1179/1179/1 1180/1180/1 816/816/1
f 91/91/1 817/817/1 90/90/1
f 817/817/1 816/816/1 90/90/1
f 1180/1180/1 454/454/1 453/453/1
f 1179/1179/1 1180/1180/1 453/453/1
f 92/92/1 455/455/1 91/91/1
f 455/455/1 454/454/1 91/91/1
f 1181/1181/1 818/818/1 817/817/1
f 1180/1180/1 1181/1181/1 817/817/1
f 92/92/1 818/818/1 91/91/1
f 818/818/1 817/817/1 91/91/1
f 1181/1181/1 455/455/1 454/454/1
f 1180/1180/1 1181/1181/1 454/454/1
f 93/93/1 456/456/1 92/92/1
f 456/456/1 455/455/1 92/92/1
f 1182/1182/1 819/819/1 818/818/1
f 1181/1181/1 1182/1182/1 818/818/1
f 93/93/1 819/819/1 92/92/1
f 819/819/1 818/818/1 92/92/1
f 1182/1182/1 456/456/1 455/455/1
f 1181/1181/1 1182/1182/1 455/455/1
f 94/94/1 457/457/1 93/93/1
f 457/457/1 456/456/1 93/93/1
f 1183/1183/1 820/820/1 819/819/1
f 1182/1182/1 1183/1183/1 819/819/1
f 94/94/1 820/820/1 93/93/1
f 820/820/1 819/819/1 93/93/1
f 1183/1183/1 457/457/1 456/456/1
f 1182/1182/1 1183/1183/1 456/456/1
f 95/95/1 458/458/1 94/94/1
f 458/458/1 457/457/1 94/94/1
f 1184/1184/1 821/821/1 820/820/1
f 1183/1183/1 1184/1184/1 820/820/1
f 95/95/1 821/821/1 94/94/1
f 821/821/1 820/820/1 94/94/1
f 1184/1184/1 458/458/1 457/457/1
f 1183/1183/1 1184/1184/1 457/457/1
f 96/96/1 459/459/1 95/95/1
f 459/459/1 458/458/1 95/95/1
f 1185/1185/1 822/822/1 821/821/1
f 1184/1184/1 1185/1185/1 821/821/1
f 96/96/1 822/822/1 95/95/1
f 822/822/1 821/821/1 95/95/1
f 1185/1185/1 459/459/1 458/458/1
f 1184/1184/1 1185/1185/1 458/458/1
f 97/97/1 460/460/1 96/96/1
f 460/460/1 459/459/1 96/96/1
f 1186/1186/1 823/823/1 822/822/1
f 1185/1185/1 1186/1186/1 822/822/1
f 97/97/1 823/823/1 96/96/1
f 823/823/1 822/822/1 96/96/1
f 1186/1186/1 460/460/1 459/459/1
f 1185/1185/1 1186/1186/1 459/459/1
f 98/98/1 461/461/1 97/97/1
f 461/461/1 460/460/1 97/97/1
f 1187/1187/1 824/824/1 823/823/1
f 1186/1186/1 1187/1187/1 823/823/1
f 98/98/1 824/824/1 97/97/1
f 824/824/1 823/823/1 97/97/1
f 1187/1187/1 461/461/1 460/460/1
f 1186/1186/1 1187/1187/1 460/460/1
f 99/99/1 462/462/1 98/98/1
f 462/462/1 461/461/1 98/98/1
f 1188/1188/1 825/825/1 824/824/1
f 1187/1187/1 1188/1188/1 824/824/1
f 99/99/1 825/825/1 98/98/1
f 825/825/1 824/824/1 98/98/1
f 1188/1188/1 462/462/1 461/461/1
f 1187/1187/1 1188/1188/1 461/461/1
f 100/100/1 463/463/1 99/99/1
f 463/463/1 462/462/1 99/99/1
f 1189/1189/1 826/826/1 825/825/1
f 1188/1188/1 1189/1189/1 825/825/1
f 100/100/1 826/826/1 99/99/1
f 826/826/1 825/825/1 99/99/1
f 1189/1189/1 463/463/1 462/462/1
f 1188/1188/1 1189/1189/1 462/462/1
f 101/101/1 464/464/1 100/100/1
f 464/464/1 463/463/1 100/100/1
f 1190/1190/1 827/827/1 826/826/1
f 1189/1189/1 1190/1190/1 826/826/1
f 101/101/1 827/827/1 100/100/1
f 827/827/1 826/826/1 100/100/1
f 1190/1190/1 464/464/1 463/463/1
f 1189/1189/1 1190/1190/1 463/463/1
f 102/102/1 465/465/1 101/101/1
f 465/465/1 464/464/1 101/101/1
f 1191/1191/1 828/828/1 827/827/1
f 1190/1190/1 1191/1191/1 827/827/1
f 102/102/1 828/828/1 101/101/1
f 828/828/1 827/827/1 101/101/1
f 1191/1191/1 465/465/1 464/464/1
f 1190/1190/1 1191/1191/1 464/464/1
f 103/103/1 466/466/1 102/102/1
f 466/466/1 465/465/1 102/102/1
f 1192/1192/1 829/829/1 828/828/1
f 1191/1191/1 1192/1192/1 828/828/1
f 103/103/1 829/829/1 102/102/1
f 829/829/1 828/828/1 102/102/1
f 1192/1192/1 466/466/1 465/465/1
f 1191/1191/1 1192/1192/1 465/465/1
f 104/104/1 467/467/1 103/103/1
f 467/467/1 466/466/1 103/103/1
f 1193/1193/1 830/830/1 829/829/1
f 1192/1192/1 1193/1193/1 829/829/1
f 104/104/1 830/830/1 103/103/1
f 830/830/1 829/829/1 103/103/1
f 1193/1193/1 467/467/1 466/466/1
f 1192/1192/1 1193/1193/1 466/466/1
f 105/105/1 468/468/1 104/104/1
f 468/468/1 467/467/1 104/104/1
f 1194/1194/1 831/831/1 830/830/1
f 1193/1193/1 1194/1194/1 830/830/1
f 105/105/1 831/831/1 104/104/1
f 831/831/1 830/830/1 104/104/1
f 1194/1194/1 468/468/1 467/467/1
f 1193/1193/1 1194/1194/1 467/467/1
f 106/106/1 469/469/1 105/105/1
f 469/469/1 468/468/1 105/105/1
f 1195/1195/1 832/832/1 831/831/1
f 1194/1194/1 1195/1195/1 831/831/1
f 106/106/1 832/832/1 105/105/1
f 832/832/1 831/831/1 105/105/1
f 1195/1195/1 469/469/1 468/468/1
f 1194/1194/1 1195/1195/1 468/468/1
f 107/107/1 470/470/1 106/106/1
f 470/470/1 469/469/1 106/106/1
f 1196/1196/1 833/833/1 832/832/1
f 1195/1195/1 1196/1196/1 832/832/1
f 107/107/1 833/833/1 106/106/1
f 833/833/1 832/832/1 106/106/1
f 1196/1196/1 470/470/1 469/469/1
f 1195/1195/1 1196/1196/1 469/469/1
f 108/108/1 471/471/1 107/107/1
f 471/471/1 470/470/1 107/107/1
f 1197/1197/1 834/834/1 833/833/1
f 1196/1196/1 1197/1197/1 833/833/1
f 108/108/1 834/834/1 107/107/1
f 834/834/1 833/833/1 107/107/1
f 1197/1197/1 471/471/1 470/470/1
f 1196/1196/1 1197/1197/1 470/470/1
f 109/109/1 472/472/1 108/108/1
f 472/472/1 471/471/1 108/108/1
f 1198/1198/1 835/835/1 834/834/1
f 1197/1197/1 1198/1198/1 834/834/1
f 109/109/1 835/835/1 108/108/1
f 835/835/1 834/834/1 108/108/1
f 1198/1198/1 472/472/1 471/471/1
f 1197/1197/1 1198/1198/1 471/471/1
f 110/110/1 473/473/1 109/109/1
f 473/473/1 472/472/1 109/109/1
f 1199/1199/1 836/836/1 835/835/1
f 1198/1198/1 1199/1199/1 835/835/1
f 110/110/1 836/836/1 109/109/1
f 836/836/1 835/835/1 109/109/1
f 1199/1199/1 473/473/1 472/472/1
f 1198/1198/1 1199/1199/1 472/472/1
f 111/111/1 474/474/1 110/110/1
f 474/474/1 473/473/1 110/110/1
f 1200/1200/1 837/837/1 836/836/1
f 1199/1199/1 1200/1200/1 836/836/1
f 111/111/1 837/837/1 110/110/1
f 837/837/1 836/836/1 110/110/1
f 1200/1200/1 474/474/1 473/473/1
f 1199/1199/1 1200/1200/1 473/473/1
f 112/112/1 475/475/1 111/111/1
f 475/475/1 474/474/1 111/111/1
f 1201/1201/1 838/838/1 837/837/1
f 1200/1200/1 1201/1201/1 837/837/1
f 112/112/1 838/838/1 111/111/1
f 838/838/1 837/837/1 111/111/1
f 1201/1201/1 475/475/1 474/474/1
f 1200/1200/1 1201/1201/1 474/474/1
f 113/113/1 476/476/1 112/112/1
f 476/476/1 475/475/1 112/112/1
f 1202/1202/1 839/839/1 838/838/1
f 1201/1201/1 1202/1202/1 838/838/1
f 113/113/1 839/839/1 112/112/1
f 839/839/1 838/838/1 112/112/1
f 1202/1202/1 476/476/1 475/475/1
f 1201/1201/1 1202/1202/1 475/475/1
f 114/114/1 477/477/1 113/113/1
f 477/477/1 476/476/1 113/113/1
f 1203/1203/1 840/840/1 839/839/1
f 1202/1202/1 1203/1203/1 839/839/1
f 114/114/1 840/840/1 113/113/1
f 840/840/1 839/839/1 113/113/1
f 1203/1203/1 477/477/1 476/476/1
f 1202/1202/1 1203/1203/1 476/476/1
f 115/115/1 478/478/1 114/114/1
f 478/478/1 477/477/1 114/114/1
f 1204/1204/1 841/841/1 840/840/1
f 1203/1203/1 1204/1204/1 840/840/1
f 115/115/1 841/841/1 114/114/1
f 841/841/1 840/840/1 114/114/1
f 1204/1204/1 478/478/1 477/477/1
f 1203/1203/1 1204/1204/1 477/477/1
f 116/116/1 479/479/1 115/115/1
f 479/479/1 478/478/1 115/115/1
f 1205/1205/1 842/842/1 841/841/1
f 1204/1204/1 1205/1205/1 841/841/1
f 116/116/1 842/842/1 115/115/1
f 842/842/1 841/841/1 115/115/1
f 1205/1205/1 479/479/1 478/478/1
f 1204/1204/1 1205/1205/1 478/478/1
f 117/117/1 480/480/1 116/116/1
f 480/480/1 479/479/1 116/116/1
f 1206/1206/1 843/843/1 842/842/1
f 1205/1205/1 1206/1206/1 842/842/1
f 117/117/1 843/843/1 116/116/1
f 843/843/1 842/842/1 116/116/1
f 1206/1206/1 480/480/1 479/479/1
f 1205/1205/1 1206/1206/1 479/479/1
f 118/118/1 481/481/1 117/117/1
f 481/481/1 480/480/1 117/117/1
f 1207/1207/1 844/844/1 843/843/1
f 1206/1206/1 1207/1207/1 843/843/1
f 118/118/1 844/844/1 117/117/1
f 844/844/1 843/843/1 117/117/1
f 1207/1207/1 481/481/1 480/480/1
f 1206/1206/1 1207/1207/1 480/480/1
f 119/119/1 482/482/1 118/118/1
f 482/482/1 481/481/1 118/118/1
f 1208/1208/1 845/845/1 844/844/1
f 1207/1207/1 1208/1208/1 844/844/1
f 119/119/1 845/845/1 118/118/1
f 845/845/1 844/844/1 118/118/1
f 1208/1208/1 482/482/1 481/481/1
f 1207/1207/1 1208/1208/1 481/481/1
f 120/120/1 483/483/1 119/119/1
f 483/483/1 482/482/1 119/119/1
f 1209/1209/1 846/846/1 845/845/1
f 1208/1208/1 1209/1209/1 845/845/1
f 120/120/1 846/846/1 119/119/1
f 846/846/1 845/845/1 119/119/1
f 1209/1209/1 483/483/1 482/482/1
f 1208/1208/1 1209/1209/1 482/482/1
f 121/121/1 484/484/1 120/120/1
f 484/484/1 483/483/1 120/120/1
f 1210/1210/1 847/847/1 846/846/1
f 1209/1209/1 1210/1210/1 846/846/1
f 121/121/1 847/847/1 120/120/1
f 847/847/1 846/846/1 120/120/1
f 1210/1210/1 484/484/1 483/483/1
f 1209/1209/1 1210/1210/1 483/483/1
f 122/122/1 485/485/1 121/121/1
f 485/485/1 484/484/1 121/121/1
f 1211/1211/1 848/848/1 847/847/1
f 1210/1210/1 1211/1211/1 847/847/1
f 122/122/1 848/848/1 121/121/1
f 848/848/1 847/847/1 121/121/1
f 1211/1211/1 485/485/1 484/484/1
f 1210/1210/1 1211/1211/1 484/484/1
f 123/123/1 486/486/1 122/122/1
f 486/486/1 485/485/1 122/122/1
f 1212/1212/1 849/849/1 848/848/1
f 1211/1211/1 1212/1212/1 848/848/1
f 123/123/1 849/849/1 122/122/1
f 849/849/1 848/848/1 122/122/1
f 1212/1212/1 486/486/1 485/485/1
f 1211/1211/1 1212/1212/1 485/485/1
f 124/124/1 487/487/1 123/123/1
f 487/487/1 486/486/1 123/123/1
f 1213/1213/1 850/850/1 849/849/1
f 1212/1212/1 1213/1213/1 849/849/1
f 124/124/1 850/850/1 123/123/1
f 850/850/1 849/849/1 123/123/1
f 1213/1213/1 487/487/1 486/486/1
f 1212/1212/1 1213/1213/1 486/486/1
f 125/125/1 488/488/1 124/124/1
f 488/488/1 487/487/1 124/124/1
f 1214/1214/1 851/851/1 850/850/1
f 1213/1213/1 1214/1214/1 850/850/1
f 125/125/1 851/851/1 124/124/1
f 851/851/1 850/850/1 124/124/1
f 1214/1214/1 488/488/1 487/487/1
f 1213/1213/1 1214/1214/1 487/487/1
f 126/126/1 489/489/1 125/125/1
f 489/489/1 488/488/1 125/125/1
f 1215/1215/1 852/852/1 851/851/1
f 1214/1214/1 1215/1215/1 851/851/1
f 126/126/1 852/852/1 125/125/1
f 852/852/1 851/851/1 125/125/1
f 1215/1215/1 489/489/1 488/488/1
f 1214/1214/1 1215/1215/1 488/488/1
f 127/127/1 490/490/1 126/126/1
f 490/490/1 489/489/1 126/126/1
f 1216/1216/1 853/853/1 852/852/1
f 1215/1215/1 1216/1216/1 852/852/1
f 127/127/1 853/853/1 126/126/1
f 853/853/1 852/852/1 126/126/1
f 1216/1216/1 490/490/1 489/489/1
f 1215/1215/1 1216/1216/1 489/489/1
f 128/128/1 491/491/1 127/127/1
f 491/491/1 490/490/1 127/127/1
f 1217/1217/1 854/854/1 853/853/1
f 1216/1216/1 1217/1217/1 853/853/1
f 128/128/1 854/854/1 127/127/1
f 854/854/1 853/853/1 127/127/1
f 1217/1217/1 491/491/1 490/490/1
f 1216/1216/1 1217/1217/1 490/490/1
f 129/129/1 492/492/1 128/128/1
f 492/492/1 491/491/1 128/128/1
f 1218/1218/1 855/855/1 854/854/1
f 1217/1217/1 1218/1218/1 854/854/1
f 129/129/1 855/855/1 128/128/1
f 855/855/1 854/854/1 128/128/1
f 1218/1218/1 492/492/1 491/491/1
f 1217/1217/1 1218/1218/1 491/491/1
f 130/130/1 493/493/1 129/129/1
f 493/493/1 492/492/1 129/129/1
f 1219/1219/1 856/856/1 855/855/1
f 1218/1218/1 1219/1219/1 855/855/1
f 130/130/1 856/856/1 129/129/1
f 856/856/1 855/855/1 129/129/1
f 1219/1219/1 493/493/1 492/492/1
f 1218/1218/1 1219/1219/1 492/492/1
f 131/131/1 494/494/1 130/130/1
f 494/494/1 493/493/1 130/130/1
f 1220/1220/1 857/857/1 856/856/1
f 1219/1219/1 1220/1220/1 856/856/1
f 131/131/1 857/857/1 130/130/1
f 857/857/1 856/856/1 130/130/1
f 1220/1220/1 494/494/1 493/493/1
f 1219/1219/1 1220/1220/1 493/493/1
f 132/132/1 495/495/1 131/131/1
f 495/495/1 494/494/1 131/131/1
f 1221/1221/1 858/858/1 857/857/1
f 1220/1220/1 1221/1221/1 857/857/1
f 132/132/1 858/858/1 131/131/1
f 858/858/1 857/857/1 131/131/1
f 1221/1221/1 495/495/1 494/494/1
f 1220/1220/1 1221/1221/1 494/494/1
f 133/133/1 496/496/1 132/132/1
f 496/496/1 495/495/1 132/132/1
f 1222/1222/1 859/859/1 858/858/1
f 1221/1221/1 1222/1222/1 858/858/1
f 133/133/1 859/859/1 132/132/1
f 859/859/1 858/858/1 132/132/1
f 1222/1222/1 496/496/1 495/495/1
f 1221/1221/1 1222/1222/1 495/495/1
f 134/134/1 497/497/1 133/133/1
f 497/497/1 496/496/1 133/133/1
f 1223/1223/1 860/860/1 859/859/1
f 1222/1222/1 1223/1223/1 859/859/1
f 134/134/1 860/860/1 133/133/1
f 860/860/1 859/859/1 133/133/1
f 1223/1223/1 497/497/1 496/496/1
f 1222/1222/1 1223/1223/1 496/496/1
f 135/135/1 498/498/1 134/134/1
f 498/498/1 497/497/1 134/134/1
f 1224/1224/1 861/861/1 860/860/1
f 1223/1223/1 1224/1224/1 860/860/1
f 135/135/1 861/861/1 134/134/1
f 861/861/1 860/860/1 134/134/1
f 1224/1224/1 498/498/1 497/497/1
f 1223/1223/1 1224/1224/1 497/497/1
f 136/136/1 499/499/1 135/135/1
f 499/499/1 498/498/1 135/135/1
f 1225/1225/1 862/862/1 861/861/1
f 1224/1224/1 1225/1225/1 861/861/1
f 136/136/1 862/862/1 135/135/1
f 862/862/1 861/861/1 135/135/1
f 1225/1225/1 499/499/1 498/498/1
f 1224/1224/1 1225/1225/1 498/498/1
f 137/137/1 500/500/1 136/136/1
f 500/500/1 499/499/1 136/136/1
f 1226/1226/1 863/863/1 862/862/1
f 1225/1225/1 1226/1226/1 862/862/1
f 137/137/1 863/863/1 136/136/1
f 863/863/1 862/862/1 136/136/1
f 1226/1226/1 500/500/1 499/499/1
f 1225/1225/1 1226/1226/1 499/499/1
f 138/138/1 501/501/1 137/137/1
f 501/501/1 500/500/1 137/137/1
f 1227/1227/1 864/864/1 863/863/1
f 1226/1226/1 1227/1227/1 863/863/1
f 138/138/1 864/864/1 137/137/1
f 864/864/1 863/863/1 137/137/1
f 1227/1227/1 501/501/1 500/500/1
f 1226/1226/1 1227/1227/1 500/500/1
f 139/139/1 502/502/1 138/138/1
f 502/502/1 501/501/1 138/138/1
f 1228/1228/1 865/865/1 864/864/1
f 1227/1227/1 1228/1228/1 864/864/1
f 139/139/1 865/865/1 138/138/1
f 865/865/1 864/864/1 138/138/1
f 1228/1228/1 502/502/1 501/501/1
f 1227/1227/1 1228/1228/1 501/501/1
f 140/140/1 503/503/1 139/139/1
f 503/503/1 502/502/1 139/139/1
f 1229/1229/1 866/866/1 865/865/1
f 1228/1228/1 1229/1229/1 865/865/1
f 140/140/1 866/866/1 139/139/1
f 866/866/1 865/865/1 139/139/1
f 1229/1229/1 503/503/1 502/502/1
f 1228/1228/1 1229/1229/1 502/502/1
f 141/141/1 504/504/1 140/140/1
f 504/504/1 503/503/1 140/140/1
f 1230/1230/1 867/867/1 866/866/1
f 1229/1229/1 1230/1230/1 866/866/1
f 141/141/1 867/867/1 140/140/1
f 867/867/1 866/866/1 140/140/1
f 1230/1230/1 504/504/1 503/503/1
f 1229/1229/1 1230/1230/1 503/503/1
f 142/142/1 505/505/1 141/141/1
f 505/505/1 504/504/1 141/141/1
f 1231/1231/1 868/868/1 867/867/1
f 1230/1230/1 1231/1231/1 867/867/1
f 142/142/1 868/868/1 141/141/1
f 868/868/1 867/867/1 141/141/1
f 1231/1231/1 505/505/1 504/504/1
f 1230/1230/1 1231/1231/1 504/504/1
f 143/143/1 506/506/1 142/142/1
f 506/506/1 505/505/1 142/142/1
f 1232/1232/1 869/869/1 868/868/1
f 1231/1231/1 1232/1232/1 868/868/1
f 143/143/1 869/869/1 142/142/1
f 869/869/1 868/868/1 142/142/1
f 1232/1232/1 506/506/1 505/505/1
f 1231/1231/1 1232/1232/1 505/505/1
f 144/144/1 507/507/1 143/143/1
f 507/507/1 506/506/1 143/143/1
f 1233/1233/1 870/870/1 869/869/1
f 1232/1232/1 1233/1233/1 869/869/1
f 144/144/1 870/870/1 143/143/1
f 870/870/1 869/869/1 143/143/1
f 1233/1233/1 507/507/1 506/506/1
f 1232/1232/1 1233/1233/1 506/506/1
f 145/145/1 508/508/1 144/144/1
f 508/508/1 507/507/1 144/144/1
f 1234/1234/1 871/871/1 870/870/1
f 1233/1233/1 1234/1234/1 870/870/1
f 145/145/1 871/871/1 144/144/1
f 871/871/1 870/870/1 144/144/1
f 1234/1234/1 508/508/1 507/507/1
f 1233/1233/1 1234/1234/1 507/507/1
f 146/146/1 509/509/1 145/145/1
f 509/509/1 508/508/1 145/145/1
f 1235/1235/1 872/872/1 871/871/1
f 1234/1234/1 1235/1235/1 871/871/1
f 146/146/1 872/872/1 145/145/1
f 872/872/1 871/871/1 145/145/1
f 1235/1235/1 509/509/1 508/508/1
f 1234/1234/1 1235/1235/1 508/508/1
f 147/147/1 510/510/1 146/146/1
f 510/510/1 509/509/1 146/146/1
f 1236/1236/1 873/873/1 872/872/1
f 1235/1235/1 1236/1236/1 872/872/1
f 147/147/1 873/873/1 146/146/1
f 873/873/1 872/872/1 146/146/1
f 1236/1236/1 510/510/1 509/509/1
f 1235/1235/1 1236/1236/1 509/509/1
f 148/148/1 511/511/1 147/147/1
f 511/511/1 510/510/1 147/147/1
f 1237/1237/1 874/874/1 873/873/1
f 1236/1236/1 1237/1237/1 873/873/1
f 148/148/1 874/874/1 147/147/1
f 874/874/1 873/873/1 147/147/1
f 1237/1237/1 511/511/1 510/510/1
f 1236/1236/1 1237/1237/1 510/510/1
f 149/149/1 512/512/1 148/148/1
f 512/512/1 511/511/1 148/148/1
f 1238/1238/1 875/875/1 874/874/1
f 1237/1237/1 1238/1238/1 874/874/1
f 149/149/1 875/875/1 148/148/1
f 875/875/1 874/874/1 148/148/1
f 1238/1238/1 512/512/1 511/511/1
f 1237/1237/1 1238/1238/1 511/511/1
f 150/150/1 513/513/1 149/149/1
f 513/513/1 512/512/1 149/149/1
f 1239/1239/1 876/876/1 875/875/1
f 1238/1238/1 1239/1239/1 875/875/1
f 150/150/1 876/876/1 149/149/1
f 876/876/1 875/875/1 149/149/1
f 1239/1239/1 513/513/1 512/512/1
f 1238/1238/1 1239/1239/1 512/512/1
f 151/151/1 514/514/1 150/150/1
f 514/514/1 513/513/1 150/150/1
f 1240/1240/1 877/877/1 876/876/1
f 1239/1239/1 1240/1240/1 876/876/1
f 151/151/1 877/877/1 150/150/1
f 877/877/1 876/876/1 150/150/1
f 1240/1240/1 514/514/1 513/513/1
f 1239/1239/1 1240/1240/1 513/513/1
f 152/152/1 515/515/1 151/151/1
f 515/515/1 514/514/1 151/151/1
f 1241/1241/1 878/878/1 877/877/1
f 1240/1240/1 1241/1241/1 877/877/1
f 152/152/1 878/878/1 151/151/1
f 878/878/1 877/877/1 151/151/1
f 1241/1241/1 515/515/1 514/514/1
f 1240/1240/1 1241/1241/1 514/514/1
f 153/153/1 516/516/1 152/152/1
f 516/516/1 515/515/1 152/152/1
f 1242/1242/1 879/879/1 878/878/1
f 1241/1241/1 1242/1242/1 878/878/1
f 153/153/1 879/879/1 152/152/1
f 879/879/1 878/878/1 152/152/1
f 1242/1242/1 516/516/1 515/515/1
f 1241/1241/1 1242/1242/1 515/515/1
f 154/154/1 517/517/1 153/153/1
f 517/517/1 516/516/1 153/153/1
f 1243/1243/1 880/880/1 879/879/1
f 1242/1242/1 1243/1243/1 879/879/1
f 154/154/1 880/880/1 153/153/1
f 880/880/1 879/879/1 153/153/1
f 1243/1243/1 517/517/1 516/516/1
f 1242/1242/1 1243/1243/1 516/516/1
f 155/155/1 518/518/1 154/154/1
f 518/518/1 517/517/1 154/154/1
f 1244/1244/1 881/881/1 880/880/1
f 1243/1243/1 1244/1244/1 880/880/1
f 155/155/1 881/881/1 154/154/1
f 881/881/1 880/880/1 154/154/1
f 1244/1244/1 518/518/1 517/517/1
f 1243/1243/1 1244/1244/1 517/517/1
f 156/156/1 519/519/1 155/155/1
f 519/519/1 518/518/1 155/155/1
f 1245/1245/1 882/882/1 881/881/1
f 1244/1244/1 1245/1245/1 881/881/1
f 156/156/1 882/882/1 155/155/1
f 882/882/1 881/881/1 155/155/1
f 1245/1245/1 519/519/1 518/518/1
f 1244/1244/1 1245/1245/1 518/518/1
f 157/157/1 520/520/1 156/156/1
f 520/520/1 519/519/1 156/156/1
f 1246/1246/1 883/883/1 882/882/1
f 1245/1245/1 1246/1246/1 882/882/1
f 157/157/1 883/883/1 156/156/1
f 883/883/1 882/882/1 156/156/1
f 1246/1246/1 520/520/1 519/519/1
f 1245/1245/1 1246/1246/1 519/519/1
f 158/158/1 521/521/1 157/157/1
f 521/521/1 520/520/1 157/157/1
f 1247/1247/1 884/884/1 883/883/1
f 1246/1246/1 1247/1247/1 883/883/1
f 158/158/1 884/884/1 157/157/1
f 884/884/1 883/883/1 157/157/1
f 1247/1247/1 521/521/1 520/520/1
f 1246/1246/1 1247/1247/1 520/520/1
f 159/159/1 522/522/1 158/158/1
f 522/522/1 521/521/1 158/158/1
f 1248/1248/1 885/885/1 884/884/1
f 1247/1247/1 1248/1248/1 884/884/1
f 159/159/1 885/885/1 158/158/1
f 885/885/1 884/884/1 158/158/1
f 1248/1248/1 522/522/1 521/521/1
f 1247/1247/1 1248/1248/1 521/521/1
f 160/160/1 523/523/1 159/159/1
f 523/523/1 522/522/1 159/159/1
f 1249/1249/1 886/886/1 885/885/1
f 1248/1248/1 1249/1249/1 885/885/1
f 160/160/1 886/886/1 159/159/1
f 886/886/1 885/885/1 159/159/1
f 1249/1249/1 523/523/1 522/522/1
f 1248/1248/1 1249/1249/1 522/522/1
f 161/161/1 524/524/1 160/160/1
f 524/524/1 523/523/1 160/160/1
f 1250/1250/1 887/887/1 886/886/1
f 1249/1249/1 1250/1250/1 886/886/1
f 161/161/1 887/887/1 160/160/1
f 887/887/1 886/886/1 160/160/1
f 1250/1250/1 524/524/1 523/523/1
f 1249/1249/1 1250/1250/1 523/523/1
f 162/162/1 525/525/1 161/161/1
f 525/525/1 524/524/1 161/161/1
f 1251/1251/1 888/888/1 887/887/1
f 1250/1250/1 1251/1251/1 887/887/1
f 162/162/1 888/888/1 161/161/1
f 888/888/1 887/887/1 161/161/1
f 1251/1251/1 525/525/1 524/524/1
f 1250/1250/1 1251/1251/1 524/524/1
f 163/163/1 526/526/1 162/162/1
f 526/526/1 525/525/1 162/162/1
f 1252/1252/1 889/889/1 888/888/1
f 1251/1251/1 1252/1252/1 888/888/1
f 163/163/1 889/889/1 162/162/1
f 889/889/1 888/888/1 162/162/1
f 1252/1252/1 526/526/1 525/525/1
f 1251/1251/1 1252/1252/1 525/525/1
f 164/164/1 527/527/1 163/163/1
f 527/527/1 526/526/1 163/163/1
f 1253/1253/1 890/890/1 889/889/1
f 1252/1252/1 1253/1253/1 889/889/1
f 164/164/1 890/890/1 163/163/1
f 890/890/1 889/889/1 163/163/1
f 1253/1253/1 527/527/1 526/526/1
f 1252/1252/1 1253/1253/1 526/526/1
f 165/165/1 528/528/1 164/164/1
f 528/528/1 527/527/1 164/164/1
f 1254/1254/1 891/891/1 890/890/1
f 1253/1253/1 1254/1254/1 890/890/1
f 165/165/1 891/891/1 164/164/1
f 891/891/1 890/890/1 164/164/1
f 1254/1254/1 528/528/1 527/527/1
f 1253/1253/1 1254/1254/1 527/527/1
f 166/166/1 529/529/1 165/165/1
f 529/529/1 528/528/1 165/165/1
f 1255/1255/1 892/892/1 891/891/1
f 1254/1254/1 1255/1255/1 891/891/1
f 166/166/1 892/892/1 165/165/1
f 892/892/1 891/891/1 165/165/1
f 1255/1255/1 529/529/1 528/528/1
f 1254/1254/1 1255/1255/1 528/528/1
f 167/167/1 530/530/1 166/166/1
f 530/530/1 529/529/1 166/166/1
f 1256/1256/1 893/893/1 892/892/1
f 1255/1255/1 1256/1256/1 892/892/1
f 167/167/1 893/893/1 166/166/1
f 893/893/1 892/892/1 166/166/1
f 1256/1256/1 530/530/1 529/529/1
f 1255/1255/1 1256/1256/1 529/529/1
f 168/168/1 531/531/1 167/167/1
f 531/531/1 530/530/1 167/167/1
f 1257/1257/1 894/894/1 893/893/1
f 1256/1256/1 1257/1257/1 893/893/1
f 168/168/1 894/894/1 167/167/1
f 894/894/1 893/893/1 167/167/1
f 1257/1257/1 531/531/1 530/530/1
f 1256/1256/1 1257/1257/1 530/530/1
f 169/169/1 532/532/1 168/168/1
f 532/532/1 531/531/1 168/168/1
f 1258/1258/1 895/895/1 894/894/1
f 1257/1257/1 1258/1258/1 894/894/1
f 169/169/1 895/895/1 168/168/1
f 895/895/1 894/894/1 168/168/1
f 1258/1258/1 532/532/1 531/531/1
f 1257/1257/1 1258/1258/1 531/531/1
f 170/170/1 533/533/1 169/169/1
f 533/533/1 532/532/1 169/169/1
f 1259/1259/1 896/896/1 895/895/1
f 1258/1258/1 1259/1259/1 895/895/1
f 170/170/1 896/896/1 169/169/1
f 896/896/1 895/895/1 169/169/1
f 1259/1259/1 533/533/1 532/532/1
f 1258/1258/1 1259/1259/1 532/532/1
f 171/171/1 534/534/1 170/170/1
f 534/534/1 533/533/1 170/170/1
f 1260/1260/1 897/897/1 896/896/1
f 1259/1259/1 1260/1260/1 896/896/1
f 171/171/1 897/897/1 170/170/1
f 897/897/1 896/896/1 170/170/1
f 1260/1260/1 534/534/1 533/533/1
f 1259/1259/1 1260/1260/1 533/533/1
f 172/172/1 535/535/1 171/171/1
f 535/535/1 534/534/1 171/171/1
f 1261/1261/1 898/898/1 897/897/1
f 1260/1260/1 1261/1261/1 897/897/1
f 172/172/1 898/898/1 171/171/1
f 898/898/1 897/897/1 171/171/1
f 1261/1261/1 535/535/1 534/534/1
f 1260/1260/1 1261/1261/1 534/534/1
f 173/173/1 536/536/1 172/172/1
f 536/536/1 535/535/1 172/172/1
f 1262/1262/1 899/899/1 898/898/1
f 1261/1261/1 1262/1262/1 898/898/1
f 173/173/1 899/899/1 172/172/1
f 899/899/1 898/898/1 172/172/1
f 1262/1262/1 536/536/1 535/535/1
f 1261/1261/1 1262/1262/1 535/535/1
f 174/174/1 537/537/1 173/173/1
f 537/537/1 536/536/1 173/173/1
f 1263/1263/1 900/900/1 899/899/1
f 1262/1262/1 1263/1263/1 899/899/1
f 174/174/1 900/900/1 173/173/1
f 900/900/1 899/899/1 173/173/1
f 1263/1263/1 537/537/1 536/536/1
f 1262/1262/1 1263/1263/1 536/536/1
f 175/175/1 538/538/1 174/174/1
f 538/538/1 537/537/1 174/174/1
f 1264/1264/1 901/901/1 900/900/1
f 1263/1263/1 1264/1264/1 900/900/1
f 175/175/1 901/901/1 174/174/1
f 901/901/1 900/900/1 174/174/1
f 1264/1264/1 538/538/1 537/537/1
f 1263/1263/1 1264/1264/1 537/537/1
f 176/176/1 539/539/1 175/175/1
f 539/539/1 538/538/1 175/175/1
f 1265/1265/1 902/902/1 901/901/1
f 1264/1264/1 1265/1265/1 901/901/1
f 176/176/1 902/902/1 175/175/1
f 902/902/1 901/901/1 175/175/1
f 1265/1265/1 539/539/1 538/538/1
f 1264/1264/1 1265/1265/1 538/538/1
f 177/177/1 540/540/1 176/176/1
f 540/540/1 539/539/1 176/176/1
f 1266/1266/1 903/903/1 902/902/1
f 1265/1265/1 1266/1266/1 902/902/1
f 177/177/1 903/903/1 176/176/1
f 903/903/1 902/902/1 176/176/1
f 1266/1266/1 540/540/1 539/539/1
f 1265/1265/1 1266/1266/1 539/539/1
f 178/178/1 541/541/1 177/177/1
f 541/541/1 540/540/1 177/177/1
f 1267/1267/1 904/904/1 903/903/1
f 1266/1266/1 1267/1267/1 903/903/1
f 178/178/1 904/904/1 177/177/1
f 904/904/1 903/903/1 177/177/1
f 1267/1267/1 541/541/1 540/540/1
f 1266/1266/1 1267/1267/1 540/540/1
f 179/179/1 542/542/1 178/178/1
f 542/542/1 541/541/1 178/178/1
f 1268/1268/1 905/905/1 904/904/1
f 1267/1267/1 1268/1268/1 904/904/1
f 179/179/1 905/905/1 178/178/1
f 905/905/1 904/904/1 178/178/1
f 1268/1268/1 542/542/1 541/541/1
f 1267/1267/1 1268/1268/1 541/541/1
f 180/180/1 543/543/1 179/179/1
f 543/543/1 542/542/1 179/179/1
f 1269/1269/1 906/906/1 905/905/1
f 1268/1268/1 1269/1269/1 905/905/1
f 180/180/1 906/906/1 179/179/1
f 906/906/1 905/905/1 179/179/1
f 1269/1269/1 543/543/1 542/542/1
f 1268/1268/1 1269/1269/1 542/542/1
f 181/181/1 544/544/1 180/180/1
f 544/544/1 543/543/1 180/180/1
f 1270/1270/1 907/907/1 906/906/1
f 1269/1269/1 1270/1270/1 906/906/1
f 181/181/1 907/907/1 180/180/1
f 907/907/1 906/906/1 180/180/1
f 1270/1270/1 544/544/1 543/543/1
f 1269/1269/1 1270/1270/1 543/543/1
f 182/182/1 545/545/1 181/181/1
f 545/545/1 544/544/1 181/181/1
f 1271/1271/1 908/908/1 907/907/1
f 1270/1270/1 1271/1271/1 907/907/1
f 182/182/1 908/908/1 181/181/1
f 908/908/1 907/907/1 181/181/1
f 1271/1271/1 545/545/1 544/544/1
f 1270/1270/1 1271/1271/1 544/544/1
f 183/183/1 546/546/1 182/182/1
f 546/546/1 545/545/1 182/182/1
f 1272/1272/1 909/909/1 908/908/1
f 1271/1271/1 1272/1272/1 908/908/1
f 183/183/1 909/909/1 182/182/1
f 909/909/1 908/908/1 182/182/1
f 1272/1272/1 546/546/1 545/545/1
f 1271/1271/1 1272/1272/1 545/545/1
f 184/184/1 547/547/1 183/183/1
f 547/547/1 546/546/1 183/183/1
f 1273/1273/1 910/910/1 909/909/1
f 1272/1272/1 1273/1273/1 909/909/1
f 184/184/1 910/910/1 183/183/1
f 910/910/1 909/909/1 183/183/1
f 1273/1273/1 547/547/1 546/546/1
f 1272/1272/1 1273/1273/1 546/546/1
f 185/185/1 548/548/1 184/184/1
f 548/548/1 547/547/1 184/184/1
f 1274/1274/1 911/911/1 910/910/1
f 1273/1273/1 1274/1274/1 910/910/1
f 185/185/1 911/911/1 184/184/1
f 911/911/1 910/910/1 184/184/1
f 1274/1274/1 548/548/1 547/547/1
f 1273/1273/1 1274/1274/1 547/547/1
f 186/186/1 549/549/1 185/185/1
f 549/549/1 548/548/1 185/185/1
f 1275/1275/1 912/912/1 911/911/1
f 1274/1274/1 1275/1275/1 911/911/1
f 186/186/1 912/912/1 185/185/1
f 912/912/1 911/911/1 185/185/1
f 1275/1275/1 549/549/1 548/548/1
f 1274/1274/1 1275/1275/1 548/548/1
f 187/187/1 550/550/1 186/186/1
f 550/550/1 549/549/1 186/186/1
f 1276/1276/1 913/913/1 912/912/1
f 1275/1275/1 1276/1276/1 912/912/1
f 187/187/1 913/913/1 186/186/1
f 913/913/1 912/912/1 186/186/1
f 1276/1276/1 550/550/1 549/549/1
f 1275/1275/1 1276/1276/1 549/549/1
f 188/188/1 551/551/1 187/187/1
f 551/551/1 550/550/1 187/187/1
f 1277/1277/1 914/914/1 913/913/1
f 1276/1276/1 1277/1277/1 913/913/1
f 188/188/1 914/914/1 187/187/1
f 914/914/1 913/913/1 187/187/1
f 1277/1277/1 551/551/1 550/550/1
f 1276/1276/1 1277/1277/1 550/550/1
f 189/189/1 552/552/1 188/188/1
f 552/552/1 551/551/1 188/188/1
f 1278/1278/1 915/915/1 914/914/1
f 1277/1277/1 1278/1278/1 914/914/1
f 189/189/1 915/915/1 188/188/1
f 915/915/1 914/914/1 188/188/1
f 1278/1278/1 552/552/1 551/551/1
f 1277/1277/1 1278/1278/1 551/551/1
f 190/190/1 553/553/1 189/189/1
f 553/553/1 552/552/1 189/189/1
f 1279/1279/1 916/916/1 915/915/1
f 1278/1278/1 1279/1279/1 915/915/1
f 190/190/1 916/916/1 189/189/1
f 916/916/1 915/915/1 189/189/1
f 1279/1279/1 553/553/1 552/552/1
f 1278/1278/1 1279/1279/1 552/552/1
f 191/191/1 554/554/1 190/190/1
f 554/554/1 553/553/1 190/190/1
f 1280/1280/1 917/917/1 916/916/1
f 1279/1279/1 1280/1280/1 916/916/1
f 191/191/1 917/917/1 190/190/1
f 917/917/1 916/916/1 190/190/1
f 1280/1280/1 554/554/1 553/553/1
f 1279/1279/1 1280/1280/1 553/553/1
f 192/192/1 555/555/1 191/191/1
f 555/555/1 554/554/1 191/191/1
f 1281/1281/1 918/918/1 917/917/1
f 1280/1280/1 1281/1281/1 917/917/1
f 192/192/1 918/918/1 191/191/1
f 918/918/1 917/917/1 191/191/1
f 1281/1281/1 555/555/1 554/554/1
f 1280/1280/1 1281/1281/1 554/554/1
f 193/193/1 556/556/1 192/192/1
f 556/556/1 555/555/1 192/192/1
f 1282/1282/1 919/919/1 918/918/1
f 1281/1281/1 1282/1282/1 918/918/1
f 193/193/1 919/919/1 192/192/1
f 919/919/1 918/918/1 192/192/1
f 1282/1282/1 556/556/1 555/555/1
f 1281/1281/1 1282/1282/1 555/555/1
f 194/194/1 557/557/1 193/193/1
f 557/557/1 556/556/1 193/193/1
f 1283/1283/1 920/920/1 919/919/1
f 1282/1282/1 1283/1283/1 919/919/1
f 194/194/1 920/920/1 193/193/1
f 920/920/1 919/919/1 193/193/1
f 1283/1283/1 557/557/1 556/556/1
f 1282/1282/1 1283/1283/1 556/556/1
f 195/195/1 558/558/1 194/194/1
f 558/558/1 557/557/1 194/194/1
f 1284/1284/1 921/921/1 920/920/1
f 1283/1283/1 1284/1284/1 920/920/1
f 195/195/1 921/921/1 194/194/1
f 921/921/1 920/920/1 194/194/1
f 1284/1284/1 558/558/1 557/557/1
f 1283/1283/1 1284/1284/1 557/557/1
f 196/196/1 559/559/1 195/195/1
f 559/559/1 558/558/1 195/195/1
f 1285/1285/1 922/922/1 921/921/1
f 1284/1284/1 1285/1285/1 921/921/1
f 196/196/1 922/922/1 195/195/1
f 922/922/1 921/921/1 195/195/1
f 1285/1285/1 559/559/1 558/558/1
f 1284/1284/1 1285/1285/1 558/558/1
f 197/197/1 560/560/1 196/196/1
f 560/560/1 559/559/1 196/196/1
f 1286/1286/1 923/923/1 922/922/1
f 1285/1285/1 1286/1286/1 922/922/1
f 197/197/1 923/923/1 196/196/1
f 923/923/1 922/922/1 196/196/1
f 1286/1286/1 560/560/1 559/559/1
f 1285/1285/1 1286/1286/1 559/559/1
f 198/198/1 561/561/1 197/197/1
f 561/561/1 560/560/1 197/197/1
f 1287/1287/1 924/924/1 923/923/1
f 1286/1286/1 1287/1287/1 923/923/1
f 198/198/1 924/924/1 197/197/1
f 924/924/1 923/923/1 197/197/1
f 1287/1287/1 561/561/1 560/560/1
f 1286/1286/1 1287/1287/1 560/560/1
f 199/199/1 562/562/1 198/198/1
f 562/562/1 561/561/1 198/198/1
f 1288/1288/1 925/925/1 924/924/1
f 1287/1287/1 1288/1288/1 924/924/1
f 199/199/1 925/925/1 198/198/1
f 925/925/1 924/924/1 198/198/1
f 1288/1288/1 562/562/1 561/561/1
f 1287/1287/1 1288/1288/1 561/561/1
f 200/200/1 563/563/1 199/199/1
f 563/563/1 562/562/1 199/199/1
f 1289/1289/1 926/926/1 925/925/1
f 1288/1288/1 1289/1289/1 925/925/1
f 200/200/1 926/926/1 199/199/1
f 926/926/1 925/925/1 199/199/1
f 1289/1289/1 563/563/1 562/562/1
f 1288/1288/1 1289/1289/1 562/562/1
f 201/201/1 564/564/1 200/200/1
f 564/564/1 563/563/1 200/200/1
f 1290/1290/1 927/927/1 926/926/1
f 1289/1289/1 1290/1290/1 926/926/1
f 201/201/1 927/927/1 200/200/1
f 927/927/1 926/926/1 200/200/1
f 1290/1290/1 564/564/1 563/563/1
f 1289/1289/1 1290/1290/1 563/563/1
f 202/202/1 565/565/1 201/201/1
f 565/565/1 564/564/1 201/201/1
f 1291/1291/1 928/928/1 927/927/1
f 1290/1290/1 1291/1291/1 927/927/1
f 202/202/1 928/928/1 201/201/1
f 928/928/1 927/927/1 201/201/1
f 1291/1291/1 565/565/1 564/564/1
f 1290/1290/1 1291/1291/1 564/564/1
f 203/203/1 566/566/1 202/202/1
f 566/566/1 565/565/1 202/202/1
f 1292/1292/1 929/929/1 928/928/1
f 1291/1291/1 1292/1292/1 928/928/1
f 203/203/1 929/929/1 202/202/1
f 929/929/1 928/928/1 202/202/1
f 1292/1292/1 566/566/1 565/565/1
f 1291/1291/1 1292/1292/1 565/565/1
f 204/204/1 567/567/1 203/203/1
f 567/567/1 566/566/1 203/203/1
f 1293/1293/1 930/930/1 929/929/1
f 1292/1292/1 1293/1293/1 929/929/1
f 204/204/1 930/930/1 203/203/1
f 930/930/1 929/929/1 203/203/1
f 1293/1293/1 567/567/1 566/566/1
f 1292/1292/1 1293/1293/1 566/566/1
f 205/205/1 568/568/1 204/204/1
f 568/568/1 567/567/1 204/204/1
f 1294/1294/1 931/931/1 930/930/1
f 1293/1293/1 1294/1294/1 930/930/1
f 205/205/1 931/931/1 204/204/1
f 931/931/1 930/930/1 204/204/1
f 1294/1294/1 568/568/1 567/567/1
f 1293/1293/1 1294/1294/1 567/567/1
f 206/206/1 569/569/1 205/205/1
f 569/569/1 568/568/1 205/205/1
f 1295/1295/1 932/932/1 931/931/1
f 1294/1294/1 1295/1295/1 931/931/1
f 206/206/1 932/932/1 205/205/1
f 932/932/1 931/931/1 205/205/1
f 1295/1295/1 569/569/1 568/568/1
f 1294/1294/1 1295/1295/1 568/568/1
f 207/207/1 570/570/1 206/206/1
f 570/570/1 569/569/1 206/206/1
f 1296/1296/1 933/933/1 932/932/1
f 1295/1295/1 1296/1296/1 932/932/1
f 207/207/1 933/933/1 206/206/1
f 933/933/1 932/932/1 206/206/1
f 1296/1296/1 570/570/1 569/569/1
f 1295/1295/1 1296/1296/1 569/569/1
f 208/208/1 571/571/1 207/207/1
f 571/571/1 570/570/1 207/207/1
f 1297/1297/1 934/934/1 933/933/1
f 1296/1296/1 1297/1297/1 933/933/1
f 208/208/1 934/934/1 207/207/1
f 934/934/1 933/933/1 207/207/1
f 1297/1297/1 571/571/1 570/570/1
f 1296/1296/1 1297/1297/1 570/570/1
f 209/209/1 572/572/1 208/208/1
f 572/572/1 571/571/1 208/208/1
f 1298/1298/1 935/935/1 934/934/1
f 1297/1297/1 1298/1298/1 934/934/1
f 209/209/1 935/935/1 208/208/1
f 935/935/1 934/934/1 208/208/1
f 1298/1298/1 572/572/1 571/571/1
f 1297/1297/1 1298/1298/1 571/571/1
f 210/210/1 573/573/1 209/209/1
f 573/573/1 572/572/1 209/209/1
f 1299/1299/1 936/936/1 935/935/1
f 1298/1298/1 1299/1299/1 935/935/1
f 210/210/1 936/936/1 209/209/1
f 936/936/1 935/935/1 209/209/1
f 1299/1299/1 573/573/1 572/572/1
f 1298/1298/1 1299/1299/1 572/572/1
f 211/211/1 574/574/1 210/210/1
f 574/574/1 573/573/1 210/210/1
f 1300/1300/1 937/937/1 936/936/1
f 1299/1299/1 1300/1300/1 936/936/1
f 211/211/1 937/937/1 210/210/1
f 937/937/1 936/936/1 210/210/1
f 1300/1300/1 574/574/1 573/573/1
f 1299/1299/1 1300/1300/1 573/573/1
f 212/212/1 575/575/1 211/211/1
f 575/575/1 574/574/1 211/211/1
f 1301/1301/1 938/938/1 937/937/1
f 1300/1300/1 1301/1301/1 937/937/1
f 212/212/1 938/938/1 211/211/1
f 938/938/1 937/937/1 211/211/1
f 1301/1301/1 575/575/1 574/574/1
f 1300/1300/1 1301/1301/1 574/574/1
f 213/213/1 576/576/1 212/212/1
f 576/576/1 575/575/1 212/212/1
f 1302/1302/1 939/939/1 938/938/1
f 1301/1301/1 1302/1302/1 938/938/1
f 213/213/1 939/939/1 212/212/1
f 939/939/1 938/938/1 212/212/1
f 1302/1302/1 576/576/1 575/575/1
f 1301/1301/1 1302/1302/1 575/575/1
f 214/214/1 577/577/1 213/213/1
f 577/577/1 576/576/1 213/213/1
f 1303/1303/1 940/940/1 939/939/1
f 1302/1302/1 1303/1303/1 939/939/1
f 214/214/1 940/940/1 213/213/1
f 940/940/1 939/939/1 213/213/1
f 1303/1303/1 577/577/1 576/576/1
f 1302/1302/1 1303/1303/1 576/576/1
f 215/215/1 578/578/1 214/214/1
f 578/578/1 577/577/1 214/214/1
f 1304/1304/1 941/941/1 940/940/1
f 1303/1303/1 1304/1304/1 940/940/1
f 215/215/1 941/941/1 214/214/1
f 941/941/1 940/940/1 214/214/1
f 1304/1304/1 578/578/1 577/577/1
f 1303/1303/1 1304/1304/1 577/577/1
f 216/216/1 579/579/1 215/215/1
f 579/579/1 578/578/1 215/215/1
f 1305/1305/1 942/942/1 941/941/1
f 1304/1304/1 1305/1305/1 941/941/1
f 216/216/1 942/942/1 215/215/1
f 942/942/1 941/941/1 215/215/1
f 1305/1305/1 579/579/1 578/578/1
f 1304/1304/1 1305/1305/1 578/578/1
f 217/217/1 580/580/1 216/216/1
f 580/580/1 579/579/1 216/216/1
f 1306/1306/1 943/943/1 942/942/1
f 1305/1305/1 1306/1306/1 942/942/1
f 217/217/1 943/943/1 216/216/1
f 943/943/1 942/942/1 216/216/1
f 1306/1306/1 580/580/1 579/579/1
f 1305/1305/1 1306/1306/1 579/579/1
f 218/218/1 581/581/1 217/217/1
f 581/581/1 580/580/1 217/217/1
f 1307/1307/1 944/944/1 943/943/1
f 1306/1306/1 1307/1307/1 943/943/1
f 218/218/1 944/944/1 217/217/1
f 944/944/1 943/943/1 217/217/1
f 1307/1307/1 581/581/1 580/580/1
f 1306/1306/1 1307/1307/1 580/580/1
f 219/219/1 582/582/1 218/218/1
f 582/582/1 581/581/1 218/218/1
f 1308/1308/1 945/945/1 944/944/1
f 1307/1307/1 1308/1308/1 944/944/1
f 219/219/1 945/945/1 218/218/1
f 945/945/1 944/944/1 218/218/1
f 1308/1308/1 582/582/1 581/581/1
f 1307/1307/1 1308/1308/1 581/581/1
f 220/220/1 583/583/1 219/219/1
f 583/583/1 582/582/1 219/219/1
f 1309/1309/1 946/946/1 945/945/1
f 1308/1308/1 1309/1309/1 945/945/1
f 220/220/1 946/946/1 219/219/1
f 946/946/1 945/945/1 219/219/1
f 1309/1309/1 583/583/1 582/582/1
f 1308/1308/1 1309/1309/1 582/582/1
f 221/221/1 584/584/1 220/220/1
f 584/584/1 583/583/1 220/220/1
f 1310/1310/1 947/947/1 946/946/1
f 1309/1309/1 1310/1310/1 946/946/1
f 221/221/1 947/947/1 220/220/1
f 947/947/1 946/946/1 220/220/1
f 1310/1310/1 584/584/1 583/583/1
f 1309/1309/1 1310/1310/1 583/583/1
f 222/222/1 585/585/1 221/221/1
f 585/585/1 584/584/1 221/221/1
f 1311/1311/1 948/948/1 947/947/1
f 1310/1310/1 1311/1311/1 947/947/1
f 222/222/1 948/948/1 221/221/1
f 948/948/1 947/947/1 221/221/1
f 1311/1311/1 585/585/1 584/584/1
f 1310/1310/1 1311/1311/1 584/584/1
f 223/223/1 586/586/1 222/222/1
f 586/586/1 585/585/1 222/222/1
f 1312/1312/1 949/949/1 948/948/1
f 1311/1311/1 1312/1312/1 948/948/1
f 223/223/1 949/949/1 222/222/1
f 949/949/1 948/948/1 222/222/1
f 1312/1312/1 586/586/1 585/585/1
f 1311/1311/1 1312/1312/1 585/585/1
f 224/224/1 587/587/1 223/223/1
f 587/587/1 586/586/1 223/223/1
f 1313/1313/1 950/950/1 949/949/1
f 1312/1312/1 1313/1313/1 949/949/1
f 224/224/1 950/950/1 223/223/1
f 950/950/1 949/949/1 223/223/1
f 1313/1313/1 587/587/1 586/586/1
f 1312/1312/1 1313/1313/1 586/586/1
f 225/225/1 588/588/1 224/224/1
f 588/588/1 587/587/1 224/224/1
f 1314/1314/1 951/951/1 950/950/1
f 1313/1313/1 1314/1314/1 950/950/1
f 225/225/1 951/951/1 224/224/1
f 951/951/1 950/950/1 224/224/1
f 1314/1314/1 588/588/1 587/587/1
f 1313/1313/1 1314/1314/1 587/587/1
f 226/226/1 589/589/1 225/225/1
f 589/589/1 588/588/1 225/225/1
f 1315/1315/1 952/952/1 951/951/1
f 1314/1314/1 1315/1315/1 951/951/1
f 226/226/1 952/952/1 225/225/1
f 952/952/1 951/951/1 225/225/1
f 1315/1315/1 589/589/1 588/588/1
f 1314/1314/1 1315/1315/1 588/588/1
f 227/227/1 590/590/1 226/226/1
f 590/590/1 589/589/1 226/226/1
f 1316/1316/1 953/953/1 952/952/1
f 1315/1315/1 1316/1316/1 952/952/1
f 227/227/1 953/953/1 226/226/1
f 953/953/1 952/952/1 226/226/1
f 1316/1316/1 590/590/1 589/589/1
f 1315/1315/1 1316/1316/1 589/589/1
f 228/228/1 591/591/1 227/227/1
f 591/591/1 590/590/1 227/227/1
f 1317/1317/1 954/954/1 953/953/1
f 1316/1316/1 1317/1317/1 953/953/1
f 228/228/1 954/954/1 227/227/1
f 954/954/1 953/953/1 227/227/1
f 1317/1317/1 591/591/1 590/590/1
f 1316/1316/1 1317/1317/1 590/590/1
f 229/229/1 592/592/1 228/228/1
f 592/592/1 591/591/1 228/228/1
f 1318/1318/1 955/955/1 954/954/1
f 1317/1317/1 1318/1318/1 954/954/1
f 229/229/1 955/955/1 228/228/1
f 955/955/1 954/954/1 228/228/1
f 1318/1318/1 592/592/1 591/591/1
f 1317/1317/1 1318/1318/1 591/591/1
f 230/230/1 593/593/1 229/229/1
f 593/593/1 592/592/1 229/229/1
f 1319/1319/1 956/956/1 955/955/1
f 1318/1318/1 1319/1319/1 955/955/1
f 230/230/1 956/956/1 229/229/1
f 956/956/1 955/955/1 229/229/1
f 1319/1319/1 593/593/1 592/592/1
f 1318/1318/1 1319/1319/1 592/592/1
f 231/231/1 594/594/1 230/230/1
f 594/594/1 593/593/1 230/230/1
f 1320/1320/1 957/957/1 956/956/1
f 1319/1319/1 1320/1320/1 956/956/1
f 231/231/1 957/957/1 230/230/1
f 957/957/1 956/956/1 230/230/1
f 1320/1320/1 594/594/1 593/593/1
f 1319/1319/1 1320/1320/1 593/593/1
f 232/232/1 595/595/1 231/231/1
f 595/595/1 594/594/1 231/231/1
f 1321/1321/1 958/958/1 957/957/1
f 1320/1320/1 1321/1321/1 957/957/1
f 232/232/1 958/958/1 231/231/1
f 958/958/1 957/957/1 231/231/1
f 1321/1321/1 595/595/1 594/594/1
f 1320/1320/1 1321/1321/1 594/594/1
f 233/233/1 596/596/1 232/232/1
f 596/596/1 595/595/1 232/232/1
f 1322/1322/1 959/959/1 958/958/1
f 1321/1321/1 1322/1322/1 958/958/1
f 233/233/1 959/959/1 232/232/1
f 959/959/1 958/958/1 232/232/1
f 1322/1322/1 596/596/1 595/595/1
f 1321/1321/1 1322/1322/1 595/595/1
f 234/234/1 597/597/1 233/233/1
f 597/597/1 596/596/1 233/233/1
f 1323/1323/1 960/960/1 959/959/1
f 1322/1322/1 1323/1323/1 959/959/1
f 234/234/1 960/960/1 233/233/1
f 960/960/1 959/959/1 233/233/1
f 1323/1323/1 597/597/1 596/596/1
f 1322/1322/1 1323/1323/1 596/596/1
f 235/235/1 598/598/1 234/234/1
f 598/598/1 597/597/1 234/234/1
f 1324/1324/1 961/961/1 960/960/1
f 1323/1323/1 1324/1324/1 960/960/1
f 235/235/1 961/961/1 234/234/1
f 961/961/1 960/960/1 234/234/1
f 1324/1324/1 598/598/1 597/597/1
f 1323/1323/1 1324/1324/1 597/597/1
f 236/236/1 599/599/1 235/235/1
f 599/599/1 598/598/1 235/235/1
f 1325/1325/1 962/962/1 961/961/1
f 1324/1324/1 1325/1325/1 961/961/1
f 236/236/1 962/962/1 235/235/1
f 962/962/1 961/961/1 235/235/1
f 1325/1325/1 599/599/1 598/598/1
f 1324/1324/1 1325/1325/1 598/598/1
f 237/237/1 600/600/1 236/236/1
f 600/600/1 599/599/1 236/236/1
f 1326/1326/1 963/963/1 962/962/1
f 1325/1325/1 1326/1326/1 962/962/1
f 237/237/1 963/963/1 236/236/1
f 963/963/1 962/962/1 236/236/1
f 1326/1326/1 600/600/1 599/599/1
f 1325/1325/1 1326/1326/1 599/599/1
f 238/238/1 601/601/1 237/237/1
f 601/601/1 600/600/1 237/237/1
f 1327/1327/1 964/964/1 963/963/1
f 1326/1326/1 1327/1327/1 963/963/1
f 238/238/1 964/964/1 237/237/1
f 964/964/1 963/963/1 237/237/1
f 1327/1327/1 601/601/1 600/600/1
f 1326/1326/1 1327/1327/1 600/600/1
f 239/239/1 602/602/1 238/238/1
f 602/602/1 601/601/1 238/238/1
f 1328/1328/1 965/965/1 964/964/1
f 1327/1327/1 1328/1328/1 964/964/1
f 239/239/1 965/965/1 238/238/1
f 965/965/1 964/964/1 238/238/1
f 1328/1328/1 602/602/1 601/601/1
f 1327/1327/1 1328/1328/1 601/601/1
f 240/240/1 603/603/1 239/239/1
f 603/603/1 602/602/1 239/239/1
f 1329/1329/1 966/966/1 965/965/1
f 1328/1328/1 1329/1329/1 965/965/1
f 240/240/1 966/966/1 239/239/1
f 966/966/1 965/965/1 239/239/1
f 1329/1329/1 603/603/1 602/602/1
f 1328/1328/1 1329/1329/1 602/602/1
f 241/241/1 604/604/1 240/240/1
f 604/604/1 603/603/1 240/240/1
f 1330/1330/1 967/967/1 966/966/1
f 1329/1329/1 1330/1330/1 966/966/1
f 241/241/1 967/967/1 240/240/1
f 967/967/1 966/966/1 240/240/1
f 1330/1330/1 604/604/1 603/603/1
f 1329/1329/1 1330/1330/1 603/603/1
f 242/242/1 605/605/1 241/241/1
f 605/605/1 604/604/1 241/241/1
f 1331/1331/1 968/968/1 967/967/1
f 1330/1330/1 1331/1331/1 967/967/1
f 242/242/1 968/968/1 241/241/1
f 968/968/1 967/967/1 241/241/1
f 1331/1331/1 605/605/1 604/604/1
f 1330/1330/1 1331/1331/1 604/604/1
f 243/243/1 606/606/1 242/242/1
f 606/606/1 605/605/1 242/242/1
f 1332/1332/1 969/969/1 968/968/1
f 1331/1331/1 1332/1332/1 968/968/1
f 243/243/1 969/969/1 242/242/1
f 969/969/1 968/968/1 242/242/1
f 1332/1332/1 606/606/1 605/605/1
f 1331/1331/1 1332/1332/1 605/605/1
f 244/244/1 607/607/1 243/243/1
f 607/607/1 606/606/1 243/243/1
f 1333/1333/1 970/970/1 969/969/1
f 1332/1332/1 1333/1333/1 969/969/1
f 244/244/1 970/970/1 243/243/1
f 970/970/1 969/969/1 243/243/1
f 1333/1333/1 607/607/1 606/606/1
f 1332/1332/1 1333/1333/1 606/606/1
f 245/245/1 608/608/1 244/244/1
f 608/608/1 607/607/1 244/244/1
f 1334/1334/1 971/971/1 970/970/1
f 1333/1333/1 1334/1334/1 970/970/1
f 245/245/1 971/971/1 244/244/1
f 971/971/1 970/970/1 244/244/1
f 1334/1334/1 608/608/1 607/607/1
f 1333/1333/1 1334/1334/1 607/607/1
f 246/246/1 609/609/1 245/245/1
f 609/609/1 608/608/1 245/245/1
f 1335/1335/1 972/972/1 971/971/1
f 1334/1334/1 1335/1335/1 971/971/1
f 246/246/1 972/972/1 245/245/1
f 972/972/1 971/971/1 245/245/1
f 1335/1335/1 609/609/1 608/608/1
f 1334/1334/1 1335/1335/1 608/608/1
f 247/247/1 610/610/1 246/246/1
f 610/610/1 609/609/1 246/246/1
f 1336/1336/1 973/973/1 972/972/1
f 1335/1335/1 1336/1336/1 972/972/1
f 247/247/1 973/973/1 246/246/1
f 973/973/1 972/972/1 246/246/1
f 1336/1336/1 610/610/1 609/609/1
f 1335/1335/1 1336/1336/1 609/609/1
f 248/248/1 611/611/1 247/247/1
f 611/611/1 610/610/1 247/247/1
f 1337/1337/1 974/974/1 973/973/1
f 1336/1336/1 1337/1337/1 973/973/1
f 248/248/1 974/974/1 247/247/1
f 974/974/1 973/973/1 247/247/1
f 1337/1337/1 611/611/1 610/610/1
f 1336/1336/1 1337/1337/1 610/610/1
f 249/249/1 612/612/1 248/248/1
f 612/612/1 611/611/1 248/248/1
f 1338/1338/1 975/975/1 974/974/1
f 1337/1337/1 1338/1338/1 974/974/1
f 249/249/1 975/975/1 248/248/1
f 975/975/1 974/974/1 248/248/1
f 1338/1338/1 612/612/1 611/611/1
f 1337/1337/1 1338/1338/1 611/611/1
f 250/250/1 613/613/1 249/249/1
f 613/613/1 612/612/1 249/249/1
f 1339/1339/1 976/976/1 975/975/1
f 1338/1338/1 1339/1339/1 975/975/1
f 250/250/1 976/976/1 249/249/1
f 976/976/1 975/975/1 249/249/1
f 1339/1339/1 613/613/1 612/612/1
f 1338/1338/1 1339/1339/1 612/612/1
f 251/251/1 614/614/1 250/250/1
f 614/614/1 613/613/1 250/250/1
f 1340/1340/1 977/977/1 976/976/1
f 1339/1339/1 1340/1340/1 976/976/1
f 251/251/1 977/977/1 250/250/1
f 977/977/1 976/976/1 250/250/1
f 1340/1340/1 614/614/1 613/613/1
f 1339/1339/1 1340/1340/1 613/613/1
f 252/252/1 615/615/1 251/251/1
f 615/615/1 614/614/1 251/251/1
f 1341/1341/1 978/978/1 977/977/1
f 1340/1340/1 1341/1341/1 977/977/1
f 252/252/1 978/978/1 251/251/1
f 978/978/1 977/977/1 251/251/1
f 1341/1341/1 615/615/1 614/614/1
f 1340/1340/1 1341/1341/1 614/614/1
f 253/253/1 616/616/1 252/252/1
f 616/616/1 615/615/1 252/252/1
f 1342/1342/1 979/979/1 978/978/1
f 1341/1341/1 1342/1342/1 978/978/1
f 253/253/1 979/979/1 252/252/1
f 979/979/1 978/978/1 252/252/1
f 1342/1342/1 616/616/1 615/615/1
f 1341/1341/1 1342/1342/1 615/615/1
f 254/254/1 617/617/1 253/253/1
f 617/617/1 616/616/1 253/253/1
f 1343/1343/1 980/980/1 979/979/1
f 1342/1342/1 1343/1343/1 979/979/1
f 254/254/1 980/980/1 253/253/1
f 980/980/1 979/979/1 253/253/1
f 1343/1343/1 617/617/1 616/616/1
f 1342/1342/1 1343/1343/1 616/616/1
f 255/255/1 618/618/1 254/254/1
f 618/618/1 617/617/1 254/254/1
f 1344/1344/1 981/981/1 980/980/1
f 1343/1343/1 1344/1344/1 980/980/1
f 255/255/1 981/981/1 254/254/1
f 981/981/1 980/980/1 254/254/1
f 1344/1344/1 618/618/1 617/617/1
f 1343/1343/1 1344/1344/1 617/617/1
f 256/256/1 619/619/1 255/255/1
f 619/619/1 618/618/1 255/255/1
f 1345/1345/1 982/982/1 981/981/1
f 1344/1344/1 1345/1345/1 981/981/1
f 256/256/1 982/982/1 255/255/1
f 982/982/1 981/981/1 255/255/1
f 1345/1345/1 619/619/1 618/618/1
f 1344/1344/1 1345/1345/1 618/618/1
f 257/257/1 620/620/1 256/256/1
f 620/620/1 619/619/1 256/256/1
f 1346/1346/1 983/983/1 982/982/1
f 1345/1345/1 1346/1346/1 982/982/1
f 257/257/1 983/983/1 256/256/1
f 983/983/1 982/982/1 256/256/1
f 1346/1346/1 620/620/1 619/619/1
f 1345/1345/1 1346/1346/1 619/619/1
f 258/258/1 621/621/1 257/257/1
f 621/621/1 620/620/1 257/257/1
f 1347/1347/1 984/984/1 983/983/1
f 1346/1346/1 1347/1347/1 983/983/1
f 258/258/1 984/984/1 257/257/1
f 984/984/1 983/983/1 257/257/1
f 1347/1347/1 621/621/1 620/620/1
f 1346/1346/1 1347/1347/1 620/620/1
f 259/259/1 622/622/1 258/258/1
f 622/622/1 621/621/1 258/258/1
f 1348/1348/1 985/985/1 984/984/1
f 1347/1347/1 1348/1348/1 984/984/1
f 259/259/1 985/985/1 258/258/1
f 985/985/1 984/984/1 258/258/1
f 1348/1348/1 622/622/1 621/621/1
f 1347/1347/1 1348/1348/1 621/621/1
f 260/260/1 623/623/1 259/259/1
f 623/623/1 622/622/1 259/259/1
f 1349/1349/1 986/986/1 985/985/1
f 1348/1348/1 1349/1349/1 985/985/1
f 260/260/1 986/986/1 259/259/1
f 986/986/1 985/985/1 259/259/1
f 1349/1349/1 623/623/1 622/622/1
f 1348/1348/1 1349/1349/1 622/622/1
f 261/261/1 624/624/1 260/260/1
f 624/624/1 623/623/1 260/260/1
f 1350/1350/1 987/987/1 986/986/1
f 1349/1349/1 1350/1350/1 986/986/1
f 261/261/1 987/987/1 260/260/1
f 987/987/1 986/986/1 260/260/1
f 1350/1350/1 624/624/1 623/623/1
f 1349/1349/1 1350/1350/1 623/623/1
f 262/262/1 625/625/1 261/261/1
f 625/625/1 624/624/1 261/261/1
f 1351/1351/1 988/988/1 987/987/1
f 1350/1350/1 1351/1351/1 987/987/1
f 262/262/1 988/988/1 261/261/1
f 988/988/1 987/987/1 261/261/1
f 1351/1351/1 625/625/1 624/624/1
f 1350/1350/1 1351/1351/1 624/624/1
f 263/263/1 626/626/1 262/262/1
f 626/626/1 625/625/1 262/262/1
f 1352/1352/1 989/989/1 988/988/1
f 1351/1351/1 1352/1352/1 988/988/1
f 263/263/1 989/989/1 262/262/1
f 989/989/1 988/988/1 262/262/1
f 1352/1352/1 626/626/1 625/625/1
f 1351/1351/1 1352/1352/1 625/625/1
f 264/264/1 627/627/1 263/263/1
f 627/627/1 626/626/1 263/263/1
f 1353/1353/1 990/990/1 989/989/1
f 1352/1352/1 1353/1353/1 989/989/1
f 264/264/1 990/990/1 263/263/1
f 990/990/1 989/989/1 263/263/1
f 1353/1353/1 627/627/1 626/626/1
f 1352/1352/1 1353/1353/1 626/626/1
f 265/265/1 628/628/1 264/264/1
f 628/628/1 627/627/1 264/264/1
f 1354/1354/1 991/991/1 990/990/1
f 1353/1353/1 1354/1354/1 990/990/1
f 265/265/1 991/991/1 264/264/1
f 991/991/1 990/990/1 264/264/1
f 1354/1354/1 628/628/1 627/627/1
f 1353/1353/1 1354/1354/1 627/627/1
f 266/266/1 629/629/1 265/265/1
f 629/629/1 628/628/1 265/265/1
f 1355/1355/1 992/992/1 991/991/1
f 1354/1354/1 1355/1355/1 991/991/1
f 266/266/1 992/992/1 265/265/1
f 992/992/1 991/991/1 265/265/1
f 1355/1355/1 629/629/1 628/628/1
f 1354/1354/1 1355/1355/1 628/628/1
f 267/267/1 630/630/1 266/266/1
f 630/630/1 629/629/1 266/266/1
f 1356/1356/1 993/993/1 992/992/1
f 1355/1355/1 1356/1356/1 992/992/1
f 267/267/1 993/993/1 266/266/1
f 993/993/1 992/992/1 266/266/1
f 1356/1356/1 630/630/1 629/629/1
f 1355/1355/1 1356/1356/1 629/629/1
f 268/268/1 631/631/1 267/267/1
f 631/631/1 630/630/1 267/267/1
f 1357/1357/1 994/994/1 993/993/1
f 1356/1356/1 1357/1357/1 993/993/1
f 268/268/1 994/994/1 267/267/1
f 994/994/1 993/993/1 267/267/1
f 1357/1357/1 631/631/1 630/630/1
f 1356/1356/1 1357/1357/1 630/630/1
f 269/269/1 632/632/1 268/268/1
f 632/632/1 631/631/1 268/268/1
f 1358/1358/1 995/995/1 994/994/1
f 1357/1357/1 1358/1358/1 994/994/1
f 269/269/1 995/995/1 268/268/1
f 995/995/1 994/994/1 268/268/1
f 1358/1358/1 632/632/1 631/631/1
f 1357/1357/1 1358/1358/1 631/631/1
f 270/270/1 633/633/1 269/269/1
f 633/633/1 632/632/1 269/269/1
f 1359/1359/1 996/996/1 995/995/1
f 1358/1358/1 1359/1359/1 995/995/1
f 270/270/1 996/996/1 269/269/1
f 996/996/1 995/995/1 269/269/1
f 1359/1359/1 633/633/1 632/632/1
f 1358/1358/1 1359/1359/1 632/632/1
f 271/271/1 634/634/1 270/270/1
f 634/634/1 633/633/1 270/270/1
f 1360/1360/1 997/997/1 996/996/1
f 1359/1359/1 1360/1360/1 996/996/1
f 271/271/1 997/997/1 270/270/1
f 997/997/1 996/996/1 270/270/1
f 1360/1360/1 634/634/1 633/633/1
f 1359/1359/1 1360/1360/1 633/633/1
f 272/272/1 635/635/1 271/271/1
f 635/635/1 634/634/1 271/271/1
f 1361/1361/1 998/998/1 997/997/1
f 1360/1360/1 1361/1361/1 997/997/1
f 272/272/1 998/998/1 271/271/1
f 998/998/1 997/997/1 271/271/1
f 1361/1361/1 635/635/1 634/634/1
f 1360/1360/1 1361/1361/1 634/634/1
f 273/273/1 636/636/1 272/272/1
f 636/636/1 635/635/1 272/272/1
f 1362/1362/1 999/999/1 998/998/1
f 1361/1361/1 1362/1362/1 998/998/1
f 273/273/1 999/999/1 272/272/1
f 999/999/1 998/998/1 272/272/1
f 1362/1362/1 636/636/1 635/635/1
f 1361/1361/1 1362/1362/1 635/635/1
f 274/274/1 637/637/1 273/273/1
f 637/637/1 636/636/1 273/273/1
f 1363/1363/1 1000/1000/1 999/999/1
f 1362/1362/1 1363/1363/1 999/999/1
f 274/274/1 1000/1000/1 273/273/1
f 1000/1000/1 999/999/1 273/273/1
f 1363/1363/1 637/637/1 636/636/1
f 1362/1362/1 1363/1363/1 636/636/1
f 275/275/1 638/638/1 274/274/1
f 638/638/1 637/637/1 274/274/1
f 1364/1364/1 1001/1001/1 1000/1000/1
f 1363/1363/1 1364/1364/1 1000/1000/1
f 275/275/1 1001/1001/1 274/274/1
f 1001/1001/1 1000/1000/1 274/274/1
f 1364/1364/1 638/638/1 637/637/1
f 1363/1363/1 1364/1364/1 637/637/1
f 276/276/1 639/639/1 275/275/1
f 639/639/1 638/638/1 275/275/1
f 1365/1365/1 1002/1002/1 1001/1001/1
f 1364/1364/1 1365/1365/1 1001/1001/1
f 276/276/1 1002/1002/1 275/275/1
f 1002/1002/1 1001/1001/1 275/275/1
f 1365/1365/1 639/639/1 638/638/1
f 1364/1364/1 1365/1365/1 638/638/1
f 277/277/1 640/640/1 276/276/1
f 640/640/1 639/639/1 276/276/1
f 1366/1366/1 1003/1003/1 1002/1002/1
f 1365/1365/1 1366/1366/1 1002/1002/1
f 277/277/1 1003/1003/1 276/276/1
f 1003/1003/1 1002/1002/1 276/276/1
f 1366/1366/1 640/640/1 639/639/1
f 1365/1365/1 1366/1366/1 639/639/1
f 278/278/1 641/641/1 277/277/1
f 641/641/1 640/640/1 277/277/1
f 1367/1367/1 1004/1004/1 1003/1003/1
f 1366/1366/1 1367/1367/1 1003/1003/1
f 278/278/1 1004/1004/1 277/277/1
f 1004/1004/1 1003/1003/1 277/277/1
f 1367/1367/1 641/641/1 640/640/1
f 1366/1366/1 1367/1367/1 640/640/1
f 279/279/1 642/642/1 278/278/1
f 642/642/1 641/641/1 278/278/1
f 1368/1368/1 1005/1005/1 1004/1004/1
f 1367/1367/1 1368/1368/1 1004/1004/1
f 279/279/1 1005/1005/1 278/278/1
f 1005/1005/1 1004/1004/1 278/278/1
f 1368/1368/1 642/642/1 641/641/1
f 1367/1367/1 1368/1368/1 641/641/1
f 280/280/1 643/643/1 279/279/1
f 643/643/1 642/642/1 279/279/1
f 1369/1369/1 1006/1006/1 1005/1005/1
f 1368/1368/1 1369/1369/1 1005/1005/1
f 280/280/1 1006/1006/1 279/279/1
f 1006/1006/1 1005/1005/1 279/279/1
f 1369/1369/1 643/643/1 642/642/1
f 1368/1368/1 1369/1369/1 642/642/1
f 281/281/1 644/644/1 280/280/1
f 644/644/1 643/643/1 280/280/1
f 1370/1370/1 1007/1007/1 1006/1006/1
f 1369/1369/1 1370/1370/1 1006/1006/1
f 281/281/1 1007/1007/1 280/280/1
f 1007/1007/1 1006/1006/1 280/280/1
f 1370/1370/1 644/644/1 643/643/1
f 1369/1369/1 1370/1370/1 643/643/1
f 282/282/1 645/645/1 281/281/1
f 645/645/1 644/644/1 281/281/1
f 1371/1371/1 1008/1008/1 1007/1007/1
f 1370/1370/1 1371/1371/1 1007/1007/1
f 282/282/1 1008/1008/1 281/281/1
f 1008/1008/1 1007/1007/1 281/281/1
f 1371/1371/1 645/645/1 644/644/1
f 1370/1370/1 1371/1371/1 644/644/1
f 283/283/1 646/646/1 282/282/1
f 646/646/1 645/645/1 282/282/1
f 1372/1372/1 1009/1009/1 1008/1008/1
f 1371/1371/1 1372/1372/1 1008/1008/1
f 283/283/1 1009/1009/1 282/282/1
f 1009/1009/1 1008/1008/1 282/282/1
f 1372/1372/1 646/646/1 645/645/1
f 1371/1371/1 1372/1372/1 645/645/1
f 284/284/1 647/647/1 283/283/1
f 647/647/1 646/646/1 283/283/1
f 1373/1373/1 1010/1010/1 1009/1009/1
f 1372/1372/1 1373/1373/1 1009/1009/1
f 284/284/1 1010/1010/1 283/283/1
f 1010/1010/1 1009/1009/1 283/283/1
f 1373/1373/1 647/647/1 646/646/1
f 1372/1372/1 1373/1373/1 646/646/1
f 285/285/1 648/648/1 284/284/1
f 648/648/1 647/647/1 284/284/1
f 1374/1374/1 1011/1011/1 1010/1010/1
f 1373/1373/1 1374/1374/1 1010/1010/1
f 285/285/1 1011/1011/1 284/284/1
f 1011/1011/1 1010/1010/1 284/284/1
f 1374/1374/1 648/648/1 647/647/1
f 1373/1373/1 1374/1374/1 647/647/1
f 286/286/1 649/649/1 285/285/1
f 649/649/1 648/648/1 285/285/1
f 1375/1375/1 1012/1012/1 1011/1011/1
f 1374/1374/1 1375/1375/1 1011/1011/1
f 286/286/1 1012/1012/1 285/285/1
f 1012/1012/1 1011/1011/1 285/285/1
f 1375/1375/1 649/649/1 648/648/1
f 1374/1374/1 1375/1375/1 648/648/1
f 287/287/1 650/650/1 286/286/1
f 650/650/1 649/649/1 286/286/1
f 1376/1376/1 1013/1013/1 1012/1012/1
f 1375/1375/1 1376/1376/1 1012/1012/1
f 287/287/1 1013/1013/1 286/286/1
f 1013/1013/1 1012/1012/1 286/286/1
f 1376/1376/1 650/650/1 649/649/1
f 1375/1375/1 1376/1376/1 649/649/1
f 288/288/1 651/651/1 287/287/1
f 651/651/1 650/650/1 287/287/1
f 1377/1377/1 1014/1014/1 1013/1013/1
f 1376/1376/1 1377/1377/1 1013/1013/1
f 288/288/1 1014/1014/1 287/287/1
f 1014/1014/1 1013/1013/1 287/287/1
f 1377/1377/1 651/651/1 650/650/1
f 1376/1376/1 1377/1377/1 650/650/1
f 289/289/1 652/652/1 288/288/1
f 652/652/1 651/651/1 288/288/1
f 1378/1378/1 1015/1015/1 1014/1014/1
f 1377/1377/1 1378/1378/1 1014/1014/1
f 289/289/1 1015/1015/1 288/288/1
f 1015/1015/1 1014/1014/1 288/288/1
f 1378/1378/1 652/652/1 651/651/1
f 1377/1377/1 1378/1378/1 651/651/1
f 290/290/1 653/653/1 289/289/1
f 653/653/1 652/652/1 289/289/1
f 1379/1379/1 1016/1016/1 1015/1015/1
f 1378/1378/1 1379/1379/1 1015/1015/1
f 290/290/1 1016/1016/1 289/289/1
f 1016/1016/1 1015/1015/1 289/289/1
f 1379/1379/1 653/653/1 652/652/1
f 1378/1378/1 1379/1379/1 652/652/1
f 291/291/1 654/654/1 290/290/1
f 654/654/1 653/653/1 290/290/1
f 1380/1380/1 1017/1017/1 1016/1016/1
f 1379/1379/1 1380/1380/1 1016/1016/1
f 291/291/1 1017/1017/1 290/290/1
f 1017/1017/1 1016/1016/1 290/290/1
f 1380/1380/1 654/654/1 653/653/1
f 1379/1379/1 1380/1380/1 653/653/1
f 292/292/1 655/655/1 291/291/1
f 655/655/1 654/654/1 291/291/1
f 1381/1381/1 1018/1018/1 1017/1017/1
f 1380/1380/1 1381/1381/1 1017/1017/1
f 292/292/1 1018/1018/1 291/291/1
f 1018/1018/1 1017/1017/1 291/291/1
f 1381/1381/1 655/655/1 654/654/1
f 1380/1380/1 1381/1381/1 654/654/1
f 293/293/1 656/656/1 292/292/1
f 656/656/1 655/655/1 292/292/1
f 1382/1382/1 1019/1019/1 1018/1018/1
f 1381/1381/1 1382/1382/1 1018/1018/1
f 293/293/1 1019/1019/1 292/292/1
f 1019/1019/1 1018/1018/1 292/292/1
f 1382/1382/1 656/656/1 655/655/1
f 1381/1381/1 1382/1382/1 655/655/1
f 294/294/1 657/657/1 293/293/1
f 657/657/1 656/656/1 293/293/1
f 1383/1383/1 1020/1020/1 1019/1019/1
f 1382/1382/1 1383/1383/1 1019/1019/1
f 294/294/1 1020/1020/1 293/293/1
f 1020/1020/1 1019/1019/1 293/293/1
f 1383/1383/1 657/657/1 656/656/1
f 1382/1382/1 1383/1383/1 656/656/1
f 295/295/1 658/658/1 294/294/1
f 658/658/1 657/657/1 294/294/1
f 1384/1384/1 1021/1021/1 1020/1020/1
f 1383/1383/1 1384/1384/1 1020/1020/1
f 295/295/1 1021/1021/1 294/294/1
f 1021/1021/1 1020/1020/1 294/294/1
f 1384/1384/1 658/658/1 657/657/1
f 1383/1383/1 1384/1384/1 657/657/1
f 296/296/1 659/659/1 295/295/1
f 659/659/1 658/658/1 295/295/1
f 1385/1385/1 1022/1022/1 1021/1021/1
f 1384/1384/1 1385/1385/1 1021/1021/1
f 296/296/1 1022/1022/1 295/295/1
f 1022/1022/1 1021/1021/1 295/295/1
f 1385/1385/1 659/659/1 658/658/1
f 1384/1384/1 1385/1385/1 658/658/1
f 297/297/1 660/660/1 296/296/1
f 660/660/1 659/659/1 296/296/1
f 1386/1386/1 1023/1023/1 1022/1022/1
f 1385/1385/1 1386/1386/1 1022/1022/1
f 297/297/1 1023/1023/1 296/296/1
f 1023/1023/1 1022/1022/1 296/296/1
f 1386/1386/1 660/660/1 659/659/1
f 1385/1385/1 1386/1386/1 659/659/1
f 298/298/1 661/661/1 297/297/1
f 661/661/1 660/660/1 297/297/1
f 1387/1387/1 1024/1024/1 1023/1023/1
f 1386/1386/1 1387/1387/1 1023/1023/1
f 298/298/1 1024/1024/1 297/297/1
f 1024/1024/1 1023/1023/1 297/297/1
f 1387/1387/1 661/661/1 660/660/1
f 1386/1386/1 1387/1387/1 660/660/1
f 299/299/1 662/662/1 298/298/1
f 662/662/1 661/661/1 298/298/1
f 1388/1388/1 1025/1025/1 1024/1024/1
f 1387/1387/1 1388/1388/1 1024/1024/1
f 299/299/1 1025/1025/1 298/298/1
f 1025/1025/1 1024/1024/1 298/298/1
f 1388/1388/1 662/662/1 661/661/1
f 1387/1387/1 1388/1388/1 661/661/1
f 300/300/1 663/663/1 299/299/1
f 663/663/1 662/662/1 299/299/1
f 1389/1389/1 1026/1026/1 1025/1025/1
f 1388/1388/1 1389/1389/1 1025/1025/1
f 300/300/1 1026/1026/1 299/299/1
f 1026/1026/1 1025/1025/1 299/299/1
f 1389/1389/1 663/663/1 662/662/1
f 1388/1388/1 1389/1389/1 662/662/1
f 301/301/1 664/664/1 300/300/1
f 664/664/1 663/663/1 300/300/1
f 1390/1390/1 1027/1027/1 1026/1026/1
f 1389/1389/1 1390/1390/1 1026/1026/1
f 301/301/1 1027/1027/1 300/300/1
f 1027/1027/1 1026/1026/1 300/300/1
f 1390/1390/1 664/664/1 663/663/1
f 1389/1389/1 1390/1390/1 663/663/1
f 302/302/1 665/665/1 301/301/1
f 665/665/1 664/664/1 301/301/1
f 1391/1391/1 1028/1028/1 1027/1027/1
f 1390/1390/1 1391/1391/1 1027/1027/1
f 302/302/1 1028/1028/1 301/301/1
f 1028/1028/1 1027/1027/1 301/301/1
f 1391/1391/1 665/665/1 664/664/1
f 1390/1390/1 1391/1391/1 664/664/1
f 303/303/1 666/666/1 302/302/1
f 666/666/1 665/665/1 302/302/1
f 1392/1392/1 1029/1029/1 1028/1028/1
f 1391/1391/1 1392/1392/1 1028/1028/1
f 303/303/1 1029/1029/1 302/302/1
f 1029/1029/1 1028/1028/1 302/302/1
f 1392/1392/1 666/666/1 665/665/1
f 1391/1391/1 1392/1392/1 665/665/1
f 304/304/1 667/667/1 303/303/1
f 667/667/1 666/666/1 303/303/1
f 1393/1393/1 1030/1030/1 1029/1029/1
f 1392/1392/1 1393/1393/1 1029/1029/1
f 304/304/1 1030/1030/1 303/303/1
f 1030/1030/1 1029/1029/1 303/303/1
f 1393/1393/1 667/667/1 666/666/1
f 1392/1392/1 1393/1393/1 666/666/1
f 305/305/1 668/668/1 304/304/1
f 668/668/1 667/667/1 304/304/1
f 1394/1394/1 1031/1031/1 1030/1030/1
f 1393/1393/1 1394/1394/1 1030/1030/1
f 305/305/1 1031/1031/1 304/304/1
f 1031/1031/1 1030/1030/1 304/304/1
f 1394/1394/1 668/668/1 667/667/1
f 1393/1393/1 1394/1394/1 667/667/1
f 306/306/1 669/669/1 305/305/1
f 669/669/1 668/668/1 305/305/1
f 1395/1395/1 1032/1032/1 1031/1031/1
f 1394/1394/1 1395/1395/1 1031/1031/1
f 306/306/1 1032/1032/1 305/305/1
f 1032/1032/1 1031/1031/1 305/305/1
f 1395/1395/1 669/669/1 668/668/1
f 1394/1394/1 1395/1395/1 668/668/1
f 307/307/1 670/670/1 306/306/1
f 670/670/1 669/669/1 306/306/1
f 1396/1396/1 1033/1033/1 1032/1032/1
f 1395/1395/1 1396/1396/1 1032/1032/1
f 307/307/1 1033/1033/1 306/306/1
f 1033/1033/1 1032/1032/1 306/306/1
f 1396/1396/1 670/670/1 669/669/1
f 1395/1395/1 1396/1396/1 669/669/1
f 308/308/1 671/671/1 307/307/1
f 671/671/1 670/670/1 307/307/1
f 1397/1397/1 1034/1034/1 1033/1033/1
f 1396/1396/1 1397/1397/1 1033/1033/1
f 308/308/1 1034/1034/1 307/307/1
f 1034/1034/1 1033/1033/1 307/307/1
f 1397/1397/1 671/671/1 670/670/1
f 1396/1396/1 1397/1397/1 670/670/1
f 309/309/1 672/672/1 308/308/1
f 672/672/1 671/671/1 308/308/1
f 1398/1398/1 1035/1035/1 1034/1034/1
f 1397/1397/1 1398/1398/1 1034/1034/1
f 309/309/1 1035/1035/1 308/308/1
f 1035/1035/1 1034/1034/1 308/308/1
f 1398/1398/1 672/672/1 671/671/1
f 1397/1397/1 1398/1398/1 671/671/1
f 310/310/1 673/673/1 309/309/1
f 673/673/1 672/672/1 309/309/1
f 1399/1399/1 1036/1036/1 1035/1035/1
f 1398/1398/1 1399/1399/1 1035/1035/1
f 310/310/1 1036/1036/1 309/309/1
f 1036/1036/1 1035/1035/1 309/309/1
f 1399/1399/1 673/673/1 672/672/1
f 1398/1398/1 1399/1399/1 672/672/1
f 311/311/1 674/674/1 310/310/1
f 674/674/1 673/673/1 310/310/1
f 1400/1400/1 1037/1037/1 1036/1036/1
f 1399/1399/1 1400/1400/1 1036/1036/1
f 311/311/1 1037/1037/1 310/310/1
f 1037/1037/1 1036/1036/1 310/310/1
f 1400/1400/1 674/674/1 673/673/1
f 1399/1399/1 1400/1400/1 673/673/1
f 312/312/1 675/675/1 311/311/1
f 675/675/1 674/674/1 311/311/1
f 1401/1401/1 1038/1038/1 1037/1037/1
f 1400/1400/1 1401/1401/1 1037/1037/1
f 312/312/1 1038/1038/1 311/311/1
f 1038/1038/1 1037/1037/1 311/311/1
f 1401/1401/1 675/675/1 674/674/1
f 1400/1400/1 1401/1401/1 674/674/1
f 313/313/1 676/676/1 312/312/1
f 676/676/1 675/675/1 312/312/1
f 1402/1402/1 1039/1039/1 1038/1038/1
f 1401/1401/1 1402/1402/1 1038/1038/1
f 313/313/1 1039/1039/1 312/312/1
f 1039/1039/1 1038/1038/1 312/312/1
f 1402/1402/1 676/676/1 675/675/1
f 1401/1401/1 1402/1402/1 675/675/1
f 314/314/1 677/677/1 313/313/1
f 677/677/1 676/676/1 313/313/1
f 1403/1403/1 1040/1040/1 1039/1039/1
f 1402/1402/1 1403/1403/1 1039/1039/1
f 314/314/1 1040/1040/1 313/313/1
f 1040/1040/1 1039/1039/1 313/313/1
f 1403/1403/1 677/677/1 676/676/1
f 1402/1402/1 1403/1403/1 676/676/1
f 315/315/1 678/678/1 314/314/1
f 678/678/1 677/677/1 314/314/1
f 1404/1404/1 1041/1041/1 1040/1040/1
f 1403/1403/1 1404/1404/1 1040/1040/1
f 315/315/1 1041/1041/1 314/314/1
f 1041/1041/1 1040/1040/1 314/314/1
f 1404/1404/1 678/678/1 677/677/1
f 1403/1403/1 1404/1404/1 677/677/1
f 316/316/1 679/679/1 315/315/1
f 679/679/1 678/678/1 315/315/1
f 1405/1405/1 1042/1042/1 1041/1041/1
f 1404/1404/1 1405/1405/1 1041/1041/1
f 316/316/1 1042/1042/1 315/315/1
f 1042/1042/1 1041/1041/1 315/315/1
f 1405/1405/1 679/679/1 678/678/1
f 1404/1404/1 1405/1405/1 678/678/1
f 317/317/1 680/680/1 316/316/1
f 680/680/1 679/679/1 316/316/1
f 1406/1406/1 1043/1043/1 1042/1042/1
f 1405/1405/1 1406/1406/1 1042/1042/1
f 317/317/1 1043/1043/1 316/316/1
f 1043/1043/1 1042/1042/1 316/316/1
f 1406/1406/1 680/680/1 679/679/1
f 1405/1405/1 1406/1406/1 679/679/1
f 318/318/1 681/681/1 317/317/1
f 681/681/1 680/680/1 317/317/1
f 1407/1407/1 1044/1044/1 1043/1043/1
f 1406/1406/1 1407/1407/1 1043/1043/1
f 318/318/1 1044/1044/1 317/317/1
f 1044/1044/1 1043/1043/1 317/317/1
f 1407/1407/1 681/681/1 680/680/1
f 1406/1406/1 1407/1407/1 680/680/1
f 319/319/1 682/682/1 318/318/1
f 682/682/1 681/681/1 318/318/1
f 1408/1408/1 1045/1045/1 1044/1044/1
f 1407/1407/1 1408/1408/1 1044/1044/1
f 319/319/1 1045/1045/1 318/318/1
f 1045/1045/1 1044/1044/1 318/318/1
f 1408/1408/1 682/682/1 681/681/1
f 1407/1407/1 1408/1408/1 681/681/1
f 320/320/1 683/683/1 319/319/1
f 683/683/1 682/682/1 319/319/1
f 1409/1409/1 1046/1046/1 1045/1045/1
f 1408/1408/1 1409/1409/1 1045/1045/1
f 320/320/1 1046/1046/1 319/319/1
f 1046/1046/1 1045/1045/1 319/319/1
f 1409/1409/1 683/683/1 682/682/1
f 1408/1408/1 1409/1409/1 682/682/1
f 321/321/1 684/684/1 320/320/1
f 684/684/1 683/683/1 320/320/1
f 1410/1410/1 1047/1047/1 1046/1046/1
f 1409/1409/1 1410/1410/1 1046/1046/1
f 321/321/1 1047/1047/1 320/320/1
f 1047/1047/1 1046/1046/1 320/320/1
f 1410/1410/1 684/684/1 683/683/1
f 1409/1409/1 1410/1410/1 683/683/1
f 322/322/1 685/685/1 321/321/1
f 685/685/1 684/684/1 321/321/1
f 1411/1411/1 1048/1048/1 1047/1047/1
f 1410/1410/1 1411/1411/1 1047/1047/1
f 322/322/1 1048/1048/1 321/321/1
f 1048/1048/1 1047/1047/1 321/321/1
f 1411/1411/1 685/685/1 684/684/1
f 1410/1410/1 1411/1411/1 684/684/1
f 323/323/1 686/686/1 322/322/1
f 686/686/1 685/685/1 322/322/1
f 1412/1412/1 1049/1049/1 1048/1048/1
f 1411/1411/1 1412/1412/1 1048/1048/1
f 323/323/1 1049/1049/1 322/322/1
f 1049/1049/1 1048/1048/1 322/322/1
f 1412/1412/1 686/686/1 685/685/1
f 1411/1411/1 1412/1412/1 685/685/1
f 324/324/1 687/687/1 323/323/1
f 687/687/1 686/686/1 323/323/1
f 1413/1413/1 1050/1050/1 1049/1049/1
f 1412/1412/1 1413/1413/1 1049/1049/1
f 324/324/1 1050/1050/1 323/323/1
f 1050/1050/1 1049/1049/1 323/323/1
f 1413/1413/1 687/687/1 686/686/1
f 1412/1412/1 1413/1413/1 686/686/1
f 325/325/1 688/688/1 324/324/1
f 688/688/1 687/687/1 324/324/1
f 1414/1414/1 1051/1051/1 1050/1050/1
f 1413/1413/1 1414/1414/1 1050/1050/1
f 325/325/1 1051/1051/1 324/324/1
f 1051/1051/1 1050/1050/1 324/324/1
f 1414/1414/1 688/688/1 687/687/1
f 1413/1413/1 1414/1414/1 687/687/1
f 326/326/1 689/689/1 325/325/1
f 689/689/1 688/688/1 325/325/1
f 1415/1415/1 1052/1052/1 1051/1051/1
f 1414/1414/1 1415/1415/1 1051/1051/1
f 326/326/1 1052/1052/1 325/325/1
f 1052/1052/1 1051/1051/1 325/325/1
f 1415/1415/1 689/689/1 688/688/1
f 1414/1414/1 1415/1415/1 688/688/1
f 327/327/1 690/690/1 326/326/1
f 690/690/1 689/689/1 326/326/1
f 1416/1416/1 1053/1053/1 1052/1052/1
f 1415/1415/1 1416/1416/1 1052/1052/1
f 327/327/1 1053/1053/1 326/326/1
f 1053/1053/1 1052/1052/1 326/326/1
f 1416/1416/1 690/690/1 689/689/1
f 1415/1415/1 1416/1416/1 689/689/1
f 328/328/1 691/691/1 327/327/1
f 691/691/1 690/690/1 327/327/1
f 1417/1417/1 1054/1054/1 1053/1053/1
f 1416/1416/1 1417/1417/1 1053/1053/1
f 328/328/1 1054/1054/1 327/327/1
f 1054/1054/1 1053/1053/1 327/327/1
f 1417/1417/1 691/691/1 690/690/1
f 1416/1416/1 1417/1417/1 690/690/1
f 329/329/1 692/692/1 328/328/1
f 692/692/1 691/691/1 328/328/1
f 1418/1418/1 1055/1055/1 1054/1054/1
f 1417/1417/1 1418/1418/1 1054/1054/1
f 329/329/1 1055/1055/1 328/328/1
f 1055/1055/1 1054/1054/1 328/328/1
f 1418/1418/1 692/692/1 691/691/1
f 1417/1417/1 1418/1418/1 691/691/1
f 330/330/1 693/693/1 329/329/1
f 693/693/1 692/692/1 329/329/1
f 1419/1419/1 1056/1056/1 1055/1055/1
f 1418/1418/1 1419/1419/1 1055/1055/1
f 330/330/1 1056/1056/1 329/329/1
f 1056/1056/1 1055/1055/1 329/329/1
f 1419/1419/1 693/693/1 692/692/1
f 1418/1418/1 1419/1419/1 692/692/1
f 331/331/1 694/694/1 330/330/1
f 694/694/1 693/693/1 330/330/1
f 1420/1420/1 1057/1057/1 1056/1056/1
f 1419/1419/1 1420/1420/1 1056/1056/1
f 331/331/1 1057/1057/1 330/330/1
f 1057/1057/1 1056/1056/1 330/330/1
f 1420/1420/1 694/694/1 693/693/1
f 1419/1419/1 1420/1420/1 693/693/1
f 332/332/1 695/695/1 331/331/1
f 695/695/1 694/694/1 331/331/1
f 1421/1421/1 1058/1058/1 1057/1057/1
f 1420/1420/1 1421/1421/1 1057/1057/1
f 332/332/1 1058/1058/1 331/331/1
f 1058/1058/1 1057/1057/1 331/331/1
f 1421/1421/1 695/695/1 694/694/1
f 1420/1420/1 1421/1421/1 694/694/1
f 333/333/1 696/696/1 332/332/1
f 696/696/1 695/695/1 332/332/1
f 1422/1422/1 1059/1059/1 1058/1058/1
f 1421/1421/1 1422/1422/1 1058/1058/1
f 333/333/1 1059/1059/1 332/332/1
f 1059/1059/1 1058/1058/1 332/332/1
f 1422/1422/1 696/696/1 695/695/1
f 1421/1421/1 1422/1422/1 695/695/1
f 334/334/1 697/697/1 333/333/1
f 697/697/1 696/696/1 333/333/1
f 1423/1423/1 1060/1060/1 1059/1059/1
f 1422/1422/1 1423/1423/1 1059/1059/1
f 334/334/1 1060/1060/1 333/333/1
f 1060/1060/1 1059/1059/1 333/333/1
f 1423/1423/1 697/697/1 696/696/1
f 1422/1422/1 1423/1423/1 696/696/1
f 335/335/1 698/698/1 334/334/1
f 698/698/1 697/697/1 334/334/1
f 1424/1424/1 1061/1061/1 1060/1060/1
f 1423/1423/1 1424/1424/1 1060/1060/1
f 335/335/1 1061/1061/1 334/334/1
f 1061/1061/1 1060/1060/1 334/334/1
f 1424/1424/1 698/698/1 697/697/1
f 1423/1423/1 1424/1424/1 697/697/1
f 336/336/1 699/699/1 335/335/1
f 699/699/1 698/698/1 335/335/1
f 1425/1425/1 1062/1062/1 1061/1061/1
f 1424/1424/1 1425/1425/1 1061/1061/1
f 336/336/1 1062/1062/1 335/335/1
f 1062/1062/1 1061/1061/1 335/335/1
f 1425/1425/1 699/699/1 698/698/1
f 1424/1424/1 1425/1425/1 698/698/1
f 337/337/1 700/700/1 336/336/1
f 700/700/1 699/699/1 336/336/1
f 1426/1426/1 1063/1063/1 1062/1062/1
f 1425/1425/1 1426/1426/1 1062/1062/1
f 337/337/1 1063/1063/1 336/336/1
f 1063/1063/1 1062/1062/1 336/336/1
f 1426/1426/1 700/700/1 699/699/1
f 1425/1425/1 1426/1426/1 699/699/1
f 338/338/1 701/701/1 337/337/1
f 701/701/1 700/700/1 337/337/1
f 1427/1427/1 1064/1064/1 1063/1063/1
f 1426/1426/1 1427/1427/1 1063/1063/1
f 338/338/1 1064/1064/1 337/337/1
f 1064/1064/1 1063/1063/1 337/337/1
f 1427/1427/1 701/701/1 700/700/1
f 1426/1426/1 1427/1427/1 700/700/1
f 339/339/1 702/702/1 338/338/1
f 702/702/1 701/701/1 338/338/1
f 1428/1428/1 1065/1065/1 1064/1064/1
f 1427/1427/1 1428/1428/1 1064/1064/1
f 339/339/1 1065/1065/1 338/338/1
f 1065/1065/1 1064/1064/1 338/338/1
f 1428/1428/1 702/702/1 701/701/1
f 1427/1427/1 1428/1428/1 701/701/1
f 340/340/1 703/703/1 339/339/1
f 703/703/1 702/702/1 339/339/1
f 1429/1429/1 1066/1066/1 1065/1065/1
f 1428/1428/1 1429/1429/1 1065/1065/1
f 340/340/1 1066/1066/1 339/339/1
f 1066/1066/1 1065/1065/1 339/339/1
f 1429/1429/1 703/703/1 702/702/1
f 1428/1428/1 1429/1429/1 702/702/1
f 341/341/1 704/704/1 340/340/1
f 704/704/1 703/703/1 340/340/1
f 1430/1430/1 1067/1067/1 1066/1066/1
f 1429/1429/1 1430/1430/1 1066/1066/1
f 341/341/1 1067/1067/1 340/340/1
f 1067/1067/1 1066/1066/1 340/340/1
f 1430/1430/1 704/704/1 703/703/1
f 1429/1429/1 1430/1430/1 703/703/1
f 342/342/1 705/705/1 341/341/1
f 705/705/1 704/704/1 341/341/1
f 1431/1431/1 1068/1068/1 1067/1067/1
f 1430/1430/1 1431/1431/1 1067/1067/1
f 342/342/1 1068/1068/1 341/341/1
f 1068/1068/1 1067/1067/1 341/341/1
f 1431/1431/1 705/705/1 704/704/1
f 1430/1430/1 1431/1431/1 704/704/1
f 343/343/1 706/706/1 342/342/1
f 706/706/1 705/705/1 342/342/1
f 1432/1432/1 1069/1069/1 1068/1068/1
f 1431/1431/1 1432/1432/1 1068/1068/1
f 343/343/1 1069/1069/1 342/342/1
f 1069/1069/1 1068/1068/1 342/342/1
f 1432/1432/1 706/706/1 705/705/1
f 1431/1431/1 1432/1432/1 705/705/1
f 344/344/1 707/707/1 343/343/1
f 707/707/1 706/706/1 343/343/1
f 1433/1433/1 1070/1070/1 1069/1069/1
f 1432/1432/1 1433/1433/1 1069/1069/1
f 344/344/1 1070/1070/1 343/343/1
f 1070/1070/1 1069/1069/1 343/343/1
f 1433/1433/1 707/707/1 706/706/1
f 1432/1432/1 1433/1433/1 706/706/1
f 345/345/1 708/708/1 344/344/1
f 708/708/1 707/707/1 344/344/1
f 1434/1434/1 1071/1071/1 1070/1070/1
f 1433/1433/1 1434/1434/1 1070/1070/1
f 345/345/1 1071/1071/1 344/344/1
f 1071/1071/1 1070/1070/1 344/344/1
f 1434/1434/1 708/708/1 707/707/1
f 1433/1433/1 1434/1434/1 707/707/1
f 346/346/1 709/709/1 345/345/1
f 709/709/1 708/708/1 345/345/1
f 1435/1435/1 1072/1072/1 1071/1071/1
f 1434/1434/1 1435/1435/1 1071/1071/1
f 346/346/1 1072/1072/1 345/345/1
f 1072/1072/1 1071/1071/1 345/345/1
f 1435/1435/1 709/709/1 708/708/1
f 1434/1434/1 1435/1435/1 708/708/1
f 347/347/1 710/710/1 346/346/1
f 710/710/1 709/709/1 346/346/1
f 1436/1436/1 1073/1073/1 1072/1072/1
f 1435/1435/1 1436/1436/1 1072/1072/1
f 347/347/1 1073/1073/1 346/346/1
f 1073/1073/1 1072/1072/1 346/346/1
f 1436/1436/1 710/710/1 709/709/1
f 1435/1435/1 1436/1436/1 709/709/1
f 348/348/1 711/711/1 347/347/1
f 711/711/1 710/710/1 347/347/1
f 1437/1437/1 1074/1074/1 1073/1073/1
f 1436/1436/1 1437/1437/1 1073/1073/1
f 348/348/1 1074/1074/1 347/347/1
f 1074/1074/1 1073/1073/1 347/347/1
f 1437/1437/1 711/711/1 710/710/1
f 1436/1436/1 1437/1437/1 710/710/1
f 349/349/1 712/712/1 348/348/1
f 712/712/1 711/711/1 348/348/1
f 1438/1438/1 1075/1075/1 1074/1074/1
f 1437/1437/1 1438/1438/1 1074/1074/1
f 349/349/1 1075/1075/1 348/348/1
f 1075/1075/1 1074/1074/1 348/348/1
f 1438/1438/1 712/712/1 711/711/1
f 1437/1437/1 1438/1438/1 711/711/1
f 350/350/1 713/713/1 349/349/1
f 713/713/1 712/712/1 349/349/1
f 1439/1439/1 1076/1076/1 1075/1075/1
f 1438/1438/1 1439/1439/1 1075/1075/1
f 350/350/1 1076/1076/1 349/349/1
f 1076/1076/1 1075/1075/1 349/349/1
f 1439/1439/1 713/713/1 712/712/1
f 1438/1438/1 1439/1439/1 712/712/1
f 351/351/1 714/714/1 350/350/1
f 714/714/1 713/713/1 350/350/1
f 1440/1440/1 1077/1077/1 1076/1076/1
f 1439/1439/1 1440/1440/1 1076/1076/1
f 351/351/1 1077/1077/1 350/350/1
f 1077/1077/1 1076/1076/1 350/350/1
f 1440/1440/1 714/714/1 713/713/1
f 1439/1439/1 1440/1440/1 713/713/1
f 352/352/1 715/715/1 351/351/1
f 715/715/1 714/714/1 351/351/1
f 1441/1441/1 1078/1078/1 1077/1077/1
f 1440/1440/1 1441/1441/1 1077/1077/1
f 352/352/1 1078/1078/1 351/351/1
f 1078/1078/1 1077/1077/1 351/351/1
f 1441/1441/1 715/715/1 714/714/1
f 1440/1440/1 1441/1441/1 714/714/1
f 353/353/1 716/716/1 352/352/1
f 716/716/1 715/715/1 352/352/1
f 1442/1442/1 1079/1079/1 1078/1078/1
f 1441/1441/1 1442/1442/1 1078/1078/1
f 353/353/1 1079/1079/1 352/352/1
f 1079/1079/1 1078/1078/1 352/352/1
f 1442/1442/1 716/716/1 715/715/1
f 1441/1441/1 1442/1442/1 715/715/1
f 354/354/1 717/717/1 353/353/1
f 717/717/1 716/716/1 353/353/1
f 1443/1443/1 1080/1080/1 1079/1079/1
f 1442/1442/1 1443/1443/1 1079/1079/1
f 354/354/1 1080/1080/1 353/353/1
f 1080/1080/1 1079/1079/1 353/353/1
f 1443/1443/1 717/717/1 716/716/1
f 1442/1442/1 1443/1443/1 716/716/1
f 355/355/1 718/718/1 354/354/1
f 718/718/1 717/717/1 354/354/1
f 1444/1444/1 1081/1081/1 1080/1080/1
f 1443/1443/1 1444/1444/1 1080/1080/1
f 355/355/1 1081/1081/1 354/354/1
f 1081/1081/1 1080/1080/1 354/354/1
f 1444/1444/1 718/718/1 717/717/1
f 1443/1443/1 1444/1444/1 717/717/1
f 356/356/1 719/719/1 355/355/1
f 719/719/1 718/718/1 355/355/1
f 1445/1445/1 1082/1082/1 1081/1081/1
f 1444/1444/1 1445/1445/1 1081/1081/1
f 356/356/1 1082/1082/1 355/355/1
f 1082/1082/1 1081/1081/1 355/355/1
f 1445/1445/1 719/719/1 718/718/1
f 1444/1444/1 1445/1445/1 718/718/1
f 357/357/1 720/720/1 356/356/1
f 720/720/1 719/719/1 356/356/1
f 1446/1446/1 1083/1083/1 1082/1082/1
f 1445/1445/1 1446/1446/1 1082/1082/1
f 357/357/1 1083/1083/1 356/356/1
f 1083/1083/1 1082/1082/1 356/356/1
f 1446/1446/1 720/720/1 719/719/1
f 1445/1445/1 1446/1446/1 719/719/1
f 358/358/1 721/721/1 357/357/1
f 721/721/1 720/720/1 357/357/1
f 1447/1447/1 1084/1084/1 1083/1083/1
f 1446/1446/1 1447/1447/1 1083/1083/1
f 358/358/1 1084/1084/1 357/357/1
f 1084/1084/1 1083/1083/1 357/357/1
f 1447/1447/1 721/721/1 720/720/1
f 1446/1446/1 1447/1447/1 720/720/1
f 359/359/1 722/722/1 358/358/1
f 722/722/1 721/721/1 358/358/1
f 1448/1448/1 1085/1085/1 1084/1084/1
f 1447/1447/1 1448/1448/1 1084/1084/1
f 359/359/1 1085/1085/1 358/358/1
f 1085/1085/1 1084/1084/1 358/358/1
f 1448/1448/1 722/722/1 721/721/1
f 1447/1447/1 1448/1448/1 721/721/1
f 360/360/1 723/723/1 359/359/1
f 723/723/1 722/722/1 359/359/1
f 1449/1449/1 1086/1086/1 1085/1085/1
f 1448/1448/1 1449/1449/1 1085/1085/1
f 360/360/1 1086/1086/1 359/359/1
f 1086/1086/1 1085/1085/1 359/359/1
f 1449/1449/1 723/723/1 722/722/1
f 1448/1448/1 1449/1449/1 722/722/1
f 361/361/1 724/724/1 360/360/1
f 724/724/1 723/723/1 360/360/1
f 1450/1450/1 1087/1087/1 1086/1086/1
f 1449/1449/1 1450/1450/1 1086/1086/1
f 361/361/1 1087/1087/1 360/360/1
f 1087/1087/1 1086/1086/1 360/360/1
f 1450/1450/1 724/724/1 723/723/1
f 1449/1449/1 1450/1450/1 723/723/1
f 362/362/1 725/725/1 361/361/1
f 725/725/1 724/724/1 361/361/1
f 1451/1451/1 1088/1088/1 1087/1087/1
f 1450/1450/1 1451/1451/1 1087/1087/1
f 362/362/1 1088/1088/1 361/361/1
f 1088/1088/1 1087/1087/1 361/361/1
f 1451/1451/1 725/725/1 724/724/1
f 1450/1450/1 1451/1451/1 724/724/1
f 363/363/1 726/726/1 362/362/1
f 726/726/1 725/725/1 362/362/1
f 1452/1452/1 1089/1089/1 1088/1088/1
f 1451/1451/1 1452/1452/1 1088/1088/1
f 363/363/1 1089/1089/1 362/362/1
f 1089/1089/1 1088/1088/1 362/362/1
f 1452/1452/1 726/726/1 725/725/1
f 1451/1451/1 1452/1452/1 725/725/1
f 1/1/1 364/364/1 363/363/1
f 364/364/1 726/726/1 363/363/1
f 1090/1090/1 727/727/1 1089/1089/1
f 1452/1452/1 1090/1090/1 1089/1089/1
f 1/1/1 727/727/1 363/363/1
f 727/727/1 1089/1089/1 363/363/1
f 1090/1090/1 364/364/1 726/726/1
f 1452/1452/1 1090/1090/1 726/726/1
