mtllib curb_side_ring_07_visual.mtl
o curb_side_ring_07_visual
usemtl curb_marble
v -10.46768469 -5.77808063 0.20000000
v -10.45389689 -5.78091711 0.20000000
v -10.44252015 -5.78287429 0.20000000
v -10.43230633 -5.78426225 0.20000000
v -10.42330408 -5.78513561 0.20000000
v -10.41555999 -5.78556224 0.20000000
v -10.40911497 -5.78562500 0.20000000
v -10.40399910 -5.78542304 0.20000000
v -10.40022487 -5.78507177 0.20000000
v -10.39777881 -5.78470080 0.20000000
v -10.39661227 -5.78444886 0.20000000
v -10.39663230 -5.78445461 0.20000000
v -10.39769513 -5.78484304 0.20000000
v -10.39960465 -5.78570816 0.20000000
v -10.40211885 -5.78709416 0.20000000
v -10.40496565 -5.78897926 0.20000000
v -10.40786716 -5.79126684 0.20000000
v -10.41056822 -5.79378796 0.20000000
v -10.41286315 -5.79631604 0.20000000
v -10.41461433 -5.79859102 0.20000000
v -10.41575896 -5.80034730 0.20000000
v -10.41630405 -5.80133895 0.20000000
v -10.41631277 -5.80135788 0.20000000
v -10.41588687 -5.80024302 0.20000000
v -10.41514933 -5.79788149 0.20000000
v -10.41422987 -5.79420415 0.20000000
v -10.41325458 -5.78917805 0.20000000
v -10.41233943 -5.78279802 0.20000000
v -10.41158697 -5.77507878 0.20000000
v -10.41108533 -5.76604818 0.20000000
v -10.41090863 -5.75574200 0.20000000
v -10.41111825 -5.74420004 0.20000000
v -10.41183145 -5.73014158 0.20000000
v -10.49627843 -4.45232539 0.20000000
v -10.49720557 -4.42489818 0.20000000
v -10.49608104 -4.39428810 0.20000000
v -10.49245653 -4.36319084 0.20000000
v -10.48591938 -4.33170232 0.20000000
v -10.47604708 -4.30010478 0.20000000
v -10.46249307 -4.26890635 0.20000000
v -10.44510088 -4.23882740 0.20000000
v -10.42400625 -4.21070697 0.20000000
v -10.39966921 -4.18534065 0.20000000
v -10.37280043 -4.16331111 0.20000000
v -10.34420594 -4.14488807 0.20000000
v -10.31462194 -4.13003366 0.20000000
v -10.28460592 -4.11848810 0.20000000
v -10.25450477 -4.10988011 0.20000000
v -10.22447992 -4.10381797 0.20000000
v -10.19726405 -4.10029544 0.20000000
v -2.36254933 -3.34178240 0.20000000
v -2.33940336 -3.33917043 0.20000000
v -2.31890189 -3.33616480 0.20000000
v -2.29967497 -3.33264964 0.20000000
v -2.28172353 -3.32866828 0.20000000
v -2.26504178 -3.32426750 0.20000000
v -2.24961545 -3.31949658 0.20000000
v -2.23542012 -3.31440592 0.20000000
v -2.22241949 -3.30904501 0.20000000
v -2.21056416 -3.30345978 0.20000000
v -2.19979091 -3.29768936 0.20000000
v -2.19002293 -3.29176242 0.20000000
v -2.18117134 -3.28569341 0.20000000
v -2.17313795 -3.27947913 0.20000000
v -2.16581943 -3.27309612 0.20000000
v -2.15911261 -3.26649950 0.20000000
v -2.15292029 -3.25962355 0.20000000
v -2.14715702 -3.25238420 0.20000000
v -2.14175393 -3.24468333 0.20000000
v -2.13666219 -3.23641425 0.20000000
v -2.13185451 -3.22746780 0.20000000
v -2.12732476 -3.21773821 0.20000000
v -2.12308593 -3.20712811 0.20000000
v -2.11916691 -3.19555218 0.20000000
v -2.11560861 -3.18293941 0.20000000
v -2.11246003 -3.16923386 0.20000000
v -2.10977461 -3.15439436 0.20000000
v -2.10760712 -3.13839326 0.20000000
v -2.10601131 -3.12121474 0.20000000
v -2.10503814 -3.10285288 0.20000000
v -2.10473469 -3.08330963 0.20000000
v -2.10514355 -3.06259304 0.20000000
v -2.10637585 -3.03933278 0.20000000
v -2.35657785 0.59220479 0.20000000
v -2.35827665 0.62427846 0.20000000
v -2.35892538 0.65729798 0.20000000
v -2.35841144 0.68989528 0.20000000
v -2.35669024 0.72208062 0.20000000
v -2.35371210 0.75385806 0.20000000
v -2.34942280 0.78522347 0.20000000
v -2.34376471 0.81616230 0.20000000
v -2.33667854 0.84664733 0.20000000
v -2.32810595 0.87663661 0.20000000
v -2.31799296 0.90607193 0.20000000
v -2.30629401 0.93487826 0.20000000
v -2.29297653 0.96296446 0.20000000
v -2.27802535 0.99022561 0.20000000
v -2.26144656 1.01654715 0.20000000
v -2.24326993 1.04181049 0.20000000
v -2.22354939 1.06589982 0.20000000
v -2.20236128 1.08870901 0.20000000
v -2.17980036 1.11014803 0.20000000
v -2.15597407 1.13014771 0.20000000
v -2.13099583 1.14866246 0.20000000
v -2.10497834 1.16567069 0.20000000
v -2.07802758 1.18117317 0.20000000
v -2.05023829 1.19518981 0.20000000
v -2.02169100 1.20775554 0.20000000
v -1.99245068 1.21891595 0.20000000
v -1.96256683 1.22872313 0.20000000
v -1.93207447 1.23723213 0.20000000
v -1.90099584 1.24449807 0.20000000
v -1.86934240 1.25057411 0.20000000
v -1.83711687 1.25551002 0.20000000
v -1.80431513 1.25935136 0.20000000
v -1.77230789 1.26202391 0.20000000
v 12.95326073 2.25652155 0.20000000
v 12.98561668 2.25922292 0.20000000
v 13.01491185 2.26265527 0.20000000
v 13.04251010 2.26688953 0.20000000
v 13.06840351 2.27187608 0.20000000
v 13.09259120 2.27755992 0.20000000
v 13.11508160 2.28388146 0.20000000
v 13.13589506 2.29077788 0.20000000
v 13.15506637 2.29818540 0.20000000
v 13.17264716 2.30604252 0.20000000
v 13.18870752 2.31429428 0.20000000
v 13.20333647 2.32289736 0.20000000
v 13.21664076 2.33182568 0.20000000
v 13.22874154 2.34107579 0.20000000
v 13.23976879 2.35067124 0.20000000
v 13.24985390 2.36066493 0.20000000
v 13.25912100 2.37113870 0.20000000
v 13.26767840 2.38219990 0.20000000
v 13.27561129 2.39397498 0.20000000
v 13.28297689 2.40660118 0.20000000
v 13.28980261 2.42021745 0.20000000
v 13.29608730 2.43495590 0.20000000
v 13.30180492 2.45093488 0.20000000
v 13.30690991 2.46825440 0.20000000
v 13.31134307 2.48699381 0.20000000
v 13.31503730 2.50721171 0.20000000
v 13.31792256 2.52894729 0.20000000
v 13.31992967 2.55222285 0.20000000
v 13.32099313 2.57704662 0.20000000
v 13.32105280 2.60341575 0.20000000
v 13.32005484 2.63131909 0.20000000
v 13.31795197 2.66073959 0.20000000
v 13.31455899 2.69303034 0.20000000
v 12.95204821 5.68547600 0.20000000
v 12.95014078 5.69937073 0.20000000
v 12.94817022 5.71086755 0.20000000
v 12.94599212 5.72132711 0.20000000
v 12.94365515 5.73074528 0.20000000
v 12.94121260 5.73912519 0.20000000
v 12.93872147 5.74647933 0.20000000
v 12.93624096 5.75283190 0.20000000
v 12.93383014 5.75822103 0.20000000
v 12.93154468 5.76270080 0.20000000
v 12.92943280 5.76634241 0.20000000
v 12.92753045 5.76923427 0.20000000
v 12.92585614 5.77148048 0.20000000
v 12.92440623 5.77319730 0.20000000
v 12.92315117 5.77450778 0.20000000
v 12.92203381 5.77553465 0.20000000
v 12.92097019 5.77639237 0.20000000
v 12.91985322 5.77717936 0.20000000
v 12.91855884 5.77797154 0.20000000
v 12.91695394 5.77881819 0.20000000
v 12.91490479 5.77974053 0.20000000
v 12.91228498 5.78073316 0.20000000
v 12.90898169 5.78176764 0.20000000
v 12.90489995 5.78279756 0.20000000
v 12.89996462 5.78376407 0.20000000
v 12.89412048 5.78460124 0.20000000
v 12.88733084 5.78524067 0.20000000
v 12.87957527 5.78561509 0.20000000
v 12.87084676 5.78566094 0.20000000
v 12.86114897 5.78531997 0.20000000
v 12.85049354 5.78454010 0.20000000
v 12.83889780 5.78327565 0.20000000
v 12.82501380 5.78129159 0.20000000
v -10.37820269 2.08884581 0.20000000
v -10.44970306 2.07664092 0.20000000
v -10.51918053 2.06314274 0.20000000
v -10.58762987 2.04818645 0.20000000
v -10.65505718 2.03177580 0.20000000
v -10.72146915 2.01391410 0.20000000
v -10.78687299 1.99460419 0.20000000
v -10.85127639 1.97384840 0.20000000
v -10.91468751 1.95164845 0.20000000
v -10.97711490 1.92800542 0.20000000
v -11.03856742 1.90291970 0.20000000
v -11.09905417 1.87639094 0.20000000
v -11.15858442 1.84841803 0.20000000
v -11.21716751 1.81899909 0.20000000
v -11.27481273 1.78813143 0.20000000
v -11.33152926 1.75581162 0.20000000
v -11.38732603 1.72203547 0.20000000
v -11.44221166 1.68679805 0.20000000
v -11.49619436 1.65009380 0.20000000
v -11.54928183 1.61191652 0.20000000
v -11.60148120 1.57225951 0.20000000
v -11.65279896 1.53111558 0.20000000
v -11.70324091 1.48847720 0.20000000
v -11.75281212 1.44433652 0.20000000
v -11.80151692 1.39868552 0.20000000
v -11.84935886 1.35151607 0.20000000
v -11.89634074 1.30282003 0.20000000
v -11.94246458 1.25258931 0.20000000
v -11.98773171 1.20081598 0.20000000
v -12.03214272 1.14749230 0.20000000
v -12.07569759 1.09261083 0.20000000
v -12.11839565 1.03616444 0.20000000
v -12.16082269 0.97733240 0.20000000
v -12.62678237 0.31563012 0.20000000
v -12.68349531 0.23314432 0.20000000
v -12.73722880 0.15105719 0.20000000
v -12.78855571 0.06854403 0.20000000
v -12.83748288 -0.01439694 0.20000000
v -12.88401722 -0.09776820 0.20000000
v -12.92816568 -0.18157290 0.20000000
v -12.96993518 -0.26581491 0.20000000
v -13.00933250 -0.35049881 0.20000000
v -13.04636426 -0.43562991 0.20000000
v -13.08103681 -0.52121420 0.20000000
v -13.11335612 -0.60725835 0.20000000
v -13.14332777 -0.69376965 0.20000000
v -13.17095682 -0.78075596 0.20000000
v -13.19624776 -0.86822567 0.20000000
v -13.21920445 -0.95618758 0.20000000
v -13.23983007 -1.04465088 0.20000000
v -13.25812708 -1.13362497 0.20000000
v -13.27409720 -1.22311947 0.20000000
v -13.28774137 -1.31314401 0.20000000
v -13.29905977 -1.40370822 0.20000000
v -13.30805183 -1.49482159 0.20000000
v -13.31471625 -1.58649339 0.20000000
v -13.31905103 -1.67873257 0.20000000
v -13.32105351 -1.77154768 0.20000000
v -13.32072046 -1.86494684 0.20000000
v -13.31804808 -1.95893761 0.20000000
v -13.31303211 -2.05352701 0.20000000
v -13.30566791 -2.14872144 0.20000000
v -13.29595048 -2.24452669 0.20000000
v -13.28387456 -2.34094788 0.20000000
v -13.26943472 -2.43798950 0.20000000
v -13.25245588 -2.53664031 0.20000000
v -12.95296943 -4.16717765 0.20000000
v -12.93876836 -4.23863494 0.20000000
v -12.92308746 -4.30681235 0.20000000
v -12.90569348 -4.37297671 0.20000000
v -12.88660311 -4.43713904 0.20000000
v -12.86583251 -4.49931330 0.20000000
v -12.84339679 -4.55951657 0.20000000
v -12.81930957 -4.61776911 0.20000000
v -12.79358232 -4.67409431 0.20000000
v -12.76622386 -4.72851856 0.20000000
v -12.73723974 -4.78107095 0.20000000
v -12.70663174 -4.83178283 0.20000000
v -12.67439743 -4.88068718 0.20000000
v -12.64052984 -4.92781795 0.20000000
v -12.60501731 -4.97320920 0.20000000
v -12.56784352 -5.01689421 0.20000000
v -12.52898773 -5.05890462 0.20000000
v -12.48842517 -5.09926953 0.20000000
v -12.44612766 -5.13801474 0.20000000
v -12.40206435 -5.17516215 0.20000000
v -12.35620258 -5.21072929 0.20000000
v -12.30850873 -5.24472904 0.20000000
v -12.25894914 -5.27716961 0.20000000
v -12.20749092 -5.30805464 0.20000000
v -12.15410269 -5.33738349 0.20000000
v -12.09875518 -5.36515168 0.20000000
v -12.04142170 -5.39135137 0.20000000
v -11.98207843 -5.41597193 0.20000000
v -11.92070465 -5.43900052 0.20000000
v -11.85728273 -5.46042263 0.20000000
v -11.79179813 -5.48022264 0.20000000
v -11.72423923 -5.49838427 0.20000000
v -11.65334857 -5.51518691 0.20000000
v -10.54292446 -6.13014108 0.20000000
v -10.52070309 -6.13471256 0.20000000
v -10.49729234 -6.13873999 0.20000000
v -10.47394033 -6.14191330 0.20000000
v -10.45059843 -6.14417783 0.20000000
v -10.42722004 -6.14546575 0.20000000
v -10.40376424 -6.14569418 0.20000000
v -10.38020097 -6.14476397 0.20000000
v -10.35651774 -6.14255972 0.20000000
v -10.33272799 -6.13895181 0.20000000
v -10.30888042 -6.13380151 0.20000000
v -10.28506793 -6.12697018 0.20000000
v -10.26143431 -6.11833280 0.20000000
v -10.23817569 -6.10779538 0.20000000
v -10.21553405 -6.09531373 0.20000000
v -10.19378148 -6.08090962 0.20000000
v -10.17319588 -6.06467967 0.20000000
v -10.15403239 -6.04679283 0.20000000
v -10.13649671 -6.02747567 0.20000000
v -10.12072645 -6.00698825 0.20000000
v -10.10678441 -5.98559619 0.20000000
v -10.09466358 -5.96354539 0.20000000
v -10.08430079 -5.94104396 0.20000000
v -10.07559429 -5.91825297 0.20000000
v -10.06842112 -5.89528529 0.20000000
v -10.06265152 -5.87221006 0.20000000
v -10.05815943 -5.84906024 0.20000000
v -10.05482887 -5.82584098 0.20000000
v -10.05255729 -5.80253760 0.20000000
v -10.05125657 -5.77912221 0.20000000
v -10.05085258 -5.75555904 0.20000000
v -10.05128394 -5.73180830 0.20000000
v -10.05243338 -5.70915070 0.20000000
v -10.13667977 -4.43436979 0.20000000
v -10.13698211 -4.42542593 0.20000000
v -10.13684810 -4.42177825 0.20000000
v -10.13672605 -4.42073110 0.20000000
v -10.13702862 -4.42218852 0.20000000
v -10.13817832 -4.42586828 0.20000000
v -10.14052171 -4.43126226 0.20000000
v -10.14421527 -4.43765009 0.20000000
v -10.14912324 -4.44419271 0.20000000
v -10.15478560 -4.45009456 0.20000000
v -10.16049169 -4.45477294 0.20000000
v -10.16543547 -4.45795815 0.20000000
v -10.16888074 -4.45968805 0.20000000
v -10.17027000 -4.46022243 0.20000000
v -10.16925639 -4.45993257 0.20000000
v -10.16567845 -4.45921017 0.20000000
v -10.15680351 -4.45806149 0.20000000
v -2.32501703 -3.69983194 0.20000000
v -2.29309623 -3.69622975 0.20000000
v -2.26040186 -3.69143657 0.20000000
v -2.22830386 -3.68556826 0.20000000
v -2.19680130 -3.67858147 0.20000000
v -2.16589998 -3.67042946 0.20000000
v -2.13561414 -3.66106291 0.20000000
v -2.10596824 -3.65043145 0.20000000
v -2.07699856 -3.63848558 0.20000000
v -2.04875449 -3.62517936 0.20000000
v -2.02129928 -3.61047367 0.20000000
v -1.99470970 -3.59433984 0.20000000
v -1.96907466 -3.57676342 0.20000000
v -1.94449235 -3.55774761 0.20000000
v -1.92106608 -3.53731586 0.20000000
v -1.89889904 -3.51551306 0.20000000
v -1.87808841 -3.49240493 0.20000000
v -1.85871966 -3.46807553 0.20000000
v -1.84086165 -3.44262300 0.20000000
v -1.82456321 -3.41615402 0.20000000
v -1.80985163 -3.38877774 0.20000000
v -1.79673304 -3.36059993 0.20000000
v -1.78519446 -3.33171798 0.20000000
v -1.77520698 -3.30221720 0.20000000
v -1.76672971 -3.27216860 0.20000000
v -1.75971364 -3.24162811 0.20000000
v -1.75410533 -3.21063691 0.20000000
v -1.74985000 -3.17922265 0.20000000
v -1.74689392 -3.14740114 0.20000000
v -1.74518613 -3.11517832 0.20000000
v -1.74467953 -3.08255222 0.20000000
v -1.74533155 -3.04951480 0.20000000
v -1.74703104 -3.01743638 0.20000000
v -1.99723287 0.61409878 0.20000000
v -1.99846376 0.63733831 0.20000000
v -1.99886963 0.65799636 0.20000000
v -1.99856306 0.67744100 0.20000000
v -1.99758864 0.69566201 0.20000000
v -1.99599605 0.71265528 0.20000000
v -1.99383951 0.72842497 0.20000000
v -1.99117666 0.74298561 0.20000000
v -1.98806678 0.75636444 0.20000000
v -1.98456821 0.76860340 0.20000000
v -1.98073494 0.77976070 0.20000000
v -1.97661251 0.78991136 0.20000000
v -1.97223351 0.79914654 0.20000000
v -1.96761310 0.80757115 0.20000000
v -1.96274519 0.81529976 0.20000000
v -1.95760001 0.82245093 0.20000000
v -1.95212364 0.82914051 0.20000000
v -1.94623972 0.83547460 0.20000000
v -1.93985351 0.84154324 0.20000000
v -1.93285757 0.84741561 0.20000000
v -1.92513846 0.85313728 0.20000000
v -1.91658350 0.85872985 0.20000000
v -1.90708670 0.86419256 0.20000000
v -1.89655332 0.86950549 0.20000000
v -1.88490284 0.87463370 0.20000000
v -1.87207027 0.87953162 0.20000000
v -1.85800614 0.88414715 0.20000000
v -1.84267540 0.88842524 0.20000000
v -1.82605582 0.89231077 0.20000000
v -1.80813594 0.89575058 0.20000000
v -1.78891305 0.89869490 0.20000000
v -1.76839126 0.90109817 0.20000000
v -1.74519986 0.90303461 0.20000000
v 12.98036707 1.89753214 0.20000000
v 13.02154890 1.90097036 0.20000000
v 13.06317058 1.90584695 0.20000000
v 13.10386822 1.91209099 0.20000000
v 13.14364976 1.91975210 0.20000000
v 13.18251608 1.92888526 0.20000000
v 13.22045874 1.93955008 0.20000000
v 13.25745740 1.95180938 0.20000000
v 13.29347726 1.96572693 0.20000000
v 13.32846670 1.98136424 0.20000000
v 13.36235563 1.99877627 0.20000000
v 13.39505502 2.01800632 0.20000000
v 13.42645813 2.03908050 0.20000000
v 13.45644380 2.06200224 0.20000000
v 13.48488205 2.08674799 0.20000000
v 13.51164151 2.11326487 0.20000000
v 13.53659803 2.14147100 0.20000000
v 13.55964331 2.17125908 0.20000000
v 13.58069215 2.20250263 0.20000000
v 13.59968734 2.23506441 0.20000000
v 13.61660145 2.26880547 0.20000000
v 13.63143567 2.30359372 0.20000000
v 13.64421600 2.33931078 0.20000000
v 13.65498802 2.37585666 0.20000000
v 13.66381093 2.41315200 0.20000000
v 13.67075181 2.45113822 0.20000000
v 13.67588074 2.48977610 0.20000000
v 13.67926686 2.52904337 0.20000000
v 13.68097569 2.56893178 0.20000000
v 13.68106736 2.60944418 0.20000000
v 13.67959572 2.65059173 0.20000000
v 13.67660804 2.69239147 0.20000000
v 13.67228954 2.73349031 0.20000000
v 13.30909182 5.73160652 0.20000000
v 13.30597995 5.75427499 0.20000000
v 13.30191458 5.77799349 0.20000000
v 13.29704012 5.80140139 0.20000000
v 13.29130788 5.82450279 0.20000000
v 13.28466460 5.84729458 0.20000000
v 13.27705326 5.86976426 0.20000000
v 13.26841467 5.89188764 0.20000000
v 13.25868976 5.91362657 0.20000000
v 13.24782285 5.93492700 0.20000000
v 13.23576572 5.95571771 0.20000000
v 13.22248244 5.97591029 0.20000000
v 13.20795447 5.99540065 0.20000000
v 13.19218548 6.01407252 0.20000000
v 13.17520499 6.03180285 0.20000000
v 13.15707019 6.04846893 0.20000000
v 13.13786500 6.06395627 0.20000000
v 13.11769653 6.07816647 0.20000000
v 13.09668883 6.09102360 0.20000000
v 13.07497502 6.10247840 0.20000000
v 13.05268883 6.11250962 0.20000000
v 13.02995667 6.12112268 0.20000000
v 13.00689134 6.12834600 0.20000000
v 12.98358783 6.13422602 0.20000000
v 12.96012128 6.13882157 0.20000000
v 12.93654691 6.14219859 0.20000000
v 12.91290140 6.14442546 0.20000000
v 12.88920519 6.14556947 0.20000000
v 12.86546529 6.14569418 0.20000000
v 12.84167803 6.14485783 0.20000000
v 12.81783177 6.14311251 0.20000000
v 12.79390919 6.14050389 0.20000000
v 12.77125824 6.13726701 0.20000000
v -10.43678027 2.44405388 0.20000000
v -10.51432763 2.43081679 0.20000000
v -10.59194287 2.41573758 0.20000000
v -10.66863123 2.39898106 0.20000000
v -10.74438660 2.38054351 0.20000000
v -10.81920229 2.36042159 0.20000000
v -10.89307111 2.33861247 0.20000000
v -10.96598535 2.31511383 0.20000000
v -11.03793685 2.28992393 0.20000000
v -11.10891707 2.26304170 0.20000000
v -11.17891715 2.23446676 0.20000000
v -11.24792797 2.20419944 0.20000000
v -11.31594028 2.17224087 0.20000000
v -11.38294474 2.13859292 0.20000000
v -11.44893205 2.10325827 0.20000000
v -11.51389304 2.06624037 0.20000000
v -11.57781877 2.02754341 0.20000000
v -11.64070062 1.98717230 0.20000000
v -11.70253039 1.94513262 0.20000000
v -11.76330038 1.90143055 0.20000000
v -11.82300345 1.85607280 0.20000000
v -11.88163312 1.80906656 0.20000000
v -11.93918358 1.76041938 0.20000000
v -11.99564976 1.71013908 0.20000000
v -12.05102734 1.65823368 0.20000000
v -12.10531277 1.60471133 0.20000000
v -12.15850324 1.54958016 0.20000000
v -12.21059673 1.49284826 0.20000000
v -12.26159192 1.43452357 0.20000000
v -12.31148821 1.37461380 0.20000000
v -12.36028564 1.31312643 0.20000000
v -12.40798485 1.25006857 0.20000000
v -12.45400006 1.18626094 0.20000000
v -12.92228780 0.52125261 0.20000000
v -12.98246127 0.43373368 0.20000000
v -13.04071482 0.34474136 0.20000000
v -13.09647559 0.25510035 0.20000000
v -13.14973675 0.16481243 0.20000000
v -13.20049138 0.07388007 0.20000000
v -13.24873253 -0.01769357 0.20000000
v -13.29445329 -0.10990463 0.20000000
v -13.33764686 -0.20274851 0.20000000
v -13.37830663 -0.29621991 0.20000000
v -13.41642627 -0.39031285 0.20000000
v -13.45199977 -0.48502066 0.20000000
v -13.48502157 -0.58033604 0.20000000
v -13.51548663 -0.67625112 0.20000000
v -13.54339043 -0.77275754 0.20000000
v -13.56872913 -0.86984646 0.20000000
v -13.59149953 -0.96750873 0.20000000
v -13.61169918 -1.06573492 0.20000000
v -13.62932637 -1.16451544 0.20000000
v -13.64438015 -1.26384063 0.20000000
v -13.65686034 -1.36370087 0.20000000
v -13.66676751 -1.46408667 0.20000000
v -13.67410296 -1.56498877 0.20000000
v -13.67886869 -1.66639822 0.20000000
v -13.68106736 -1.76830644 0.20000000
v -13.68070221 -1.87070536 0.20000000
v -13.67777703 -1.97358737 0.20000000
v -13.67229607 -2.07694549 0.20000000
v -13.66426399 -2.18077329 0.20000000
v -13.65368579 -2.28506500 0.20000000
v -13.64056670 -2.38981549 0.20000000
v -13.62491218 -2.49502026 0.20000000
v -13.60689732 -2.59969057 0.20000000
v -13.30657392 -4.23478464 0.20000000
v -13.29081420 -4.31408474 0.20000000
v -13.27267622 -4.39294511 0.20000000
v -13.25239321 -4.47009892 0.20000000
v -13.22994849 -4.54553515 0.20000000
v -13.20532591 -4.61923984 0.20000000
v -13.17851033 -4.69119590 0.20000000
v -13.14948816 -4.76138310 0.20000000
v -13.11824792 -4.82977801 0.20000000
v -13.08478078 -4.89635427 0.20000000
v -13.04908120 -4.96108276 0.20000000
v -13.01114739 -5.02393217 0.20000000
v -12.97098180 -5.08486949 0.20000000
v -12.92859138 -5.14386078 0.20000000
v -12.88398781 -5.20087198 0.20000000
v -12.83718738 -5.25586981 0.20000000
v -12.78821086 -5.30882263 0.20000000
v -12.73708300 -5.35970134 0.20000000
v -12.68383200 -5.40848013 0.20000000
v -12.62848868 -5.45513712 0.20000000
v -12.57108574 -5.49965476 0.20000000
v -12.51165676 -5.54202019 0.20000000
v -12.45023543 -5.58222518 0.20000000
v -12.38685462 -5.62026610 0.20000000
v -12.32154572 -5.65614359 0.20000000
v -12.25433800 -5.68986212 0.20000000
v -12.18525815 -5.72142955 0.20000000
v -12.11432998 -5.75085650 0.20000000
v -12.04157422 -5.77815581 0.20000000
v -11.96700850 -5.80334199 0.20000000
v -11.89064736 -5.82643065 0.20000000
v -11.81250241 -5.84743808 0.20000000
v -11.73383113 -5.86608490 0.20000000
v -10.46768469 -5.77808063 0.00000000
v -10.45389689 -5.78091711 0.00000000
v -10.44252015 -5.78287429 0.00000000
v -10.43230633 -5.78426225 0.00000000
v -10.42330408 -5.78513561 0.00000000
v -10.41555999 -5.78556224 0.00000000
v -10.40911497 -5.78562500 0.00000000
v -10.40399910 -5.78542304 0.00000000
v -10.40022487 -5.78507177 0.00000000
v -10.39777881 -5.78470080 0.00000000
v -10.39661227 -5.78444886 0.00000000
v -10.39663230 -5.78445461 0.00000000
v -10.39769513 -5.78484304 0.00000000
v -10.39960465 -5.78570816 0.00000000
v -10.40211885 -5.78709416 0.00000000
v -10.40496565 -5.78897926 0.00000000
v -10.40786716 -5.79126684 0.00000000
v -10.41056822 -5.79378796 0.00000000
v -10.41286315 -5.79631604 0.00000000
v -10.41461433 -5.79859102 0.00000000
v -10.41575896 -5.80034730 0.00000000
v -10.41630405 -5.80133895 0.00000000
v -10.41631277 -5.80135788 0.00000000
v -10.41588687 -5.80024302 0.00000000
v -10.41514933 -5.79788149 0.00000000
v -10.41422987 -5.79420415 0.00000000
v -10.41325458 -5.78917805 0.00000000
v -10.41233943 -5.78279802 0.00000000
v -10.41158697 -5.77507878 0.00000000
v -10.41108533 -5.76604818 0.00000000
v -10.41090863 -5.75574200 0.00000000
v -10.41111825 -5.74420004 0.00000000
v -10.41183145 -5.73014158 0.00000000
v -10.49627843 -4.45232539 0.00000000
v -10.49720557 -4.42489818 0.00000000
v -10.49608104 -4.39428810 0.00000000
v -10.49245653 -4.36319084 0.00000000
v -10.48591938 -4.33170232 0.00000000
v -10.47604708 -4.30010478 0.00000000
v -10.46249307 -4.26890635 0.00000000
v -10.44510088 -4.23882740 0.00000000
v -10.42400625 -4.21070697 0.00000000
v -10.39966921 -4.18534065 0.00000000
v -10.37280043 -4.16331111 0.00000000
v -10.34420594 -4.14488807 0.00000000
v -10.31462194 -4.13003366 0.00000000
v -10.28460592 -4.11848810 0.00000000
v -10.25450477 -4.10988011 0.00000000
v -10.22447992 -4.10381797 0.00000000
v -10.19726405 -4.10029544 0.00000000
v -2.36254933 -3.34178240 0.00000000
v -2.33940336 -3.33917043 0.00000000
v -2.31890189 -3.33616480 0.00000000
v -2.29967497 -3.33264964 0.00000000
v -2.28172353 -3.32866828 0.00000000
v -2.26504178 -3.32426750 0.00000000
v -2.24961545 -3.31949658 0.00000000
v -2.23542012 -3.31440592 0.00000000
v -2.22241949 -3.30904501 0.00000000
v -2.21056416 -3.30345978 0.00000000
v -2.19979091 -3.29768936 0.00000000
v -2.19002293 -3.29176242 0.00000000
v -2.18117134 -3.28569341 0.00000000
v -2.17313795 -3.27947913 0.00000000
v -2.16581943 -3.27309612 0.00000000
v -2.15911261 -3.26649950 0.00000000
v -2.15292029 -3.25962355 0.00000000
v -2.14715702 -3.25238420 0.00000000
v -2.14175393 -3.24468333 0.00000000
v -2.13666219 -3.23641425 0.00000000
v -2.13185451 -3.22746780 0.00000000
v -2.12732476 -3.21773821 0.00000000
v -2.12308593 -3.20712811 0.00000000
v -2.11916691 -3.19555218 0.00000000
v -2.11560861 -3.18293941 0.00000000
v -2.11246003 -3.16923386 0.00000000
v -2.10977461 -3.15439436 0.00000000
v -2.10760712 -3.13839326 0.00000000
v -2.10601131 -3.12121474 0.00000000
v -2.10503814 -3.10285288 0.00000000
v -2.10473469 -3.08330963 0.00000000
v -2.10514355 -3.06259304 0.00000000
v -2.10637585 -3.03933278 0.00000000
v -2.35657785 0.59220479 0.00000000
v -2.35827665 0.62427846 0.00000000
v -2.35892538 0.65729798 0.00000000
v -2.35841144 0.68989528 0.00000000
v -2.35669024 0.72208062 0.00000000
v -2.35371210 0.75385806 0.00000000
v -2.34942280 0.78522347 0.00000000
v -2.34376471 0.81616230 0.00000000
v -2.33667854 0.84664733 0.00000000
v -2.32810595 0.87663661 0.00000000
v -2.31799296 0.90607193 0.00000000
v -2.30629401 0.93487826 0.00000000
v -2.29297653 0.96296446 0.00000000
v -2.27802535 0.99022561 0.00000000
v -2.26144656 1.01654715 0.00000000
v -2.24326993 1.04181049 0.00000000
v -2.22354939 1.06589982 0.00000000
v -2.20236128 1.08870901 0.00000000
v -2.17980036 1.11014803 0.00000000
v -2.15597407 1.13014771 0.00000000
v -2.13099583 1.14866246 0.00000000
v -2.10497834 1.16567069 0.00000000
v -2.07802758 1.18117317 0.00000000
v -2.05023829 1.19518981 0.00000000
v -2.02169100 1.20775554 0.00000000
v -1.99245068 1.21891595 0.00000000
v -1.96256683 1.22872313 0.00000000
v -1.93207447 1.23723213 0.00000000
v -1.90099584 1.24449807 0.00000000
v -1.86934240 1.25057411 0.00000000
v -1.83711687 1.25551002 0.00000000
v -1.80431513 1.25935136 0.00000000
v -1.77230789 1.26202391 0.00000000
v 12.95326073 2.25652155 0.00000000
v 12.98561668 2.25922292 0.00000000
v 13.01491185 2.26265527 0.00000000
v 13.04251010 2.26688953 0.00000000
v 13.06840351 2.27187608 0.00000000
v 13.09259120 2.27755992 0.00000000
v 13.11508160 2.28388146 0.00000000
v 13.13589506 2.29077788 0.00000000
v 13.15506637 2.29818540 0.00000000
v 13.17264716 2.30604252 0.00000000
v 13.18870752 2.31429428 0.00000000
v 13.20333647 2.32289736 0.00000000
v 13.21664076 2.33182568 0.00000000
v 13.22874154 2.34107579 0.00000000
v 13.23976879 2.35067124 0.00000000
v 13.24985390 2.36066493 0.00000000
v 13.25912100 2.37113870 0.00000000
v 13.26767840 2.38219990 0.00000000
v 13.27561129 2.39397498 0.00000000
v 13.28297689 2.40660118 0.00000000
v 13.28980261 2.42021745 0.00000000
v 13.29608730 2.43495590 0.00000000
v 13.30180492 2.45093488 0.00000000
v 13.30690991 2.46825440 0.00000000
v 13.31134307 2.48699381 0.00000000
v 13.31503730 2.50721171 0.00000000
v 13.31792256 2.52894729 0.00000000
v 13.31992967 2.55222285 0.00000000
v 13.32099313 2.57704662 0.00000000
v 13.32105280 2.60341575 0.00000000
v 13.32005484 2.63131909 0.00000000
v 13.31795197 2.66073959 0.00000000
v 13.31455899 2.69303034 0.00000000
v 12.95204821 5.68547600 0.00000000
v 12.95014078 5.69937073 0.00000000
v 12.94817022 5.71086755 0.00000000
v 12.94599212 5.72132711 0.00000000
v 12.94365515 5.73074528 0.00000000
v 12.94121260 5.73912519 0.00000000
v 12.93872147 5.74647933 0.00000000
v 12.93624096 5.75283190 0.00000000
v 12.93383014 5.75822103 0.00000000
v 12.93154468 5.76270080 0.00000000
v 12.92943280 5.76634241 0.00000000
v 12.92753045 5.76923427 0.00000000
v 12.92585614 5.77148048 0.00000000
v 12.92440623 5.77319730 0.00000000
v 12.92315117 5.77450778 0.00000000
v 12.92203381 5.77553465 0.00000000
v 12.92097019 5.77639237 0.00000000
v 12.91985322 5.77717936 0.00000000
v 12.91855884 5.77797154 0.00000000
v 12.91695394 5.77881819 0.00000000
v 12.91490479 5.77974053 0.00000000
v 12.91228498 5.78073316 0.00000000
v 12.90898169 5.78176764 0.00000000
v 12.90489995 5.78279756 0.00000000
v 12.89996462 5.78376407 0.00000000
v 12.89412048 5.78460124 0.00000000
v 12.88733084 5.78524067 0.00000000
v 12.87957527 5.78561509 0.00000000
v 12.87084676 5.78566094 0.00000000
v 12.86114897 5.78531997 0.00000000
v 12.85049354 5.78454010 0.00000000
v 12.83889780 5.78327565 0.00000000
v 12.82501380 5.78129159 0.00000000
v -10.37820269 2.08884581 0.00000000
v -10.44970306 2.07664092 0.00000000
v -10.51918053 2.06314274 0.00000000
v -10.58762987 2.04818645 0.00000000
v -10.65505718 2.03177580 0.00000000
v -10.72146915 2.01391410 0.00000000
v -10.78687299 1.99460419 0.00000000
v -10.85127639 1.97384840 0.00000000
v -10.91468751 1.95164845 0.00000000
v -10.97711490 1.92800542 0.00000000
v -11.03856742 1.90291970 0.00000000
v -11.09905417 1.87639094 0.00000000
v -11.15858442 1.84841803 0.00000000
v -11.21716751 1.81899909 0.00000000
v -11.27481273 1.78813143 0.00000000
v -11.33152926 1.75581162 0.00000000
v -11.38732603 1.72203547 0.00000000
v -11.44221166 1.68679805 0.00000000
v -11.49619436 1.65009380 0.00000000
v -11.54928183 1.61191652 0.00000000
v -11.60148120 1.57225951 0.00000000
v -11.65279896 1.53111558 0.00000000
v -11.70324091 1.48847720 0.00000000
v -11.75281212 1.44433652 0.00000000
v -11.80151692 1.39868552 0.00000000
v -11.84935886 1.35151607 0.00000000
v -11.89634074 1.30282003 0.00000000
v -11.94246458 1.25258931 0.00000000
v -11.98773171 1.20081598 0.00000000
v -12.03214272 1.14749230 0.00000000
v -12.07569759 1.09261083 0.00000000
v -12.11839565 1.03616444 0.00000000
v -12.16082269 0.97733240 0.00000000
v -12.62678237 0.31563012 0.00000000
v -12.68349531 0.23314432 0.00000000
v -12.73722880 0.15105719 0.00000000
v -12.78855571 0.06854403 0.00000000
v -12.83748288 -0.01439694 0.00000000
v -12.88401722 -0.09776820 0.00000000
v -12.92816568 -0.18157290 0.00000000
v -12.96993518 -0.26581491 0.00000000
v -13.00933250 -0.35049881 0.00000000
v -13.04636426 -0.43562991 0.00000000
v -13.08103681 -0.52121420 0.00000000
v -13.11335612 -0.60725835 0.00000000
v -13.14332777 -0.69376965 0.00000000
v -13.17095682 -0.78075596 0.00000000
v -13.19624776 -0.86822567 0.00000000
v -13.21920445 -0.95618758 0.00000000
v -13.23983007 -1.04465088 0.00000000
v -13.25812708 -1.13362497 0.00000000
v -13.27409720 -1.22311947 0.00000000
v -13.28774137 -1.31314401 0.00000000
v -13.29905977 -1.40370822 0.00000000
v -13.30805183 -1.49482159 0.00000000
v -13.31471625 -1.58649339 0.00000000
v -13.31905103 -1.67873257 0.00000000
v -13.32105351 -1.77154768 0.00000000
v -13.32072046 -1.86494684 0.00000000
v -13.31804808 -1.95893761 0.00000000
v -13.31303211 -2.05352701 0.00000000
v -13.30566791 -2.14872144 0.00000000
v -13.29595048 -2.24452669 0.00000000
v -13.28387456 -2.34094788 0.00000000
v -13.26943472 -2.43798950 0.00000000
v -13.25245588 -2.53664031 0.00000000
v -12.95296943 -4.16717765 0.00000000
v -12.93876836 -4.23863494 0.00000000
v -12.92308746 -4.30681235 0.00000000
v -12.90569348 -4.37297671 0.00000000
v -12.88660311 -4.43713904 0.00000000
v -12.86583251 -4.49931330 0.00000000
v -12.84339679 -4.55951657 0.00000000
v -12.81930957 -4.61776911 0.00000000
v -12.79358232 -4.67409431 0.00000000
v -12.76622386 -4.72851856 0.00000000
v -12.73723974 -4.78107095 0.00000000
v -12.70663174 -4.83178283 0.00000000
v -12.67439743 -4.88068718 0.00000000
v -12.64052984 -4.92781795 0.00000000
v -12.60501731 -4.97320920 0.00000000
v -12.56784352 -5.01689421 0.00000000
v -12.52898773 -5.05890462 0.00000000
v -12.48842517 -5.09926953 0.00000000
v -12.44612766 -5.13801474 0.00000000
v -12.40206435 -5.17516215 0.00000000
v -12.35620258 -5.21072929 0.00000000
v -12.30850873 -5.24472904 0.00000000
v -12.25894914 -5.27716961 0.00000000
v -12.20749092 -5.30805464 0.00000000
v -12.15410269 -5.33738349 0.00000000
v -12.09875518 -5.36515168 0.00000000
v -12.04142170 -5.39135137 0.00000000
v -11.98207843 -5.41597193 0.00000000
v -11.92070465 -5.43900052 0.00000000
v -11.85728273 -5.46042263 0.00000000
v -11.79179813 -5.48022264 0.00000000
v -11.72423923 -5.49838427 0.00000000
v -11.65334857 -5.51518691 0.00000000
v -10.54292446 -6.13014108 0.00000000
v -10.52070309 -6.13471256 0.00000000
v -10.49729234 -6.13873999 0.00000000
v -10.47394033 -6.14191330 0.00000000
v -10.45059843 -6.14417783 0.00000000
v -10.42722004 -6.14546575 0.00000000
v -10.40376424 -6.14569418 0.00000000
v -10.38020097 -6.14476397 0.00000000
v -10.35651774 -6.14255972 0.00000000
v -10.33272799 -6.13895181 0.00000000
v -10.30888042 -6.13380151 0.00000000
v -10.28506793 -6.12697018 0.00000000
v -10.26143431 -6.11833280 0.00000000
v -10.23817569 -6.10779538 0.00000000
v -10.21553405 -6.09531373 0.00000000
v -10.19378148 -6.08090962 0.00000000
v -10.17319588 -6.06467967 0.00000000
v -10.15403239 -6.04679283 0.00000000
v -10.13649671 -6.02747567 0.00000000
v -10.12072645 -6.00698825 0.00000000
v -10.10678441 -5.98559619 0.00000000
v -10.09466358 -5.96354539 0.00000000
v -10.08430079 -5.94104396 0.00000000
v -10.07559429 -5.91825297 0.00000000
v -10.06842112 -5.89528529 0.00000000
v -10.06265152 -5.87221006 0.00000000
v -10.05815943 -5.84906024 0.00000000
v -10.05482887 -5.82584098 0.00000000
v -10.05255729 -5.80253760 0.00000000
v -10.05125657 -5.77912221 0.00000000
v -10.05085258 -5.75555904 0.00000000
v -10.05128394 -5.73180830 0.00000000
v -10.05243338 -5.70915070 0.00000000
v -10.13667977 -4.43436979 0.00000000
v -10.13698211 -4.42542593 0.00000000
v -10.13684810 -4.42177825 0.00000000
v -10.13672605 -4.42073110 0.00000000
v -10.13702862 -4.42218852 0.00000000
v -10.13817832 -4.42586828 0.00000000
v -10.14052171 -4.43126226 0.00000000
v -10.14421527 -4.43765009 0.00000000
v -10.14912324 -4.44419271 0.00000000
v -10.15478560 -4.45009456 0.00000000
v -10.16049169 -4.45477294 0.00000000
v -10.16543547 -4.45795815 0.00000000
v -10.16888074 -4.45968805 0.00000000
v -10.17027000 -4.46022243 0.00000000
v -10.16925639 -4.45993257 0.00000000
v -10.16567845 -4.45921017 0.00000000
v -10.15680351 -4.45806149 0.00000000
v -2.32501703 -3.69983194 0.00000000
v -2.29309623 -3.69622975 0.00000000
v -2.26040186 -3.69143657 0.00000000
v -2.22830386 -3.68556826 0.00000000
v -2.19680130 -3.67858147 0.00000000
v -2.16589998 -3.67042946 0.00000000
v -2.13561414 -3.66106291 0.00000000
v -2.10596824 -3.65043145 0.00000000
v -2.07699856 -3.63848558 0.00000000
v -2.04875449 -3.62517936 0.00000000
v -2.02129928 -3.61047367 0.00000000
v -1.99470970 -3.59433984 0.00000000
v -1.96907466 -3.57676342 0.00000000
v -1.94449235 -3.55774761 0.00000000
v -1.92106608 -3.53731586 0.00000000
v -1.89889904 -3.51551306 0.00000000
v -1.87808841 -3.49240493 0.00000000
v -1.85871966 -3.46807553 0.00000000
v -1.84086165 -3.44262300 0.00000000
v -1.82456321 -3.41615402 0.00000000
v -1.80985163 -3.38877774 0.00000000
v -1.79673304 -3.36059993 0.00000000
v -1.78519446 -3.33171798 0.00000000
v -1.77520698 -3.30221720 0.00000000
v -1.76672971 -3.27216860 0.00000000
v -1.75971364 -3.24162811 0.00000000
v -1.75410533 -3.21063691 0.00000000
v -1.74985000 -3.17922265 0.00000000
v -1.74689392 -3.14740114 0.00000000
v -1.74518613 -3.11517832 0.00000000
v -1.74467953 -3.08255222 0.00000000
v -1.74533155 -3.04951480 0.00000000
v -1.74703104 -3.01743638 0.00000000
v -1.99723287 0.61409878 0.00000000
v -1.99846376 0.63733831 0.00000000
v -1.99886963 0.65799636 0.00000000
v -1.99856306 0.67744100 0.00000000
v -1.99758864 0.69566201 0.00000000
v -1.99599605 0.71265528 0.00000000
v -1.99383951 0.72842497 0.00000000
v -1.99117666 0.74298561 0.00000000
v -1.98806678 0.75636444 0.00000000
v -1.98456821 0.76860340 0.00000000
v -1.98073494 0.77976070 0.00000000
v -1.97661251 0.78991136 0.00000000
v -1.97223351 0.79914654 0.00000000
v -1.96761310 0.80757115 0.00000000
v -1.96274519 0.81529976 0.00000000
v -1.95760001 0.82245093 0.00000000
v -1.95212364 0.82914051 0.00000000
v -1.94623972 0.83547460 0.00000000
v -1.93985351 0.84154324 0.00000000
v -1.93285757 0.84741561 0.00000000
v -1.92513846 0.85313728 0.00000000
v -1.91658350 0.85872985 0.00000000
v -1.90708670 0.86419256 0.00000000
v -1.89655332 0.86950549 0.00000000
v -1.88490284 0.87463370 0.00000000
v -1.87207027 0.87953162 0.00000000
v -1.85800614 0.88414715 0.00000000
v -1.84267540 0.88842524 0.00000000
v -1.82605582 0.89231077 0.00000000
v -1.80813594 0.89575058 0.00000000
v -1.78891305 0.89869490 0.00000000
v -1.76839126 0.90109817 0.00000000
v -1.74519986 0.90303461 0.00000000
v 12.98036707 1.89753214 0.00000000
v 13.02154890 1.90097036 0.00000000
v 13.06317058 1.90584695 0.00000000
v 13.10386822 1.91209099 0.00000000
v 13.14364976 1.91975210 0.00000000
v 13.18251608 1.92888526 0.00000000
v 13.22045874 1.93955008 0.00000000
v 13.25745740 1.95180938 0.00000000
v 13.29347726 1.96572693 0.00000000
v 13.32846670 1.98136424 0.00000000
v 13.36235563 1.99877627 0.00000000
v 13.39505502 2.01800632 0.00000000
v 13.42645813 2.03908050 0.00000000
v 13.45644380 2.06200224 0.00000000
v 13.48488205 2.08674799 0.00000000
v 13.51164151 2.11326487 0.00000000
v 13.53659803 2.14147100 0.00000000
v 13.55964331 2.17125908 0.00000000
v 13.58069215 2.20250263 0.00000000
v 13.59968734 2.23506441 0.00000000
v 13.61660145 2.26880547 0.00000000
v 13.63143567 2.30359372 0.00000000
v 13.64421600 2.33931078 0.00000000
v 13.65498802 2.37585666 0.00000000
v 13.66381093 2.41315200 0.00000000
v 13.67075181 2.45113822 0.00000000
v 13.67588074 2.48977610 0.00000000
v 13.67926686 2.52904337 0.00000000
v 13.68097569 2.56893178 0.00000000
v 13.68106736 2.60944418 0.00000000
v 13.67959572 2.65059173 0.00000000
v 13.67660804 2.69239147 0.00000000
v 13.67228954 2.73349031 0.00000000
v 13.30909182 5.73160652 0.00000000
v 13.30597995 5.75427499 0.00000000
v 13.30191458 5.77799349 0.00000000
v 13.29704012 5.80140139 0.00000000
v 13.29130788 5.82450279 0.00000000
v 13.28466460 5.84729458 0.00000000
v 13.27705326 5.86976426 0.00000000
v 13.26841467 5.89188764 0.00000000
v 13.25868976 5.91362657 0.00000000
v 13.24782285 5.93492700 0.00000000
v 13.23576572 5.95571771 0.00000000
v 13.22248244 5.97591029 0.00000000
v 13.20795447 5.99540065 0.00000000
v 13.19218548 6.01407252 0.00000000
v 13.17520499 6.03180285 0.00000000
v 13.15707019 6.04846893 0.00000000
v 13.13786500 6.06395627 0.00000000
v 13.11769653 6.07816647 0.00000000
v 13.09668883 6.09102360 0.00000000
v 13.07497502 6.10247840 0.00000000
v 13.05268883 6.11250962 0.00000000
v 13.02995667 6.12112268 0.00000000
v 13.00689134 6.12834600 0.00000000
v 12.98358783 6.13422602 0.00000000
v 12.96012128 6.13882157 0.00000000
v 12.93654691 6.14219859 0.00000000
v 12.91290140 6.14442546 0.00000000
v 12.88920519 6.14556947 0.00000000
v 12.86546529 6.14569418 0.00000000
v 12.84167803 6.14485783 0.00000000
v 12.81783177 6.14311251 0.00000000
v 12.79390919 6.14050389 0.00000000
v 12.77125824 6.13726701 0.00000000
v -10.43678027 2.44405388 0.00000000
v -10.51432763 2.43081679 0.00000000
v -10.59194287 2.41573758 0.00000000
v -10.66863123 2.39898106 0.00000000
v -10.74438660 2.38054351 0.00000000
v -10.81920229 2.36042159 0.00000000
v -10.89307111 2.33861247 0.00000000
v -10.96598535 2.31511383 0.00000000
v -11.03793685 2.28992393 0.00000000
v -11.10891707 2.26304170 0.00000000
v -11.17891715 2.23446676 0.00000000
v -11.24792797 2.20419944 0.00000000
v -11.31594028 2.17224087 0.00000000
v -11.38294474 2.13859292 0.00000000
v -11.44893205 2.10325827 0.00000000
v -11.51389304 2.06624037 0.00000000
v -11.57781877 2.02754341 0.00000000
v -11.64070062 1.98717230 0.00000000
v -11.70253039 1.94513262 0.00000000
v -11.76330038 1.90143055 0.00000000
v -11.82300345 1.85607280 0.00000000
v -11.88163312 1.80906656 0.00000000
v -11.93918358 1.76041938 0.00000000
v -11.99564976 1.71013908 0.00000000
v -12.05102734 1.65823368 0.00000000
v -12.10531277 1.60471133 0.00000000
v -12.15850324 1.54958016 0.00000000
v -12.21059673 1.49284826 0.00000000
v -12.26159192 1.43452357 0.00000000
v -12.31148821 1.37461380 0.00000000
v -12.36028564 1.31312643 0.00000000
v -12.40798485 1.25006857 0.00000000
v -12.45400006 1.18626094 0.00000000
v -12.92228780 0.52125261 0.00000000
v -12.98246127 0.43373368 0.00000000
v -13.04071482 0.34474136 0.00000000
v -13.09647559 0.25510035 0.00000000
v -13.14973675 0.16481243 0.00000000
v -13.20049138 0.07388007 0.00000000
v -13.24873253 -0.01769357 0.00000000
v -13.29445329 -0.10990463 0.00000000
v -13.33764686 -0.20274851 0.00000000
v -13.37830663 -0.29621991 0.00000000
v -13.41642627 -0.39031285 0.00000000
v -13.45199977 -0.48502066 0.00000000
v -13.48502157 -0.58033604 0.00000000
v -13.51548663 -0.67625112 0.00000000
v -13.54339043 -0.77275754 0.00000000
v -13.56872913 -0.86984646 0.00000000
v -13.59149953 -0.96750873 0.00000000
v -13.61169918 -1.06573492 0.00000000
v -13.62932637 -1.16451544 0.00000000
v -13.64438015 -1.26384063 0.00000000
v -13.65686034 -1.36370087 0.00000000
v -13.66676751 -1.46408667 0.00000000
v -13.67410296 -1.56498877 0.00000000
v -13.67886869 -1.66639822 0.00000000
v -13.68106736 -1.76830644 0.00000000
v -13.68070221 -1.87070536 0.00000000
v -13.67777703 -1.97358737 0.00000000
v -13.67229607 -2.07694549 0.00000000
v -13.66426399 -2.18077329 0.00000000
v -13.65368579 -2.28506500 0.00000000
v -13.64056670 -2.38981549 0.00000000
v -13.62491218 -2.49502026 0.00000000
v -13.60689732 -2.59969057 0.00000000
v -13.30657392 -4.23478464 0.00000000
v -13.29081420 -4.31408474 0.00000000
v -13.27267622 -4.39294511 0.00000000
v -13.25239321 -4.47009892 0.00000000
v -13.22994849 -4.54553515 0.00000000
v -13.20532591 -4.61923984 0.00000000
v -13.17851033 -4.69119590 0.00000000
v -13.14948816 -4.76138310 0.00000000
v -13.11824792 -4.82977801 0.00000000
v -13.08478078 -4.89635427 0.00000000
v -13.04908120 -4.96108276 0.00000000
v -13.01114739 -5.02393217 0.00000000
v -12.97098180 -5.08486949 0.00000000
v -12.92859138 -5.14386078 0.00000000
v -12.88398781 -5.20087198 0.00000000
v -12.83718738 -5.25586981 0.00000000
v -12.78821086 -5.30882263 0.00000000
v -12.73708300 -5.35970134 0.00000000
v -12.68383200 -5.40848013 0.00000000
v -12.62848868 -5.45513712 0.00000000
v -12.57108574 -5.49965476 0.00000000
v -12.51165676 -5.54202019 0.00000000
v -12.45023543 -5.58222518 0.00000000
v -12.38685462 -5.62026610 0.00000000
v -12.32154572 -5.65614359 0.00000000
v -12.25433800 -5.68986212 0.00000000
v -12.18525815 -5.72142955 0.00000000
v -12.11432998 -5.75085650 0.00000000
v -12.04157422 -5.77815581 0.00000000
v -11.96700850 -5.80334199 0.00000000
v -11.89064736 -5.82643065 0.00000000
v -11.81250241 -5.84743808 0.00000000
v -11.73383113 -5.86608490 0.00000000
vt -13.95691292 -7.70410750
vt -13.93852919 -7.70788949
vt -13.92336020 -7.71049906
vt -13.90974178 -7.71234966
vt -13.89773877 -7.71351415
vt -13.88741331 -7.71408298
vt -13.87881996 -7.71416667
vt -13.87199880 -7.71389739
vt -13.86696649 -7.71342902
vt -13.86370509 -7.71293440
vt -13.86214969 -7.71259849
vt -13.86217640 -7.71260615
vt -13.86359351 -7.71312406
vt -13.86613953 -7.71427755
vt -13.86949180 -7.71612555
vt -13.87328754 -7.71863901
vt -13.87715621 -7.72168912
vt -13.88075762 -7.72505061
vt -13.88381753 -7.72842138
vt -13.88615244 -7.73145470
vt -13.88767861 -7.73379640
vt -13.88840540 -7.73511860
vt -13.88841702 -7.73514384
vt -13.88784916 -7.73365736
vt -13.88686577 -7.73050865
vt -13.88563982 -7.72560553
vt -13.88433944 -7.71890406
vt -13.88311925 -7.71039736
vt -13.88211597 -7.70010503
vt -13.88144710 -7.68806424
vt -13.88121150 -7.67432267
vt -13.88149100 -7.65893339
vt -13.88244193 -7.64018877
vt -13.99503791 -5.93643385
vt -13.99627410 -5.89986423
vt -13.99477472 -5.85905081
vt -13.98994203 -5.81758778
vt -13.98122584 -5.77560309
vt -13.96806277 -5.73347304
vt -13.94999076 -5.69187513
vt -13.92680117 -5.65176986
vt -13.89867500 -5.61427596
vt -13.86622561 -5.58045420
vt -13.83040058 -5.55108148
vt -13.79227459 -5.52651743
vt -13.75282925 -5.50671155
vt -13.71280790 -5.49131747
vt -13.67267302 -5.47984014
vt -13.63263989 -5.47175730
vt -13.59635207 -5.46706059
vt -3.15006577 -4.45570986
vt -3.11920448 -4.45222724
vt -3.09186918 -4.44821973
vt -3.06623329 -4.44353285
vt -3.04229805 -4.43822438
vt -3.02005570 -4.43235667
vt -2.99948727 -4.42599544
vt -2.98056016 -4.41920790
vt -2.96322599 -4.41206002
vt -2.94741889 -4.40461304
vt -2.93305454 -4.39691915
vt -2.92003058 -4.38901656
vt -2.90822846 -4.38092455
vt -2.89751727 -4.37263884
vt -2.88775924 -4.36412816
vt -2.87881681 -4.35533267
vt -2.87056039 -4.34616473
vt -2.86287602 -4.33651227
vt -2.85567191 -4.32624444
vt -2.84888292 -4.31521900
vt -2.84247268 -4.30329040
vt -2.83643301 -4.29031762
vt -2.83078124 -4.27617082
vt -2.82555588 -4.26073624
vt -2.82081148 -4.24391921
vt -2.81661337 -4.22564514
vt -2.81303281 -4.20585914
vt -2.81014283 -4.18452434
vt -2.80801508 -4.16161966
vt -2.80671752 -4.13713717
vt -2.80631292 -4.11107950
vt -2.80685806 -4.08345738
vt -2.80850114 -4.05244371
vt -3.14210380 0.78960638
vt -3.14436887 0.83237128
vt -3.14523384 0.87639731
vt -3.14454859 0.91986038
vt -3.14225365 0.96277416
vt -3.13828280 1.00514408
vt -3.13256374 1.04696462
vt -3.12501961 1.08821640
vt -3.11557138 1.12886311
vt -3.10414127 1.16884881
vt -3.09065728 1.20809590
vt -3.07505868 1.24650435
vt -3.05730203 1.28395261
vt -3.03736713 1.32030082
vt -3.01526208 1.35539620
vt -2.99102657 1.38908066
vt -2.96473252 1.42119976
vt -2.93648171 1.45161201
vt -2.90640048 1.48019738
vt -2.87463210 1.50686362
vt -2.84132778 1.53154995
vt -2.80663779 1.55422759
vt -2.77070345 1.57489757
vt -2.73365106 1.59358641
vt -2.69558800 1.61034072
vt -2.65660091 1.62522127
vt -2.61675577 1.63829751
vt -2.57609929 1.64964284
vt -2.53466112 1.65933076
vt -2.49245654 1.66743214
vt -2.44948915 1.67401335
vt -2.40575351 1.67913515
vt -2.36307718 1.68269855
vt 17.27101430 3.00869540
vt 17.31415558 3.01229722
vt 17.35321580 3.01687370
vt 17.39001347 3.02251938
vt 17.42453802 3.02916810
vt 17.45678827 3.03674656
vt 17.48677547 3.04517528
vt 17.51452674 3.05437051
vt 17.54008849 3.06424720
vt 17.56352955 3.07472336
vt 17.58494336 3.08572571
vt 17.60444862 3.09719648
vt 17.62218768 3.10910091
vt 17.63832205 3.12143439
vt 17.65302506 3.13422832
vt 17.66647187 3.14755324
vt 17.67882800 3.16151827
vt 17.69023786 3.17626654
vt 17.70081505 3.19196664
vt 17.71063585 3.20880157
vt 17.71973682 3.22695660
vt 17.72811640 3.24660786
vt 17.73573990 3.26791317
vt 17.74254654 3.29100586
vt 17.74845742 3.31599175
vt 17.75338307 3.34294894
vt 17.75723008 3.37192973
vt 17.75990623 3.40296380
vt 17.76132417 3.43606215
vt 17.76140373 3.47122099
vt 17.76007311 3.50842545
vt 17.75726930 3.54765278
vt 17.75274532 3.59070713
vt 17.26939761 7.58063467
vt 17.26685437 7.59916098
vt 17.26422696 7.61449007
vt 17.26132282 7.62843614
vt 17.25820687 7.64099371
vt 17.25495013 7.65216692
vt 17.25162863 7.66197244
vt 17.24832128 7.67044253
vt 17.24510685 7.67762804
vt 17.24205957 7.68360107
vt 17.23924374 7.68845655
vt 17.23670726 7.69231236
vt 17.23447486 7.69530730
vt 17.23254164 7.69759640
vt 17.23086823 7.69934371
vt 17.22937841 7.70071287
vt 17.22796025 7.70185649
vt 17.22647096 7.70290581
vt 17.22474513 7.70396206
vt 17.22260525 7.70509092
vt 17.21987305 7.70632071
vt 17.21637997 7.70764421
vt 17.21197559 7.70902352
vt 17.20653327 7.71039674
vt 17.19995283 7.71168542
vt 17.19216063 7.71280165
vt 17.18310779 7.71365422
vt 17.17276702 7.71415346
vt 17.16112901 7.71421459
vt 17.14819863 7.71375996
vt 17.13399139 7.71272013
vt 17.11853041 7.71103420
vt 17.10001841 7.70838878
vt -13.83760358 2.78512775
vt -13.93293741 2.76885456
vt -14.02557404 2.75085698
vt -14.11683982 2.73091527
vt -14.20674291 2.70903440
vt -14.29529221 2.68521879
vt -14.38249732 2.65947225
vt -14.46836852 2.63179786
vt -14.55291669 2.60219793
vt -14.63615320 2.57067389
vt -14.71808989 2.53722627
vt -14.79873889 2.50185459
vt -14.87811256 2.46455738
vt -14.95622335 2.42533212
vt -15.03308364 2.38417524
vt -15.10870568 2.34108217
vt -15.18310137 2.29604729
vt -15.25628222 2.24906407
vt -15.32825915 2.20012506
vt -15.39904245 2.14922203
vt -15.46864160 2.09634601
vt -15.53706528 2.04148744
vt -15.60432121 1.98463626
vt -15.67041616 1.92578202
vt -15.73535590 1.86491402
vt -15.79914515 1.80202143
vt -15.86178765 1.73709337
vt -15.92328611 1.67011908
vt -15.98364228 1.60108797
vt -16.04285697 1.52998974
vt -16.10093012 1.45681444
vt -16.15786087 1.38155258
vt -16.21443026 1.30310987
vt -16.83570982 0.42084016
vt -16.91132708 0.31085910
vt -16.98297173 0.20140959
vt -17.05140762 0.09139205
vt -17.11664385 -0.01919592
vt -17.17868963 -0.13035760
vt -17.23755425 -0.24209720
vt -17.29324690 -0.35441988
vt -17.34577666 -0.46733175
vt -17.39515235 -0.58083989
vt -17.44138241 -0.69495227
vt -17.48447483 -0.80967780
vt -17.52443703 -0.92502620
vt -17.56127576 -1.04100794
vt -17.59499701 -1.15763422
vt -17.62560593 -1.27491678
vt -17.65310676 -1.39286784
vt -17.67750277 -1.51149997
vt -17.69879626 -1.63082595
vt -17.71698849 -1.75085867
vt -17.73207969 -1.87161096
vt -17.74406911 -1.99309546
vt -17.75295500 -2.11532452
vt -17.75873470 -2.23831009
vt -17.76140468 -2.36206358
vt -17.76096061 -2.48659578
vt -17.75739743 -2.61191681
vt -17.75070948 -2.73803601
vt -17.74089054 -2.86496192
vt -17.72793397 -2.99270225
vt -17.71183275 -3.12126383
vt -17.69257963 -3.25065266
vt -17.66994117 -3.38218708
vt -17.27062590 -5.55623687
vt -17.25169114 -5.65151325
vt -17.23078328 -5.74241647
vt -17.20759131 -5.83063562
vt -17.18213748 -5.91618539
vt -17.15444334 -5.99908440
vt -17.12452906 -6.07935543
vt -17.09241276 -6.15702548
vt -17.05810976 -6.23212574
vt -17.02163181 -6.30469141
vt -16.98298632 -6.37476127
vt -16.94217565 -6.44237711
vt -16.89919657 -6.50758291
vt -16.85403978 -6.57042394
vt -16.80668974 -6.63094560
vt -16.75712470 -6.68919229
vt -16.70531698 -6.74520617
vt -16.65123356 -6.79902604
vt -16.59483688 -6.85068632
vt -16.53608581 -6.90021620
vt -16.47493677 -6.94763905
vt -16.41134497 -6.99297205
vt -16.34526552 -7.03622614
vt -16.27665456 -7.07740618
vt -16.20547025 -7.11651132
vt -16.13167357 -7.15353558
vt -16.05522893 -7.18846850
vt -15.97610457 -7.22129591
vt -15.89427286 -7.25200069
vt -15.80971031 -7.28056351
vt -15.72239751 -7.30696353
vt -15.63231897 -7.33117903
vt -15.53779809 -7.35358255
vt -14.05723262 -8.17352144
vt -14.02760412 -8.17961675
vt -13.99638978 -8.18498666
vt -13.96525377 -8.18921773
vt -13.93413124 -8.19223711
vt -13.90296005 -8.19395434
vt -13.87168566 -8.19425890
vt -13.84026796 -8.19301863
vt -13.80869031 -8.19007963
vt -13.77697066 -8.18526908
vt -13.74517389 -8.17840202
vt -13.71342390 -8.16929357
vt -13.68191242 -8.15777707
vt -13.65090091 -8.14372718
vt -13.62071206 -8.12708497
vt -13.59170864 -8.10787949
vt -13.56426117 -8.08623956
vt -13.53870986 -8.06239044
vt -13.51532894 -8.03663423
vt -13.49430193 -8.00931767
vt -13.47571254 -7.98079492
vt -13.45955144 -7.95139386
vt -13.44573439 -7.92139195
vt -13.43412573 -7.89100396
vt -13.42456149 -7.86038038
vt -13.41686870 -7.82961341
vt -13.41087924 -7.79874698
vt -13.40643849 -7.76778798
vt -13.40340972 -7.73671680
vt -13.40167543 -7.70549628
vt -13.40113677 -7.67407871
vt -13.40171192 -7.64241106
vt -13.40324451 -7.61220094
vt -13.51557303 -5.91249305
vt -13.51597615 -5.90056791
vt -13.51579747 -5.89570434
vt -13.51563474 -5.89430813
vt -13.51603816 -5.89625136
vt -13.51757109 -5.90115771
vt -13.52069561 -5.90834969
vt -13.52562035 -5.91686678
vt -13.53216431 -5.92559029
vt -13.53971414 -5.93345941
vt -13.54732225 -5.93969725
vt -13.55391396 -5.94394420
vt -13.55850765 -5.94625074
vt -13.56036001 -5.94696324
vt -13.55900852 -5.94657676
vt -13.55423794 -5.94561356
vt -13.54240469 -5.94408199
vt -3.10002270 -4.93310925
vt -3.05746164 -4.92830634
vt -3.01386915 -4.92191543
vt -2.97107181 -4.91409101
vt -2.92906839 -4.90477530
vt -2.88786663 -4.89390594
vt -2.84748552 -4.88141722
vt -2.80795766 -4.86724194
vt -2.76933141 -4.85131410
vt -2.73167266 -4.83357248
vt -2.69506571 -4.81396489
vt -2.65961294 -4.79245312
vt -2.62543288 -4.76901789
vt -2.59265646 -4.74366347
vt -2.56142144 -4.71642115
vt -2.53186538 -4.68735074
vt -2.50411788 -4.65653990
vt -2.47829289 -4.62410071
vt -2.45448220 -4.59016400
vt -2.43275095 -4.55487202
vt -2.41313551 -4.51837032
vt -2.39564406 -4.48079991
vt -2.38025927 -4.44229064
vt -2.36694265 -4.40295626
vt -2.35563961 -4.36289146
vt -2.34628485 -4.32217081
vt -2.33880711 -4.28084921
vt -2.33313334 -4.23896353
vt -2.32919190 -4.19653485
vt -2.32691484 -4.15357109
vt -2.32623938 -4.11006962
vt -2.32710874 -4.06601973
vt -2.32937472 -4.02324851
vt -2.66297715 0.81879837
vt -2.66461835 0.84978441
vt -2.66515951 0.87732847
vt -2.66475074 0.90325467
vt -2.66345152 0.92754934
vt -2.66132807 0.95020704
vt -2.65845268 0.97123329
vt -2.65490221 0.99064748
vt -2.65075571 1.00848591
vt -2.64609095 1.02480453
vt -2.64097991 1.03968093
vt -2.63548334 1.05321515
vt -2.62964468 1.06552873
vt -2.62348413 1.07676153
vt -2.61699358 1.08706634
vt -2.61013335 1.09660124
vt -2.60283152 1.10552068
vt -2.59498630 1.11396613
vt -2.58647135 1.12205765
vt -2.57714342 1.12988747
vt -2.56685128 1.13751637
vt -2.55544467 1.14497314
vt -2.54278226 1.15225674
vt -2.52873776 1.15934065
vt -2.51320379 1.16617827
vt -2.49609370 1.17270883
vt -2.47734151 1.17886286
vt -2.45690053 1.18456699
vt -2.43474109 1.18974769
vt -2.41084792 1.19433411
vt -2.38521740 1.19825987
vt -2.35785501 1.20146423
vt -2.32693315 1.20404615
vt 17.30715610 2.53004285
vt 17.36206520 2.53462715
vt 17.41756077 2.54112927
vt 17.47182429 2.54945465
vt 17.52486634 2.55966946
vt 17.57668810 2.57184701
vt 17.62727832 2.58606678
vt 17.67660987 2.60241251
vt 17.72463635 2.62096925
vt 17.77128893 2.64181899
vt 17.81647417 2.66503502
vt 17.86007336 2.69067510
vt 17.90194417 2.71877400
vt 17.94192507 2.74933631
vt 17.97984274 2.78233066
vt 18.01552201 2.81768649
vt 18.04879738 2.85529467
vt 18.07952441 2.89501210
vt 18.10758953 2.93667017
vt 18.13291645 2.98008588
vt 18.15546861 3.02507396
vt 18.17524756 3.07145829
vt 18.19228800 3.11908104
vt 18.20665069 3.16780889
vt 18.21841457 3.21753601
vt 18.22766908 3.26818430
vt 18.23450765 3.31970147
vt 18.23902247 3.37205782
vt 18.24130091 3.42524237
vt 18.24142315 3.47925891
vt 18.23946096 3.53412230
vt 18.23547739 3.58985529
vt 18.22971938 3.64465375
vt 17.74545575 7.64214203
vt 17.74130660 7.67236665
vt 17.73588611 7.70399132
vt 17.72938682 7.73520185
vt 17.72174384 7.76600372
vt 17.71288613 7.79639277
vt 17.70273768 7.82635234
vt 17.69121956 7.85585018
vt 17.67825301 7.88483543
vt 17.66376380 7.91323600
vt 17.64768763 7.94095695
vt 17.62997658 7.96788038
vt 17.61060596 7.99386753
vt 17.58958063 8.01876336
vt 17.56693999 8.04240381
vt 17.54276025 8.06462523
vt 17.51715333 8.08527503
vt 17.49026204 8.10422196
vt 17.46225177 8.12136480
vt 17.43330003 8.13663786
vt 17.40358511 8.15001282
vt 17.37327555 8.16149690
vt 17.34252178 8.17112800
vt 17.31145044 8.17896803
vt 17.28016171 8.18509543
vt 17.24872922 8.18959812
vt 17.21720187 8.19256729
vt 17.18560693 8.19409263
vt 17.15395371 8.19425890
vt 17.12223737 8.19314377
vt 17.09044236 8.19081668
vt 17.05854559 8.18733852
vt 17.02834432 8.18302267
vt -13.91570702 3.25873851
vt -14.01910350 3.24108905
vt -14.12259049 3.22098344
vt -14.22484164 3.19864142
vt -14.32584880 3.17405801
vt -14.42560306 3.14722879
vt -14.52409482 3.11814996
vt -14.62131380 3.08681844
vt -14.71724913 3.05323191
vt -14.81188943 3.01738893
vt -14.90522287 2.97928901
vt -14.99723730 2.93893259
vt -15.08792038 2.89632115
vt -15.17725966 2.85145723
vt -15.26524274 2.80434437
vt -15.35185739 2.75498716
vt -15.43709170 2.70339121
vt -15.52093417 2.64956307
vt -15.60337386 2.59351016
vt -15.68440051 2.53524073
vt -15.76400460 2.47476374
vt -15.84217750 2.41208875
vt -15.91891145 2.34722584
vt -15.99419969 2.28018543
vt -16.06803646 2.21097824
vt -16.14041702 2.13961511
vt -16.21133765 2.06610688
vt -16.28079564 1.99046435
vt -16.34878923 1.91269809
vt -16.41531762 1.83281841
vt -16.48038085 1.75083524
vt -16.54397979 1.66675809
vt -16.60533342 1.58168126
vt -17.22971707 0.69500348
vt -17.30994835 0.57831157
vt -17.38761976 0.45965515
vt -17.46196746 0.34013379
vt -17.53298233 0.21974990
vt -17.60065517 0.09850675
vt -17.66497671 -0.02359143
vt -17.72593772 -0.14653950
vt -17.78352915 -0.27033134
vt -17.83774218 -0.39495989
vt -17.88856836 -0.52041714
vt -17.93599969 -0.64669421
vt -17.98002877 -0.77378139
vt -18.02064884 -0.90166817
vt -18.05785391 -1.03034338
vt -18.09163883 -1.15979528
vt -18.12199937 -1.29001164
vt -18.14893224 -1.42097989
vt -18.17243516 -1.55268725
vt -18.19250687 -1.68512084
vt -18.20914712 -1.81826783
vt -18.22235667 -1.95211556
vt -18.23213728 -2.08665170
vt -18.23849159 -2.22186429
vt -18.24142315 -2.35774193
vt -18.24093628 -2.49427381
vt -18.23703604 -2.63144983
vt -18.22972810 -2.76926065
vt -18.21901866 -2.90769772
vt -18.20491438 -3.04675333
vt -18.18742227 -3.18642065
vt -18.16654958 -3.32669369
vt -18.14252976 -3.46625410
vt -17.74209856 -5.64637952
vt -17.72108561 -5.75211299
vt -17.69690162 -5.85726015
vt -17.66985762 -5.96013190
vt -17.63993132 -6.06071354
vt -17.60710121 -6.15898645
vt -17.57134711 -6.25492787
vt -17.53265088 -6.34851080
vt -17.49099722 -6.43970402
vt -17.44637437 -6.52847235
vt -17.39877493 -6.61477702
vt -17.34819652 -6.69857623
vt -17.29464240 -6.77982599
vt -17.23812184 -6.85848104
vt -17.17865041 -6.93449598
vt -17.11624984 -7.00782641
vt -17.05094781 -7.07843017
vt -16.98277734 -7.14626845
vt -16.91177600 -7.21130684
vt -16.83798491 -7.27351615
vt -16.76144765 -7.33287302
vt -16.68220902 -7.38936025
vt -16.60031391 -7.44296691
vt -16.51580616 -7.49368814
vt -16.42872763 -7.54152478
vt -16.33911733 -7.58648283
vt -16.24701087 -7.62857274
vt -16.15243997 -7.66780867
vt -16.05543230 -7.70420775
vt -15.95601133 -7.73778931
vt -15.85419647 -7.76857420
vt -15.75000322 -7.79658411
vt -15.64510817 -7.82144653
vt -13.95691292 -7.70410750
vt -13.93852919 -7.70788949
vt -13.92336020 -7.71049906
vt -13.90974178 -7.71234966
vt -13.89773877 -7.71351415
vt -13.88741331 -7.71408298
vt -13.87881996 -7.71416667
vt -13.87199880 -7.71389739
vt -13.86696649 -7.71342902
vt -13.86370509 -7.71293440
vt -13.86214969 -7.71259849
vt -13.86217640 -7.71260615
vt -13.86359351 -7.71312406
vt -13.86613953 -7.71427755
vt -13.86949180 -7.71612555
vt -13.87328754 -7.71863901
vt -13.87715621 -7.72168912
vt -13.88075762 -7.72505061
vt -13.88381753 -7.72842138
vt -13.88615244 -7.73145470
vt -13.88767861 -7.73379640
vt -13.88840540 -7.73511860
vt -13.88841702 -7.73514384
vt -13.88784916 -7.73365736
vt -13.88686577 -7.73050865
vt -13.88563982 -7.72560553
vt -13.88433944 -7.71890406
vt -13.88311925 -7.71039736
vt -13.88211597 -7.70010503
vt -13.88144710 -7.68806424
vt -13.88121150 -7.67432267
vt -13.88149100 -7.65893339
vt -13.88244193 -7.64018877
vt -13.99503791 -5.93643385
vt -13.99627410 -5.89986423
vt -13.99477472 -5.85905081
vt -13.98994203 -5.81758778
vt -13.98122584 -5.77560309
vt -13.96806277 -5.73347304
vt -13.94999076 -5.69187513
vt -13.92680117 -5.65176986
vt -13.89867500 -5.61427596
vt -13.86622561 -5.58045420
vt -13.83040058 -5.55108148
vt -13.79227459 -5.52651743
vt -13.75282925 -5.50671155
vt -13.71280790 -5.49131747
vt -13.67267302 -5.47984014
vt -13.63263989 -5.47175730
vt -13.59635207 -5.46706059
vt -3.15006577 -4.45570986
vt -3.11920448 -4.45222724
vt -3.09186918 -4.44821973
vt -3.06623329 -4.44353285
vt -3.04229805 -4.43822438
vt -3.02005570 -4.43235667
vt -2.99948727 -4.42599544
vt -2.98056016 -4.41920790
vt -2.96322599 -4.41206002
vt -2.94741889 -4.40461304
vt -2.93305454 -4.39691915
vt -2.92003058 -4.38901656
vt -2.90822846 -4.38092455
vt -2.89751727 -4.37263884
vt -2.88775924 -4.36412816
vt -2.87881681 -4.35533267
vt -2.87056039 -4.34616473
vt -2.86287602 -4.33651227
vt -2.85567191 -4.32624444
vt -2.84888292 -4.31521900
vt -2.84247268 -4.30329040
vt -2.83643301 -4.29031762
vt -2.83078124 -4.27617082
vt -2.82555588 -4.26073624
vt -2.82081148 -4.24391921
vt -2.81661337 -4.22564514
vt -2.81303281 -4.20585914
vt -2.81014283 -4.18452434
vt -2.80801508 -4.16161966
vt -2.80671752 -4.13713717
vt -2.80631292 -4.11107950
vt -2.80685806 -4.08345738
vt -2.80850114 -4.05244371
vt -3.14210380 0.78960638
vt -3.14436887 0.83237128
vt -3.14523384 0.87639731
vt -3.14454859 0.91986038
vt -3.14225365 0.96277416
vt -3.13828280 1.00514408
vt -3.13256374 1.04696462
vt -3.12501961 1.08821640
vt -3.11557138 1.12886311
vt -3.10414127 1.16884881
vt -3.09065728 1.20809590
vt -3.07505868 1.24650435
vt -3.05730203 1.28395261
vt -3.03736713 1.32030082
vt -3.01526208 1.35539620
vt -2.99102657 1.38908066
vt -2.96473252 1.42119976
vt -2.93648171 1.45161201
vt -2.90640048 1.48019738
vt -2.87463210 1.50686362
vt -2.84132778 1.53154995
vt -2.80663779 1.55422759
vt -2.77070345 1.57489757
vt -2.73365106 1.59358641
vt -2.69558800 1.61034072
vt -2.65660091 1.62522127
vt -2.61675577 1.63829751
vt -2.57609929 1.64964284
vt -2.53466112 1.65933076
vt -2.49245654 1.66743214
vt -2.44948915 1.67401335
vt -2.40575351 1.67913515
vt -2.36307718 1.68269855
vt 17.27101430 3.00869540
vt 17.31415558 3.01229722
vt 17.35321580 3.01687370
vt 17.39001347 3.02251938
vt 17.42453802 3.02916810
vt 17.45678827 3.03674656
vt 17.48677547 3.04517528
vt 17.51452674 3.05437051
vt 17.54008849 3.06424720
vt 17.56352955 3.07472336
vt 17.58494336 3.08572571
vt 17.60444862 3.09719648
vt 17.62218768 3.10910091
vt 17.63832205 3.12143439
vt 17.65302506 3.13422832
vt 17.66647187 3.14755324
vt 17.67882800 3.16151827
vt 17.69023786 3.17626654
vt 17.70081505 3.19196664
vt 17.71063585 3.20880157
vt 17.71973682 3.22695660
vt 17.72811640 3.24660786
vt 17.73573990 3.26791317
vt 17.74254654 3.29100586
vt 17.74845742 3.31599175
vt 17.75338307 3.34294894
vt 17.75723008 3.37192973
vt 17.75990623 3.40296380
vt 17.76132417 3.43606215
vt 17.76140373 3.47122099
vt 17.76007311 3.50842545
vt 17.75726930 3.54765278
vt 17.75274532 3.59070713
vt 17.26939761 7.58063467
vt 17.26685437 7.59916098
vt 17.26422696 7.61449007
vt 17.26132282 7.62843614
vt 17.25820687 7.64099371
vt 17.25495013 7.65216692
vt 17.25162863 7.66197244
vt 17.24832128 7.67044253
vt 17.24510685 7.67762804
vt 17.24205957 7.68360107
vt 17.23924374 7.68845655
vt 17.23670726 7.69231236
vt 17.23447486 7.69530730
vt 17.23254164 7.69759640
vt 17.23086823 7.69934371
vt 17.22937841 7.70071287
vt 17.22796025 7.70185649
vt 17.22647096 7.70290581
vt 17.22474513 7.70396206
vt 17.22260525 7.70509092
vt 17.21987305 7.70632071
vt 17.21637997 7.70764421
vt 17.21197559 7.70902352
vt 17.20653327 7.71039674
vt 17.19995283 7.71168542
vt 17.19216063 7.71280165
vt 17.18310779 7.71365422
vt 17.17276702 7.71415346
vt 17.16112901 7.71421459
vt 17.14819863 7.71375996
vt 17.13399139 7.71272013
vt 17.11853041 7.71103420
vt 17.10001841 7.70838878
vt -13.83760358 2.78512775
vt -13.93293741 2.76885456
vt -14.02557404 2.75085698
vt -14.11683982 2.73091527
vt -14.20674291 2.70903440
vt -14.29529221 2.68521879
vt -14.38249732 2.65947225
vt -14.46836852 2.63179786
vt -14.55291669 2.60219793
vt -14.63615320 2.57067389
vt -14.71808989 2.53722627
vt -14.79873889 2.50185459
vt -14.87811256 2.46455738
vt -14.95622335 2.42533212
vt -15.03308364 2.38417524
vt -15.10870568 2.34108217
vt -15.18310137 2.29604729
vt -15.25628222 2.24906407
vt -15.32825915 2.20012506
vt -15.39904245 2.14922203
vt -15.46864160 2.09634601
vt -15.53706528 2.04148744
vt -15.60432121 1.98463626
vt -15.67041616 1.92578202
vt -15.73535590 1.86491402
vt -15.79914515 1.80202143
vt -15.86178765 1.73709337
vt -15.92328611 1.67011908
vt -15.98364228 1.60108797
vt -16.04285697 1.52998974
vt -16.10093012 1.45681444
vt -16.15786087 1.38155258
vt -16.21443026 1.30310987
vt -16.83570982 0.42084016
vt -16.91132708 0.31085910
vt -16.98297173 0.20140959
vt -17.05140762 0.09139205
vt -17.11664385 -0.01919592
vt -17.17868963 -0.13035760
vt -17.23755425 -0.24209720
vt -17.29324690 -0.35441988
vt -17.34577666 -0.46733175
vt -17.39515235 -0.58083989
vt -17.44138241 -0.69495227
vt -17.48447483 -0.80967780
vt -17.52443703 -0.92502620
vt -17.56127576 -1.04100794
vt -17.59499701 -1.15763422
vt -17.62560593 -1.27491678
vt -17.65310676 -1.39286784
vt -17.67750277 -1.51149997
vt -17.69879626 -1.63082595
vt -17.71698849 -1.75085867
vt -17.73207969 -1.87161096
vt -17.74406911 -1.99309546
vt -17.75295500 -2.11532452
vt -17.75873470 -2.23831009
vt -17.76140468 -2.36206358
vt -17.76096061 -2.48659578
vt -17.75739743 -2.61191681
vt -17.75070948 -2.73803601
vt -17.74089054 -2.86496192
vt -17.72793397 -2.99270225
vt -17.71183275 -3.12126383
vt -17.69257963 -3.25065266
vt -17.66994117 -3.38218708
vt -17.27062590 -5.55623687
vt -17.25169114 -5.65151325
vt -17.23078328 -5.74241647
vt -17.20759131 -5.83063562
vt -17.18213748 -5.91618539
vt -17.15444334 -5.99908440
vt -17.12452906 -6.07935543
vt -17.09241276 -6.15702548
vt -17.05810976 -6.23212574
vt -17.02163181 -6.30469141
vt -16.98298632 -6.37476127
vt -16.94217565 -6.44237711
vt -16.89919657 -6.50758291
vt -16.85403978 -6.57042394
vt -16.80668974 -6.63094560
vt -16.75712470 -6.68919229
vt -16.70531698 -6.74520617
vt -16.65123356 -6.79902604
vt -16.59483688 -6.85068632
vt -16.53608581 -6.90021620
vt -16.47493677 -6.94763905
vt -16.41134497 -6.99297205
vt -16.34526552 -7.03622614
vt -16.27665456 -7.07740618
vt -16.20547025 -7.11651132
vt -16.13167357 -7.15353558
vt -16.05522893 -7.18846850
vt -15.97610457 -7.22129591
vt -15.89427286 -7.25200069
vt -15.80971031 -7.28056351
vt -15.72239751 -7.30696353
vt -15.63231897 -7.33117903
vt -15.53779809 -7.35358255
vt -14.05723262 -8.17352144
vt -14.02760412 -8.17961675
vt -13.99638978 -8.18498666
vt -13.96525377 -8.18921773
vt -13.93413124 -8.19223711
vt -13.90296005 -8.19395434
vt -13.87168566 -8.19425890
vt -13.84026796 -8.19301863
vt -13.80869031 -8.19007963
vt -13.77697066 -8.18526908
vt -13.74517389 -8.17840202
vt -13.71342390 -8.16929357
vt -13.68191242 -8.15777707
vt -13.65090091 -8.14372718
vt -13.62071206 -8.12708497
vt -13.59170864 -8.10787949
vt -13.56426117 -8.08623956
vt -13.53870986 -8.06239044
vt -13.51532894 -8.03663423
vt -13.49430193 -8.00931767
vt -13.47571254 -7.98079492
vt -13.45955144 -7.95139386
vt -13.44573439 -7.92139195
vt -13.43412573 -7.89100396
vt -13.42456149 -7.86038038
vt -13.41686870 -7.82961341
vt -13.41087924 -7.79874698
vt -13.40643849 -7.76778798
vt -13.40340972 -7.73671680
vt -13.40167543 -7.70549628
vt -13.40113677 -7.67407871
vt -13.40171192 -7.64241106
vt -13.40324451 -7.61220094
vt -13.51557303 -5.91249305
vt -13.51597615 -5.90056791
vt -13.51579747 -5.89570434
vt -13.51563474 -5.89430813
vt -13.51603816 -5.89625136
vt -13.51757109 -5.90115771
vt -13.52069561 -5.90834969
vt -13.52562035 -5.91686678
vt -13.53216431 -5.92559029
vt -13.53971414 -5.93345941
vt -13.54732225 -5.93969725
vt -13.55391396 -5.94394420
vt -13.55850765 -5.94625074
vt -13.56036001 -5.94696324
vt -13.55900852 -5.94657676
vt -13.55423794 -5.94561356
vt -13.54240469 -5.94408199
vt -3.10002270 -4.93310925
vt -3.05746164 -4.92830634
vt -3.01386915 -4.92191543
vt -2.97107181 -4.91409101
vt -2.92906839 -4.90477530
vt -2.88786663 -4.89390594
vt -2.84748552 -4.88141722
vt -2.80795766 -4.86724194
vt -2.76933141 -4.85131410
vt -2.73167266 -4.83357248
vt -2.69506571 -4.81396489
vt -2.65961294 -4.79245312
vt -2.62543288 -4.76901789
vt -2.59265646 -4.74366347
vt -2.56142144 -4.71642115
vt -2.53186538 -4.68735074
vt -2.50411788 -4.65653990
vt -2.47829289 -4.62410071
vt -2.45448220 -4.59016400
vt -2.43275095 -4.55487202
vt -2.41313551 -4.51837032
vt -2.39564406 -4.48079991
vt -2.38025927 -4.44229064
vt -2.36694265 -4.40295626
vt -2.35563961 -4.36289146
vt -2.34628485 -4.32217081
vt -2.33880711 -4.28084921
vt -2.33313334 -4.23896353
vt -2.32919190 -4.19653485
vt -2.32691484 -4.15357109
vt -2.32623938 -4.11006962
vt -2.32710874 -4.06601973
vt -2.32937472 -4.02324851
vt -2.66297715 0.81879837
vt -2.66461835 0.84978441
vt -2.66515951 0.87732847
vt -2.66475074 0.90325467
vt -2.66345152 0.92754934
vt -2.66132807 0.95020704
vt -2.65845268 0.97123329
vt -2.65490221 0.99064748
vt -2.65075571 1.00848591
vt -2.64609095 1.02480453
vt -2.64097991 1.03968093
vt -2.63548334 1.05321515
vt -2.62964468 1.06552873
vt -2.62348413 1.07676153
vt -2.61699358 1.08706634
vt -2.61013335 1.09660124
vt -2.60283152 1.10552068
vt -2.59498630 1.11396613
vt -2.58647135 1.12205765
vt -2.57714342 1.12988747
vt -2.56685128 1.13751637
vt -2.55544467 1.14497314
vt -2.54278226 1.15225674
vt -2.52873776 1.15934065
vt -2.51320379 1.16617827
vt -2.49609370 1.17270883
vt -2.47734151 1.17886286
vt -2.45690053 1.18456699
vt -2.43474109 1.18974769
vt -2.41084792 1.19433411
vt -2.38521740 1.19825987
vt -2.35785501 1.20146423
vt -2.32693315 1.20404615
vt 17.30715610 2.53004285
vt 17.36206520 2.53462715
vt 17.41756077 2.54112927
vt 17.47182429 2.54945465
vt 17.52486634 2.55966946
vt 17.57668810 2.57184701
vt 17.62727832 2.58606678
vt 17.67660987 2.60241251
vt 17.72463635 2.62096925
vt 17.77128893 2.64181899
vt 17.81647417 2.66503502
vt 17.86007336 2.69067510
vt 17.90194417 2.71877400
vt 17.94192507 2.74933631
vt 17.97984274 2.78233066
vt 18.01552201 2.81768649
vt 18.04879738 2.85529467
vt 18.07952441 2.89501210
vt 18.10758953 2.93667017
vt 18.13291645 2.98008588
vt 18.15546861 3.02507396
vt 18.17524756 3.07145829
vt 18.19228800 3.11908104
vt 18.20665069 3.16780889
vt 18.21841457 3.21753601
vt 18.22766908 3.26818430
vt 18.23450765 3.31970147
vt 18.23902247 3.37205782
vt 18.24130091 3.42524237
vt 18.24142315 3.47925891
vt 18.23946096 3.53412230
vt 18.23547739 3.58985529
vt 18.22971938 3.64465375
vt 17.74545575 7.64214203
vt 17.74130660 7.67236665
vt 17.73588611 7.70399132
vt 17.72938682 7.73520185
vt 17.72174384 7.76600372
vt 17.71288613 7.79639277
vt 17.70273768 7.82635234
vt 17.69121956 7.85585018
vt 17.67825301 7.88483543
vt 17.66376380 7.91323600
vt 17.64768763 7.94095695
vt 17.62997658 7.96788038
vt 17.61060596 7.99386753
vt 17.58958063 8.01876336
vt 17.56693999 8.04240381
vt 17.54276025 8.06462523
vt 17.51715333 8.08527503
vt 17.49026204 8.10422196
vt 17.46225177 8.12136480
vt 17.43330003 8.13663786
vt 17.40358511 8.15001282
vt 17.37327555 8.16149690
vt 17.34252178 8.17112800
vt 17.31145044 8.17896803
vt 17.28016171 8.18509543
vt 17.24872922 8.18959812
vt 17.21720187 8.19256729
vt 17.18560693 8.19409263
vt 17.15395371 8.19425890
vt 17.12223737 8.19314377
vt 17.09044236 8.19081668
vt 17.05854559 8.18733852
vt 17.02834432 8.18302267
vt -13.91570702 3.25873851
vt -14.01910350 3.24108905
vt -14.12259049 3.22098344
vt -14.22484164 3.19864142
vt -14.32584880 3.17405801
vt -14.42560306 3.14722879
vt -14.52409482 3.11814996
vt -14.62131380 3.08681844
vt -14.71724913 3.05323191
vt -14.81188943 3.01738893
vt -14.90522287 2.97928901
vt -14.99723730 2.93893259
vt -15.08792038 2.89632115
vt -15.17725966 2.85145723
vt -15.26524274 2.80434437
vt -15.35185739 2.75498716
vt -15.43709170 2.70339121
vt -15.52093417 2.64956307
vt -15.60337386 2.59351016
vt -15.68440051 2.53524073
vt -15.76400460 2.47476374
vt -15.84217750 2.41208875
vt -15.91891145 2.34722584
vt -15.99419969 2.28018543
vt -16.06803646 2.21097824
vt -16.14041702 2.13961511
vt -16.21133765 2.06610688
vt -16.28079564 1.99046435
vt -16.34878923 1.91269809
vt -16.41531762 1.83281841
vt -16.48038085 1.75083524
vt -16.54397979 1.66675809
vt -16.60533342 1.58168126
vt -17.22971707 0.69500348
vt -17.30994835 0.57831157
vt -17.38761976 0.45965515
vt -17.46196746 0.34013379
vt -17.53298233 0.21974990
vt -17.60065517 0.09850675
vt -17.66497671 -0.02359143
vt -17.72593772 -0.14653950
vt -17.78352915 -0.27033134
vt -17.83774218 -0.39495989
vt -17.88856836 -0.52041714
vt -17.93599969 -0.64669421
vt -17.98002877 -0.77378139
vt -18.02064884 -0.90166817
vt -18.05785391 -1.03034338
vt -18.09163883 -1.15979528
vt -18.12199937 -1.29001164
vt -18.14893224 -1.42097989
vt -18.17243516 -1.55268725
vt -18.19250687 -1.68512084
vt -18.20914712 -1.81826783
vt -18.22235667 -1.95211556
vt -18.23213728 -2.08665170
vt -18.23849159 -2.22186429
vt -18.24142315 -2.35774193
vt -18.24093628 -2.49427381
vt -18.23703604 -2.63144983
vt -18.22972810 -2.76926065
vt -18.21901866 -2.90769772
vt -18.20491438 -3.04675333
vt -18.18742227 -3.18642065
vt -18.16654958 -3.32669369
vt -18.14252976 -3.46625410
vt -17.74209856 -5.64637952
vt -17.72108561 -5.75211299
vt -17.69690162 -5.85726015
vt -17.66985762 -5.96013190
vt -17.63993132 -6.06071354
vt -17.60710121 -6.15898645
vt -17.57134711 -6.25492787
vt -17.53265088 -6.34851080
vt -17.49099722 -6.43970402
vt -17.44637437 -6.52847235
vt -17.39877493 -6.61477702
vt -17.34819652 -6.69857623
vt -17.29464240 -6.77982599
vt -17.23812184 -6.85848104
vt -17.17865041 -6.93449598
vt -17.11624984 -7.00782641
vt -17.05094781 -7.07843017
vt -16.98277734 -7.14626845
vt -16.91177600 -7.21130684
vt -16.83798491 -7.27351615
vt -16.76144765 -7.33287302
vt -16.68220902 -7.38936025
vt -16.60031391 -7.44296691
vt -16.51580616 -7.49368814
vt -16.42872763 -7.54152478
vt -16.33911733 -7.58648283
vt -16.24701087 -7.62857274
vt -16.15243997 -7.66780867
vt -16.05543230 -7.70420775
vt -15.95601133 -7.73778931
vt -15.85419647 -7.76857420
vt -15.75000322 -7.79658411
vt -15.64510817 -7.82144653
vn 0.00000000 0.00000000 1.00000000
f 1/1/1 283/283/1 2/2/1
f 1/1/1 282/282/1 283/283/1
f 563/563/1 564/564/1 845/845/1
f 563/563/1 845/845/1 844/844/1
f 1/1/1 564/564/1 2/2/1
f 1/1/1 563/563/1 564/564/1
f 282/282/1 283/283/1 845/845/1
f 282/282/1 845/845/1 844/844/1
f 2/2/1 284/284/1 3/3/1
f 2/2/1 283/283/1 284/284/1
f 564/564/1 565/565/1 846/846/1
f 564/564/1 846/846/1 845/845/1
f 2/2/1 565/565/1 3/3/1
f 2/2/1 564/564/1 565/565/1
f 283/283/1 284/284/1 846/846/1
f 283/283/1 846/846/1 845/845/1
f 3/3/1 285/285/1 4/4/1
f 3/3/1 284/284/1 285/285/1
f 565/565/1 566/566/1 847/847/1
f 565/565/1 847/847/1 846/846/1
f 3/3/1 566/566/1 4/4/1
f 3/3/1 565/565/1 566/566/1
f 284/284/1 285/285/1 847/847/1
f 284/284/1 847/847/1 846/846/1
f 4/4/1 286/286/1 5/5/1
f 4/4/1 285/285/1 286/286/1
f 566/566/1 567/567/1 848/848/1
f 566/566/1 848/848/1 847/847/1
f 4/4/1 567/567/1 5/5/1
f 4/4/1 566/566/1 567/567/1
f 285/285/1 286/286/1 848/848/1
f 285/285/1 848/848/1 847/847/1
f 5/5/1 287/287/1 6/6/1
f 5/5/1 286/286/1 287/287/1
f 567/567/1 568/568/1 849/849/1
f 567/567/1 849/849/1 848/848/1
f 5/5/1 568/568/1 6/6/1
f 5/5/1 567/567/1 568/568/1
f 286/286/1 287/287/1 849/849/1
f 286/286/1 849/849/1 848/848/1
f 6/6/1 288/288/1 7/7/1
f 6/6/1 287/287/1 288/288/1
f 568/568/1 569/569/1 850/850/1
f 568/568/1 850/850/1 849/849/1
f 6/6/1 569/569/1 7/7/1
f 6/6/1 568/568/1 569/569/1
f 287/287/1 288/288/1 850/850/1
f 287/287/1 850/850/1 849/849/1
f 7/7/1 289/289/1 8/8/1
f 7/7/1 288/288/1 289/289/1
f 569/569/1 570/570/1 851/851/1
f 569/569/1 851/851/1 850/850/1
f 7/7/1 570/570/1 8/8/1
f 7/7/1 569/569/1 570/570/1
f 288/288/1 289/289/1 851/851/1
f 288/288/1 851/851/1 850/850/1
f 8/8/1 290/290/1 9/9/1
f 8/8/1 289/289/1 290/290/1
f 570/570/1 571/571/1 852/852/1
f 570/570/1 852/852/1 851/851/1
f 8/8/1 571/571/1 9/9/1
f 8/8/1 570/570/1 571/571/1
f 289/289/1 290/290/1 852/852/1
f 289/289/1 852/852/1 851/851/1
f 9/9/1 291/291/1 10/10/1
f 9/9/1 290/290/1 291/291/1
f 571/571/1 572/572/1 853/853/1
f 571/571/1 853/853/1 852/852/1
f 9/9/1 572/572/1 10/10/1
f 9/9/1 571/571/1 572/572/1
f 290/290/1 291/291/1 853/853/1
f 290/290/1 853/853/1 852/852/1
f 10/10/1 292/292/1 11/11/1
f 10/10/1 291/291/1 292/292/1
f 572/572/1 573/573/1 854/854/1
f 572/572/1 854/854/1 853/853/1
f 10/10/1 573/573/1 11/11/1
f 10/10/1 572/572/1 573/573/1
f 291/291/1 292/292/1 854/854/1
f 291/291/1 854/854/1 853/853/1
f 11/11/1 293/293/1 12/12/1
f 11/11/1 292/292/1 293/293/1
f 573/573/1 574/574/1 855/855/1
f 573/573/1 855/855/1 854/854/1
f 11/11/1 574/574/1 12/12/1
f 11/11/1 573/573/1 574/574/1
f 292/292/1 293/293/1 855/855/1
f 292/292/1 855/855/1 854/854/1
f 12/12/1 294/294/1 13/13/1
f 12/12/1 293/293/1 294/294/1
f 574/574/1 575/575/1 856/856/1
f 574/574/1 856/856/1 855/855/1
f 12/12/1 575/575/1 13/13/1
f 12/12/1 574/574/1 575/575/1
f 293/293/1 294/294/1 856/856/1
f 293/293/1 856/856/1 855/855/1
f 13/13/1 295/295/1 14/14/1
f 13/13/1 294/294/1 295/295/1
f 575/575/1 576/576/1 857/857/1
f 575/575/1 857/857/1 856/856/1
f 13/13/1 576/576/1 14/14/1
f 13/13/1 575/575/1 576/576/1
f 294/294/1 295/295/1 857/857/1
f 294/294/1 857/857/1 856/856/1
f 14/14/1 296/296/1 15/15/1
f 14/14/1 295/295/1 296/296/1
f 576/576/1 577/577/1 858/858/1
f 576/576/1 858/858/1 857/857/1
f 14/14/1 577/577/1 15/15/1
f 14/14/1 576/576/1 577/577/1
f 295/295/1 296/296/1 858/858/1
f 295/295/1 858/858/1 857/857/1
f 15/15/1 297/297/1 16/16/1
f 15/15/1 296/296/1 297/297/1
f 577/577/1 578/578/1 859/859/1
f 577/577/1 859/859/1 858/858/1
f 15/15/1 578/578/1 16/16/1
f 15/15/1 577/577/1 578/578/1
f 296/296/1 297/297/1 859/859/1
f 296/296/1 859/859/1 858/858/1
f 16/16/1 298/298/1 17/17/1
f 16/16/1 297/297/1 298/298/1
f 578/578/1 579/579/1 860/860/1
f 578/578/1 860/860/1 859/859/1
f 16/16/1 579/579/1 17/17/1
f 16/16/1 578/578/1 579/579/1
f 297/297/1 298/298/1 860/860/1
f 297/297/1 860/860/1 859/859/1
f 17/17/1 299/299/1 18/18/1
f 17/17/1 298/298/1 299/299/1
f 579/579/1 580/580/1 861/861/1
f 579/579/1 861/861/1 860/860/1
f 17/17/1 580/580/1 18/18/1
f 17/17/1 579/579/1 580/580/1
f 298/298/1 299/299/1 861/861/1
f 298/298/1 861/861/1 860/860/1
f 18/18/1 300/300/1 19/19/1
f 18/18/1 299/299/1 300/300/1
f 580/580/1 581/581/1 862/862/1
f 580/580/1 862/862/1 861/861/1
f 18/18/1 581/581/1 19/19/1
f 18/18/1 580/580/1 581/581/1
f 299/299/1 300/300/1 862/862/1
f 299/299/1 862/862/1 861/861/1
f 19/19/1 301/301/1 20/20/1
f 19/19/1 300/300/1 301/301/1
f 581/581/1 582/582/1 863/863/1
f 581/581/1 863/863/1 862/862/1
f 19/19/1 582/582/1 20/20/1
f 19/19/1 581/581/1 582/582/1
f 300/300/1 301/301/1 863/863/1
f 300/300/1 863/863/1 862/862/1
f 20/20/1 302/302/1 21/21/1
f 20/20/1 301/301/1 302/302/1
f 582/582/1 583/583/1 864/864/1
f 582/582/1 864/864/1 863/863/1
f 20/20/1 583/583/1 21/21/1
f 20/20/1 582/582/1 583/583/1
f 301/301/1 302/302/1 864/864/1
f 301/301/1 864/864/1 863/863/1
f 21/21/1 303/303/1 22/22/1
f 21/21/1 302/302/1 303/303/1
f 583/583/1 584/584/1 865/865/1
f 583/583/1 865/865/1 864/864/1
f 21/21/1 584/584/1 22/22/1
f 21/21/1 583/583/1 584/584/1
f 302/302/1 303/303/1 865/865/1
f 302/302/1 865/865/1 864/864/1
f 22/22/1 304/304/1 23/23/1
f 22/22/1 303/303/1 304/304/1
f 584/584/1 585/585/1 866/866/1
f 584/584/1 866/866/1 865/865/1
f 22/22/1 585/585/1 23/23/1
f 22/22/1 584/584/1 585/585/1
f 303/303/1 304/304/1 866/866/1
f 303/303/1 866/866/1 865/865/1
f 23/23/1 305/305/1 24/24/1
f 23/23/1 304/304/1 305/305/1
f 585/585/1 586/586/1 867/867/1
f 585/585/1 867/867/1 866/866/1
f 23/23/1 586/586/1 24/24/1
f 23/23/1 585/585/1 586/586/1
f 304/304/1 305/305/1 867/867/1
f 304/304/1 867/867/1 866/866/1
f 24/24/1 306/306/1 25/25/1
f 24/24/1 305/305/1 306/306/1
f 586/586/1 587/587/1 868/868/1
f 586/586/1 868/868/1 867/867/1
f 24/24/1 587/587/1 25/25/1
f 24/24/1 586/586/1 587/587/1
f 305/305/1 306/306/1 868/868/1
f 305/305/1 868/868/1 867/867/1
f 25/25/1 307/307/1 26/26/1
f 25/25/1 306/306/1 307/307/1
f 587/587/1 588/588/1 869/869/1
f 587/587/1 869/869/1 868/868/1
f 25/25/1 588/588/1 26/26/1
f 25/25/1 587/587/1 588/588/1
f 306/306/1 307/307/1 869/869/1
f 306/306/1 869/869/1 868/868/1
f 26/26/1 308/308/1 27/27/1
f 26/26/1 307/307/1 308/308/1
f 588/588/1 589/589/1 870/870/1
f 588/588/1 870/870/1 869/869/1
f 26/26/1 589/589/1 27/27/1
f 26/26/1 588/588/1 589/589/1
f 307/307/1 308/308/1 870/870/1
f 307/307/1 870/870/1 869/869/1
f 27/27/1 309/309/1 28/28/1
f 27/27/1 308/308/1 309/309/1
f 589/589/1 590/590/1 871/871/1
f 589/589/1 871/871/1 870/870/1
f 27/27/1 590/590/1 28/28/1
f 27/27/1 589/589/1 590/590/1
f 308/308/1 309/309/1 871/871/1
f 308/308/1 871/871/1 870/870/1
f 28/28/1 310/310/1 29/29/1
f 28/28/1 309/309/1 310/310/1
f 590/590/1 591/591/1 872/872/1
f 590/590/1 872/872/1 871/871/1
f 28/28/1 591/591/1 29/29/1
f 28/28/1 590/590/1 591/591/1
f 309/309/1 310/310/1 872/872/1
f 309/309/1 872/872/1 871/871/1
f 29/29/1 311/311/1 30/30/1
f 29/29/1 310/310/1 311/311/1
f 591/591/1 592/592/1 873/873/1
f 591/591/1 873/873/1 872/872/1
f 29/29/1 592/592/1 30/30/1
f 29/29/1 591/591/1 592/592/1
f 310/310/1 311/311/1 873/873/1
f 310/310/1 873/873/1 872/872/1
f 30/30/1 312/312/1 31/31/1
f 30/30/1 311/311/1 312/312/1
f 592/592/1 593/593/1 874/874/1
f 592/592/1 874/874/1 873/873/1
f 30/30/1 593/593/1 31/31/1
f 30/30/1 592/592/1 593/593/1
f 311/311/1 312/312/1 874/874/1
f 311/311/1 874/874/1 873/873/1
f 31/31/1 313/313/1 32/32/1
f 31/31/1 312/312/1 313/313/1
f 593/593/1 594/594/1 875/875/1
f 593/593/1 875/875/1 874/874/1
f 31/31/1 594/594/1 32/32/1
f 31/31/1 593/593/1 594/594/1
f 312/312/1 313/313/1 875/875/1
f 312/312/1 875/875/1 874/874/1
f 32/32/1 314/314/1 33/33/1
f 32/32/1 313/313/1 314/314/1
f 594/594/1 595/595/1 876/876/1
f 594/594/1 876/876/1 875/875/1
f 32/32/1 595/595/1 33/33/1
f 32/32/1 594/594/1 595/595/1
f 313/313/1 314/314/1 876/876/1
f 313/313/1 876/876/1 875/875/1
f 33/33/1 315/315/1 34/34/1
f 33/33/1 314/314/1 315/315/1
f 595/595/1 596/596/1 877/877/1
f 595/595/1 877/877/1 876/876/1
f 33/33/1 596/596/1 34/34/1
f 33/33/1 595/595/1 596/596/1
f 314/314/1 315/315/1 877/877/1
f 314/314/1 877/877/1 876/876/1
f 34/34/1 316/316/1 35/35/1
f 34/34/1 315/315/1 316/316/1
f 596/596/1 597/597/1 878/878/1
f 596/596/1 878/878/1 877/877/1
f 34/34/1 597/597/1 35/35/1
f 34/34/1 596/596/1 597/597/1
f 315/315/1 316/316/1 878/878/1
f 315/315/1 878/878/1 877/877/1
f 35/35/1 317/317/1 36/36/1
f 35/35/1 316/316/1 317/317/1
f 597/597/1 598/598/1 879/879/1
f 597/597/1 879/879/1 878/878/1
f 35/35/1 598/598/1 36/36/1
f 35/35/1 597/597/1 598/598/1
f 316/316/1 317/317/1 879/879/1
f 316/316/1 879/879/1 878/878/1
f 36/36/1 318/318/1 37/37/1
f 36/36/1 317/317/1 318/318/1
f 598/598/1 599/599/1 880/880/1
f 598/598/1 880/880/1 879/879/1
f 36/36/1 599/599/1 37/37/1
f 36/36/1 598/598/1 599/599/1
f 317/317/1 318/318/1 880/880/1
f 317/317/1 880/880/1 879/879/1
f 37/37/1 319/319/1 38/38/1
f 37/37/1 318/318/1 319/319/1
f 599/599/1 600/600/1 881/881/1
f 599/599/1 881/881/1 880/880/1
f 37/37/1 600/600/1 38/38/1
f 37/37/1 599/599/1 600/600/1
f 318/318/1 319/319/1 881/881/1
f 318/318/1 881/881/1 880/880/1
f 38/38/1 320/320/1 39/39/1
f 38/38/1 319/319/1 320/320/1
f 600/600/1 601/601/1 882/882/1
f 600/600/1 882/882/1 881/881/1
f 38/38/1 601/601/1 39/39/1
f 38/38/1 600/600/1 601/601/1
f 319/319/1 320/320/1 882/882/1
f 319/319/1 882/882/1 881/881/1
f 39/39/1 321/321/1 40/40/1
f 39/39/1 320/320/1 321/321/1
f 601/601/1 602/602/1 883/883/1
f 601/601/1 883/883/1 882/882/1
f 39/39/1 602/602/1 40/40/1
f 39/39/1 601/601/1 602/602/1
f 320/320/1 321/321/1 883/883/1
f 320/320/1 883/883/1 882/882/1
f 40/40/1 322/322/1 41/41/1
f 40/40/1 321/321/1 322/322/1
f 602/602/1 603/603/1 884/884/1
f 602/602/1 884/884/1 883/883/1
f 40/40/1 603/603/1 41/41/1
f 40/40/1 602/602/1 603/603/1
f 321/321/1 322/322/1 884/884/1
f 321/321/1 884/884/1 883/883/1
f 41/41/1 323/323/1 42/42/1
f 41/41/1 322/322/1 323/323/1
f 603/603/1 604/604/1 885/885/1
f 603/603/1 885/885/1 884/884/1
f 41/41/1 604/604/1 42/42/1
f 41/41/1 603/603/1 604/604/1
f 322/322/1 323/323/1 885/885/1
f 322/322/1 885/885/1 884/884/1
f 42/42/1 324/324/1 43/43/1
f 42/42/1 323/323/1 324/324/1
f 604/604/1 605/605/1 886/886/1
f 604/604/1 886/886/1 885/885/1
f 42/42/1 605/605/1 43/43/1
f 42/42/1 604/604/1 605/605/1
f 323/323/1 324/324/1 886/886/1
f 323/323/1 886/886/1 885/885/1
f 43/43/1 325/325/1 44/44/1
f 43/43/1 324/324/1 325/325/1
f 605/605/1 606/606/1 887/887/1
f 605/605/1 887/887/1 886/886/1
f 43/43/1 606/606/1 44/44/1
f 43/43/1 605/605/1 606/606/1
f 324/324/1 325/325/1 887/887/1
f 324/324/1 887/887/1 886/886/1
f 44/44/1 326/326/1 45/45/1
f 44/44/1 325/325/1 326/326/1
f 606/606/1 607/607/1 888/888/1
f 606/606/1 888/888/1 887/887/1
f 44/44/1 607/607/1 45/45/1
f 44/44/1 606/606/1 607/607/1
f 325/325/1 326/326/1 888/888/1
f 325/325/1 888/888/1 887/887/1
f 45/45/1 327/327/1 46/46/1
f 45/45/1 326/326/1 327/327/1
f 607/607/1 608/608/1 889/889/1
f 607/607/1 889/889/1 888/888/1
f 45/45/1 608/608/1 46/46/1
f 45/45/1 607/607/1 608/608/1
f 326/326/1 327/327/1 889/889/1
f 326/326/1 889/889/1 888/888/1
f 46/46/1 328/328/1 47/47/1
f 46/46/1 327/327/1 328/328/1
f 608/608/1 609/609/1 890/890/1
f 608/608/1 890/890/1 889/889/1
f 46/46/1 609/609/1 47/47/1
f 46/46/1 608/608/1 609/609/1
f 327/327/1 328/328/1 890/890/1
f 327/327/1 890/890/1 889/889/1
f 47/47/1 329/329/1 48/48/1
f 47/47/1 328/328/1 329/329/1
f 609/609/1 610/610/1 891/891/1
f 609/609/1 891/891/1 890/890/1
f 47/47/1 610/610/1 48/48/1
f 47/47/1 609/609/1 610/610/1
f 328/328/1 329/329/1 891/891/1
f 328/328/1 891/891/1 890/890/1
f 48/48/1 330/330/1 49/49/1
f 48/48/1 329/329/1 330/330/1
f 610/610/1 611/611/1 892/892/1
f 610/610/1 892/892/1 891/891/1
f 48/48/1 611/611/1 49/49/1
f 48/48/1 610/610/1 611/611/1
f 329/329/1 330/330/1 892/892/1
f 329/329/1 892/892/1 891/891/1
f 49/49/1 331/331/1 50/50/1
f 49/49/1 330/330/1 331/331/1
f 611/611/1 612/612/1 893/893/1
f 611/611/1 893/893/1 892/892/1
f 49/49/1 612/612/1 50/50/1
f 49/49/1 611/611/1 612/612/1
f 330/330/1 331/331/1 893/893/1
f 330/330/1 893/893/1 892/892/1
f 50/50/1 332/332/1 51/51/1
f 50/50/1 331/331/1 332/332/1
f 612/612/1 613/613/1 894/894/1
f 612/612/1 894/894/1 893/893/1
f 50/50/1 613/613/1 51/51/1
f 50/50/1 612/612/1 613/613/1
f 331/331/1 332/332/1 894/894/1
f 331/331/1 894/894/1 893/893/1
f 51/51/1 333/333/1 52/52/1
f 51/51/1 332/332/1 333/333/1
f 613/613/1 614/614/1 895/895/1
f 613/613/1 895/895/1 894/894/1
f 51/51/1 614/614/1 52/52/1
f 51/51/1 613/613/1 614/614/1
f 332/332/1 333/333/1 895/895/1
f 332/332/1 895/895/1 894/894/1
f 52/52/1 334/334/1 53/53/1
f 52/52/1 333/333/1 334/334/1
f 614/614/1 615/615/1 896/896/1
f 614/614/1 896/896/1 895/895/1
f 52/52/1 615/615/1 53/53/1
f 52/52/1 614/614/1 615/615/1
f 333/333/1 334/334/1 896/896/1
f 333/333/1 896/896/1 895/895/1
f 53/53/1 335/335/1 54/54/1
f 53/53/1 334/334/1 335/335/1
f 615/615/1 616/616/1 897/897/1
f 615/615/1 897/897/1 896/896/1
f 53/53/1 616/616/1 54/54/1
f 53/53/1 615/615/1 616/616/1
f 334/334/1 335/335/1 897/897/1
f 334/334/1 897/897/1 896/896/1
f 54/54/1 336/336/1 55/55/1
f 54/54/1 335/335/1 336/336/1
f 616/616/1 617/617/1 898/898/1
f 616/616/1 898/898/1 897/897/1
f 54/54/1 617/617/1 55/55/1
f 54/54/1 616/616/1 617/617/1
f 335/335/1 336/336/1 898/898/1
f 335/335/1 898/898/1 897/897/1
f 55/55/1 337/337/1 56/56/1
f 55/55/1 336/336/1 337/337/1
f 617/617/1 618/618/1 899/899/1
f 617/617/1 899/899/1 898/898/1
f 55/55/1 618/618/1 56/56/1
f 55/55/1 617/617/1 618/618/1
f 336/336/1 337/337/1 899/899/1
f 336/336/1 899/899/1 898/898/1
f 56/56/1 338/338/1 57/57/1
f 56/56/1 337/337/1 338/338/1
f 618/618/1 619/619/1 900/900/1
f 618/618/1 900/900/1 899/899/1
f 56/56/1 619/619/1 57/57/1
f 56/56/1 618/618/1 619/619/1
f 337/337/1 338/338/1 900/900/1
f 337/337/1 900/900/1 899/899/1
f 57/57/1 339/339/1 58/58/1
f 57/57/1 338/338/1 339/339/1
f 619/619/1 620/620/1 901/901/1
f 619/619/1 901/901/1 900/900/1
f 57/57/1 620/620/1 58/58/1
f 57/57/1 619/619/1 620/620/1
f 338/338/1 339/339/1 901/901/1
f 338/338/1 901/901/1 900/900/1
f 58/58/1 340/340/1 59/59/1
f 58/58/1 339/339/1 340/340/1
f 620/620/1 621/621/1 902/902/1
f 620/620/1 902/902/1 901/901/1
f 58/58/1 621/621/1 59/59/1
f 58/58/1 620/620/1 621/621/1
f 339/339/1 340/340/1 902/902/1
f 339/339/1 902/902/1 901/901/1
f 59/59/1 341/341/1 60/60/1
f 59/59/1 340/340/1 341/341/1
f 621/621/1 622/622/1 903/903/1
f 621/621/1 903/903/1 902/902/1
f 59/59/1 622/622/1 60/60/1
f 59/59/1 621/621/1 622/622/1
f 340/340/1 341/341/1 903/903/1
f 340/340/1 903/903/1 902/902/1
f 60/60/1 342/342/1 61/61/1
f 60/60/1 341/341/1 342/342/1
f 622/622/1 623/623/1 904/904/1
f 622/622/1 904/904/1 903/903/1
f 60/60/1 623/623/1 61/61/1
f 60/60/1 622/622/1 623/623/1
f 341/341/1 342/342/1 904/904/1
f 341/341/1 904/904/1 903/903/1
f 61/61/1 343/343/1 62/62/1
f 61/61/1 342/342/1 343/343/1
f 623/623/1 624/624/1 905/905/1
f 623/623/1 905/905/1 904/904/1
f 61/61/1 624/624/1 62/62/1
f 61/61/1 623/623/1 624/624/1
f 342/342/1 343/343/1 905/905/1
f 342/342/1 905/905/1 904/904/1
f 62/62/1 344/344/1 63/63/1
f 62/62/1 343/343/1 344/344/1
f 624/624/1 625/625/1 906/906/1
f 624/624/1 906/906/1 905/905/1
f 62/62/1 625/625/1 63/63/1
f 62/62/1 624/624/1 625/625/1
f 343/343/1 344/344/1 906/906/1
f 343/343/1 906/906/1 905/905/1
f 63/63/1 345/345/1 64/64/1
f 63/63/1 344/344/1 345/345/1
f 625/625/1 626/626/1 907/907/1
f 625/625/1 907/907/1 906/906/1
f 63/63/1 626/626/1 64/64/1
f 63/63/1 625/625/1 626/626/1
f 344/344/1 345/345/1 907/907/1
f 344/344/1 907/907/1 906/906/1
f 64/64/1 346/346/1 65/65/1
f 64/64/1 345/345/1 346/346/1
f 626/626/1 627/627/1 908/908/1
f 626/626/1 908/908/1 907/907/1
f 64/64/1 627/627/1 65/65/1
f 64/64/1 626/626/1 627/627/1
f 345/345/1 346/346/1 908/908/1
f 345/345/1 908/908/1 907/907/1
f 65/65/1 347/347/1 66/66/1
f 65/65/1 346/346/1 347/347/1
f 627/627/1 628/628/1 909/909/1
f 627/627/1 909/909/1 908/908/1
f 65/65/1 628/628/1 66/66/1
f 65/65/1 627/627/1 628/628/1
f 346/346/1 347/347/1 909/909/1
f 346/346/1 909/909/1 908/908/1
f 66/66/1 348/348/1 67/67/1
f 66/66/1 347/347/1 348/348/1
f 628/628/1 629/629/1 910/910/1
f 628/628/1 910/910/1 909/909/1
f 66/66/1 629/629/1 67/67/1
f 66/66/1 628/628/1 629/629/1
f 347/347/1 348/348/1 910/910/1
f 347/347/1 910/910/1 909/909/1
f 67/67/1 349/349/1 68/68/1
f 67/67/1 348/348/1 349/349/1
f 629/629/1 630/630/1 911/911/1
f 629/629/1 911/911/1 910/910/1
f 67/67/1 630/630/1 68/68/1
f 67/67/1 629/629/1 630/630/1
f 348/348/1 349/349/1 911/911/1
f 348/348/1 911/911/1 910/910/1
f 68/68/1 350/350/1 69/69/1
f 68/68/1 349/349/1 350/350/1
f 630/630/1 631/631/1 912/912/1
f 630/630/1 912/912/1 911/911/1
f 68/68/1 631/631/1 69/69/1
f 68/68/1 630/630/1 631/631/1
f 349/349/1 350/350/1 912/912/1
f 349/349/1 912/912/1 911/911/1
f 69/69/1 351/351/1 70/70/1
f 69/69/1 350/350/1 351/351/1
f 631/631/1 632/632/1 913/913/1
f 631/631/1 913/913/1 912/912/1
f 69/69/1 632/632/1 70/70/1
f 69/69/1 631/631/1 632/632/1
f 350/350/1 351/351/1 913/913/1
f 350/350/1 913/913/1 912/912/1
f 70/70/1 352/352/1 71/71/1
f 70/70/1 351/351/1 352/352/1
f 632/632/1 633/633/1 914/914/1
f 632/632/1 914/914/1 913/913/1
f 70/70/1 633/633/1 71/71/1
f 70/70/1 632/632/1 633/633/1
f 351/351/1 352/352/1 914/914/1
f 351/351/1 914/914/1 913/913/1
f 71/71/1 353/353/1 72/72/1
f 71/71/1 352/352/1 353/353/1
f 633/633/1 634/634/1 915/915/1
f 633/633/1 915/915/1 914/914/1
f 71/71/1 634/634/1 72/72/1
f 71/71/1 633/633/1 634/634/1
f 352/352/1 353/353/1 915/915/1
f 352/352/1 915/915/1 914/914/1
f 72/72/1 354/354/1 73/73/1
f 72/72/1 353/353/1 354/354/1
f 634/634/1 635/635/1 916/916/1
f 634/634/1 916/916/1 915/915/1
f 72/72/1 635/635/1 73/73/1
f 72/72/1 634/634/1 635/635/1
f 353/353/1 354/354/1 916/916/1
f 353/353/1 916/916/1 915/915/1
f 73/73/1 355/355/1 74/74/1
f 73/73/1 354/354/1 355/355/1
f 635/635/1 636/636/1 917/917/1
f 635/635/1 917/917/1 916/916/1
f 73/73/1 636/636/1 74/74/1
f 73/73/1 635/635/1 636/636/1
f 354/354/1 355/355/1 917/917/1
f 354/354/1 917/917/1 916/916/1
f 74/74/1 356/356/1 75/75/1
f 74/74/1 355/355/1 356/356/1
f 636/636/1 637/637/1 918/918/1
f 636/636/1 918/918/1 917/917/1
f 74/74/1 637/637/1 75/75/1
f 74/74/1 636/636/1 637/637/1
f 355/355/1 356/356/1 918/918/1
f 355/355/1 918/918/1 917/917/1
f 75/75/1 357/357/1 76/76/1
f 75/75/1 356/356/1 357/357/1
f 637/637/1 638/638/1 919/919/1
f 637/637/1 919/919/1 918/918/1
f 75/75/1 638/638/1 76/76/1
f 75/75/1 637/637/1 638/638/1
f 356/356/1 357/357/1 919/919/1
f 356/356/1 919/919/1 918/918/1
f 76/76/1 358/358/1 77/77/1
f 76/76/1 357/357/1 358/358/1
f 638/638/1 639/639/1 920/920/1
f 638/638/1 920/920/1 919/919/1
f 76/76/1 639/639/1 77/77/1
f 76/76/1 638/638/1 639/639/1
f 357/357/1 358/358/1 920/920/1
f 357/357/1 920/920/1 919/919/1
f 77/77/1 359/359/1 78/78/1
f 77/77/1 358/358/1 359/359/1
f 639/639/1 640/640/1 921/921/1
f 639/639/1 921/921/1 920/920/1
f 77/77/1 640/640/1 78/78/1
f 77/77/1 639/639/1 640/640/1
f 358/358/1 359/359/1 921/921/1
f 358/358/1 921/921/1 920/920/1
f 78/78/1 360/360/1 79/79/1
f 78/78/1 359/359/1 360/360/1
f 640/640/1 641/641/1 922/922/1
f 640/640/1 922/922/1 921/921/1
f 78/78/1 641/641/1 79/79/1
f 78/78/1 640/640/1 641/641/1
f 359/359/1 360/360/1 922/922/1
f 359/359/1 922/922/1 921/921/1
f 79/79/1 361/361/1 80/80/1
f 79/79/1 360/360/1 361/361/1
f 641/641/1 642/642/1 923/923/1
f 641/641/1 923/923/1 922/922/1
f 79/79/1 642/642/1 80/80/1
f 79/79/1 641/641/1 642/642/1
f 360/360/1 361/361/1 923/923/1
f 360/360/1 923/923/1 922/922/1
f 80/80/1 362/362/1 81/81/1
f 80/80/1 361/361/1 362/362/1
f 642/642/1 643/643/1 924/924/1
f 642/642/1 924/924/1 923/923/1
f 80/80/1 643/643/1 81/81/1
f 80/80/1 642/642/1 643/643/1
f 361/361/1 362/362/1 924/924/1
f 361/361/1 924/924/1 923/923/1
f 81/81/1 363/363/1 82/82/1
f 81/81/1 362/362/1 363/363/1
f 643/643/1 644/644/1 925/925/1
f 643/643/1 925/925/1 924/924/1
f 81/81/1 644/644/1 82/82/1
f 81/81/1 643/643/1 644/644/1
f 362/362/1 363/363/1 925/925/1
f 362/362/1 925/925/1 924/924/1
f 82/82/1 364/364/1 83/83/1
f 82/82/1 363/363/1 364/364/1
f 644/644/1 645/645/1 926/926/1
f 644/644/1 926/926/1 925/925/1
f 82/82/1 645/645/1 83/83/1
f 82/82/1 644/644/1 645/645/1
f 363/363/1 364/364/1 926/926/1
f 363/363/1 926/926/1 925/925/1
f 83/83/1 365/365/1 84/84/1
f 83/83/1 364/364/1 365/365/1
f 645/645/1 646/646/1 927/927/1
f 645/645/1 927/927/1 926/926/1
f 83/83/1 646/646/1 84/84/1
f 83/83/1 645/645/1 646/646/1
f 364/364/1 365/365/1 927/927/1
f 364/364/1 927/927/1 926/926/1
f 84/84/1 366/366/1 85/85/1
f 84/84/1 365/365/1 366/366/1
f 646/646/1 647/647/1 928/928/1
f 646/646/1 928/928/1 927/927/1
f 84/84/1 647/647/1 85/85/1
f 84/84/1 646/646/1 647/647/1
f 365/365/1 366/366/1 928/928/1
f 365/365/1 928/928/1 927/927/1
f 85/85/1 367/367/1 86/86/1
f 85/85/1 366/366/1 367/367/1
f 647/647/1 648/648/1 929/929/1
f 647/647/1 929/929/1 928/928/1
f 85/85/1 648/648/1 86/86/1
f 85/85/1 647/647/1 648/648/1
f 366/366/1 367/367/1 929/929/1
f 366/366/1 929/929/1 928/928/1
f 86/86/1 368/368/1 87/87/1
f 86/86/1 367/367/1 368/368/1
f 648/648/1 649/649/1 930/930/1
f 648/648/1 930/930/1 929/929/1
f 86/86/1 649/649/1 87/87/1
f 86/86/1 648/648/1 649/649/1
f 367/367/1 368/368/1 930/930/1
f 367/367/1 930/930/1 929/929/1
f 87/87/1 369/369/1 88/88/1
f 87/87/1 368/368/1 369/369/1
f 649/649/1 650/650/1 931/931/1
f 649/649/1 931/931/1 930/930/1
f 87/87/1 650/650/1 88/88/1
f 87/87/1 649/649/1 650/650/1
f 368/368/1 369/369/1 931/931/1
f 368/368/1 931/931/1 930/930/1
f 88/88/1 370/370/1 89/89/1
f 88/88/1 369/369/1 370/370/1
f 650/650/1 651/651/1 932/932/1
f 650/650/1 932/932/1 931/931/1
f 88/88/1 651/651/1 89/89/1
f 88/88/1 650/650/1 651/651/1
f 369/369/1 370/370/1 932/932/1
f 369/369/1 932/932/1 931/931/1
f 89/89/1 371/371/1 90/90/1
f 89/89/1 370/370/1 371/371/1
f 651/651/1 652/652/1 933/933/1
f 651/651/1 933/933/1 932/932/1
f 89/89/1 652/652/1 90/90/1
f 89/89/1 651/651/1 652/652/1
f 370/370/1 371/371/1 933/933/1
f 370/370/1 933/933/1 932/932/1
f 90/90/1 372/372/1 91/91/1
f 90/90/1 371/371/1 372/372/1
f 652/652/1 653/653/1 934/934/1
f 652/652/1 934/934/1 933/933/1
f 90/90/1 653/653/1 91/91/1
f 90/90/1 652/652/1 653/653/1
f 371/371/1 372/372/1 934/934/1
f 371/371/1 934/934/1 933/933/1
f 91/91/1 373/373/1 92/92/1
f 91/91/1 372/372/1 373/373/1
f 653/653/1 654/654/1 935/935/1
f 653/653/1 935/935/1 934/934/1
f 91/91/1 654/654/1 92/92/1
f 91/91/1 653/653/1 654/654/1
f 372/372/1 373/373/1 935/935/1
f 372/372/1 935/935/1 934/934/1
f 92/92/1 374/374/1 93/93/1
f 92/92/1 373/373/1 374/374/1
f 654/654/1 655/655/1 936/936/1
f 654/654/1 936/936/1 935/935/1
f 92/92/1 655/655/1 93/93/1
f 92/92/1 654/654/1 655/655/1
f 373/373/1 374/374/1 936/936/1
f 373/373/1 936/936/1 935/935/1
f 93/93/1 375/375/1 94/94/1
f 93/93/1 374/374/1 375/375/1
f 655/655/1 656/656/1 937/937/1
f 655/655/1 937/937/1 936/936/1
f 93/93/1 656/656/1 94/94/1
f 93/93/1 655/655/1 656/656/1
f 374/374/1 375/375/1 937/937/1
f 374/374/1 937/937/1 936/936/1
f 94/94/1 376/376/1 95/95/1
f 94/94/1 375/375/1 376/376/1
f 656/656/1 657/657/1 938/938/1
f 656/656/1 938/938/1 937/937/1
f 94/94/1 657/657/1 95/95/1
f 94/94/1 656/656/1 657/657/1
f 375/375/1 376/376/1 938/938/1
f 375/375/1 938/938/1 937/937/1
f 95/95/1 377/377/1 96/96/1
f 95/95/1 376/376/1 377/377/1
f 657/657/1 658/658/1 939/939/1
f 657/657/1 939/939/1 938/938/1
f 95/95/1 658/658/1 96/96/1
f 95/95/1 657/657/1 658/658/1
f 376/376/1 377/377/1 939/939/1
f 376/376/1 939/939/1 938/938/1
f 96/96/1 378/378/1 97/97/1
f 96/96/1 377/377/1 378/378/1
f 658/658/1 659/659/1 940/940/1
f 658/658/1 940/940/1 939/939/1
f 96/96/1 659/659/1 97/97/1
f 96/96/1 658/658/1 659/659/1
f 377/377/1 378/378/1 940/940/1
f 377/377/1 940/940/1 939/939/1
f 97/97/1 379/379/1 98/98/1
f 97/97/1 378/378/1 379/379/1
f 659/659/1 660/660/1 941/941/1
f 659/659/1 941/941/1 940/940/1
f 97/97/1 660/660/1 98/98/1
f 97/97/1 659/659/1 660/660/1
f 378/378/1 379/379/1 941/941/1
f 378/378/1 941/941/1 940/940/1
f 98/98/1 380/380/1 99/99/1
f 98/98/1 379/379/1 380/380/1
f 660/660/1 661/661/1 942/942/1
f 660/660/1 942/942/1 941/941/1
f 98/98/1 661/661/1 99/99/1
f 98/98/1 660/660/1 661/661/1
f 379/379/1 380/380/1 942/942/1
f 379/379/1 942/942/1 941/941/1
f 99/99/1 381/381/1 100/100/1
f 99/99/1 380/380/1 381/381/1
f 661/661/1 662/662/1 943/943/1
f 661/661/1 943/943/1 942/942/1
f 99/99/1 662/662/1 100/100/1
f 99/99/1 661/661/1 662/662/1
f 380/380/1 381/381/1 943/943/1
f 380/380/1 943/943/1 942/942/1
f 100/100/1 382/382/1 101/101/1
f 100/100/1 381/381/1 382/382/1
f 662/662/1 663/663/1 944/944/1
f 662/662/1 944/944/1 943/943/1
f 100/100/1 663/663/1 101/101/1
f 100/100/1 662/662/1 663/663/1
f 381/381/1 382/382/1 944/944/1
f 381/381/1 944/944/1 943/943/1
f 101/101/1 383/383/1 102/102/1
f 101/101/1 382/382/1 383/383/1
f 663/663/1 664/664/1 945/945/1
f 663/663/1 945/945/1 944/944/1
f 101/101/1 664/664/1 102/102/1
f 101/101/1 663/663/1 664/664/1
f 382/382/1 383/383/1 945/945/1
f 382/382/1 945/945/1 944/944/1
f 102/102/1 384/384/1 103/103/1
f 102/102/1 383/383/1 384/384/1
f 664/664/1 665/665/1 946/946/1
f 664/664/1 946/946/1 945/945/1
f 102/102/1 665/665/1 103/103/1
f 102/102/1 664/664/1 665/665/1
f 383/383/1 384/384/1 946/946/1
f 383/383/1 946/946/1 945/945/1
f 103/103/1 385/385/1 104/104/1
f 103/103/1 384/384/1 385/385/1
f 665/665/1 666/666/1 947/947/1
f 665/665/1 947/947/1 946/946/1
f 103/103/1 666/666/1 104/104/1
f 103/103/1 665/665/1 666/666/1
f 384/384/1 385/385/1 947/947/1
f 384/384/1 947/947/1 946/946/1
f 104/104/1 386/386/1 105/105/1
f 104/104/1 385/385/1 386/386/1
f 666/666/1 667/667/1 948/948/1
f 666/666/1 948/948/1 947/947/1
f 104/104/1 667/667/1 105/105/1
f 104/104/1 666/666/1 667/667/1
f 385/385/1 386/386/1 948/948/1
f 385/385/1 948/948/1 947/947/1
f 105/105/1 387/387/1 106/106/1
f 105/105/1 386/386/1 387/387/1
f 667/667/1 668/668/1 949/949/1
f 667/667/1 949/949/1 948/948/1
f 105/105/1 668/668/1 106/106/1
f 105/105/1 667/667/1 668/668/1
f 386/386/1 387/387/1 949/949/1
f 386/386/1 949/949/1 948/948/1
f 106/106/1 388/388/1 107/107/1
f 106/106/1 387/387/1 388/388/1
f 668/668/1 669/669/1 950/950/1
f 668/668/1 950/950/1 949/949/1
f 106/106/1 669/669/1 107/107/1
f 106/106/1 668/668/1 669/669/1
f 387/387/1 388/388/1 950/950/1
f 387/387/1 950/950/1 949/949/1
f 107/107/1 389/389/1 108/108/1
f 107/107/1 388/388/1 389/389/1
f 669/669/1 670/670/1 951/951/1
f 669/669/1 951/951/1 950/950/1
f 107/107/1 670/670/1 108/108/1
f 107/107/1 669/669/1 670/670/1
f 388/388/1 389/389/1 951/951/1
f 388/388/1 951/951/1 950/950/1
f 108/108/1 390/390/1 109/109/1
f 108/108/1 389/389/1 390/390/1
f 670/670/1 671/671/1 952/952/1
f 670/670/1 952/952/1 951/951/1
f 108/108/1 671/671/1 109/109/1
f 108/108/1 670/670/1 671/671/1
f 389/389/1 390/390/1 952/952/1
f 389/389/1 952/952/1 951/951/1
f 109/109/1 391/391/1 110/110/1
f 109/109/1 390/390/1 391/391/1
f 671/671/1 672/672/1 953/953/1
f 671/671/1 953/953/1 952/952/1
f 109/109/1 672/672/1 110/110/1
f 109/109/1 671/671/1 672/672/1
f 390/390/1 391/391/1 953/953/1
f 390/390/1 953/953/1 952/952/1
f 110/110/1 392/392/1 111/111/1
f 110/110/1 391/391/1 392/392/1
f 672/672/1 673/673/1 954/954/1
f 672/672/1 954/954/1 953/953/1
f 110/110/1 673/673/1 111/111/1
f 110/110/1 672/672/1 673/673/1
f 391/391/1 392/392/1 954/954/1
f 391/391/1 954/954/1 953/953/1
f 111/111/1 393/393/1 112/112/1
f 111/111/1 392/392/1 393/393/1
f 673/673/1 674/674/1 955/955/1
f 673/673/1 955/955/1 954/954/1
f 111/111/1 674/674/1 112/112/1
f 111/111/1 673/673/1 674/674/1
f 392/392/1 393/393/1 955/955/1
f 392/392/1 955/955/1 954/954/1
f 112/112/1 394/394/1 113/113/1
f 112/112/1 393/393/1 394/394/1
f 674/674/1 675/675/1 956/956/1
f 674/674/1 956/956/1 955/955/1
f 112/112/1 675/675/1 113/113/1
f 112/112/1 674/674/1 675/675/1
f 393/393/1 394/394/1 956/956/1
f 393/393/1 956/956/1 955/955/1
f 113/113/1 395/395/1 114/114/1
f 113/113/1 394/394/1 395/395/1
f 675/675/1 676/676/1 957/957/1
f 675/675/1 957/957/1 956/956/1
f 113/113/1 676/676/1 114/114/1
f 113/113/1 675/675/1 676/676/1
f 394/394/1 395/395/1 957/957/1
f 394/394/1 957/957/1 956/956/1
f 114/114/1 396/396/1 115/115/1
f 114/114/1 395/395/1 396/396/1
f 676/676/1 677/677/1 958/958/1
f 676/676/1 958/958/1 957/957/1
f 114/114/1 677/677/1 115/115/1
f 114/114/1 676/676/1 677/677/1
f 395/395/1 396/396/1 958/958/1
f 395/395/1 958/958/1 957/957/1
f 115/115/1 397/397/1 116/116/1
f 115/115/1 396/396/1 397/397/1
f 677/677/1 678/678/1 959/959/1
f 677/677/1 959/959/1 958/958/1
f 115/115/1 678/678/1 116/116/1
f 115/115/1 677/677/1 678/678/1
f 396/396/1 397/397/1 959/959/1
f 396/396/1 959/959/1 958/958/1
f 116/116/1 398/398/1 117/117/1
f 116/116/1 397/397/1 398/398/1
f 678/678/1 679/679/1 960/960/1
f 678/678/1 960/960/1 959/959/1
f 116/116/1 679/679/1 117/117/1
f 116/116/1 678/678/1 679/679/1
f 397/397/1 398/398/1 960/960/1
f 397/397/1 960/960/1 959/959/1
f 117/117/1 399/399/1 118/118/1
f 117/117/1 398/398/1 399/399/1
f 679/679/1 680/680/1 961/961/1
f 679/679/1 961/961/1 960/960/1
f 117/117/1 680/680/1 118/118/1
f 117/117/1 679/679/1 680/680/1
f 398/398/1 399/399/1 961/961/1
f 398/398/1 961/961/1 960/960/1
f 118/118/1 400/400/1 119/119/1
f 118/118/1 399/399/1 400/400/1
f 680/680/1 681/681/1 962/962/1
f 680/680/1 962/962/1 961/961/1
f 118/118/1 681/681/1 119/119/1
f 118/118/1 680/680/1 681/681/1
f 399/399/1 400/400/1 962/962/1
f 399/399/1 962/962/1 961/961/1
f 119/119/1 401/401/1 120/120/1
f 119/119/1 400/400/1 401/401/1
f 681/681/1 682/682/1 963/963/1
f 681/681/1 963/963/1 962/962/1
f 119/119/1 682/682/1 120/120/1
f 119/119/1 681/681/1 682/682/1
f 400/400/1 401/401/1 963/963/1
f 400/400/1 963/963/1 962/962/1
f 120/120/1 402/402/1 121/121/1
f 120/120/1 401/401/1 402/402/1
f 682/682/1 683/683/1 964/964/1
f 682/682/1 964/964/1 963/963/1
f 120/120/1 683/683/1 121/121/1
f 120/120/1 682/682/1 683/683/1
f 401/401/1 402/402/1 964/964/1
f 401/401/1 964/964/1 963/963/1
f 121/121/1 403/403/1 122/122/1
f 121/121/1 402/402/1 403/403/1
f 683/683/1 684/684/1 965/965/1
f 683/683/1 965/965/1 964/964/1
f 121/121/1 684/684/1 122/122/1
f 121/121/1 683/683/1 684/684/1
f 402/402/1 403/403/1 965/965/1
f 402/402/1 965/965/1 964/964/1
f 122/122/1 404/404/1 123/123/1
f 122/122/1 403/403/1 404/404/1
f 684/684/1 685/685/1 966/966/1
f 684/684/1 966/966/1 965/965/1
f 122/122/1 685/685/1 123/123/1
f 122/122/1 684/684/1 685/685/1
f 403/403/1 404/404/1 966/966/1
f 403/403/1 966/966/1 965/965/1
f 123/123/1 405/405/1 124/124/1
f 123/123/1 404/404/1 405/405/1
f 685/685/1 686/686/1 967/967/1
f 685/685/1 967/967/1 966/966/1
f 123/123/1 686/686/1 124/124/1
f 123/123/1 685/685/1 686/686/1
f 404/404/1 405/405/1 967/967/1
f 404/404/1 967/967/1 966/966/1
f 124/124/1 406/406/1 125/125/1
f 124/124/1 405/405/1 406/406/1
f 686/686/1 687/687/1 968/968/1
f 686/686/1 968/968/1 967/967/1
f 124/124/1 687/687/1 125/125/1
f 124/124/1 686/686/1 687/687/1
f 405/405/1 406/406/1 968/968/1
f 405/405/1 968/968/1 967/967/1
f 125/125/1 407/407/1 126/126/1
f 125/125/1 406/406/1 407/407/1
f 687/687/1 688/688/1 969/969/1
f 687/687/1 969/969/1 968/968/1
f 125/125/1 688/688/1 126/126/1
f 125/125/1 687/687/1 688/688/1
f 406/406/1 407/407/1 969/969/1
f 406/406/1 969/969/1 968/968/1
f 126/126/1 408/408/1 127/127/1
f 126/126/1 407/407/1 408/408/1
f 688/688/1 689/689/1 970/970/1
f 688/688/1 970/970/1 969/969/1
f 126/126/1 689/689/1 127/127/1
f 126/126/1 688/688/1 689/689/1
f 407/407/1 408/408/1 970/970/1
f 407/407/1 970/970/1 969/969/1
f 127/127/1 409/409/1 128/128/1
f 127/127/1 408/408/1 409/409/1
f 689/689/1 690/690/1 971/971/1
f 689/689/1 971/971/1 970/970/1
f 127/127/1 690/690/1 128/128/1
f 127/127/1 689/689/1 690/690/1
f 408/408/1 409/409/1 971/971/1
f 408/408/1 971/971/1 970/970/1
f 128/128/1 410/410/1 129/129/1
f 128/128/1 409/409/1 410/410/1
f 690/690/1 691/691/1 972/972/1
f 690/690/1 972/972/1 971/971/1
f 128/128/1 691/691/1 129/129/1
f 128/128/1 690/690/1 691/691/1
f 409/409/1 410/410/1 972/972/1
f 409/409/1 972/972/1 971/971/1
f 129/129/1 411/411/1 130/130/1
f 129/129/1 410/410/1 411/411/1
f 691/691/1 692/692/1 973/973/1
f 691/691/1 973/973/1 972/972/1
f 129/129/1 692/692/1 130/130/1
f 129/129/1 691/691/1 692/692/1
f 410/410/1 411/411/1 973/973/1
f 410/410/1 973/973/1 972/972/1
f 130/130/1 412/412/1 131/131/1
f 130/130/1 411/411/1 412/412/1
f 692/692/1 693/693/1 974/974/1
f 692/692/1 974/974/1 973/973/1
f 130/130/1 693/693/1 131/131/1
f 130/130/1 692/692/1 693/693/1
f 411/411/1 412/412/1 974/974/1
f 411/411/1 974/974/1 973/973/1
f 131/131/1 413/413/1 132/132/1
f 131/131/1 412/412/1 413/413/1
f 693/693/1 694/694/1 975/975/1
f 693/693/1 975/975/1 974/974/1
f 131/131/1 694/694/1 132/132/1
f 131/131/1 693/693/1 694/694/1
f 412/412/1 413/413/1 975/975/1
f 412/412/1 975/975/1 974/974/1
f 132/132/1 414/414/1 133/133/1
f 132/132/1 413/413/1 414/414/1
f 694/694/1 695/695/1 976/976/1
f 694/694/1 976/976/1 975/975/1
f 132/132/1 695/695/1 133/133/1
f 132/132/1 694/694/1 695/695/1
f 413/413/1 414/414/1 976/976/1
f 413/413/1 976/976/1 975/975/1
f 133/133/1 415/415/1 134/134/1
f 133/133/1 414/414/1 415/415/1
f 695/695/1 696/696/1 977/977/1
f 695/695/1 977/977/1 976/976/1
f 133/133/1 696/696/1 134/134/1
f 133/133/1 695/695/1 696/696/1
f 414/414/1 415/415/1 977/977/1
f 414/414/1 977/977/1 976/976/1
f 134/134/1 416/416/1 135/135/1
f 134/134/1 415/415/1 416/416/1
f 696/696/1 697/697/1 978/978/1
f 696/696/1 978/978/1 977/977/1
f 134/134/1 697/697/1 135/135/1
f 134/134/1 696/696/1 697/697/1
f 415/415/1 416/416/1 978/978/1
f 415/415/1 978/978/1 977/977/1
f 135/135/1 417/417/1 136/136/1
f 135/135/1 416/416/1 417/417/1
f 697/697/1 698/698/1 979/979/1
f 697/697/1 979/979/1 978/978/1
f 135/135/1 698/698/1 136/136/1
f 135/135/1 697/697/1 698/698/1
f 416/416/1 417/417/1 979/979/1
f 416/416/1 979/979/1 978/978/1
f 136/136/1 418/418/1 137/137/1
f 136/136/1 417/417/1 418/418/1
f 698/698/1 699/699/1 980/980/1
f 698/698/1 980/980/1 979/979/1
f 136/136/1 699/699/1 137/137/1
f 136/136/1 698/698/1 699/699/1
f 417/417/1 418/418/1 980/980/1
f 417/417/1 980/980/1 979/979/1
f 137/137/1 419/419/1 138/138/1
f 137/137/1 418/418/1 419/419/1
f 699/699/1 700/700/1 981/981/1
f 699/699/1 981/981/1 980/980/1
f 137/137/1 700/700/1 138/138/1
f 137/137/1 699/699/1 700/700/1
f 418/418/1 419/419/1 981/981/1
f 418/418/1 981/981/1 980/980/1
f 138/138/1 420/420/1 139/139/1
f 138/138/1 419/419/1 420/420/1
f 700/700/1 701/701/1 982/982/1
f 700/700/1 982/982/1 981/981/1
f 138/138/1 701/701/1 139/139/1
f 138/138/1 700/700/1 701/701/1
f 419/419/1 420/420/1 982/982/1
f 419/419/1 982/982/1 981/981/1
f 139/139/1 421/421/1 140/140/1
f 139/139/1 420/420/1 421/421/1
f 701/701/1 702/702/1 983/983/1
f 701/701/1 983/983/1 982/982/1
f 139/139/1 702/702/1 140/140/1
f 139/139/1 701/701/1 702/702/1
f 420/420/1 421/421/1 983/983/1
f 420/420/1 983/983/1 982/982/1
f 140/140/1 422/422/1 141/141/1
f 140/140/1 421/421/1 422/422/1
f 702/702/1 703/703/1 984/984/1
f 702/702/1 984/984/1 983/983/1
f 140/140/1 703/703/1 141/141/1
f 140/140/1 702/702/1 703/703/1
f 421/421/1 422/422/1 984/984/1
f 421/421/1 984/984/1 983/983/1
f 141/141/1 423/423/1 142/142/1
f 141/141/1 422/422/1 423/423/1
f 703/703/1 704/704/1 985/985/1
f 703/703/1 985/985/1 984/984/1
f 141/141/1 704/704/1 142/142/1
f 141/141/1 703/703/1 704/704/1
f 422/422/1 423/423/1 985/985/1
f 422/422/1 985/985/1 984/984/1
f 142/142/1 424/424/1 143/143/1
f 142/142/1 423/423/1 424/424/1
f 704/704/1 705/705/1 986/986/1
f 704/704/1 986/986/1 985/985/1
f 142/142/1 705/705/1 143/143/1
f 142/142/1 704/704/1 705/705/1
f 423/423/1 424/424/1 986/986/1
f 423/423/1 986/986/1 985/985/1
f 143/143/1 425/425/1 144/144/1
f 143/143/1 424/424/1 425/425/1
f 705/705/1 706/706/1 987/987/1
f 705/705/1 987/987/1 986/986/1
f 143/143/1 706/706/1 144/144/1
f 143/143/1 705/705/1 706/706/1
f 424/424/1 425/425/1 987/987/1
f 424/424/1 987/987/1 986/986/1
f 144/144/1 426/426/1 145/145/1
f 144/144/1 425/425/1 426/426/1
f 706/706/1 707/707/1 988/988/1
f 706/706/1 988/988/1 987/987/1
f 144/144/1 707/707/1 145/145/1
f 144/144/1 706/706/1 707/707/1
f 425/425/1 426/426/1 988/988/1
f 425/425/1 988/988/1 987/987/1
f 145/145/1 427/427/1 146/146/1
f 145/145/1 426/426/1 427/427/1
f 707/707/1 708/708/1 989/989/1
f 707/707/1 989/989/1 988/988/1
f 145/145/1 708/708/1 146/146/1
f 145/145/1 707/707/1 708/708/1
f 426/426/1 427/427/1 989/989/1
f 426/426/1 989/989/1 988/988/1
f 146/146/1 428/428/1 147/147/1
f 146/146/1 427/427/1 428/428/1
f 708/708/1 709/709/1 990/990/1
f 708/708/1 990/990/1 989/989/1
f 146/146/1 709/709/1 147/147/1
f 146/146/1 708/708/1 709/709/1
f 427/427/1 428/428/1 990/990/1
f 427/427/1 990/990/1 989/989/1
f 147/147/1 429/429/1 148/148/1
f 147/147/1 428/428/1 429/429/1
f 709/709/1 710/710/1 991/991/1
f 709/709/1 991/991/1 990/990/1
f 147/147/1 710/710/1 148/148/1
f 147/147/1 709/709/1 710/710/1
f 428/428/1 429/429/1 991/991/1
f 428/428/1 991/991/1 990/990/1
f 148/148/1 430/430/1 149/149/1
f 148/148/1 429/429/1 430/430/1
f 710/710/1 711/711/1 992/992/1
f 710/710/1 992/992/1 991/991/1
f 148/148/1 711/711/1 149/149/1
f 148/148/1 710/710/1 711/711/1
f 429/429/1 430/430/1 992/992/1
f 429/429/1 992/992/1 991/991/1
f 149/149/1 431/431/1 150/150/1
f 149/149/1 430/430/1 431/431/1
f 711/711/1 712/712/1 993/993/1
f 711/711/1 993/993/1 992/992/1
f 149/149/1 712/712/1 150/150/1
f 149/149/1 711/711/1 712/712/1
f 430/430/1 431/431/1 993/993/1
f 430/430/1 993/993/1 992/992/1
f 150/150/1 432/432/1 151/151/1
f 150/150/1 431/431/1 432/432/1
f 712/712/1 713/713/1 994/994/1
f 712/712/1 994/994/1 993/993/1
f 150/150/1 713/713/1 151/151/1
f 150/150/1 712/712/1 713/713/1
f 431/431/1 432/432/1 994/994/1
f 431/431/1 994/994/1 993/993/1
f 151/151/1 433/433/1 152/152/1
f 151/151/1 432/432/1 433/433/1
f 713/713/1 714/714/1 995/995/1
f 713/713/1 995/995/1 994/994/1
f 151/151/1 714/714/1 152/152/1
f 151/151/1 713/713/1 714/714/1
f 432/432/1 433/433/1 995/995/1
f 432/432/1 995/995/1 994/994/1
f 152/152/1 434/434/1 153/153/1
f 152/152/1 433/433/1 434/434/1
f 714/714/1 715/715/1 996/996/1
f 714/714/1 996/996/1 995/995/1
f 152/152/1 715/715/1 153/153/1
f 152/152/1 714/714/1 715/715/1
f 433/433/1 434/434/1 996/996/1
f 433/433/1 996/996/1 995/995/1
f 153/153/1 435/435/1 154/154/1
f 153/153/1 434/434/1 435/435/1
f 715/715/1 716/716/1 997/997/1
f 715/715/1 997/997/1 996/996/1
f 153/153/1 716/716/1 154/154/1
f 153/153/1 715/715/1 716/716/1
f 434/434/1 435/435/1 997/997/1
f 434/434/1 997/997/1 996/996/1
f 154/154/1 436/436/1 155/155/1
f 154/154/1 435/435/1 436/436/1
f 716/716/1 717/717/1 998/998/1
f 716/716/1 998/998/1 997/997/1
f 154/154/1 717/717/1 155/155/1
f 154/154/1 716/716/1 717/717/1
f 435/435/1 436/436/1 998/998/1
f 435/435/1 998/998/1 997/997/1
f 155/155/1 437/437/1 156/156/1
f 155/155/1 436/436/1 437/437/1
f 717/717/1 718/718/1 999/999/1
f 717/717/1 999/999/1 998/998/1
f 155/155/1 718/718/1 156/156/1
f 155/155/1 717/717/1 718/718/1
f 436/436/1 437/437/1 999/999/1
f 436/436/1 999/999/1 998/998/1
f 156/156/1 438/438/1 157/157/1
f 156/156/1 437/437/1 438/438/1
f 718/718/1 719/719/1 1000/1000/1
f 718/718/1 1000/1000/1 999/999/1
f 156/156/1 719/719/1 157/157/1
f 156/156/1 718/718/1 719/719/1
f 437/437/1 438/438/1 1000/1000/1
f 437/437/1 1000/1000/1 999/999/1
f 157/157/1 439/439/1 158/158/1
f 157/157/1 438/438/1 439/439/1
f 719/719/1 720/720/1 1001/1001/1
f 719/719/1 1001/1001/1 1000/1000/1
f 157/157/1 720/720/1 158/158/1
f 157/157/1 719/719/1 720/720/1
f 438/438/1 439/439/1 1001/1001/1
f 438/438/1 1001/1001/1 1000/1000/1
f 158/158/1 440/440/1 159/159/1
f 158/158/1 439/439/1 440/440/1
f 720/720/1 721/721/1 1002/1002/1
f 720/720/1 1002/1002/1 1001/1001/1
f 158/158/1 721/721/1 159/159/1
f 158/158/1 720/720/1 721/721/1
f 439/439/1 440/440/1 1002/1002/1
f 439/439/1 1002/1002/1 1001/1001/1
f 159/159/1 441/441/1 160/160/1
f 159/159/1 440/440/1 441/441/1
f 721/721/1 722/722/1 1003/1003/1
f 721/721/1 1003/1003/1 1002/1002/1
f 159/159/1 722/722/1 160/160/1
f 159/159/1 721/721/1 722/722/1
f 440/440/1 441/441/1 1003/1003/1
f 440/440/1 1003/1003/1 1002/1002/1
f 160/160/1 442/442/1 161/161/1
f 160/160/1 441/441/1 442/442/1
f 722/722/1 723/723/1 1004/1004/1
f 722/722/1 1004/1004/1 1003/1003/1
f 160/160/1 723/723/1 161/161/1
f 160/160/1 722/722/1 723/723/1
f 441/441/1 442/442/1 1004/1004/1
f 441/441/1 1004/1004/1 1003/1003/1
f 161/161/1 443/443/1 162/162/1
f 161/161/1 442/442/1 443/443/1
f 723/723/1 724/724/1 1005/1005/1
f 723/723/1 1005/1005/1 1004/1004/1
f 161/161/1 724/724/1 162/162/1
f 161/161/1 723/723/1 724/724/1
f 442/442/1 443/443/1 1005/1005/1
f 442/442/1 1005/1005/1 1004/1004/1
f 162/162/1 444/444/1 163/163/1
f 162/162/1 443/443/1 444/444/1
f 724/724/1 725/725/1 1006/1006/1
f 724/724/1 1006/1006/1 1005/1005/1
f 162/162/1 725/725/1 163/163/1
f 162/162/1 724/724/1 725/725/1
f 443/443/1 444/444/1 1006/1006/1
f 443/443/1 1006/1006/1 1005/1005/1
f 163/163/1 445/445/1 164/164/1
f 163/163/1 444/444/1 445/445/1
f 725/725/1 726/726/1 1007/1007/1
f 725/725/1 1007/1007/1 1006/1006/1
f 163/163/1 726/726/1 164/164/1
f 163/163/1 725/725/1 726/726/1
f 444/444/1 445/445/1 1007/1007/1
f 444/444/1 1007/1007/1 1006/1006/1
f 164/164/1 446/446/1 165/165/1
f 164/164/1 445/445/1 446/446/1
f 726/726/1 727/727/1 1008/1008/1
f 726/726/1 1008/1008/1 1007/1007/1
f 164/164/1 727/727/1 165/165/1
f 164/164/1 726/726/1 727/727/1
f 445/445/1 446/446/1 1008/1008/1
f 445/445/1 1008/1008/1 1007/1007/1
f 165/165/1 447/447/1 166/166/1
f 165/165/1 446/446/1 447/447/1
f 727/727/1 728/728/1 1009/1009/1
f 727/727/1 1009/1009/1 1008/1008/1
f 165/165/1 728/728/1 166/166/1
f 165/165/1 727/727/1 728/728/1
f 446/446/1 447/447/1 1009/1009/1
f 446/446/1 1009/1009/1 1008/1008/1
f 166/166/1 448/448/1 167/167/1
f 166/166/1 447/447/1 448/448/1
f 728/728/1 729/729/1 1010/1010/1
f 728/728/1 1010/1010/1 1009/1009/1
f 166/166/1 729/729/1 167/167/1
f 166/166/1 728/728/1 729/729/1
f 447/447/1 448/448/1 1010/1010/1
f 447/447/1 1010/1010/1 1009/1009/1
f 167/167/1 449/449/1 168/168/1
f 167/167/1 448/448/1 449/449/1
f 729/729/1 730/730/1 1011/1011/1
f 729/729/1 1011/1011/1 1010/1010/1
f 167/167/1 730/730/1 168/168/1
f 167/167/1 729/729/1 730/730/1
f 448/448/1 449/449/1 1011/1011/1
f 448/448/1 1011/1011/1 1010/1010/1
f 168/168/1 450/450/1 169/169/1
f 168/168/1 449/449/1 450/450/1
f 730/730/1 731/731/1 1012/1012/1
f 730/730/1 1012/1012/1 1011/1011/1
f 168/168/1 731/731/1 169/169/1
f 168/168/1 730/730/1 731/731/1
f 449/449/1 450/450/1 1012/1012/1
f 449/449/1 1012/1012/1 1011/1011/1
f 169/169/1 451/451/1 170/170/1
f 169/169/1 450/450/1 451/451/1
f 731/731/1 732/732/1 1013/1013/1
f 731/731/1 1013/1013/1 1012/1012/1
f 169/169/1 732/732/1 170/170/1
f 169/169/1 731/731/1 732/732/1
f 450/450/1 451/451/1 1013/1013/1
f 450/450/1 1013/1013/1 1012/1012/1
f 170/170/1 452/452/1 171/171/1
f 170/170/1 451/451/1 452/452/1
f 732/732/1 733/733/1 1014/1014/1
f 732/732/1 1014/1014/1 1013/1013/1
f 170/170/1 733/733/1 171/171/1
f 170/170/1 732/732/1 733/733/1
f 451/451/1 452/452/1 1014/1014/1
f 451/451/1 1014/1014/1 1013/1013/1
f 171/171/1 453/453/1 172/172/1
f 171/171/1 452/452/1 453/453/1
f 733/733/1 734/734/1 1015/1015/1
f 733/733/1 1015/1015/1 1014/1014/1
f 171/171/1 734/734/1 172/172/1
f 171/171/1 733/733/1 734/734/1
f 452/452/1 453/453/1 1015/1015/1
f 452/452/1 1015/1015/1 1014/1014/1
f 172/172/1 454/454/1 173/173/1
f 172/172/1 453/453/1 454/454/1
f 734/734/1 735/735/1 1016/1016/1
f 734/734/1 1016/1016/1 1015/1015/1
f 172/172/1 735/735/1 173/173/1
f 172/172/1 734/734/1 735/735/1
f 453/453/1 454/454/1 1016/1016/1
f 453/453/1 1016/1016/1 1015/1015/1
f 173/173/1 455/455/1 174/174/1
f 173/173/1 454/454/1 455/455/1
f 735/735/1 736/736/1 1017/1017/1
f 735/735/1 1017/1017/1 1016/1016/1
f 173/173/1 736/736/1 174/174/1
f 173/173/1 735/735/1 736/736/1
f 454/454/1 455/455/1 1017/1017/1
f 454/454/1 1017/1017/1 1016/1016/1
f 174/174/1 456/456/1 175/175/1
f 174/174/1 455/455/1 456/456/1
f 736/736/1 737/737/1 1018/1018/1
f 736/736/1 1018/1018/1 1017/1017/1
f 174/174/1 737/737/1 175/175/1
f 174/174/1 736/736/1 737/737/1
f 455/455/1 456/456/1 1018/1018/1
f 455/455/1 1018/1018/1 1017/1017/1
f 175/175/1 457/457/1 176/176/1
f 175/175/1 456/456/1 457/457/1
f 737/737/1 738/738/1 1019/1019/1
f 737/737/1 1019/1019/1 1018/1018/1
f 175/175/1 738/738/1 176/176/1
f 175/175/1 737/737/1 738/738/1
f 456/456/1 457/457/1 1019/1019/1
f 456/456/1 1019/1019/1 1018/1018/1
f 176/176/1 458/458/1 177/177/1
f 176/176/1 457/457/1 458/458/1
f 738/738/1 739/739/1 1020/1020/1
f 738/738/1 1020/1020/1 1019/1019/1
f 176/176/1 739/739/1 177/177/1
f 176/176/1 738/738/1 739/739/1
f 457/457/1 458/458/1 1020/1020/1
f 457/457/1 1020/1020/1 1019/1019/1
f 177/177/1 459/459/1 178/178/1
f 177/177/1 458/458/1 459/459/1
f 739/739/1 740/740/1 1021/1021/1
f 739/739/1 1021/1021/1 1020/1020/1
f 177/177/1 740/740/1 178/178/1
f 177/177/1 739/739/1 740/740/1
f 458/458/1 459/459/1 1021/1021/1
f 458/458/1 1021/1021/1 1020/1020/1
f 178/178/1 460/460/1 179/179/1
f 178/178/1 459/459/1 460/460/1
f 740/740/1 741/741/1 1022/1022/1
f 740/740/1 1022/1022/1 1021/1021/1
f 178/178/1 741/741/1 179/179/1
f 178/178/1 740/740/1 741/741/1
f 459/459/1 460/460/1 1022/1022/1
f 459/459/1 1022/1022/1 1021/1021/1
f 179/179/1 461/461/1 180/180/1
f 179/179/1 460/460/1 461/461/1
f 741/741/1 742/742/1 1023/1023/1
f 741/741/1 1023/1023/1 1022/1022/1
f 179/179/1 742/742/1 180/180/1
f 179/179/1 741/741/1 742/742/1
f 460/460/1 461/461/1 1023/1023/1
f 460/460/1 1023/1023/1 1022/1022/1
f 180/180/1 462/462/1 181/181/1
f 180/180/1 461/461/1 462/462/1
f 742/742/1 743/743/1 1024/1024/1
f 742/742/1 1024/1024/1 1023/1023/1
f 180/180/1 743/743/1 181/181/1
f 180/180/1 742/742/1 743/743/1
f 461/461/1 462/462/1 1024/1024/1
f 461/461/1 1024/1024/1 1023/1023/1
f 181/181/1 463/463/1 182/182/1
f 181/181/1 462/462/1 463/463/1
f 743/743/1 744/744/1 1025/1025/1
f 743/743/1 1025/1025/1 1024/1024/1
f 181/181/1 744/744/1 182/182/1
f 181/181/1 743/743/1 744/744/1
f 462/462/1 463/463/1 1025/1025/1
f 462/462/1 1025/1025/1 1024/1024/1
f 182/182/1 464/464/1 183/183/1
f 182/182/1 463/463/1 464/464/1
f 744/744/1 745/745/1 1026/1026/1
f 744/744/1 1026/1026/1 1025/1025/1
f 182/182/1 745/745/1 183/183/1
f 182/182/1 744/744/1 745/745/1
f 463/463/1 464/464/1 1026/1026/1
f 463/463/1 1026/1026/1 1025/1025/1
f 183/183/1 465/465/1 184/184/1
f 183/183/1 464/464/1 465/465/1
f 745/745/1 746/746/1 1027/1027/1
f 745/745/1 1027/1027/1 1026/1026/1
f 183/183/1 746/746/1 184/184/1
f 183/183/1 745/745/1 746/746/1
f 464/464/1 465/465/1 1027/1027/1
f 464/464/1 1027/1027/1 1026/1026/1
f 184/184/1 466/466/1 185/185/1
f 184/184/1 465/465/1 466/466/1
f 746/746/1 747/747/1 1028/1028/1
f 746/746/1 1028/1028/1 1027/1027/1
f 184/184/1 747/747/1 185/185/1
f 184/184/1 746/746/1 747/747/1
f 465/465/1 466/466/1 1028/1028/1
f 465/465/1 1028/1028/1 1027/1027/1
f 185/185/1 467/467/1 186/186/1
f 185/185/1 466/466/1 467/467/1
f 747/747/1 748/748/1 1029/1029/1
f 747/747/1 1029/1029/1 1028/1028/1
f 185/185/1 748/748/1 186/186/1
f 185/185/1 747/747/1 748/748/1
f 466/466/1 467/467/1 1029/1029/1
f 466/466/1 1029/1029/1 1028/1028/1
f 186/186/1 468/468/1 187/187/1
f 186/186/1 467/467/1 468/468/1
f 748/748/1 749/749/1 1030/1030/1
f 748/748/1 1030/1030/1 1029/1029/1
f 186/186/1 749/749/1 187/187/1
f 186/186/1 748/748/1 749/749/1
f 467/467/1 468/468/1 1030/1030/1
f 467/467/1 1030/1030/1 1029/1029/1
f 187/187/1 469/469/1 188/188/1
f 187/187/1 468/468/1 469/469/1
f 749/749/1 750/750/1 1031/1031/1
f 749/749/1 1031/1031/1 1030/1030/1
f 187/187/1 750/750/1 188/188/1
f 187/187/1 749/749/1 750/750/1
f 468/468/1 469/469/1 1031/1031/1
f 468/468/1 1031/1031/1 1030/1030/1
f 188/188/1 470/470/1 189/189/1
f 188/188/1 469/469/1 470/470/1
f 750/750/1 751/751/1 1032/1032/1
f 750/750/1 1032/1032/1 1031/1031/1
f 188/188/1 751/751/1 189/189/1
f 188/188/1 750/750/1 751/751/1
f 469/469/1 470/470/1 1032/1032/1
f 469/469/1 1032/1032/1 1031/1031/1
f 189/189/1 471/471/1 190/190/1
f 189/189/1 470/470/1 471/471/1
f 751/751/1 752/752/1 1033/1033/1
f 751/751/1 1033/1033/1 1032/1032/1
f 189/189/1 752/752/1 190/190/1
f 189/189/1 751/751/1 752/752/1
f 470/470/1 471/471/1 1033/1033/1
f 470/470/1 1033/1033/1 1032/1032/1
f 190/190/1 472/472/1 191/191/1
f 190/190/1 471/471/1 472/472/1
f 752/752/1 753/753/1 1034/1034/1
f 752/752/1 1034/1034/1 1033/1033/1
f 190/190/1 753/753/1 191/191/1
f 190/190/1 752/752/1 753/753/1
f 471/471/1 472/472/1 1034/1034/1
f 471/471/1 1034/1034/1 1033/1033/1
f 191/191/1 473/473/1 192/192/1
f 191/191/1 472/472/1 473/473/1
f 753/753/1 754/754/1 1035/1035/1
f 753/753/1 1035/1035/1 1034/1034/1
f 191/191/1 754/754/1 192/192/1
f 191/191/1 753/753/1 754/754/1
f 472/472/1 473/473/1 1035/1035/1
f 472/472/1 1035/1035/1 1034/1034/1
f 192/192/1 474/474/1 193/193/1
f 192/192/1 473/473/1 474/474/1
f 754/754/1 755/755/1 1036/1036/1
f 754/754/1 1036/1036/1 1035/1035/1
f 192/192/1 755/755/1 193/193/1
f 192/192/1 754/754/1 755/755/1
f 473/473/1 474/474/1 1036/1036/1
f 473/473/1 1036/1036/1 1035/1035/1
f 193/193/1 475/475/1 194/194/1
f 193/193/1 474/474/1 475/475/1
f 755/755/1 756/756/1 1037/1037/1
f 755/755/1 1037/1037/1 1036/1036/1
f 193/193/1 756/756/1 194/194/1
f 193/193/1 755/755/1 756/756/1
f 474/474/1 475/475/1 1037/1037/1
f 474/474/1 1037/1037/1 1036/1036/1
f 194/194/1 476/476/1 195/195/1
f 194/194/1 475/475/1 476/476/1
f 756/756/1 757/757/1 1038/1038/1
f 756/756/1 1038/1038/1 1037/1037/1
f 194/194/1 757/757/1 195/195/1
f 194/194/1 756/756/1 757/757/1
f 475/475/1 476/476/1 1038/1038/1
f 475/475/1 1038/1038/1 1037/1037/1
f 195/195/1 477/477/1 196/196/1
f 195/195/1 476/476/1 477/477/1
f 757/757/1 758/758/1 1039/1039/1
f 757/757/1 1039/1039/1 1038/1038/1
f 195/195/1 758/758/1 196/196/1
f 195/195/1 757/757/1 758/758/1
f 476/476/1 477/477/1 1039/1039/1
f 476/476/1 1039/1039/1 1038/1038/1
f 196/196/1 478/478/1 197/197/1
f 196/196/1 477/477/1 478/478/1
f 758/758/1 759/759/1 1040/1040/1
f 758/758/1 1040/1040/1 1039/1039/1
f 196/196/1 759/759/1 197/197/1
f 196/196/1 758/758/1 759/759/1
f 477/477/1 478/478/1 1040/1040/1
f 477/477/1 1040/1040/1 1039/1039/1
f 197/197/1 479/479/1 198/198/1
f 197/197/1 478/478/1 479/479/1
f 759/759/1 760/760/1 1041/1041/1
f 759/759/1 1041/1041/1 1040/1040/1
f 197/197/1 760/760/1 198/198/1
f 197/197/1 759/759/1 760/760/1
f 478/478/1 479/479/1 1041/1041/1
f 478/478/1 1041/1041/1 1040/1040/1
f 198/198/1 480/480/1 199/199/1
f 198/198/1 479/479/1 480/480/1
f 760/760/1 761/761/1 1042/1042/1
f 760/760/1 1042/1042/1 1041/1041/1
f 198/198/1 761/761/1 199/199/1
f 198/198/1 760/760/1 761/761/1
f 479/479/1 480/480/1 1042/1042/1
f 479/479/1 1042/1042/1 1041/1041/1
f 199/199/1 481/481/1 200/200/1
f 199/199/1 480/480/1 481/481/1
f 761/761/1 762/762/1 1043/1043/1
f 761/761/1 1043/1043/1 1042/1042/1
f 199/199/1 762/762/1 200/200/1
f 199/199/1 761/761/1 762/762/1
f 480/480/1 481/481/1 1043/1043/1
f 480/480/1 1043/1043/1 1042/1042/1
f 200/200/1 482/482/1 201/201/1
f 200/200/1 481/481/1 482/482/1
f 762/762/1 763/763/1 1044/1044/1
f 762/762/1 1044/1044/1 1043/1043/1
f 200/200/1 763/763/1 201/201/1
f 200/200/1 762/762/1 763/763/1
f 481/481/1 482/482/1 1044/1044/1
f 481/481/1 1044/1044/1 1043/1043/1
f 201/201/1 483/483/1 202/202/1
f 201/201/1 482/482/1 483/483/1
f 763/763/1 764/764/1 1045/1045/1
f 763/763/1 1045/1045/1 1044/1044/1
f 201/201/1 764/764/1 202/202/1
f 201/201/1 763/763/1 764/764/1
f 482/482/1 483/483/1 1045/1045/1
f 482/482/1 1045/1045/1 1044/1044/1
f 202/202/1 484/484/1 203/203/1
f 202/202/1 483/483/1 484/484/1
f 764/764/1 765/765/1 1046/1046/1
f 764/764/1 1046/1046/1 1045/1045/1
f 202/202/1 765/765/1 203/203/1
f 202/202/1 764/764/1 765/765/1
f 483/483/1 484/484/1 1046/1046/1
f 483/483/1 1046/1046/1 1045/1045/1
f 203/203/1 485/485/1 204/204/1
f 203/203/1 484/484/1 485/485/1
f 765/765/1 766/766/1 1047/1047/1
f 765/765/1 1047/1047/1 1046/1046/1
f 203/203/1 766/766/1 204/204/1
f 203/203/1 765/765/1 766/766/1
f 484/484/1 485/485/1 1047/1047/1
f 484/484/1 1047/1047/1 1046/1046/1
f 204/204/1 486/486/1 205/205/1
f 204/204/1 485/485/1 486/486/1
f 766/766/1 767/767/1 1048/1048/1
f 766/766/1 1048/1048/1 1047/1047/1
f 204/204/1 767/767/1 205/205/1
f 204/204/1 766/766/1 767/767/1
f 485/485/1 486/486/1 1048/1048/1
f 485/485/1 1048/1048/1 1047/1047/1
f 205/205/1 487/487/1 206/206/1
f 205/205/1 486/486/1 487/487/1
f 767/767/1 768/768/1 1049/1049/1
f 767/767/1 1049/1049/1 1048/1048/1
f 205/205/1 768/768/1 206/206/1
f 205/205/1 767/767/1 768/768/1
f 486/486/1 487/487/1 1049/1049/1
f 486/486/1 1049/1049/1 1048/1048/1
f 206/206/1 488/488/1 207/207/1
f 206/206/1 487/487/1 488/488/1
f 768/768/1 769/769/1 1050/1050/1
f 768/768/1 1050/1050/1 1049/1049/1
f 206/206/1 769/769/1 207/207/1
f 206/206/1 768/768/1 769/769/1
f 487/487/1 488/488/1 1050/1050/1
f 487/487/1 1050/1050/1 1049/1049/1
f 207/207/1 489/489/1 208/208/1
f 207/207/1 488/488/1 489/489/1
f 769/769/1 770/770/1 1051/1051/1
f 769/769/1 1051/1051/1 1050/1050/1
f 207/207/1 770/770/1 208/208/1
f 207/207/1 769/769/1 770/770/1
f 488/488/1 489/489/1 1051/1051/1
f 488/488/1 1051/1051/1 1050/1050/1
f 208/208/1 490/490/1 209/209/1
f 208/208/1 489/489/1 490/490/1
f 770/770/1 771/771/1 1052/1052/1
f 770/770/1 1052/1052/1 1051/1051/1
f 208/208/1 771/771/1 209/209/1
f 208/208/1 770/770/1 771/771/1
f 489/489/1 490/490/1 1052/1052/1
f 489/489/1 1052/1052/1 1051/1051/1
f 209/209/1 491/491/1 210/210/1
f 209/209/1 490/490/1 491/491/1
f 771/771/1 772/772/1 1053/1053/1
f 771/771/1 1053/1053/1 1052/1052/1
f 209/209/1 772/772/1 210/210/1
f 209/209/1 771/771/1 772/772/1
f 490/490/1 491/491/1 1053/1053/1
f 490/490/1 1053/1053/1 1052/1052/1
f 210/210/1 492/492/1 211/211/1
f 210/210/1 491/491/1 492/492/1
f 772/772/1 773/773/1 1054/1054/1
f 772/772/1 1054/1054/1 1053/1053/1
f 210/210/1 773/773/1 211/211/1
f 210/210/1 772/772/1 773/773/1
f 491/491/1 492/492/1 1054/1054/1
f 491/491/1 1054/1054/1 1053/1053/1
f 211/211/1 493/493/1 212/212/1
f 211/211/1 492/492/1 493/493/1
f 773/773/1 774/774/1 1055/1055/1
f 773/773/1 1055/1055/1 1054/1054/1
f 211/211/1 774/774/1 212/212/1
f 211/211/1 773/773/1 774/774/1
f 492/492/1 493/493/1 1055/1055/1
f 492/492/1 1055/1055/1 1054/1054/1
f 212/212/1 494/494/1 213/213/1
f 212/212/1 493/493/1 494/494/1
f 774/774/1 775/775/1 1056/1056/1
f 774/774/1 1056/1056/1 1055/1055/1
f 212/212/1 775/775/1 213/213/1
f 212/212/1 774/774/1 775/775/1
f 493/493/1 494/494/1 1056/1056/1
f 493/493/1 1056/1056/1 1055/1055/1
f 213/213/1 495/495/1 214/214/1
f 213/213/1 494/494/1 495/495/1
f 775/775/1 776/776/1 1057/1057/1
f 775/775/1 1057/1057/1 1056/1056/1
f 213/213/1 776/776/1 214/214/1
f 213/213/1 775/775/1 776/776/1
f 494/494/1 495/495/1 1057/1057/1
f 494/494/1 1057/1057/1 1056/1056/1
f 214/214/1 496/496/1 215/215/1
f 214/214/1 495/495/1 496/496/1
f 776/776/1 777/777/1 1058/1058/1
f 776/776/1 1058/1058/1 1057/1057/1
f 214/214/1 777/777/1 215/215/1
f 214/214/1 776/776/1 777/777/1
f 495/495/1 496/496/1 1058/1058/1
f 495/495/1 1058/1058/1 1057/1057/1
f 215/215/1 497/497/1 216/216/1
f 215/215/1 496/496/1 497/497/1
f 777/777/1 778/778/1 1059/1059/1
f 777/777/1 1059/1059/1 1058/1058/1
f 215/215/1 778/778/1 216/216/1
f 215/215/1 777/777/1 778/778/1
f 496/496/1 497/497/1 1059/1059/1
f 496/496/1 1059/1059/1 1058/1058/1
f 216/216/1 498/498/1 217/217/1
f 216/216/1 497/497/1 498/498/1
f 778/778/1 779/779/1 1060/1060/1
f 778/778/1 1060/1060/1 1059/1059/1
f 216/216/1 779/779/1 217/217/1
f 216/216/1 778/778/1 779/779/1
f 497/497/1 498/498/1 1060/1060/1
f 497/497/1 1060/1060/1 1059/1059/1
f 217/217/1 499/499/1 218/218/1
f 217/217/1 498/498/1 499/499/1
f 779/779/1 780/780/1 1061/1061/1
f 779/779/1 1061/1061/1 1060/1060/1
f 217/217/1 780/780/1 218/218/1
f 217/217/1 779/779/1 780/780/1
f 498/498/1 499/499/1 1061/1061/1
f 498/498/1 1061/1061/1 1060/1060/1
f 218/218/1 500/500/1 219/219/1
f 218/218/1 499/499/1 500/500/1
f 780/780/1 781/781/1 1062/1062/1
f 780/780/1 1062/1062/1 1061/1061/1
f 218/218/1 781/781/1 219/219/1
f 218/218/1 780/780/1 781/781/1
f 499/499/1 500/500/1 1062/1062/1
f 499/499/1 1062/1062/1 1061/1061/1
f 219/219/1 501/501/1 220/220/1
f 219/219/1 500/500/1 501/501/1
f 781/781/1 782/782/1 1063/1063/1
f 781/781/1 1063/1063/1 1062/1062/1
f 219/219/1 782/782/1 220/220/1
f 219/219/1 781/781/1 782/782/1
f 500/500/1 501/501/1 1063/1063/1
f 500/500/1 1063/1063/1 1062/1062/1
f 220/220/1 502/502/1 221/221/1
f 220/220/1 501/501/1 502/502/1
f 782/782/1 783/783/1 1064/1064/1
f 782/782/1 1064/1064/1 1063/1063/1
f 220/220/1 783/783/1 221/221/1
f 220/220/1 782/782/1 783/783/1
f 501/501/1 502/502/1 1064/1064/1
f 501/501/1 1064/1064/1 1063/1063/1
f 221/221/1 503/503/1 222/222/1
f 221/221/1 502/502/1 503/503/1
f 783/783/1 784/784/1 1065/1065/1
f 783/783/1 1065/1065/1 1064/1064/1
f 221/221/1 784/784/1 222/222/1
f 221/221/1 783/783/1 784/784/1
f 502/502/1 503/503/1 1065/1065/1
f 502/502/1 1065/1065/1 1064/1064/1
f 222/222/1 504/504/1 223/223/1
f 222/222/1 503/503/1 504/504/1
f 784/784/1 785/785/1 1066/1066/1
f 784/784/1 1066/1066/1 1065/1065/1
f 222/222/1 785/785/1 223/223/1
f 222/222/1 784/784/1 785/785/1
f 503/503/1 504/504/1 1066/1066/1
f 503/503/1 1066/1066/1 1065/1065/1
f 223/223/1 505/505/1 224/224/1
f 223/223/1 504/504/1 505/505/1
f 785/785/1 786/786/1 1067/1067/1
f 785/785/1 1067/1067/1 1066/1066/1
f 223/223/1 786/786/1 224/224/1
f 223/223/1 785/785/1 786/786/1
f 504/504/1 505/505/1 1067/1067/1
f 504/504/1 1067/1067/1 1066/1066/1
f 224/224/1 506/506/1 225/225/1
f 224/224/1 505/505/1 506/506/1
f 786/786/1 787/787/1 1068/1068/1
f 786/786/1 1068/1068/1 1067/1067/1
f 224/224/1 787/787/1 225/225/1
f 224/224/1 786/786/1 787/787/1
f 505/505/1 506/506/1 1068/1068/1
f 505/505/1 1068/1068/1 1067/1067/1
f 225/225/1 507/507/1 226/226/1
f 225/225/1 506/506/1 507/507/1
f 787/787/1 788/788/1 1069/1069/1
f 787/787/1 1069/1069/1 1068/1068/1
f 225/225/1 788/788/1 226/226/1
f 225/225/1 787/787/1 788/788/1
f 506/506/1 507/507/1 1069/1069/1
f 506/506/1 1069/1069/1 1068/1068/1
f 226/226/1 508/508/1 227/227/1
f 226/226/1 507/507/1 508/508/1
f 788/788/1 789/789/1 1070/1070/1
f 788/788/1 1070/1070/1 1069/1069/1
f 226/226/1 789/789/1 227/227/1
f 226/226/1 788/788/1 789/789/1
f 507/507/1 508/508/1 1070/1070/1
f 507/507/1 1070/1070/1 1069/1069/1
f 227/227/1 509/509/1 228/228/1
f 227/227/1 508/508/1 509/509/1
f 789/789/1 790/790/1 1071/1071/1
f 789/789/1 1071/1071/1 1070/1070/1
f 227/227/1 790/790/1 228/228/1
f 227/227/1 789/789/1 790/790/1
f 508/508/1 509/509/1 1071/1071/1
f 508/508/1 1071/1071/1 1070/1070/1
f 228/228/1 510/510/1 229/229/1
f 228/228/1 509/509/1 510/510/1
f 790/790/1 791/791/1 1072/1072/1
f 790/790/1 1072/1072/1 1071/1071/1
f 228/228/1 791/791/1 229/229/1
f 228/228/1 790/790/1 791/791/1
f 509/509/1 510/510/1 1072/1072/1
f 509/509/1 1072/1072/1 1071/1071/1
f 229/229/1 511/511/1 230/230/1
f 229/229/1 510/510/1 511/511/1
f 791/791/1 792/792/1 1073/1073/1
f 791/791/1 1073/1073/1 1072/1072/1
f 229/229/1 792/792/1 230/230/1
f 229/229/1 791/791/1 792/792/1
f 510/510/1 511/511/1 1073/1073/1
f 510/510/1 1073/1073/1 1072/1072/1
f 230/230/1 512/512/1 231/231/1
f 230/230/1 511/511/1 512/512/1
f 792/792/1 793/793/1 1074/1074/1
f 792/792/1 1074/1074/1 1073/1073/1
f 230/230/1 793/793/1 231/231/1
f 230/230/1 792/792/1 793/793/1
f 511/511/1 512/512/1 1074/1074/1
f 511/511/1 1074/1074/1 1073/1073/1
f 231/231/1 513/513/1 232/232/1
f 231/231/1 512/512/1 513/513/1
f 793/793/1 794/794/1 1075/1075/1
f 793/793/1 1075/1075/1 1074/1074/1
f 231/231/1 794/794/1 232/232/1
f 231/231/1 793/793/1 794/794/1
f 512/512/1 513/513/1 1075/1075/1
f 512/512/1 1075/1075/1 1074/1074/1
f 232/232/1 514/514/1 233/233/1
f 232/232/1 513/513/1 514/514/1
f 794/794/1 795/795/1 1076/1076/1
f 794/794/1 1076/1076/1 1075/1075/1
f 232/232/1 795/795/1 233/233/1
f 232/232/1 794/794/1 795/795/1
f 513/513/1 514/514/1 1076/1076/1
f 513/513/1 1076/1076/1 1075/1075/1
f 233/233/1 515/515/1 234/234/1
f 233/233/1 514/514/1 515/515/1
f 795/795/1 796/796/1 1077/1077/1
f 795/795/1 1077/1077/1 1076/1076/1
f 233/233/1 796/796/1 234/234/1
f 233/233/1 795/795/1 796/796/1
f 514/514/1 515/515/1 1077/1077/1
f 514/514/1 1077/1077/1 1076/1076/1
f 234/234/1 516/516/1 235/235/1
f 234/234/1 515/515/1 516/516/1
f 796/796/1 797/797/1 1078/1078/1
f 796/796/1 1078/1078/1 1077/1077/1
f 234/234/1 797/797/1 235/235/1
f 234/234/1 796/796/1 797/797/1
f 515/515/1 516/516/1 1078/1078/1
f 515/515/1 1078/1078/1 1077/1077/1
f 235/235/1 517/517/1 236/236/1
f 235/235/1 516/516/1 517/517/1
f 797/797/1 798/798/1 1079/1079/1
f 797/797/1 1079/1079/1 1078/1078/1
f 235/235/1 798/798/1 236/236/1
f 235/235/1 797/797/1 798/798/1
f 516/516/1 517/517/1 1079/1079/1
f 516/516/1 1079/1079/1 1078/1078/1
f 236/236/1 518/518/1 237/237/1
f 236/236/1 517/517/1 518/518/1
f 798/798/1 799/799/1 1080/1080/1
f 798/798/1 1080/1080/1 1079/1079/1
f 236/236/1 799/799/1 237/237/1
f 236/236/1 798/798/1 799/799/1
f 517/517/1 518/518/1 1080/1080/1
f 517/517/1 1080/1080/1 1079/1079/1
f 237/237/1 519/519/1 238/238/1
f 237/237/1 518/518/1 519/519/1
f 799/799/1 800/800/1 1081/1081/1
f 799/799/1 1081/1081/1 1080/1080/1
f 237/237/1 800/800/1 238/238/1
f 237/237/1 799/799/1 800/800/1
f 518/518/1 519/519/1 1081/1081/1
f 518/518/1 1081/1081/1 1080/1080/1
f 238/238/1 520/520/1 239/239/1
f 238/238/1 519/519/1 520/520/1
f 800/800/1 801/801/1 1082/1082/1
f 800/800/1 1082/1082/1 1081/1081/1
f 238/238/1 801/801/1 239/239/1
f 238/238/1 800/800/1 801/801/1
f 519/519/1 520/520/1 1082/1082/1
f 519/519/1 1082/1082/1 1081/1081/1
f 239/239/1 521/521/1 240/240/1
f 239/239/1 520/520/1 521/521/1
f 801/801/1 802/802/1 1083/1083/1
f 801/801/1 1083/1083/1 1082/1082/1
f 239/239/1 802/802/1 240/240/1
f 239/239/1 801/801/1 802/802/1
f 520/520/1 521/521/1 1083/1083/1
f 520/520/1 1083/1083/1 1082/1082/1
f 240/240/1 522/522/1 241/241/1
f 240/240/1 521/521/1 522/522/1
f 802/802/1 803/803/1 1084/1084/1
f 802/802/1 1084/1084/1 1083/1083/1
f 240/240/1 803/803/1 241/241/1
f 240/240/1 802/802/1 803/803/1
f 521/521/1 522/522/1 1084/1084/1
f 521/521/1 1084/1084/1 1083/1083/1
f 241/241/1 523/523/1 242/242/1
f 241/241/1 522/522/1 523/523/1
f 803/803/1 804/804/1 1085/1085/1
f 803/803/1 1085/1085/1 1084/1084/1
f 241/241/1 804/804/1 242/242/1
f 241/241/1 803/803/1 804/804/1
f 522/522/1 523/523/1 1085/1085/1
f 522/522/1 1085/1085/1 1084/1084/1
f 242/242/1 524/524/1 243/243/1
f 242/242/1 523/523/1 524/524/1
f 804/804/1 805/805/1 1086/1086/1
f 804/804/1 1086/1086/1 1085/1085/1
f 242/242/1 805/805/1 243/243/1
f 242/242/1 804/804/1 805/805/1
f 523/523/1 524/524/1 1086/1086/1
f 523/523/1 1086/1086/1 1085/1085/1
f 243/243/1 525/525/1 244/244/1
f 243/243/1 524/524/1 525/525/1
f 805/805/1 806/806/1 1087/1087/1
f 805/805/1 1087/1087/1 1086/1086/1
f 243/243/1 806/806/1 244/244/1
f 243/243/1 805/805/1 806/806/1
f 524/524/1 525/525/1 1087/1087/1
f 524/524/1 1087/1087/1 1086/1086/1
f 244/244/1 526/526/1 245/245/1
f 244/244/1 525/525/1 526/526/1
f 806/806/1 807/807/1 1088/1088/1
f 806/806/1 1088/1088/1 1087/1087/1
f 244/244/1 807/807/1 245/245/1
f 244/244/1 806/806/1 807/807/1
f 525/525/1 526/526/1 1088/1088/1
f 525/525/1 1088/1088/1 1087/1087/1
f 245/245/1 527/527/1 246/246/1
f 245/245/1 526/526/1 527/527/1
f 807/807/1 808/808/1 1089/1089/1
f 807/807/1 1089/1089/1 1088/1088/1
f 245/245/1 808/808/1 246/246/1
f 245/245/1 807/807/1 808/808/1
f 526/526/1 527/527/1 1089/1089/1
f 526/526/1 1089/1089/1 1088/1088/1
f 246/246/1 528/528/1 247/247/1
f 246/246/1 527/527/1 528/528/1
f 808/808/1 809/809/1 1090/1090/1
f 808/808/1 1090/1090/1 1089/1089/1
f 246/246/1 809/809/1 247/247/1
f 246/246/1 808/808/1 809/809/1
f 527/527/1 528/528/1 1090/1090/1
f 527/527/1 1090/1090/1 1089/1089/1
f 247/247/1 529/529/1 248/248/1
f 247/247/1 528/528/1 529/529/1
f 809/809/1 810/810/1 1091/1091/1
f 809/809/1 1091/1091/1 1090/1090/1
f 247/247/1 810/810/1 248/248/1
f 247/247/1 809/809/1 810/810/1
f 528/528/1 529/529/1 1091/1091/1
f 528/528/1 1091/1091/1 1090/1090/1
f 248/248/1 530/530/1 249/249/1
f 248/248/1 529/529/1 530/530/1
f 810/810/1 811/811/1 1092/1092/1
f 810/810/1 1092/1092/1 1091/1091/1
f 248/248/1 811/811/1 249/249/1
f 248/248/1 810/810/1 811/811/1
f 529/529/1 530/530/1 1092/1092/1
f 529/529/1 1092/1092/1 1091/1091/1
f 249/249/1 531/531/1 250/250/1
f 249/249/1 530/530/1 531/531/1
f 811/811/1 812/812/1 1093/1093/1
f 811/811/1 1093/1093/1 1092/1092/1
f 249/249/1 812/812/1 250/250/1
f 249/249/1 811/811/1 812/812/1
f 530/530/1 531/531/1 1093/1093/1
f 530/530/1 1093/1093/1 1092/1092/1
f 250/250/1 532/532/1 251/251/1
f 250/250/1 531/531/1 532/532/1
f 812/812/1 813/813/1 1094/1094/1
f 812/812/1 1094/1094/1 1093/1093/1
f 250/250/1 813/813/1 251/251/1
f 250/250/1 812/812/1 813/813/1
f 531/531/1 532/532/1 1094/1094/1
f 531/531/1 1094/1094/1 1093/1093/1
f 251/251/1 533/533/1 252/252/1
f 251/251/1 532/532/1 533/533/1
f 813/813/1 814/814/1 1095/1095/1
f 813/813/1 1095/1095/1 1094/1094/1
f 251/251/1 814/814/1 252/252/1
f 251/251/1 813/813/1 814/814/1
f 532/532/1 533/533/1 1095/1095/1
f 532/532/1 1095/1095/1 1094/1094/1
f 252/252/1 534/534/1 253/253/1
f 252/252/1 533/533/1 534/534/1
f 814/814/1 815/815/1 1096/1096/1
f 814/814/1 1096/1096/1 1095/1095/1
f 252/252/1 815/815/1 253/253/1
f 252/252/1 814/814/1 815/815/1
f 533/533/1 534/534/1 1096/1096/1
f 533/533/1 1096/1096/1 1095/1095/1
f 253/253/1 535/535/1 254/254/1
f 253/253/1 534/534/1 535/535/1
f 815/815/1 816/816/1 1097/1097/1
f 815/815/1 1097/1097/1 1096/1096/1
f 253/253/1 816/816/1 254/254/1
f 253/253/1 815/815/1 816/816/1
f 534/534/1 535/535/1 1097/1097/1
f 534/534/1 1097/1097/1 1096/1096/1
f 254/254/1 536/536/1 255/255/1
f 254/254/1 535/535/1 536/536/1
f 816/816/1 817/817/1 1098/1098/1
f 816/816/1 1098/1098/1 1097/1097/1
f 254/254/1 817/817/1 255/255/1
f 254/254/1 816/816/1 817/817/1
f 535/535/1 536/536/1 1098/1098/1
f 535/535/1 1098/1098/1 1097/1097/1
f 255/255/1 537/537/1 256/256/1
f 255/255/1 536/536/1 537/537/1
f 817/817/1 818/818/1 1099/1099/1
f 817/817/1 1099/1099/1 1098/1098/1
f 255/255/1 818/818/1 256/256/1
f 255/255/1 817/817/1 818/818/1
f 536/536/1 537/537/1 1099/1099/1
f 536/536/1 1099/1099/1 1098/1098/1
f 256/256/1 538/538/1 257/257/1
f 256/256/1 537/537/1 538/538/1
f 818/818/1 819/819/1 1100/1100/1
f 818/818/1 1100/1100/1 1099/1099/1
f 256/256/1 819/819/1 257/257/1
f 256/256/1 818/818/1 819/819/1
f 537/537/1 538/538/1 1100/1100/1
f 537/537/1 1100/1100/1 1099/1099/1
f 257/257/1 539/539/1 258/258/1
f 257/257/1 538/538/1 539/539/1
f 819/819/1 820/820/1 1101/1101/1
f 819/819/1 1101/1101/1 1100/1100/1
f 257/257/1 820/820/1 258/258/1
f 257/257/1 819/819/1 820/820/1
f 538/538/1 539/539/1 1101/1101/1
f 538/538/1 1101/1101/1 1100/1100/1
f 258/258/1 540/540/1 259/259/1
f 258/258/1 539/539/1 540/540/1
f 820/820/1 821/821/1 1102/1102/1
f 820/820/1 1102/1102/1 1101/1101/1
f 258/258/1 821/821/1 259/259/1
f 258/258/1 820/820/1 821/821/1
f 539/539/1 540/540/1 1102/1102/1
f 539/539/1 1102/1102/1 1101/1101/1
f 259/259/1 541/541/1 260/260/1
f 259/259/1 540/540/1 541/541/1
f 821/821/1 822/822/1 1103/1103/1
f 821/821/1 1103/1103/1 1102/1102/1
f 259/259/1 822/822/1 260/260/1
f 259/259/1 821/821/1 822/822/1
f 540/540/1 541/541/1 1103/1103/1
f 540/540/1 1103/1103/1 1102/1102/1
f 260/260/1 542/542/1 261/261/1
f 260/260/1 541/541/1 542/542/1
f 822/822/1 823/823/1 1104/1104/1
f 822/822/1 1104/1104/1 1103/1103/1
f 260/260/1 823/823/1 261/261/1
f 260/260/1 822/822/1 823/823/1
f 541/541/1 542/542/1 1104/1104/1
f 541/541/1 1104/1104/1 1103/1103/1
f 261/261/1 543/543/1 262/262/1
f 261/261/1 542/542/1 543/543/1
f 823/823/1 824/824/1 1105/1105/1
f 823/823/1 1105/1105/1 1104/1104/1
f 261/261/1 824/824/1 262/262/1
f 261/261/1 823/823/1 824/824/1
f 542/542/1 543/543/1 1105/1105/1
f 542/542/1 1105/1105/1 1104/1104/1
f 262/262/1 544/544/1 263/263/1
f 262/262/1 543/543/1 544/544/1
f 824/824/1 825/825/1 1106/1106/1
f 824/824/1 1106/1106/1 1105/1105/1
f 262/262/1 825/825/1 263/263/1
f 262/262/1 824/824/1 825/825/1
f 543/543/1 544/544/1 1106/1106/1
f 543/543/1 1106/1106/1 1105/1105/1
f 263/263/1 545/545/1 264/264/1
f 263/263/1 544/544/1 545/545/1
f 825/825/1 826/826/1 1107/1107/1
f 825/825/1 1107/1107/1 1106/1106/1
f 263/263/1 826/826/1 264/264/1
f 263/263/1 825/825/1 826/826/1
f 544/544/1 545/545/1 1107/1107/1
f 544/544/1 1107/1107/1 1106/1106/1
f 264/264/1 546/546/1 265/265/1
f 264/264/1 545/545/1 546/546/1
f 826/826/1 827/827/1 1108/1108/1
f 826/826/1 1108/1108/1 1107/1107/1
f 264/264/1 827/827/1 265/265/1
f 264/264/1 826/826/1 827/827/1
f 545/545/1 546/546/1 1108/1108/1
f 545/545/1 1108/1108/1 1107/1107/1
f 265/265/1 547/547/1 266/266/1
f 265/265/1 546/546/1 547/547/1
f 827/827/1 828/828/1 1109/1109/1
f 827/827/1 1109/1109/1 1108/1108/1
f 265/265/1 828/828/1 266/266/1
f 265/265/1 827/827/1 828/828/1
f 546/546/1 547/547/1 1109/1109/1
f 546/546/1 1109/1109/1 1108/1108/1
f 266/266/1 548/548/1 267/267/1
f 266/266/1 547/547/1 548/548/1
f 828/828/1 829/829/1 1110/1110/1
f 828/828/1 1110/1110/1 1109/1109/1
f 266/266/1 829/829/1 267/267/1
f 266/266/1 828/828/1 829/829/1
f 547/547/1 548/548/1 1110/1110/1
f 547/547/1 1110/1110/1 1109/1109/1
f 267/267/1 549/549/1 268/268/1
f 267/267/1 548/548/1 549/549/1
f 829/829/1 830/830/1 1111/1111/1
f 829/829/1 1111/1111/1 1110/1110/1
f 267/267/1 830/830/1 268/268/1
f 267/267/1 829/829/1 830/830/1
f 548/548/1 549/549/1 1111/1111/1
f 548/548/1 1111/1111/1 1110/1110/1
f 268/268/1 550/550/1 269/269/1
f 268/268/1 549/549/1 550/550/1
f 830/830/1 831/831/1 1112/1112/1
f 830/830/1 1112/1112/1 1111/1111/1
f 268/268/1 831/831/1 269/269/1
f 268/268/1 830/830/1 831/831/1
f 549/549/1 550/550/1 1112/1112/1
f 549/549/1 1112/1112/1 1111/1111/1
f 269/269/1 551/551/1 270/270/1
f 269/269/1 550/550/1 551/551/1
f 831/831/1 832/832/1 1113/1113/1
f 831/831/1 1113/1113/1 1112/1112/1
f 269/269/1 832/832/1 270/270/1
f 269/269/1 831/831/1 832/832/1
f 550/550/1 551/551/1 1113/1113/1
f 550/550/1 1113/1113/1 1112/1112/1
f 270/270/1 552/552/1 271/271/1
f 270/270/1 551/551/1 552/552/1
f 832/832/1 833/833/1 1114/1114/1
f 832/832/1 1114/1114/1 1113/1113/1
f 270/270/1 833/833/1 271/271/1
f 270/270/1 832/832/1 833/833/1
f 551/551/1 552/552/1 1114/1114/1
f 551/551/1 1114/1114/1 1113/1113/1
f 271/271/1 553/553/1 272/272/1
f 271/271/1 552/552/1 553/553/1
f 833/833/1 834/834/1 1115/1115/1
f 833/833/1 1115/1115/1 1114/1114/1
f 271/271/1 834/834/1 272/272/1
f 271/271/1 833/833/1 834/834/1
f 552/552/1 553/553/1 1115/1115/1
f 552/552/1 1115/1115/1 1114/1114/1
f 272/272/1 554/554/1 273/273/1
f 272/272/1 553/553/1 554/554/1
f 834/834/1 835/835/1 1116/1116/1
f 834/834/1 1116/1116/1 1115/1115/1
f 272/272/1 835/835/1 273/273/1
f 272/272/1 834/834/1 835/835/1
f 553/553/1 554/554/1 1116/1116/1
f 553/553/1 1116/1116/1 1115/1115/1
f 273/273/1 555/555/1 274/274/1
f 273/273/1 554/554/1 555/555/1
f 835/835/1 836/836/1 1117/1117/1
f 835/835/1 1117/1117/1 1116/1116/1
f 273/273/1 836/836/1 274/274/1
f 273/273/1 835/835/1 836/836/1
f 554/554/1 555/555/1 1117/1117/1
f 554/554/1 1117/1117/1 1116/1116/1
f 274/274/1 556/556/1 275/275/1
f 274/274/1 555/555/1 556/556/1
f 836/836/1 837/837/1 1118/1118/1
f 836/836/1 1118/1118/1 1117/1117/1
f 274/274/1 837/837/1 275/275/1
f 274/274/1 836/836/1 837/837/1
f 555/555/1 556/556/1 1118/1118/1
f 555/555/1 1118/1118/1 1117/1117/1
f 275/275/1 557/557/1 276/276/1
f 275/275/1 556/556/1 557/557/1
f 837/837/1 838/838/1 1119/1119/1
f 837/837/1 1119/1119/1 1118/1118/1
f 275/275/1 838/838/1 276/276/1
f 275/275/1 837/837/1 838/838/1
f 556/556/1 557/557/1 1119/1119/1
f 556/556/1 1119/1119/1 1118/1118/1
f 276/276/1 558/558/1 277/277/1
f 276/276/1 557/557/1 558/558/1
f 838/838/1 839/839/1 1120/1120/1
f 838/838/1 1120/1120/1 1119/1119/1
f 276/276/1 839/839/1 277/277/1
f 276/276/1 838/838/1 839/839/1
f 557/557/1 558/558/1 1120/1120/1
f 557/557/1 1120/1120/1 1119/1119/1
f 277/277/1 559/559/1 278/278/1
f 277/277/1 558/558/1 559/559/1
f 839/839/1 840/840/1 1121/1121/1
f 839/839/1 1121/1121/1 1120/1120/1
f 277/277/1 840/840/1 278/278/1
f 277/277/1 839/839/1 840/840/1
f 558/558/1 559/559/1 1121/1121/1
f 558/558/1 1121/1121/1 1120/1120/1
f 278/278/1 560/560/1 279/279/1
f 278/278/1 559/559/1 560/560/1
f 840/840/1 841/841/1 1122/1122/1
f 840/840/1 1122/1122/1 1121/1121/1
f 278/278/1 841/841/1 279/279/1
f 278/278/1 840/840/1 841/841/1
f 559/559/1 560/560/1 1122/1122/1
f 559/559/1 1122/1122/1 1121/1121/1
f 279/279/1 561/561/1 280/280/1
f 279/279/1 560/560/1 561/561/1
f 841/841/1 842/842/1 1123/1123/1
f 841/841/1 1123/1123/1 1122/1122/1
f 279/279/1 842/842/1 280/280/1
f 279/279/1 841/841/1 842/842/1
f 560/560/1 561/561/1 1123/1123/1
f 560/560/1 1123/1123/1 1122/1122/1
f 280/280/1 562/562/1 281/281/1
f 280/280/1 561/561/1 562/562/1
f 842/842/1 843/843/1 1124/1124/1
f 842/842/1 1124/1124/1 1123/1123/1
f 280/280/1 843/843/1 281/281/1
f 280/280/1 842/842/1 843/843/1
f 561/561/1 562/562/1 1124/1124/1
f 561/561/1 1124/1124/1 1123/1123/1
f 281/281/1 282/282/1 1/1/1
f 281/281/1 562/562/1 282/282/1
f 843/843/1 563/563/1 844/844/1
f 843/843/1 844/844/1 1124/1124/1
f 281/281/1 563/563/1 1/1/1
f 281/281/1 843/843/1 563/563/1
f 562/562/1 282/282/1 844/844/1
f 562/562/1 844/844/1 1124/1124/1
f 2/2/1 283/283/1 1/1/1
f 283/283/1 282/282/1 1/1/1
f 845/845/1 564/564/1 563/563/1
f 844/844/1 845/845/1 563/563/1
f 2/2/1 564/564/1 1/1/1
f 564/564/1 563/563/1 1/1/1
f 845/845/1 283/283/1 282/282/1
f 844/844/1 845/845/1 282/282/1
f 3/3/1 284/284/1 2/2/1
f 284/284/1 283/283/1 2/2/1
f 846/846/1 565/565/1 564/564/1
f 845/845/1 846/846/1 564/564/1
f 3/3/1 565/565/1 2/2/1
f 565/565/1 564/564/1 2/2/1
f 846/846/1 284/284/1 283/283/1
f 845/845/1 846/846/1 283/283/1
f 4/4/1 285/285/1 3/3/1
f 285/285/1 284/284/1 3/3/1
f 847/847/1 566/566/1 565/565/1
f 846/846/1 847/847/1 565/565/1
f 4/4/1 566/566/1 3/3/1
f 566/566/1 565/565/1 3/3/1
f 847/847/1 285/285/1 284/284/1
f 846/846/1 847/847/1 284/284/1
f 5/5/1 286/286/1 4/4/1
f 286/286/1 285/285/1 4/4/1
f 848/848/1 567/567/1 566/566/1
f 847/847/1 848/848/1 566/566/1
f 5/5/1 567/567/1 4/4/1
f 567/567/1 566/566/1 4/4/1
f 848/848/1 286/286/1 285/285/1
f 847/847/1 848/848/1 285/285/1
f 6/6/1 287/287/1 5/5/1
f 287/287/1 286/286/1 5/5/1
f 849/849/1 568/568/1 567/567/1
f 848/848/1 849/849/1 567/567/1
f 6/6/1 568/568/1 5/5/1
f 568/568/1 567/567/1 5/5/1
f 849/849/1 287/287/1 286/286/1
f 848/848/1 849/849/1 286/286/1
f 7/7/1 288/288/1 6/6/1
f 288/288/1 287/287/1 6/6/1
f 850/850/1 569/569/1 568/568/1
f 849/849/1 850/850/1 568/568/1
f 7/7/1 569/569/1 6/6/1
f 569/569/1 568/568/1 6/6/1
f 850/850/1 288/288/1 287/287/1
f 849/849/1 850/850/1 287/287/1
f 8/8/1 289/289/1 7/7/1
f 289/289/1 288/288/1 7/7/1
f 851/851/1 570/570/1 569/569/1
f 850/850/1 851/851/1 569/569/1
f 8/8/1 570/570/1 7/7/1
f 570/570/1 569/569/1 7/7/1
f 851/851/1 289/289/1 288/288/1
f 850/850/1 851/851/1 288/288/1
f 9/9/1 290/290/1 8/8/1
f 290/290/1 289/289/1 8/8/1
f 852/852/1 571/571/1 570/570/1
f 851/851/1 852/852/1 570/570/1
f 9/9/1 571/571/1 8/8/1
f 571/571/1 570/570/1 8/8/1
f 852/852/1 290/290/1 289/289/1
f 851/851/1 852/852/1 289/289/1
f 10/10/1 291/291/1 9/9/1
f 291/291/1 290/290/1 9/9/1
f 853/853/1 572/572/1 571/571/1
f 852/852/1 853/853/1 571/571/1
f 10/10/1 572/572/1 9/9/1
f 572/572/1 571/571/1 9/9/1
f 853/853/1 291/291/1 290/290/1
f 852/852/1 853/853/1 290/290/1
f 11/11/1 292/292/1 10/10/1
f 292/292/1 291/291/1 10/10/1
f 854/854/1 573/573/1 572/572/1
f 853/853/1 854/854/1 572/572/1
f 11/11/1 573/573/1 10/10/1
f 573/573/1 572/572/1 10/10/1
f 854/854/1 292/292/1 291/291/1
f 853/853/1 854/854/1 291/291/1
f 12/12/1 293/293/1 11/11/1
f 293/293/1 292/292/1 11/11/1
f 855/855/1 574/574/1 573/573/1
f 854/854/1 855/855/1 573/573/1
f 12/12/1 574/574/1 11/11/1
f 574/574/1 573/573/1 11/11/1
f 855/855/1 293/293/1 292/292/1
f 854/854/1 855/855/1 292/292/1
f 13/13/1 294/294/1 12/12/1
f 294/294/1 293/293/1 12/12/1
f 856/856/1 575/575/1 574/574/1
f 855/855/1 856/856/1 574/574/1
f 13/13/1 575/575/1 12/12/1
f 575/575/1 574/574/1 12/12/1
f 856/856/1 294/294/1 293/293/1
f 855/855/1 856/856/1 293/293/1
f 14/14/1 295/295/1 13/13/1
f 295/295/1 294/294/1 13/13/1
f 857/857/1 576/576/1 575/575/1
f 856/856/1 857/857/1 575/575/1
f 14/14/1 576/576/1 13/13/1
f 576/576/1 575/575/1 13/13/1
f 857/857/1 295/295/1 294/294/1
f 856/856/1 857/857/1 294/294/1
f 15/15/1 296/296/1 14/14/1
f 296/296/1 295/295/1 14/14/1
f 858/858/1 577/577/1 576/576/1
f 857/857/1 858/858/1 576/576/1
f 15/15/1 577/577/1 14/14/1
f 577/577/1 576/576/1 14/14/1
f 858/858/1 296/296/1 295/295/1
f 857/857/1 858/858/1 295/295/1
f 16/16/1 297/297/1 15/15/1
f 297/297/1 296/296/1 15/15/1
f 859/859/1 578/578/1 577/577/1
f 858/858/1 859/859/1 577/577/1
f 16/16/1 578/578/1 15/15/1
f 578/578/1 577/577/1 15/15/1
f 859/859/1 297/297/1 296/296/1
f 858/858/1 859/859/1 296/296/1
f 17/17/1 298/298/1 16/16/1
f 298/298/1 297/297/1 16/16/1
f 860/860/1 579/579/1 578/578/1
f 859/859/1 860/860/1 578/578/1
f 17/17/1 579/579/1 16/16/1
f 579/579/1 578/578/1 16/16/1
f 860/860/1 298/298/1 297/297/1
f 859/859/1 860/860/1 297/297/1
f 18/18/1 299/299/1 17/17/1
f 299/299/1 298/298/1 17/17/1
f 861/861/1 580/580/1 579/579/1
f 860/860/1 861/861/1 579/579/1
f 18/18/1 580/580/1 17/17/1
f 580/580/1 579/579/1 17/17/1
f 861/861/1 299/299/1 298/298/1
f 860/860/1 861/861/1 298/298/1
f 19/19/1 300/300/1 18/18/1
f 300/300/1 299/299/1 18/18/1
f 862/862/1 581/581/1 580/580/1
f 861/861/1 862/862/1 580/580/1
f 19/19/1 581/581/1 18/18/1
f 581/581/1 580/580/1 18/18/1
f 862/862/1 300/300/1 299/299/1
f 861/861/1 862/862/1 299/299/1
f 20/20/1 301/301/1 19/19/1
f 301/301/1 300/300/1 19/19/1
f 863/863/1 582/582/1 581/581/1
f 862/862/1 863/863/1 581/581/1
f 20/20/1 582/582/1 19/19/1
f 582/582/1 581/581/1 19/19/1
f 863/863/1 301/301/1 300/300/1
f 862/862/1 863/863/1 300/300/1
f 21/21/1 302/302/1 20/20/1
f 302/302/1 301/301/1 20/20/1
f 864/864/1 583/583/1 582/582/1
f 863/863/1 864/864/1 582/582/1
f 21/21/1 583/583/1 20/20/1
f 583/583/1 582/582/1 20/20/1
f 864/864/1 302/302/1 301/301/1
f 863/863/1 864/864/1 301/301/1
f 22/22/1 303/303/1 21/21/1
f 303/303/1 302/302/1 21/21/1
f 865/865/1 584/584/1 583/583/1
f 864/864/1 865/865/1 583/583/1
f 22/22/1 584/584/1 21/21/1
f 584/584/1 583/583/1 21/21/1
f 865/865/1 303/303/1 302/302/1
f 864/864/1 865/865/1 302/302/1
f 23/23/1 304/304/1 22/22/1
f 304/304/1 303/303/1 22/22/1
f 866/866/1 585/585/1 584/584/1
f 865/865/1 866/866/1 584/584/1
f 23/23/1 585/585/1 22/22/1
f 585/585/1 584/584/1 22/22/1
f 866/866/1 304/304/1 303/303/1
f 865/865/1 866/866/1 303/303/1
f 24/24/1 305/305/1 23/23/1
f 305/305/1 304/304/1 23/23/1
f 867/867/1 586/586/1 585/585/1
f 866/866/1 867/867/1 585/585/1
f 24/24/1 586/586/1 23/23/1
f 586/586/1 585/585/1 23/23/1
f 867/867/1 305/305/1 304/304/1
f 866/866/1 867/867/1 304/304/1
f 25/25/1 306/306/1 24/24/1
f 306/306/1 305/305/1 24/24/1
f 868/868/1 587/587/1 586/586/1
f 867/867/1 868/868/1 586/586/1
f 25/25/1 587/587/1 24/24/1
f 587/587/1 586/586/1 24/24/1
f 868/868/1 306/306/1 305/305/1
f 867/867/1 868/868/1 305/305/1
f 26/26/1 307/307/1 25/25/1
f 307/307/1 306/306/1 25/25/1
f 869/869/1 588/588/1 587/587/1
f 868/868/1 869/869/1 587/587/1
f 26/26/1 588/588/1 25/25/1
f 588/588/1 587/587/1 25/25/1
f 869/869/1 307/307/1 306/306/1
f 868/868/1 869/869/1 306/306/1
f 27/27/1 308/308/1 26/26/1
f 308/308/1 307/307/1 26/26/1
f 870/870/1 589/589/1 588/588/1
f 869/869/1 870/870/1 588/588/1
f 27/27/1 589/589/1 26/26/1
f 589/589/1 588/588/1 26/26/1
f 870/870/1 308/308/1 307/307/1
f 869/869/1 870/870/1 307/307/1
f 28/28/1 309/309/1 27/27/1
f 309/309/1 308/308/1 27/27/1
f 871/871/1 590/590/1 589/589/1
f 870/870/1 871/871/1 589/589/1
f 28/28/1 590/590/1 27/27/1
f 590/590/1 589/589/1 27/27/1
f 871/871/1 309/309/1 308/308/1
f 870/870/1 871/871/1 308/308/1
f 29/29/1 310/310/1 28/28/1
f 310/310/1 309/309/1 28/28/1
f 872/872/1 591/591/1 590/590/1
f 871/871/1 872/872/1 590/590/1
f 29/29/1 591/591/1 28/28/1
f 591/591/1 590/590/1 28/28/1
f 872/872/1 310/310/1 309/309/1
f 871/871/1 872/872/1 309/309/1
f 30/30/1 311/311/1 29/29/1
f 311/311/1 310/310/1 29/29/1
f 873/873/1 592/592/1 591/591/1
f 872/872/1 873/873/1 591/591/1
f 30/30/1 592/592/1 29/29/1
f 592/592/1 591/591/1 29/29/1
f 873/873/1 311/311/1 310/310/1
f 872/872/1 873/873/1 310/310/1
f 31/31/1 312/312/1 30/30/1
f 312/312/1 311/311/1 30/30/1
f 874/874/1 593/593/1 592/592/1
f 873/873/1 874/874/1 592/592/1
f 31/31/1 593/593/1 30/30/1
f 593/593/1 592/592/1 30/30/1
f 874/874/1 312/312/1 311/311/1
f 873/873/1 874/874/1 311/311/1
f 32/32/1 313/313/1 31/31/1
f 313/313/1 312/312/1 31/31/1
f 875/875/1 594/594/1 593/593/1
f 874/874/1 875/875/1 593/593/1
f 32/32/1 594/594/1 31/31/1
f 594/594/1 593/593/1 31/31/1
f 875/875/1 313/313/1 312/312/1
f 874/874/1 875/875/1 312/312/1
f 33/33/1 314/314/1 32/32/1
f 314/314/1 313/313/1 32/32/1
f 876/876/1 595/595/1 594/594/1
f 875/875/1 876/876/1 594/594/1
f 33/33/1 595/595/1 32/32/1
f 595/595/1 594/594/1 32/32/1
f 876/876/1 314/314/1 313/313/1
f 875/875/1 876/876/1 313/313/1
f 34/34/1 315/315/1 33/33/1
f 315/315/1 314/314/1 33/33/1
f 877/877/1 596/596/1 595/595/1
f 876/876/1 877/877/1 595/595/1
f 34/34/1 596/596/1 33/33/1
f 596/596/1 595/595/1 33/33/1
f 877/877/1 315/315/1 314/314/1
f 876/876/1 877/877/1 314/314/1
f 35/35/1 316/316/1 34/34/1
f 316/316/1 315/315/1 34/34/1
f 878/878/1 597/597/1 596/596/1
f 877/877/1 878/878/1 596/596/1
f 35/35/1 597/597/1 34/34/1
f 597/597/1 596/596/1 34/34/1
f 878/878/1 316/316/1 315/315/1
f 877/877/1 878/878/1 315/315/1
f 36/36/1 317/317/1 35/35/1
f 317/317/1 316/316/1 35/35/1
f 879/879/1 598/598/1 597/597/1
f 878/878/1 879/879/1 597/597/1
f 36/36/1 598/598/1 35/35/1
f 598/598/1 597/597/1 35/35/1
f 879/879/1 317/317/1 316/316/1
f 878/878/1 879/879/1 316/316/1
f 37/37/1 318/318/1 36/36/1
f 318/318/1 317/317/1 36/36/1
f 880/880/1 599/599/1 598/598/1
f 879/879/1 880/880/1 598/598/1
f 37/37/1 599/599/1 36/36/1
f 599/599/1 598/598/1 36/36/1
f 880/880/1 318/318/1 317/317/1
f 879/879/1 880/880/1 317/317/1
f 38/38/1 319/319/1 37/37/1
f 319/319/1 318/318/1 37/37/1
f 881/881/1 600/600/1 599/599/1
f 880/880/1 881/881/1 599/599/1
f 38/38/1 600/600/1 37/37/1
f 600/600/1 599/599/1 37/37/1
f 881/881/1 319/319/1 318/318/1
f 880/880/1 881/881/1 318/318/1
f 39/39/1 320/320/1 38/38/1
f 320/320/1 319/319/1 38/38/1
f 882/882/1 601/601/1 600/600/1
f 881/881/1 882/882/1 600/600/1
f 39/39/1 601/601/1 38/38/1
f 601/601/1 600/600/1 38/38/1
f 882/882/1 320/320/1 319/319/1
f 881/881/1 882/882/1 319/319/1
f 40/40/1 321/321/1 39/39/1
f 321/321/1 320/320/1 39/39/1
f 883/883/1 602/602/1 601/601/1
f 882/882/1 883/883/1 601/601/1
f 40/40/1 602/602/1 39/39/1
f 602/602/1 601/601/1 39/39/1
f 883/883/1 321/321/1 320/320/1
f 882/882/1 883/883/1 320/320/1
f 41/41/1 322/322/1 40/40/1
f 322/322/1 321/321/1 40/40/1
f 884/884/1 603/603/1 602/602/1
f 883/883/1 884/884/1 602/602/1
f 41/41/1 603/603/1 40/40/1
f 603/603/1 602/602/1 40/40/1
f 884/884/1 322/322/1 321/321/1
f 883/883/1 884/884/1 321/321/1
f 42/42/1 323/323/1 41/41/1
f 323/323/1 322/322/1 41/41/1
f 885/885/1 604/604/1 603/603/1
f 884/884/1 885/885/1 603/603/1
f 42/42/1 604/604/1 41/41/1
f 604/604/1 603/603/1 41/41/1
f 885/885/1 323/323/1 322/322/1
f 884/884/1 885/885/1 322/322/1
f 43/43/1 324/324/1 42/42/1
f 324/324/1 323/323/1 42/42/1
f 886/886/1 605/605/1 604/604/1
f 885/885/1 886/886/1 604/604/1
f 43/43/1 605/605/1 42/42/1
f 605/605/1 604/604/1 42/42/1
f 886/886/1 324/324/1 323/323/1
f 885/885/1 886/886/1 323/323/1
f 44/44/1 325/325/1 43/43/1
f 325/325/1 324/324/1 43/43/1
f 887/887/1 606/606/1 605/605/1
f 886/886/1 887/887/1 605/605/1
f 44/44/1 606/606/1 43/43/1
f 606/606/1 605/605/1 43/43/1
f 887/887/1 325/325/1 324/324/1
f 886/886/1 887/887/1 324/324/1
f 45/45/1 326/326/1 44/44/1
f 326/326/1 325/325/1 44/44/1
f 888/888/1 607/607/1 606/606/1
f 887/887/1 888/888/1 606/606/1
f 45/45/1 607/607/1 44/44/1
f 607/607/1 606/606/1 44/44/1
f 888/888/1 326/326/1 325/325/1
f 887/887/1 888/888/1 325/325/1
f 46/46/1 327/327/1 45/45/1
f 327/327/1 326/326/1 45/45/1
f 889/889/1 608/608/1 607/607/1
f 888/888/1 889/889/1 607/607/1
f 46/46/1 608/608/1 45/45/1
f 608/608/1 607/607/1 45/45/1
f 889/889/1 327/327/1 326/326/1
f 888/888/1 889/889/1 326/326/1
f 47/47/1 328/328/1 46/46/1
f 328/328/1 327/327/1 46/46/1
f 890/890/1 609/609/1 608/608/1
f 889/889/1 890/890/1 608/608/1
f 47/47/1 609/609/1 46/46/1
f 609/609/1 608/608/1 46/46/1
f 890/890/1 328/328/1 327/327/1
f 889/889/1 890/890/1 327/327/1
f 48/48/1 329/329/1 47/47/1
f 329/329/1 328/328/1 47/47/1
f 891/891/1 610/610/1 609/609/1
f 890/890/1 891/891/1 609/609/1
f 48/48/1 610/610/1 47/47/1
f 610/610/1 609/609/1 47/47/1
f 891/891/1 329/329/1 328/328/1
f 890/890/1 891/891/1 328/328/1
f 49/49/1 330/330/1 48/48/1
f 330/330/1 329/329/1 48/48/1
f 892/892/1 611/611/1 610/610/1
f 891/891/1 892/892/1 610/610/1
f 49/49/1 611/611/1 48/48/1
f 611/611/1 610/610/1 48/48/1
f 892/892/1 330/330/1 329/329/1
f 891/891/1 892/892/1 329/329/1
f 50/50/1 331/331/1 49/49/1
f 331/331/1 330/330/1 49/49/1
f 893/893/1 612/612/1 611/611/1
f 892/892/1 893/893/1 611/611/1
f 50/50/1 612/612/1 49/49/1
f 612/612/1 611/611/1 49/49/1
f 893/893/1 331/331/1 330/330/1
f 892/892/1 893/893/1 330/330/1
f 51/51/1 332/332/1 50/50/1
f 332/332/1 331/331/1 50/50/1
f 894/894/1 613/613/1 612/612/1
f 893/893/1 894/894/1 612/612/1
f 51/51/1 613/613/1 50/50/1
f 613/613/1 612/612/1 50/50/1
f 894/894/1 332/332/1 331/331/1
f 893/893/1 894/894/1 331/331/1
f 52/52/1 333/333/1 51/51/1
f 333/333/1 332/332/1 51/51/1
f 895/895/1 614/614/1 613/613/1
f 894/894/1 895/895/1 613/613/1
f 52/52/1 614/614/1 51/51/1
f 614/614/1 613/613/1 51/51/1
f 895/895/1 333/333/1 332/332/1
f 894/894/1 895/895/1 332/332/1
f 53/53/1 334/334/1 52/52/1
f 334/334/1 333/333/1 52/52/1
f 896/896/1 615/615/1 614/614/1
f 895/895/1 896/896/1 614/614/1
f 53/53/1 615/615/1 52/52/1
f 615/615/1 614/614/1 52/52/1
f 896/896/1 334/334/1 333/333/1
f 895/895/1 896/896/1 333/333/1
f 54/54/1 335/335/1 53/53/1
f 335/335/1 334/334/1 53/53/1
f 897/897/1 616/616/1 615/615/1
f 896/896/1 897/897/1 615/615/1
f 54/54/1 616/616/1 53/53/1
f 616/616/1 615/615/1 53/53/1
f 897/897/1 335/335/1 334/334/1
f 896/896/1 897/897/1 334/334/1
f 55/55/1 336/336/1 54/54/1
f 336/336/1 335/335/1 54/54/1
f 898/898/1 617/617/1 616/616/1
f 897/897/1 898/898/1 616/616/1
f 55/55/1 617/617/1 54/54/1
f 617/617/1 616/616/1 54/54/1
f 898/898/1 336/336/1 335/335/1
f 897/897/1 898/898/1 335/335/1
f 56/56/1 337/337/1 55/55/1
f 337/337/1 336/336/1 55/55/1
f 899/899/1 618/618/1 617/617/1
f 898/898/1 899/899/1 617/617/1
f 56/56/1 618/618/1 55/55/1
f 618/618/1 617/617/1 55/55/1
f 899/899/1 337/337/1 336/336/1
f 898/898/1 899/899/1 336/336/1
f 57/57/1 338/338/1 56/56/1
f 338/338/1 337/337/1 56/56/1
f 900/900/1 619/619/1 618/618/1
f 899/899/1 900/900/1 618/618/1
f 57/57/1 619/619/1 56/56/1
f 619/619/1 618/618/1 56/56/1
f 900/900/1 338/338/1 337/337/1
f 899/899/1 900/900/1 337/337/1
f 58/58/1 339/339/1 57/57/1
f 339/339/1 338/338/1 57/57/1
f 901/901/1 620/620/1 619/619/1
f 900/900/1 901/901/1 619/619/1
f 58/58/1 620/620/1 57/57/1
f 620/620/1 619/619/1 57/57/1
f 901/901/1 339/339/1 338/338/1
f 900/900/1 901/901/1 338/338/1
f 59/59/1 340/340/1 58/58/1
f 340/340/1 339/339/1 58/58/1
f 902/902/1 621/621/1 620/620/1
f 901/901/1 902/902/1 620/620/1
f 59/59/1 621/621/1 58/58/1
f 621/621/1 620/620/1 58/58/1
f 902/902/1 340/340/1 339/339/1
f 901/901/1 902/902/1 339/339/1
f 60/60/1 341/341/1 59/59/1
f 341/341/1 340/340/1 59/59/1
f 903/903/1 622/622/1 621/621/1
f 902/902/1 903/903/1 621/621/1
f 60/60/1 622/622/1 59/59/1
f 622/622/1 621/621/1 59/59/1
f 903/903/1 341/341/1 340/340/1
f 902/902/1 903/903/1 340/340/1
f 61/61/1 342/342/1 60/60/1
f 342/342/1 341/341/1 60/60/1
f 904/904/1 623/623/1 622/622/1
f 903/903/1 904/904/1 622/622/1
f 61/61/1 623/623/1 60/60/1
f 623/623/1 622/622/1 60/60/1
f 904/904/1 342/342/1 341/341/1
f 903/903/1 904/904/1 341/341/1
f 62/62/1 343/343/1 61/61/1
f 343/343/1 342/342/1 61/61/1
f 905/905/1 624/624/1 623/623/1
f 904/904/1 905/905/1 623/623/1
f 62/62/1 624/624/1 61/61/1
f 624/624/1 623/623/1 61/61/1
f 905/905/1 343/343/1 342/342/1
f 904/904/1 905/905/1 342/342/1
f 63/63/1 344/344/1 62/62/1
f 344/344/1 343/343/1 62/62/1
f 906/906/1 625/625/1 624/624/1
f 905/905/1 906/906/1 624/624/1
f 63/63/1 625/625/1 62/62/1
f 625/625/1 624/624/1 62/62/1
f 906/906/1 344/344/1 343/343/1
f 905/905/1 906/906/1 343/343/1
f 64/64/1 345/345/1 63/63/1
f 345/345/1 344/344/1 63/63/1
f 907/907/1 626/626/1 625/625/1
f 906/906/1 907/907/1 625/625/1
f 64/64/1 626/626/1 63/63/1
f 626/626/1 625/625/1 63/63/1
f 907/907/1 345/345/1 344/344/1
f 906/906/1 907/907/1 344/344/1
f 65/65/1 346/346/1 64/64/1
f 346/346/1 345/345/1 64/64/1
f 908/908/1 627/627/1 626/626/1
f 907/907/1 908/908/1 626/626/1
f 65/65/1 627/627/1 64/64/1
f 627/627/1 626/626/1 64/64/1
f 908/908/1 346/346/1 345/345/1
f 907/907/1 908/908/1 345/345/1
f 66/66/1 347/347/1 65/65/1
f 347/347/1 346/346/1 65/65/1
f 909/909/1 628/628/1 627/627/1
f 908/908/1 909/909/1 627/627/1
f 66/66/1 628/628/1 65/65/1
f 628/628/1 627/627/1 65/65/1
f 909/909/1 347/347/1 346/346/1
f 908/908/1 909/909/1 346/346/1
f 67/67/1 348/348/1 66/66/1
f 348/348/1 347/347/1 66/66/1
f 910/910/1 629/629/1 628/628/1
f 909/909/1 910/910/1 628/628/1
f 67/67/1 629/629/1 66/66/1
f 629/629/1 628/628/1 66/66/1
f 910/910/1 348/348/1 347/347/1
f 909/909/1 910/910/1 347/347/1
f 68/68/1 349/349/1 67/67/1
f 349/349/1 348/348/1 67/67/1
f 911/911/1 630/630/1 629/629/1
f 910/910/1 911/911/1 629/629/1
f 68/68/1 630/630/1 67/67/1
f 630/630/1 629/629/1 67/67/1
f 911/911/1 349/349/1 348/348/1
f 910/910/1 911/911/1 348/348/1
f 69/69/1 350/350/1 68/68/1
f 350/350/1 349/349/1 68/68/1
f 912/912/1 631/631/1 630/630/1
f 911/911/1 912/912/1 630/630/1
f 69/69/1 631/631/1 68/68/1
f 631/631/1 630/630/1 68/68/1
f 912/912/1 350/350/1 349/349/1
f 911/911/1 912/912/1 349/349/1
f 70/70/1 351/351/1 69/69/1
f 351/351/1 350/350/1 69/69/1
f 913/913/1 632/632/1 631/631/1
f 912/912/1 913/913/1 631/631/1
f 70/70/1 632/632/1 69/69/1
f 632/632/1 631/631/1 69/69/1
f 913/913/1 351/351/1 350/350/1
f 912/912/1 913/913/1 350/350/1
f 71/71/1 352/352/1 70/70/1
f 352/352/1 351/351/1 70/70/1
f 914/914/1 633/633/1 632/632/1
f 913/913/1 914/914/1 632/632/1
f 71/71/1 633/633/1 70/70/1
f 633/633/1 632/632/1 70/70/1
f 914/914/1 352/352/1 351/351/1
f 913/913/1 914/914/1 351/351/1
f 72/72/1 353/353/1 71/71/1
f 353/353/1 352/352/1 71/71/1
f 915/915/1 634/634/1 633/633/1
f 914/914/1 915/915/1 633/633/1
f 72/72/1 634/634/1 71/71/1
f 634/634/1 633/633/1 71/71/1
f 915/915/1 353/353/1 352/352/1
f 914/914/1 915/915/1 352/352/1
f 73/73/1 354/354/1 72/72/1
f 354/354/1 353/353/1 72/72/1
f 916/916/1 635/635/1 634/634/1
f 915/915/1 916/916/1 634/634/1
f 73/73/1 635/635/1 72/72/1
f 635/635/1 634/634/1 72/72/1
f 916/916/1 354/354/1 353/353/1
f 915/915/1 916/916/1 353/353/1
f 74/74/1 355/355/1 73/73/1
f 355/355/1 354/354/1 73/73/1
f 917/917/1 636/636/1 635/635/1
f 916/916/1 917/917/1 635/635/1
f 74/74/1 636/636/1 73/73/1
f 636/636/1 635/635/1 73/73/1
f 917/917/1 355/355/1 354/354/1
f 916/916/1 917/917/1 354/354/1
f 75/75/1 356/356/1 74/74/1
f 356/356/1 355/355/1 74/74/1
f 918/918/1 637/637/1 636/636/1
f 917/917/1 918/918/1 636/636/1
f 75/75/1 637/637/1 74/74/1
f 637/637/1 636/636/1 74/74/1
f 918/918/1 356/356/1 355/355/1
f 917/917/1 918/918/1 355/355/1
f 76/76/1 357/357/1 75/75/1
f 357/357/1 356/356/1 75/75/1
f 919/919/1 638/638/1 637/637/1
f 918/918/1 919/919/1 637/637/1
f 76/76/1 638/638/1 75/75/1
f 638/638/1 637/637/1 75/75/1
f 919/919/1 357/357/1 356/356/1
f 918/918/1 919/919/1 356/356/1
f 77/77/1 358/358/1 76/76/1
f 358/358/1 357/357/1 76/76/1
f 920/920/1 639/639/1 638/638/1
f 919/919/1 920/920/1 638/638/1
f 77/77/1 639/639/1 76/76/1
f 639/639/1 638/638/1 76/76/1
f 920/920/1 358/358/1 357/357/1
f 919/919/1 920/920/1 357/357/1
f 78/78/1 359/359/1 77/77/1
f 359/359/1 358/358/1 77/77/1
f 921/921/1 640/640/1 639/639/1
f 920/920/1 921/921/1 639/639/1
f 78/78/1 640/640/1 77/77/1
f 640/640/1 639/639/1 77/77/1
f 921/921/1 359/359/1 358/358/1
f 920/920/1 921/921/1 358/358/1
f 79/79/1 360/360/1 78/78/1
f 360/360/1 359/359/1 78/78/1
f 922/922/1 641/641/1 640/640/1
f 921/921/1 922/922/1 640/640/1
f 79/79/1 641/641/1 78/78/1
f 641/641/1 640/640/1 78/78/1
f 922/922/1 360/360/1 359/359/1
f 921/921/1 922/922/1 359/359/1
f 80/80/1 361/361/1 79/79/1
f 361/361/1 360/360/1 79/79/1
f 923/923/1 642/642/1 641/641/1
f 922/922/1 923/923/1 641/641/1
f 80/80/1 642/642/1 79/79/1
f 642/642/1 641/641/1 79/79/1
f 923/923/1 361/361/1 360/360/1
f 922/922/1 923/923/1 360/360/1
f 81/81/1 362/362/1 80/80/1
f 362/362/1 361/361/1 80/80/1
f 924/924/1 643/643/1 642/642/1
f 923/923/1 924/924/1 642/642/1
f 81/81/1 643/643/1 80/80/1
f 643/643/1 642/642/1 80/80/1
f 924/924/1 362/362/1 361/361/1
f 923/923/1 924/924/1 361/361/1
f 82/82/1 363/363/1 81/81/1
f 363/363/1 362/362/1 81/81/1
f 925/925/1 644/644/1 643/643/1
f 924/924/1 925/925/1 643/643/1
f 82/82/1 644/644/1 81/81/1
f 644/644/1 643/643/1 81/81/1
f 925/925/1 363/363/1 362/362/1
f 924/924/1 925/925/1 362/362/1
f 83/83/1 364/364/1 82/82/1
f 364/364/1 363/363/1 82/82/1
f 926/926/1 645/645/1 644/644/1
f 925/925/1 926/926/1 644/644/1
f 83/83/1 645/645/1 82/82/1
f 645/645/1 644/644/1 82/82/1
f 926/926/1 364/364/1 363/363/1
f 925/925/1 926/926/1 363/363/1
f 84/84/1 365/365/1 83/83/1
f 365/365/1 364/364/1 83/83/1
f 927/927/1 646/646/1 645/645/1
f 926/926/1 927/927/1 645/645/1
f 84/84/1 646/646/1 83/83/1
f 646/646/1 645/645/1 83/83/1
f 927/927/1 365/365/1 364/364/1
f 926/926/1 927/927/1 364/364/1
f 85/85/1 366/366/1 84/84/1
f 366/366/1 365/365/1 84/84/1
f 928/928/1 647/647/1 646/646/1
f 927/927/1 928/928/1 646/646/1
f 85/85/1 647/647/1 84/84/1
f 647/647/1 646/646/1 84/84/1
f 928/928/1 366/366/1 365/365/1
f 927/927/1 928/928/1 365/365/1
f 86/86/1 367/367/1 85/85/1
f 367/367/1 366/366/1 85/85/1
f 929/929/1 648/648/1 647/647/1
f 928/928/1 929/929/1 647/647/1
f 86/86/1 648/648/1 85/85/1
f 648/648/1 647/647/1 85/85/1
f 929/929/1 367/367/1 366/366/1
f 928/928/1 929/929/1 366/366/1
f 87/87/1 368/368/1 86/86/1
f 368/368/1 367/367/1 86/86/1
f 930/930/1 649/649/1 648/648/1
f 929/929/1 930/930/1 648/648/1
f 87/87/1 649/649/1 86/86/1
f 649/649/1 648/648/1 86/86/1
f 930/930/1 368/368/1 367/367/1
f 929/929/1 930/930/1 367/367/1
f 88/88/1 369/369/1 87/87/1
f 369/369/1 368/368/1 87/87/1
f 931/931/1 650/650/1 649/649/1
f 930/930/1 931/931/1 649/649/1
f 88/88/1 650/650/1 87/87/1
f 650/650/1 649/649/1 87/87/1
f 931/931/1 369/369/1 368/368/1
f 930/930/1 931/931/1 368/368/1
f 89/89/1 370/370/1 88/88/1
f 370/370/1 369/369/1 88/88/1
f 932/932/1 651/651/1 650/650/1
f 931/931/1 932/932/1 650/650/1
f 89/89/1 651/651/1 88/88/1
f 651/651/1 650/650/1 88/88/1
f 932/932/1 370/370/1 369/369/1
f 931/931/1 932/932/1 369/369/1
f 90/90/1 371/371/1 89/89/1
f 371/371/1 370/370/1 89/89/1
f 933/933/1 652/652/1 651/651/1
f 932/932/1 933/933/1 651/651/1
f 90/90/1 652/652/1 89/89/1
f 652/652/1 651/651/1 89/89/1
f 933/933/1 371/371/1 370/370/1
f 932/932/1 933/933/1 370/370/1
f 91/91/1 372/372/1 90/90/1
f 372/372/1 371/371/1 90/90/1
f 934/934/1 653/653/1 652/652/1
f 933/933/1 934/934/1 652/652/1
f 91/91/1 653/653/1 90/90/1
f 653/653/1 652/652/1 90/90/1
f 934/934/1 372/372/1 371/371/1
f 933/933/1 934/934/1 371/371/1
f 92/92/1 373/373/1 91/91/1
f 373/373/1 372/372/1 91/91/1
f 935/935/1 654/654/1 653/653/1
f 934/934/1 935/935/1 653/653/1
f 92/92/1 654/654/1 91/91/1
f 654/654/1 653/653/1 91/91/1
f 935/935/1 373/373/1 372/372/1
f 934/934/1 935/935/1 372/372/1
f 93/93/1 374/374/1 92/92/1
f 374/374/1 373/373/1 92/92/1
f 936/936/1 655/655/1 654/654/1
f 935/935/1 936/936/1 654/654/1
f 93/93/1 655/655/1 92/92/1
f 655/655/1 654/654/1 92/92/1
f 936/936/1 374/374/1 373/373/1
f 935/935/1 936/936/1 373/373/1
f 94/94/1 375/375/1 93/93/1
f 375/375/1 374/374/1 93/93/1
f 937/937/1 656/656/1 655/655/1
f 936/936/1 937/937/1 655/655/1
f 94/94/1 656/656/1 93/93/1
f 656/656/1 655/655/1 93/93/1
f 937/937/1 375/375/1 374/374/1
f 936/936/1 937/937/1 374/374/1
f 95/95/1 376/376/1 94/94/1
f 376/376/1 375/375/1 94/94/1
f 938/938/1 657/657/1 656/656/1
f 937/937/1 938/938/1 656/656/1
f 95/95/1 657/657/1 94/94/1
f 657/657/1 656/656/1 94/94/1
f 938/938/1 376/376/1 375/375/1
f 937/937/1 938/938/1 375/375/1
f 96/96/1 377/377/1 95/95/1
f 377/377/1 376/376/1 95/95/1
f 939/939/1 658/658/1 657/657/1
f 938/938/1 939/939/1 657/657/1
f 96/96/1 658/658/1 95/95/1
f 658/658/1 657/657/1 95/95/1
f 939/939/1 377/377/1 376/376/1
f 938/938/1 939/939/1 376/376/1
f 97/97/1 378/378/1 96/96/1
f 378/378/1 377/377/1 96/96/1
f 940/940/1 659/659/1 658/658/1
f 939/939/1 940/940/1 658/658/1
f 97/97/1 659/659/1 96/96/1
f 659/659/1 658/658/1 96/96/1
f 940/940/1 378/378/1 377/377/1
f 939/939/1 940/940/1 377/377/1
f 98/98/1 379/379/1 97/97/1
f 379/379/1 378/378/1 97/97/1
f 941/941/1 660/660/1 659/659/1
f 940/940/1 941/941/1 659/659/1
f 98/98/1 660/660/1 97/97/1
f 660/660/1 659/659/1 97/97/1
f 941/941/1 379/379/1 378/378/1
f 940/940/1 941/941/1 378/378/1
f 99/99/1 380/380/1 98/98/1
f 380/380/1 379/379/1 98/98/1
f 942/942/1 661/661/1 660/660/1
f 941/941/1 942/942/1 660/660/1
f 99/99/1 661/661/1 98/98/1
f 661/661/1 660/660/1 98/98/1
f 942/942/1 380/380/1 379/379/1
f 941/941/1 942/942/1 379/379/1
f 100/100/1 381/381/1 99/99/1
f 381/381/1 380/380/1 99/99/1
f 943/943/1 662/662/1 661/661/1
f 942/942/1 943/943/1 661/661/1
f 100/100/1 662/662/1 99/99/1
f 662/662/1 661/661/1 99/99/1
f 943/943/1 381/381/1 380/380/1
f 942/942/1 943/943/1 380/380/1
f 101/101/1 382/382/1 100/100/1
f 382/382/1 381/381/1 100/100/1
f 944/944/1 663/663/1 662/662/1
f 943/943/1 944/944/1 662/662/1
f 101/101/1 663/663/1 100/100/1
f 663/663/1 662/662/1 100/100/1
f 944/944/1 382/382/1 381/381/1
f 943/943/1 944/944/1 381/381/1
f 102/102/1 383/383/1 101/101/1
f 383/383/1 382/382/1 101/101/1
f 945/945/1 664/664/1 663/663/1
f 944/944/1 945/945/1 663/663/1
f 102/102/1 664/664/1 101/101/1
f 664/664/1 663/663/1 101/101/1
f 945/945/1 383/383/1 382/382/1
f 944/944/1 945/945/1 382/382/1
f 103/103/1 384/384/1 102/102/1
f 384/384/1 383/383/1 102/102/1
f 946/946/1 665/665/1 664/664/1
f 945/945/1 946/946/1 664/664/1
f 103/103/1 665/665/1 102/102/1
f 665/665/1 664/664/1 102/102/1
f 946/946/1 384/384/1 383/383/1
f 945/945/1 946/946/1 383/383/1
f 104/104/1 385/385/1 103/103/1
f 385/385/1 384/384/1 103/103/1
f 947/947/1 666/666/1 665/665/1
f 946/946/1 947/947/1 665/665/1
f 104/104/1 666/666/1 103/103/1
f 666/666/1 665/665/1 103/103/1
f 947/947/1 385/385/1 384/384/1
f 946/946/1 947/947/1 384/384/1
f 105/105/1 386/386/1 104/104/1
f 386/386/1 385/385/1 104/104/1
f 948/948/1 667/667/1 666/666/1
f 947/947/1 948/948/1 666/666/1
f 105/105/1 667/667/1 104/104/1
f 667/667/1 666/666/1 104/104/1
f 948/948/1 386/386/1 385/385/1
f 947/947/1 948/948/1 385/385/1
f 106/106/1 387/387/1 105/105/1
f 387/387/1 386/386/1 105/105/1
f 949/949/1 668/668/1 667/667/1
f 948/948/1 949/949/1 667/667/1
f 106/106/1 668/668/1 105/105/1
f 668/668/1 667/667/1 105/105/1
f 949/949/1 387/387/1 386/386/1
f 948/948/1 949/949/1 386/386/1
f 107/107/1 388/388/1 106/106/1
f 388/388/1 387/387/1 106/106/1
f 950/950/1 669/669/1 668/668/1
f 949/949/1 950/950/1 668/668/1
f 107/107/1 669/669/1 106/106/1
f 669/669/1 668/668/1 106/106/1
f 950/950/1 388/388/1 387/387/1
f 949/949/1 950/950/1 387/387/1
f 108/108/1 389/389/1 107/107/1
f 389/389/1 388/388/1 107/107/1
f 951/951/1 670/670/1 669/669/1
f 950/950/1 951/951/1 669/669/1
f 108/108/1 670/670/1 107/107/1
f 670/670/1 669/669/1 107/107/1
f 951/951/1 389/389/1 388/388/1
f 950/950/1 951/951/1 388/388/1
f 109/109/1 390/390/1 108/108/1
f 390/390/1 389/389/1 108/108/1
f 952/952/1 671/671/1 670/670/1
f 951/951/1 952/952/1 670/670/1
f 109/109/1 671/671/1 108/108/1
f 671/671/1 670/670/1 108/108/1
f 952/952/1 390/390/1 389/389/1
f 951/951/1 952/952/1 389/389/1
f 110/110/1 391/391/1 109/109/1
f 391/391/1 390/390/1 109/109/1
f 953/953/1 672/672/1 671/671/1
f 952/952/1 953/953/1 671/671/1
f 110/110/1 672/672/1 109/109/1
f 672/672/1 671/671/1 109/109/1
f 953/953/1 391/391/1 390/390/1
f 952/952/1 953/953/1 390/390/1
f 111/111/1 392/392/1 110/110/1
f 392/392/1 391/391/1 110/110/1
f 954/954/1 673/673/1 672/672/1
f 953/953/1 954/954/1 672/672/1
f 111/111/1 673/673/1 110/110/1
f 673/673/1 672/672/1 110/110/1
f 954/954/1 392/392/1 391/391/1
f 953/953/1 954/954/1 391/391/1
f 112/112/1 393/393/1 111/111/1
f 393/393/1 392/392/1 111/111/1
f 955/955/1 674/674/1 673/673/1
f 954/954/1 955/955/1 673/673/1
f 112/112/1 674/674/1 111/111/1
f 674/674/1 673/673/1 111/111/1
f 955/955/1 393/393/1 392/392/1
f 954/954/1 955/955/1 392/392/1
f 113/113/1 394/394/1 112/112/1
f 394/394/1 393/393/1 112/112/1
f 956/956/1 675/675/1 674/674/1
f 955/955/1 956/956/1 674/674/1
f 113/113/1 675/675/1 112/112/1
f 675/675/1 674/674/1 112/112/1
f 956/956/1 394/394/1 393/393/1
f 955/955/1 956/956/1 393/393/1
f 114/114/1 395/395/1 113/113/1
f 395/395/1 394/394/1 113/113/1
f 957/957/1 676/676/1 675/675/1
f 956/956/1 957/957/1 675/675/1
f 114/114/1 676/676/1 113/113/1
f 676/676/1 675/675/1 113/113/1
f 957/957/1 395/395/1 394/394/1
f 956/956/1 957/957/1 394/394/1
f 115/115/1 396/396/1 114/114/1
f 396/396/1 395/395/1 114/114/1
f 958/958/1 677/677/1 676/676/1
f 957/957/1 958/958/1 676/676/1
f 115/115/1 677/677/1 114/114/1
f 677/677/1 676/676/1 114/114/1
f 958/958/1 396/396/1 395/395/1
f 957/957/1 958/958/1 395/395/1
f 116/116/1 397/397/1 115/115/1
f 397/397/1 396/396/1 115/115/1
f 959/959/1 678/678/1 677/677/1
f 958/958/1 959/959/1 677/677/1
f 116/116/1 678/678/1 115/115/1
f 678/678/1 677/677/1 115/115/1
f 959/959/1 397/397/1 396/396/1
f 958/958/1 959/959/1 396/396/1
f 117/117/1 398/398/1 116/116/1
f 398/398/1 397/397/1 116/116/1
f 960/960/1 679/679/1 678/678/1
f 959/959/1 960/960/1 678/678/1
f 117/117/1 679/679/1 116/116/1
f 679/679/1 678/678/1 116/116/1
f 960/960/1 398/398/1 397/397/1
f 959/959/1 960/960/1 397/397/1
f 118/118/1 399/399/1 117/117/1
f 399/399/1 398/398/1 117/117/1
f 961/961/1 680/680/1 679/679/1
f 960/960/1 961/961/1 679/679/1
f 118/118/1 680/680/1 117/117/1
f 680/680/1 679/679/1 117/117/1
f 961/961/1 399/399/1 398/398/1
f 960/960/1 961/961/1 398/398/1
f 119/119/1 400/400/1 118/118/1
f 400/400/1 399/399/1 118/118/1
f 962/962/1 681/681/1 680/680/1
f 961/961/1 962/962/1 680/680/1
f 119/119/1 681/681/1 118/118/1
f 681/681/1 680/680/1 118/118/1
f 962/962/1 400/400/1 399/399/1
f 961/961/1 962/962/1 399/399/1
f 120/120/1 401/401/1 119/119/1
f 401/401/1 400/400/1 119/119/1
f 963/963/1 682/682/1 681/681/1
f 962/962/1 963/963/1 681/681/1
f 120/120/1 682/682/1 119/119/1
f 682/682/1 681/681/1 119/119/1
f 963/963/1 401/401/1 400/400/1
f 962/962/1 963/963/1 400/400/1
f 121/121/1 402/402/1 120/120/1
f 402/402/1 401/401/1 120/120/1
f 964/964/1 683/683/1 682/682/1
f 963/963/1 964/964/1 682/682/1
f 121/121/1 683/683/1 120/120/1
f 683/683/1 682/682/1 120/120/1
f 964/964/1 402/402/1 401/401/1
f 963/963/1 964/964/1 401/401/1
f 122/122/1 403/403/1 121/121/1
f 403/403/1 402/402/1 121/121/1
f 965/965/1 684/684/1 683/683/1
f 964/964/1 965/965/1 683/683/1
f 122/122/1 684/684/1 121/121/1
f 684/684/1 683/683/1 121/121/1
f 965/965/1 403/403/1 402/402/1
f 964/964/1 965/965/1 402/402/1
f 123/123/1 404/404/1 122/122/1
f 404/404/1 403/403/1 122/122/1
f 966/966/1 685/685/1 684/684/1
f 965/965/1 966/966/1 684/684/1
f 123/123/1 685/685/1 122/122/1
f 685/685/1 684/684/1 122/122/1
f 966/966/1 404/404/1 403/403/1
f 965/965/1 966/966/1 403/403/1
f 124/124/1 405/405/1 123/123/1
f 405/405/1 404/404/1 123/123/1
f 967/967/1 686/686/1 685/685/1
f 966/966/1 967/967/1 685/685/1
f 124/124/1 686/686/1 123/123/1
f 686/686/1 685/685/1 123/123/1
f 967/967/1 405/405/1 404/404/1
f 966/966/1 967/967/1 404/404/1
f 125/125/1 406/406/1 124/124/1
f 406/406/1 405/405/1 124/124/1
f 968/968/1 687/687/1 686/686/1
f 967/967/1 968/968/1 686/686/1
f 125/125/1 687/687/1 124/124/1
f 687/687/1 686/686/1 124/124/1
f 968/968/1 406/406/1 405/405/1
f 967/967/1 968/968/1 405/405/1
f 126/126/1 407/407/1 125/125/1
f 407/407/1 406/406/1 125/125/1
f 969/969/1 688/688/1 687/687/1
f 968/968/1 969/969/1 687/687/1
f 126/126/1 688/688/1 125/125/1
f 688/688/1 687/687/1 125/125/1
f 969/969/1 407/407/1 406/406/1
f 968/968/1 969/969/1 406/406/1
f 127/127/1 408/408/1 126/126/1
f 408/408/1 407/407/1 126/126/1
f 970/970/1 689/689/1 688/688/1
f 969/969/1 970/970/1 688/688/1
f 127/127/1 689/689/1 126/126/1
f 689/689/1 688/688/1 126/126/1
f 970/970/1 408/408/1 407/407/1
f 969/969/1 970/970/1 407/407/1
f 128/128/1 409/409/1 127/127/1
f 409/409/1 408/408/1 127/127/1
f 971/971/1 690/690/1 689/689/1
f 970/970/1 971/971/1 689/689/1
f 128/128/1 690/690/1 127/127/1
f 690/690/1 689/689/1 127/127/1
f 971/971/1 409/409/1 408/408/1
f 970/970/1 971/971/1 408/408/1
f 129/129/1 410/410/1 128/128/1
f 410/410/1 409/409/1 128/128/1
f 972/972/1 691/691/1 690/690/1
f 971/971/1 972/972/1 690/690/1
f 129/129/1 691/691/1 128/128/1
f 691/691/1 690/690/1 128/128/1
f 972/972/1 410/410/1 409/409/1
f 971/971/1 972/972/1 409/409/1
f 130/130/1 411/411/1 129/129/1
f 411/411/1 410/410/1 129/129/1
f 973/973/1 692/692/1 691/691/1
f 972/972/1 973/973/1 691/691/1
f 130/130/1 692/692/1 129/129/1
f 692/692/1 691/691/1 129/129/1
f 973/973/1 411/411/1 410/410/1
f 972/972/1 973/973/1 410/410/1
f 131/131/1 412/412/1 130/130/1
f 412/412/1 411/411/1 130/130/1
f 974/974/1 693/693/1 692/692/1
f 973/973/1 974/974/1 692/692/1
f 131/131/1 693/693/1 130/130/1
f 693/693/1 692/692/1 130/130/1
f 974/974/1 412/412/1 411/411/1
f 973/973/1 974/974/1 411/411/1
f 132/132/1 413/413/1 131/131/1
f 413/413/1 412/412/1 131/131/1
f 975/975/1 694/694/1 693/693/1
f 974/974/1 975/975/1 693/693/1
f 132/132/1 694/694/1 131/131/1
f 694/694/1 693/693/1 131/131/1
f 975/975/1 413/413/1 412/412/1
f 974/974/1 975/975/1 412/412/1
f 133/133/1 414/414/1 132/132/1
f 414/414/1 413/413/1 132/132/1
f 976/976/1 695/695/1 694/694/1
f 975/975/1 976/976/1 694/694/1
f 133/133/1 695/695/1 132/132/1
f 695/695/1 694/694/1 132/132/1
f 976/976/1 414/414/1 413/413/1
f 975/975/1 976/976/1 413/413/1
f 134/134/1 415/415/1 133/133/1
f 415/415/1 414/414/1 133/133/1
f 977/977/1 696/696/1 695/695/1
f 976/976/1 977/977/1 695/695/1
f 134/134/1 696/696/1 133/133/1
f 696/696/1 695/695/1 133/133/1
f 977/977/1 415/415/1 414/414/1
f 976/976/1 977/977/1 414/414/1
f 135/135/1 416/416/1 134/134/1
f 416/416/1 415/415/1 134/134/1
f 978/978/1 697/697/1 696/696/1
f 977/977/1 978/978/1 696/696/1
f 135/135/1 697/697/1 134/134/1
f 697/697/1 696/696/1 134/134/1
f 978/978/1 416/416/1 415/415/1
f 977/977/1 978/978/1 415/415/1
f 136/136/1 417/417/1 135/135/1
f 417/417/1 416/416/1 135/135/1
f 979/979/1 698/698/1 697/697/1
f 978/978/1 979/979/1 697/697/1
f 136/136/1 698/698/1 135/135/1
f 698/698/1 697/697/1 135/135/1
f 979/979/1 417/417/1 416/416/1
f 978/978/1 979/979/1 416/416/1
f 137/137/1 418/418/1 136/136/1
f 418/418/1 417/417/1 136/136/1
f 980/980/1 699/699/1 698/698/1
f 979/979/1 980/980/1 698/698/1
f 137/137/1 699/699/1 136/136/1
f 699/699/1 698/698/1 136/136/1
f 980/980/1 418/418/1 417/417/1
f 979/979/1 980/980/1 417/417/1
f 138/138/1 419/419/1 137/137/1
f 419/419/1 418/418/1 137/137/1
f 981/981/1 700/700/1 699/699/1
f 980/980/1 981/981/1 699/699/1
f 138/138/1 700/700/1 137/137/1
f 700/700/1 699/699/1 137/137/1
f 981/981/1 419/419/1 418/418/1
f 980/980/1 981/981/1 418/418/1
f 139/139/1 420/420/1 138/138/1
f 420/420/1 419/419/1 138/138/1
f 982/982/1 701/701/1 700/700/1
f 981/981/1 982/982/1 700/700/1
f 139/139/1 701/701/1 138/138/1
f 701/701/1 700/700/1 138/138/1
f 982/982/1 420/420/1 419/419/1
f 981/981/1 982/982/1 419/419/1
f 140/140/1 421/421/1 139/139/1
f 421/421/1 420/420/1 139/139/1
f 983/983/1 702/702/1 701/701/1
f 982/982/1 983/983/1 701/701/1
f 140/140/1 702/702/1 139/139/1
f 702/702/1 701/701/1 139/139/1
f 983/983/1 421/421/1 420/420/1
f 982/982/1 983/983/1 420/420/1
f 141/141/1 422/422/1 140/140/1
f 422/422/1 421/421/1 140/140/1
f 984/984/1 703/703/1 702/702/1
f 983/983/1 984/984/1 702/702/1
f 141/141/1 703/703/1 140/140/1
f 703/703/1 702/702/1 140/140/1
f 984/984/1 422/422/1 421/421/1
f 983/983/1 984/984/1 421/421/1
f 142/142/1 423/423/1 141/141/1
f 423/423/1 422/422/1 141/141/1
f 985/985/1 704/704/1 703/703/1
f 984/984/1 985/985/1 703/703/1
f 142/142/1 704/704/1 141/141/1
f 704/704/1 703/703/1 141/141/1
f 985/985/1 423/423/1 422/422/1
f 984/984/1 985/985/1 422/422/1
f 143/143/1 424/424/1 142/142/1
f 424/424/1 423/423/1 142/142/1
f 986/986/1 705/705/1 704/704/1
f 985/985/1 986/986/1 704/704/1
f 143/143/1 705/705/1 142/142/1
f 705/705/1 704/704/1 142/142/1
f 986/986/1 424/424/1 423/423/1
f 985/985/1 986/986/1 423/423/1
f 144/144/1 425/425/1 143/143/1
f 425/425/1 424/424/1 143/143/1
f 987/987/1 706/706/1 705/705/1
f 986/986/1 987/987/1 705/705/1
f 144/144/1 706/706/1 143/143/1
f 706/706/1 705/705/1 143/143/1
f 987/987/1 425/425/1 424/424/1
f 986/986/1 987/987/1 424/424/1
f 145/145/1 426/426/1 144/144/1
f 426/426/1 425/425/1 144/144/1
f 988/988/1 707/707/1 706/706/1
f 987/987/1 988/988/1 706/706/1
f 145/145/1 707/707/1 144/144/1
f 707/707/1 706/706/1 144/144/1
f 988/988/1 426/426/1 425/425/1
f 987/987/1 988/988/1 425/425/1
f 146/146/1 427/427/1 145/145/1
f 427/427/1 426/426/1 145/145/1
f 989/989/1 708/708/1 707/707/1
f 988/988/1 989/989/1 707/707/1
f 146/146/1 708/708/1 145/145/1
f 708/708/1 707/707/1 145/145/1
f 989/989/1 427/427/1 426/426/1
f 988/988/1 989/989/1 426/426/1
f 147/147/1 428/428/1 146/146/1
f 428/428/1 427/427/1 146/146/1
f 990/990/1 709/709/1 708/708/1
f 989/989/1 990/990/1 708/708/1
f 147/147/1 709/709/1 146/146/1
f 709/709/1 708/708/1 146/146/1
f 990/990/1 428/428/1 427/427/1
f 989/989/1 990/990/1 427/427/1
f 148/148/1 429/429/1 147/147/1
f 429/429/1 428/428/1 147/147/1
f 991/991/1 710/710/1 709/709/1
f 990/990/1 991/991/1 709/709/1
f 148/148/1 710/710/1 147/147/1
f 710/710/1 709/709/1 147/147/1
f 991/991/1 429/429/1 428/428/1
f 990/990/1 991/991/1 428/428/1
f 149/149/1 430/430/1 148/148/1
f 430/430/1 429/429/1 148/148/1
f 992/992/1 711/711/1 710/710/1
f 991/991/1 992/992/1 710/710/1
f 149/149/1 711/711/1 148/148/1
f 711/711/1 710/710/1 148/148/1
f 992/992/1 430/430/1 429/429/1
f 991/991/1 992/992/1 429/429/1
f 150/150/1 431/431/1 149/149/1
f 431/431/1 430/430/1 149/149/1
f 993/993/1 712/712/1 711/711/1
f 992/992/1 993/993/1 711/711/1
f 150/150/1 712/712/1 149/149/1
f 712/712/1 711/711/1 149/149/1
f 993/993/1 431/431/1 430/430/1
f 992/992/1 993/993/1 430/430/1
f 151/151/1 432/432/1 150/150/1
f 432/432/1 431/431/1 150/150/1
f 994/994/1 713/713/1 712/712/1
f 993/993/1 994/994/1 712/712/1
f 151/151/1 713/713/1 150/150/1
f 713/713/1 712/712/1 150/150/1
f 994/994/1 432/432/1 431/431/1
f 993/993/1 994/994/1 431/431/1
f 152/152/1 433/433/1 151/151/1
f 433/433/1 432/432/1 151/151/1
f 995/995/1 714/714/1 713/713/1
f 994/994/1 995/995/1 713/713/1
f 152/152/1 714/714/1 151/151/1
f 714/714/1 713/713/1 151/151/1
f 995/995/1 433/433/1 432/432/1
f 994/994/1 995/995/1 432/432/1
f 153/153/1 434/434/1 152/152/1
f 434/434/1 433/433/1 152/152/1
f 996/996/1 715/715/1 714/714/1
f 995/995/1 996/996/1 714/714/1
f 153/153/1 715/715/1 152/152/1
f 715/715/1 714/714/1 152/152/1
f 996/996/1 434/434/1 433/433/1
f 995/995/1 996/996/1 433/433/1
f 154/154/1 435/435/1 153/153/1
f 435/435/1 434/434/1 153/153/1
f 997/997/1 716/716/1 715/715/1
f 996/996/1 997/997/1 715/715/1
f 154/154/1 716/716/1 153/153/1
f 716/716/1 715/715/1 153/153/1
f 997/997/1 435/435/1 434/434/1
f 996/996/1 997/997/1 434/434/1
f 155/155/1 436/436/1 154/154/1
f 436/436/1 435/435/1 154/154/1
f 998/998/1 717/717/1 716/716/1
f 997/997/1 998/998/1 716/716/1
f 155/155/1 717/717/1 154/154/1
f 717/717/1 716/716/1 154/154/1
f 998/998/1 436/436/1 435/435/1
f 997/997/1 998/998/1 435/435/1
f 156/156/1 437/437/1 155/155/1
f 437/437/1 436/436/1 155/155/1
f 999/999/1 718/718/1 717/717/1
f 998/998/1 999/999/1 717/717/1
f 156/156/1 718/718/1 155/155/1
f 718/718/1 717/717/1 155/155/1
f 999/999/1 437/437/1 436/436/1
f 998/998/1 999/999/1 436/436/1
f 157/157/1 438/438/1 156/156/1
f 438/438/1 437/437/1 156/156/1
f 1000/1000/1 719/719/1 718/718/1
f 999/999/1 1000/1000/1 718/718/1
f 157/157/1 719/719/1 156/156/1
f 719/719/1 718/718/1 156/156/1
f 1000/1000/1 438/438/1 437/437/1
f 999/999/1 1000/1000/1 437/437/1
f 158/158/1 439/439/1 157/157/1
f 439/439/1 438/438/1 157/157/1
f 1001/1001/1 720/720/1 719/719/1
f 1000/1000/1 1001/1001/1 719/719/1
f 158/158/1 720/720/1 157/157/1
f 720/720/1 719/719/1 157/157/1
f 1001/1001/1 439/439/1 438/438/1
f 1000/1000/1 1001/1001/1 438/438/1
f 159/159/1 440/440/1 158/158/1
f 440/440/1 439/439/1 158/158/1
f 1002/1002/1 721/721/1 720/720/1
f 1001/1001/1 1002/1002/1 720/720/1
f 159/159/1 721/721/1 158/158/1
f 721/721/1 720/720/1 158/158/1
f 1002/1002/1 440/440/1 439/439/1
f 1001/1001/1 1002/1002/1 439/439/1
f 160/160/1 441/441/1 159/159/1
f 441/441/1 440/440/1 159/159/1
f 1003/1003/1 722/722/1 721/721/1
f 1002/1002/1 1003/1003/1 721/721/1
f 160/160/1 722/722/1 159/159/1
f 722/722/1 721/721/1 159/159/1
f 1003/1003/1 441/441/1 440/440/1
f 1002/1002/1 1003/1003/1 440/440/1
f 161/161/1 442/442/1 160/160/1
f 442/442/1 441/441/1 160/160/1
f 1004/1004/1 723/723/1 722/722/1
f 1003/1003/1 1004/1004/1 722/722/1
f 161/161/1 723/723/1 160/160/1
f 723/723/1 722/722/1 160/160/1
f 1004/1004/1 442/442/1 441/441/1
f 1003/1003/1 1004/1004/1 441/441/1
f 162/162/1 443/443/1 161/161/1
f 443/443/1 442/442/1 161/161/1
f 1005/1005/1 724/724/1 723/723/1
f 1004/1004/1 1005/1005/1 723/723/1
f 162/162/1 724/724/1 161/161/1
f 724/724/1 723/723/1 161/161/1
f 1005/1005/1 443/443/1 442/442/1
f 1004/1004/1 1005/1005/1 442/442/1
f 163/163/1 444/444/1 162/162/1
f 444/444/1 443/443/1 162/162/1
f 1006/1006/1 725/725/1 724/724/1
f 1005/1005/1 1006/1006/1 724/724/1
f 163/163/1 725/725/1 162/162/1
f 725/725/1 724/724/1 162/162/1
f 1006/1006/1 444/444/1 443/443/1
f 1005/1005/1 1006/1006/1 443/443/1
f 164/164/1 445/445/1 163/163/1
f 445/445/1 444/444/1 163/163/1
f 1007/1007/1 726/726/1 725/725/1
f 1006/1006/1 1007/1007/1 725/725/1
f 164/164/1 726/726/1 163/163/1
f 726/726/1 725/725/1 163/163/1
f 1007/1007/1 445/445/1 444/444/1
f 1006/1006/1 1007/1007/1 444/444/1
f 165/165/1 446/446/1 164/164/1
f 446/446/1 445/445/1 164/164/1
f 1008/1008/1 727/727/1 726/726/1
f 1007/1007/1 1008/1008/1 726/726/1
f 165/165/1 727/727/1 164/164/1
f 727/727/1 726/726/1 164/164/1
f 1008/1008/1 446/446/1 445/445/1
f 1007/1007/1 1008/1008/1 445/445/1
f 166/166/1 447/447/1 165/165/1
f 447/447/1 446/446/1 165/165/1
f 1009/1009/1 728/728/1 727/727/1
f 1008/1008/1 1009/1009/1 727/727/1
f 166/166/1 728/728/1 165/165/1
f 728/728/1 727/727/1 165/165/1
f 1009/1009/1 447/447/1 446/446/1
f 1008/1008/1 1009/1009/1 446/446/1
f 167/167/1 448/448/1 166/166/1
f 448/448/1 447/447/1 166/166/1
f 1010/1010/1 729/729/1 728/728/1
f 1009/1009/1 1010/1010/1 728/728/1
f 167/167/1 729/729/1 166/166/1
f 729/729/1 728/728/1 166/166/1
f 1010/1010/1 448/448/1 447/447/1
f 1009/1009/1 1010/1010/1 447/447/1
f 168/168/1 449/449/1 167/167/1
f 449/449/1 448/448/1 167/167/1
f 1011/1011/1 730/730/1 729/729/1
f 1010/1010/1 1011/1011/1 729/729/1
f 168/168/1 730/730/1 167/167/1
f 730/730/1 729/729/1 167/167/1
f 1011/1011/1 449/449/1 448/448/1
f 1010/1010/1 1011/1011/1 448/448/1
f 169/169/1 450/450/1 168/168/1
f 450/450/1 449/449/1 168/168/1
f 1012/1012/1 731/731/1 730/730/1
f 1011/1011/1 1012/1012/1 730/730/1
f 169/169/1 731/731/1 168/168/1
f 731/731/1 730/730/1 168/168/1
f 1012/1012/1 450/450/1 449/449/1
f 1011/1011/1 1012/1012/1 449/449/1
f 170/170/1 451/451/1 169/169/1
f 451/451/1 450/450/1 169/169/1
f 1013/1013/1 732/732/1 731/731/1
f 1012/1012/1 1013/1013/1 731/731/1
f 170/170/1 732/732/1 169/169/1
f 732/732/1 731/731/1 169/169/1
f 1013/1013/1 451/451/1 450/450/1
f 1012/1012/1 1013/1013/1 450/450/1
f 171/171/1 452/452/1 170/170/1
f 452/452/1 451/451/1 170/170/1
f 1014/1014/1 733/733/1 732/732/1
f 1013/1013/1 1014/1014/1 732/732/1
f 171/171/1 733/733/1 170/170/1
f 733/733/1 732/732/1 170/170/1
f 1014/1014/1 452/452/1 451/451/1
f 1013/1013/1 1014/1014/1 451/451/1
f 172/172/1 453/453/1 171/171/1
f 453/453/1 452/452/1 171/171/1
f 1015/1015/1 734/734/1 733/733/1
f 1014/1014/1 1015/1015/1 733/733/1
f 172/172/1 734/734/1 171/171/1
f 734/734/1 733/733/1 171/171/1
f 1015/1015/1 453/453/1 452/452/1
f 1014/1014/1 1015/1015/1 452/452/1
f 173/173/1 454/454/1 172/172/1
f 454/454/1 453/453/1 172/172/1
f 1016/1016/1 735/735/1 734/734/1
f 1015/1015/1 1016/1016/1 734/734/1
f 173/173/1 735/735/1 172/172/1
f 735/735/1 734/734/1 172/172/1
f 1016/1016/1 454/454/1 453/453/1
f 1015/1015/1 1016/1016/1 453/453/1
f 174/174/1 455/455/1 173/173/1
f 455/455/1 454/454/1 173/173/1
f 1017/1017/1 736/736/1 735/735/1
f 1016/1016/1 1017/1017/1 735/735/1
f 174/174/1 736/736/1 173/173/1
f 736/736/1 735/735/1 173/173/1
f 1017/1017/1 455/455/1 454/454/1
f 1016/1016/1 1017/1017/1 454/454/1
f 175/175/1 456/456/1 174/174/1
f 456/456/1 455/455/1 174/174/1
f 1018/1018/1 737/737/1 736/736/1
f 1017/1017/1 1018/1018/1 736/736/1
f 175/175/1 737/737/1 174/174/1
f 737/737/1 736/736/1 174/174/1
f 1018/1018/1 456/456/1 455/455/1
f 1017/1017/1 1018/1018/1 455/455/1
f 176/176/1 457/457/1 175/175/1
f 457/457/1 456/456/1 175/175/1
f 1019/1019/1 738/738/1 737/737/1
f 1018/1018/1 1019/1019/1 737/737/1
f 176/176/1 738/738/1 175/175/1
f 738/738/1 737/737/1 175/175/1
f 1019/1019/1 457/457/1 456/456/1
f 1018/1018/1 1019/1019/1 456/456/1
f 177/177/1 458/458/1 176/176/1
f 458/458/1 457/457/1 176/176/1
f 1020/1020/1 739/739/1 738/738/1
f 1019/1019/1 1020/1020/1 738/738/1
f 177/177/1 739/739/1 176/176/1
f 739/739/1 738/738/1 176/176/1
f 1020/1020/1 458/458/1 457/457/1
f 1019/1019/1 1020/1020/1 457/457/1
f 178/178/1 459/459/1 177/177/1
f 459/459/1 458/458/1 177/177/1
f 1021/1021/1 740/740/1 739/739/1
f 1020/1020/1 1021/1021/1 739/739/1
f 178/178/1 740/740/1 177/177/1
f 740/740/1 739/739/1 177/177/1
f 1021/1021/1 459/459/1 458/458/1
f 1020/1020/1 1021/1021/1 458/458/1
f 179/179/1 460/460/1 178/178/1
f 460/460/1 459/459/1 178/178/1
f 1022/1022/1 741/741/1 740/740/1
f 1021/1021/1 1022/1022/1 740/740/1
f 179/179/1 741/741/1 178/178/1
f 741/741/1 740/740/1 178/178/1
f 1022/1022/1 460/460/1 459/459/1
f 1021/1021/1 1022/1022/1 459/459/1
f 180/180/1 461/461/1 179/179/1
f 461/461/1 460/460/1 179/179/1
f 1023/1023/1 742/742/1 741/741/1
f 1022/1022/1 1023/1023/1 741/741/1
f 180/180/1 742/742/1 179/179/1
f 742/742/1 741/741/1 179/179/1
f 1023/1023/1 461/461/1 460/460/1
f 1022/1022/1 1023/1023/1 460/460/1
f 181/181/1 462/462/1 180/180/1
f 462/462/1 461/461/1 180/180/1
f 1024/1024/1 743/743/1 742/742/1
f 1023/1023/1 1024/1024/1 742/742/1
f 181/181/1 743/743/1 180/180/1
f 743/743/1 742/742/1 180/180/1
f 1024/1024/1 462/462/1 461/461/1
f 1023/1023/1 1024/1024/1 461/461/1
f 182/182/1 463/463/1 181/181/1
f 463/463/1 462/462/1 181/181/1
f 1025/1025/1 744/744/1 743/743/1
f 1024/1024/1 1025/1025/1 743/743/1
f 182/182/1 744/744/1 181/181/1
f 744/744/1 743/743/1 181/181/1
f 1025/1025/1 463/463/1 462/462/1
f 1024/1024/1 1025/1025/1 462/462/1
f 183/183/1 464/464/1 182/182/1
f 464/464/1 463/463/1 182/182/1
f 1026/1026/1 745/745/1 744/744/1
f 1025/1025/1 1026/1026/1 744/744/1
f 183/183/1 745/745/1 182/182/1
f 745/745/1 744/744/1 182/182/1
f 1026/1026/1 464/464/1 463/463/1
f 1025/1025/1 1026/1026/1 463/463/1
f 184/184/1 465/465/1 183/183/1
f 465/465/1 464/464/1 183/183/1
f 1027/1027/1 746/746/1 745/745/1
f 1026/1026/1 1027/1027/1 745/745/1
f 184/184/1 746/746/1 183/183/1
f 746/746/1 745/745/1 183/183/1
f 1027/1027/1 465/465/1 464/464/1
f 1026/1026/1 1027/1027/1 464/464/1
f 185/185/1 466/466/1 184/184/1
f 466/466/1 465/465/1 184/184/1
f 1028/1028/1 747/747/1 746/746/1
f 1027/1027/1 1028/1028/1 746/746/1
f 185/185/1 747/747/1 184/184/1
f 747/747/1 746/746/1 184/184/1
f 1028/1028/1 466/466/1 465/465/1
f 1027/1027/1 1028/1028/1 465/465/1
f 186/186/1 467/467/1 185/185/1
f 467/467/1 466/466/1 185/185/1
f 1029/1029/1 748/748/1 747/747/1
f 1028/1028/1 1029/1029/1 747/747/1
f 186/186/1 748/748/1 185/185/1
f 748/748/1 747/747/1 185/185/1
f 1029/1029/1 467/467/1 466/466/1
f 1028/1028/1 1029/1029/1 466/466/1
f 187/187/1 468/468/1 186/186/1
f 468/468/1 467/467/1 186/186/1
f 1030/1030/1 749/749/1 748/748/1
f 1029/1029/1 1030/1030/1 748/748/1
f 187/187/1 749/749/1 186/186/1
f 749/749/1 748/748/1 186/186/1
f 1030/1030/1 468/468/1 467/467/1
f 1029/1029/1 1030/1030/1 467/467/1
f 188/188/1 469/469/1 187/187/1
f 469/469/1 468/468/1 187/187/1
f 1031/1031/1 750/750/1 749/749/1
f 1030/1030/1 1031/1031/1 749/749/1
f 188/188/1 750/750/1 187/187/1
f 750/750/1 749/749/1 187/187/1
f 1031/1031/1 469/469/1 468/468/1
f 1030/1030/1 1031/1031/1 468/468/1
f 189/189/1 470/470/1 188/188/1
f 470/470/1 469/469/1 188/188/1
f 1032/1032/1 751/751/1 750/750/1
f 1031/1031/1 1032/1032/1 750/750/1
f 189/189/1 751/751/1 188/188/1
f 751/751/1 750/750/1 188/188/1
f 1032/1032/1 470/470/1 469/469/1
f 1031/1031/1 1032/1032/1 469/469/1
f 190/190/1 471/471/1 189/189/1
f 471/471/1 470/470/1 189/189/1
f 1033/1033/1 752/752/1 751/751/1
f 1032/1032/1 1033/1033/1 751/751/1
f 190/190/1 752/752/1 189/189/1
f 752/752/1 751/751/1 189/189/1
f 1033/1033/1 471/471/1 470/470/1
f 1032/1032/1 1033/1033/1 470/470/1
f 191/191/1 472/472/1 190/190/1
f 472/472/1 471/471/1 190/190/1
f 1034/1034/1 753/753/1 752/752/1
f 1033/1033/1 1034/1034/1 752/752/1
f 191/191/1 753/753/1 190/190/1
f 753/753/1 752/752/1 190/190/1
f 1034/1034/1 472/472/1 471/471/1
f 1033/1033/1 1034/1034/1 471/471/1
f 192/192/1 473/473/1 191/191/1
f 473/473/1 472/472/1 191/191/1
f 1035/1035/1 754/754/1 753/753/1
f 1034/1034/1 1035/1035/1 753/753/1
f 192/192/1 754/754/1 191/191/1
f 754/754/1 753/753/1 191/191/1
f 1035/1035/1 473/473/1 472/472/1
f 1034/1034/1 1035/1035/1 472/472/1
f 193/193/1 474/474/1 192/192/1
f 474/474/1 473/473/1 192/192/1
f 1036/1036/1 755/755/1 754/754/1
f 1035/1035/1 1036/1036/1 754/754/1
f 193/193/1 755/755/1 192/192/1
f 755/755/1 754/754/1 192/192/1
f 1036/1036/1 474/474/1 473/473/1
f 1035/1035/1 1036/1036/1 473/473/1
f 194/194/1 475/475/1 193/193/1
f 475/475/1 474/474/1 193/193/1
f 1037/1037/1 756/756/1 755/755/1
f 1036/1036/1 1037/1037/1 755/755/1
f 194/194/1 756/756/1 193/193/1
f 756/756/1 755/755/1 193/193/1
f 1037/1037/1 475/475/1 474/474/1
f 1036/1036/1 1037/1037/1 474/474/1
f 195/195/1 476/476/1 194/194/1
f 476/476/1 475/475/1 194/194/1
f 1038/1038/1 757/757/1 756/756/1
f 1037/1037/1 1038/1038/1 756/756/1
f 195/195/1 757/757/1 194/194/1
f 757/757/1 756/756/1 194/194/1
f 1038/1038/1 476/476/1 475/475/1
f 1037/1037/1 1038/1038/1 475/475/1
f 196/196/1 477/477/1 195/195/1
f 477/477/1 476/476/1 195/195/1
f 1039/1039/1 758/758/1 757/757/1
f 1038/1038/1 1039/1039/1 757/757/1
f 196/196/1 758/758/1 195/195/1
f 758/758/1 757/757/1 195/195/1
f 1039/1039/1 477/477/1 476/476/1
f 1038/1038/1 1039/1039/1 476/476/1
f 197/197/1 478/478/1 196/196/1
f 478/478/1 477/477/1 196/196/1
f 1040/1040/1 759/759/1 758/758/1
f 1039/1039/1 1040/1040/1 758/758/1
f 197/197/1 759/759/1 196/196/1
f 759/759/1 758/758/1 196/196/1
f 1040/1040/1 478/478/1 477/477/1
f 1039/1039/1 1040/1040/1 477/477/1
f 198/198/1 479/479/1 197/197/1
f 479/479/1 478/478/1 197/197/1
f 1041/1041/1 760/760/1 759/759/1
f 1040/1040/1 1041/1041/1 759/759/1
f 198/198/1 760/760/1 197/197/1
f 760/760/1 759/759/1 197/197/1
f 1041/1041/1 479/479/1 478/478/1
f 1040/1040/1 1041/1041/1 478/478/1
f 199/199/1 480/480/1 198/198/1
f 480/480/1 479/479/1 198/198/1
f 1042/1042/1 761/761/1 760/760/1
f 1041/1041/1 1042/1042/1 760/760/1
f 199/199/1 761/761/1 198/198/1
f 761/761/1 760/760/1 198/198/1
f 1042/1042/1 480/480/1 479/479/1
f 1041/1041/1 1042/1042/1 479/479/1
f 200/200/1 481/481/1 199/199/1
f 481/481/1 480/480/1 199/199/1
f 1043/1043/1 762/762/1 761/761/1
f 1042/1042/1 1043/1043/1 761/761/1
f 200/200/1 762/762/1 199/199/1
f 762/762/1 761/761/1 199/199/1
f 1043/1043/1 481/481/1 480/480/1
f 1042/1042/1 1043/1043/1 480/480/1
f 201/201/1 482/482/1 200/200/1
f 482/482/1 481/481/1 200/200/1
f 1044/1044/1 763/763/1 762/762/1
f 1043/1043/1 1044/1044/1 762/762/1
f 201/201/1 763/763/1 200/200/1
f 763/763/1 762/762/1 200/200/1
f 1044/1044/1 482/482/1 481/481/1
f 1043/1043/1 1044/1044/1 481/481/1
f 202/202/1 483/483/1 201/201/1
f 483/483/1 482/482/1 201/201/1
f 1045/1045/1 764/764/1 763/763/1
f 1044/1044/1 1045/1045/1 763/763/1
f 202/202/1 764/764/1 201/201/1
f 764/764/1 763/763/1 201/201/1
f 1045/1045/1 483/483/1 482/482/1
f 1044/1044/1 1045/1045/1 482/482/1
f 203/203/1 484/484/1 202/202/1
f 484/484/1 483/483/1 202/202/1
f 1046/1046/1 765/765/1 764/764/1
f 1045/1045/1 1046/1046/1 764/764/1
f 203/203/1 765/765/1 202/202/1
f 765/765/1 764/764/1 202/202/1
f 1046/1046/1 484/484/1 483/483/1
f 1045/1045/1 1046/1046/1 483/483/1
f 204/204/1 485/485/1 203/203/1
f 485/485/1 484/484/1 203/203/1
f 1047/1047/1 766/766/1 765/765/1
f 1046/1046/1 1047/1047/1 765/765/1
f 204/204/1 766/766/1 203/203/1
f 766/766/1 765/765/1 203/203/1
f 1047/1047/1 485/485/1 484/484/1
f 1046/1046/1 1047/1047/1 484/484/1
f 205/205/1 486/486/1 204/204/1
f 486/486/1 485/485/1 204/204/1
f 1048/1048/1 767/767/1 766/766/1
f 1047/1047/1 1048/1048/1 766/766/1
f 205/205/1 767/767/1 204/204/1
f 767/767/1 766/766/1 204/204/1
f 1048/1048/1 486/486/1 485/485/1
f 1047/1047/1 1048/1048/1 485/485/1
f 206/206/1 487/487/1 205/205/1
f 487/487/1 486/486/1 205/205/1
f 1049/1049/1 768/768/1 767/767/1
f 1048/1048/1 1049/1049/1 767/767/1
f 206/206/1 768/768/1 205/205/1
f 768/768/1 767/767/1 205/205/1
f 1049/1049/1 487/487/1 486/486/1
f 1048/1048/1 1049/1049/1 486/486/1
f 207/207/1 488/488/1 206/206/1
f 488/488/1 487/487/1 206/206/1
f 1050/1050/1 769/769/1 768/768/1
f 1049/1049/1 1050/1050/1 768/768/1
f 207/207/1 769/769/1 206/206/1
f 769/769/1 768/768/1 206/206/1
f 1050/1050/1 488/488/1 487/487/1
f 1049/1049/1 1050/1050/1 487/487/1
f 208/208/1 489/489/1 207/207/1
f 489/489/1 488/488/1 207/207/1
f 1051/1051/1 770/770/1 769/769/1
f 1050/1050/1 1051/1051/1 769/769/1
f 208/208/1 770/770/1 207/207/1
f 770/770/1 769/769/1 207/207/1
f 1051/1051/1 489/489/1 488/488/1
f 1050/1050/1 1051/1051/1 488/488/1
f 209/209/1 490/490/1 208/208/1
f 490/490/1 489/489/1 208/208/1
f 1052/1052/1 771/771/1 770/770/1
f 1051/1051/1 1052/1052/1 770/770/1
f 209/209/1 771/771/1 208/208/1
f 771/771/1 770/770/1 208/208/1
f 1052/1052/1 490/490/1 489/489/1
f 1051/1051/1 1052/1052/1 489/489/1
f 210/210/1 491/491/1 209/209/1
f 491/491/1 490/490/1 209/209/1
f 1053/1053/1 772/772/1 771/771/1
f 1052/1052/1 1053/1053/1 771/771/1
f 210/210/1 772/772/1 209/209/1
f 772/772/1 771/771/1 209/209/1
f 1053/1053/1 491/491/1 490/490/1
f 1052/1052/1 1053/1053/1 490/490/1
f 211/211/1 492/492/1 210/210/1
f 492/492/1 491/491/1 210/210/1
f 1054/1054/1 773/773/1 772/772/1
f 1053/1053/1 1054/1054/1 772/772/1
f 211/211/1 773/773/1 210/210/1
f 773/773/1 772/772/1 210/210/1
f 1054/1054/1 492/492/1 491/491/1
f 1053/1053/1 1054/1054/1 491/491/1
f 212/212/1 493/493/1 211/211/1
f 493/493/1 492/492/1 211/211/1
f 1055/1055/1 774/774/1 773/773/1
f 1054/1054/1 1055/1055/1 773/773/1
f 212/212/1 774/774/1 211/211/1
f 774/774/1 773/773/1 211/211/1
f 1055/1055/1 493/493/1 492/492/1
f 1054/1054/1 1055/1055/1 492/492/1
f 213/213/1 494/494/1 212/212/1
f 494/494/1 493/493/1 212/212/1
f 1056/1056/1 775/775/1 774/774/1
f 1055/1055/1 1056/1056/1 774/774/1
f 213/213/1 775/775/1 212/212/1
f 775/775/1 774/774/1 212/212/1
f 1056/1056/1 494/494/1 493/493/1
f 1055/1055/1 1056/1056/1 493/493/1
f 214/214/1 495/495/1 213/213/1
f 495/495/1 494/494/1 213/213/1
f 1057/1057/1 776/776/1 775/775/1
f 1056/1056/1 1057/1057/1 775/775/1
f 214/214/1 776/776/1 213/213/1
f 776/776/1 775/775/1 213/213/1
f 1057/1057/1 495/495/1 494/494/1
f 1056/1056/1 1057/1057/1 494/494/1
f 215/215/1 496/496/1 214/214/1
f 496/496/1 495/495/1 214/214/1
f 1058/1058/1 777/777/1 776/776/1
f 1057/1057/1 1058/1058/1 776/776/1
f 215/215/1 777/777/1 214/214/1
f 777/777/1 776/776/1 214/214/1
f 1058/1058/1 496/496/1 495/495/1
f 1057/1057/1 1058/1058/1 495/495/1
f 216/216/1 497/497/1 215/215/1
f 497/497/1 496/496/1 215/215/1
f 1059/1059/1 778/778/1 777/777/1
f 1058/1058/1 1059/1059/1 777/777/1
f 216/216/1 778/778/1 215/215/1
f 778/778/1 777/777/1 215/215/1
f 1059/1059/1 497/497/1 496/496/1
f 1058/1058/1 1059/1059/1 496/496/1
f 217/217/1 498/498/1 216/216/1
f 498/498/1 497/497/1 216/216/1
f 1060/1060/1 779/779/1 778/778/1
f 1059/1059/1 1060/1060/1 778/778/1
f 217/217/1 779/779/1 216/216/1
f 779/779/1 778/778/1 216/216/1
f 1060/1060/1 498/498/1 497/497/1
f 1059/1059/1 1060/1060/1 497/497/1
f 218/218/1 499/499/1 217/217/1
f 499/499/1 498/498/1 217/217/1
f 1061/1061/1 780/780/1 779/779/1
f 1060/1060/1 1061/1061/1 779/779/1
f 218/218/1 780/780/1 217/217/1
f 780/780/1 779/779/1 217/217/1
f 1061/1061/1 499/499/1 498/498/1
f 1060/1060/1 1061/1061/1 498/498/1
f 219/219/1 500/500/1 218/218/1
f 500/500/1 499/499/1 218/218/1
f 1062/1062/1 781/781/1 780/780/1
f 1061/1061/1 1062/1062/1 780/780/1
f 219/219/1 781/781/1 218/218/1
f 781/781/1 780/780/1 218/218/1
f 1062/1062/1 500/500/1 499/499/1
f 1061/1061/1 1062/1062/1 499/499/1
f 220/220/1 501/501/1 219/219/1
f 501/501/1 500/500/1 219/219/1
f 1063/1063/1 782/782/1 781/781/1
f 1062/1062/1 1063/1063/1 781/781/1
f 220/220/1 782/782/1 219/219/1
f 782/782/1 781/781/1 219/219/1
f 1063/1063/1 501/501/1 500/500/1
f 1062/1062/1 1063/1063/1 500/500/1
f 221/221/1 502/502/1 220/220/1
f 502/502/1 501/501/1 220/220/1
f 1064/1064/1 783/783/1 782/782/1
f 1063/1063/1 1064/1064/1 782/782/1
f 221/221/1 783/783/1 220/220/1
f 783/783/1 782/782/1 220/220/1
f 1064/1064/1 502/502/1 501/501/1
f 1063/1063/1 1064/1064/1 501/501/1
f 222/222/1 503/503/1 221/221/1
f 503/503/1 502/502/1 221/221/1
f 1065/1065/1 784/784/1 783/783/1
f 1064/1064/1 1065/1065/1 783/783/1
f 222/222/1 784/784/1 221/221/1
f 784/784/1 783/783/1 221/221/1
f 1065/1065/1 503/503/1 502/502/1
f 1064/1064/1 1065/1065/1 502/502/1
f 223/223/1 504/504/1 222/222/1
f 504/504/1 503/503/1 222/222/1
f 1066/1066/1 785/785/1 784/784/1
f 1065/1065/1 1066/1066/1 784/784/1
f 223/223/1 785/785/1 222/222/1
f 785/785/1 784/784/1 222/222/1
f 1066/1066/1 504/504/1 503/503/1
f 1065/1065/1 1066/1066/1 503/503/1
f 224/224/1 505/505/1 223/223/1
f 505/505/1 504/504/1 223/223/1
f 1067/1067/1 786/786/1 785/785/1
f 1066/1066/1 1067/1067/1 785/785/1
f 224/224/1 786/786/1 223/223/1
f 786/786/1 785/785/1 223/223/1
f 1067/1067/1 505/505/1 504/504/1
f 1066/1066/1 1067/1067/1 504/504/1
f 225/225/1 506/506/1 224/224/1
f 506/506/1 505/505/1 224/224/1
f 1068/1068/1 787/787/1 786/786/1
f 1067/1067/1 1068/1068/1 786/786/1
f 225/225/1 787/787/1 224/224/1
f 787/787/1 786/786/1 224/224/1
f 1068/1068/1 506/506/1 505/505/1
f 1067/1067/1 1068/1068/1 505/505/1
f 226/226/1 507/507/1 225/225/1
f 507/507/1 506/506/1 225/225/1
f 1069/1069/1 788/788/1 787/787/1
f 1068/1068/1 1069/1069/1 787/787/1
f 226/226/1 788/788/1 225/225/1
f 788/788/1 787/787/1 225/225/1
f 1069/1069/1 507/507/1 506/506/1
f 1068/1068/1 1069/1069/1 506/506/1
f 227/227/1 508/508/1 226/226/1
f 508/508/1 507/507/1 226/226/1
f 1070/1070/1 789/789/1 788/788/1
f 1069/1069/1 1070/1070/1 788/788/1
f 227/227/1 789/789/1 226/226/1
f 789/789/1 788/788/1 226/226/1
f 1070/1070/1 508/508/1 507/507/1
f 1069/1069/1 1070/1070/1 507/507/1
f 228/228/1 509/509/1 227/227/1
f 509/509/1 508/508/1 227/227/1
f 1071/1071/1 790/790/1 789/789/1
f 1070/1070/1 1071/1071/1 789/789/1
f 228/228/1 790/790/1 227/227/1
f 790/790/1 789/789/1 227/227/1
f 1071/1071/1 509/509/1 508/508/1
f 1070/1070/1 1071/1071/1 508/508/1
f 229/229/1 510/510/1 228/228/1
f 510/510/1 509/509/1 228/228/1
f 1072/1072/1 791/791/1 790/790/1
f 1071/1071/1 1072/1072/1 790/790/1
f 229/229/1 791/791/1 228/228/1
f 791/791/1 790/790/1 228/228/1
f 1072/1072/1 510/510/1 509/509/1
f 1071/1071/1 1072/1072/1 509/509/1
f 230/230/1 511/511/1 229/229/1
f 511/511/1 510/510/1 229/229/1
f 1073/1073/1 792/792/1 791/791/1
f 1072/1072/1 1073/1073/1 791/791/1
f 230/230/1 792/792/1 229/229/1
f 792/792/1 791/791/1 229/229/1
f 1073/1073/1 511/511/1 510/510/1
f 1072/1072/1 1073/1073/1 510/510/1
f 231/231/1 512/512/1 230/230/1
f 512/512/1 511/511/1 230/230/1
f 1074/1074/1 793/793/1 792/792/1
f 1073/1073/1 1074/1074/1 792/792/1
f 231/231/1 793/793/1 230/230/1
f 793/793/1 792/792/1 230/230/1
f 1074/1074/1 512/512/1 511/511/1
f 1073/1073/1 1074/1074/1 511/511/1
f 232/232/1 513/513/1 231/231/1
f 513/513/1 512/512/1 231/231/1
f 1075/1075/1 794/794/1 793/793/1
f 1074/1074/1 1075/1075/1 793/793/1
f 232/232/1 794/794/1 231/231/1
f 794/794/1 793/793/1 231/231/1
f 1075/1075/1 513/513/1 512/512/1
f 1074/1074/1 1075/1075/1 512/512/1
f 233/233/1 514/514/1 232/232/1
f 514/514/1 513/513/1 232/232/1
f 1076/1076/1 795/795/1 794/794/1
f 1075/1075/1 1076/1076/1 794/794/1
f 233/233/1 795/795/1 232/232/1
f 795/795/1 794/794/1 232/232/1
f 1076/1076/1 514/514/1 513/513/1
f 1075/1075/1 1076/1076/1 513/513/1
f 234/234/1 515/515/1 233/233/1
f 515/515/1 514/514/1 233/233/1
f 1077/1077/1 796/796/1 795/795/1
f 1076/1076/1 1077/1077/1 795/795/1
f 234/234/1 796/796/1 233/233/1
f 796/796/1 795/795/1 233/233/1
f 1077/1077/1 515/515/1 514/514/1
f 1076/1076/1 1077/1077/1 514/514/1
f 235/235/1 516/516/1 234/234/1
f 516/516/1 515/515/1 234/234/1
f 1078/1078/1 797/797/1 796/796/1
f 1077/1077/1 1078/1078/1 796/796/1
f 235/235/1 797/797/1 234/234/1
f 797/797/1 796/796/1 234/234/1
f 1078/1078/1 516/516/1 515/515/1
f 1077/1077/1 1078/1078/1 515/515/1
f 236/236/1 517/517/1 235/235/1
f 517/517/1 516/516/1 235/235/1
f 1079/1079/1 798/798/1 797/797/1
f 1078/1078/1 1079/1079/1 797/797/1
f 236/236/1 798/798/1 235/235/1
f 798/798/1 797/797/1 235/235/1
f 1079/1079/1 517/517/1 516/516/1
f 1078/1078/1 1079/1079/1 516/516/1
f 237/237/1 518/518/1 236/236/1
f 518/518/1 517/517/1 236/236/1
f 1080/1080/1 799/799/1 798/798/1
f 1079/1079/1 1080/1080/1 798/798/1
f 237/237/1 799/799/1 236/236/1
f 799/799/1 798/798/1 236/236/1
f 1080/1080/1 518/518/1 517/517/1
f 1079/1079/1 1080/1080/1 517/517/1
f 238/238/1 519/519/1 237/237/1
f 519/519/1 518/518/1 237/237/1
f 1081/1081/1 800/800/1 799/799/1
f 1080/1080/1 1081/1081/1 799/799/1
f 238/238/1 800/800/1 237/237/1
f 800/800/1 799/799/1 237/237/1
f 1081/1081/1 519/519/1 518/518/1
f 1080/1080/1 1081/1081/1 518/518/1
f 239/239/1 520/520/1 238/238/1
f 520/520/1 519/519/1 238/238/1
f 1082/1082/1 801/801/1 800/800/1
f 1081/1081/1 1082/1082/1 800/800/1
f 239/239/1 801/801/1 238/238/1
f 801/801/1 800/800/1 238/238/1
f 1082/1082/1 520/520/1 519/519/1
f 1081/1081/1 1082/1082/1 519/519/1
f 240/240/1 521/521/1 239/239/1
f 521/521/1 520/520/1 239/239/1
f 1083/1083/1 802/802/1 801/801/1
f 1082/1082/1 1083/1083/1 801/801/1
f 240/240/1 802/802/1 239/239/1
f 802/802/1 801/801/1 239/239/1
f 1083/1083/1 521/521/1 520/520/1
f 1082/1082/1 1083/1083/1 520/520/1
f 241/241/1 522/522/1 240/240/1
f 522/522/1 521/521/1 240/240/1
f 1084/1084/1 803/803/1 802/802/1
f 1083/1083/1 1084/1084/1 802/802/1
f 241/241/1 803/803/1 240/240/1
f 803/803/1 802/802/1 240/240/1
f 1084/1084/1 522/522/1 521/521/1
f 1083/1083/1 1084/1084/1 521/521/1
f 242/242/1 523/523/1 241/241/1
f 523/523/1 522/522/1 241/241/1
f 1085/1085/1 804/804/1 803/803/1
f 1084/1084/1 1085/1085/1 803/803/1
f 242/242/1 804/804/1 241/241/1
f 804/804/1 803/803/1 241/241/1
f 1085/1085/1 523/523/1 522/522/1
f 1084/1084/1 1085/1085/1 522/522/1
f 243/243/1 524/524/1 242/242/1
f 524/524/1 523/523/1 242/242/1
f 1086/1086/1 805/805/1 804/804/1
f 1085/1085/1 1086/1086/1 804/804/1
f 243/243/1 805/805/1 242/242/1
f 805/805/1 804/804/1 242/242/1
f 1086/1086/1 524/524/1 523/523/1
f 1085/1085/1 1086/1086/1 523/523/1
f 244/244/1 525/525/1 243/243/1
f 525/525/1 524/524/1 243/243/1
f 1087/1087/1 806/806/1 805/805/1
f 1086/1086/1 1087/1087/1 805/805/1
f 244/244/1 806/806/1 243/243/1
f 806/806/1 805/805/1 243/243/1
f 1087/1087/1 525/525/1 524/524/1
f 1086/1086/1 1087/1087/1 524/524/1
f 245/245/1 526/526/1 244/244/1
f 526/526/1 525/525/1 244/244/1
f 1088/1088/1 807/807/1 806/806/1
f 1087/1087/1 1088/1088/1 806/806/1
f 245/245/1 807/807/1 244/244/1
f 807/807/1 806/806/1 244/244/1
f 1088/1088/1 526/526/1 525/525/1
f 1087/1087/1 1088/1088/1 525/525/1
f 246/246/1 527/527/1 245/245/1
f 527/527/1 526/526/1 245/245/1
f 1089/1089/1 808/808/1 807/807/1
f 1088/1088/1 1089/1089/1 807/807/1
f 246/246/1 808/808/1 245/245/1
f 808/808/1 807/807/1 245/245/1
f 1089/1089/1 527/527/1 526/526/1
f 1088/1088/1 1089/1089/1 526/526/1
f 247/247/1 528/528/1 246/246/1
f 528/528/1 527/527/1 246/246/1
f 1090/1090/1 809/809/1 808/808/1
f 1089/1089/1 1090/1090/1 808/808/1
f 247/247/1 809/809/1 246/246/1
f 809/809/1 808/808/1 246/246/1
f 1090/1090/1 528/528/1 527/527/1
f 1089/1089/1 1090/1090/1 527/527/1
f 248/248/1 529/529/1 247/247/1
f 529/529/1 528/528/1 247/247/1
f 1091/1091/1 810/810/1 809/809/1
f 1090/1090/1 1091/1091/1 809/809/1
f 248/248/1 810/810/1 247/247/1
f 810/810/1 809/809/1 247/247/1
f 1091/1091/1 529/529/1 528/528/1
f 1090/1090/1 1091/1091/1 528/528/1
f 249/249/1 530/530/1 248/248/1
f 530/530/1 529/529/1 248/248/1
f 1092/1092/1 811/811/1 810/810/1
f 1091/1091/1 1092/1092/1 810/810/1
f 249/249/1 811/811/1 248/248/1
f 811/811/1 810/810/1 248/248/1
f 1092/1092/1 530/530/1 529/529/1
f 1091/1091/1 1092/1092/1 529/529/1
f 250/250/1 531/531/1 249/249/1
f 531/531/1 530/530/1 249/249/1
f 1093/1093/1 812/812/1 811/811/1
f 1092/1092/1 1093/1093/1 811/811/1
f 250/250/1 812/812/1 249/249/1
f 812/812/1 811/811/1 249/249/1
f 1093/1093/1 531/531/1 530/530/1
f 1092/1092/1 1093/1093/1 530/530/1
f 251/251/1 532/532/1 250/250/1
f 532/532/1 531/531/1 250/250/1
f 1094/1094/1 813/813/1 812/812/1
f 1093/1093/1 1094/1094/1 812/812/1
f 251/251/1 813/813/1 250/250/1
f 813/813/1 812/812/1 250/250/1
f 1094/1094/1 532/532/1 531/531/1
f 1093/1093/1 1094/1094/1 531/531/1
f 252/252/1 533/533/1 251/251/1
f 533/533/1 532/532/1 251/251/1
f 1095/1095/1 814/814/1 813/813/1
f 1094/1094/1 1095/1095/1 813/813/1
f 252/252/1 814/814/1 251/251/1
f 814/814/1 813/813/1 251/251/1
f 1095/1095/1 533/533/1 532/532/1
f 1094/1094/1 1095/1095/1 532/532/1
f 253/253/1 534/534/1 252/252/1
f 534/534/1 533/533/1 252/252/1
f 1096/1096/1 815/815/1 814/814/1
f 1095/1095/1 1096/1096/1 814/814/1
f 253/253/1 815/815/1 252/252/1
f 815/815/1 814/814/1 252/252/1
f 1096/1096/1 534/534/1 533/533/1
f 1095/1095/1 1096/1096/1 533/533/1
f 254/254/1 535/535/1 253/253/1
f 535/535/1 534/534/1 253/253/1
f 1097/1097/1 816/816/1 815/815/1
f 1096/1096/1 1097/1097/1 815/815/1
f 254/254/1 816/816/1 253/253/1
f 816/816/1 815/815/1 253/253/1
f 1097/1097/1 535/535/1 534/534/1
f 1096/1096/1 1097/1097/1 534/534/1
f 255/255/1 536/536/1 254/254/1
f 536/536/1 535/535/1 254/254/1
f 1098/1098/1 817/817/1 816/816/1
f 1097/1097/1 1098/1098/1 816/816/1
f 255/255/1 817/817/1 254/254/1
f 817/817/1 816/816/1 254/254/1
f 1098/1098/1 536/536/1 535/535/1
f 1097/1097/1 1098/1098/1 535/535/1
f 256/256/1 537/537/1 255/255/1
f 537/537/1 536/536/1 255/255/1
f 1099/1099/1 818/818/1 817/817/1
f 1098/1098/1 1099/1099/1 817/817/1
f 256/256/1 818/818/1 255/255/1
f 818/818/1 817/817/1 255/255/1
f 1099/1099/1 537/537/1 536/536/1
f 1098/1098/1 1099/1099/1 536/536/1
f 257/257/1 538/538/1 256/256/1
f 538/538/1 537/537/1 256/256/1
f 1100/1100/1 819/819/1 818/818/1
f 1099/1099/1 1100/1100/1 818/818/1
f 257/257/1 819/819/1 256/256/1
f 819/819/1 818/818/1 256/256/1
f 1100/1100/1 538/538/1 537/537/1
f 1099/1099/1 1100/1100/1 537/537/1
f 258/258/1 539/539/1 257/257/1
f 539/539/1 538/538/1 257/257/1
f 1101/1101/1 820/820/1 819/819/1
f 1100/1100/1 1101/1101/1 819/819/1
f 258/258/1 820/820/1 257/257/1
f 820/820/1 819/819/1 257/257/1
f 1101/1101/1 539/539/1 538/538/1
f 1100/1100/1 1101/1101/1 538/538/1
f 259/259/1 540/540/1 258/258/1
f 540/540/1 539/539/1 258/258/1
f 1102/1102/1 821/821/1 820/820/1
f 1101/1101/1 1102/1102/1 820/820/1
f 259/259/1 821/821/1 258/258/1
f 821/821/1 820/820/1 258/258/1
f 1102/1102/1 540/540/1 539/539/1
f 1101/1101/1 1102/1102/1 539/539/1
f 260/260/1 541/541/1 259/259/1
f 541/541/1 540/540/1 259/259/1
f 1103/1103/1 822/822/1 821/821/1
f 1102/1102/1 1103/1103/1 821/821/1
f 260/260/1 822/822/1 259/259/1
f 822/822/1 821/821/1 259/259/1
f 1103/1103/1 541/541/1 540/540/1
f 1102/1102/1 1103/1103/1 540/540/1
f 261/261/1 542/542/1 260/260/1
f 542/542/1 541/541/1 260/260/1
f 1104/1104/1 823/823/1 822/822/1
f 1103/1103/1 1104/1104/1 822/822/1
f 261/261/1 823/823/1 260/260/1
f 823/823/1 822/822/1 260/260/1
f 1104/1104/1 542/542/1 541/541/1
f 1103/1103/1 1104/1104/1 541/541/1
f 262/262/1 543/543/1 261/261/1
f 543/543/1 542/542/1 261/261/1
f 1105/1105/1 824/824/1 823/823/1
f 1104/1104/1 1105/1105/1 823/823/1
f 262/262/1 824/824/1 261/261/1
f 824/824/1 823/823/1 261/261/1
f 1105/1105/1 543/543/1 542/542/1
f 1104/1104/1 1105/1105/1 542/542/1
f 263/263/1 544/544/1 262/262/1
f 544/544/1 543/543/1 262/262/1
f 1106/1106/1 825/825/1 824/824/1
f 1105/1105/1 1106/1106/1 824/824/1
f 263/263/1 825/825/1 262/262/1
f 825/825/1 824/824/1 262/262/1
f 1106/1106/1 544/544/1 543/543/1
f 1105/1105/1 1106/1106/1 543/543/1
f 264/264/1 545/545/1 263/263/1
f 545/545/1 544/544/1 263/263/1
f 1107/1107/1 826/826/1 825/825/1
f 1106/1106/1 1107/1107/1 825/825/1
f 264/264/1 826/826/1 263/263/1
f 826/826/1 825/825/1 263/263/1
f 1107/1107/1 545/545/1 544/544/1
f 1106/1106/1 1107/1107/1 544/544/1
f 265/265/1 546/546/1 264/264/1
f 546/546/1 545/545/1 264/264/1
f 1108/1108/1 827/827/1 826/826/1
f 1107/1107/1 1108/1108/1 826/826/1
f 265/265/1 827/827/1 264/264/1
f 827/827/1 826/826/1 264/264/1
f 1108/1108/1 546/546/1 545/545/1
f 1107/1107/1 1108/1108/1 545/545/1
f 266/266/1 547/547/1 265/265/1
f 547/547/1 546/546/1 265/265/1
f 1109/1109/1 828/828/1 827/827/1
f 1108/1108/1 1109/1109/1 827/827/1
f 266/266/1 828/828/1 265/265/1
f 828/828/1 827/827/1 265/265/1
f 1109/1109/1 547/547/1 546/546/1
f 1108/1108/1 1109/1109/1 546/546/1
f 267/267/1 548/548/1 266/266/1
f 548/548/1 547/547/1 266/266/1
f 1110/1110/1 829/829/1 828/828/1
f 1109/1109/1 1110/1110/1 828/828/1
f 267/267/1 829/829/1 266/266/1
f 829/829/1 828/828/1 266/266/1
f 1110/1110/1 548/548/1 547/547/1
f 1109/1109/1 1110/1110/1 547/547/1
f 268/268/1 549/549/1 267/267/1
f 549/549/1 548/548/1 267/267/1
f 1111/1111/1 830/830/1 829/829/1
f 1110/1110/1 1111/1111/1 829/829/1
f 268/268/1 830/830/1 267/267/1
f 830/830/1 829/829/1 267/267/1
f 1111/1111/1 549/549/1 548/548/1
f 1110/1110/1 1111/1111/1 548/548/1
f 269/269/1 550/550/1 268/268/1
f 550/550/1 549/549/1 268/268/1
f 1112/1112/1 831/831/1 830/830/1
f 1111/1111/1 1112/1112/1 830/830/1
f 269/269/1 831/831/1 268/268/1
f 831/831/1 830/830/1 268/268/1
f 1112/1112/1 550/550/1 549/549/1
f 1111/1111/1 1112/1112/1 549/549/1
f 270/270/1 551/551/1 269/269/1
f 551/551/1 550/550/1 269/269/1
f 1113/1113/1 832/832/1 831/831/1
f 1112/1112/1 1113/1113/1 831/831/1
f 270/270/1 832/832/1 269/269/1
f 832/832/1 831/831/1 269/269/1
f 1113/1113/1 551/551/1 550/550/1
f 1112/1112/1 1113/1113/1 550/550/1
f 271/271/1 552/552/1 270/270/1
f 552/552/1 551/551/1 270/270/1
f 1114/1114/1 833/833/1 832/832/1
f 1113/1113/1 1114/1114/1 832/832/1
f 271/271/1 833/833/1 270/270/1
f 833/833/1 832/832/1 270/270/1
f 1114/1114/1 552/552/1 551/551/1
f 1113/1113/1 1114/1114/1 551/551/1
f 272/272/1 553/553/1 271/271/1
f 553/553/1 552/552/1 271/271/1
f 1115/1115/1 834/834/1 833/833/1
f 1114/1114/1 1115/1115/1 833/833/1
f 272/272/1 834/834/1 271/271/1
f 834/834/1 833/833/1 271/271/1
f 1115/1115/1 553/553/1 552/552/1
f 1114/1114/1 1115/1115/1 552/552/1
f 273/273/1 554/554/1 272/272/1
f 554/554/1 553/553/1 272/272/1
f 1116/1116/1 835/835/1 834/834/1
f 1115/1115/1 1116/1116/1 834/834/1
f 273/273/1 835/835/1 272/272/1
f 835/835/1 834/834/1 272/272/1
f 1116/1116/1 554/554/1 553/553/1
f 1115/1115/1 1116/1116/1 553/553/1
f 274/274/1 555/555/1 273/273/1
f 555/555/1 554/554/1 273/273/1
f 1117/1117/1 836/836/1 835/835/1
f 1116/1116/1 1117/1117/1 835/835/1
f 274/274/1 836/836/1 273/273/1
f 836/836/1 835/835/1 273/273/1
f 1117/1117/1 555/555/1 554/554/1
f 1116/1116/1 1117/1117/1 554/554/1
f 275/275/1 556/556/1 274/274/1
f 556/556/1 555/555/1 274/274/1
f 1118/1118/1 837/837/1 836/836/1
f 1117/1117/1 1118/1118/1 836/836/1
f 275/275/1 837/837/1 274/274/1
f 837/837/1 836/836/1 274/274/1
f 1118/1118/1 556/556/1 555/555/1
f 1117/1117/1 1118/1118/1 555/555/1
f 276/276/1 557/557/1 275/275/1
f 557/557/1 556/556/1 275/275/1
f 1119/1119/1 838/838/1 837/837/1
f 1118/1118/1 1119/1119/1 837/837/1
f 276/276/1 838/838/1 275/275/1
f 838/838/1 837/837/1 275/275/1
f 1119/1119/1 557/557/1 556/556/1
f 1118/1118/1 1119/1119/1 556/556/1
f 277/277/1 558/558/1 276/276/1
f 558/558/1 557/557/1 276/276/1
f 1120/1120/1 839/839/1 838/838/1
f 1119/1119/1 1120/1120/1 838/838/1
f 277/277/1 839/839/1 276/276/1
f 839/839/1 838/838/1 276/276/1
f 1120/1120/1 558/558/1 557/557/1
f 1119/1119/1 1120/1120/1 557/557/1
f 278/278/1 559/559/1 277/277/1
f 559/559/1 558/558/1 277/277/1
f 1121/1121/1 840/840/1 839/839/1
f 1120/1120/1 1121/1121/1 839/839/1
f 278/278/1 840/840/1 277/277/1
f 840/840/1 839/839/1 277/277/1
f 1121/1121/1 559/559/1 558/558/1
f 1120/1120/1 1121/1121/1 558/558/1
f 279/279/1 560/560/1 278/278/1
f 560/560/1 559/559/1 278/278/1
f 1122/1122/1 841/841/1 840/840/1
f 1121/1121/1 1122/1122/1 840/840/1
f 279/279/1 841/841/1 278/278/1
f 841/841/1 840/840/1 278/278/1
f 1122/1122/1 560/560/1 559/559/1
f 1121/1121/1 1122/1122/1 559/559/1
f 280/280/1 561/561/1 279/279/1
f 561/561/1 560/560/1 279/279/1
f 1123/1123/1 842/842/1 841/841/1
f 1122/1122/1 1123/1123/1 841/841/1
f 280/280/1 842/842/1 279/279/1
f 842/842/1 841/841/1 279/279/1
f 1123/1123/1 561/561/1 560/560/1
f 1122/1122/1 1123/1123/1 560/560/1
f 281/281/1 562/562/1 280/280/1
f 562/562/1 561/561/1 280/280/1
f 1124/1124/1 843/843/1 842/842/1
f 1123/1123/1 1124/1124/1 842/842/1
f 281/281/1 843/843/1 280/280/1
f 843/843/1 842/842/1 280/280/1
f 1124/1124/1 562/562/1 561/561/1
f 1123/1123/1 1124/1124/1 561/561/1
f 1/1/1 282/282/1 281/281/1
f 282/282/1 562/562/1 281/281/1
f 844/844/1 563/563/1 843/843/1
f 1124/1124/1 844/844/1 843/843/1
f 1/1/1 563/563/1 281/281/1
f 563/563/1 843/843/1 281/281/1
f 844/844/1 282/282/1 562/562/1
f 1124/1124/1 844/844/1 562/562/1
