solid curb_side_ring_05
  facet normal -0.00000000 0.00000000 1.00000000
    outer loop
      vertex 13.04508276 -7.21055794 0.20000000
      vertex 13.50402716 -7.51523466 0.20000000
      vertex 13.45278802 -7.15884941 0.20000000
    endloop
  endfacet
  facet normal 0.00000000 0.00000000 1.00000000
    outer loop
      vertex 13.04508276 -7.21055794 0.20000000
      vertex 13.08754358 -7.56805653 0.20000000
      vertex 13.50402716 -7.51523466 0.20000000
    endloop
  endfacet
  facet normal 0.00000000 0.00000000 -1.00000000
    outer loop
      vertex 13.04508276 -7.21055794 0.00000000
      vertex 13.45278802 -7.15884941 0.00000000
      vertex 13.50402716 -7.51523466 0.00000000
    endloop
  endfacet
  facet normal 0.00000000 0.00000000 -1.00000000
    outer loop
      vertex 13.04508276 -7.21055794 0.00000000
      vertex 13.50402716 -7.51523466 0.00000000
      vertex 13.08754358 -7.56805653 0.00000000
    endloop
  endfacet
  facet normal 0.12582033 -0.99205305 0.00000000
    outer loop
      vertex 13.04508276 -7.21055794 0.20000000
      vertex 13.45278802 -7.15884941 0.00000000
      vertex 13.45278802 -7.15884941 0.20000000
    endloop
  endfacet
  facet normal 0.12582033 -0.99205305 0.00000000
    outer loop
      vertex 13.04508276 -7.21055794 0.20000000
      vertex 13.04508276 -7.21055794 0.00000000
      vertex 13.45278802 -7.15884941 0.00000000
    endloop
  endfacet
  facet normal -0.12582033 0.99205305 0.00000000
    outer loop
      vertex 13.08754358 -7.56805653 0.20000000
      vertex 13.50402716 -7.51523466 0.20000000
      vertex 13.50402716 -7.51523466 0.00000000
    endloop
  endfacet
  facet normal -0.12582033 0.99205305 0.00000000
    outer loop
      vertex 13.08754358 -7.56805653 0.20000000
      vertex 13.50402716 -7.51523466 0.00000000
      vertex 13.08754358 -7.56805653 0.00000000
    endloop
  endfacet
  facet normal -0.00000000 0.00000000 1.00000000
    outer loop
      vertex 13.45278802 -7.15884941 0.20000000
      vertex 13.90758298 -7.45034198 0.20000000
      vertex 13.84413058 -7.09592065 0.20000000
    endloop
  endfacet
  facet normal 0.00000000 0.00000000 1.00000000
    outer loop
      vertex 13.45278802 -7.15884941 0.20000000
      vertex 13.50402716 -7.51523466 0.20000000
      vertex 13.90758298 -7.45034198 0.20000000
    endloop
  endfacet
  facet normal 0.00000000 0.00000000 -1.00000000
    outer loop
      vertex 13.45278802 -7.15884941 0.00000000
      vertex 13.84413058 -7.09592065 0.00000000
      vertex 13.90758298 -7.45034198 0.00000000
    endloop
  endfacet
  facet normal 0.00000000 0.00000000 -1.00000000
    outer loop
      vertex 13.45278802 -7.15884941 0.00000000
      vertex 13.90758298 -7.45034198 0.00000000
      vertex 13.50402716 -7.51523466 0.00000000
    endloop
  endfacet
  facet normal 0.15876274 -0.98731676 0.00000000
    outer loop
      vertex 13.45278802 -7.15884941 0.20000000
      vertex 13.84413058 -7.09592065 0.00000000
      vertex 13.84413058 -7.09592065 0.20000000
    endloop
  endfacet
  facet normal 0.15876274 -0.98731676 0.00000000
    outer loop
      vertex 13.45278802 -7.15884941 0.20000000
      vertex 13.45278802 -7.15884941 0.00000000
      vertex 13.84413058 -7.09592065 0.00000000
    endloop
  endfacet
  facet normal -0.15876274 0.98731676 0.00000000
    outer loop
      vertex 13.50402716 -7.51523466 0.20000000
      vertex 13.90758298 -7.45034198 0.20000000
      vertex 13.90758298 -7.45034198 0.00000000
    endloop
  endfacet
  facet normal -0.15876274 0.98731676 0.00000000
    outer loop
      vertex 13.50402716 -7.51523466 0.20000000
      vertex 13.90758298 -7.45034198 0.00000000
      vertex 13.50402716 -7.51523466 0.00000000
    endloop
  endfacet
  facet normal -0.00000000 0.00000000 1.00000000
    outer loop
      vertex 13.84413058 -7.09592065 0.20000000
      vertex 14.29684531 -7.37351102 0.20000000
      vertex 14.22047621 -7.02163913 0.20000000
    endloop
  endfacet
  facet normal 0.00000000 0.00000000 1.00000000
    outer loop
      vertex 13.84413058 -7.09592065 0.20000000
      vertex 13.90758298 -7.45034198 0.20000000
      vertex 14.29684531 -7.37351102 0.20000000
    endloop
  endfacet
  facet normal 0.00000000 0.00000000 -1.00000000
    outer loop
      vertex 13.84413058 -7.09592065 0.00000000
      vertex 14.22047621 -7.02163913 0.00000000
      vertex 14.29684531 -7.37351102 0.00000000
    endloop
  endfacet
  facet normal 0.00000000 0.00000000 -1.00000000
    outer loop
      vertex 13.84413058 -7.09592065 0.00000000
      vertex 14.29684531 -7.37351102 0.00000000
      vertex 13.90758298 -7.45034198 0.00000000
    endloop
  endfacet
  facet normal 0.19363999 -0.98107266 0.00000000
    outer loop
      vertex 13.84413058 -7.09592065 0.20000000
      vertex 14.22047621 -7.02163913 0.00000000
      vertex 14.22047621 -7.02163913 0.20000000
    endloop
  endfacet
  facet normal 0.19363999 -0.98107266 0.00000000
    outer loop
      vertex 13.84413058 -7.09592065 0.20000000
      vertex 13.84413058 -7.09592065 0.00000000
      vertex 14.22047621 -7.02163913 0.00000000
    endloop
  endfacet
  facet normal -0.19363999 0.98107266 0.00000000
    outer loop
      vertex 13.90758298 -7.45034198 0.20000000
      vertex 14.29684531 -7.37351102 0.20000000
      vertex 14.29684531 -7.37351102 0.00000000
    endloop
  endfacet
  facet normal -0.19363999 0.98107266 0.00000000
    outer loop
      vertex 13.90758298 -7.45034198 0.20000000
      vertex 14.29684531 -7.37351102 0.00000000
      vertex 13.90758298 -7.45034198 0.00000000
    endloop
  endfacet
  facet normal -0.00000000 0.00000000 1.00000000
    outer loop
      vertex 14.22047621 -7.02163913 0.20000000
      vertex 14.67181662 -7.28469565 0.20000000
      vertex 14.58182242 -6.93605099 0.20000000
    endloop
  endfacet
  facet normal 0.00000000 0.00000000 1.00000000
    outer loop
      vertex 14.22047621 -7.02163913 0.20000000
      vertex 14.29684531 -7.37351102 0.20000000
      vertex 14.67181662 -7.28469565 0.20000000
    endloop
  endfacet
  facet normal 0.00000000 0.00000000 -1.00000000
    outer loop
      vertex 14.22047621 -7.02163913 0.00000000
      vertex 14.58182242 -6.93605099 0.00000000
      vertex 14.67181662 -7.28469565 0.00000000
    endloop
  endfacet
  facet normal 0.00000000 0.00000000 -1.00000000
    outer loop
      vertex 14.22047621 -7.02163913 0.00000000
      vertex 14.67181662 -7.28469565 0.00000000
      vertex 14.29684531 -7.37351102 0.00000000
    endloop
  endfacet
  facet normal 0.23048204 -0.97307658 0.00000000
    outer loop
      vertex 14.22047621 -7.02163913 0.20000000
      vertex 14.58182242 -6.93605099 0.00000000
      vertex 14.58182242 -6.93605099 0.20000000
    endloop
  endfacet
  facet normal 0.23048204 -0.97307658 0.00000000
    outer loop
      vertex 14.22047621 -7.02163913 0.20000000
      vertex 14.22047621 -7.02163913 0.00000000
      vertex 14.58182242 -6.93605099 0.00000000
    endloop
  endfacet
  facet normal -0.23048204 0.97307658 0.00000000
    outer loop
      vertex 14.29684531 -7.37351102 0.20000000
      vertex 14.67181662 -7.28469565 0.20000000
      vertex 14.67181662 -7.28469565 0.00000000
    endloop
  endfacet
  facet normal -0.23048204 0.97307658 0.00000000
    outer loop
      vertex 14.29684531 -7.37351102 0.20000000
      vertex 14.67181662 -7.28469565 0.00000000
      vertex 14.29684531 -7.37351102 0.00000000
    endloop
  endfacet
  facet normal -0.00000000 0.00000000 1.00000000
    outer loop
      vertex 14.58182242 -6.93605099 0.20000000
      vertex 15.03249240 -7.18384573 0.20000000
      vertex 14.92817373 -6.83920638 0.20000000
    endloop
  endfacet
  facet normal 0.00000000 0.00000000 1.00000000
    outer loop
      vertex 14.58182242 -6.93605099 0.20000000
      vertex 14.67181662 -7.28469565 0.20000000
      vertex 15.03249240 -7.18384573 0.20000000
    endloop
  endfacet
  facet normal 0.00000000 0.00000000 -1.00000000
    outer loop
      vertex 14.58182242 -6.93605099 0.00000000
      vertex 14.92817373 -6.83920638 0.00000000
      vertex 15.03249240 -7.18384573 0.00000000
    endloop
  endfacet
  facet normal 0.00000000 0.00000000 -1.00000000
    outer loop
      vertex 14.58182242 -6.93605099 0.00000000
      vertex 15.03249240 -7.18384573 0.00000000
      vertex 14.67181662 -7.28469565 0.00000000
    endloop
  endfacet
  facet normal 0.26928502 -0.96306053 0.00000000
    outer loop
      vertex 14.58182242 -6.93605099 0.20000000
      vertex 14.92817373 -6.83920638 0.00000000
      vertex 14.92817373 -6.83920638 0.20000000
    endloop
  endfacet
  facet normal 0.26928502 -0.96306053 0.00000000
    outer loop
      vertex 14.58182242 -6.93605099 0.20000000
      vertex 14.58182242 -6.93605099 0.00000000
      vertex 14.92817373 -6.83920638 0.00000000
    endloop
  endfacet
  facet normal -0.26928502 0.96306053 0.00000000
    outer loop
      vertex 14.67181662 -7.28469565 0.20000000
      vertex 15.03249240 -7.18384573 0.20000000
      vertex 15.03249240 -7.18384573 0.00000000
    endloop
  endfacet
  facet normal -0.26928502 0.96306053 0.00000000
    outer loop
      vertex 14.67181662 -7.28469565 0.20000000
      vertex 15.03249240 -7.18384573 0.00000000
      vertex 14.67181662 -7.28469565 0.00000000
    endloop
  endfacet
  facet normal -0.00000000 0.00000000 1.00000000
    outer loop
      vertex 14.92817373 -6.83920638 0.20000000
      vertex 15.37885916 -7.07090797 0.20000000
      vertex 15.25954362 -6.73115857 0.20000000
    endloop
  endfacet
  facet normal 0.00000000 0.00000000 1.00000000
    outer loop
      vertex 14.92817373 -6.83920638 0.20000000
      vertex 15.03249240 -7.18384573 0.20000000
      vertex 15.37885916 -7.07090797 0.20000000
    endloop
  endfacet
  facet normal 0.00000000 0.00000000 -1.00000000
    outer loop
      vertex 14.92817373 -6.83920638 0.00000000
      vertex 15.25954362 -6.73115857 0.00000000
      vertex 15.37885916 -7.07090797 0.00000000
    endloop
  endfacet
  facet normal 0.00000000 0.00000000 -1.00000000
    outer loop
      vertex 14.92817373 -6.83920638 0.00000000
      vertex 15.37885916 -7.07090797 0.00000000
      vertex 15.03249240 -7.18384573 0.00000000
    endloop
  endfacet
  facet normal 0.31000093 -0.95073625 0.00000000
    outer loop
      vertex 14.92817373 -6.83920638 0.20000000
      vertex 15.25954362 -6.73115857 0.00000000
      vertex 15.25954362 -6.73115857 0.20000000
    endloop
  endfacet
  facet normal 0.31000093 -0.95073625 0.00000000
    outer loop
      vertex 14.92817373 -6.83920638 0.20000000
      vertex 14.92817373 -6.83920638 0.00000000
      vertex 15.25954362 -6.73115857 0.00000000
    endloop
  endfacet
  facet normal -0.31000093 0.95073625 0.00000000
    outer loop
      vertex 15.03249240 -7.18384573 0.20000000
      vertex 15.37885916 -7.07090797 0.20000000
      vertex 15.37885916 -7.07090797 0.00000000
    endloop
  endfacet
  facet normal -0.31000093 0.95073625 0.00000000
    outer loop
      vertex 15.03249240 -7.18384573 0.20000000
      vertex 15.37885916 -7.07090797 0.00000000
      vertex 15.03249240 -7.18384573 0.00000000
    endloop
  endfacet
  facet normal -0.00000000 0.00000000 1.00000000
    outer loop
      vertex 15.25954362 -6.73115857 0.20000000
      vertex 15.71089245 -6.94582749 0.20000000
      vertex 15.57595655 -6.61196244 0.20000000
    endloop
  endfacet
  facet normal 0.00000000 0.00000000 1.00000000
    outer loop
      vertex 15.25954362 -6.73115857 0.20000000
      vertex 15.37885916 -7.07090797 0.20000000
      vertex 15.71089245 -6.94582749 0.20000000
    endloop
  endfacet
  facet normal 0.00000000 0.00000000 -1.00000000
    outer loop
      vertex 15.25954362 -6.73115857 0.00000000
      vertex 15.57595655 -6.61196244 0.00000000
      vertex 15.71089245 -6.94582749 0.00000000
    endloop
  endfacet
  facet normal 0.00000000 0.00000000 -1.00000000
    outer loop
      vertex 15.25954362 -6.73115857 0.00000000
      vertex 15.71089245 -6.94582749 0.00000000
      vertex 15.37885916 -7.07090797 0.00000000
    endloop
  endfacet
  facet normal 0.35252653 -0.93580182 0.00000000
    outer loop
      vertex 15.25954362 -6.73115857 0.20000000
      vertex 15.57595655 -6.61196244 0.00000000
      vertex 15.57595655 -6.61196244 0.20000000
    endloop
  endfacet
  facet normal 0.35252653 -0.93580182 0.00000000
    outer loop
      vertex 15.25954362 -6.73115857 0.20000000
      vertex 15.25954362 -6.73115857 0.00000000
      vertex 15.57595655 -6.61196244 0.00000000
    endloop
  endfacet
  facet normal -0.35252653 0.93580182 0.00000000
    outer loop
      vertex 15.37885916 -7.07090797 0.20000000
      vertex 15.71089245 -6.94582749 0.20000000
      vertex 15.71089245 -6.94582749 0.00000000
    endloop
  endfacet
  facet normal -0.35252653 0.93580182 0.00000000
    outer loop
      vertex 15.37885916 -7.07090797 0.20000000
      vertex 15.71089245 -6.94582749 0.00000000
      vertex 15.37885916 -7.07090797 0.00000000
    endloop
  endfacet
  facet normal -0.00000000 0.00000000 1.00000000
    outer loop
      vertex 15.57595655 -6.61196244 0.20000000
      vertex 16.02855486 -6.80854995 0.20000000
      vertex 15.87744992 -6.48167234 0.20000000
    endloop
  endfacet
  facet normal 0.00000000 0.00000000 1.00000000
    outer loop
      vertex 15.57595655 -6.61196244 0.20000000
      vertex 15.71089245 -6.94582749 0.20000000
      vertex 16.02855486 -6.80854995 0.20000000
    endloop
  endfacet
  facet normal 0.00000000 0.00000000 -1.00000000
    outer loop
      vertex 15.57595655 -6.61196244 0.00000000
      vertex 15.87744992 -6.48167234 0.00000000
      vertex 16.02855486 -6.80854995 0.00000000
    endloop
  endfacet
  facet normal 0.00000000 0.00000000 -1.00000000
    outer loop
      vertex 15.57595655 -6.61196244 0.00000000
      vertex 16.02855486 -6.80854995 0.00000000
      vertex 15.71089245 -6.94582749 0.00000000
    endloop
  endfacet
  facet normal 0.39669206 -0.91795175 0.00000000
    outer loop
      vertex 15.57595655 -6.61196244 0.20000000
      vertex 15.87744992 -6.48167234 0.00000000
      vertex 15.87744992 -6.48167234 0.20000000
    endloop
  endfacet
  facet normal 0.39669206 -0.91795175 0.00000000
    outer loop
      vertex 15.57595655 -6.61196244 0.20000000
      vertex 15.57595655 -6.61196244 0.00000000
      vertex 15.87744992 -6.48167234 0.00000000
    endloop
  endfacet
  facet normal -0.39669206 0.91795175 0.00000000
    outer loop
      vertex 15.71089245 -6.94582749 0.20000000
      vertex 16.02855486 -6.80854995 0.20000000
      vertex 16.02855486 -6.80854995 0.00000000
    endloop
  endfacet
  facet normal -0.39669206 0.91795175 0.00000000
    outer loop
      vertex 15.71089245 -6.94582749 0.20000000
      vertex 16.02855486 -6.80854995 0.00000000
      vertex 15.71089245 -6.94582749 0.00000000
    endloop
  endfacet
  facet normal -0.00000000 0.00000000 1.00000000
    outer loop
      vertex 15.87744992 -6.48167234 0.20000000
      vertex 16.33179444 -6.65902453 0.20000000
      vertex 16.16407569 -6.34033909 0.20000000
    endloop
  endfacet
  facet normal 0.00000000 0.00000000 1.00000000
    outer loop
      vertex 15.87744992 -6.48167234 0.20000000
      vertex 16.02855486 -6.80854995 0.20000000
      vertex 16.33179444 -6.65902453 0.20000000
    endloop
  endfacet
  facet normal 0.00000000 0.00000000 -1.00000000
    outer loop
      vertex 15.87744992 -6.48167234 0.00000000
      vertex 16.16407569 -6.34033909 0.00000000
      vertex 16.33179444 -6.65902453 0.00000000
    endloop
  endfacet
  facet normal 0.00000000 0.00000000 -1.00000000
    outer loop
      vertex 15.87744992 -6.48167234 0.00000000
      vertex 16.33179444 -6.65902453 0.00000000
      vertex 16.02855486 -6.80854995 0.00000000
    endloop
  endfacet
  facet normal 0.44225111 -0.89689127 0.00000000
    outer loop
      vertex 15.87744992 -6.48167234 0.20000000
      vertex 16.16407569 -6.34033909 0.00000000
      vertex 16.16407569 -6.34033909 0.20000000
    endloop
  endfacet
  facet normal 0.44225111 -0.89689127 0.00000000
    outer loop
      vertex 15.87744992 -6.48167234 0.20000000
      vertex 15.87744992 -6.48167234 0.00000000
      vertex 16.16407569 -6.34033909 0.00000000
    endloop
  endfacet
  facet normal -0.44225111 0.89689127 0.00000000
    outer loop
      vertex 16.02855486 -6.80854995 0.20000000
      vertex 16.33179444 -6.65902453 0.20000000
      vertex 16.33179444 -6.65902453 0.00000000
    endloop
  endfacet
  facet normal -0.44225111 0.89689127 0.00000000
    outer loop
      vertex 16.02855486 -6.80854995 0.20000000
      vertex 16.33179444 -6.65902453 0.00000000
      vertex 16.02855486 -6.80854995 0.00000000
    endloop
  endfacet
  facet normal -0.00000000 0.00000000 1.00000000
    outer loop
      vertex 16.16407569 -6.34033909 0.20000000
      vertex 16.62054374 -6.49720761 0.20000000
      vertex 16.43590130 -6.18800631 0.20000000
    endloop
  endfacet
  facet normal 0.00000000 0.00000000 1.00000000
    outer loop
      vertex 16.16407569 -6.34033909 0.20000000
      vertex 16.33179444 -6.65902453 0.20000000
      vertex 16.62054374 -6.49720761 0.20000000
    endloop
  endfacet
  facet normal 0.00000000 0.00000000 -1.00000000
    outer loop
      vertex 16.16407569 -6.34033909 0.00000000
      vertex 16.43590130 -6.18800631 0.00000000
      vertex 16.62054374 -6.49720761 0.00000000
    endloop
  endfacet
  facet normal 0.00000000 0.00000000 -1.00000000
    outer loop
      vertex 16.16407569 -6.34033909 0.00000000
      vertex 16.62054374 -6.49720761 0.00000000
      vertex 16.33179444 -6.65902453 0.00000000
    endloop
  endfacet
  facet normal 0.48887316 -0.87235488 0.00000000
    outer loop
      vertex 16.16407569 -6.34033909 0.20000000
      vertex 16.43590130 -6.18800631 0.00000000
      vertex 16.43590130 -6.18800631 0.20000000
    endloop
  endfacet
  facet normal 0.48887316 -0.87235488 0.00000000
    outer loop
      vertex 16.16407569 -6.34033909 0.20000000
      vertex 16.16407569 -6.34033909 0.00000000
      vertex 16.43590130 -6.18800631 0.00000000
    endloop
  endfacet
  facet normal -0.48887316 0.87235488 0.00000000
    outer loop
      vertex 16.33179444 -6.65902453 0.20000000
      vertex 16.62054374 -6.49720761 0.20000000
      vertex 16.62054374 -6.49720761 0.00000000
    endloop
  endfacet
  facet normal -0.48887316 0.87235488 0.00000000
    outer loop
      vertex 16.33179444 -6.65902453 0.20000000
      vertex 16.62054374 -6.49720761 0.00000000
      vertex 16.33179444 -6.65902453 0.00000000
    endloop
  endfacet
  facet normal -0.00000000 0.00000000 1.00000000
    outer loop
      vertex 16.43590130 -6.18800631 0.20000000
      vertex 16.89471994 -6.32306697 0.20000000
      vertex 16.69300958 -6.02470620 0.20000000
    endloop
  endfacet
  facet normal 0.00000000 0.00000000 1.00000000
    outer loop
      vertex 16.43590130 -6.18800631 0.20000000
      vertex 16.62054374 -6.49720761 0.20000000
      vertex 16.89471994 -6.32306697 0.20000000
    endloop
  endfacet
  facet normal 0.00000000 0.00000000 -1.00000000
    outer loop
      vertex 16.43590130 -6.18800631 0.00000000
      vertex 16.69300958 -6.02470620 0.00000000
      vertex 16.89471994 -6.32306697 0.00000000
    endloop
  endfacet
  facet normal 0.00000000 0.00000000 -1.00000000
    outer loop
      vertex 16.43590130 -6.18800631 0.00000000
      vertex 16.89471994 -6.32306697 0.00000000
      vertex 16.62054374 -6.49720761 0.00000000
    endloop
  endfacet
  facet normal 0.53614091 -0.84412850 0.00000000
    outer loop
      vertex 16.43590130 -6.18800631 0.20000000
      vertex 16.69300958 -6.02470620 0.00000000
      vertex 16.69300958 -6.02470620 0.20000000
    endloop
  endfacet
  facet normal 0.53614091 -0.84412850 0.00000000
    outer loop
      vertex 16.43590130 -6.18800631 0.20000000
      vertex 16.43590130 -6.18800631 0.00000000
      vertex 16.69300958 -6.02470620 0.00000000
    endloop
  endfacet
  facet normal -0.53614091 0.84412850 0.00000000
    outer loop
      vertex 16.62054374 -6.49720761 0.20000000
      vertex 16.89471994 -6.32306697 0.20000000
      vertex 16.89471994 -6.32306697 0.00000000
    endloop
  endfacet
  facet normal -0.53614091 0.84412850 0.00000000
    outer loop
      vertex 16.62054374 -6.49720761 0.20000000
      vertex 16.89471994 -6.32306697 0.00000000
      vertex 16.62054374 -6.49720761 0.00000000
    endloop
  endfacet
  facet normal -0.00000000 0.00000000 1.00000000
    outer loop
      vertex 16.69300958 -6.02470620 0.20000000
      vertex 17.15422632 -6.13658628 0.20000000
      vertex 16.93549724 -5.85045513 0.20000000
    endloop
  endfacet
  facet normal 0.00000000 0.00000000 1.00000000
    outer loop
      vertex 16.69300958 -6.02470620 0.20000000
      vertex 16.89471994 -6.32306697 0.20000000
      vertex 17.15422632 -6.13658628 0.20000000
    endloop
  endfacet
  facet normal 0.00000000 0.00000000 -1.00000000
    outer loop
      vertex 16.69300958 -6.02470620 0.00000000
      vertex 16.93549724 -5.85045513 0.00000000
      vertex 17.15422632 -6.13658628 0.00000000
    endloop
  endfacet
  facet normal 0.00000000 0.00000000 -1.00000000
    outer loop
      vertex 16.69300958 -6.02470620 0.00000000
      vertex 17.15422632 -6.13658628 0.00000000
      vertex 16.89471994 -6.32306697 0.00000000
    endloop
  endfacet
  facet normal 0.58355450 -0.81207398 0.00000000
    outer loop
      vertex 16.69300958 -6.02470620 0.20000000
      vertex 16.93549724 -5.85045513 0.00000000
      vertex 16.93549724 -5.85045513 0.20000000
    endloop
  endfacet
  facet normal 0.58355450 -0.81207398 0.00000000
    outer loop
      vertex 16.69300958 -6.02470620 0.20000000
      vertex 16.69300958 -6.02470620 0.00000000
      vertex 16.93549724 -5.85045513 0.00000000
    endloop
  endfacet
  facet normal -0.58355450 0.81207398 0.00000000
    outer loop
      vertex 16.89471994 -6.32306697 0.20000000
      vertex 17.15422632 -6.13658628 0.20000000
      vertex 17.15422632 -6.13658628 0.00000000
    endloop
  endfacet
  facet normal -0.58355450 0.81207398 0.00000000
    outer loop
      vertex 16.89471994 -6.32306697 0.20000000
      vertex 17.15422632 -6.13658628 0.00000000
      vertex 16.89471994 -6.32306697 0.00000000
    endloop
  endfacet
  facet normal -0.00000000 0.00000000 1.00000000
    outer loop
      vertex 16.93549724 -5.85045513 0.20000000
      vertex 17.39895549 -5.93776913 0.20000000
      vertex 17.16347168 -5.66524947 0.20000000
    endloop
  endfacet
  facet normal 0.00000000 0.00000000 1.00000000
    outer loop
      vertex 16.93549724 -5.85045513 0.20000000
      vertex 17.15422632 -6.13658628 0.20000000
      vertex 17.39895549 -5.93776913 0.20000000
    endloop
  endfacet
  facet normal 0.00000000 0.00000000 -1.00000000
    outer loop
      vertex 16.93549724 -5.85045513 0.00000000
      vertex 17.16347168 -5.66524947 0.00000000
      vertex 17.39895549 -5.93776913 0.00000000
    endloop
  endfacet
  facet normal 0.00000000 0.00000000 -1.00000000
    outer loop
      vertex 16.93549724 -5.85045513 0.00000000
      vertex 17.39895549 -5.93776913 0.00000000
      vertex 17.15422632 -6.13658628 0.00000000
    endloop
  endfacet
  facet normal 0.63054428 -0.77615328 0.00000000
    outer loop
      vertex 16.93549724 -5.85045513 0.20000000
      vertex 17.16347168 -5.66524947 0.00000000
      vertex 17.16347168 -5.66524947 0.20000000
    endloop
  endfacet
  facet normal 0.63054428 -0.77615328 0.00000000
    outer loop
      vertex 16.93549724 -5.85045513 0.20000000
      vertex 16.93549724 -5.85045513 0.00000000
      vertex 17.16347168 -5.66524947 0.00000000
    endloop
  endfacet
  facet normal -0.63054428 0.77615328 0.00000000
    outer loop
      vertex 17.15422632 -6.13658628 0.20000000
      vertex 17.39895549 -5.93776913 0.20000000
      vertex 17.39895549 -5.93776913 0.00000000
    endloop
  endfacet
  facet normal -0.63054428 0.77615328 0.00000000
    outer loop
      vertex 17.15422632 -6.13658628 0.20000000
      vertex 17.39895549 -5.93776913 0.00000000
      vertex 17.15422632 -6.13658628 0.00000000
    endloop
  endfacet
  facet normal -0.00000000 0.00000000 1.00000000
    outer loop
      vertex 17.16347168 -5.66524947 0.20000000
      vertex 17.62879413 -5.72664221 0.20000000
      vertex 17.37704622 -5.46906255 0.20000000
    endloop
  endfacet
  facet normal 0.00000000 0.00000000 1.00000000
    outer loop
      vertex 17.16347168 -5.66524947 0.20000000
      vertex 17.39895549 -5.93776913 0.20000000
      vertex 17.62879413 -5.72664221 0.20000000
    endloop
  endfacet
  facet normal 0.00000000 0.00000000 -1.00000000
    outer loop
      vertex 17.16347168 -5.66524947 0.00000000
      vertex 17.37704622 -5.46906255 0.00000000
      vertex 17.62879413 -5.72664221 0.00000000
    endloop
  endfacet
  facet normal 0.00000000 0.00000000 -1.00000000
    outer loop
      vertex 17.16347168 -5.66524947 0.00000000
      vertex 17.62879413 -5.72664221 0.00000000
      vertex 17.39895549 -5.93776913 0.00000000
    endloop
  endfacet
  facet normal 0.67649298 -0.73644908 0.00000000
    outer loop
      vertex 17.16347168 -5.66524947 0.20000000
      vertex 17.37704622 -5.46906255 0.00000000
      vertex 17.37704622 -5.46906255 0.20000000
    endloop
  endfacet
  facet normal 0.67649298 -0.73644908 0.00000000
    outer loop
      vertex 17.16347168 -5.66524947 0.20000000
      vertex 17.16347168 -5.66524947 0.00000000
      vertex 17.37704622 -5.46906255 0.00000000
    endloop
  endfacet
  facet normal -0.67649298 0.73644908 0.00000000
    outer loop
      vertex 17.39895549 -5.93776913 0.20000000
      vertex 17.62879413 -5.72664221 0.20000000
      vertex 17.62879413 -5.72664221 0.00000000
    endloop
  endfacet
  facet normal -0.67649298 0.73644908 0.00000000
    outer loop
      vertex 17.39895549 -5.93776913 0.20000000
      vertex 17.62879413 -5.72664221 0.00000000
      vertex 17.39895549 -5.93776913 0.00000000
    endloop
  endfacet
  facet normal -0.00000000 0.00000000 1.00000000
    outer loop
      vertex 17.37704622 -5.46906255 0.20000000
      vertex 17.84362919 -5.50325670 0.20000000
      vertex 17.57633390 -5.26184320 0.20000000
    endloop
  endfacet
  facet normal 0.00000000 0.00000000 1.00000000
    outer loop
      vertex 17.37704622 -5.46906255 0.20000000
      vertex 17.62879413 -5.72664221 0.20000000
      vertex 17.84362919 -5.50325670 0.20000000
    endloop
  endfacet
  facet normal 0.00000000 0.00000000 -1.00000000
    outer loop
      vertex 17.37704622 -5.46906255 0.00000000
      vertex 17.57633390 -5.26184320 0.00000000
      vertex 17.84362919 -5.50325670 0.00000000
    endloop
  endfacet
  facet normal 0.00000000 0.00000000 -1.00000000
    outer loop
      vertex 17.37704622 -5.46906255 0.00000000
      vertex 17.84362919 -5.50325670 0.00000000
      vertex 17.62879413 -5.72664221 0.00000000
    endloop
  endfacet
  facet normal 0.72076650 -0.69317794 0.00000000
    outer loop
      vertex 17.37704622 -5.46906255 0.20000000
      vertex 17.57633390 -5.26184320 0.00000000
      vertex 17.57633390 -5.26184320 0.20000000
    endloop
  endfacet
  facet normal 0.72076650 -0.69317794 0.00000000
    outer loop
      vertex 17.37704622 -5.46906255 0.20000000
      vertex 17.37704622 -5.46906255 0.00000000
      vertex 17.57633390 -5.26184320 0.00000000
    endloop
  endfacet
  facet normal -0.72076650 0.69317794 0.00000000
    outer loop
      vertex 17.62879413 -5.72664221 0.20000000
      vertex 17.84362919 -5.50325670 0.20000000
      vertex 17.84362919 -5.50325670 0.00000000
    endloop
  endfacet
  facet normal -0.72076650 0.69317794 0.00000000
    outer loop
      vertex 17.62879413 -5.72664221 0.20000000
      vertex 17.84362919 -5.50325670 0.00000000
      vertex 17.62879413 -5.72664221 0.00000000
    endloop
  endfacet
  facet normal -0.00000000 0.00000000 1.00000000
    outer loop
      vertex 17.57633390 -5.26184320 0.20000000
      vertex 18.04335474 -5.26768757 0.20000000
      vertex 17.76144065 -5.04351642 0.20000000
    endloop
  endfacet
  facet normal 0.00000000 0.00000000 1.00000000
    outer loop
      vertex 17.57633390 -5.26184320 0.20000000
      vertex 17.84362919 -5.50325670 0.20000000
      vertex 18.04335474 -5.26768757 0.20000000
    endloop
  endfacet
  facet normal 0.00000000 0.00000000 -1.00000000
    outer loop
      vertex 17.57633390 -5.26184320 0.00000000
      vertex 17.76144065 -5.04351642 0.00000000
      vertex 18.04335474 -5.26768757 0.00000000
    endloop
  endfacet
  facet normal 0.00000000 0.00000000 -1.00000000
    outer loop
      vertex 17.57633390 -5.26184320 0.00000000
      vertex 18.04335474 -5.26768757 0.00000000
      vertex 17.84362919 -5.50325670 0.00000000
    endloop
  endfacet
  facet normal 0.76275073 -0.64669260 0.00000000
    outer loop
      vertex 17.57633390 -5.26184320 0.20000000
      vertex 17.76144065 -5.04351642 0.00000000
      vertex 17.76144065 -5.04351642 0.20000000
    endloop
  endfacet
  facet normal 0.76275073 -0.64669260 0.00000000
    outer loop
      vertex 17.57633390 -5.26184320 0.20000000
      vertex 17.57633390 -5.26184320 0.00000000
      vertex 17.76144065 -5.04351642 0.00000000
    endloop
  endfacet
  facet normal -0.76275073 0.64669260 0.00000000
    outer loop
      vertex 17.84362919 -5.50325670 0.20000000
      vertex 18.04335474 -5.26768757 0.20000000
      vertex 18.04335474 -5.26768757 0.00000000
    endloop
  endfacet
  facet normal -0.76275073 0.64669260 0.00000000
    outer loop
      vertex 17.84362919 -5.50325670 0.20000000
      vertex 18.04335474 -5.26768757 0.00000000
      vertex 17.84362919 -5.50325670 0.00000000
    endloop
  endfacet
  facet normal 0.00000000 0.00000000 1.00000000
    outer loop
      vertex 17.76144065 -5.04351642 0.20000000
      vertex 18.22787874 -5.02003054 0.20000000
      vertex 17.93245853 -4.81398651 0.20000000
    endloop
  endfacet
  facet normal -0.00000000 0.00000000 1.00000000
    outer loop
      vertex 17.76144065 -5.04351642 0.20000000
      vertex 18.04335474 -5.26768757 0.20000000
      vertex 18.22787874 -5.02003054 0.20000000
    endloop
  endfacet
  facet normal 0.00000000 0.00000000 -1.00000000
    outer loop
      vertex 17.76144065 -5.04351642 0.00000000
      vertex 17.93245853 -4.81398651 0.00000000
      vertex 18.22787874 -5.02003054 0.00000000
    endloop
  endfacet
  facet normal 0.00000000 0.00000000 -1.00000000
    outer loop
      vertex 17.76144065 -5.04351642 0.00000000
      vertex 18.22787874 -5.02003054 0.00000000
      vertex 18.04335474 -5.26768757 0.00000000
    endloop
  endfacet
  facet normal 0.80189022 -0.59747140 0.00000000
    outer loop
      vertex 17.76144065 -5.04351642 0.20000000
      vertex 17.93245853 -4.81398651 0.00000000
      vertex 17.93245853 -4.81398651 0.20000000
    endloop
  endfacet
  facet normal 0.80189022 -0.59747140 0.00000000
    outer loop
      vertex 17.76144065 -5.04351642 0.20000000
      vertex 17.76144065 -5.04351642 0.00000000
      vertex 17.93245853 -4.81398651 0.00000000
    endloop
  endfacet
  facet normal -0.80189022 0.59747140 0.00000000
    outer loop
      vertex 18.04335474 -5.26768757 0.20000000
      vertex 18.22787874 -5.02003054 0.20000000
      vertex 18.22787874 -5.02003054 0.00000000
    endloop
  endfacet
  facet normal -0.80189022 0.59747140 0.00000000
    outer loop
      vertex 18.04335474 -5.26768757 0.20000000
      vertex 18.22787874 -5.02003054 0.00000000
      vertex 18.04335474 -5.26768757 0.00000000
    endloop
  endfacet
  facet normal 0.00000000 0.00000000 1.00000000
    outer loop
      vertex 17.93245853 -4.81398651 0.20000000
      vertex 18.39712868 -4.76039686 0.20000000
      vertex 18.08946003 -4.57314222 0.20000000
    endloop
  endfacet
  facet normal -0.00000000 0.00000000 1.00000000
    outer loop
      vertex 17.93245853 -4.81398651 0.20000000
      vertex 18.22787874 -5.02003054 0.20000000
      vertex 18.39712868 -4.76039686 0.20000000
    endloop
  endfacet
  facet normal 0.00000000 0.00000000 -1.00000000
    outer loop
      vertex 17.93245853 -4.81398651 0.00000000
      vertex 18.08946003 -4.57314222 0.00000000
      vertex 18.39712868 -4.76039686 0.00000000
    endloop
  endfacet
  facet normal 0.00000000 0.00000000 -1.00000000
    outer loop
      vertex 17.93245853 -4.81398651 0.00000000
      vertex 18.39712868 -4.76039686 0.00000000
      vertex 18.22787874 -5.02003054 0.00000000
    endloop
  endfacet
  facet normal 0.83772335 -0.54609486 0.00000000
    outer loop
      vertex 17.93245853 -4.81398651 0.20000000
      vertex 18.08946003 -4.57314222 0.00000000
      vertex 18.08946003 -4.57314222 0.20000000
    endloop
  endfacet
  facet normal 0.83772335 -0.54609486 0.00000000
    outer loop
      vertex 17.93245853 -4.81398651 0.20000000
      vertex 17.93245853 -4.81398651 0.00000000
      vertex 18.08946003 -4.57314222 0.00000000
    endloop
  endfacet
  facet normal -0.83772335 0.54609486 0.00000000
    outer loop
      vertex 18.22787874 -5.02003054 0.20000000
      vertex 18.39712868 -4.76039686 0.20000000
      vertex 18.39712868 -4.76039686 0.00000000
    endloop
  endfacet
  facet normal -0.83772335 0.54609486 0.00000000
    outer loop
      vertex 18.22787874 -5.02003054 0.20000000
      vertex 18.39712868 -4.76039686 0.00000000
      vertex 18.22787874 -5.02003054 0.00000000
    endloop
  endfacet
  facet normal 0.00000000 0.00000000 1.00000000
    outer loop
      vertex 18.08946003 -4.57314222 0.20000000
      vertex 18.55105535 -4.48890660 0.20000000
      vertex 18.23249436 -4.32086348 0.20000000
    endloop
  endfacet
  facet normal -0.00000000 0.00000000 1.00000000
    outer loop
      vertex 18.08946003 -4.57314222 0.20000000
      vertex 18.39712868 -4.76039686 0.20000000
      vertex 18.55105535 -4.48890660 0.20000000
    endloop
  endfacet
  facet normal 0.00000000 0.00000000 -1.00000000
    outer loop
      vertex 18.08946003 -4.57314222 0.00000000
      vertex 18.23249436 -4.32086348 0.00000000
      vertex 18.55105535 -4.48890660 0.00000000
    endloop
  endfacet
  facet normal 0.00000000 0.00000000 -1.00000000
    outer loop
      vertex 18.08946003 -4.57314222 0.00000000
      vertex 18.55105535 -4.48890660 0.00000000
      vertex 18.39712868 -4.76039686 0.00000000
    endloop
  endfacet
  facet normal 0.86990920 -0.49321190 0.00000000
    outer loop
      vertex 18.08946003 -4.57314222 0.20000000
      vertex 18.23249436 -4.32086348 0.00000000
      vertex 18.23249436 -4.32086348 0.20000000
    endloop
  endfacet
  facet normal 0.86990920 -0.49321190 0.00000000
    outer loop
      vertex 18.08946003 -4.57314222 0.20000000
      vertex 18.08946003 -4.57314222 0.00000000
      vertex 18.23249436 -4.32086348 0.00000000
    endloop
  endfacet
  facet normal -0.86990920 0.49321190 0.00000000
    outer loop
      vertex 18.39712868 -4.76039686 0.20000000
      vertex 18.55105535 -4.48890660 0.20000000
      vertex 18.55105535 -4.48890660 0.00000000
    endloop
  endfacet
  facet normal -0.86990920 0.49321190 0.00000000
    outer loop
      vertex 18.39712868 -4.76039686 0.20000000
      vertex 18.55105535 -4.48890660 0.00000000
      vertex 18.39712868 -4.76039686 0.00000000
    endloop
  endfacet
  facet normal 0.00000000 0.00000000 1.00000000
    outer loop
      vertex 18.23249436 -4.32086348 0.20000000
      vertex 18.68963435 -4.20568145 0.20000000
      vertex 18.36158593 -4.05702858 0.20000000
    endloop
  endfacet
  facet normal -0.00000000 0.00000000 1.00000000
    outer loop
      vertex 18.23249436 -4.32086348 0.20000000
      vertex 18.55105535 -4.48890660 0.20000000
      vertex 18.68963435 -4.20568145 0.20000000
    endloop
  endfacet
  facet normal 0.00000000 0.00000000 -1.00000000
    outer loop
      vertex 18.23249436 -4.32086348 0.00000000
      vertex 18.36158593 -4.05702858 0.00000000
      vertex 18.68963435 -4.20568145 0.00000000
    endloop
  endfacet
  facet normal 0.00000000 0.00000000 -1.00000000
    outer loop
      vertex 18.23249436 -4.32086348 0.00000000
      vertex 18.68963435 -4.20568145 0.00000000
      vertex 18.55105535 -4.48890660 0.00000000
    endloop
  endfacet
  facet normal 0.89824243 -0.43950032 0.00000000
    outer loop
      vertex 18.23249436 -4.32086348 0.20000000
      vertex 18.36158593 -4.05702858 0.00000000
      vertex 18.36158593 -4.05702858 0.20000000
    endloop
  endfacet
  facet normal 0.89824243 -0.43950032 0.00000000
    outer loop
      vertex 18.23249436 -4.32086348 0.20000000
      vertex 18.23249436 -4.32086348 0.00000000
      vertex 18.36158593 -4.05702858 0.00000000
    endloop
  endfacet
  facet normal -0.89824243 0.43950032 0.00000000
    outer loop
      vertex 18.55105535 -4.48890660 0.20000000
      vertex 18.68963435 -4.20568145 0.20000000
      vertex 18.68963435 -4.20568145 0.00000000
    endloop
  endfacet
  facet normal -0.89824243 0.43950032 0.00000000
    outer loop
      vertex 18.55105535 -4.48890660 0.20000000
      vertex 18.68963435 -4.20568145 0.00000000
      vertex 18.55105535 -4.48890660 0.00000000
    endloop
  endfacet
  facet normal 0.00000000 0.00000000 1.00000000
    outer loop
      vertex 18.36158593 -4.05702858 0.20000000
      vertex 18.81286523 -3.91083783 0.20000000
      vertex 18.47673518 -3.78152114 0.20000000
    endloop
  endfacet
  facet normal -0.00000000 0.00000000 1.00000000
    outer loop
      vertex 18.36158593 -4.05702858 0.20000000
      vertex 18.68963435 -4.20568145 0.20000000
      vertex 18.81286523 -3.91083783 0.20000000
    endloop
  endfacet
  facet normal 0.00000000 0.00000000 -1.00000000
    outer loop
      vertex 18.36158593 -4.05702858 0.00000000
      vertex 18.47673518 -3.78152114 0.00000000
      vertex 18.81286523 -3.91083783 0.00000000
    endloop
  endfacet
  facet normal 0.00000000 0.00000000 -1.00000000
    outer loop
      vertex 18.36158593 -4.05702858 0.00000000
      vertex 18.81286523 -3.91083783 0.00000000
      vertex 18.68963435 -4.20568145 0.00000000
    endloop
  endfacet
  facet normal 0.92265489 -0.38562669 0.00000000
    outer loop
      vertex 18.36158593 -4.05702858 0.20000000
      vertex 18.47673518 -3.78152114 0.00000000
      vertex 18.47673518 -3.78152114 0.20000000
    endloop
  endfacet
  facet normal 0.92265489 -0.38562669 0.00000000
    outer loop
      vertex 18.36158593 -4.05702858 0.20000000
      vertex 18.36158593 -4.05702858 0.00000000
      vertex 18.47673518 -3.78152114 0.00000000
    endloop
  endfacet
  facet normal -0.92265489 0.38562669 0.00000000
    outer loop
      vertex 18.68963435 -4.20568145 0.20000000
      vertex 18.81286523 -3.91083783 0.20000000
      vertex 18.81286523 -3.91083783 0.00000000
    endloop
  endfacet
  facet normal -0.92265489 0.38562669 0.00000000
    outer loop
      vertex 18.68963435 -4.20568145 0.20000000
      vertex 18.81286523 -3.91083783 0.00000000
      vertex 18.68963435 -4.20568145 0.00000000
    endloop
  endfacet
  facet normal 0.00000000 0.00000000 1.00000000
    outer loop
      vertex 18.47673518 -3.78152114 0.20000000
      vertex 18.92076866 -3.60448118 0.20000000
      vertex 18.57792145 -3.49423568 0.20000000
    endloop
  endfacet
  facet normal -0.00000000 0.00000000 1.00000000
    outer loop
      vertex 18.47673518 -3.78152114 0.20000000
      vertex 18.81286523 -3.91083783 0.20000000
      vertex 18.92076866 -3.60448118 0.20000000
    endloop
  endfacet
  facet normal 0.00000000 0.00000000 -1.00000000
    outer loop
      vertex 18.47673518 -3.78152114 0.00000000
      vertex 18.57792145 -3.49423568 0.00000000
      vertex 18.92076866 -3.60448118 0.00000000
    endloop
  endfacet
  facet normal 0.00000000 0.00000000 -1.00000000
    outer loop
      vertex 18.47673518 -3.78152114 0.00000000
      vertex 18.92076866 -3.60448118 0.00000000
      vertex 18.81286523 -3.91083783 0.00000000
    endloop
  endfacet
  facet normal 0.94320508 -0.33221105 0.00000000
    outer loop
      vertex 18.47673518 -3.78152114 0.20000000
      vertex 18.57792145 -3.49423568 0.00000000
      vertex 18.57792145 -3.49423568 0.20000000
    endloop
  endfacet
  facet normal 0.94320508 -0.33221105 0.00000000
    outer loop
      vertex 18.47673518 -3.78152114 0.20000000
      vertex 18.47673518 -3.78152114 0.00000000
      vertex 18.57792145 -3.49423568 0.00000000
    endloop
  endfacet
  facet normal -0.94320508 0.33221105 0.00000000
    outer loop
      vertex 18.81286523 -3.91083783 0.20000000
      vertex 18.92076866 -3.60448118 0.20000000
      vertex 18.92076866 -3.60448118 0.00000000
    endloop
  endfacet
  facet normal -0.94320508 0.33221105 0.00000000
    outer loop
      vertex 18.81286523 -3.91083783 0.20000000
      vertex 18.92076866 -3.60448118 0.00000000
      vertex 18.81286523 -3.91083783 0.00000000
    endloop
  endfacet
  facet normal 0.00000000 0.00000000 1.00000000
    outer loop
      vertex 18.57792145 -3.49423568 0.20000000
      vertex 19.01338235 -3.28670204 0.20000000
      vertex 18.66510702 -3.19508169 0.20000000
    endloop
  endfacet
  facet normal -0.00000000 0.00000000 1.00000000
    outer loop
      vertex 18.57792145 -3.49423568 0.20000000
      vertex 18.92076866 -3.60448118 0.20000000
      vertex 19.01338235 -3.28670204 0.20000000
    endloop
  endfacet
  facet normal 0.00000000 0.00000000 -1.00000000
    outer loop
      vertex 18.57792145 -3.49423568 0.00000000
      vertex 18.66510702 -3.19508169 0.00000000
      vertex 19.01338235 -3.28670204 0.00000000
    endloop
  endfacet
  facet normal 0.00000000 0.00000000 -1.00000000
    outer loop
      vertex 18.57792145 -3.49423568 0.00000000
      vertex 19.01338235 -3.28670204 0.00000000
      vertex 18.92076866 -3.60448118 0.00000000
    endloop
  endfacet
  facet normal 0.96005836 -0.27979983 0.00000000
    outer loop
      vertex 18.57792145 -3.49423568 0.20000000
      vertex 18.66510702 -3.19508169 0.00000000
      vertex 18.66510702 -3.19508169 0.20000000
    endloop
  endfacet
  facet normal 0.96005836 -0.27979983 0.00000000
    outer loop
      vertex 18.57792145 -3.49423568 0.20000000
      vertex 18.57792145 -3.49423568 0.00000000
      vertex 18.66510702 -3.19508169 0.00000000
    endloop
  endfacet
  facet normal -0.96005836 0.27979983 0.00000000
    outer loop
      vertex 18.92076866 -3.60448118 0.20000000
      vertex 19.01338235 -3.28670204 0.20000000
      vertex 19.01338235 -3.28670204 0.00000000
    endloop
  endfacet
  facet normal -0.96005836 0.27979983 0.00000000
    outer loop
      vertex 18.92076866 -3.60448118 0.20000000
      vertex 19.01338235 -3.28670204 0.00000000
      vertex 18.92076866 -3.60448118 0.00000000
    endloop
  endfacet
  facet normal 0.00000000 0.00000000 1.00000000
    outer loop
      vertex 18.66510702 -3.19508169 0.20000000
      vertex 19.09075634 -2.95757386 0.20000000
      vertex 18.73824186 -2.88398570 0.20000000
    endloop
  endfacet
  facet normal -0.00000000 0.00000000 1.00000000
    outer loop
      vertex 18.66510702 -3.19508169 0.20000000
      vertex 19.01338235 -3.28670204 0.20000000
      vertex 19.09075634 -2.95757386 0.20000000
    endloop
  endfacet
  facet normal 0.00000000 0.00000000 -1.00000000
    outer loop
      vertex 18.66510702 -3.19508169 0.00000000
      vertex 18.73824186 -2.88398570 0.00000000
      vertex 19.09075634 -2.95757386 0.00000000
    endloop
  endfacet
  facet normal 0.00000000 0.00000000 -1.00000000
    outer loop
      vertex 18.66510702 -3.19508169 0.00000000
      vertex 19.09075634 -2.95757386 0.00000000
      vertex 19.01338235 -3.28670204 0.00000000
    endloop
  endfacet
  facet normal 0.97346195 -0.22884893 0.00000000
    outer loop
      vertex 18.66510702 -3.19508169 0.20000000
      vertex 18.73824186 -2.88398570 0.00000000
      vertex 18.73824186 -2.88398570 0.20000000
    endloop
  endfacet
  facet normal 0.97346195 -0.22884893 0.00000000
    outer loop
      vertex 18.66510702 -3.19508169 0.20000000
      vertex 18.66510702 -3.19508169 0.00000000
      vertex 18.73824186 -2.88398570 0.00000000
    endloop
  endfacet
  facet normal -0.97346195 0.22884893 0.00000000
    outer loop
      vertex 19.01338235 -3.28670204 0.20000000
      vertex 19.09075634 -2.95757386 0.20000000
      vertex 19.09075634 -2.95757386 0.00000000
    endloop
  endfacet
  facet normal -0.97346195 0.22884893 0.00000000
    outer loop
      vertex 19.01338235 -3.28670204 0.20000000
      vertex 19.09075634 -2.95757386 0.00000000
      vertex 19.01338235 -3.28670204 0.00000000
    endloop
  endfacet
  facet normal 0.00000000 0.00000000 1.00000000
    outer loop
      vertex 18.73824186 -2.88398570 0.20000000
      vertex 19.15294832 -2.61715252 0.20000000
      vertex 18.79726827 -2.56089183 0.20000000
    endloop
  endfacet
  facet normal -0.00000000 0.00000000 1.00000000
    outer loop
      vertex 18.73824186 -2.88398570 0.20000000
      vertex 19.09075634 -2.95757386 0.20000000
      vertex 19.15294832 -2.61715252 0.20000000
    endloop
  endfacet
  facet normal 0.00000000 0.00000000 -1.00000000
    outer loop
      vertex 18.73824186 -2.88398570 0.00000000
      vertex 18.79726827 -2.56089183 0.00000000
      vertex 19.15294832 -2.61715252 0.00000000
    endloop
  endfacet
  facet normal 0.00000000 0.00000000 -1.00000000
    outer loop
      vertex 18.73824186 -2.88398570 0.00000000
      vertex 19.15294832 -2.61715252 0.00000000
      vertex 19.09075634 -2.95757386 0.00000000
    endloop
  endfacet
  facet normal 0.98371841 -0.17971671 0.00000000
    outer loop
      vertex 18.73824186 -2.88398570 0.20000000
      vertex 18.79726827 -2.56089183 0.00000000
      vertex 18.79726827 -2.56089183 0.20000000
    endloop
  endfacet
  facet normal 0.98371841 -0.17971671 0.00000000
    outer loop
      vertex 18.73824186 -2.88398570 0.20000000
      vertex 18.73824186 -2.88398570 0.00000000
      vertex 18.79726827 -2.56089183 0.00000000
    endloop
  endfacet
  facet normal -0.98371841 0.17971671 0.00000000
    outer loop
      vertex 19.09075634 -2.95757386 0.20000000
      vertex 19.15294832 -2.61715252 0.20000000
      vertex 19.15294832 -2.61715252 0.00000000
    endloop
  endfacet
  facet normal -0.98371841 0.17971671 0.00000000
    outer loop
      vertex 19.09075634 -2.95757386 0.20000000
      vertex 19.15294832 -2.61715252 0.00000000
      vertex 19.09075634 -2.95757386 0.00000000
    endloop
  endfacet
  facet normal 0.00000000 0.00000000 1.00000000
    outer loop
      vertex 18.79726827 -2.56089183 0.20000000
      vertex 19.20001953 -2.26547720 0.20000000
      vertex 18.84212503 -2.22576092 0.20000000
    endloop
  endfacet
  facet normal -0.00000000 0.00000000 1.00000000
    outer loop
      vertex 18.79726827 -2.56089183 0.20000000
      vertex 19.15294832 -2.61715252 0.20000000
      vertex 19.20001953 -2.26547720 0.20000000
    endloop
  endfacet
  facet normal 0.00000000 0.00000000 -1.00000000
    outer loop
      vertex 18.79726827 -2.56089183 0.00000000
      vertex 18.84212503 -2.22576092 0.00000000
      vertex 19.20001953 -2.26547720 0.00000000
    endloop
  endfacet
  facet normal 0.00000000 0.00000000 -1.00000000
    outer loop
      vertex 18.79726827 -2.56089183 0.00000000
      vertex 19.20001953 -2.26547720 0.00000000
      vertex 19.15294832 -2.61715252 0.00000000
    endloop
  endfacet
  facet normal 0.99116089 -0.13266536 0.00000000
    outer loop
      vertex 18.79726827 -2.56089183 0.20000000
      vertex 18.84212503 -2.22576092 0.00000000
      vertex 18.84212503 -2.22576092 0.20000000
    endloop
  endfacet
  facet normal 0.99116089 -0.13266536 0.00000000
    outer loop
      vertex 18.79726827 -2.56089183 0.20000000
      vertex 18.79726827 -2.56089183 0.00000000
      vertex 18.84212503 -2.22576092 0.00000000
    endloop
  endfacet
  facet normal -0.99116089 0.13266536 0.00000000
    outer loop
      vertex 19.15294832 -2.61715252 0.20000000
      vertex 19.20001953 -2.26547720 0.20000000
      vertex 19.20001953 -2.26547720 0.00000000
    endloop
  endfacet
  facet normal -0.99116089 0.13266536 0.00000000
    outer loop
      vertex 19.15294832 -2.61715252 0.20000000
      vertex 19.20001953 -2.26547720 0.00000000
      vertex 19.15294832 -2.61715252 0.00000000
    endloop
  endfacet
  facet normal 0.00000000 0.00000000 1.00000000
    outer loop
      vertex 18.84212503 -2.22576092 0.20000000
      vertex 19.23203131 -1.90257209 0.20000000
      vertex 18.87275078 -1.87856875 0.20000000
    endloop
  endfacet
  facet normal -0.00000000 0.00000000 1.00000000
    outer loop
      vertex 18.84212503 -2.22576092 0.20000000
      vertex 19.20001953 -2.26547720 0.20000000
      vertex 19.23203131 -1.90257209 0.20000000
    endloop
  endfacet
  facet normal 0.00000000 0.00000000 -1.00000000
    outer loop
      vertex 18.84212503 -2.22576092 0.00000000
      vertex 18.87275078 -1.87856875 0.00000000
      vertex 19.23203131 -1.90257209 0.00000000
    endloop
  endfacet
  facet normal 0.00000000 0.00000000 -1.00000000
    outer loop
      vertex 18.84212503 -2.22576092 0.00000000
      vertex 19.23203131 -1.90257209 0.00000000
      vertex 19.20001953 -2.26547720 0.00000000
    endloop
  endfacet
  facet normal 0.99613207 -0.08786859 0.00000000
    outer loop
      vertex 18.84212503 -2.22576092 0.20000000
      vertex 18.87275078 -1.87856875 0.00000000
      vertex 18.87275078 -1.87856875 0.20000000
    endloop
  endfacet
  facet normal 0.99613207 -0.08786859 0.00000000
    outer loop
      vertex 18.84212503 -2.22576092 0.20000000
      vertex 18.84212503 -2.22576092 0.00000000
      vertex 18.87275078 -1.87856875 0.00000000
    endloop
  endfacet
  facet normal -0.99613207 0.08786859 0.00000000
    outer loop
      vertex 19.20001953 -2.26547720 0.20000000
      vertex 19.23203131 -1.90257209 0.20000000
      vertex 19.23203131 -1.90257209 0.00000000
    endloop
  endfacet
  facet normal -0.99613207 0.08786859 0.00000000
    outer loop
      vertex 19.20001953 -2.26547720 0.20000000
      vertex 19.23203131 -1.90257209 0.00000000
      vertex 19.20001953 -2.26547720 0.00000000
    endloop
  endfacet
  facet normal 0.00000000 0.00000000 1.00000000
    outer loop
      vertex 18.87275078 -1.87856875 0.20000000
      vertex 19.24904266 -1.52844867 0.20000000
      vertex 18.88908651 -1.51930387 0.20000000
    endloop
  endfacet
  facet normal -0.00000000 0.00000000 1.00000000
    outer loop
      vertex 18.87275078 -1.87856875 0.20000000
      vertex 19.23203131 -1.90257209 0.20000000
      vertex 19.24904266 -1.52844867 0.20000000
    endloop
  endfacet
  facet normal 0.00000000 0.00000000 -1.00000000
    outer loop
      vertex 18.87275078 -1.87856875 0.00000000
      vertex 18.88908651 -1.51930387 0.00000000
      vertex 19.24904266 -1.52844867 0.00000000
    endloop
  endfacet
  facet normal 0.00000000 0.00000000 -1.00000000
    outer loop
      vertex 18.87275078 -1.87856875 0.00000000
      vertex 19.24904266 -1.52844867 0.00000000
      vertex 19.23203131 -1.90257209 0.00000000
    endloop
  endfacet
  facet normal 0.99896784 -0.04542297 0.00000000
    outer loop
      vertex 18.87275078 -1.87856875 0.20000000
      vertex 18.88908651 -1.51930387 0.00000000
      vertex 18.88908651 -1.51930387 0.20000000
    endloop
  endfacet
  facet normal 0.99896784 -0.04542297 0.00000000
    outer loop
      vertex 18.87275078 -1.87856875 0.20000000
      vertex 18.87275078 -1.87856875 0.00000000
      vertex 18.88908651 -1.51930387 0.00000000
    endloop
  endfacet
  facet normal -0.99896784 0.04542297 0.00000000
    outer loop
      vertex 19.23203131 -1.90257209 0.20000000
      vertex 19.24904266 -1.52844867 0.20000000
      vertex 19.24904266 -1.52844867 0.00000000
    endloop
  endfacet
  facet normal -0.99896784 0.04542297 0.00000000
    outer loop
      vertex 19.23203131 -1.90257209 0.20000000
      vertex 19.24904266 -1.52844867 0.00000000
      vertex 19.23203131 -1.90257209 0.00000000
    endloop
  endfacet
  facet normal 0.00000000 0.00000000 1.00000000
    outer loop
      vertex 18.88908651 -1.51930387 0.20000000
      vertex 19.25110852 -1.14310806 0.20000000
      vertex 18.89107731 -1.14796515 0.20000000
    endloop
  endfacet
  facet normal -0.00000000 0.00000000 1.00000000
    outer loop
      vertex 18.88908651 -1.51930387 0.20000000
      vertex 19.24904266 -1.52844867 0.20000000
      vertex 19.25110852 -1.14310806 0.20000000
    endloop
  endfacet
  facet normal 0.00000000 0.00000000 -1.00000000
    outer loop
      vertex 18.88908651 -1.51930387 0.00000000
      vertex 18.89107731 -1.14796515 0.00000000
      vertex 19.25110852 -1.14310806 0.00000000
    endloop
  endfacet
  facet normal 0.00000000 0.00000000 -1.00000000
    outer loop
      vertex 18.88908651 -1.51930387 0.00000000
      vertex 19.25110852 -1.14310806 0.00000000
      vertex 19.24904266 -1.52844867 0.00000000
    endloop
  endfacet
  facet normal 0.99998563 -0.00536105 0.00000000
    outer loop
      vertex 18.88908651 -1.51930387 0.20000000
      vertex 18.89107731 -1.14796515 0.00000000
      vertex 18.89107731 -1.14796515 0.20000000
    endloop
  endfacet
  facet normal 0.99998563 -0.00536105 0.00000000
    outer loop
      vertex 18.88908651 -1.51930387 0.20000000
      vertex 18.88908651 -1.51930387 0.00000000
      vertex 18.89107731 -1.14796515 0.00000000
    endloop
  endfacet
  facet normal -0.99998563 0.00536105 0.00000000
    outer loop
      vertex 19.24904266 -1.52844867 0.20000000
      vertex 19.25110852 -1.14310806 0.20000000
      vertex 19.25110852 -1.14310806 0.00000000
    endloop
  endfacet
  facet normal -0.99998563 0.00536105 0.00000000
    outer loop
      vertex 19.24904266 -1.52844867 0.20000000
      vertex 19.25110852 -1.14310806 0.00000000
      vertex 19.24904266 -1.52844867 0.00000000
    endloop
  endfacet
  facet normal 0.00000000 -0.00000000 1.00000000
    outer loop
      vertex 18.89107731 -1.14796515 0.20000000
      vertex 19.23827877 -0.74654337 0.20000000
      vertex 18.87867328 -0.76455947 0.20000000
    endloop
  endfacet
  facet normal 0.00000000 0.00000000 1.00000000
    outer loop
      vertex 18.89107731 -1.14796515 0.20000000
      vertex 19.25110852 -1.14310806 0.20000000
      vertex 19.23827877 -0.74654337 0.20000000
    endloop
  endfacet
  facet normal 0.00000000 0.00000000 -1.00000000
    outer loop
      vertex 18.89107731 -1.14796515 0.00000000
      vertex 18.87867328 -0.76455947 0.00000000
      vertex 19.23827877 -0.74654337 0.00000000
    endloop
  endfacet
  facet normal 0.00000000 0.00000000 -1.00000000
    outer loop
      vertex 18.89107731 -1.14796515 0.00000000
      vertex 19.23827877 -0.74654337 0.00000000
      vertex 19.25110852 -1.14310806 0.00000000
    endloop
  endfacet
  facet normal 0.99947708 0.03233531 0.00000000
    outer loop
      vertex 18.89107731 -1.14796515 0.20000000
      vertex 18.87867328 -0.76455947 0.00000000
      vertex 18.87867328 -0.76455947 0.20000000
    endloop
  endfacet
  facet normal 0.99947708 0.03233531 0.00000000
    outer loop
      vertex 18.89107731 -1.14796515 0.20000000
      vertex 18.89107731 -1.14796515 0.00000000
      vertex 18.87867328 -0.76455947 0.00000000
    endloop
  endfacet
  facet normal -0.99947708 -0.03233531 0.00000000
    outer loop
      vertex 19.25110852 -1.14310806 0.20000000
      vertex 19.23827877 -0.74654337 0.20000000
      vertex 19.23827877 -0.74654337 0.00000000
    endloop
  endfacet
  facet normal -0.99947708 -0.03233531 -0.00000000
    outer loop
      vertex 19.25110852 -1.14310806 0.20000000
      vertex 19.23827877 -0.74654337 0.00000000
      vertex 19.25110852 -1.14310806 0.00000000
    endloop
  endfacet
  facet normal 0.00000000 -0.00000000 1.00000000
    outer loop
      vertex 18.87867328 -0.76455947 0.20000000
      vertex 19.21059780 -0.33874179 0.20000000
      vertex 18.85183005 -0.36909964 0.20000000
    endloop
  endfacet
  facet normal 0.00000000 0.00000000 1.00000000
    outer loop
      vertex 18.87867328 -0.76455947 0.20000000
      vertex 19.23827877 -0.74654337 0.20000000
      vertex 19.21059780 -0.33874179 0.20000000
    endloop
  endfacet
  facet normal 0.00000000 0.00000000 -1.00000000
    outer loop
      vertex 18.87867328 -0.76455947 0.00000000
      vertex 18.85183005 -0.36909964 0.00000000
      vertex 19.21059780 -0.33874179 0.00000000
    endloop
  endfacet
  facet normal 0.00000000 0.00000000 -1.00000000
    outer loop
      vertex 18.87867328 -0.76455947 0.00000000
      vertex 19.21059780 -0.33874179 0.00000000
      vertex 19.23827877 -0.74654337 0.00000000
    endloop
  endfacet
  facet normal 0.99770418 0.06772270 0.00000000
    outer loop
      vertex 18.87867328 -0.76455947 0.20000000
      vertex 18.85183005 -0.36909964 0.00000000
      vertex 18.85183005 -0.36909964 0.20000000
    endloop
  endfacet
  facet normal 0.99770418 0.06772270 0.00000000
    outer loop
      vertex 18.87867328 -0.76455947 0.20000000
      vertex 18.87867328 -0.76455947 0.00000000
      vertex 18.85183005 -0.36909964 0.00000000
    endloop
  endfacet
  facet normal -0.99770418 -0.06772270 0.00000000
    outer loop
      vertex 19.23827877 -0.74654337 0.20000000
      vertex 19.21059780 -0.33874179 0.20000000
      vertex 19.21059780 -0.33874179 0.00000000
    endloop
  endfacet
  facet normal -0.99770418 -0.06772270 -0.00000000
    outer loop
      vertex 19.23827877 -0.74654337 0.20000000
      vertex 19.21059780 -0.33874179 0.00000000
      vertex 19.23827877 -0.74654337 0.00000000
    endloop
  endfacet
  facet normal 0.00000000 -0.00000000 1.00000000
    outer loop
      vertex 18.85183005 -0.36909964 0.20000000
      vertex 19.16824412 0.07893618 0.20000000
      vertex 18.81036907 0.03977483 0.20000000
    endloop
  endfacet
  facet normal 0.00000000 0.00000000 1.00000000
    outer loop
      vertex 18.85183005 -0.36909964 0.20000000
      vertex 19.21059780 -0.33874179 0.20000000
      vertex 19.16824412 0.07893618 0.20000000
    endloop
  endfacet
  facet normal 0.00000000 0.00000000 -1.00000000
    outer loop
      vertex 18.85183005 -0.36909964 0.00000000
      vertex 18.81036907 0.03977483 0.00000000
      vertex 19.16824412 0.07893618 0.00000000
    endloop
  endfacet
  facet normal 0.00000000 0.00000000 -1.00000000
    outer loop
      vertex 18.85183005 -0.36909964 0.00000000
      vertex 19.16824412 0.07893618 0.00000000
      vertex 19.21059780 -0.33874179 0.00000000
    endloop
  endfacet
  facet normal 0.99489806 0.10088535 0.00000000
    outer loop
      vertex 18.85183005 -0.36909964 0.20000000
      vertex 18.81036907 0.03977483 0.00000000
      vertex 18.81036907 0.03977483 0.20000000
    endloop
  endfacet
  facet normal 0.99489806 0.10088535 0.00000000
    outer loop
      vertex 18.85183005 -0.36909964 0.20000000
      vertex 18.85183005 -0.36909964 0.00000000
      vertex 18.81036907 0.03977483 0.00000000
    endloop
  endfacet
  facet normal -0.99489806 -0.10088535 0.00000000
    outer loop
      vertex 19.21059780 -0.33874179 0.20000000
      vertex 19.16824412 0.07893618 0.20000000
      vertex 19.16824412 0.07893618 0.00000000
    endloop
  endfacet
  facet normal -0.99489806 -0.10088535 -0.00000000
    outer loop
      vertex 19.21059780 -0.33874179 0.20000000
      vertex 19.16824412 0.07893618 0.00000000
      vertex 19.21059780 -0.33874179 0.00000000
    endloop
  endfacet
  facet normal 0.00000000 0.00000000 1.00000000
    outer loop
      vertex 18.81036907 0.03977483 0.20000000
      vertex 18.58963102 5.00472319 0.20000000
      vertex 18.23242255 4.95988713 0.20000000
    endloop
  endfacet
  facet normal 0.00000000 -0.00000000 1.00000000
    outer loop
      vertex 18.81036907 0.03977483 0.20000000
      vertex 19.16824412 0.07893618 0.20000000
      vertex 18.58963102 5.00472319 0.20000000
    endloop
  endfacet
  facet normal 0.00000000 0.00000000 -1.00000000
    outer loop
      vertex 18.81036907 0.03977483 0.00000000
      vertex 18.23242255 4.95988713 0.00000000
      vertex 18.58963102 5.00472319 0.00000000
    endloop
  endfacet
  facet normal 0.00000000 0.00000000 -1.00000000
    outer loop
      vertex 18.81036907 0.03977483 0.00000000
      vertex 18.58963102 5.00472319 0.00000000
      vertex 19.16824412 0.07893618 0.00000000
    endloop
  endfacet
  facet normal 0.99317144 0.11666400 0.00000000
    outer loop
      vertex 18.81036907 0.03977483 0.20000000
      vertex 18.23242255 4.95988713 0.00000000
      vertex 18.23242255 4.95988713 0.20000000
    endloop
  endfacet
  facet normal 0.99317144 0.11666400 0.00000000
    outer loop
      vertex 18.81036907 0.03977483 0.20000000
      vertex 18.81036907 0.03977483 0.00000000
      vertex 18.23242255 4.95988713 0.00000000
    endloop
  endfacet
  facet normal -0.99317144 -0.11666400 0.00000000
    outer loop
      vertex 19.16824412 0.07893618 0.20000000
      vertex 18.58963102 5.00472319 0.20000000
      vertex 18.58963102 5.00472319 0.00000000
    endloop
  endfacet
  facet normal -0.99317144 -0.11666400 -0.00000000
    outer loop
      vertex 19.16824412 0.07893618 0.20000000
      vertex 18.58963102 5.00472319 0.00000000
      vertex 19.16824412 0.07893618 0.00000000
    endloop
  endfacet
  facet normal 0.00000000 -0.00000000 1.00000000
    outer loop
      vertex 18.23242255 4.95988713 0.20000000
      vertex 18.53637798 5.40336639 0.20000000
      vertex 18.18034031 5.34976591 0.20000000
    endloop
  endfacet
  facet normal 0.00000000 0.00000000 1.00000000
    outer loop
      vertex 18.23242255 4.95988713 0.20000000
      vertex 18.58963102 5.00472319 0.20000000
      vertex 18.53637798 5.40336639 0.20000000
    endloop
  endfacet
  facet normal 0.00000000 0.00000000 -1.00000000
    outer loop
      vertex 18.23242255 4.95988713 0.00000000
      vertex 18.18034031 5.34976591 0.00000000
      vertex 18.53637798 5.40336639 0.00000000
    endloop
  endfacet
  facet normal 0.00000000 0.00000000 -1.00000000
    outer loop
      vertex 18.23242255 4.95988713 0.00000000
      vertex 18.53637798 5.40336639 0.00000000
      vertex 18.58963102 5.00472319 0.00000000
    endloop
  endfacet
  facet normal 0.99119510 0.13240952 0.00000000
    outer loop
      vertex 18.23242255 4.95988713 0.20000000
      vertex 18.18034031 5.34976591 0.00000000
      vertex 18.18034031 5.34976591 0.20000000
    endloop
  endfacet
  facet normal 0.99119510 0.13240952 0.00000000
    outer loop
      vertex 18.23242255 4.95988713 0.20000000
      vertex 18.23242255 4.95988713 0.00000000
      vertex 18.18034031 5.34976591 0.00000000
    endloop
  endfacet
  facet normal -0.99119510 -0.13240952 0.00000000
    outer loop
      vertex 18.58963102 5.00472319 0.20000000
      vertex 18.53637798 5.40336639 0.20000000
      vertex 18.53637798 5.40336639 0.00000000
    endloop
  endfacet
  facet normal -0.99119510 -0.13240952 -0.00000000
    outer loop
      vertex 18.58963102 5.00472319 0.20000000
      vertex 18.53637798 5.40336639 0.00000000
      vertex 18.58963102 5.00472319 0.00000000
    endloop
  endfacet
  facet normal 0.00000000 -0.00000000 1.00000000
    outer loop
      vertex 18.18034031 5.34976591 0.20000000
      vertex 18.47161313 5.78980564 0.20000000
      vertex 18.11761714 5.72402291 0.20000000
    endloop
  endfacet
  facet normal 0.00000000 0.00000000 1.00000000
    outer loop
      vertex 18.18034031 5.34976591 0.20000000
      vertex 18.53637798 5.40336639 0.20000000
      vertex 18.47161313 5.78980564 0.20000000
    endloop
  endfacet
  facet normal 0.00000000 0.00000000 -1.00000000
    outer loop
      vertex 18.18034031 5.34976591 0.00000000
      vertex 18.11761714 5.72402291 0.00000000
      vertex 18.47161313 5.78980564 0.00000000
    endloop
  endfacet
  facet normal 0.00000000 0.00000000 -1.00000000
    outer loop
      vertex 18.18034031 5.34976591 0.00000000
      vertex 18.47161313 5.78980564 0.00000000
      vertex 18.53637798 5.40336639 0.00000000
    endloop
  endfacet
  facet normal 0.98624524 0.16528865 0.00000000
    outer loop
      vertex 18.18034031 5.34976591 0.20000000
      vertex 18.11761714 5.72402291 0.00000000
      vertex 18.11761714 5.72402291 0.20000000
    endloop
  endfacet
  facet normal 0.98624524 0.16528865 0.00000000
    outer loop
      vertex 18.18034031 5.34976591 0.20000000
      vertex 18.18034031 5.34976591 0.00000000
      vertex 18.11761714 5.72402291 0.00000000
    endloop
  endfacet
  facet normal -0.98624524 -0.16528865 0.00000000
    outer loop
      vertex 18.53637798 5.40336639 0.20000000
      vertex 18.47161313 5.78980564 0.20000000
      vertex 18.47161313 5.78980564 0.00000000
    endloop
  endfacet
  facet normal -0.98624524 -0.16528865 -0.00000000
    outer loop
      vertex 18.53637798 5.40336639 0.20000000
      vertex 18.47161313 5.78980564 0.00000000
      vertex 18.53637798 5.40336639 0.00000000
    endloop
  endfacet
  facet normal 0.00000000 -0.00000000 1.00000000
    outer loop
      vertex 18.11761714 5.72402291 0.20000000
      vertex 18.39547904 6.16267484 0.20000000
      vertex 18.04411047 6.08402422 0.20000000
    endloop
  endfacet
  facet normal 0.00000000 0.00000000 1.00000000
    outer loop
      vertex 18.11761714 5.72402291 0.20000000
      vertex 18.47161313 5.78980564 0.20000000
      vertex 18.39547904 6.16267484 0.20000000
    endloop
  endfacet
  facet normal 0.00000000 0.00000000 -1.00000000
    outer loop
      vertex 18.11761714 5.72402291 0.00000000
      vertex 18.04411047 6.08402422 0.00000000
      vertex 18.39547904 6.16267484 0.00000000
    endloop
  endfacet
  facet normal 0.00000000 0.00000000 -1.00000000
    outer loop
      vertex 18.11761714 5.72402291 0.00000000
      vertex 18.39547904 6.16267484 0.00000000
      vertex 18.47161313 5.78980564 0.00000000
    endloop
  endfacet
  facet normal 0.97978432 0.20005672 0.00000000
    outer loop
      vertex 18.11761714 5.72402291 0.20000000
      vertex 18.04411047 6.08402422 0.00000000
      vertex 18.04411047 6.08402422 0.20000000
    endloop
  endfacet
  facet normal 0.97978432 0.20005672 0.00000000
    outer loop
      vertex 18.11761714 5.72402291 0.20000000
      vertex 18.11761714 5.72402291 0.00000000
      vertex 18.04411047 6.08402422 0.00000000
    endloop
  endfacet
  facet normal -0.97978432 -0.20005672 0.00000000
    outer loop
      vertex 18.47161313 5.78980564 0.20000000
      vertex 18.39547904 6.16267484 0.20000000
      vertex 18.39547904 6.16267484 0.00000000
    endloop
  endfacet
  facet normal -0.97978432 -0.20005672 -0.00000000
    outer loop
      vertex 18.47161313 5.78980564 0.20000000
      vertex 18.39547904 6.16267484 0.00000000
      vertex 18.47161313 5.78980564 0.00000000
    endloop
  endfacet
  facet normal 0.00000000 -0.00000000 1.00000000
    outer loop
      vertex 18.04411047 6.08402422 0.20000000
      vertex 18.30793074 6.52197525 0.20000000
      vertex 17.95986527 6.42976860 0.20000000
    endloop
  endfacet
  facet normal 0.00000000 0.00000000 1.00000000
    outer loop
      vertex 18.04411047 6.08402422 0.20000000
      vertex 18.39547904 6.16267484 0.20000000
      vertex 18.30793074 6.52197525 0.20000000
    endloop
  endfacet
  facet normal 0.00000000 0.00000000 -1.00000000
    outer loop
      vertex 18.04411047 6.08402422 0.00000000
      vertex 17.95986527 6.42976860 0.00000000
      vertex 18.30793074 6.52197525 0.00000000
    endloop
  endfacet
  facet normal 0.00000000 0.00000000 -1.00000000
    outer loop
      vertex 18.04411047 6.08402422 0.00000000
      vertex 18.30793074 6.52197525 0.00000000
      vertex 18.39547904 6.16267484 0.00000000
    endloop
  endfacet
  facet normal 0.97157381 0.23673683 0.00000000
    outer loop
      vertex 18.04411047 6.08402422 0.20000000
      vertex 17.95986527 6.42976860 0.00000000
      vertex 17.95986527 6.42976860 0.20000000
    endloop
  endfacet
  facet normal 0.97157381 0.23673683 0.00000000
    outer loop
      vertex 18.04411047 6.08402422 0.20000000
      vertex 18.04411047 6.08402422 0.00000000
      vertex 17.95986527 6.42976860 0.00000000
    endloop
  endfacet
  facet normal -0.97157381 -0.23673683 0.00000000
    outer loop
      vertex 18.39547904 6.16267484 0.20000000
      vertex 18.30793074 6.52197525 0.20000000
      vertex 18.30793074 6.52197525 0.00000000
    endloop
  endfacet
  facet normal -0.97157381 -0.23673683 -0.00000000
    outer loop
      vertex 18.39547904 6.16267484 0.20000000
      vertex 18.30793074 6.52197525 0.00000000
      vertex 18.39547904 6.16267484 0.00000000
    endloop
  endfacet
  facet normal 0.00000000 -0.00000000 1.00000000
    outer loop
      vertex 17.95986527 6.42976860 0.20000000
      vertex 18.20891958 6.86770118 0.20000000
      vertex 17.86493019 6.76126174 0.20000000
    endloop
  endfacet
  facet normal 0.00000000 0.00000000 1.00000000
    outer loop
      vertex 17.95986527 6.42976860 0.20000000
      vertex 18.30793074 6.52197525 0.20000000
      vertex 18.20891958 6.86770118 0.20000000
    endloop
  endfacet
  facet normal 0.00000000 0.00000000 -1.00000000
    outer loop
      vertex 17.95986527 6.42976860 0.00000000
      vertex 17.86493019 6.76126174 0.00000000
      vertex 18.20891958 6.86770118 0.00000000
    endloop
  endfacet
  facet normal 0.00000000 0.00000000 -1.00000000
    outer loop
      vertex 17.95986527 6.42976860 0.00000000
      vertex 18.20891958 6.86770118 0.00000000
      vertex 18.30793074 6.52197525 0.00000000
    endloop
  endfacet
  facet normal 0.96135312 0.27531833 0.00000000
    outer loop
      vertex 17.95986527 6.42976860 0.20000000
      vertex 17.86493019 6.76126174 0.00000000
      vertex 17.86493019 6.76126174 0.20000000
    endloop
  endfacet
  facet normal 0.96135312 0.27531833 0.00000000
    outer loop
      vertex 17.95986527 6.42976860 0.20000000
      vertex 17.95986527 6.42976860 0.00000000
      vertex 17.86493019 6.76126174 0.00000000
    endloop
  endfacet
  facet normal -0.96135312 -0.27531833 0.00000000
    outer loop
      vertex 18.30793074 6.52197525 0.20000000
      vertex 18.20891958 6.86770118 0.20000000
      vertex 18.20891958 6.86770118 0.00000000
    endloop
  endfacet
  facet normal -0.96135312 -0.27531833 -0.00000000
    outer loop
      vertex 18.30793074 6.52197525 0.20000000
      vertex 18.20891958 6.86770118 0.00000000
      vertex 18.30793074 6.52197525 0.00000000
    endloop
  endfacet
  facet normal 0.00000000 -0.00000000 1.00000000
    outer loop
      vertex 17.86493019 6.76126174 0.20000000
      vertex 18.09839417 7.19983816 0.20000000
      vertex 17.75935662 7.07851810 0.20000000
    endloop
  endfacet
  facet normal 0.00000000 0.00000000 1.00000000
    outer loop
      vertex 17.86493019 6.76126174 0.20000000
      vertex 18.20891958 6.86770118 0.20000000
      vertex 18.09839417 7.19983816 0.20000000
    endloop
  endfacet
  facet normal 0.00000000 0.00000000 -1.00000000
    outer loop
      vertex 17.86493019 6.76126174 0.00000000
      vertex 17.75935662 7.07851810 0.00000000
      vertex 18.09839417 7.19983816 0.00000000
    endloop
  endfacet
  facet normal 0.00000000 0.00000000 -1.00000000
    outer loop
      vertex 17.86493019 6.76126174 0.00000000
      vertex 18.09839417 7.19983816 0.00000000
      vertex 18.20891958 6.86770118 0.00000000
    endloop
  endfacet
  facet normal 0.94884337 0.31574714 0.00000000
    outer loop
      vertex 17.86493019 6.76126174 0.20000000
      vertex 17.75935662 7.07851810 0.00000000
      vertex 17.75935662 7.07851810 0.20000000
    endloop
  endfacet
  facet normal 0.94884337 0.31574714 0.00000000
    outer loop
      vertex 17.86493019 6.76126174 0.20000000
      vertex 17.86493019 6.76126174 0.00000000
      vertex 17.75935662 7.07851810 0.00000000
    endloop
  endfacet
  facet normal -0.94884337 -0.31574714 0.00000000
    outer loop
      vertex 18.20891958 6.86770118 0.20000000
      vertex 18.09839417 7.19983816 0.20000000
      vertex 18.09839417 7.19983816 0.00000000
    endloop
  endfacet
  facet normal -0.94884337 -0.31574714 -0.00000000
    outer loop
      vertex 18.20891958 6.86770118 0.20000000
      vertex 18.09839417 7.19983816 0.00000000
      vertex 18.20891958 6.86770118 0.00000000
    endloop
  endfacet
  facet normal 0.00000000 -0.00000000 1.00000000
    outer loop
      vertex 17.75935662 7.07851810 0.20000000
      vertex 17.97630186 7.51836105 0.20000000
      vertex 17.64319721 7.38156281 0.20000000
    endloop
  endfacet
  facet normal 0.00000000 0.00000000 1.00000000
    outer loop
      vertex 17.75935662 7.07851810 0.20000000
      vertex 18.09839417 7.19983816 0.20000000
      vertex 17.97630186 7.51836105 0.20000000
    endloop
  endfacet
  facet normal 0.00000000 0.00000000 -1.00000000
    outer loop
      vertex 17.75935662 7.07851810 0.00000000
      vertex 17.64319721 7.38156281 0.00000000
      vertex 17.97630186 7.51836105 0.00000000
    endloop
  endfacet
  facet normal 0.00000000 0.00000000 -1.00000000
    outer loop
      vertex 17.75935662 7.07851810 0.00000000
      vertex 17.97630186 7.51836105 0.00000000
      vertex 18.09839417 7.19983816 0.00000000
    endloop
  endfacet
  facet normal 0.93375408 0.35791523 0.00000000
    outer loop
      vertex 17.75935662 7.07851810 0.20000000
      vertex 17.64319721 7.38156281 0.00000000
      vertex 17.64319721 7.38156281 0.20000000
    endloop
  endfacet
  facet normal 0.93375408 0.35791523 0.00000000
    outer loop
      vertex 17.75935662 7.07851810 0.20000000
      vertex 17.75935662 7.07851810 0.00000000
      vertex 17.64319721 7.38156281 0.00000000
    endloop
  endfacet
  facet normal -0.93375408 -0.35791523 0.00000000
    outer loop
      vertex 18.09839417 7.19983816 0.20000000
      vertex 17.97630186 7.51836105 0.20000000
      vertex 17.97630186 7.51836105 0.00000000
    endloop
  endfacet
  facet normal -0.93375408 -0.35791523 -0.00000000
    outer loop
      vertex 18.09839417 7.19983816 0.20000000
      vertex 17.97630186 7.51836105 0.00000000
      vertex 18.09839417 7.19983816 0.00000000
    endloop
  endfacet
  facet normal 0.00000000 -0.00000000 1.00000000
    outer loop
      vertex 17.64319721 7.38156281 0.20000000
      vertex 17.84259085 7.82323227 0.20000000
      vertex 17.51650376 7.67043347 0.20000000
    endloop
  endfacet
  facet normal 0.00000000 0.00000000 1.00000000
    outer loop
      vertex 17.64319721 7.38156281 0.20000000
      vertex 17.97630186 7.51836105 0.20000000
      vertex 17.84259085 7.82323227 0.20000000
    endloop
  endfacet
  facet normal 0.00000000 0.00000000 -1.00000000
    outer loop
      vertex 17.64319721 7.38156281 0.00000000
      vertex 17.51650376 7.67043347 0.00000000
      vertex 17.84259085 7.82323227 0.00000000
    endloop
  endfacet
  facet normal 0.00000000 0.00000000 -1.00000000
    outer loop
      vertex 17.64319721 7.38156281 0.00000000
      vertex 17.84259085 7.82323227 0.00000000
      vertex 17.97630186 7.51836105 0.00000000
    endloop
  endfacet
  facet normal 0.91579311 0.40165031 0.00000000
    outer loop
      vertex 17.64319721 7.38156281 0.20000000
      vertex 17.51650376 7.67043347 0.00000000
      vertex 17.51650376 7.67043347 0.20000000
    endloop
  endfacet
  facet normal 0.91579311 0.40165031 0.00000000
    outer loop
      vertex 17.64319721 7.38156281 0.20000000
      vertex 17.64319721 7.38156281 0.00000000
      vertex 17.51650376 7.67043347 0.00000000
    endloop
  endfacet
  facet normal -0.91579311 -0.40165031 0.00000000
    outer loop
      vertex 17.97630186 7.51836105 0.20000000
      vertex 17.84259085 7.82323227 0.20000000
      vertex 17.84259085 7.82323227 0.00000000
    endloop
  endfacet
  facet normal -0.91579311 -0.40165031 -0.00000000
    outer loop
      vertex 17.97630186 7.51836105 0.20000000
      vertex 17.84259085 7.82323227 0.00000000
      vertex 17.97630186 7.51836105 0.00000000
    endloop
  endfacet
  facet normal 0.00000000 -0.00000000 1.00000000
    outer loop
      vertex 17.51650376 7.67043347 0.20000000
      vertex 17.69721308 8.11440032 0.20000000
      vertex 17.37932433 7.94518157 0.20000000
    endloop
  endfacet
  facet normal 0.00000000 0.00000000 1.00000000
    outer loop
      vertex 17.51650376 7.67043347 0.20000000
      vertex 17.84259085 7.82323227 0.20000000
      vertex 17.69721308 8.11440032 0.20000000
    endloop
  endfacet
  facet normal 0.00000000 0.00000000 -1.00000000
    outer loop
      vertex 17.51650376 7.67043347 0.00000000
      vertex 17.37932433 7.94518157 0.00000000
      vertex 17.69721308 8.11440032 0.00000000
    endloop
  endfacet
  facet normal 0.00000000 0.00000000 -1.00000000
    outer loop
      vertex 17.51650376 7.67043347 0.00000000
      vertex 17.69721308 8.11440032 0.00000000
      vertex 17.84259085 7.82323227 0.00000000
    endloop
  endfacet
  facet normal 0.89468055 0.44670652 0.00000000
    outer loop
      vertex 17.51650376 7.67043347 0.20000000
      vertex 17.37932433 7.94518157 0.00000000
      vertex 17.37932433 7.94518157 0.20000000
    endloop
  endfacet
  facet normal 0.89468055 0.44670652 0.00000000
    outer loop
      vertex 17.51650376 7.67043347 0.20000000
      vertex 17.51650376 7.67043347 0.00000000
      vertex 17.37932433 7.94518157 0.00000000
    endloop
  endfacet
  facet normal -0.89468055 -0.44670652 0.00000000
    outer loop
      vertex 17.84259085 7.82323227 0.20000000
      vertex 17.69721308 8.11440032 0.20000000
      vertex 17.69721308 8.11440032 0.00000000
    endloop
  endfacet
  facet normal -0.89468055 -0.44670652 -0.00000000
    outer loop
      vertex 17.84259085 7.82323227 0.20000000
      vertex 17.69721308 8.11440032 0.00000000
      vertex 17.84259085 7.82323227 0.00000000
    endloop
  endfacet
  facet normal 0.00000000 -0.00000000 1.00000000
    outer loop
      vertex 17.37932433 7.94518157 0.20000000
      vertex 17.54012769 8.39179903 0.20000000
      vertex 17.23169978 8.20587328 0.20000000
    endloop
  endfacet
  facet normal 0.00000000 0.00000000 1.00000000
    outer loop
      vertex 17.37932433 7.94518157 0.20000000
      vertex 17.69721308 8.11440032 0.20000000
      vertex 17.54012769 8.39179903 0.20000000
    endloop
  endfacet
  facet normal 0.00000000 0.00000000 -1.00000000
    outer loop
      vertex 17.37932433 7.94518157 0.00000000
      vertex 17.23169978 8.20587328 0.00000000
      vertex 17.54012769 8.39179903 0.00000000
    endloop
  endfacet
  facet normal 0.00000000 0.00000000 -1.00000000
    outer loop
      vertex 17.37932433 7.94518157 0.00000000
      vertex 17.54012769 8.39179903 0.00000000
      vertex 17.69721308 8.11440032 0.00000000
    endloop
  endfacet
  facet normal 0.87016640 0.49275799 0.00000000
    outer loop
      vertex 17.37932433 7.94518157 0.20000000
      vertex 17.23169978 8.20587328 0.00000000
      vertex 17.23169978 8.20587328 0.20000000
    endloop
  endfacet
  facet normal 0.87016640 0.49275799 0.00000000
    outer loop
      vertex 17.37932433 7.94518157 0.20000000
      vertex 17.37932433 7.94518157 0.00000000
      vertex 17.23169978 8.20587328 0.00000000
    endloop
  endfacet
  facet normal -0.87016640 -0.49275799 0.00000000
    outer loop
      vertex 17.69721308 8.11440032 0.20000000
      vertex 17.54012769 8.39179903 0.20000000
      vertex 17.54012769 8.39179903 0.00000000
    endloop
  endfacet
  facet normal -0.87016640 -0.49275799 -0.00000000
    outer loop
      vertex 17.69721308 8.11440032 0.20000000
      vertex 17.54012769 8.39179903 0.00000000
      vertex 17.69721308 8.11440032 0.00000000
    endloop
  endfacet
  facet normal 0.00000000 -0.00000000 1.00000000
    outer loop
      vertex 17.23169978 8.20587328 0.20000000
      vertex 17.37130502 8.65534777 0.20000000
      vertex 17.07365977 8.45258924 0.20000000
    endloop
  endfacet
  facet normal 0.00000000 0.00000000 1.00000000
    outer loop
      vertex 17.23169978 8.20587328 0.20000000
      vertex 17.54012769 8.39179903 0.20000000
      vertex 17.37130502 8.65534777 0.20000000
    endloop
  endfacet
  facet normal 0.00000000 0.00000000 -1.00000000
    outer loop
      vertex 17.23169978 8.20587328 0.00000000
      vertex 17.07365977 8.45258924 0.00000000
      vertex 17.37130502 8.65534777 0.00000000
    endloop
  endfacet
  facet normal 0.00000000 0.00000000 -1.00000000
    outer loop
      vertex 17.23169978 8.20587328 0.00000000
      vertex 17.37130502 8.65534777 0.00000000
      vertex 17.54012769 8.39179903 0.00000000
    endloop
  endfacet
  facet normal 0.84205159 0.53939699 0.00000000
    outer loop
      vertex 17.23169978 8.20587328 0.20000000
      vertex 17.07365977 8.45258924 0.00000000
      vertex 17.07365977 8.45258924 0.20000000
    endloop
  endfacet
  facet normal 0.84205159 0.53939699 0.00000000
    outer loop
      vertex 17.23169978 8.20587328 0.20000000
      vertex 17.23169978 8.20587328 0.00000000
      vertex 17.07365977 8.45258924 0.00000000
    endloop
  endfacet
  facet normal -0.84205159 -0.53939699 0.00000000
    outer loop
      vertex 17.54012769 8.39179903 0.20000000
      vertex 17.37130502 8.65534777 0.20000000
      vertex 17.37130502 8.65534777 0.00000000
    endloop
  endfacet
  facet normal -0.84205159 -0.53939699 -0.00000000
    outer loop
      vertex 17.54012769 8.39179903 0.20000000
      vertex 17.37130502 8.65534777 0.00000000
      vertex 17.54012769 8.39179903 0.00000000
    endloop
  endfacet
  facet normal 0.00000000 -0.00000000 1.00000000
    outer loop
      vertex 17.07365977 8.45258924 0.20000000
      vertex 17.19073072 8.90495301 0.20000000
      vertex 16.90521865 8.68542296 0.20000000
    endloop
  endfacet
  facet normal 0.00000000 0.00000000 1.00000000
    outer loop
      vertex 17.07365977 8.45258924 0.20000000
      vertex 17.37130502 8.65534777 0.20000000
      vertex 17.19073072 8.90495301 0.20000000
    endloop
  endfacet
  facet normal 0.00000000 0.00000000 -1.00000000
    outer loop
      vertex 17.07365977 8.45258924 0.00000000
      vertex 16.90521865 8.68542296 0.00000000
      vertex 17.19073072 8.90495301 0.00000000
    endloop
  endfacet
  facet normal 0.00000000 0.00000000 -1.00000000
    outer loop
      vertex 17.07365977 8.45258924 0.00000000
      vertex 17.19073072 8.90495301 0.00000000
      vertex 17.37130502 8.65534777 0.00000000
    endloop
  endfacet
  facet normal 0.81021084 0.58613855 0.00000000
    outer loop
      vertex 17.07365977 8.45258924 0.20000000
      vertex 16.90521865 8.68542296 0.00000000
      vertex 16.90521865 8.68542296 0.20000000
    endloop
  endfacet
  facet normal 0.81021084 0.58613855 0.00000000
    outer loop
      vertex 17.07365977 8.45258924 0.20000000
      vertex 17.07365977 8.45258924 0.00000000
      vertex 16.90521865 8.68542296 0.00000000
    endloop
  endfacet
  facet normal -0.81021084 -0.58613855 0.00000000
    outer loop
      vertex 17.37130502 8.65534777 0.20000000
      vertex 17.19073072 8.90495301 0.20000000
      vertex 17.19073072 8.90495301 0.00000000
    endloop
  endfacet
  facet normal -0.81021084 -0.58613855 -0.00000000
    outer loop
      vertex 17.37130502 8.65534777 0.20000000
      vertex 17.19073072 8.90495301 0.00000000
      vertex 17.37130502 8.65534777 0.00000000
    endloop
  endfacet
  facet normal 0.00000000 -0.00000000 1.00000000
    outer loop
      vertex 16.90521865 8.68542296 0.20000000
      vertex 16.99840953 9.14051136 0.20000000
      vertex 16.72637168 8.90447785 0.20000000
    endloop
  endfacet
  facet normal 0.00000000 0.00000000 1.00000000
    outer loop
      vertex 16.90521865 8.68542296 0.20000000
      vertex 17.19073072 8.90495301 0.20000000
      vertex 16.99840953 9.14051136 0.20000000
    endloop
  endfacet
  facet normal 0.00000000 0.00000000 -1.00000000
    outer loop
      vertex 16.90521865 8.68542296 0.00000000
      vertex 16.72637168 8.90447785 0.00000000
      vertex 16.99840953 9.14051136 0.00000000
    endloop
  endfacet
  facet normal 0.00000000 0.00000000 -1.00000000
    outer loop
      vertex 16.90521865 8.68542296 0.00000000
      vertex 16.99840953 9.14051136 0.00000000
      vertex 17.19073072 8.90495301 0.00000000
    endloop
  endfacet
  facet normal 0.77461503 0.63243305 0.00000000
    outer loop
      vertex 16.90521865 8.68542296 0.20000000
      vertex 16.72637168 8.90447785 0.00000000
      vertex 16.72637168 8.90447785 0.20000000
    endloop
  endfacet
  facet normal 0.77461503 0.63243305 0.00000000
    outer loop
      vertex 16.90521865 8.68542296 0.20000000
      vertex 16.90521865 8.68542296 0.00000000
      vertex 16.72637168 8.90447785 0.00000000
    endloop
  endfacet
  facet normal -0.77461503 -0.63243305 0.00000000
    outer loop
      vertex 17.19073072 8.90495301 0.20000000
      vertex 16.99840953 9.14051136 0.20000000
      vertex 16.99840953 9.14051136 0.00000000
    endloop
  endfacet
  facet normal -0.77461503 -0.63243305 -0.00000000
    outer loop
      vertex 17.19073072 8.90495301 0.20000000
      vertex 16.99840953 9.14051136 0.00000000
      vertex 17.19073072 8.90495301 0.00000000
    endloop
  endfacet
  facet normal 0.00000000 -0.00000000 1.00000000
    outer loop
      vertex 16.72637168 8.90447785 0.20000000
      vertex 16.79436808 9.36191415 0.20000000
      vertex 16.53709223 9.10986257 0.20000000
    endloop
  endfacet
  facet normal 0.00000000 0.00000000 1.00000000
    outer loop
      vertex 16.72637168 8.90447785 0.20000000
      vertex 16.99840953 9.14051136 0.20000000
      vertex 16.79436808 9.36191415 0.20000000
    endloop
  endfacet
  facet normal 0.00000000 0.00000000 -1.00000000
    outer loop
      vertex 16.72637168 8.90447785 0.00000000
      vertex 16.53709223 9.10986257 0.00000000
      vertex 16.79436808 9.36191415 0.00000000
    endloop
  endfacet
  facet normal 0.00000000 0.00000000 -1.00000000
    outer loop
      vertex 16.72637168 8.90447785 0.00000000
      vertex 16.79436808 9.36191415 0.00000000
      vertex 16.99840953 9.14051136 0.00000000
    endloop
  endfacet
  facet normal 0.73535005 0.67768746 0.00000000
    outer loop
      vertex 16.72637168 8.90447785 0.20000000
      vertex 16.53709223 9.10986257 0.00000000
      vertex 16.53709223 9.10986257 0.20000000
    endloop
  endfacet
  facet normal 0.73535005 0.67768746 0.00000000
    outer loop
      vertex 16.72637168 8.90447785 0.20000000
      vertex 16.72637168 8.90447785 0.00000000
      vertex 16.53709223 9.10986257 0.00000000
    endloop
  endfacet
  facet normal -0.73535005 -0.67768746 0.00000000
    outer loop
      vertex 16.99840953 9.14051136 0.20000000
      vertex 16.79436808 9.36191415 0.20000000
      vertex 16.79436808 9.36191415 0.00000000
    endloop
  endfacet
  facet normal -0.73535005 -0.67768746 -0.00000000
    outer loop
      vertex 16.99840953 9.14051136 0.20000000
      vertex 16.79436808 9.36191415 0.00000000
      vertex 16.99840953 9.14051136 0.00000000
    endloop
  endfacet
  facet normal 0.00000000 -0.00000000 1.00000000
    outer loop
      vertex 16.53709223 9.10986257 0.20000000
      vertex 16.57865617 9.56905318 0.20000000
      vertex 16.33733050 9.30168532 0.20000000
    endloop
  endfacet
  facet normal 0.00000000 0.00000000 1.00000000
    outer loop
      vertex 16.53709223 9.10986257 0.20000000
      vertex 16.79436808 9.36191415 0.20000000
      vertex 16.57865617 9.56905318 0.20000000
    endloop
  endfacet
  facet normal 0.00000000 0.00000000 -1.00000000
    outer loop
      vertex 16.53709223 9.10986257 0.00000000
      vertex 16.33733050 9.30168532 0.00000000
      vertex 16.57865617 9.56905318 0.00000000
    endloop
  endfacet
  facet normal 0.00000000 0.00000000 -1.00000000
    outer loop
      vertex 16.53709223 9.10986257 0.00000000
      vertex 16.57865617 9.56905318 0.00000000
      vertex 16.79436808 9.36191415 0.00000000
    endloop
  endfacet
  facet normal 0.69262857 0.72129444 0.00000000
    outer loop
      vertex 16.53709223 9.10986257 0.20000000
      vertex 16.33733050 9.30168532 0.00000000
      vertex 16.33733050 9.30168532 0.20000000
    endloop
  endfacet
  facet normal 0.69262857 0.72129444 0.00000000
    outer loop
      vertex 16.53709223 9.10986257 0.20000000
      vertex 16.53709223 9.10986257 0.00000000
      vertex 16.33733050 9.30168532 0.00000000
    endloop
  endfacet
  facet normal -0.69262857 -0.72129444 0.00000000
    outer loop
      vertex 16.79436808 9.36191415 0.20000000
      vertex 16.57865617 9.56905318 0.20000000
      vertex 16.57865617 9.56905318 0.00000000
    endloop
  endfacet
  facet normal -0.69262857 -0.72129444 -0.00000000
    outer loop
      vertex 16.79436808 9.36191415 0.20000000
      vertex 16.57865617 9.56905318 0.00000000
      vertex 16.79436808 9.36191415 0.00000000
    endloop
  endfacet
  facet normal 0.00000000 -0.00000000 1.00000000
    outer loop
      vertex 16.33733050 9.30168532 0.20000000
      vertex 16.35134603 9.76182718 0.20000000
      vertex 16.12701426 9.48004737 0.20000000
    endloop
  endfacet
  facet normal 0.00000000 0.00000000 1.00000000
    outer loop
      vertex 16.33733050 9.30168532 0.20000000
      vertex 16.57865617 9.56905318 0.20000000
      vertex 16.35134603 9.76182718 0.20000000
    endloop
  endfacet
  facet normal 0.00000000 0.00000000 -1.00000000
    outer loop
      vertex 16.33733050 9.30168532 0.00000000
      vertex 16.12701426 9.48004737 0.00000000
      vertex 16.35134603 9.76182718 0.00000000
    endloop
  endfacet
  facet normal 0.00000000 0.00000000 -1.00000000
    outer loop
      vertex 16.33733050 9.30168532 0.00000000
      vertex 16.35134603 9.76182718 0.00000000
      vertex 16.57865617 9.56905318 0.00000000
    endloop
  endfacet
  facet normal 0.64679170 0.76266670 0.00000000
    outer loop
      vertex 16.33733050 9.30168532 0.20000000
      vertex 16.12701426 9.48004737 0.00000000
      vertex 16.12701426 9.48004737 0.20000000
    endloop
  endfacet
  facet normal 0.64679170 0.76266670 0.00000000
    outer loop
      vertex 16.33733050 9.30168532 0.20000000
      vertex 16.33733050 9.30168532 0.00000000
      vertex 16.12701426 9.48004737 0.00000000
    endloop
  endfacet
  facet normal -0.64679170 -0.76266670 0.00000000
    outer loop
      vertex 16.57865617 9.56905318 0.20000000
      vertex 16.35134603 9.76182718 0.20000000
      vertex 16.35134603 9.76182718 0.00000000
    endloop
  endfacet
  facet normal -0.64679170 -0.76266670 -0.00000000
    outer loop
      vertex 16.57865617 9.56905318 0.20000000
      vertex 16.35134603 9.76182718 0.00000000
      vertex 16.57865617 9.56905318 0.00000000
    endloop
  endfacet
  facet normal 0.00000000 0.00000000 1.00000000
    outer loop
      vertex 16.12701426 9.48004737 0.20000000
      vertex 16.11252940 9.94014806 0.20000000
      vertex 15.90605177 9.64503682 0.20000000
    endloop
  endfacet
  facet normal 0.00000000 -0.00000000 1.00000000
    outer loop
      vertex 16.12701426 9.48004737 0.20000000
      vertex 16.35134603 9.76182718 0.20000000
      vertex 16.11252940 9.94014806 0.20000000
    endloop
  endfacet
  facet normal 0.00000000 0.00000000 -1.00000000
    outer loop
      vertex 16.12701426 9.48004737 0.00000000
      vertex 15.90605177 9.64503682 0.00000000
      vertex 16.11252940 9.94014806 0.00000000
    endloop
  endfacet
  facet normal 0.00000000 0.00000000 -1.00000000
    outer loop
      vertex 16.12701426 9.48004737 0.00000000
      vertex 16.11252940 9.94014806 0.00000000
      vertex 16.35134603 9.76182718 0.00000000
    endloop
  endfacet
  facet normal 0.59829884 0.80127305 0.00000000
    outer loop
      vertex 16.12701426 9.48004737 0.20000000
      vertex 15.90605177 9.64503682 0.00000000
      vertex 15.90605177 9.64503682 0.20000000
    endloop
  endfacet
  facet normal 0.59829884 0.80127305 0.00000000
    outer loop
      vertex 16.12701426 9.48004737 0.20000000
      vertex 16.12701426 9.48004737 0.00000000
      vertex 15.90605177 9.64503682 0.00000000
    endloop
  endfacet
  facet normal -0.59829884 -0.80127305 0.00000000
    outer loop
      vertex 16.35134603 9.76182718 0.20000000
      vertex 16.11252940 9.94014806 0.20000000
      vertex 16.11252940 9.94014806 0.00000000
    endloop
  endfacet
  facet normal -0.59829884 -0.80127305 -0.00000000
    outer loop
      vertex 16.35134603 9.76182718 0.20000000
      vertex 16.11252940 9.94014806 0.00000000
      vertex 16.35134603 9.76182718 0.00000000
    endloop
  endfacet
  facet normal 0.00000000 0.00000000 1.00000000
    outer loop
      vertex 15.90605177 9.64503682 0.20000000
      vertex 15.86231270 10.10394614 0.20000000
      vertex 15.67433661 9.79672334 0.20000000
    endloop
  endfacet
  facet normal 0.00000000 -0.00000000 1.00000000
    outer loop
      vertex 15.90605177 9.64503682 0.20000000
      vertex 16.11252940 9.94014806 0.20000000
      vertex 15.86231270 10.10394614 0.20000000
    endloop
  endfacet
  facet normal 0.00000000 0.00000000 -1.00000000
    outer loop
      vertex 15.90605177 9.64503682 0.00000000
      vertex 15.67433661 9.79672334 0.00000000
      vertex 15.86231270 10.10394614 0.00000000
    endloop
  endfacet
  facet normal 0.00000000 0.00000000 -1.00000000
    outer loop
      vertex 15.90605177 9.64503682 0.00000000
      vertex 15.86231270 10.10394614 0.00000000
      vertex 16.11252940 9.94014806 0.00000000
    endloop
  endfacet
  facet normal 0.54770571 0.83667106 0.00000000
    outer loop
      vertex 15.90605177 9.64503682 0.20000000
      vertex 15.67433661 9.79672334 0.00000000
      vertex 15.67433661 9.79672334 0.20000000
    endloop
  endfacet
  facet normal 0.54770571 0.83667106 0.00000000
    outer loop
      vertex 15.90605177 9.64503682 0.20000000
      vertex 15.90605177 9.64503682 0.00000000
      vertex 15.67433661 9.79672334 0.00000000
    endloop
  endfacet
  facet normal -0.54770571 -0.83667106 0.00000000
    outer loop
      vertex 16.11252940 9.94014806 0.20000000
      vertex 15.86231270 10.10394614 0.20000000
      vertex 15.86231270 10.10394614 0.00000000
    endloop
  endfacet
  facet normal -0.54770571 -0.83667106 -0.00000000
    outer loop
      vertex 16.11252940 9.94014806 0.20000000
      vertex 15.86231270 10.10394614 0.00000000
      vertex 16.11252940 9.94014806 0.00000000
    endloop
  endfacet
  facet normal 0.00000000 0.00000000 1.00000000
    outer loop
      vertex 15.67433661 9.79672334 0.20000000
      vertex 15.60081083 10.25317373 0.20000000
      vertex 15.43175388 9.93515461 0.20000000
    endloop
  endfacet
  facet normal 0.00000000 -0.00000000 1.00000000
    outer loop
      vertex 15.67433661 9.79672334 0.20000000
      vertex 15.86231270 10.10394614 0.20000000
      vertex 15.60081083 10.25317373 0.20000000
    endloop
  endfacet
  facet normal 0.00000000 0.00000000 -1.00000000
    outer loop
      vertex 15.67433661 9.79672334 0.00000000
      vertex 15.43175388 9.93515461 0.00000000
      vertex 15.60081083 10.25317373 0.00000000
    endloop
  endfacet
  facet normal 0.00000000 0.00000000 -1.00000000
    outer loop
      vertex 15.67433661 9.79672334 0.00000000
      vertex 15.60081083 10.25317373 0.00000000
      vertex 15.86231270 10.10394614 0.00000000
    endloop
  endfacet
  facet normal 0.49563298 0.86853207 0.00000000
    outer loop
      vertex 15.67433661 9.79672334 0.20000000
      vertex 15.43175388 9.93515461 0.00000000
      vertex 15.43175388 9.93515461 0.20000000
    endloop
  endfacet
  facet normal 0.49563298 0.86853207 0.00000000
    outer loop
      vertex 15.67433661 9.79672334 0.20000000
      vertex 15.67433661 9.79672334 0.00000000
      vertex 15.43175388 9.93515461 0.00000000
    endloop
  endfacet
  facet normal -0.49563298 -0.86853207 0.00000000
    outer loop
      vertex 15.86231270 10.10394614 0.20000000
      vertex 15.60081083 10.25317373 0.20000000
      vertex 15.60081083 10.25317373 0.00000000
    endloop
  endfacet
  facet normal -0.49563298 -0.86853207 -0.00000000
    outer loop
      vertex 15.86231270 10.10394614 0.20000000
      vertex 15.60081083 10.25317373 0.00000000
      vertex 15.86231270 10.10394614 0.00000000
    endloop
  endfacet
  facet normal 0.00000000 0.00000000 1.00000000
    outer loop
      vertex 15.43175388 9.93515461 0.20000000
      vertex 15.32814037 10.38780656 0.20000000
      vertex 15.17818700 10.06035493 0.20000000
    endloop
  endfacet
  facet normal 0.00000000 -0.00000000 1.00000000
    outer loop
      vertex 15.43175388 9.93515461 0.20000000
      vertex 15.60081083 10.25317373 0.20000000
      vertex 15.32814037 10.38780656 0.20000000
    endloop
  endfacet
  facet normal 0.00000000 0.00000000 -1.00000000
    outer loop
      vertex 15.43175388 9.93515461 0.00000000
      vertex 15.17818700 10.06035493 0.00000000
      vertex 15.32814037 10.38780656 0.00000000
    endloop
  endfacet
  facet normal 0.00000000 0.00000000 -1.00000000
    outer loop
      vertex 15.43175388 9.93515461 0.00000000
      vertex 15.32814037 10.38780656 0.00000000
      vertex 15.60081083 10.25317373 0.00000000
    endloop
  endfacet
  facet normal 0.44272942 0.89665526 0.00000000
    outer loop
      vertex 15.43175388 9.93515461 0.20000000
      vertex 15.17818700 10.06035493 0.00000000
      vertex 15.17818700 10.06035493 0.20000000
    endloop
  endfacet
  facet normal 0.44272942 0.89665526 0.00000000
    outer loop
      vertex 15.43175388 9.93515461 0.20000000
      vertex 15.43175388 9.93515461 0.00000000
      vertex 15.17818700 10.06035493 0.00000000
    endloop
  endfacet
  facet normal -0.44272942 -0.89665526 0.00000000
    outer loop
      vertex 15.60081083 10.25317373 0.20000000
      vertex 15.32814037 10.38780656 0.20000000
      vertex 15.32814037 10.38780656 0.00000000
    endloop
  endfacet
  facet normal -0.44272942 -0.89665526 -0.00000000
    outer loop
      vertex 15.60081083 10.25317373 0.20000000
      vertex 15.32814037 10.38780656 0.00000000
      vertex 15.60081083 10.25317373 0.00000000
    endloop
  endfacet
  facet normal 0.00000000 0.00000000 1.00000000
    outer loop
      vertex 15.17818700 10.06035493 0.20000000
      vertex 15.04441321 10.50784302 0.20000000
      vertex 14.91352408 10.17232588 0.20000000
    endloop
  endfacet
  facet normal 0.00000000 -0.00000000 1.00000000
    outer loop
      vertex 15.17818700 10.06035493 0.20000000
      vertex 15.32814037 10.38780656 0.20000000
      vertex 15.04441321 10.50784302 0.20000000
    endloop
  endfacet
  facet normal 0.00000000 0.00000000 -1.00000000
    outer loop
      vertex 15.17818700 10.06035493 0.00000000
      vertex 14.91352408 10.17232588 0.00000000
      vertex 15.04441321 10.50784302 0.00000000
    endloop
  endfacet
  facet normal 0.00000000 0.00000000 -1.00000000
    outer loop
      vertex 15.17818700 10.06035493 0.00000000
      vertex 15.04441321 10.50784302 0.00000000
      vertex 15.32814037 10.38780656 0.00000000
    endloop
  endfacet
  facet normal 0.38963461 0.92096953 0.00000000
    outer loop
      vertex 15.17818700 10.06035493 0.20000000
      vertex 14.91352408 10.17232588 0.00000000
      vertex 14.91352408 10.17232588 0.20000000
    endloop
  endfacet
  facet normal 0.38963461 0.92096953 0.00000000
    outer loop
      vertex 15.17818700 10.06035493 0.20000000
      vertex 15.17818700 10.06035493 0.00000000
      vertex 14.91352408 10.17232588 0.00000000
    endloop
  endfacet
  facet normal -0.38963461 -0.92096953 0.00000000
    outer loop
      vertex 15.32814037 10.38780656 0.20000000
      vertex 15.04441321 10.50784302 0.20000000
      vertex 15.04441321 10.50784302 0.00000000
    endloop
  endfacet
  facet normal -0.38963461 -0.92096953 -0.00000000
    outer loop
      vertex 15.32814037 10.38780656 0.20000000
      vertex 15.04441321 10.50784302 0.00000000
      vertex 15.32814037 10.38780656 0.00000000
    endloop
  endfacet
  facet normal 0.00000000 0.00000000 1.00000000
    outer loop
      vertex 14.91352408 10.17232588 0.20000000
      vertex 14.74973116 10.61330167 0.20000000
      vertex 14.63766330 10.27104891 0.20000000
    endloop
  endfacet
  facet normal 0.00000000 -0.00000000 1.00000000
    outer loop
      vertex 14.91352408 10.17232588 0.20000000
      vertex 15.04441321 10.50784302 0.20000000
      vertex 14.74973116 10.61330167 0.20000000
    endloop
  endfacet
  facet normal 0.00000000 0.00000000 -1.00000000
    outer loop
      vertex 14.91352408 10.17232588 0.00000000
      vertex 14.63766330 10.27104891 0.00000000
      vertex 14.74973116 10.61330167 0.00000000
    endloop
  endfacet
  facet normal 0.00000000 0.00000000 -1.00000000
    outer loop
      vertex 14.91352408 10.17232588 0.00000000
      vertex 14.74973116 10.61330167 0.00000000
      vertex 15.04441321 10.50784302 0.00000000
    endloop
  endfacet
  facet normal 0.33694574 0.94152407 0.00000000
    outer loop
      vertex 14.91352408 10.17232588 0.20000000
      vertex 14.63766330 10.27104891 0.00000000
      vertex 14.63766330 10.27104891 0.20000000
    endloop
  endfacet
  facet normal 0.33694574 0.94152407 0.00000000
    outer loop
      vertex 14.91352408 10.17232588 0.20000000
      vertex 14.91352408 10.17232588 0.00000000
      vertex 14.63766330 10.27104891 0.00000000
    endloop
  endfacet
  facet normal -0.33694574 -0.94152407 0.00000000
    outer loop
      vertex 15.04441321 10.50784302 0.20000000
      vertex 14.74973116 10.61330167 0.20000000
      vertex 14.74973116 10.61330167 0.00000000
    endloop
  endfacet
  facet normal -0.33694574 -0.94152407 -0.00000000
    outer loop
      vertex 15.04441321 10.50784302 0.20000000
      vertex 14.74973116 10.61330167 0.00000000
      vertex 15.04441321 10.50784302 0.00000000
    endloop
  endfacet
  facet normal 0.00000000 0.00000000 1.00000000
    outer loop
      vertex 14.63766330 10.27104891 0.20000000
      vertex 14.44418218 10.70421746 0.20000000
      vertex 14.35051673 10.35648908 0.20000000
    endloop
  endfacet
  facet normal 0.00000000 -0.00000000 1.00000000
    outer loop
      vertex 14.63766330 10.27104891 0.20000000
      vertex 14.74973116 10.61330167 0.20000000
      vertex 14.44418218 10.70421746 0.20000000
    endloop
  endfacet
  facet normal 0.00000000 0.00000000 -1.00000000
    outer loop
      vertex 14.63766330 10.27104891 0.00000000
      vertex 14.35051673 10.35648908 0.00000000
      vertex 14.44418218 10.70421746 0.00000000
    endloop
  endfacet
  facet normal 0.00000000 0.00000000 -1.00000000
    outer loop
      vertex 14.63766330 10.27104891 0.00000000
      vertex 14.44418218 10.70421746 0.00000000
      vertex 14.74973116 10.61330167 0.00000000
    endloop
  endfacet
  facet normal 0.28519190 0.95847044 0.00000000
    outer loop
      vertex 14.63766330 10.27104891 0.20000000
      vertex 14.35051673 10.35648908 0.00000000
      vertex 14.35051673 10.35648908 0.20000000
    endloop
  endfacet
  facet normal 0.28519190 0.95847044 0.00000000
    outer loop
      vertex 14.63766330 10.27104891 0.20000000
      vertex 14.63766330 10.27104891 0.00000000
      vertex 14.35051673 10.35648908 0.00000000
    endloop
  endfacet
  facet normal -0.28519190 -0.95847044 0.00000000
    outer loop
      vertex 14.74973116 10.61330167 0.20000000
      vertex 14.44418218 10.70421746 0.20000000
      vertex 14.44418218 10.70421746 0.00000000
    endloop
  endfacet
  facet normal -0.28519190 -0.95847044 -0.00000000
    outer loop
      vertex 14.74973116 10.61330167 0.20000000
      vertex 14.44418218 10.70421746 0.00000000
      vertex 14.74973116 10.61330167 0.00000000
    endloop
  endfacet
  facet normal 0.00000000 0.00000000 1.00000000
    outer loop
      vertex 14.35051673 10.35648908 0.20000000
      vertex 14.12783818 10.78063736 0.20000000
      vertex 14.05201243 10.42859941 0.20000000
    endloop
  endfacet
  facet normal 0.00000000 -0.00000000 1.00000000
    outer loop
      vertex 14.35051673 10.35648908 0.20000000
      vertex 14.44418218 10.70421746 0.20000000
      vertex 14.12783818 10.78063736 0.20000000
    endloop
  endfacet
  facet normal 0.00000000 0.00000000 -1.00000000
    outer loop
      vertex 14.35051673 10.35648908 0.00000000
      vertex 14.05201243 10.42859941 0.00000000
      vertex 14.12783818 10.78063736 0.00000000
    endloop
  endfacet
  facet normal 0.00000000 0.00000000 -1.00000000
    outer loop
      vertex 14.35051673 10.35648908 0.00000000
      vertex 14.12783818 10.78063736 0.00000000
      vertex 14.44418218 10.70421746 0.00000000
    endloop
  endfacet
  facet normal 0.23481766 0.97203944 0.00000000
    outer loop
      vertex 14.35051673 10.35648908 0.20000000
      vertex 14.05201243 10.42859941 0.00000000
      vertex 14.05201243 10.42859941 0.20000000
    endloop
  endfacet
  facet normal 0.23481766 0.97203944 0.00000000
    outer loop
      vertex 14.35051673 10.35648908 0.20000000
      vertex 14.35051673 10.35648908 0.00000000
      vertex 14.05201243 10.42859941 0.00000000
    endloop
  endfacet
  facet normal -0.23481766 -0.97203944 0.00000000
    outer loop
      vertex 14.44418218 10.70421746 0.20000000
      vertex 14.12783818 10.78063736 0.20000000
      vertex 14.12783818 10.78063736 0.00000000
    endloop
  endfacet
  facet normal -0.23481766 -0.97203944 -0.00000000
    outer loop
      vertex 14.44418218 10.70421746 0.20000000
      vertex 14.12783818 10.78063736 0.00000000
      vertex 14.44418218 10.70421746 0.00000000
    endloop
  endfacet
  facet normal 0.00000000 0.00000000 1.00000000
    outer loop
      vertex 14.05201243 10.42859941 0.20000000
      vertex 13.80075449 10.84261602 0.20000000
      vertex 13.74209508 10.48732524 0.20000000
    endloop
  endfacet
  facet normal 0.00000000 -0.00000000 1.00000000
    outer loop
      vertex 14.05201243 10.42859941 0.20000000
      vertex 14.12783818 10.78063736 0.20000000
      vertex 13.80075449 10.84261602 0.20000000
    endloop
  endfacet
  facet normal 0.00000000 0.00000000 -1.00000000
    outer loop
      vertex 14.05201243 10.42859941 0.00000000
      vertex 13.74209508 10.48732524 0.00000000
      vertex 13.80075449 10.84261602 0.00000000
    endloop
  endfacet
  facet normal 0.00000000 0.00000000 -1.00000000
    outer loop
      vertex 14.05201243 10.42859941 0.00000000
      vertex 13.80075449 10.84261602 0.00000000
      vertex 14.12783818 10.78063736 0.00000000
    endloop
  endfacet
  facet normal 0.18617577 0.98251645 0.00000000
    outer loop
      vertex 14.05201243 10.42859941 0.20000000
      vertex 13.74209508 10.48732524 0.00000000
      vertex 13.74209508 10.48732524 0.20000000
    endloop
  endfacet
  facet normal 0.18617577 0.98251645 0.00000000
    outer loop
      vertex 14.05201243 10.42859941 0.20000000
      vertex 14.05201243 10.42859941 0.00000000
      vertex 13.74209508 10.48732524 0.00000000
    endloop
  endfacet
  facet normal -0.18617577 -0.98251645 0.00000000
    outer loop
      vertex 14.12783818 10.78063736 0.20000000
      vertex 13.80075449 10.84261602 0.20000000
      vertex 13.80075449 10.84261602 0.00000000
    endloop
  endfacet
  facet normal -0.18617577 -0.98251645 -0.00000000
    outer loop
      vertex 14.12783818 10.78063736 0.20000000
      vertex 13.80075449 10.84261602 0.00000000
      vertex 14.12783818 10.78063736 0.00000000
    endloop
  endfacet
  facet normal 0.00000000 0.00000000 1.00000000
    outer loop
      vertex 13.74209508 10.48732524 0.20000000
      vertex 13.46297053 10.89021184 0.20000000
      vertex 13.42072526 10.53260820 0.20000000
    endloop
  endfacet
  facet normal 0.00000000 -0.00000000 1.00000000
    outer loop
      vertex 13.74209508 10.48732524 0.20000000
      vertex 13.80075449 10.84261602 0.20000000
      vertex 13.46297053 10.89021184 0.20000000
    endloop
  endfacet
  facet normal 0.00000000 0.00000000 -1.00000000
    outer loop
      vertex 13.74209508 10.48732524 0.00000000
      vertex 13.42072526 10.53260820 0.00000000
      vertex 13.46297053 10.89021184 0.00000000
    endloop
  endfacet
  facet normal 0.00000000 0.00000000 -1.00000000
    outer loop
      vertex 13.74209508 10.48732524 0.00000000
      vertex 13.46297053 10.89021184 0.00000000
      vertex 13.80075449 10.84261602 0.00000000
    endloop
  endfacet
  facet normal 0.13952775 0.99021816 0.00000000
    outer loop
      vertex 13.74209508 10.48732524 0.20000000
      vertex 13.42072526 10.53260820 0.00000000
      vertex 13.42072526 10.53260820 0.20000000
    endloop
  endfacet
  facet normal 0.13952775 0.99021816 0.00000000
    outer loop
      vertex 13.74209508 10.48732524 0.20000000
      vertex 13.74209508 10.48732524 0.00000000
      vertex 13.42072526 10.53260820 0.00000000
    endloop
  endfacet
  facet normal -0.13952775 -0.99021816 0.00000000
    outer loop
      vertex 13.80075449 10.84261602 0.20000000
      vertex 13.46297053 10.89021184 0.20000000
      vertex 13.46297053 10.89021184 0.00000000
    endloop
  endfacet
  facet normal -0.13952775 -0.99021816 -0.00000000
    outer loop
      vertex 13.80075449 10.84261602 0.20000000
      vertex 13.46297053 10.89021184 0.00000000
      vertex 13.80075449 10.84261602 0.00000000
    endloop
  endfacet
  facet normal 0.00000000 0.00000000 1.00000000
    outer loop
      vertex 13.42072526 10.53260820 0.20000000
      vertex 13.11451131 10.92348369 0.20000000
      vertex 13.08787795 10.56438939 0.20000000
    endloop
  endfacet
  facet normal 0.00000000 -0.00000000 1.00000000
    outer loop
      vertex 13.42072526 10.53260820 0.20000000
      vertex 13.46297053 10.89021184 0.20000000
      vertex 13.11451131 10.92348369 0.20000000
    endloop
  endfacet
  facet normal 0.00000000 0.00000000 -1.00000000
    outer loop
      vertex 13.42072526 10.53260820 0.00000000
      vertex 13.08787795 10.56438939 0.00000000
      vertex 13.11451131 10.92348369 0.00000000
    endloop
  endfacet
  facet normal 0.00000000 0.00000000 -1.00000000
    outer loop
      vertex 13.42072526 10.53260820 0.00000000
      vertex 13.11451131 10.92348369 0.00000000
      vertex 13.46297053 10.89021184 0.00000000
    endloop
  endfacet
  facet normal 0.09505048 0.99547245 0.00000000
    outer loop
      vertex 13.42072526 10.53260820 0.20000000
      vertex 13.08787795 10.56438939 0.00000000
      vertex 13.08787795 10.56438939 0.20000000
    endloop
  endfacet
  facet normal 0.09505048 0.99547245 0.00000000
    outer loop
      vertex 13.42072526 10.53260820 0.20000000
      vertex 13.42072526 10.53260820 0.00000000
      vertex 13.08787795 10.56438939 0.00000000
    endloop
  endfacet
  facet normal -0.09505048 -0.99547245 0.00000000
    outer loop
      vertex 13.46297053 10.89021184 0.20000000
      vertex 13.11451131 10.92348369 0.20000000
      vertex 13.11451131 10.92348369 0.00000000
    endloop
  endfacet
  facet normal -0.09505048 -0.99547245 -0.00000000
    outer loop
      vertex 13.46297053 10.89021184 0.20000000
      vertex 13.11451131 10.92348369 0.00000000
      vertex 13.46297053 10.89021184 0.00000000
    endloop
  endfacet
  facet normal 0.00000000 0.00000000 1.00000000
    outer loop
      vertex 13.08787795 10.56438939 0.20000000
      vertex 12.75538955 10.94248854 0.20000000
      vertex 12.74354045 10.58261185 0.20000000
    endloop
  endfacet
  facet normal 0.00000000 -0.00000000 1.00000000
    outer loop
      vertex 13.08787795 10.56438939 0.20000000
      vertex 13.11451131 10.92348369 0.20000000
      vertex 12.75538955 10.94248854 0.20000000
    endloop
  endfacet
  facet normal 0.00000000 0.00000000 -1.00000000
    outer loop
      vertex 13.08787795 10.56438939 0.00000000
      vertex 12.74354045 10.58261185 0.00000000
      vertex 12.75538955 10.94248854 0.00000000
    endloop
  endfacet
  facet normal 0.00000000 0.00000000 -1.00000000
    outer loop
      vertex 13.08787795 10.56438939 0.00000000
      vertex 12.75538955 10.94248854 0.00000000
      vertex 13.11451131 10.92348369 0.00000000
    endloop
  endfacet
  facet normal 0.05284641 0.99860265 0.00000000
    outer loop
      vertex 13.08787795 10.56438939 0.20000000
      vertex 12.74354045 10.58261185 0.00000000
      vertex 12.74354045 10.58261185 0.20000000
    endloop
  endfacet
  facet normal 0.05284641 0.99860265 0.00000000
    outer loop
      vertex 13.08787795 10.56438939 0.20000000
      vertex 13.08787795 10.56438939 0.00000000
      vertex 12.74354045 10.58261185 0.00000000
    endloop
  endfacet
  facet normal -0.05284641 -0.99860265 0.00000000
    outer loop
      vertex 13.11451131 10.92348369 0.20000000
      vertex 12.75538955 10.94248854 0.20000000
      vertex 12.75538955 10.94248854 0.00000000
    endloop
  endfacet
  facet normal -0.05284641 -0.99860265 -0.00000000
    outer loop
      vertex 13.11451131 10.92348369 0.20000000
      vertex 12.75538955 10.94248854 0.00000000
      vertex 13.11451131 10.92348369 0.00000000
    endloop
  endfacet
  facet normal 0.00000000 0.00000000 1.00000000
    outer loop
      vertex 12.74354045 10.58261185 0.20000000
      vertex 12.38560781 10.94727972 0.20000000
      vertex 12.38771020 10.58722226 0.20000000
    endloop
  endfacet
  facet normal 0.00000000 -0.00000000 1.00000000
    outer loop
      vertex 12.74354045 10.58261185 0.20000000
      vertex 12.75538955 10.94248854 0.20000000
      vertex 12.38560781 10.94727972 0.20000000
    endloop
  endfacet
  facet normal 0.00000000 0.00000000 -1.00000000
    outer loop
      vertex 12.74354045 10.58261185 0.00000000
      vertex 12.38771020 10.58722226 0.00000000
      vertex 12.38560781 10.94727972 0.00000000
    endloop
  endfacet
  facet normal 0.00000000 0.00000000 -1.00000000
    outer loop
      vertex 12.74354045 10.58261185 0.00000000
      vertex 12.38560781 10.94727972 0.00000000
      vertex 12.75538955 10.94248854 0.00000000
    endloop
  endfacet
  facet normal 0.01295568 0.99991607 0.00000000
    outer loop
      vertex 12.74354045 10.58261185 0.20000000
      vertex 12.38771020 10.58722226 0.00000000
      vertex 12.38771020 10.58722226 0.20000000
    endloop
  endfacet
  facet normal 0.01295568 0.99991607 0.00000000
    outer loop
      vertex 12.74354045 10.58261185 0.20000000
      vertex 12.74354045 10.58261185 0.00000000
      vertex 12.38771020 10.58722226 0.00000000
    endloop
  endfacet
  facet normal -0.01295568 -0.99991607 0.00000000
    outer loop
      vertex 12.75538955 10.94248854 0.20000000
      vertex 12.38560781 10.94727972 0.20000000
      vertex 12.38560781 10.94727972 0.00000000
    endloop
  endfacet
  facet normal -0.01295568 -0.99991607 -0.00000000
    outer loop
      vertex 12.75538955 10.94248854 0.20000000
      vertex 12.38560781 10.94727972 0.00000000
      vertex 12.75538955 10.94248854 0.00000000
    endloop
  endfacet
  facet normal 0.00000000 0.00000000 1.00000000
    outer loop
      vertex 12.38771020 10.58722226 0.20000000
      vertex 12.00516074 10.93790590 0.20000000
      vertex 12.02039253 10.57817194 0.20000000
    endloop
  endfacet
  facet normal 0.00000000 0.00000000 1.00000000
    outer loop
      vertex 12.38771020 10.58722226 0.20000000
      vertex 12.38560781 10.94727972 0.20000000
      vertex 12.00516074 10.93790590 0.20000000
    endloop
  endfacet
  facet normal -0.00000000 0.00000000 -1.00000000
    outer loop
      vertex 12.38771020 10.58722226 0.00000000
      vertex 12.02039253 10.57817194 0.00000000
      vertex 12.00516074 10.93790590 0.00000000
    endloop
  endfacet
  facet normal 0.00000000 0.00000000 -1.00000000
    outer loop
      vertex 12.38771020 10.58722226 0.00000000
      vertex 12.00516074 10.93790590 0.00000000
      vertex 12.38560781 10.94727972 0.00000000
    endloop
  endfacet
  facet normal -0.02463148 0.99969660 0.00000000
    outer loop
      vertex 12.38771020 10.58722226 0.20000000
      vertex 12.02039253 10.57817194 0.00000000
      vertex 12.02039253 10.57817194 0.20000000
    endloop
  endfacet
  facet normal -0.02463148 0.99969660 0.00000000
    outer loop
      vertex 12.38771020 10.58722226 0.20000000
      vertex 12.38771020 10.58722226 0.00000000
      vertex 12.02039253 10.57817194 0.00000000
    endloop
  endfacet
  facet normal 0.02463148 -0.99969660 0.00000000
    outer loop
      vertex 12.38560781 10.94727972 0.20000000
      vertex 12.00516074 10.93790590 0.20000000
      vertex 12.00516074 10.93790590 0.00000000
    endloop
  endfacet
  facet normal 0.02463148 -0.99969660 0.00000000
    outer loop
      vertex 12.38560781 10.94727972 0.20000000
      vertex 12.00516074 10.93790590 0.00000000
      vertex 12.38560781 10.94727972 0.00000000
    endloop
  endfacet
  facet normal 0.00000000 0.00000000 1.00000000
    outer loop
      vertex 12.02039253 10.57817194 0.20000000
      vertex 11.61403704 10.91441063 0.20000000
      vertex 11.64159875 10.55541734 0.20000000
    endloop
  endfacet
  facet normal 0.00000000 0.00000000 1.00000000
    outer loop
      vertex 12.02039253 10.57817194 0.20000000
      vertex 12.00516074 10.93790590 0.20000000
      vertex 11.61403704 10.91441063 0.20000000
    endloop
  endfacet
  facet normal -0.00000000 0.00000000 -1.00000000
    outer loop
      vertex 12.02039253 10.57817194 0.00000000
      vertex 11.64159875 10.55541734 0.00000000
      vertex 11.61403704 10.91441063 0.00000000
    endloop
  endfacet
  facet normal 0.00000000 0.00000000 -1.00000000
    outer loop
      vertex 12.02039253 10.57817194 0.00000000
      vertex 11.61403704 10.91441063 0.00000000
      vertex 12.00516074 10.93790590 0.00000000
    endloop
  endfacet
  facet normal -0.05996311 0.99820059 0.00000000
    outer loop
      vertex 12.02039253 10.57817194 0.20000000
      vertex 11.64159875 10.55541734 0.00000000
      vertex 11.64159875 10.55541734 0.20000000
    endloop
  endfacet
  facet normal -0.05996311 0.99820059 0.00000000
    outer loop
      vertex 12.02039253 10.57817194 0.20000000
      vertex 12.02039253 10.57817194 0.00000000
      vertex 11.64159875 10.55541734 0.00000000
    endloop
  endfacet
  facet normal 0.05996311 -0.99820059 0.00000000
    outer loop
      vertex 12.00516074 10.93790590 0.20000000
      vertex 11.61403704 10.91441063 0.20000000
      vertex 11.61403704 10.91441063 0.00000000
    endloop
  endfacet
  facet normal 0.05996311 -0.99820059 0.00000000
    outer loop
      vertex 12.00516074 10.93790590 0.20000000
      vertex 11.61403704 10.91441063 0.00000000
      vertex 12.00516074 10.93790590 0.00000000
    endloop
  endfacet
  facet normal 0.00000000 0.00000000 1.00000000
    outer loop
      vertex 11.64159875 10.55541734 0.20000000
      vertex 11.21359999 10.87696116 0.20000000
      vertex 11.24996557 10.51879122 0.20000000
    endloop
  endfacet
  facet normal 0.00000000 0.00000000 1.00000000
    outer loop
      vertex 11.64159875 10.55541734 0.20000000
      vertex 11.61403704 10.91441063 0.20000000
      vertex 11.21359999 10.87696116 0.20000000
    endloop
  endfacet
  facet normal -0.00000000 0.00000000 -1.00000000
    outer loop
      vertex 11.64159875 10.55541734 0.00000000
      vertex 11.24996557 10.51879122 0.00000000
      vertex 11.21359999 10.87696116 0.00000000
    endloop
  endfacet
  facet normal 0.00000000 0.00000000 -1.00000000
    outer loop
      vertex 11.64159875 10.55541734 0.00000000
      vertex 11.21359999 10.87696116 0.00000000
      vertex 11.61403704 10.91441063 0.00000000
    endloop
  endfacet
  facet normal -0.09311518 0.99565534 0.00000000
    outer loop
      vertex 11.64159875 10.55541734 0.20000000
      vertex 11.24996557 10.51879122 0.00000000
      vertex 11.24996557 10.51879122 0.20000000
    endloop
  endfacet
  facet normal -0.09311518 0.99565534 0.00000000
    outer loop
      vertex 11.64159875 10.55541734 0.20000000
      vertex 11.64159875 10.55541734 0.00000000
      vertex 11.24996557 10.51879122 0.00000000
    endloop
  endfacet
  facet normal 0.09311518 -0.99565534 0.00000000
    outer loop
      vertex 11.61403704 10.91441063 0.20000000
      vertex 11.21359999 10.87696116 0.20000000
      vertex 11.21359999 10.87696116 0.00000000
    endloop
  endfacet
  facet normal 0.09311518 -0.99565534 0.00000000
    outer loop
      vertex 11.61403704 10.91441063 0.20000000
      vertex 11.21359999 10.87696116 0.00000000
      vertex 11.61403704 10.91441063 0.00000000
    endloop
  endfacet
  facet normal 0.00000000 0.00000000 1.00000000
    outer loop
      vertex 11.24996557 10.51879122 0.20000000
      vertex 5.29680491 10.22874861 0.20000000
      vertex 5.33884864 9.87120074 0.20000000
    endloop
  endfacet
  facet normal 0.00000000 0.00000000 1.00000000
    outer loop
      vertex 11.24996557 10.51879122 0.20000000
      vertex 11.21359999 10.87696116 0.20000000
      vertex 5.29680491 10.22874861 0.20000000
    endloop
  endfacet
  facet normal 0.00000000 0.00000000 -1.00000000
    outer loop
      vertex 11.24996557 10.51879122 0.00000000
      vertex 5.33884864 9.87120074 0.00000000
      vertex 5.29680491 10.22874861 0.00000000
    endloop
  endfacet
  facet normal -0.00000000 0.00000000 -1.00000000
    outer loop
      vertex 11.24996557 10.51879122 0.00000000
      vertex 5.29680491 10.22874861 0.00000000
      vertex 11.21359999 10.87696116 0.00000000
    endloop
  endfacet
  facet normal -0.10890308 0.99405237 0.00000000
    outer loop
      vertex 11.24996557 10.51879122 0.20000000
      vertex 5.33884864 9.87120074 0.00000000
      vertex 5.33884864 9.87120074 0.20000000
    endloop
  endfacet
  facet normal -0.10890308 0.99405237 0.00000000
    outer loop
      vertex 11.24996557 10.51879122 0.20000000
      vertex 11.24996557 10.51879122 0.00000000
      vertex 5.33884864 9.87120074 0.00000000
    endloop
  endfacet
  facet normal 0.10890308 -0.99405237 0.00000000
    outer loop
      vertex 11.21359999 10.87696116 0.20000000
      vertex 5.29680491 10.22874861 0.20000000
      vertex 5.29680491 10.22874861 0.00000000
    endloop
  endfacet
  facet normal 0.10890308 -0.99405237 0.00000000
    outer loop
      vertex 11.21359999 10.87696116 0.20000000
      vertex 5.29680491 10.22874861 0.00000000
      vertex 11.21359999 10.87696116 0.00000000
    endloop
  endfacet
  facet normal 0.00000000 0.00000000 1.00000000
    outer loop
      vertex 5.33884864 9.87120074 0.20000000
      vertex 5.16872483 10.21265681 0.20000000
      vertex 5.21953591 9.85621046 0.20000000
    endloop
  endfacet
  facet normal 0.00000000 0.00000000 1.00000000
    outer loop
      vertex 5.33884864 9.87120074 0.20000000
      vertex 5.29680491 10.22874861 0.20000000
      vertex 5.16872483 10.21265681 0.20000000
    endloop
  endfacet
  facet normal -0.00000000 0.00000000 -1.00000000
    outer loop
      vertex 5.33884864 9.87120074 0.00000000
      vertex 5.21953591 9.85621046 0.00000000
      vertex 5.16872483 10.21265681 0.00000000
    endloop
  endfacet
  facet normal 0.00000000 0.00000000 -1.00000000
    outer loop
      vertex 5.33884864 9.87120074 0.00000000
      vertex 5.16872483 10.21265681 0.00000000
      vertex 5.29680491 10.22874861 0.00000000
    endloop
  endfacet
  facet normal -0.12465854 0.99219970 0.00000000
    outer loop
      vertex 5.33884864 9.87120074 0.20000000
      vertex 5.21953591 9.85621046 0.00000000
      vertex 5.21953591 9.85621046 0.20000000
    endloop
  endfacet
  facet normal -0.12465854 0.99219970 0.00000000
    outer loop
      vertex 5.33884864 9.87120074 0.20000000
      vertex 5.33884864 9.87120074 0.00000000
      vertex 5.21953591 9.85621046 0.00000000
    endloop
  endfacet
  facet normal 0.12465854 -0.99219970 0.00000000
    outer loop
      vertex 5.29680491 10.22874861 0.20000000
      vertex 5.16872483 10.21265681 0.20000000
      vertex 5.16872483 10.21265681 0.00000000
    endloop
  endfacet
  facet normal 0.12465854 -0.99219970 0.00000000
    outer loop
      vertex 5.29680491 10.22874861 0.20000000
      vertex 5.16872483 10.21265681 0.00000000
      vertex 5.29680491 10.22874861 0.00000000
    endloop
  endfacet
  facet normal 0.00000000 0.00000000 1.00000000
    outer loop
      vertex 5.21953591 9.85621046 0.20000000
      vertex 5.04322663 10.19263486 0.20000000
      vertex 5.10622051 9.83813215 0.20000000
    endloop
  endfacet
  facet normal 0.00000000 0.00000000 1.00000000
    outer loop
      vertex 5.21953591 9.85621046 0.20000000
      vertex 5.16872483 10.21265681 0.20000000
      vertex 5.04322663 10.19263486 0.20000000
    endloop
  endfacet
  facet normal -0.00000000 0.00000000 -1.00000000
    outer loop
      vertex 5.21953591 9.85621046 0.00000000
      vertex 5.10622051 9.83813215 0.00000000
      vertex 5.04322663 10.19263486 0.00000000
    endloop
  endfacet
  facet normal 0.00000000 0.00000000 -1.00000000
    outer loop
      vertex 5.21953591 9.85621046 0.00000000
      vertex 5.04322663 10.19263486 0.00000000
      vertex 5.16872483 10.21265681 0.00000000
    endloop
  endfacet
  facet normal -0.15754733 0.98751144 0.00000000
    outer loop
      vertex 5.21953591 9.85621046 0.20000000
      vertex 5.10622051 9.83813215 0.00000000
      vertex 5.10622051 9.83813215 0.20000000
    endloop
  endfacet
  facet normal -0.15754733 0.98751144 0.00000000
    outer loop
      vertex 5.21953591 9.85621046 0.20000000
      vertex 5.21953591 9.85621046 0.00000000
      vertex 5.10622051 9.83813215 0.00000000
    endloop
  endfacet
  facet normal 0.15754733 -0.98751144 0.00000000
    outer loop
      vertex 5.16872483 10.21265681 0.20000000
      vertex 5.04322663 10.19263486 0.20000000
      vertex 5.04322663 10.19263486 0.00000000
    endloop
  endfacet
  facet normal 0.15754733 -0.98751144 0.00000000
    outer loop
      vertex 5.16872483 10.21265681 0.20000000
      vertex 5.04322663 10.19263486 0.00000000
      vertex 5.16872483 10.21265681 0.00000000
    endloop
  endfacet
  facet normal 0.00000000 0.00000000 1.00000000
    outer loop
      vertex 5.10622051 9.83813215 0.20000000
      vertex 4.92167822 10.16881532 0.20000000
      vertex 4.99753456 9.81683324 0.20000000
    endloop
  endfacet
  facet normal 0.00000000 0.00000000 1.00000000
    outer loop
      vertex 5.10622051 9.83813215 0.20000000
      vertex 5.04322663 10.19263486 0.20000000
      vertex 4.92167822 10.16881532 0.20000000
    endloop
  endfacet
  facet normal -0.00000000 0.00000000 -1.00000000
    outer loop
      vertex 5.10622051 9.83813215 0.00000000
      vertex 4.99753456 9.81683324 0.00000000
      vertex 4.92167822 10.16881532 0.00000000
    endloop
  endfacet
  facet normal 0.00000000 0.00000000 -1.00000000
    outer loop
      vertex 5.10622051 9.83813215 0.00000000
      vertex 4.92167822 10.16881532 0.00000000
      vertex 5.04322663 10.19263486 0.00000000
    endloop
  endfacet
  facet normal -0.19230959 0.98133431 0.00000000
    outer loop
      vertex 5.10622051 9.83813215 0.20000000
      vertex 4.99753456 9.81683324 0.00000000
      vertex 4.99753456 9.81683324 0.20000000
    endloop
  endfacet
  facet normal -0.19230959 0.98133431 0.00000000
    outer loop
      vertex 5.10622051 9.83813215 0.20000000
      vertex 5.10622051 9.83813215 0.00000000
      vertex 4.99753456 9.81683324 0.00000000
    endloop
  endfacet
  facet normal 0.19230959 -0.98133431 0.00000000
    outer loop
      vertex 5.04322663 10.19263486 0.20000000
      vertex 4.92167822 10.16881532 0.20000000
      vertex 4.92167822 10.16881532 0.00000000
    endloop
  endfacet
  facet normal 0.19230959 -0.98133431 0.00000000
    outer loop
      vertex 5.04322663 10.19263486 0.20000000
      vertex 4.92167822 10.16881532 0.00000000
      vertex 5.04322663 10.19263486 0.00000000
    endloop
  endfacet
  facet normal 0.00000000 0.00000000 1.00000000
    outer loop
      vertex 4.99753456 9.81683324 0.20000000
      vertex 4.80407865 10.14115414 0.20000000
      vertex 4.89347898 9.79235780 0.20000000
    endloop
  endfacet
  facet normal 0.00000000 0.00000000 1.00000000
    outer loop
      vertex 4.99753456 9.81683324 0.20000000
      vertex 4.92167822 10.16881532 0.20000000
      vertex 4.80407865 10.14115414 0.20000000
    endloop
  endfacet
  facet normal -0.00000000 0.00000000 -1.00000000
    outer loop
      vertex 4.99753456 9.81683324 0.00000000
      vertex 4.89347898 9.79235780 0.00000000
      vertex 4.80407865 10.14115414 0.00000000
    endloop
  endfacet
  facet normal 0.00000000 0.00000000 -1.00000000
    outer loop
      vertex 4.99753456 9.81683324 0.00000000
      vertex 4.80407865 10.14115414 0.00000000
      vertex 4.92167822 10.16881532 0.00000000
    endloop
  endfacet
  facet normal -0.22896641 0.97343432 0.00000000
    outer loop
      vertex 4.99753456 9.81683324 0.20000000
      vertex 4.89347898 9.79235780 0.00000000
      vertex 4.89347898 9.79235780 0.20000000
    endloop
  endfacet
  facet normal -0.22896641 0.97343432 0.00000000
    outer loop
      vertex 4.99753456 9.81683324 0.20000000
      vertex 4.99753456 9.81683324 0.00000000
      vertex 4.89347898 9.79235780 0.00000000
    endloop
  endfacet
  facet normal 0.22896641 -0.97343432 0.00000000
    outer loop
      vertex 4.92167822 10.16881532 0.20000000
      vertex 4.80407865 10.14115414 0.20000000
      vertex 4.80407865 10.14115414 0.00000000
    endloop
  endfacet
  facet normal 0.22896641 -0.97343432 0.00000000
    outer loop
      vertex 4.92167822 10.16881532 0.20000000
      vertex 4.80407865 10.14115414 0.00000000
      vertex 4.92167822 10.16881532 0.00000000
    endloop
  endfacet
  facet normal 0.00000000 0.00000000 1.00000000
    outer loop
      vertex 4.89347898 9.79235780 0.20000000
      vertex 4.69043386 10.10960371 0.20000000
      vertex 4.79404785 9.76475341 0.20000000
    endloop
  endfacet
  facet normal 0.00000000 0.00000000 1.00000000
    outer loop
      vertex 4.89347898 9.79235780 0.20000000
      vertex 4.80407865 10.14115414 0.20000000
      vertex 4.69043386 10.10960371 0.20000000
    endloop
  endfacet
  facet normal -0.00000000 0.00000000 -1.00000000
    outer loop
      vertex 4.89347898 9.79235780 0.00000000
      vertex 4.79404785 9.76475341 0.00000000
      vertex 4.69043386 10.10960371 0.00000000
    endloop
  endfacet
  facet normal 0.00000000 0.00000000 -1.00000000
    outer loop
      vertex 4.89347898 9.79235780 0.00000000
      vertex 4.69043386 10.10960371 0.00000000
      vertex 4.80407865 10.14115414 0.00000000
    endloop
  endfacet
  facet normal -0.26750555 0.96355632 0.00000000
    outer loop
      vertex 4.89347898 9.79235780 0.20000000
      vertex 4.79404785 9.76475341 0.00000000
      vertex 4.79404785 9.76475341 0.20000000
    endloop
  endfacet
  facet normal -0.26750555 0.96355632 0.00000000
    outer loop
      vertex 4.89347898 9.79235780 0.20000000
      vertex 4.89347898 9.79235780 0.00000000
      vertex 4.79404785 9.76475341 0.00000000
    endloop
  endfacet
  facet normal 0.26750555 -0.96355632 0.00000000
    outer loop
      vertex 4.80407865 10.14115414 0.20000000
      vertex 4.69043386 10.10960371 0.20000000
      vertex 4.69043386 10.10960371 0.00000000
    endloop
  endfacet
  facet normal 0.26750555 -0.96355632 0.00000000
    outer loop
      vertex 4.80407865 10.14115414 0.20000000
      vertex 4.69043386 10.10960371 0.00000000
      vertex 4.80407865 10.14115414 0.00000000
    endloop
  endfacet
  facet normal 0.00000000 0.00000000 1.00000000
    outer loop
      vertex 4.79404785 9.76475341 0.20000000
      vertex 4.58075836 10.07411386 0.20000000
      vertex 4.69922666 9.73407027 0.20000000
    endloop
  endfacet
  facet normal 0.00000000 0.00000000 1.00000000
    outer loop
      vertex 4.79404785 9.76475341 0.20000000
      vertex 4.69043386 10.10960371 0.20000000
      vertex 4.58075836 10.07411386 0.20000000
    endloop
  endfacet
  facet normal -0.00000000 0.00000000 -1.00000000
    outer loop
      vertex 4.79404785 9.76475341 0.00000000
      vertex 4.69922666 9.73407027 0.00000000
      vertex 4.58075836 10.07411386 0.00000000
    endloop
  endfacet
  facet normal 0.00000000 0.00000000 -1.00000000
    outer loop
      vertex 4.79404785 9.76475341 0.00000000
      vertex 4.58075836 10.07411386 0.00000000
      vertex 4.69043386 10.10960371 0.00000000
    endloop
  endfacet
  facet normal -0.30787208 0.95142776 0.00000000
    outer loop
      vertex 4.79404785 9.76475341 0.20000000
      vertex 4.69922666 9.73407027 0.00000000
      vertex 4.69922666 9.73407027 0.20000000
    endloop
  endfacet
  facet normal -0.30787208 0.95142776 0.00000000
    outer loop
      vertex 4.79404785 9.76475341 0.20000000
      vertex 4.79404785 9.76475341 0.00000000
      vertex 4.69922666 9.73407027 0.00000000
    endloop
  endfacet
  facet normal 0.30787208 -0.95142776 0.00000000
    outer loop
      vertex 4.69043386 10.10960371 0.20000000
      vertex 4.58075836 10.07411386 0.20000000
      vertex 4.58075836 10.07411386 0.00000000
    endloop
  endfacet
  facet normal 0.30787208 -0.95142776 0.00000000
    outer loop
      vertex 4.69043386 10.10960371 0.20000000
      vertex 4.58075836 10.07411386 0.00000000
      vertex 4.69043386 10.10960371 0.00000000
    endloop
  endfacet
  facet normal 0.00000000 0.00000000 1.00000000
    outer loop
      vertex 4.69922666 9.73407027 0.20000000
      vertex 4.47507708 10.03463327 0.20000000
      vertex 4.60899047 9.70035968 0.20000000
    endloop
  endfacet
  facet normal 0.00000000 0.00000000 1.00000000
    outer loop
      vertex 4.69922666 9.73407027 0.20000000
      vertex 4.58075836 10.07411386 0.20000000
      vertex 4.47507708 10.03463327 0.20000000
    endloop
  endfacet
  facet normal -0.00000000 0.00000000 -1.00000000
    outer loop
      vertex 4.69922666 9.73407027 0.00000000
      vertex 4.60899047 9.70035968 0.00000000
      vertex 4.47507708 10.03463327 0.00000000
    endloop
  endfacet
  facet normal 0.00000000 0.00000000 -1.00000000
    outer loop
      vertex 4.69922666 9.73407027 0.00000000
      vertex 4.47507708 10.03463327 0.00000000
      vertex 4.58075836 10.07411386 0.00000000
    endloop
  endfacet
  facet normal -0.34995833 0.93676527 0.00000000
    outer loop
      vertex 4.69922666 9.73407027 0.20000000
      vertex 4.60899047 9.70035968 0.00000000
      vertex 4.60899047 9.70035968 0.20000000
    endloop
  endfacet
  facet normal -0.34995833 0.93676527 0.00000000
    outer loop
      vertex 4.69922666 9.73407027 0.20000000
      vertex 4.69922666 9.73407027 0.00000000
      vertex 4.60899047 9.70035968 0.00000000
    endloop
  endfacet
  facet normal 0.34995833 -0.93676527 0.00000000
    outer loop
      vertex 4.58075836 10.07411386 0.20000000
      vertex 4.47507708 10.03463327 0.20000000
      vertex 4.47507708 10.03463327 0.00000000
    endloop
  endfacet
  facet normal 0.34995833 -0.93676527 0.00000000
    outer loop
      vertex 4.58075836 10.07411386 0.20000000
      vertex 4.47507708 10.03463327 0.00000000
      vertex 4.58075836 10.07411386 0.00000000
    endloop
  endfacet
  facet normal 0.00000000 0.00000000 1.00000000
    outer loop
      vertex 4.60899047 9.70035968 0.20000000
      vertex 4.37342705 9.99111155 0.20000000
      vertex 4.52330225 9.66367204 0.20000000
    endloop
  endfacet
  facet normal 0.00000000 0.00000000 1.00000000
    outer loop
      vertex 4.60899047 9.70035968 0.20000000
      vertex 4.47507708 10.03463327 0.20000000
      vertex 4.37342705 9.99111155 0.20000000
    endloop
  endfacet
  facet normal -0.00000000 0.00000000 -1.00000000
    outer loop
      vertex 4.60899047 9.70035968 0.00000000
      vertex 4.52330225 9.66367204 0.00000000
      vertex 4.37342705 9.99111155 0.00000000
    endloop
  endfacet
  facet normal 0.00000000 0.00000000 -1.00000000
    outer loop
      vertex 4.60899047 9.70035968 0.00000000
      vertex 4.37342705 9.99111155 0.00000000
      vertex 4.47507708 10.03463327 0.00000000
    endloop
  endfacet
  facet normal -0.39359400 0.91928437 0.00000000
    outer loop
      vertex 4.60899047 9.70035968 0.20000000
      vertex 4.52330225 9.66367204 0.00000000
      vertex 4.52330225 9.66367204 0.20000000
    endloop
  endfacet
  facet normal -0.39359400 0.91928437 0.00000000
    outer loop
      vertex 4.60899047 9.70035968 0.20000000
      vertex 4.60899047 9.70035968 0.00000000
      vertex 4.52330225 9.66367204 0.00000000
    endloop
  endfacet
  facet normal 0.39359400 -0.91928437 0.00000000
    outer loop
      vertex 4.47507708 10.03463327 0.20000000
      vertex 4.37342705 9.99111155 0.20000000
      vertex 4.37342705 9.99111155 0.00000000
    endloop
  endfacet
  facet normal 0.39359400 -0.91928437 0.00000000
    outer loop
      vertex 4.47507708 10.03463327 0.20000000
      vertex 4.37342705 9.99111155 0.00000000
      vertex 4.47507708 10.03463327 0.00000000
    endloop
  endfacet
  facet normal 0.00000000 0.00000000 1.00000000
    outer loop
      vertex 4.52330225 9.66367204 0.20000000
      vertex 4.27585880 9.94350199 0.20000000
      vertex 4.44211149 9.62405407 0.20000000
    endloop
  endfacet
  facet normal 0.00000000 0.00000000 1.00000000
    outer loop
      vertex 4.52330225 9.66367204 0.20000000
      vertex 4.37342705 9.99111155 0.20000000
      vertex 4.27585880 9.94350199 0.20000000
    endloop
  endfacet
  facet normal -0.00000000 0.00000000 -1.00000000
    outer loop
      vertex 4.52330225 9.66367204 0.00000000
      vertex 4.44211149 9.62405407 0.00000000
      vertex 4.27585880 9.94350199 0.00000000
    endloop
  endfacet
  facet normal 0.00000000 0.00000000 -1.00000000
    outer loop
      vertex 4.52330225 9.66367204 0.00000000
      vertex 4.27585880 9.94350199 0.00000000
      vertex 4.37342705 9.99111155 0.00000000
    endloop
  endfacet
  facet normal -0.43853742 0.89871293 0.00000000
    outer loop
      vertex 4.52330225 9.66367204 0.20000000
      vertex 4.44211149 9.62405407 0.00000000
      vertex 4.44211149 9.62405407 0.20000000
    endloop
  endfacet
  facet normal -0.43853742 0.89871293 0.00000000
    outer loop
      vertex 4.52330225 9.66367204 0.20000000
      vertex 4.52330225 9.66367204 0.00000000
      vertex 4.44211149 9.62405407 0.00000000
    endloop
  endfacet
  facet normal 0.43853742 -0.89871293 0.00000000
    outer loop
      vertex 4.37342705 9.99111155 0.20000000
      vertex 4.27585880 9.94350199 0.20000000
      vertex 4.27585880 9.94350199 0.00000000
    endloop
  endfacet
  facet normal 0.43853742 -0.89871293 0.00000000
    outer loop
      vertex 4.37342705 9.99111155 0.20000000
      vertex 4.27585880 9.94350199 0.00000000
      vertex 4.37342705 9.99111155 0.00000000
    endloop
  endfacet
  facet normal 0.00000000 0.00000000 1.00000000
    outer loop
      vertex 4.44211149 9.62405407 0.20000000
      vertex 4.18243698 9.89176490 0.20000000
      vertex 4.36535350 9.58154543 0.20000000
    endloop
  endfacet
  facet normal 0.00000000 0.00000000 1.00000000
    outer loop
      vertex 4.44211149 9.62405407 0.20000000
      vertex 4.27585880 9.94350199 0.20000000
      vertex 4.18243698 9.89176490 0.20000000
    endloop
  endfacet
  facet normal -0.00000000 0.00000000 -1.00000000
    outer loop
      vertex 4.44211149 9.62405407 0.00000000
      vertex 4.36535350 9.58154543 0.00000000
      vertex 4.18243698 9.89176490 0.00000000
    endloop
  endfacet
  facet normal 0.00000000 0.00000000 -1.00000000
    outer loop
      vertex 4.44211149 9.62405407 0.00000000
      vertex 4.18243698 9.89176490 0.00000000
      vertex 4.27585880 9.94350199 0.00000000
    endloop
  endfacet
  facet normal -0.48446953 0.87480814 0.00000000
    outer loop
      vertex 4.44211149 9.62405407 0.20000000
      vertex 4.36535350 9.58154543 0.00000000
      vertex 4.36535350 9.58154543 0.20000000
    endloop
  endfacet
  facet normal -0.48446953 0.87480814 0.00000000
    outer loop
      vertex 4.44211149 9.62405407 0.20000000
      vertex 4.44211149 9.62405407 0.00000000
      vertex 4.36535350 9.58154543 0.00000000
    endloop
  endfacet
  facet normal 0.48446953 -0.87480814 0.00000000
    outer loop
      vertex 4.27585880 9.94350199 0.20000000
      vertex 4.18243698 9.89176490 0.20000000
      vertex 4.18243698 9.89176490 0.00000000
    endloop
  endfacet
  facet normal 0.48446953 -0.87480814 0.00000000
    outer loop
      vertex 4.27585880 9.94350199 0.20000000
      vertex 4.18243698 9.89176490 0.00000000
      vertex 4.27585880 9.94350199 0.00000000
    endloop
  endfacet
  facet normal 0.00000000 0.00000000 1.00000000
    outer loop
      vertex 4.36535350 9.58154543 0.20000000
      vertex 4.09324020 9.83587145 0.20000000
      vertex 4.29294970 9.53617497 0.20000000
    endloop
  endfacet
  facet normal 0.00000000 0.00000000 1.00000000
    outer loop
      vertex 4.36535350 9.58154543 0.20000000
      vertex 4.18243698 9.89176490 0.20000000
      vertex 4.09324020 9.83587145 0.20000000
    endloop
  endfacet
  facet normal -0.00000000 0.00000000 -1.00000000
    outer loop
      vertex 4.36535350 9.58154543 0.00000000
      vertex 4.29294970 9.53617497 0.00000000
      vertex 4.09324020 9.83587145 0.00000000
    endloop
  endfacet
  facet normal 0.00000000 0.00000000 -1.00000000
    outer loop
      vertex 4.36535350 9.58154543 0.00000000
      vertex 4.09324020 9.83587145 0.00000000
      vertex 4.18243698 9.89176490 0.00000000
    endloop
  endfacet
  facet normal -0.53099235 0.84737662 0.00000000
    outer loop
      vertex 4.36535350 9.58154543 0.20000000
      vertex 4.29294970 9.53617497 0.00000000
      vertex 4.29294970 9.53617497 0.20000000
    endloop
  endfacet
  facet normal -0.53099235 0.84737662 0.00000000
    outer loop
      vertex 4.36535350 9.58154543 0.20000000
      vertex 4.36535350 9.58154543 0.00000000
      vertex 4.29294970 9.53617497 0.00000000
    endloop
  endfacet
  facet normal 0.53099235 -0.84737662 0.00000000
    outer loop
      vertex 4.18243698 9.89176490 0.20000000
      vertex 4.09324020 9.83587145 0.20000000
      vertex 4.09324020 9.83587145 0.00000000
    endloop
  endfacet
  facet normal 0.53099235 -0.84737662 0.00000000
    outer loop
      vertex 4.18243698 9.89176490 0.20000000
      vertex 4.09324020 9.83587145 0.00000000
      vertex 4.18243698 9.89176490 0.00000000
    endloop
  endfacet
  facet normal 0.00000000 0.00000000 1.00000000
    outer loop
      vertex 4.29294970 9.53617497 0.20000000
      vertex 4.00835949 9.77580753 0.20000000
      vertex 4.22480907 9.48795680 0.20000000
    endloop
  endfacet
  facet normal 0.00000000 0.00000000 1.00000000
    outer loop
      vertex 4.29294970 9.53617497 0.20000000
      vertex 4.09324020 9.83587145 0.20000000
      vertex 4.00835949 9.77580753 0.20000000
    endloop
  endfacet
  facet normal -0.00000000 0.00000000 -1.00000000
    outer loop
      vertex 4.29294970 9.53617497 0.00000000
      vertex 4.22480907 9.48795680 0.00000000
      vertex 4.00835949 9.77580753 0.00000000
    endloop
  endfacet
  facet normal 0.00000000 0.00000000 -1.00000000
    outer loop
      vertex 4.29294970 9.53617497 0.00000000
      vertex 4.00835949 9.77580753 0.00000000
      vertex 4.09324020 9.83587145 0.00000000
    endloop
  endfacet
  facet normal -0.57763352 0.81629622 0.00000000
    outer loop
      vertex 4.29294970 9.53617497 0.20000000
      vertex 4.22480907 9.48795680 0.00000000
      vertex 4.22480907 9.48795680 0.20000000
    endloop
  endfacet
  facet normal -0.57763352 0.81629622 0.00000000
    outer loop
      vertex 4.29294970 9.53617497 0.20000000
      vertex 4.29294970 9.53617497 0.00000000
      vertex 4.22480907 9.48795680 0.00000000
    endloop
  endfacet
  facet normal 0.57763352 -0.81629622 0.00000000
    outer loop
      vertex 4.09324020 9.83587145 0.20000000
      vertex 4.00835949 9.77580753 0.20000000
      vertex 4.00835949 9.77580753 0.00000000
    endloop
  endfacet
  facet normal 0.57763352 -0.81629622 0.00000000
    outer loop
      vertex 4.09324020 9.83587145 0.20000000
      vertex 4.00835949 9.77580753 0.00000000
      vertex 4.09324020 9.83587145 0.00000000
    endloop
  endfacet
  facet normal 0.00000000 0.00000000 1.00000000
    outer loop
      vertex 4.22480907 9.48795680 0.20000000
      vertex 3.92789533 9.71157738 0.20000000
      vertex 4.16083111 9.43688668 0.20000000
    endloop
  endfacet
  facet normal 0.00000000 0.00000000 1.00000000
    outer loop
      vertex 4.22480907 9.48795680 0.20000000
      vertex 4.00835949 9.77580753 0.20000000
      vertex 3.92789533 9.71157738 0.20000000
    endloop
  endfacet
  facet normal -0.00000000 0.00000000 -1.00000000
    outer loop
      vertex 4.22480907 9.48795680 0.00000000
      vertex 4.16083111 9.43688668 0.00000000
      vertex 3.92789533 9.71157738 0.00000000
    endloop
  endfacet
  facet normal 0.00000000 0.00000000 -1.00000000
    outer loop
      vertex 4.22480907 9.48795680 0.00000000
      vertex 3.92789533 9.71157738 0.00000000
      vertex 4.00835949 9.77580753 0.00000000
    endloop
  endfacet
  facet normal -0.62385858 0.78153725 0.00000000
    outer loop
      vertex 4.22480907 9.48795680 0.20000000
      vertex 4.16083111 9.43688668 0.00000000
      vertex 4.16083111 9.43688668 0.20000000
    endloop
  endfacet
  facet normal -0.62385858 0.78153725 0.00000000
    outer loop
      vertex 4.22480907 9.48795680 0.20000000
      vertex 4.22480907 9.48795680 0.00000000
      vertex 4.16083111 9.43688668 0.00000000
    endloop
  endfacet
  facet normal 0.62385858 -0.78153725 0.00000000
    outer loop
      vertex 4.00835949 9.77580753 0.20000000
      vertex 3.92789533 9.71157738 0.20000000
      vertex 3.92789533 9.71157738 0.00000000
    endloop
  endfacet
  facet normal 0.62385858 -0.78153725 0.00000000
    outer loop
      vertex 4.00835949 9.77580753 0.20000000
      vertex 3.92789533 9.71157738 0.00000000
      vertex 4.00835949 9.77580753 0.00000000
    endloop
  endfacet
  facet normal 0.00000000 0.00000000 1.00000000
    outer loop
      vertex 4.16083111 9.43688668 0.20000000
      vertex 3.85195334 9.64320620 0.20000000
      vertex 4.10091019 9.38293939 0.20000000
    endloop
  endfacet
  facet normal 0.00000000 0.00000000 1.00000000
    outer loop
      vertex 4.16083111 9.43688668 0.20000000
      vertex 3.92789533 9.71157738 0.20000000
      vertex 3.85195334 9.64320620 0.20000000
    endloop
  endfacet
  facet normal -0.00000000 0.00000000 -1.00000000
    outer loop
      vertex 4.16083111 9.43688668 0.00000000
      vertex 4.10091019 9.38293939 0.00000000
      vertex 3.85195334 9.64320620 0.00000000
    endloop
  endfacet
  facet normal 0.00000000 0.00000000 -1.00000000
    outer loop
      vertex 4.16083111 9.43688668 0.00000000
      vertex 3.85195334 9.64320620 0.00000000
      vertex 3.92789533 9.71157738 0.00000000
    endloop
  endfacet
  facet normal -0.66909119 0.74318032 0.00000000
    outer loop
      vertex 4.16083111 9.43688668 0.20000000
      vertex 4.10091019 9.38293939 0.00000000
      vertex 4.10091019 9.38293939 0.20000000
    endloop
  endfacet
  facet normal -0.66909119 0.74318032 0.00000000
    outer loop
      vertex 4.16083111 9.43688668 0.20000000
      vertex 4.16083111 9.43688668 0.00000000
      vertex 4.10091019 9.38293939 0.00000000
    endloop
  endfacet
  facet normal 0.66909119 -0.74318032 0.00000000
    outer loop
      vertex 3.92789533 9.71157738 0.20000000
      vertex 3.85195334 9.64320620 0.20000000
      vertex 3.85195334 9.64320620 0.00000000
    endloop
  endfacet
  facet normal 0.66909119 -0.74318032 0.00000000
    outer loop
      vertex 3.92789533 9.71157738 0.20000000
      vertex 3.85195334 9.64320620 0.00000000
      vertex 3.92789533 9.71157738 0.00000000
    endloop
  endfacet
  facet normal 0.00000000 0.00000000 1.00000000
    outer loop
      vertex 4.10091019 9.38293939 0.20000000
      vertex 3.78063879 9.57074142 0.20000000
      vertex 4.04494106 9.32606754 0.20000000
    endloop
  endfacet
  facet normal 0.00000000 0.00000000 1.00000000
    outer loop
      vertex 4.10091019 9.38293939 0.20000000
      vertex 3.85195334 9.64320620 0.20000000
      vertex 3.78063879 9.57074142 0.20000000
    endloop
  endfacet
  facet normal -0.00000000 0.00000000 -1.00000000
    outer loop
      vertex 4.10091019 9.38293939 0.00000000
      vertex 4.04494106 9.32606754 0.00000000
      vertex 3.78063879 9.57074142 0.00000000
    endloop
  endfacet
  facet normal 0.00000000 0.00000000 -1.00000000
    outer loop
      vertex 4.10091019 9.38293939 0.00000000
      vertex 3.78063879 9.57074142 0.00000000
      vertex 3.85195334 9.64320620 0.00000000
    endloop
  endfacet
  facet normal -0.71274083 0.70142748 0.00000000
    outer loop
      vertex 4.10091019 9.38293939 0.20000000
      vertex 4.04494106 9.32606754 0.00000000
      vertex 4.04494106 9.32606754 0.20000000
    endloop
  endfacet
  facet normal -0.71274083 0.70142748 0.00000000
    outer loop
      vertex 4.10091019 9.38293939 0.20000000
      vertex 4.10091019 9.38293939 0.00000000
      vertex 4.04494106 9.32606754 0.00000000
    endloop
  endfacet
  facet normal 0.71274083 -0.70142748 0.00000000
    outer loop
      vertex 3.85195334 9.64320620 0.20000000
      vertex 3.78063879 9.57074142 0.20000000
      vertex 3.78063879 9.57074142 0.00000000
    endloop
  endfacet
  facet normal 0.71274083 -0.70142748 0.00000000
    outer loop
      vertex 3.85195334 9.64320620 0.20000000
      vertex 3.78063879 9.57074142 0.00000000
      vertex 3.85195334 9.64320620 0.00000000
    endloop
  endfacet
  facet normal 0.00000000 0.00000000 1.00000000
    outer loop
      vertex 4.04494106 9.32606754 0.20000000
      vertex 3.71405047 9.49425196 0.20000000
      vertex 3.99282493 9.26620217 0.20000000
    endloop
  endfacet
  facet normal 0.00000000 0.00000000 1.00000000
    outer loop
      vertex 4.04494106 9.32606754 0.20000000
      vertex 3.78063879 9.57074142 0.20000000
      vertex 3.71405047 9.49425196 0.20000000
    endloop
  endfacet
  facet normal -0.00000000 0.00000000 -1.00000000
    outer loop
      vertex 4.04494106 9.32606754 0.00000000
      vertex 3.99282493 9.26620217 0.00000000
      vertex 3.71405047 9.49425196 0.00000000
    endloop
  endfacet
  facet normal 0.00000000 0.00000000 -1.00000000
    outer loop
      vertex 4.04494106 9.32606754 0.00000000
      vertex 3.71405047 9.49425196 0.00000000
      vertex 3.78063879 9.57074142 0.00000000
    endloop
  endfacet
  facet normal -0.75423553 0.65660396 0.00000000
    outer loop
      vertex 4.04494106 9.32606754 0.20000000
      vertex 3.99282493 9.26620217 0.00000000
      vertex 3.99282493 9.26620217 0.20000000
    endloop
  endfacet
  facet normal -0.75423553 0.65660396 0.00000000
    outer loop
      vertex 4.04494106 9.32606754 0.20000000
      vertex 4.04494106 9.32606754 0.00000000
      vertex 3.99282493 9.26620217 0.00000000
    endloop
  endfacet
  facet normal 0.75423553 -0.65660396 0.00000000
    outer loop
      vertex 3.78063879 9.57074142 0.20000000
      vertex 3.71405047 9.49425196 0.20000000
      vertex 3.71405047 9.49425196 0.00000000
    endloop
  endfacet
  facet normal 0.75423553 -0.65660396 0.00000000
    outer loop
      vertex 3.78063879 9.57074142 0.20000000
      vertex 3.71405047 9.49425196 0.00000000
      vertex 3.78063879 9.57074142 0.00000000
    endloop
  endfacet
  facet normal 0.00000000 0.00000000 1.00000000
    outer loop
      vertex 3.99282493 9.26620217 0.20000000
      vertex 3.65227473 9.41382559 0.20000000
      vertex 3.94447543 9.20325553 0.20000000
    endloop
  endfacet
  facet normal 0.00000000 0.00000000 1.00000000
    outer loop
      vertex 3.99282493 9.26620217 0.20000000
      vertex 3.71405047 9.49425196 0.20000000
      vertex 3.65227473 9.41382559 0.20000000
    endloop
  endfacet
  facet normal -0.00000000 0.00000000 -1.00000000
    outer loop
      vertex 3.99282493 9.26620217 0.00000000
      vertex 3.94447543 9.20325553 0.00000000
      vertex 3.65227473 9.41382559 0.00000000
    endloop
  endfacet
  facet normal 0.00000000 0.00000000 -1.00000000
    outer loop
      vertex 3.99282493 9.26620217 0.00000000
      vertex 3.65227473 9.41382559 0.00000000
      vertex 3.71405047 9.49425196 0.00000000
    endloop
  endfacet
  facet normal -0.79305604 0.60914868 0.00000000
    outer loop
      vertex 3.99282493 9.26620217 0.20000000
      vertex 3.94447543 9.20325553 0.00000000
      vertex 3.94447543 9.20325553 0.20000000
    endloop
  endfacet
  facet normal -0.79305604 0.60914868 0.00000000
    outer loop
      vertex 3.99282493 9.26620217 0.20000000
      vertex 3.99282493 9.26620217 0.00000000
      vertex 3.94447543 9.20325553 0.00000000
    endloop
  endfacet
  facet normal 0.79305604 -0.60914868 0.00000000
    outer loop
      vertex 3.71405047 9.49425196 0.20000000
      vertex 3.65227473 9.41382559 0.20000000
      vertex 3.65227473 9.41382559 0.00000000
    endloop
  endfacet
  facet normal 0.79305604 -0.60914868 0.00000000
    outer loop
      vertex 3.71405047 9.49425196 0.20000000
      vertex 3.65227473 9.41382559 0.00000000
      vertex 3.71405047 9.49425196 0.00000000
    endloop
  endfacet
  facet normal 0.00000000 0.00000000 1.00000000
    outer loop
      vertex 3.94447543 9.20325553 0.20000000
      vertex 3.59538050 9.32956435 0.20000000
      vertex 3.89982366 9.13712558 0.20000000
    endloop
  endfacet
  facet normal 0.00000000 0.00000000 1.00000000
    outer loop
      vertex 3.94447543 9.20325553 0.20000000
      vertex 3.65227473 9.41382559 0.20000000
      vertex 3.59538050 9.32956435 0.20000000
    endloop
  endfacet
  facet normal -0.00000000 0.00000000 -1.00000000
    outer loop
      vertex 3.94447543 9.20325553 0.00000000
      vertex 3.89982366 9.13712558 0.00000000
      vertex 3.59538050 9.32956435 0.00000000
    endloop
  endfacet
  facet normal 0.00000000 0.00000000 -1.00000000
    outer loop
      vertex 3.94447543 9.20325553 0.00000000
      vertex 3.59538050 9.32956435 0.00000000
      vertex 3.65227473 9.41382559 0.00000000
    endloop
  endfacet
  facet normal -0.82876701 0.55959382 0.00000000
    outer loop
      vertex 3.94447543 9.20325553 0.20000000
      vertex 3.89982366 9.13712558 0.00000000
      vertex 3.89982366 9.13712558 0.20000000
    endloop
  endfacet
  facet normal -0.82876701 0.55959382 0.00000000
    outer loop
      vertex 3.94447543 9.20325553 0.20000000
      vertex 3.94447543 9.20325553 0.00000000
      vertex 3.89982366 9.13712558 0.00000000
    endloop
  endfacet
  facet normal 0.82876701 -0.55959382 0.00000000
    outer loop
      vertex 3.65227473 9.41382559 0.20000000
      vertex 3.59538050 9.32956435 0.20000000
      vertex 3.59538050 9.32956435 0.00000000
    endloop
  endfacet
  facet normal 0.82876701 -0.55959382 0.00000000
    outer loop
      vertex 3.65227473 9.41382559 0.20000000
      vertex 3.59538050 9.32956435 0.00000000
      vertex 3.65227473 9.41382559 0.00000000
    endloop
  endfacet
  facet normal 0.00000000 0.00000000 1.00000000
    outer loop
      vertex 3.89982366 9.13712558 0.20000000
      vertex 3.54341575 9.24157874 0.20000000
      vertex 3.85882163 9.06770182 0.20000000
    endloop
  endfacet
  facet normal 0.00000000 0.00000000 1.00000000
    outer loop
      vertex 3.89982366 9.13712558 0.20000000
      vertex 3.59538050 9.32956435 0.20000000
      vertex 3.54341575 9.24157874 0.20000000
    endloop
  endfacet
  facet normal -0.00000000 0.00000000 -1.00000000
    outer loop
      vertex 3.89982366 9.13712558 0.00000000
      vertex 3.85882163 9.06770182 0.00000000
      vertex 3.54341575 9.24157874 0.00000000
    endloop
  endfacet
  facet normal 0.00000000 0.00000000 -1.00000000
    outer loop
      vertex 3.89982366 9.13712558 0.00000000
      vertex 3.54341575 9.24157874 0.00000000
      vertex 3.59538050 9.32956435 0.00000000
    endloop
  endfacet
  facet normal -0.86104114 0.50853531 0.00000000
    outer loop
      vertex 3.89982366 9.13712558 0.20000000
      vertex 3.85882163 9.06770182 0.00000000
      vertex 3.85882163 9.06770182 0.20000000
    endloop
  endfacet
  facet normal -0.86104114 0.50853531 0.00000000
    outer loop
      vertex 3.89982366 9.13712558 0.20000000
      vertex 3.89982366 9.13712558 0.00000000
      vertex 3.85882163 9.06770182 0.00000000
    endloop
  endfacet
  facet normal 0.86104114 -0.50853531 0.00000000
    outer loop
      vertex 3.59538050 9.32956435 0.20000000
      vertex 3.54341575 9.24157874 0.20000000
      vertex 3.54341575 9.24157874 0.00000000
    endloop
  endfacet
  facet normal 0.86104114 -0.50853531 0.00000000
    outer loop
      vertex 3.59538050 9.32956435 0.20000000
      vertex 3.54341575 9.24157874 0.00000000
      vertex 3.59538050 9.32956435 0.00000000
    endloop
  endfacet
  facet normal 0.00000000 0.00000000 1.00000000
    outer loop
      vertex 3.85882163 9.06770182 0.20000000
      vertex 3.49640609 9.14998133 0.20000000
      vertex 3.82144373 8.99487168 0.20000000
    endloop
  endfacet
  facet normal 0.00000000 0.00000000 1.00000000
    outer loop
      vertex 3.85882163 9.06770182 0.20000000
      vertex 3.54341575 9.24157874 0.20000000
      vertex 3.49640609 9.14998133 0.20000000
    endloop
  endfacet
  facet normal -0.00000000 0.00000000 -1.00000000
    outer loop
      vertex 3.85882163 9.06770182 0.00000000
      vertex 3.82144373 8.99487168 0.00000000
      vertex 3.49640609 9.14998133 0.00000000
    endloop
  endfacet
  facet normal 0.00000000 0.00000000 -1.00000000
    outer loop
      vertex 3.85882163 9.06770182 0.00000000
      vertex 3.49640609 9.14998133 0.00000000
      vertex 3.54341575 9.24157874 0.00000000
    endloop
  endfacet
  facet normal -0.88967300 0.45659823 0.00000000
    outer loop
      vertex 3.85882163 9.06770182 0.20000000
      vertex 3.82144373 8.99487168 0.00000000
      vertex 3.82144373 8.99487168 0.20000000
    endloop
  endfacet
  facet normal -0.88967300 0.45659823 0.00000000
    outer loop
      vertex 3.85882163 9.06770182 0.20000000
      vertex 3.85882163 9.06770182 0.00000000
      vertex 3.82144373 8.99487168 0.00000000
    endloop
  endfacet
  facet normal 0.88967300 -0.45659823 0.00000000
    outer loop
      vertex 3.54341575 9.24157874 0.20000000
      vertex 3.49640609 9.14998133 0.20000000
      vertex 3.49640609 9.14998133 0.00000000
    endloop
  endfacet
  facet normal 0.88967300 -0.45659823 0.00000000
    outer loop
      vertex 3.54341575 9.24157874 0.20000000
      vertex 3.49640609 9.14998133 0.00000000
      vertex 3.54341575 9.24157874 0.00000000
    endloop
  endfacet
  facet normal 0.00000000 0.00000000 1.00000000
    outer loop
      vertex 3.82144373 8.99487168 0.20000000
      vertex 3.45435532 9.05488063 0.20000000
      vertex 3.78768616 8.91852663 0.20000000
    endloop
  endfacet
  facet normal 0.00000000 0.00000000 1.00000000
    outer loop
      vertex 3.82144373 8.99487168 0.20000000
      vertex 3.49640609 9.14998133 0.20000000
      vertex 3.45435532 9.05488063 0.20000000
    endloop
  endfacet
  facet normal -0.00000000 0.00000000 -1.00000000
    outer loop
      vertex 3.82144373 8.99487168 0.00000000
      vertex 3.78768616 8.91852663 0.00000000
      vertex 3.45435532 9.05488063 0.00000000
    endloop
  endfacet
  facet normal 0.00000000 0.00000000 -1.00000000
    outer loop
      vertex 3.82144373 8.99487168 0.00000000
      vertex 3.45435532 9.05488063 0.00000000
      vertex 3.49640609 9.14998133 0.00000000
    endloop
  endfacet
  facet normal -0.91458158 0.40440145 0.00000000
    outer loop
      vertex 3.82144373 8.99487168 0.20000000
      vertex 3.78768616 8.91852663 0.00000000
      vertex 3.78768616 8.91852663 0.20000000
    endloop
  endfacet
  facet normal -0.91458158 0.40440145 0.00000000
    outer loop
      vertex 3.82144373 8.99487168 0.20000000
      vertex 3.82144373 8.99487168 0.00000000
      vertex 3.78768616 8.91852663 0.00000000
    endloop
  endfacet
  facet normal 0.91458158 -0.40440145 0.00000000
    outer loop
      vertex 3.49640609 9.14998133 0.20000000
      vertex 3.45435532 9.05488063 0.20000000
      vertex 3.45435532 9.05488063 0.00000000
    endloop
  endfacet
  facet normal 0.91458158 -0.40440145 0.00000000
    outer loop
      vertex 3.49640609 9.14998133 0.20000000
      vertex 3.45435532 9.05488063 0.00000000
      vertex 3.49640609 9.14998133 0.00000000
    endloop
  endfacet
  facet normal 0.00000000 0.00000000 1.00000000
    outer loop
      vertex 3.78768616 8.91852663 0.20000000
      vertex 3.41724766 8.95637599 0.20000000
      vertex 3.75756472 8.83856735 0.20000000
    endloop
  endfacet
  facet normal 0.00000000 0.00000000 1.00000000
    outer loop
      vertex 3.78768616 8.91852663 0.20000000
      vertex 3.45435532 9.05488063 0.20000000
      vertex 3.41724766 8.95637599 0.20000000
    endloop
  endfacet
  facet normal -0.00000000 0.00000000 -1.00000000
    outer loop
      vertex 3.78768616 8.91852663 0.00000000
      vertex 3.75756472 8.83856735 0.00000000
      vertex 3.41724766 8.95637599 0.00000000
    endloop
  endfacet
  facet normal 0.00000000 0.00000000 -1.00000000
    outer loop
      vertex 3.78768616 8.91852663 0.00000000
      vertex 3.41724766 8.95637599 0.00000000
      vertex 3.45435532 9.05488063 0.00000000
    endloop
  endfacet
  facet normal -0.93580209 0.35252582 0.00000000
    outer loop
      vertex 3.78768616 8.91852663 0.20000000
      vertex 3.75756472 8.83856735 0.00000000
      vertex 3.75756472 8.83856735 0.20000000
    endloop
  endfacet
  facet normal -0.93580209 0.35252582 0.00000000
    outer loop
      vertex 3.78768616 8.91852663 0.20000000
      vertex 3.78768616 8.91852663 0.00000000
      vertex 3.75756472 8.83856735 0.00000000
    endloop
  endfacet
  facet normal 0.93580209 -0.35252582 0.00000000
    outer loop
      vertex 3.45435532 9.05488063 0.20000000
      vertex 3.41724766 8.95637599 0.20000000
      vertex 3.41724766 8.95637599 0.00000000
    endloop
  endfacet
  facet normal 0.93580209 -0.35252582 0.00000000
    outer loop
      vertex 3.45435532 9.05488063 0.20000000
      vertex 3.41724766 8.95637599 0.00000000
      vertex 3.45435532 9.05488063 0.00000000
    endloop
  endfacet
  facet normal 0.00000000 0.00000000 1.00000000
    outer loop
      vertex 3.75756472 8.83856735 0.20000000
      vertex 3.38505125 8.85455383 0.20000000
      vertex 3.73111124 8.75490741 0.20000000
    endloop
  endfacet
  facet normal 0.00000000 0.00000000 1.00000000
    outer loop
      vertex 3.75756472 8.83856735 0.20000000
      vertex 3.41724766 8.95637599 0.20000000
      vertex 3.38505125 8.85455383 0.20000000
    endloop
  endfacet
  facet normal -0.00000000 0.00000000 -1.00000000
    outer loop
      vertex 3.75756472 8.83856735 0.00000000
      vertex 3.73111124 8.75490741 0.00000000
      vertex 3.38505125 8.85455383 0.00000000
    endloop
  endfacet
  facet normal 0.00000000 0.00000000 -1.00000000
    outer loop
      vertex 3.75756472 8.83856735 0.00000000
      vertex 3.38505125 8.85455383 0.00000000
      vertex 3.41724766 8.95637599 0.00000000
    endloop
  endfacet
  facet normal -0.95346954 0.30148935 0.00000000
    outer loop
      vertex 3.75756472 8.83856735 0.20000000
      vertex 3.73111124 8.75490741 0.00000000
      vertex 3.73111124 8.75490741 0.20000000
    endloop
  endfacet
  facet normal -0.95346954 0.30148935 0.00000000
    outer loop
      vertex 3.75756472 8.83856735 0.20000000
      vertex 3.75756472 8.83856735 0.00000000
      vertex 3.73111124 8.75490741 0.00000000
    endloop
  endfacet
  facet normal 0.95346954 -0.30148935 0.00000000
    outer loop
      vertex 3.41724766 8.95637599 0.20000000
      vertex 3.38505125 8.85455383 0.20000000
      vertex 3.38505125 8.85455383 0.00000000
    endloop
  endfacet
  facet normal 0.95346954 -0.30148935 0.00000000
    outer loop
      vertex 3.41724766 8.95637599 0.20000000
      vertex 3.38505125 8.85455383 0.00000000
      vertex 3.41724766 8.95637599 0.00000000
    endloop
  endfacet
  facet normal 0.00000000 0.00000000 1.00000000
    outer loop
      vertex 3.73111124 8.75490741 0.20000000
      vertex 3.35772224 8.74948546 0.20000000
      vertex 3.70836959 8.66747548 0.20000000
    endloop
  endfacet
  facet normal 0.00000000 0.00000000 1.00000000
    outer loop
      vertex 3.73111124 8.75490741 0.20000000
      vertex 3.38505125 8.85455383 0.20000000
      vertex 3.35772224 8.74948546 0.20000000
    endloop
  endfacet
  facet normal 0.00000000 0.00000000 -1.00000000
    outer loop
      vertex 3.73111124 8.75490741 0.00000000
      vertex 3.70836959 8.66747548 0.00000000
      vertex 3.35772224 8.74948546 0.00000000
    endloop
  endfacet
  facet normal -0.00000000 0.00000000 -1.00000000
    outer loop
      vertex 3.73111124 8.75490741 0.00000000
      vertex 3.35772224 8.74948546 0.00000000
      vertex 3.38505125 8.85455383 0.00000000
    endloop
  endfacet
  facet normal -0.96779730 0.25173080 0.00000000
    outer loop
      vertex 3.73111124 8.75490741 0.20000000
      vertex 3.70836959 8.66747548 0.00000000
      vertex 3.70836959 8.66747548 0.20000000
    endloop
  endfacet
  facet normal -0.96779730 0.25173080 0.00000000
    outer loop
      vertex 3.73111124 8.75490741 0.20000000
      vertex 3.73111124 8.75490741 0.00000000
      vertex 3.70836959 8.66747548 0.00000000
    endloop
  endfacet
  facet normal 0.96779730 -0.25173080 0.00000000
    outer loop
      vertex 3.38505125 8.85455383 0.20000000
      vertex 3.35772224 8.74948546 0.20000000
      vertex 3.35772224 8.74948546 0.00000000
    endloop
  endfacet
  facet normal 0.96779730 -0.25173080 0.00000000
    outer loop
      vertex 3.38505125 8.85455383 0.20000000
      vertex 3.35772224 8.74948546 0.00000000
      vertex 3.38505125 8.85455383 0.00000000
    endloop
  endfacet
  facet normal 0.00000000 0.00000000 1.00000000
    outer loop
      vertex 3.70836959 8.66747548 0.20000000
      vertex 3.33520892 8.64122643 0.20000000
      vertex 3.68939147 8.57621604 0.20000000
    endloop
  endfacet
  facet normal 0.00000000 0.00000000 1.00000000
    outer loop
      vertex 3.70836959 8.66747548 0.20000000
      vertex 3.35772224 8.74948546 0.20000000
      vertex 3.33520892 8.64122643 0.20000000
    endloop
  endfacet
  facet normal 0.00000000 0.00000000 -1.00000000
    outer loop
      vertex 3.70836959 8.66747548 0.00000000
      vertex 3.68939147 8.57621604 0.00000000
      vertex 3.33520892 8.64122643 0.00000000
    endloop
  endfacet
  facet normal -0.00000000 0.00000000 -1.00000000
    outer loop
      vertex 3.70836959 8.66747548 0.00000000
      vertex 3.33520892 8.64122643 0.00000000
      vertex 3.35772224 8.74948546 0.00000000
    endloop
  endfacet
  facet normal -0.97905375 0.20360194 0.00000000
    outer loop
      vertex 3.70836959 8.66747548 0.20000000
      vertex 3.68939147 8.57621604 0.00000000
      vertex 3.68939147 8.57621604 0.20000000
    endloop
  endfacet
  facet normal -0.97905375 0.20360194 0.00000000
    outer loop
      vertex 3.70836959 8.66747548 0.20000000
      vertex 3.70836959 8.66747548 0.00000000
      vertex 3.68939147 8.57621604 0.00000000
    endloop
  endfacet
  facet normal 0.97905375 -0.20360194 0.00000000
    outer loop
      vertex 3.35772224 8.74948546 0.20000000
      vertex 3.33520892 8.64122643 0.20000000
      vertex 3.33520892 8.64122643 0.00000000
    endloop
  endfacet
  facet normal 0.97905375 -0.20360194 0.00000000
    outer loop
      vertex 3.35772224 8.74948546 0.20000000
      vertex 3.33520892 8.64122643 0.00000000
      vertex 3.35772224 8.74948546 0.00000000
    endloop
  endfacet
  facet normal 0.00000000 0.00000000 1.00000000
    outer loop
      vertex 3.68939147 8.57621604 0.20000000
      vertex 3.31745550 8.52981698 0.20000000
      vertex 3.67423268 8.48108884 0.20000000
    endloop
  endfacet
  facet normal 0.00000000 0.00000000 1.00000000
    outer loop
      vertex 3.68939147 8.57621604 0.20000000
      vertex 3.33520892 8.64122643 0.20000000
      vertex 3.31745550 8.52981698 0.20000000
    endloop
  endfacet
  facet normal 0.00000000 0.00000000 -1.00000000
    outer loop
      vertex 3.68939147 8.57621604 0.00000000
      vertex 3.67423268 8.48108884 0.00000000
      vertex 3.31745550 8.52981698 0.00000000
    endloop
  endfacet
  facet normal -0.00000000 0.00000000 -1.00000000
    outer loop
      vertex 3.68939147 8.57621604 0.00000000
      vertex 3.31745550 8.52981698 0.00000000
      vertex 3.33520892 8.64122643 0.00000000
    endloop
  endfacet
  facet normal -0.98754013 0.15736738 0.00000000
    outer loop
      vertex 3.68939147 8.57621604 0.20000000
      vertex 3.67423268 8.48108884 0.00000000
      vertex 3.67423268 8.48108884 0.20000000
    endloop
  endfacet
  facet normal -0.98754013 0.15736738 0.00000000
    outer loop
      vertex 3.68939147 8.57621604 0.20000000
      vertex 3.68939147 8.57621604 0.00000000
      vertex 3.67423268 8.48108884 0.00000000
    endloop
  endfacet
  facet normal 0.98754013 -0.15736738 0.00000000
    outer loop
      vertex 3.33520892 8.64122643 0.20000000
      vertex 3.31745550 8.52981698 0.20000000
      vertex 3.31745550 8.52981698 0.00000000
    endloop
  endfacet
  facet normal 0.98754013 -0.15736738 0.00000000
    outer loop
      vertex 3.33520892 8.64122643 0.20000000
      vertex 3.31745550 8.52981698 0.00000000
      vertex 3.33520892 8.64122643 0.00000000
    endloop
  endfacet
  facet normal 0.00000000 0.00000000 1.00000000
    outer loop
      vertex 3.67423268 8.48108884 0.20000000
      vertex 3.30440525 8.41528342 0.20000000
      vertex 3.66294994 8.38206756 0.20000000
    endloop
  endfacet
  facet normal 0.00000000 0.00000000 1.00000000
    outer loop
      vertex 3.67423268 8.48108884 0.20000000
      vertex 3.31745550 8.52981698 0.20000000
      vertex 3.30440525 8.41528342 0.20000000
    endloop
  endfacet
  facet normal 0.00000000 0.00000000 -1.00000000
    outer loop
      vertex 3.67423268 8.48108884 0.00000000
      vertex 3.66294994 8.38206756 0.00000000
      vertex 3.30440525 8.41528342 0.00000000
    endloop
  endfacet
  facet normal -0.00000000 0.00000000 -1.00000000
    outer loop
      vertex 3.67423268 8.48108884 0.00000000
      vertex 3.30440525 8.41528342 0.00000000
      vertex 3.31745550 8.52981698 0.00000000
    endloop
  endfacet
  facet normal -0.99357108 0.11321005 0.00000000
    outer loop
      vertex 3.67423268 8.48108884 0.20000000
      vertex 3.66294994 8.38206756 0.00000000
      vertex 3.66294994 8.38206756 0.20000000
    endloop
  endfacet
  facet normal -0.99357108 0.11321005 0.00000000
    outer loop
      vertex 3.67423268 8.48108884 0.20000000
      vertex 3.67423268 8.48108884 0.00000000
      vertex 3.66294994 8.38206756 0.00000000
    endloop
  endfacet
  facet normal 0.99357108 -0.11321005 0.00000000
    outer loop
      vertex 3.31745550 8.52981698 0.20000000
      vertex 3.30440525 8.41528342 0.20000000
      vertex 3.30440525 8.41528342 0.00000000
    endloop
  endfacet
  facet normal 0.99357108 -0.11321005 0.00000000
    outer loop
      vertex 3.31745550 8.52981698 0.20000000
      vertex 3.30440525 8.41528342 0.00000000
      vertex 3.31745550 8.52981698 0.00000000
    endloop
  endfacet
  facet normal 0.00000000 0.00000000 1.00000000
    outer loop
      vertex 3.66294994 8.38206756 0.20000000
      vertex 3.29600293 8.29764002 0.20000000
      vertex 3.65559850 8.27913794 0.20000000
    endloop
  endfacet
  facet normal 0.00000000 0.00000000 1.00000000
    outer loop
      vertex 3.66294994 8.38206756 0.20000000
      vertex 3.30440525 8.41528342 0.20000000
      vertex 3.29600293 8.29764002 0.20000000
    endloop
  endfacet
  facet normal 0.00000000 0.00000000 -1.00000000
    outer loop
      vertex 3.66294994 8.38206756 0.00000000
      vertex 3.65559850 8.27913794 0.00000000
      vertex 3.29600293 8.29764002 0.00000000
    endloop
  endfacet
  facet normal -0.00000000 0.00000000 -1.00000000
    outer loop
      vertex 3.66294994 8.38206756 0.00000000
      vertex 3.29600293 8.29764002 0.00000000
      vertex 3.30440525 8.41528342 0.00000000
    endloop
  endfacet
  facet normal -0.99745917 0.07124052 0.00000000
    outer loop
      vertex 3.66294994 8.38206756 0.20000000
      vertex 3.65559850 8.27913794 0.00000000
      vertex 3.65559850 8.27913794 0.20000000
    endloop
  endfacet
  facet normal -0.99745917 0.07124052 0.00000000
    outer loop
      vertex 3.66294994 8.38206756 0.20000000
      vertex 3.66294994 8.38206756 0.00000000
      vertex 3.65559850 8.27913794 0.00000000
    endloop
  endfacet
  facet normal 0.99745917 -0.07124052 0.00000000
    outer loop
      vertex 3.30440525 8.41528342 0.20000000
      vertex 3.29600293 8.29764002 0.20000000
      vertex 3.29600293 8.29764002 0.00000000
    endloop
  endfacet
  facet normal 0.99745917 -0.07124052 0.00000000
    outer loop
      vertex 3.30440525 8.41528342 0.20000000
      vertex 3.29600293 8.29764002 0.00000000
      vertex 3.30440525 8.41528342 0.00000000
    endloop
  endfacet
  facet normal 0.00000000 0.00000000 1.00000000
    outer loop
      vertex 3.65559850 8.27913794 0.20000000
      vertex 3.29219646 8.17689107 0.20000000
      vertex 3.65223043 8.17229569 0.20000000
    endloop
  endfacet
  facet normal 0.00000000 0.00000000 1.00000000
    outer loop
      vertex 3.65559850 8.27913794 0.20000000
      vertex 3.29600293 8.29764002 0.20000000
      vertex 3.29219646 8.17689107 0.20000000
    endloop
  endfacet
  facet normal 0.00000000 0.00000000 -1.00000000
    outer loop
      vertex 3.65559850 8.27913794 0.00000000
      vertex 3.65223043 8.17229569 0.00000000
      vertex 3.29219646 8.17689107 0.00000000
    endloop
  endfacet
  facet normal -0.00000000 0.00000000 -1.00000000
    outer loop
      vertex 3.65559850 8.27913794 0.00000000
      vertex 3.29219646 8.17689107 0.00000000
      vertex 3.29600293 8.29764002 0.00000000
    endloop
  endfacet
  facet normal -0.99950349 0.03150815 0.00000000
    outer loop
      vertex 3.65559850 8.27913794 0.20000000
      vertex 3.65223043 8.17229569 0.00000000
      vertex 3.65223043 8.17229569 0.20000000
    endloop
  endfacet
  facet normal -0.99950349 0.03150815 0.00000000
    outer loop
      vertex 3.65559850 8.27913794 0.20000000
      vertex 3.65559850 8.27913794 0.00000000
      vertex 3.65223043 8.17229569 0.00000000
    endloop
  endfacet
  facet normal 0.99950349 -0.03150815 0.00000000
    outer loop
      vertex 3.29600293 8.29764002 0.20000000
      vertex 3.29219646 8.17689107 0.20000000
      vertex 3.29219646 8.17689107 0.00000000
    endloop
  endfacet
  facet normal 0.99950349 -0.03150815 0.00000000
    outer loop
      vertex 3.29600293 8.29764002 0.20000000
      vertex 3.29219646 8.17689107 0.00000000
      vertex 3.29600293 8.29764002 0.00000000
    endloop
  endfacet
  facet normal 0.00000000 0.00000000 1.00000000
    outer loop
      vertex 3.65223043 8.17229569 0.20000000
      vertex 3.29293804 8.05303293 0.20000000
      vertex 3.65289353 8.06154444 0.20000000
    endloop
  endfacet
  facet normal 0.00000000 0.00000000 1.00000000
    outer loop
      vertex 3.65223043 8.17229569 0.20000000
      vertex 3.29219646 8.17689107 0.20000000
      vertex 3.29293804 8.05303293 0.20000000
    endloop
  endfacet
  facet normal 0.00000000 -0.00000000 -1.00000000
    outer loop
      vertex 3.65223043 8.17229569 0.00000000
      vertex 3.65289353 8.06154444 0.00000000
      vertex 3.29293804 8.05303293 0.00000000
    endloop
  endfacet
  facet normal -0.00000000 0.00000000 -1.00000000
    outer loop
      vertex 3.65223043 8.17229569 0.00000000
      vertex 3.29293804 8.05303293 0.00000000
      vertex 3.29219646 8.17689107 0.00000000
    endloop
  endfacet
  facet normal -0.99998208 -0.00598722 0.00000000
    outer loop
      vertex 3.65223043 8.17229569 0.20000000
      vertex 3.65289353 8.06154444 0.00000000
      vertex 3.65289353 8.06154444 0.20000000
    endloop
  endfacet
  facet normal -0.99998208 -0.00598722 -0.00000000
    outer loop
      vertex 3.65223043 8.17229569 0.20000000
      vertex 3.65223043 8.17229569 0.00000000
      vertex 3.65289353 8.06154444 0.00000000
    endloop
  endfacet
  facet normal 0.99998208 0.00598722 0.00000000
    outer loop
      vertex 3.29219646 8.17689107 0.20000000
      vertex 3.29293804 8.05303293 0.20000000
      vertex 3.29293804 8.05303293 0.00000000
    endloop
  endfacet
  facet normal 0.99998208 0.00598722 0.00000000
    outer loop
      vertex 3.29219646 8.17689107 0.20000000
      vertex 3.29293804 8.05303293 0.00000000
      vertex 3.29219646 8.17689107 0.00000000
    endloop
  endfacet
  facet normal 0.00000000 0.00000000 1.00000000
    outer loop
      vertex 3.65289353 8.06154444 0.20000000
      vertex 3.29818465 7.92605597 0.20000000
      vertex 3.65763082 7.94689383 0.20000000
    endloop
  endfacet
  facet normal 0.00000000 0.00000000 1.00000000
    outer loop
      vertex 3.65289353 8.06154444 0.20000000
      vertex 3.29293804 8.05303293 0.20000000
      vertex 3.29818465 7.92605597 0.20000000
    endloop
  endfacet
  facet normal 0.00000000 -0.00000000 -1.00000000
    outer loop
      vertex 3.65289353 8.06154444 0.00000000
      vertex 3.65763082 7.94689383 0.00000000
      vertex 3.29818465 7.92605597 0.00000000
    endloop
  endfacet
  facet normal 0.00000000 0.00000000 -1.00000000
    outer loop
      vertex 3.65289353 8.06154444 0.00000000
      vertex 3.29818465 7.92605597 0.00000000
      vertex 3.29293804 8.05303293 0.00000000
    endloop
  endfacet
  facet normal -0.99914744 -0.04128418 0.00000000
    outer loop
      vertex 3.65289353 8.06154444 0.20000000
      vertex 3.65763082 7.94689383 0.00000000
      vertex 3.65763082 7.94689383 0.20000000
    endloop
  endfacet
  facet normal -0.99914744 -0.04128418 -0.00000000
    outer loop
      vertex 3.65289353 8.06154444 0.20000000
      vertex 3.65289353 8.06154444 0.00000000
      vertex 3.65763082 7.94689383 0.00000000
    endloop
  endfacet
  facet normal 0.99914744 0.04128418 0.00000000
    outer loop
      vertex 3.29293804 8.05303293 0.20000000
      vertex 3.29818465 7.92605597 0.20000000
      vertex 3.29818465 7.92605597 0.00000000
    endloop
  endfacet
  facet normal 0.99914744 0.04128418 0.00000000
    outer loop
      vertex 3.29293804 8.05303293 0.20000000
      vertex 3.29818465 7.92605597 0.00000000
      vertex 3.29293804 8.05303293 0.00000000
    endloop
  endfacet
  facet normal 0.00000000 0.00000000 1.00000000
    outer loop
      vertex 3.65763082 7.94689383 0.20000000
      vertex 3.30779514 7.79732722 0.20000000
      vertex 3.66658346 7.82697682 0.20000000
    endloop
  endfacet
  facet normal 0.00000000 0.00000000 1.00000000
    outer loop
      vertex 3.65763082 7.94689383 0.20000000
      vertex 3.29818465 7.92605597 0.20000000
      vertex 3.30779514 7.79732722 0.20000000
    endloop
  endfacet
  facet normal 0.00000000 -0.00000000 -1.00000000
    outer loop
      vertex 3.65763082 7.94689383 0.00000000
      vertex 3.66658346 7.82697682 0.00000000
      vertex 3.30779514 7.79732722 0.00000000
    endloop
  endfacet
  facet normal 0.00000000 0.00000000 -1.00000000
    outer loop
      vertex 3.65763082 7.94689383 0.00000000
      vertex 3.30779514 7.79732722 0.00000000
      vertex 3.29818465 7.92605597 0.00000000
    endloop
  endfacet
  facet normal -0.99722477 -0.07444975 0.00000000
    outer loop
      vertex 3.65763082 7.94689383 0.20000000
      vertex 3.66658346 7.82697682 0.00000000
      vertex 3.66658346 7.82697682 0.20000000
    endloop
  endfacet
  facet normal -0.99722477 -0.07444975 -0.00000000
    outer loop
      vertex 3.65763082 7.94689383 0.20000000
      vertex 3.65763082 7.94689383 0.00000000
      vertex 3.66658346 7.82697682 0.00000000
    endloop
  endfacet
  facet normal 0.99722477 0.07444975 0.00000000
    outer loop
      vertex 3.29818465 7.92605597 0.20000000
      vertex 3.30779514 7.79732722 0.20000000
      vertex 3.30779514 7.79732722 0.00000000
    endloop
  endfacet
  facet normal 0.99722477 0.07444975 0.00000000
    outer loop
      vertex 3.29818465 7.92605597 0.20000000
      vertex 3.30779514 7.79732722 0.00000000
      vertex 3.29818465 7.92605597 0.00000000
    endloop
  endfacet
  facet normal 0.00000000 0.00000000 1.00000000
    outer loop
      vertex 3.66658346 7.82697682 0.20000000
      vertex 4.41217808 -4.38832174 0.20000000
      vertex 4.77096635 -4.35867171 0.20000000
    endloop
  endfacet
  facet normal 0.00000000 0.00000000 1.00000000
    outer loop
      vertex 3.66658346 7.82697682 0.20000000
      vertex 3.30779514 7.79732722 0.20000000
      vertex 4.41217808 -4.38832174 0.20000000
    endloop
  endfacet
  facet normal 0.00000000 0.00000000 -1.00000000
    outer loop
      vertex 3.66658346 7.82697682 0.00000000
      vertex 4.77096635 -4.35867171 0.00000000
      vertex 4.41217808 -4.38832174 0.00000000
    endloop
  endfacet
  facet normal 0.00000000 -0.00000000 -1.00000000
    outer loop
      vertex 3.66658346 7.82697682 0.00000000
      vertex 4.41217808 -4.38832174 0.00000000
      vertex 3.30779514 7.79732722 0.00000000
    endloop
  endfacet
  facet normal -0.99591825 -0.09025987 0.00000000
    outer loop
      vertex 3.66658346 7.82697682 0.20000000
      vertex 4.77096635 -4.35867171 0.00000000
      vertex 4.77096635 -4.35867171 0.20000000
    endloop
  endfacet
  facet normal -0.99591825 -0.09025987 -0.00000000
    outer loop
      vertex 3.66658346 7.82697682 0.20000000
      vertex 3.66658346 7.82697682 0.00000000
      vertex 4.77096635 -4.35867171 0.00000000
    endloop
  endfacet
  facet normal 0.99591825 0.09025987 0.00000000
    outer loop
      vertex 3.30779514 7.79732722 0.20000000
      vertex 4.41217808 -4.38832174 0.20000000
      vertex 4.41217808 -4.38832174 0.00000000
    endloop
  endfacet
  facet normal 0.99591825 0.09025987 0.00000000
    outer loop
      vertex 3.30779514 7.79732722 0.20000000
      vertex 4.41217808 -4.38832174 0.00000000
      vertex 3.30779514 7.79732722 0.00000000
    endloop
  endfacet
  facet normal 0.00000000 0.00000000 1.00000000
    outer loop
      vertex 4.77096635 -4.35867171 0.20000000
      vertex 4.41391200 -4.41154626 0.20000000
      vertex 4.77335797 -4.39070542 0.20000000
    endloop
  endfacet
  facet normal 0.00000000 0.00000000 1.00000000
    outer loop
      vertex 4.77096635 -4.35867171 0.20000000
      vertex 4.41217808 -4.38832174 0.20000000
      vertex 4.41391200 -4.41154626 0.20000000
    endloop
  endfacet
  facet normal 0.00000000 -0.00000000 -1.00000000
    outer loop
      vertex 4.77096635 -4.35867171 0.00000000
      vertex 4.77335797 -4.39070542 0.00000000
      vertex 4.41391200 -4.41154626 0.00000000
    endloop
  endfacet
  facet normal 0.00000000 0.00000000 -1.00000000
    outer loop
      vertex 4.77096635 -4.35867171 0.00000000
      vertex 4.41391200 -4.41154626 0.00000000
      vertex 4.41217808 -4.38832174 0.00000000
    endloop
  endfacet
  facet normal -0.99722459 -0.07445215 0.00000000
    outer loop
      vertex 4.77096635 -4.35867171 0.20000000
      vertex 4.77335797 -4.39070542 0.00000000
      vertex 4.77335797 -4.39070542 0.20000000
    endloop
  endfacet
  facet normal -0.99722459 -0.07445215 -0.00000000
    outer loop
      vertex 4.77096635 -4.35867171 0.20000000
      vertex 4.77096635 -4.35867171 0.00000000
      vertex 4.77335797 -4.39070542 0.00000000
    endloop
  endfacet
  facet normal 0.99722459 0.07445215 0.00000000
    outer loop
      vertex 4.41217808 -4.38832174 0.20000000
      vertex 4.41391200 -4.41154626 0.20000000
      vertex 4.41391200 -4.41154626 0.00000000
    endloop
  endfacet
  facet normal 0.99722459 0.07445215 0.00000000
    outer loop
      vertex 4.41217808 -4.38832174 0.20000000
      vertex 4.41391200 -4.41154626 0.00000000
      vertex 4.41217808 -4.38832174 0.00000000
    endloop
  endfacet
  facet normal 0.00000000 0.00000000 1.00000000
    outer loop
      vertex 4.77335797 -4.39070542 0.20000000
      vertex 4.41476731 -4.43223909 0.20000000
      vertex 4.77472252 -4.42371845 0.20000000
    endloop
  endfacet
  facet normal 0.00000000 0.00000000 1.00000000
    outer loop
      vertex 4.77335797 -4.39070542 0.20000000
      vertex 4.41391200 -4.41154626 0.20000000
      vertex 4.41476731 -4.43223909 0.20000000
    endloop
  endfacet
  facet normal 0.00000000 -0.00000000 -1.00000000
    outer loop
      vertex 4.77335797 -4.39070542 0.00000000
      vertex 4.77472252 -4.42371845 0.00000000
      vertex 4.41476731 -4.43223909 0.00000000
    endloop
  endfacet
  facet normal 0.00000000 0.00000000 -1.00000000
    outer loop
      vertex 4.77335797 -4.39070542 0.00000000
      vertex 4.41476731 -4.43223909 0.00000000
      vertex 4.41391200 -4.41154626 0.00000000
    endloop
  endfacet
  facet normal -0.99914686 -0.04129834 0.00000000
    outer loop
      vertex 4.77335797 -4.39070542 0.20000000
      vertex 4.77472252 -4.42371845 0.00000000
      vertex 4.77472252 -4.42371845 0.20000000
    endloop
  endfacet
  facet normal -0.99914686 -0.04129834 -0.00000000
    outer loop
      vertex 4.77335797 -4.39070542 0.20000000
      vertex 4.77335797 -4.39070542 0.00000000
      vertex 4.77472252 -4.42371845 0.00000000
    endloop
  endfacet
  facet normal 0.99914686 0.04129834 0.00000000
    outer loop
      vertex 4.41391200 -4.41154626 0.20000000
      vertex 4.41476731 -4.43223909 0.20000000
      vertex 4.41476731 -4.43223909 0.00000000
    endloop
  endfacet
  facet normal 0.99914686 0.04129834 0.00000000
    outer loop
      vertex 4.41391200 -4.41154626 0.20000000
      vertex 4.41476731 -4.43223909 0.00000000
      vertex 4.41391200 -4.41154626 0.00000000
    endloop
  endfacet
  facet normal 0.00000000 0.00000000 1.00000000
    outer loop
      vertex 4.77472252 -4.42371845 0.20000000
      vertex 4.41488495 -4.45176756 0.20000000
      vertex 4.77491905 -4.45634347 0.20000000
    endloop
  endfacet
  facet normal 0.00000000 0.00000000 1.00000000
    outer loop
      vertex 4.77472252 -4.42371845 0.20000000
      vertex 4.41476731 -4.43223909 0.20000000
      vertex 4.41488495 -4.45176756 0.20000000
    endloop
  endfacet
  facet normal 0.00000000 -0.00000000 -1.00000000
    outer loop
      vertex 4.77472252 -4.42371845 0.00000000
      vertex 4.77491905 -4.45634347 0.00000000
      vertex 4.41488495 -4.45176756 0.00000000
    endloop
  endfacet
  facet normal 0.00000000 0.00000000 -1.00000000
    outer loop
      vertex 4.77472252 -4.42371845 0.00000000
      vertex 4.41488495 -4.45176756 0.00000000
      vertex 4.41476731 -4.43223909 0.00000000
    endloop
  endfacet
  facet normal -0.99998186 -0.00602383 0.00000000
    outer loop
      vertex 4.77472252 -4.42371845 0.20000000
      vertex 4.77491905 -4.45634347 0.00000000
      vertex 4.77491905 -4.45634347 0.20000000
    endloop
  endfacet
  facet normal -0.99998186 -0.00602383 -0.00000000
    outer loop
      vertex 4.77472252 -4.42371845 0.20000000
      vertex 4.77472252 -4.42371845 0.00000000
      vertex 4.77491905 -4.45634347 0.00000000
    endloop
  endfacet
  facet normal 0.99998186 0.00602383 0.00000000
    outer loop
      vertex 4.41476731 -4.43223909 0.20000000
      vertex 4.41488495 -4.45176756 0.20000000
      vertex 4.41488495 -4.45176756 0.00000000
    endloop
  endfacet
  facet normal 0.99998186 0.00602383 0.00000000
    outer loop
      vertex 4.41476731 -4.43223909 0.20000000
      vertex 4.41488495 -4.45176756 0.00000000
      vertex 4.41476731 -4.43223909 0.00000000
    endloop
  endfacet
  facet normal 0.00000000 0.00000000 1.00000000
    outer loop
      vertex 4.77491905 -4.45634347 0.20000000
      vertex 4.41430765 -4.47012233 0.20000000
      vertex 4.77390483 -4.48858983 0.20000000
    endloop
  endfacet
  facet normal 0.00000000 0.00000000 1.00000000
    outer loop
      vertex 4.77491905 -4.45634347 0.20000000
      vertex 4.41488495 -4.45176756 0.20000000
      vertex 4.41430765 -4.47012233 0.20000000
    endloop
  endfacet
  facet normal 0.00000000 0.00000000 -1.00000000
    outer loop
      vertex 4.77491905 -4.45634347 0.00000000
      vertex 4.77390483 -4.48858983 0.00000000
      vertex 4.41430765 -4.47012233 0.00000000
    endloop
  endfacet
  facet normal -0.00000000 0.00000000 -1.00000000
    outer loop
      vertex 4.77491905 -4.45634347 0.00000000
      vertex 4.41430765 -4.47012233 0.00000000
      vertex 4.41488495 -4.45176756 0.00000000
    endloop
  endfacet
  facet normal -0.99950575 0.03143667 0.00000000
    outer loop
      vertex 4.77491905 -4.45634347 0.20000000
      vertex 4.77390483 -4.48858983 0.00000000
      vertex 4.77390483 -4.48858983 0.20000000
    endloop
  endfacet
  facet normal -0.99950575 0.03143667 0.00000000
    outer loop
      vertex 4.77491905 -4.45634347 0.20000000
      vertex 4.77491905 -4.45634347 0.00000000
      vertex 4.77390483 -4.48858983 0.00000000
    endloop
  endfacet
  facet normal 0.99950575 -0.03143667 0.00000000
    outer loop
      vertex 4.41488495 -4.45176756 0.20000000
      vertex 4.41430765 -4.47012233 0.20000000
      vertex 4.41430765 -4.47012233 0.00000000
    endloop
  endfacet
  facet normal 0.99950575 -0.03143667 0.00000000
    outer loop
      vertex 4.41488495 -4.45176756 0.20000000
      vertex 4.41430765 -4.47012233 0.00000000
      vertex 4.41488495 -4.45176756 0.00000000
    endloop
  endfacet
  facet normal 0.00000000 0.00000000 1.00000000
    outer loop
      vertex 4.77390483 -4.48858983 0.20000000
      vertex 4.41308287 -4.48730008 0.20000000
      vertex 4.77163241 -4.52046084 0.20000000
    endloop
  endfacet
  facet normal 0.00000000 0.00000000 1.00000000
    outer loop
      vertex 4.77390483 -4.48858983 0.20000000
      vertex 4.41430765 -4.47012233 0.20000000
      vertex 4.41308287 -4.48730008 0.20000000
    endloop
  endfacet
  facet normal -0.00000000 0.00000000 -1.00000000
    outer loop
      vertex 4.77390483 -4.48858983 0.00000000
      vertex 4.77163241 -4.52046084 0.00000000
      vertex 4.41308287 -4.48730008 0.00000000
    endloop
  endfacet
  facet normal 0.00000000 0.00000000 -1.00000000
    outer loop
      vertex 4.77390483 -4.48858983 0.00000000
      vertex 4.41308287 -4.48730008 0.00000000
      vertex 4.41430765 -4.47012233 0.00000000
    endloop
  endfacet
  facet normal -0.99746777 0.07112002 0.00000000
    outer loop
      vertex 4.77390483 -4.48858983 0.20000000
      vertex 4.77163241 -4.52046084 0.00000000
      vertex 4.77163241 -4.52046084 0.20000000
    endloop
  endfacet
  facet normal -0.99746777 0.07112002 0.00000000
    outer loop
      vertex 4.77390483 -4.48858983 0.20000000
      vertex 4.77390483 -4.48858983 0.00000000
      vertex 4.77163241 -4.52046084 0.00000000
    endloop
  endfacet
  facet normal 0.99746777 -0.07112002 0.00000000
    outer loop
      vertex 4.41430765 -4.47012233 0.20000000
      vertex 4.41308287 -4.48730008 0.20000000
      vertex 4.41308287 -4.48730008 0.00000000
    endloop
  endfacet
  facet normal 0.99746777 -0.07112002 0.00000000
    outer loop
      vertex 4.41430765 -4.47012233 0.20000000
      vertex 4.41308287 -4.48730008 0.00000000
      vertex 4.41430765 -4.47012233 0.00000000
    endloop
  endfacet
  facet normal 0.00000000 0.00000000 1.00000000
    outer loop
      vertex 4.77163241 -4.52046084 0.20000000
      vertex 4.41126221 -4.50330535 0.20000000
      vertex 4.76805018 -4.55195196 0.20000000
    endloop
  endfacet
  facet normal 0.00000000 0.00000000 1.00000000
    outer loop
      vertex 4.77163241 -4.52046084 0.20000000
      vertex 4.41308287 -4.48730008 0.20000000
      vertex 4.41126221 -4.50330535 0.20000000
    endloop
  endfacet
  facet normal -0.00000000 0.00000000 -1.00000000
    outer loop
      vertex 4.77163241 -4.52046084 0.00000000
      vertex 4.76805018 -4.55195196 0.00000000
      vertex 4.41126221 -4.50330535 0.00000000
    endloop
  endfacet
  facet normal 0.00000000 0.00000000 -1.00000000
    outer loop
      vertex 4.77163241 -4.52046084 0.00000000
      vertex 4.41126221 -4.50330535 0.00000000
      vertex 4.41308287 -4.48730008 0.00000000
    endloop
  endfacet
  facet normal -0.99359217 0.11302481 0.00000000
    outer loop
      vertex 4.77163241 -4.52046084 0.20000000
      vertex 4.76805018 -4.55195196 0.00000000
      vertex 4.76805018 -4.55195196 0.20000000
    endloop
  endfacet
  facet normal -0.99359217 0.11302481 0.00000000
    outer loop
      vertex 4.77163241 -4.52046084 0.20000000
      vertex 4.77163241 -4.52046084 0.00000000
      vertex 4.76805018 -4.55195196 0.00000000
    endloop
  endfacet
  facet normal 0.99359217 -0.11302481 0.00000000
    outer loop
      vertex 4.41308287 -4.48730008 0.20000000
      vertex 4.41126221 -4.50330535 0.20000000
      vertex 4.41126221 -4.50330535 0.00000000
    endloop
  endfacet
  facet normal 0.99359217 -0.11302481 0.00000000
    outer loop
      vertex 4.41308287 -4.48730008 0.20000000
      vertex 4.41126221 -4.50330535 0.00000000
      vertex 4.41308287 -4.48730008 0.00000000
    endloop
  endfacet
  facet normal 0.00000000 0.00000000 1.00000000
    outer loop
      vertex 4.76805018 -4.55195196 0.20000000
      vertex 4.40890038 -4.51815259 0.20000000
      vertex 4.76310343 -4.58304875 0.20000000
    endloop
  endfacet
  facet normal 0.00000000 0.00000000 1.00000000
    outer loop
      vertex 4.76805018 -4.55195196 0.20000000
      vertex 4.41126221 -4.50330535 0.20000000
      vertex 4.40890038 -4.51815259 0.20000000
    endloop
  endfacet
  facet normal -0.00000000 0.00000000 -1.00000000
    outer loop
      vertex 4.76805018 -4.55195196 0.00000000
      vertex 4.76310343 -4.58304875 0.00000000
      vertex 4.40890038 -4.51815259 0.00000000
    endloop
  endfacet
  facet normal 0.00000000 0.00000000 -1.00000000
    outer loop
      vertex 4.76805018 -4.55195196 0.00000000
      vertex 4.40890038 -4.51815259 0.00000000
      vertex 4.41126221 -4.50330535 0.00000000
    endloop
  endfacet
  facet normal -0.98758263 0.15710041 0.00000000
    outer loop
      vertex 4.76805018 -4.55195196 0.20000000
      vertex 4.76310343 -4.58304875 0.00000000
      vertex 4.76310343 -4.58304875 0.20000000
    endloop
  endfacet
  facet normal -0.98758263 0.15710041 0.00000000
    outer loop
      vertex 4.76805018 -4.55195196 0.20000000
      vertex 4.76805018 -4.55195196 0.00000000
      vertex 4.76310343 -4.58304875 0.00000000
    endloop
  endfacet
  facet normal 0.98758263 -0.15710041 0.00000000
    outer loop
      vertex 4.41126221 -4.50330535 0.20000000
      vertex 4.40890038 -4.51815259 0.20000000
      vertex 4.40890038 -4.51815259 0.00000000
    endloop
  endfacet
  facet normal 0.98758263 -0.15710041 0.00000000
    outer loop
      vertex 4.41126221 -4.50330535 0.20000000
      vertex 4.40890038 -4.51815259 0.00000000
      vertex 4.41126221 -4.50330535 0.00000000
    endloop
  endfacet
  facet normal 0.00000000 0.00000000 1.00000000
    outer loop
      vertex 4.76310343 -4.58304875 0.20000000
      vertex 4.40605347 -4.53186817 0.20000000
      vertex 4.75673608 -4.61372483 0.20000000
    endloop
  endfacet
  facet normal 0.00000000 0.00000000 1.00000000
    outer loop
      vertex 4.76310343 -4.58304875 0.20000000
      vertex 4.40890038 -4.51815259 0.20000000
      vertex 4.40605347 -4.53186817 0.20000000
    endloop
  endfacet
  facet normal -0.00000000 0.00000000 -1.00000000
    outer loop
      vertex 4.76310343 -4.58304875 0.00000000
      vertex 4.75673608 -4.61372483 0.00000000
      vertex 4.40605347 -4.53186817 0.00000000
    endloop
  endfacet
  facet normal 0.00000000 0.00000000 -1.00000000
    outer loop
      vertex 4.76310343 -4.58304875 0.00000000
      vertex 4.40605347 -4.53186817 0.00000000
      vertex 4.40890038 -4.51815259 0.00000000
    endloop
  endfacet
  facet normal -0.97912988 0.20323555 0.00000000
    outer loop
      vertex 4.76310343 -4.58304875 0.20000000
      vertex 4.75673608 -4.61372483 0.00000000
      vertex 4.75673608 -4.61372483 0.20000000
    endloop
  endfacet
  facet normal -0.97912988 0.20323555 0.00000000
    outer loop
      vertex 4.76310343 -4.58304875 0.20000000
      vertex 4.76310343 -4.58304875 0.00000000
      vertex 4.75673608 -4.61372483 0.00000000
    endloop
  endfacet
  facet normal 0.97912988 -0.20323555 0.00000000
    outer loop
      vertex 4.40890038 -4.51815259 0.20000000
      vertex 4.40605347 -4.53186817 0.20000000
      vertex 4.40605347 -4.53186817 0.00000000
    endloop
  endfacet
  facet normal 0.97912988 -0.20323555 0.00000000
    outer loop
      vertex 4.40890038 -4.51815259 0.20000000
      vertex 4.40605347 -4.53186817 0.00000000
      vertex 4.40890038 -4.51815259 0.00000000
    endloop
  endfacet
  facet normal 0.00000000 0.00000000 1.00000000
    outer loop
      vertex 4.75673608 -4.61372483 0.20000000
      vertex 4.40277659 -4.54449224 0.20000000
      vertex 4.74889300 -4.64394004 0.20000000
    endloop
  endfacet
  facet normal 0.00000000 0.00000000 1.00000000
    outer loop
      vertex 4.75673608 -4.61372483 0.20000000
      vertex 4.40605347 -4.53186817 0.20000000
      vertex 4.40277659 -4.54449224 0.20000000
    endloop
  endfacet
  facet normal -0.00000000 0.00000000 -1.00000000
    outer loop
      vertex 4.75673608 -4.61372483 0.00000000
      vertex 4.74889300 -4.64394004 0.00000000
      vertex 4.40277659 -4.54449224 0.00000000
    endloop
  endfacet
  facet normal 0.00000000 0.00000000 -1.00000000
    outer loop
      vertex 4.75673608 -4.61372483 0.00000000
      vertex 4.40277659 -4.54449224 0.00000000
      vertex 4.40605347 -4.53186817 0.00000000
    endloop
  endfacet
  facet normal -0.96792292 0.25124732 0.00000000
    outer loop
      vertex 4.75673608 -4.61372483 0.20000000
      vertex 4.74889300 -4.64394004 0.00000000
      vertex 4.74889300 -4.64394004 0.20000000
    endloop
  endfacet
  facet normal -0.96792292 0.25124732 0.00000000
    outer loop
      vertex 4.75673608 -4.61372483 0.20000000
      vertex 4.75673608 -4.61372483 0.00000000
      vertex 4.74889300 -4.64394004 0.00000000
    endloop
  endfacet
  facet normal 0.96792292 -0.25124732 0.00000000
    outer loop
      vertex 4.40605347 -4.53186817 0.20000000
      vertex 4.40277659 -4.54449224 0.20000000
      vertex 4.40277659 -4.54449224 0.00000000
    endloop
  endfacet
  facet normal 0.96792292 -0.25124732 0.00000000
    outer loop
      vertex 4.40605347 -4.53186817 0.20000000
      vertex 4.40277659 -4.54449224 0.00000000
      vertex 4.40605347 -4.53186817 0.00000000
    endloop
  endfacet
  facet normal 0.00000000 0.00000000 1.00000000
    outer loop
      vertex 4.74889300 -4.64394004 0.20000000
      vertex 4.39912075 -4.55608003 0.20000000
      vertex 4.73952320 -4.67363918 0.20000000
    endloop
  endfacet
  facet normal 0.00000000 0.00000000 1.00000000
    outer loop
      vertex 4.74889300 -4.64394004 0.20000000
      vertex 4.40277659 -4.54449224 0.20000000
      vertex 4.39912075 -4.55608003 0.20000000
    endloop
  endfacet
  facet normal -0.00000000 0.00000000 -1.00000000
    outer loop
      vertex 4.74889300 -4.64394004 0.00000000
      vertex 4.73952320 -4.67363918 0.00000000
      vertex 4.39912075 -4.55608003 0.00000000
    endloop
  endfacet
  facet normal 0.00000000 0.00000000 -1.00000000
    outer loop
      vertex 4.74889300 -4.64394004 0.00000000
      vertex 4.39912075 -4.55608003 0.00000000
      vertex 4.40277659 -4.54449224 0.00000000
    endloop
  endfacet
  facet normal -0.95366445 0.30087225 0.00000000
    outer loop
      vertex 4.74889300 -4.64394004 0.20000000
      vertex 4.73952320 -4.67363918 0.00000000
      vertex 4.73952320 -4.67363918 0.20000000
    endloop
  endfacet
  facet normal -0.95366445 0.30087225 0.00000000
    outer loop
      vertex 4.74889300 -4.64394004 0.20000000
      vertex 4.74889300 -4.64394004 0.00000000
      vertex 4.73952320 -4.67363918 0.00000000
    endloop
  endfacet
  facet normal 0.95366445 -0.30087225 0.00000000
    outer loop
      vertex 4.40277659 -4.54449224 0.20000000
      vertex 4.39912075 -4.55608003 0.20000000
      vertex 4.39912075 -4.55608003 0.00000000
    endloop
  endfacet
  facet normal 0.95366445 -0.30087225 0.00000000
    outer loop
      vertex 4.40277659 -4.54449224 0.20000000
      vertex 4.39912075 -4.55608003 0.00000000
      vertex 4.40277659 -4.54449224 0.00000000
    endloop
  endfacet
  facet normal 0.00000000 0.00000000 1.00000000
    outer loop
      vertex 4.73952320 -4.67363918 0.20000000
      vertex 4.39512915 -4.56670230 0.20000000
      vertex 4.72858347 -4.70275147 0.20000000
    endloop
  endfacet
  facet normal 0.00000000 0.00000000 1.00000000
    outer loop
      vertex 4.73952320 -4.67363918 0.20000000
      vertex 4.39912075 -4.55608003 0.20000000
      vertex 4.39512915 -4.56670230 0.20000000
    endloop
  endfacet
  facet normal -0.00000000 0.00000000 -1.00000000
    outer loop
      vertex 4.73952320 -4.67363918 0.00000000
      vertex 4.72858347 -4.70275147 0.00000000
      vertex 4.39512915 -4.56670230 0.00000000
    endloop
  endfacet
  facet normal 0.00000000 0.00000000 -1.00000000
    outer loop
      vertex 4.73952320 -4.67363918 0.00000000
      vertex 4.39512915 -4.56670230 0.00000000
      vertex 4.39912075 -4.55608003 0.00000000
    endloop
  endfacet
  facet normal -0.93608988 0.35176091 0.00000000
    outer loop
      vertex 4.73952320 -4.67363918 0.20000000
      vertex 4.72858347 -4.70275147 0.00000000
      vertex 4.72858347 -4.70275147 0.20000000
    endloop
  endfacet
  facet normal -0.93608988 0.35176091 0.00000000
    outer loop
      vertex 4.73952320 -4.67363918 0.20000000
      vertex 4.73952320 -4.67363918 0.00000000
      vertex 4.72858347 -4.70275147 0.00000000
    endloop
  endfacet
  facet normal 0.93608988 -0.35176091 0.00000000
    outer loop
      vertex 4.39912075 -4.55608003 0.20000000
      vertex 4.39512915 -4.56670230 0.20000000
      vertex 4.39512915 -4.56670230 0.00000000
    endloop
  endfacet
  facet normal 0.93608988 -0.35176091 0.00000000
    outer loop
      vertex 4.39912075 -4.55608003 0.20000000
      vertex 4.39512915 -4.56670230 0.00000000
      vertex 4.39912075 -4.55608003 0.00000000
    endloop
  endfacet
  facet normal 0.00000000 0.00000000 1.00000000
    outer loop
      vertex 4.72858347 -4.70275147 0.20000000
      vertex 4.39083311 -4.57644465 0.20000000
      vertex 4.71604250 -4.73119131 0.20000000
    endloop
  endfacet
  facet normal 0.00000000 0.00000000 1.00000000
    outer loop
      vertex 4.72858347 -4.70275147 0.20000000
      vertex 4.39512915 -4.56670230 0.20000000
      vertex 4.39083311 -4.57644465 0.20000000
    endloop
  endfacet
  facet normal -0.00000000 0.00000000 -1.00000000
    outer loop
      vertex 4.72858347 -4.70275147 0.00000000
      vertex 4.71604250 -4.73119131 0.00000000
      vertex 4.39083311 -4.57644465 0.00000000
    endloop
  endfacet
  facet normal 0.00000000 0.00000000 -1.00000000
    outer loop
      vertex 4.72858347 -4.70275147 0.00000000
      vertex 4.39083311 -4.57644465 0.00000000
      vertex 4.39512915 -4.56670230 0.00000000
    endloop
  endfacet
  facet normal -0.91498921 0.40347832 0.00000000
    outer loop
      vertex 4.72858347 -4.70275147 0.20000000
      vertex 4.71604250 -4.73119131 0.00000000
      vertex 4.71604250 -4.73119131 0.20000000
    endloop
  endfacet
  facet normal -0.91498921 0.40347832 0.00000000
    outer loop
      vertex 4.72858347 -4.70275147 0.20000000
      vertex 4.72858347 -4.70275147 0.00000000
      vertex 4.71604250 -4.73119131 0.00000000
    endloop
  endfacet
  facet normal 0.91498921 -0.40347832 0.00000000
    outer loop
      vertex 4.39512915 -4.56670230 0.20000000
      vertex 4.39083311 -4.57644465 0.20000000
      vertex 4.39083311 -4.57644465 0.00000000
    endloop
  endfacet
  facet normal 0.91498921 -0.40347832 0.00000000
    outer loop
      vertex 4.39512915 -4.56670230 0.20000000
      vertex 4.39083311 -4.57644465 0.00000000
      vertex 4.39512915 -4.56670230 0.00000000
    endloop
  endfacet
  facet normal 0.00000000 0.00000000 1.00000000
    outer loop
      vertex 4.71604250 -4.73119131 0.20000000
      vertex 4.38624809 -4.58540539 0.20000000
      vertex 4.70188482 -4.75886039 0.20000000
    endloop
  endfacet
  facet normal 0.00000000 0.00000000 1.00000000
    outer loop
      vertex 4.71604250 -4.73119131 0.20000000
      vertex 4.39083311 -4.57644465 0.20000000
      vertex 4.38624809 -4.58540539 0.20000000
    endloop
  endfacet
  facet normal -0.00000000 0.00000000 -1.00000000
    outer loop
      vertex 4.71604250 -4.73119131 0.00000000
      vertex 4.70188482 -4.75886039 0.00000000
      vertex 4.38624809 -4.58540539 0.00000000
    endloop
  endfacet
  facet normal 0.00000000 0.00000000 -1.00000000
    outer loop
      vertex 4.71604250 -4.73119131 0.00000000
      vertex 4.38624809 -4.58540539 0.00000000
      vertex 4.39083311 -4.57644465 0.00000000
    endloop
  endfacet
  facet normal -0.89022982 0.45551165 0.00000000
    outer loop
      vertex 4.71604250 -4.73119131 0.20000000
      vertex 4.70188482 -4.75886039 0.00000000
      vertex 4.70188482 -4.75886039 0.20000000
    endloop
  endfacet
  facet normal -0.89022982 0.45551165 0.00000000
    outer loop
      vertex 4.71604250 -4.73119131 0.20000000
      vertex 4.71604250 -4.73119131 0.00000000
      vertex 4.70188482 -4.75886039 0.00000000
    endloop
  endfacet
  facet normal 0.89022982 -0.45551165 0.00000000
    outer loop
      vertex 4.39083311 -4.57644465 0.20000000
      vertex 4.38624809 -4.58540539 0.20000000
      vertex 4.38624809 -4.58540539 0.00000000
    endloop
  endfacet
  facet normal 0.89022982 -0.45551165 0.00000000
    outer loop
      vertex 4.39083311 -4.57644465 0.20000000
      vertex 4.38624809 -4.58540539 0.00000000
      vertex 4.39083311 -4.57644465 0.00000000
    endloop
  endfacet
  facet normal 0.00000000 0.00000000 1.00000000
    outer loop
      vertex 4.70188482 -4.75886039 0.20000000
      vertex 4.38137028 -4.59369182 0.20000000
      vertex 4.68611424 -4.78565142 0.20000000
    endloop
  endfacet
  facet normal 0.00000000 0.00000000 1.00000000
    outer loop
      vertex 4.70188482 -4.75886039 0.20000000
      vertex 4.38624809 -4.58540539 0.20000000
      vertex 4.38137028 -4.59369182 0.20000000
    endloop
  endfacet
  facet normal -0.00000000 0.00000000 -1.00000000
    outer loop
      vertex 4.70188482 -4.75886039 0.00000000
      vertex 4.68611424 -4.78565142 0.00000000
      vertex 4.38137028 -4.59369182 0.00000000
    endloop
  endfacet
  facet normal 0.00000000 0.00000000 -1.00000000
    outer loop
      vertex 4.70188482 -4.75886039 0.00000000
      vertex 4.38137028 -4.59369182 0.00000000
      vertex 4.38624809 -4.58540539 0.00000000
    endloop
  endfacet
  facet normal -0.86177753 0.50728640 0.00000000
    outer loop
      vertex 4.70188482 -4.75886039 0.20000000
      vertex 4.68611424 -4.78565142 0.00000000
      vertex 4.68611424 -4.78565142 0.20000000
    endloop
  endfacet
  facet normal -0.86177753 0.50728640 0.00000000
    outer loop
      vertex 4.70188482 -4.75886039 0.20000000
      vertex 4.70188482 -4.75886039 0.00000000
      vertex 4.68611424 -4.78565142 0.00000000
    endloop
  endfacet
  facet normal 0.86177753 -0.50728640 0.00000000
    outer loop
      vertex 4.38624809 -4.58540539 0.20000000
      vertex 4.38137028 -4.59369182 0.20000000
      vertex 4.38137028 -4.59369182 0.00000000
    endloop
  endfacet
  facet normal 0.86177753 -0.50728640 0.00000000
    outer loop
      vertex 4.38624809 -4.58540539 0.20000000
      vertex 4.38137028 -4.59369182 0.00000000
      vertex 4.38624809 -4.58540539 0.00000000
    endloop
  endfacet
  facet normal 0.00000000 0.00000000 1.00000000
    outer loop
      vertex 4.68611424 -4.78565142 0.20000000
      vertex 4.37617438 -4.60141517 0.20000000
      vertex 4.66875607 -4.81145316 0.20000000
    endloop
  endfacet
  facet normal 0.00000000 0.00000000 1.00000000
    outer loop
      vertex 4.68611424 -4.78565142 0.20000000
      vertex 4.38137028 -4.59369182 0.20000000
      vertex 4.37617438 -4.60141517 0.20000000
    endloop
  endfacet
  facet normal -0.00000000 0.00000000 -1.00000000
    outer loop
      vertex 4.68611424 -4.78565142 0.00000000
      vertex 4.66875607 -4.81145316 0.00000000
      vertex 4.37617438 -4.60141517 0.00000000
    endloop
  endfacet
  facet normal 0.00000000 0.00000000 -1.00000000
    outer loop
      vertex 4.68611424 -4.78565142 0.00000000
      vertex 4.37617438 -4.60141517 0.00000000
      vertex 4.38137028 -4.59369182 0.00000000
    endloop
  endfacet
  facet normal -0.82971256 0.55819088 0.00000000
    outer loop
      vertex 4.68611424 -4.78565142 0.20000000
      vertex 4.66875607 -4.81145316 0.00000000
      vertex 4.66875607 -4.81145316 0.20000000
    endloop
  endfacet
  facet normal -0.82971256 0.55819088 0.00000000
    outer loop
      vertex 4.68611424 -4.78565142 0.20000000
      vertex 4.68611424 -4.78565142 0.00000000
      vertex 4.66875607 -4.81145316 0.00000000
    endloop
  endfacet
  facet normal 0.82971256 -0.55819088 0.00000000
    outer loop
      vertex 4.38137028 -4.59369182 0.20000000
      vertex 4.37617438 -4.60141517 0.20000000
      vertex 4.37617438 -4.60141517 0.00000000
    endloop
  endfacet
  facet normal 0.82971256 -0.55819088 0.00000000
    outer loop
      vertex 4.38137028 -4.59369182 0.20000000
      vertex 4.37617438 -4.60141517 0.00000000
      vertex 4.38137028 -4.59369182 0.00000000
    endloop
  endfacet
  facet normal 0.00000000 0.00000000 1.00000000
    outer loop
      vertex 4.66875607 -4.81145316 0.20000000
      vertex 4.37061307 -4.60868466 0.20000000
      vertex 4.64985761 -4.83615640 0.20000000
    endloop
  endfacet
  facet normal 0.00000000 0.00000000 1.00000000
    outer loop
      vertex 4.66875607 -4.81145316 0.20000000
      vertex 4.37617438 -4.60141517 0.20000000
      vertex 4.37061307 -4.60868466 0.20000000
    endloop
  endfacet
  facet normal -0.00000000 0.00000000 -1.00000000
    outer loop
      vertex 4.66875607 -4.81145316 0.00000000
      vertex 4.64985761 -4.83615640 0.00000000
      vertex 4.37061307 -4.60868466 0.00000000
    endloop
  endfacet
  facet normal 0.00000000 0.00000000 -1.00000000
    outer loop
      vertex 4.66875607 -4.81145316 0.00000000
      vertex 4.37061307 -4.60868466 0.00000000
      vertex 4.37617438 -4.60141517 0.00000000
    endloop
  endfacet
  facet normal -0.79423756 0.60760736 0.00000000
    outer loop
      vertex 4.66875607 -4.81145316 0.20000000
      vertex 4.64985761 -4.83615640 0.00000000
      vertex 4.64985761 -4.83615640 0.20000000
    endloop
  endfacet
  facet normal -0.79423756 0.60760736 0.00000000
    outer loop
      vertex 4.66875607 -4.81145316 0.20000000
      vertex 4.66875607 -4.81145316 0.00000000
      vertex 4.64985761 -4.83615640 0.00000000
    endloop
  endfacet
  facet normal 0.79423756 -0.60760736 0.00000000
    outer loop
      vertex 4.37617438 -4.60141517 0.20000000
      vertex 4.37061307 -4.60868466 0.20000000
      vertex 4.37061307 -4.60868466 0.00000000
    endloop
  endfacet
  facet normal 0.79423756 -0.60760736 0.00000000
    outer loop
      vertex 4.37617438 -4.60141517 0.20000000
      vertex 4.37061307 -4.60868466 0.00000000
      vertex 4.37617438 -4.60141517 0.00000000
    endloop
  endfacet
  facet normal 0.00000000 0.00000000 1.00000000
    outer loop
      vertex 4.64985761 -4.83615640 0.20000000
      vertex 4.36461849 -4.61560119 0.20000000
      vertex 4.62948675 -4.85966022 0.20000000
    endloop
  endfacet
  facet normal 0.00000000 0.00000000 1.00000000
    outer loop
      vertex 4.64985761 -4.83615640 0.20000000
      vertex 4.37061307 -4.60868466 0.20000000
      vertex 4.36461849 -4.61560119 0.20000000
    endloop
  endfacet
  facet normal -0.00000000 0.00000000 -1.00000000
    outer loop
      vertex 4.64985761 -4.83615640 0.00000000
      vertex 4.62948675 -4.85966022 0.00000000
      vertex 4.36461849 -4.61560119 0.00000000
    endloop
  endfacet
  facet normal 0.00000000 0.00000000 -1.00000000
    outer loop
      vertex 4.64985761 -4.83615640 0.00000000
      vertex 4.36461849 -4.61560119 0.00000000
      vertex 4.37061307 -4.60868466 0.00000000
    endloop
  endfacet
  facet normal -0.75567506 0.65494672 0.00000000
    outer loop
      vertex 4.64985761 -4.83615640 0.20000000
      vertex 4.62948675 -4.85966022 0.00000000
      vertex 4.62948675 -4.85966022 0.20000000
    endloop
  endfacet
  facet normal -0.75567506 0.65494672 0.00000000
    outer loop
      vertex 4.64985761 -4.83615640 0.20000000
      vertex 4.64985761 -4.83615640 0.00000000
      vertex 4.62948675 -4.85966022 0.00000000
    endloop
  endfacet
  facet normal 0.75567506 -0.65494672 0.00000000
    outer loop
      vertex 4.37061307 -4.60868466 0.20000000
      vertex 4.36461849 -4.61560119 0.20000000
      vertex 4.36461849 -4.61560119 0.00000000
    endloop
  endfacet
  facet normal 0.75567506 -0.65494672 0.00000000
    outer loop
      vertex 4.37061307 -4.60868466 0.20000000
      vertex 4.36461849 -4.61560119 0.00000000
      vertex 4.37061307 -4.60868466 0.00000000
    endloop
  endfacet
  facet normal 0.00000000 0.00000000 1.00000000
    outer loop
      vertex 4.62948675 -4.85966022 0.20000000
      vertex 4.35810552 -4.62225166 0.20000000
      vertex 4.60772858 -4.88187774 0.20000000
    endloop
  endfacet
  facet normal 0.00000000 0.00000000 1.00000000
    outer loop
      vertex 4.62948675 -4.85966022 0.20000000
      vertex 4.36461849 -4.61560119 0.20000000
      vertex 4.35810552 -4.62225166 0.20000000
    endloop
  endfacet
  facet normal -0.00000000 0.00000000 -1.00000000
    outer loop
      vertex 4.62948675 -4.85966022 0.00000000
      vertex 4.60772858 -4.88187774 0.00000000
      vertex 4.35810552 -4.62225166 0.00000000
    endloop
  endfacet
  facet normal 0.00000000 0.00000000 -1.00000000
    outer loop
      vertex 4.62948675 -4.85966022 0.00000000
      vertex 4.35810552 -4.62225166 0.00000000
      vertex 4.36461849 -4.61560119 0.00000000
    endloop
  endfacet
  facet normal -0.71445397 0.69968245 0.00000000
    outer loop
      vertex 4.62948675 -4.85966022 0.20000000
      vertex 4.60772858 -4.88187774 0.00000000
      vertex 4.60772858 -4.88187774 0.20000000
    endloop
  endfacet
  facet normal -0.71445397 0.69968245 0.00000000
    outer loop
      vertex 4.62948675 -4.85966022 0.20000000
      vertex 4.62948675 -4.85966022 0.00000000
      vertex 4.60772858 -4.88187774 0.00000000
    endloop
  endfacet
  facet normal 0.71445397 -0.69968245 0.00000000
    outer loop
      vertex 4.36461849 -4.61560119 0.20000000
      vertex 4.35810552 -4.62225166 0.20000000
      vertex 4.35810552 -4.62225166 0.00000000
    endloop
  endfacet
  facet normal 0.71445397 -0.69968245 0.00000000
    outer loop
      vertex 4.36461849 -4.61560119 0.20000000
      vertex 4.35810552 -4.62225166 0.00000000
      vertex 4.36461849 -4.61560119 0.00000000
    endloop
  endfacet
  facet normal 0.00000000 0.00000000 1.00000000
    outer loop
      vertex 4.60772858 -4.88187774 0.20000000
      vertex 4.35097678 -4.62870449 0.20000000
      vertex 4.58468049 -4.90274054 0.20000000
    endloop
  endfacet
  facet normal 0.00000000 0.00000000 1.00000000
    outer loop
      vertex 4.60772858 -4.88187774 0.20000000
      vertex 4.35810552 -4.62225166 0.20000000
      vertex 4.35097678 -4.62870449 0.20000000
    endloop
  endfacet
  facet normal -0.00000000 0.00000000 -1.00000000
    outer loop
      vertex 4.60772858 -4.88187774 0.00000000
      vertex 4.58468049 -4.90274054 0.00000000
      vertex 4.35097678 -4.62870449 0.00000000
    endloop
  endfacet
  facet normal 0.00000000 0.00000000 -1.00000000
    outer loop
      vertex 4.60772858 -4.88187774 0.00000000
      vertex 4.35097678 -4.62870449 0.00000000
      vertex 4.35810552 -4.62225166 0.00000000
    endloop
  endfacet
  facet normal -0.67108598 0.74137953 0.00000000
    outer loop
      vertex 4.60772858 -4.88187774 0.20000000
      vertex 4.58468049 -4.90274054 0.00000000
      vertex 4.58468049 -4.90274054 0.20000000
    endloop
  endfacet
  facet normal -0.67108598 0.74137953 0.00000000
    outer loop
      vertex 4.60772858 -4.88187774 0.20000000
      vertex 4.60772858 -4.88187774 0.00000000
      vertex 4.58468049 -4.90274054 0.00000000
    endloop
  endfacet
  facet normal 0.67108598 -0.74137953 0.00000000
    outer loop
      vertex 4.35810552 -4.62225166 0.20000000
      vertex 4.35097678 -4.62870449 0.20000000
      vertex 4.35097678 -4.62870449 0.00000000
    endloop
  endfacet
  facet normal 0.67108598 -0.74137953 0.00000000
    outer loop
      vertex 4.35810552 -4.62225166 0.20000000
      vertex 4.35097678 -4.62870449 0.00000000
      vertex 4.35810552 -4.62225166 0.00000000
    endloop
  endfacet
  facet normal 0.00000000 0.00000000 1.00000000
    outer loop
      vertex 4.58468049 -4.90274054 0.20000000
      vertex 4.34312845 -4.63500694 0.20000000
      vertex 4.56044631 -4.92220133 0.20000000
    endloop
  endfacet
  facet normal 0.00000000 0.00000000 1.00000000
    outer loop
      vertex 4.58468049 -4.90274054 0.20000000
      vertex 4.35097678 -4.62870449 0.20000000
      vertex 4.34312845 -4.63500694 0.20000000
    endloop
  endfacet
  facet normal -0.00000000 0.00000000 -1.00000000
    outer loop
      vertex 4.58468049 -4.90274054 0.00000000
      vertex 4.56044631 -4.92220133 0.00000000
      vertex 4.34312845 -4.63500694 0.00000000
    endloop
  endfacet
  facet normal 0.00000000 0.00000000 -1.00000000
    outer loop
      vertex 4.58468049 -4.90274054 0.00000000
      vertex 4.34312845 -4.63500694 0.00000000
      vertex 4.35097678 -4.62870449 0.00000000
    endloop
  endfacet
  facet normal -0.62613511 0.77971458 0.00000000
    outer loop
      vertex 4.58468049 -4.90274054 0.20000000
      vertex 4.56044631 -4.92220133 0.00000000
      vertex 4.56044631 -4.92220133 0.20000000
    endloop
  endfacet
  facet normal -0.62613511 0.77971458 0.00000000
    outer loop
      vertex 4.58468049 -4.90274054 0.20000000
      vertex 4.58468049 -4.90274054 0.00000000
      vertex 4.56044631 -4.92220133 0.00000000
    endloop
  endfacet
  facet normal 0.62613511 -0.77971458 0.00000000
    outer loop
      vertex 4.35097678 -4.62870449 0.20000000
      vertex 4.34312845 -4.63500694 0.20000000
      vertex 4.34312845 -4.63500694 0.00000000
    endloop
  endfacet
  facet normal 0.62613511 -0.77971458 0.00000000
    outer loop
      vertex 4.35097678 -4.62870449 0.20000000
      vertex 4.34312845 -4.63500694 0.00000000
      vertex 4.35097678 -4.62870449 0.00000000
    endloop
  endfacet
  facet normal 0.00000000 0.00000000 1.00000000
    outer loop
      vertex 4.56044631 -4.92220133 0.20000000
      vertex 4.33445621 -4.64118446 0.20000000
      vertex 4.53513036 -4.94023471 0.20000000
    endloop
  endfacet
  facet normal 0.00000000 0.00000000 1.00000000
    outer loop
      vertex 4.56044631 -4.92220133 0.20000000
      vertex 4.34312845 -4.63500694 0.20000000
      vertex 4.33445621 -4.64118446 0.20000000
    endloop
  endfacet
  facet normal -0.00000000 0.00000000 -1.00000000
    outer loop
      vertex 4.56044631 -4.92220133 0.00000000
      vertex 4.53513036 -4.94023471 0.00000000
      vertex 4.33445621 -4.64118446 0.00000000
    endloop
  endfacet
  facet normal 0.00000000 0.00000000 -1.00000000
    outer loop
      vertex 4.56044631 -4.92220133 0.00000000
      vertex 4.33445621 -4.64118446 0.00000000
      vertex 4.34312845 -4.63500694 0.00000000
    endloop
  endfacet
  facet normal -0.58018415 0.81448533 0.00000000
    outer loop
      vertex 4.56044631 -4.92220133 0.20000000
      vertex 4.53513036 -4.94023471 0.00000000
      vertex 4.53513036 -4.94023471 0.20000000
    endloop
  endfacet
  facet normal -0.58018415 0.81448533 0.00000000
    outer loop
      vertex 4.56044631 -4.92220133 0.20000000
      vertex 4.56044631 -4.92220133 0.00000000
      vertex 4.53513036 -4.94023471 0.00000000
    endloop
  endfacet
  facet normal 0.58018415 -0.81448533 0.00000000
    outer loop
      vertex 4.34312845 -4.63500694 0.20000000
      vertex 4.33445621 -4.64118446 0.20000000
      vertex 4.33445621 -4.64118446 0.00000000
    endloop
  endfacet
  facet normal 0.58018415 -0.81448533 0.00000000
    outer loop
      vertex 4.34312845 -4.63500694 0.20000000
      vertex 4.33445621 -4.64118446 0.00000000
      vertex 4.34312845 -4.63500694 0.00000000
    endloop
  endfacet
  facet normal 0.00000000 0.00000000 1.00000000
    outer loop
      vertex 4.53513036 -4.94023471 0.20000000
      vertex 4.32486067 -4.64724178 0.20000000
      vertex 4.50883201 -4.95683591 0.20000000
    endloop
  endfacet
  facet normal 0.00000000 0.00000000 1.00000000
    outer loop
      vertex 4.53513036 -4.94023471 0.20000000
      vertex 4.33445621 -4.64118446 0.20000000
      vertex 4.32486067 -4.64724178 0.20000000
    endloop
  endfacet
  facet normal -0.00000000 0.00000000 -1.00000000
    outer loop
      vertex 4.53513036 -4.94023471 0.00000000
      vertex 4.50883201 -4.95683591 0.00000000
      vertex 4.32486067 -4.64724178 0.00000000
    endloop
  endfacet
  facet normal 0.00000000 0.00000000 -1.00000000
    outer loop
      vertex 4.53513036 -4.94023471 0.00000000
      vertex 4.32486067 -4.64724178 0.00000000
      vertex 4.33445621 -4.64118446 0.00000000
    endloop
  endfacet
  facet normal -0.53380268 0.84560907 0.00000000
    outer loop
      vertex 4.53513036 -4.94023471 0.20000000
      vertex 4.50883201 -4.95683591 0.00000000
      vertex 4.50883201 -4.95683591 0.20000000
    endloop
  endfacet
  facet normal -0.53380268 0.84560907 0.00000000
    outer loop
      vertex 4.53513036 -4.94023471 0.20000000
      vertex 4.53513036 -4.94023471 0.00000000
      vertex 4.50883201 -4.95683591 0.00000000
    endloop
  endfacet
  facet normal 0.53380268 -0.84560907 0.00000000
    outer loop
      vertex 4.33445621 -4.64118446 0.20000000
      vertex 4.32486067 -4.64724178 0.20000000
      vertex 4.32486067 -4.64724178 0.00000000
    endloop
  endfacet
  facet normal 0.53380268 -0.84560907 0.00000000
    outer loop
      vertex 4.33445621 -4.64118446 0.20000000
      vertex 4.32486067 -4.64724178 0.00000000
      vertex 4.33445621 -4.64118446 0.00000000
    endloop
  endfacet
  facet normal 0.00000000 0.00000000 1.00000000
    outer loop
      vertex 4.50883201 -4.95683591 0.20000000
      vertex 4.31425166 -4.65316554 0.20000000
      vertex 4.48164145 -4.97201831 0.20000000
    endloop
  endfacet
  facet normal 0.00000000 0.00000000 1.00000000
    outer loop
      vertex 4.50883201 -4.95683591 0.20000000
      vertex 4.32486067 -4.64724178 0.20000000
      vertex 4.31425166 -4.65316554 0.20000000
    endloop
  endfacet
  facet normal -0.00000000 0.00000000 -1.00000000
    outer loop
      vertex 4.50883201 -4.95683591 0.00000000
      vertex 4.48164145 -4.97201831 0.00000000
      vertex 4.31425166 -4.65316554 0.00000000
    endloop
  endfacet
  facet normal 0.00000000 0.00000000 -1.00000000
    outer loop
      vertex 4.50883201 -4.95683591 0.00000000
      vertex 4.31425166 -4.65316554 0.00000000
      vertex 4.32486067 -4.64724178 0.00000000
    endloop
  endfacet
  facet normal -0.48751972 0.87311197 0.00000000
    outer loop
      vertex 4.50883201 -4.95683591 0.20000000
      vertex 4.48164145 -4.97201831 0.00000000
      vertex 4.48164145 -4.97201831 0.20000000
    endloop
  endfacet
  facet normal -0.48751972 0.87311197 0.00000000
    outer loop
      vertex 4.50883201 -4.95683591 0.20000000
      vertex 4.50883201 -4.95683591 0.00000000
      vertex 4.48164145 -4.97201831 0.00000000
    endloop
  endfacet
  facet normal 0.48751972 -0.87311197 0.00000000
    outer loop
      vertex 4.32486067 -4.64724178 0.20000000
      vertex 4.31425166 -4.65316554 0.20000000
      vertex 4.31425166 -4.65316554 0.00000000
    endloop
  endfacet
  facet normal 0.48751972 -0.87311197 0.00000000
    outer loop
      vertex 4.32486067 -4.64724178 0.20000000
      vertex 4.31425166 -4.65316554 0.00000000
      vertex 4.32486067 -4.64724178 0.00000000
    endloop
  endfacet
  facet normal 0.00000000 0.00000000 1.00000000
    outer loop
      vertex 4.48164145 -4.97201831 0.20000000
      vertex 4.30255114 -4.65892773 0.20000000
      vertex 4.45363671 -4.98580990 0.20000000
    endloop
  endfacet
  facet normal 0.00000000 0.00000000 1.00000000
    outer loop
      vertex 4.48164145 -4.97201831 0.20000000
      vertex 4.31425166 -4.65316554 0.20000000
      vertex 4.30255114 -4.65892773 0.20000000
    endloop
  endfacet
  facet normal -0.00000000 0.00000000 -1.00000000
    outer loop
      vertex 4.48164145 -4.97201831 0.00000000
      vertex 4.45363671 -4.98580990 0.00000000
      vertex 4.30255114 -4.65892773 0.00000000
    endloop
  endfacet
  facet normal 0.00000000 0.00000000 -1.00000000
    outer loop
      vertex 4.48164145 -4.97201831 0.00000000
      vertex 4.30255114 -4.65892773 0.00000000
      vertex 4.31425166 -4.65316554 0.00000000
    endloop
  endfacet
  facet normal -0.44180376 0.89711172 0.00000000
    outer loop
      vertex 4.48164145 -4.97201831 0.20000000
      vertex 4.45363671 -4.98580990 0.00000000
      vertex 4.45363671 -4.98580990 0.20000000
    endloop
  endfacet
  facet normal -0.44180376 0.89711172 0.00000000
    outer loop
      vertex 4.48164145 -4.97201831 0.20000000
      vertex 4.48164145 -4.97201831 0.00000000
      vertex 4.45363671 -4.98580990 0.00000000
    endloop
  endfacet
  facet normal 0.44180376 -0.89711172 0.00000000
    outer loop
      vertex 4.31425166 -4.65316554 0.20000000
      vertex 4.30255114 -4.65892773 0.20000000
      vertex 4.30255114 -4.65892773 0.00000000
    endloop
  endfacet
  facet normal 0.44180376 -0.89711172 0.00000000
    outer loop
      vertex 4.31425166 -4.65316554 0.20000000
      vertex 4.30255114 -4.65892773 0.00000000
      vertex 4.31425166 -4.65316554 0.00000000
    endloop
  endfacet
  facet normal 0.00000000 0.00000000 1.00000000
    outer loop
      vertex 4.45363671 -4.98580990 0.20000000
      vertex 4.28969470 -4.66448959 0.20000000
      vertex 4.42488220 -4.99824947 0.20000000
    endloop
  endfacet
  facet normal 0.00000000 0.00000000 1.00000000
    outer loop
      vertex 4.45363671 -4.98580990 0.20000000
      vertex 4.30255114 -4.65892773 0.20000000
      vertex 4.28969470 -4.66448959 0.20000000
    endloop
  endfacet
  facet normal -0.00000000 0.00000000 -1.00000000
    outer loop
      vertex 4.45363671 -4.98580990 0.00000000
      vertex 4.42488220 -4.99824947 0.00000000
      vertex 4.28969470 -4.66448959 0.00000000
    endloop
  endfacet
  facet normal 0.00000000 0.00000000 -1.00000000
    outer loop
      vertex 4.45363671 -4.98580990 0.00000000
      vertex 4.28969470 -4.66448959 0.00000000
      vertex 4.30255114 -4.65892773 0.00000000
    endloop
  endfacet
  facet normal -0.39705049 0.91779677 0.00000000
    outer loop
      vertex 4.45363671 -4.98580990 0.20000000
      vertex 4.42488220 -4.99824947 0.00000000
      vertex 4.42488220 -4.99824947 0.20000000
    endloop
  endfacet
  facet normal -0.39705049 0.91779677 0.00000000
    outer loop
      vertex 4.45363671 -4.98580990 0.20000000
      vertex 4.45363671 -4.98580990 0.00000000
      vertex 4.42488220 -4.99824947 0.00000000
    endloop
  endfacet
  facet normal 0.39705049 -0.91779677 0.00000000
    outer loop
      vertex 4.30255114 -4.65892773 0.20000000
      vertex 4.28969470 -4.66448959 0.20000000
      vertex 4.28969470 -4.66448959 0.00000000
    endloop
  endfacet
  facet normal 0.39705049 -0.91779677 0.00000000
    outer loop
      vertex 4.30255114 -4.65892773 0.20000000
      vertex 4.28969470 -4.66448959 0.00000000
      vertex 4.30255114 -4.65892773 0.00000000
    endloop
  endfacet
  facet normal 0.00000000 0.00000000 1.00000000
    outer loop
      vertex 4.42488220 -4.99824947 0.20000000
      vertex 4.27563190 -4.66980525 0.20000000
      vertex 4.39542836 -5.00938286 0.20000000
    endloop
  endfacet
  facet normal 0.00000000 0.00000000 1.00000000
    outer loop
      vertex 4.42488220 -4.99824947 0.20000000
      vertex 4.28969470 -4.66448959 0.20000000
      vertex 4.27563190 -4.66980525 0.20000000
    endloop
  endfacet
  facet normal -0.00000000 0.00000000 -1.00000000
    outer loop
      vertex 4.42488220 -4.99824947 0.00000000
      vertex 4.39542836 -5.00938286 0.00000000
      vertex 4.27563190 -4.66980525 0.00000000
    endloop
  endfacet
  facet normal 0.00000000 0.00000000 -1.00000000
    outer loop
      vertex 4.42488220 -4.99824947 0.00000000
      vertex 4.27563190 -4.66980525 0.00000000
      vertex 4.28969470 -4.66448959 0.00000000
    endloop
  endfacet
  facet normal -0.35357809 0.93540501 0.00000000
    outer loop
      vertex 4.42488220 -4.99824947 0.20000000
      vertex 4.39542836 -5.00938286 0.00000000
      vertex 4.39542836 -5.00938286 0.20000000
    endloop
  endfacet
  facet normal -0.35357809 0.93540501 0.00000000
    outer loop
      vertex 4.42488220 -4.99824947 0.20000000
      vertex 4.42488220 -4.99824947 0.00000000
      vertex 4.39542836 -5.00938286 0.00000000
    endloop
  endfacet
  facet normal 0.35357809 -0.93540501 0.00000000
    outer loop
      vertex 4.28969470 -4.66448959 0.20000000
      vertex 4.27563190 -4.66980525 0.20000000
      vertex 4.27563190 -4.66980525 0.00000000
    endloop
  endfacet
  facet normal 0.35357809 -0.93540501 0.00000000
    outer loop
      vertex 4.28969470 -4.66448959 0.20000000
      vertex 4.27563190 -4.66980525 0.00000000
      vertex 4.28969470 -4.66448959 0.00000000
    endloop
  endfacet
  facet normal 0.00000000 0.00000000 1.00000000
    outer loop
      vertex 4.39542836 -5.00938286 0.20000000
      vertex 4.26032555 -4.67482512 0.20000000
      vertex 4.36531239 -5.01925968 0.20000000
    endloop
  endfacet
  facet normal 0.00000000 0.00000000 1.00000000
    outer loop
      vertex 4.39542836 -5.00938286 0.20000000
      vertex 4.27563190 -4.66980525 0.20000000
      vertex 4.26032555 -4.67482512 0.20000000
    endloop
  endfacet
  facet normal -0.00000000 0.00000000 -1.00000000
    outer loop
      vertex 4.39542836 -5.00938286 0.00000000
      vertex 4.36531239 -5.01925968 0.00000000
      vertex 4.26032555 -4.67482512 0.00000000
    endloop
  endfacet
  facet normal 0.00000000 0.00000000 -1.00000000
    outer loop
      vertex 4.39542836 -5.00938286 0.00000000
      vertex 4.26032555 -4.67482512 0.00000000
      vertex 4.27563190 -4.66980525 0.00000000
    endloop
  endfacet
  facet normal -0.31162856 0.95020400 0.00000000
    outer loop
      vertex 4.39542836 -5.00938286 0.20000000
      vertex 4.36531239 -5.01925968 0.00000000
      vertex 4.36531239 -5.01925968 0.20000000
    endloop
  endfacet
  facet normal -0.31162856 0.95020400 0.00000000
    outer loop
      vertex 4.39542836 -5.00938286 0.20000000
      vertex 4.39542836 -5.00938286 0.00000000
      vertex 4.36531239 -5.01925968 0.00000000
    endloop
  endfacet
  facet normal 0.31162856 -0.95020400 0.00000000
    outer loop
      vertex 4.27563190 -4.66980525 0.20000000
      vertex 4.26032555 -4.67482512 0.20000000
      vertex 4.26032555 -4.67482512 0.00000000
    endloop
  endfacet
  facet normal 0.31162856 -0.95020400 0.00000000
    outer loop
      vertex 4.27563190 -4.66980525 0.20000000
      vertex 4.26032555 -4.67482512 0.00000000
      vertex 4.27563190 -4.66980525 0.00000000
    endloop
  endfacet
  facet normal 0.00000000 0.00000000 1.00000000
    outer loop
      vertex 4.36531239 -5.01925968 0.20000000
      vertex 4.24375044 -4.67949854 0.20000000
      vertex 4.33455950 -5.02793058 0.20000000
    endloop
  endfacet
  facet normal 0.00000000 0.00000000 1.00000000
    outer loop
      vertex 4.36531239 -5.01925968 0.20000000
      vertex 4.26032555 -4.67482512 0.20000000
      vertex 4.24375044 -4.67949854 0.20000000
    endloop
  endfacet
  facet normal -0.00000000 0.00000000 -1.00000000
    outer loop
      vertex 4.36531239 -5.01925968 0.00000000
      vertex 4.33455950 -5.02793058 0.00000000
      vertex 4.24375044 -4.67949854 0.00000000
    endloop
  endfacet
  facet normal 0.00000000 0.00000000 -1.00000000
    outer loop
      vertex 4.36531239 -5.01925968 0.00000000
      vertex 4.24375044 -4.67949854 0.00000000
      vertex 4.26032555 -4.67482512 0.00000000
    endloop
  endfacet
  facet normal -0.27137343 0.96247414 0.00000000
    outer loop
      vertex 4.36531239 -5.01925968 0.20000000
      vertex 4.33455950 -5.02793058 0.00000000
      vertex 4.33455950 -5.02793058 0.20000000
    endloop
  endfacet
  facet normal -0.27137343 0.96247414 0.00000000
    outer loop
      vertex 4.36531239 -5.01925968 0.20000000
      vertex 4.36531239 -5.01925968 0.00000000
      vertex 4.33455950 -5.02793058 0.00000000
    endloop
  endfacet
  facet normal 0.27137343 -0.96247414 0.00000000
    outer loop
      vertex 4.26032555 -4.67482512 0.20000000
      vertex 4.24375044 -4.67949854 0.20000000
      vertex 4.24375044 -4.67949854 0.00000000
    endloop
  endfacet
  facet normal 0.27137343 -0.96247414 0.00000000
    outer loop
      vertex 4.26032555 -4.67482512 0.20000000
      vertex 4.24375044 -4.67949854 0.00000000
      vertex 4.26032555 -4.67482512 0.00000000
    endloop
  endfacet
  facet normal 0.00000000 0.00000000 1.00000000
    outer loop
      vertex 4.33455950 -5.02793058 0.20000000
      vertex 4.22589168 -4.68377588 0.20000000
      vertex 4.30318456 -5.03544519 0.20000000
    endloop
  endfacet
  facet normal 0.00000000 0.00000000 1.00000000
    outer loop
      vertex 4.33455950 -5.02793058 0.20000000
      vertex 4.24375044 -4.67949854 0.20000000
      vertex 4.22589168 -4.68377588 0.20000000
    endloop
  endfacet
  facet normal -0.00000000 0.00000000 -1.00000000
    outer loop
      vertex 4.33455950 -5.02793058 0.00000000
      vertex 4.30318456 -5.03544519 0.00000000
      vertex 4.22589168 -4.68377588 0.00000000
    endloop
  endfacet
  facet normal 0.00000000 0.00000000 -1.00000000
    outer loop
      vertex 4.33455950 -5.02793058 0.00000000
      vertex 4.22589168 -4.68377588 0.00000000
      vertex 4.24375044 -4.67949854 0.00000000
    endloop
  endfacet
  facet normal -0.23292220 0.97249537 0.00000000
    outer loop
      vertex 4.33455950 -5.02793058 0.20000000
      vertex 4.30318456 -5.03544519 0.00000000
      vertex 4.30318456 -5.03544519 0.20000000
    endloop
  endfacet
  facet normal -0.23292220 0.97249537 0.00000000
    outer loop
      vertex 4.33455950 -5.02793058 0.20000000
      vertex 4.33455950 -5.02793058 0.00000000
      vertex 4.30318456 -5.03544519 0.00000000
    endloop
  endfacet
  facet normal 0.23292220 -0.97249537 0.00000000
    outer loop
      vertex 4.24375044 -4.67949854 0.20000000
      vertex 4.22589168 -4.68377588 0.20000000
      vertex 4.22589168 -4.68377588 0.00000000
    endloop
  endfacet
  facet normal 0.23292220 -0.97249537 0.00000000
    outer loop
      vertex 4.24375044 -4.67949854 0.20000000
      vertex 4.22589168 -4.68377588 0.00000000
      vertex 4.24375044 -4.67949854 0.00000000
    endloop
  endfacet
  facet normal 0.00000000 0.00000000 1.00000000
    outer loop
      vertex 4.30318456 -5.03544519 0.20000000
      vertex 4.20674294 -4.68761002 0.20000000
      vertex 4.27119392 -5.04185064 0.20000000
    endloop
  endfacet
  facet normal 0.00000000 0.00000000 1.00000000
    outer loop
      vertex 4.30318456 -5.03544519 0.20000000
      vertex 4.22589168 -4.68377588 0.20000000
      vertex 4.20674294 -4.68761002 0.20000000
    endloop
  endfacet
  facet normal -0.00000000 0.00000000 -1.00000000
    outer loop
      vertex 4.30318456 -5.03544519 0.00000000
      vertex 4.27119392 -5.04185064 0.00000000
      vertex 4.20674294 -4.68761002 0.00000000
    endloop
  endfacet
  facet normal 0.00000000 0.00000000 -1.00000000
    outer loop
      vertex 4.30318456 -5.03544519 0.00000000
      vertex 4.20674294 -4.68761002 0.00000000
      vertex 4.22589168 -4.68377588 0.00000000
    endloop
  endfacet
  facet normal -0.19633203 0.98053747 0.00000000
    outer loop
      vertex 4.30318456 -5.03544519 0.20000000
      vertex 4.27119392 -5.04185064 0.00000000
      vertex 4.27119392 -5.04185064 0.20000000
    endloop
  endfacet
  facet normal -0.19633203 0.98053747 0.00000000
    outer loop
      vertex 4.30318456 -5.03544519 0.20000000
      vertex 4.30318456 -5.03544519 0.00000000
      vertex 4.27119392 -5.04185064 0.00000000
    endloop
  endfacet
  facet normal 0.19633203 -0.98053747 0.00000000
    outer loop
      vertex 4.22589168 -4.68377588 0.20000000
      vertex 4.20674294 -4.68761002 0.20000000
      vertex 4.20674294 -4.68761002 0.00000000
    endloop
  endfacet
  facet normal 0.19633203 -0.98053747 0.00000000
    outer loop
      vertex 4.22589168 -4.68377588 0.20000000
      vertex 4.20674294 -4.68761002 0.00000000
      vertex 4.22589168 -4.68377588 0.00000000
    endloop
  endfacet
  facet normal 0.00000000 0.00000000 1.00000000
    outer loop
      vertex 4.27119392 -5.04185064 0.20000000
      vertex 4.18630471 -4.69095720 0.20000000
      vertex 4.23858709 -5.04719068 0.20000000
    endloop
  endfacet
  facet normal 0.00000000 0.00000000 1.00000000
    outer loop
      vertex 4.27119392 -5.04185064 0.20000000
      vertex 4.20674294 -4.68761002 0.20000000
      vertex 4.18630471 -4.69095720 0.20000000
    endloop
  endfacet
  facet normal -0.00000000 0.00000000 -1.00000000
    outer loop
      vertex 4.27119392 -5.04185064 0.00000000
      vertex 4.23858709 -5.04719068 0.00000000
      vertex 4.18630471 -4.69095720 0.00000000
    endloop
  endfacet
  facet normal 0.00000000 0.00000000 -1.00000000
    outer loop
      vertex 4.27119392 -5.04185064 0.00000000
      vertex 4.18630471 -4.69095720 0.00000000
      vertex 4.20674294 -4.68761002 0.00000000
    endloop
  endfacet
  facet normal -0.16161754 0.98685347 0.00000000
    outer loop
      vertex 4.27119392 -5.04185064 0.20000000
      vertex 4.23858709 -5.04719068 0.00000000
      vertex 4.23858709 -5.04719068 0.20000000
    endloop
  endfacet
  facet normal -0.16161754 0.98685347 0.00000000
    outer loop
      vertex 4.27119392 -5.04185064 0.20000000
      vertex 4.27119392 -5.04185064 0.00000000
      vertex 4.23858709 -5.04719068 0.00000000
    endloop
  endfacet
  facet normal 0.16161754 -0.98685347 0.00000000
    outer loop
      vertex 4.20674294 -4.68761002 0.20000000
      vertex 4.18630471 -4.69095720 0.20000000
      vertex 4.18630471 -4.69095720 0.00000000
    endloop
  endfacet
  facet normal 0.16161754 -0.98685347 0.00000000
    outer loop
      vertex 4.20674294 -4.68761002 0.20000000
      vertex 4.18630471 -4.69095720 0.00000000
      vertex 4.20674294 -4.68761002 0.00000000
    endloop
  endfacet
  facet normal 0.00000000 0.00000000 1.00000000
    outer loop
      vertex 4.23858709 -5.04719068 0.20000000
      vertex 4.16320942 -4.69395591 0.20000000
      vertex 4.20673162 -5.05132682 0.20000000
    endloop
  endfacet
  facet normal 0.00000000 0.00000000 1.00000000
    outer loop
      vertex 4.23858709 -5.04719068 0.20000000
      vertex 4.18630471 -4.69095720 0.20000000
      vertex 4.16320942 -4.69395591 0.20000000
    endloop
  endfacet
  facet normal -0.00000000 0.00000000 -1.00000000
    outer loop
      vertex 4.23858709 -5.04719068 0.00000000
      vertex 4.20673162 -5.05132682 0.00000000
      vertex 4.16320942 -4.69395591 0.00000000
    endloop
  endfacet
  facet normal 0.00000000 0.00000000 -1.00000000
    outer loop
      vertex 4.23858709 -5.04719068 0.00000000
      vertex 4.16320942 -4.69395591 0.00000000
      vertex 4.18630471 -4.69095720 0.00000000
    endloop
  endfacet
  facet normal -0.12876004 0.99167578 0.00000000
    outer loop
      vertex 4.23858709 -5.04719068 0.20000000
      vertex 4.20673162 -5.05132682 0.00000000
      vertex 4.20673162 -5.05132682 0.20000000
    endloop
  endfacet
  facet normal -0.12876004 0.99167578 0.00000000
    outer loop
      vertex 4.23858709 -5.04719068 0.20000000
      vertex 4.23858709 -5.04719068 0.00000000
      vertex 4.20673162 -5.05132682 0.00000000
    endloop
  endfacet
  facet normal 0.12876004 -0.99167578 0.00000000
    outer loop
      vertex 4.18630471 -4.69095720 0.20000000
      vertex 4.16320942 -4.69395591 0.20000000
      vertex 4.16320942 -4.69395591 0.00000000
    endloop
  endfacet
  facet normal 0.12876004 -0.99167578 0.00000000
    outer loop
      vertex 4.18630471 -4.69095720 0.20000000
      vertex 4.16320942 -4.69395591 0.00000000
      vertex 4.18630471 -4.69095720 0.00000000
    endloop
  endfacet
  facet normal 0.00000000 0.00000000 1.00000000
    outer loop
      vertex 4.20673162 -5.05132682 0.20000000
      vertex -17.74074296 -7.18538768 0.20000000
      vertex -17.69721864 -7.54275836 0.20000000
    endloop
  endfacet
  facet normal 0.00000000 0.00000000 1.00000000
    outer loop
      vertex 4.20673162 -5.05132682 0.20000000
      vertex 4.16320942 -4.69395591 0.20000000
      vertex -17.74074296 -7.18538768 0.20000000
    endloop
  endfacet
  facet normal 0.00000000 0.00000000 -1.00000000
    outer loop
      vertex 4.20673162 -5.05132682 0.00000000
      vertex -17.69721864 -7.54275836 0.00000000
      vertex -17.74074296 -7.18538768 0.00000000
    endloop
  endfacet
  facet normal -0.00000000 0.00000000 -1.00000000
    outer loop
      vertex 4.20673162 -5.05132682 0.00000000
      vertex -17.74074296 -7.18538768 0.00000000
      vertex 4.16320942 -4.69395591 0.00000000
    endloop
  endfacet
  facet normal -0.11301476 0.99359331 0.00000000
    outer loop
      vertex 4.20673162 -5.05132682 0.20000000
      vertex -17.69721864 -7.54275836 0.00000000
      vertex -17.69721864 -7.54275836 0.20000000
    endloop
  endfacet
  facet normal -0.11301476 0.99359331 0.00000000
    outer loop
      vertex 4.20673162 -5.05132682 0.20000000
      vertex 4.20673162 -5.05132682 0.00000000
      vertex -17.69721864 -7.54275836 0.00000000
    endloop
  endfacet
  facet normal 0.11301476 -0.99359331 0.00000000
    outer loop
      vertex 4.16320942 -4.69395591 0.20000000
      vertex -17.74074296 -7.18538768 0.20000000
      vertex -17.74074296 -7.18538768 0.00000000
    endloop
  endfacet
  facet normal 0.11301476 -0.99359331 0.00000000
    outer loop
      vertex 4.16320942 -4.69395591 0.20000000
      vertex -17.74074296 -7.18538768 0.00000000
      vertex 4.16320942 -4.69395591 0.00000000
    endloop
  endfacet
  facet normal 0.00000000 0.00000000 1.00000000
    outer loop
      vertex -17.69721864 -7.54275836 0.20000000
      vertex -17.83872186 -7.19811053 0.20000000
      vertex -17.78642025 -7.55434145 0.20000000
    endloop
  endfacet
  facet normal 0.00000000 0.00000000 1.00000000
    outer loop
      vertex -17.69721864 -7.54275836 0.20000000
      vertex -17.74074296 -7.18538768 0.20000000
      vertex -17.83872186 -7.19811053 0.20000000
    endloop
  endfacet
  facet normal -0.00000000 0.00000000 -1.00000000
    outer loop
      vertex -17.69721864 -7.54275836 0.00000000
      vertex -17.78642025 -7.55434145 0.00000000
      vertex -17.83872186 -7.19811053 0.00000000
    endloop
  endfacet
  facet normal 0.00000000 0.00000000 -1.00000000
    outer loop
      vertex -17.69721864 -7.54275836 0.00000000
      vertex -17.83872186 -7.19811053 0.00000000
      vertex -17.74074296 -7.18538768 0.00000000
    endloop
  endfacet
  facet normal -0.12877180 0.99167425 0.00000000
    outer loop
      vertex -17.69721864 -7.54275836 0.20000000
      vertex -17.78642025 -7.55434145 0.00000000
      vertex -17.78642025 -7.55434145 0.20000000
    endloop
  endfacet
  facet normal -0.12877180 0.99167425 0.00000000
    outer loop
      vertex -17.69721864 -7.54275836 0.20000000
      vertex -17.69721864 -7.54275836 0.00000000
      vertex -17.78642025 -7.55434145 0.00000000
    endloop
  endfacet
  facet normal 0.12877180 -0.99167425 0.00000000
    outer loop
      vertex -17.74074296 -7.18538768 0.20000000
      vertex -17.83872186 -7.19811053 0.20000000
      vertex -17.83872186 -7.19811053 0.00000000
    endloop
  endfacet
  facet normal 0.12877180 -0.99167425 0.00000000
    outer loop
      vertex -17.74074296 -7.18538768 0.20000000
      vertex -17.83872186 -7.19811053 0.00000000
      vertex -17.74074296 -7.18538768 0.00000000
    endloop
  endfacet
  facet normal 0.00000000 0.00000000 1.00000000
    outer loop
      vertex -17.78642025 -7.55434145 0.20000000
      vertex -17.93506391 -7.21389800 0.20000000
      vertex -17.87054753 -7.56812730 0.20000000
    endloop
  endfacet
  facet normal 0.00000000 0.00000000 1.00000000
    outer loop
      vertex -17.78642025 -7.55434145 0.20000000
      vertex -17.83872186 -7.19811053 0.20000000
      vertex -17.93506391 -7.21389800 0.20000000
    endloop
  endfacet
  facet normal -0.00000000 0.00000000 -1.00000000
    outer loop
      vertex -17.78642025 -7.55434145 0.00000000
      vertex -17.87054753 -7.56812730 0.00000000
      vertex -17.93506391 -7.21389800 0.00000000
    endloop
  endfacet
  facet normal 0.00000000 0.00000000 -1.00000000
    outer loop
      vertex -17.78642025 -7.55434145 0.00000000
      vertex -17.93506391 -7.21389800 0.00000000
      vertex -17.83872186 -7.19811053 0.00000000
    endloop
  endfacet
  facet normal -0.16171215 0.98683797 0.00000000
    outer loop
      vertex -17.78642025 -7.55434145 0.20000000
      vertex -17.87054753 -7.56812730 0.00000000
      vertex -17.87054753 -7.56812730 0.20000000
    endloop
  endfacet
  facet normal -0.16171215 0.98683797 0.00000000
    outer loop
      vertex -17.78642025 -7.55434145 0.20000000
      vertex -17.78642025 -7.55434145 0.00000000
      vertex -17.87054753 -7.56812730 0.00000000
    endloop
  endfacet
  facet normal 0.16171215 -0.98683797 0.00000000
    outer loop
      vertex -17.83872186 -7.19811053 0.20000000
      vertex -17.93506391 -7.21389800 0.20000000
      vertex -17.93506391 -7.21389800 0.00000000
    endloop
  endfacet
  facet normal 0.16171215 -0.98683797 0.00000000
    outer loop
      vertex -17.83872186 -7.19811053 0.20000000
      vertex -17.93506391 -7.21389800 0.00000000
      vertex -17.83872186 -7.19811053 0.00000000
    endloop
  endfacet
  facet normal 0.00000000 0.00000000 1.00000000
    outer loop
      vertex -17.87054753 -7.56812730 0.20000000
      vertex -18.02840445 -7.23261397 0.20000000
      vertex -17.95096513 -7.58425205 0.20000000
    endloop
  endfacet
  facet normal 0.00000000 0.00000000 1.00000000
    outer loop
      vertex -17.87054753 -7.56812730 0.20000000
      vertex -17.93506391 -7.21389800 0.20000000
      vertex -18.02840445 -7.23261397 0.20000000
    endloop
  endfacet
  facet normal -0.00000000 0.00000000 -1.00000000
    outer loop
      vertex -17.87054753 -7.56812730 0.00000000
      vertex -17.95096513 -7.58425205 0.00000000
      vertex -18.02840445 -7.23261397 0.00000000
    endloop
  endfacet
  facet normal 0.00000000 0.00000000 -1.00000000
    outer loop
      vertex -17.87054753 -7.56812730 0.00000000
      vertex -18.02840445 -7.23261397 0.00000000
      vertex -17.93506391 -7.21389800 0.00000000
    endloop
  endfacet
  facet normal -0.19659950 0.98048388 0.00000000
    outer loop
      vertex -17.87054753 -7.56812730 0.20000000
      vertex -17.95096513 -7.58425205 0.00000000
      vertex -17.95096513 -7.58425205 0.20000000
    endloop
  endfacet
  facet normal -0.19659950 0.98048388 0.00000000
    outer loop
      vertex -17.87054753 -7.56812730 0.20000000
      vertex -17.87054753 -7.56812730 0.00000000
      vertex -17.95096513 -7.58425205 0.00000000
    endloop
  endfacet
  facet normal 0.19659950 -0.98048388 0.00000000
    outer loop
      vertex -17.93506391 -7.21389800 0.20000000
      vertex -18.02840445 -7.23261397 0.20000000
      vertex -18.02840445 -7.23261397 0.00000000
    endloop
  endfacet
  facet normal 0.19659950 -0.98048388 0.00000000
    outer loop
      vertex -17.93506391 -7.21389800 0.20000000
      vertex -18.02840445 -7.23261397 0.00000000
      vertex -17.93506391 -7.21389800 0.00000000
    endloop
  endfacet
  facet normal 0.00000000 0.00000000 1.00000000
    outer loop
      vertex -17.95096513 -7.58425205 0.20000000
      vertex -18.11874628 -7.25430512 0.20000000
      vertex -18.02767026 -7.60266902 0.20000000
    endloop
  endfacet
  facet normal 0.00000000 0.00000000 1.00000000
    outer loop
      vertex -17.95096513 -7.58425205 0.20000000
      vertex -18.02840445 -7.23261397 0.20000000
      vertex -18.11874628 -7.25430512 0.20000000
    endloop
  endfacet
  facet normal -0.00000000 0.00000000 -1.00000000
    outer loop
      vertex -17.95096513 -7.58425205 0.00000000
      vertex -18.02767026 -7.60266902 0.00000000
      vertex -18.11874628 -7.25430512 0.00000000
    endloop
  endfacet
  facet normal 0.00000000 0.00000000 -1.00000000
    outer loop
      vertex -17.95096513 -7.58425205 0.00000000
      vertex -18.11874628 -7.25430512 0.00000000
      vertex -18.02840445 -7.23261397 0.00000000
    endloop
  endfacet
  facet normal -0.23346565 0.97236505 0.00000000
    outer loop
      vertex -17.95096513 -7.58425205 0.20000000
      vertex -18.02767026 -7.60266902 0.00000000
      vertex -18.02767026 -7.60266902 0.20000000
    endloop
  endfacet
  facet normal -0.23346565 0.97236505 0.00000000
    outer loop
      vertex -17.95096513 -7.58425205 0.20000000
      vertex -17.95096513 -7.58425205 0.00000000
      vertex -18.02767026 -7.60266902 0.00000000
    endloop
  endfacet
  facet normal 0.23346565 -0.97236505 0.00000000
    outer loop
      vertex -18.02840445 -7.23261397 0.20000000
      vertex -18.11874628 -7.25430512 0.20000000
      vertex -18.11874628 -7.25430512 0.00000000
    endloop
  endfacet
  facet normal 0.23346565 -0.97236505 0.00000000
    outer loop
      vertex -18.02840445 -7.23261397 0.20000000
      vertex -18.11874628 -7.25430512 0.00000000
      vertex -18.02840445 -7.23261397 0.00000000
    endloop
  endfacet
  facet normal 0.00000000 0.00000000 1.00000000
    outer loop
      vertex -18.02767026 -7.60266902 0.20000000
      vertex -18.20608513 -7.27902228 0.20000000
      vertex -18.10066718 -7.62332736 0.20000000
    endloop
  endfacet
  facet normal 0.00000000 0.00000000 1.00000000
    outer loop
      vertex -18.02767026 -7.60266902 0.20000000
      vertex -18.11874628 -7.25430512 0.20000000
      vertex -18.20608513 -7.27902228 0.20000000
    endloop
  endfacet
  facet normal -0.00000000 0.00000000 -1.00000000
    outer loop
      vertex -18.02767026 -7.60266902 0.00000000
      vertex -18.10066718 -7.62332736 0.00000000
      vertex -18.20608513 -7.27902228 0.00000000
    endloop
  endfacet
  facet normal 0.00000000 0.00000000 -1.00000000
    outer loop
      vertex -18.02767026 -7.60266902 0.00000000
      vertex -18.20608513 -7.27902228 0.00000000
      vertex -18.11874628 -7.25430512 0.00000000
    endloop
  endfacet
  facet normal -0.27230832 0.96221005 0.00000000
    outer loop
      vertex -18.02767026 -7.60266902 0.20000000
      vertex -18.10066718 -7.62332736 0.00000000
      vertex -18.10066718 -7.62332736 0.20000000
    endloop
  endfacet
  facet normal -0.27230832 0.96221005 0.00000000
    outer loop
      vertex -18.02767026 -7.60266902 0.20000000
      vertex -18.02767026 -7.60266902 0.00000000
      vertex -18.10066718 -7.62332736 0.00000000
    endloop
  endfacet
  facet normal 0.27230832 -0.96221005 0.00000000
    outer loop
      vertex -18.11874628 -7.25430512 0.20000000
      vertex -18.20608513 -7.27902228 0.20000000
      vertex -18.20608513 -7.27902228 0.00000000
    endloop
  endfacet
  facet normal 0.27230832 -0.96221005 0.00000000
    outer loop
      vertex -18.11874628 -7.25430512 0.20000000
      vertex -18.20608513 -7.27902228 0.00000000
      vertex -18.11874628 -7.25430512 0.00000000
    endloop
  endfacet
  facet normal 0.00000000 0.00000000 1.00000000
    outer loop
      vertex -18.10066718 -7.62332736 0.20000000
      vertex -18.29040770 -7.30681951 0.20000000
      vertex -18.16996922 -7.64617303 0.20000000
    endloop
  endfacet
  facet normal 0.00000000 0.00000000 1.00000000
    outer loop
      vertex -18.10066718 -7.62332736 0.20000000
      vertex -18.20608513 -7.27902228 0.20000000
      vertex -18.29040770 -7.30681951 0.20000000
    endloop
  endfacet
  facet normal -0.00000000 0.00000000 -1.00000000
    outer loop
      vertex -18.10066718 -7.62332736 0.00000000
      vertex -18.16996922 -7.64617303 0.00000000
      vertex -18.29040770 -7.30681951 0.00000000
    endloop
  endfacet
  facet normal 0.00000000 0.00000000 -1.00000000
    outer loop
      vertex -18.10066718 -7.62332736 0.00000000
      vertex -18.29040770 -7.30681951 0.00000000
      vertex -18.20608513 -7.27902228 0.00000000
    endloop
  endfacet
  facet normal -0.31308074 0.94972651 0.00000000
    outer loop
      vertex -18.10066718 -7.62332736 0.20000000
      vertex -18.16996922 -7.64617303 0.00000000
      vertex -18.16996922 -7.64617303 0.20000000
    endloop
  endfacet
  facet normal -0.31308074 0.94972651 0.00000000
    outer loop
      vertex -18.10066718 -7.62332736 0.20000000
      vertex -18.10066718 -7.62332736 0.00000000
      vertex -18.16996922 -7.64617303 0.00000000
    endloop
  endfacet
  facet normal 0.31308074 -0.94972651 0.00000000
    outer loop
      vertex -18.20608513 -7.27902228 0.20000000
      vertex -18.29040770 -7.30681951 0.20000000
      vertex -18.29040770 -7.30681951 0.00000000
    endloop
  endfacet
  facet normal 0.31308074 -0.94972651 0.00000000
    outer loop
      vertex -18.20608513 -7.27902228 0.20000000
      vertex -18.29040770 -7.30681951 0.00000000
      vertex -18.20608513 -7.27902228 0.00000000
    endloop
  endfacet
  facet normal 0.00000000 0.00000000 1.00000000
    outer loop
      vertex -18.16996922 -7.64617303 0.20000000
      vertex -18.37168953 -7.33775263 0.20000000
      vertex -18.23560081 -7.67115020 0.20000000
    endloop
  endfacet
  facet normal 0.00000000 0.00000000 1.00000000
    outer loop
      vertex -18.16996922 -7.64617303 0.20000000
      vertex -18.29040770 -7.30681951 0.20000000
      vertex -18.37168953 -7.33775263 0.20000000
    endloop
  endfacet
  facet normal -0.00000000 0.00000000 -1.00000000
    outer loop
      vertex -18.16996922 -7.64617303 0.00000000
      vertex -18.23560081 -7.67115020 0.00000000
      vertex -18.37168953 -7.33775263 0.00000000
    endloop
  endfacet
  facet normal 0.00000000 0.00000000 -1.00000000
    outer loop
      vertex -18.16996922 -7.64617303 0.00000000
      vertex -18.37168953 -7.33775263 0.00000000
      vertex -18.29040770 -7.30681951 0.00000000
    endloop
  endfacet
  facet normal -0.35568017 0.93460773 0.00000000
    outer loop
      vertex -18.16996922 -7.64617303 0.20000000
      vertex -18.23560081 -7.67115020 0.00000000
      vertex -18.23560081 -7.67115020 0.20000000
    endloop
  endfacet
  facet normal -0.35568017 0.93460773 0.00000000
    outer loop
      vertex -18.16996922 -7.64617303 0.20000000
      vertex -18.16996922 -7.64617303 0.00000000
      vertex -18.23560081 -7.67115020 0.00000000
    endloop
  endfacet
  facet normal 0.35568017 -0.93460773 0.00000000
    outer loop
      vertex -18.29040770 -7.30681951 0.20000000
      vertex -18.37168953 -7.33775263 0.20000000
      vertex -18.37168953 -7.33775263 0.00000000
    endloop
  endfacet
  facet normal 0.35568017 -0.93460773 0.00000000
    outer loop
      vertex -18.29040770 -7.30681951 0.20000000
      vertex -18.37168953 -7.33775263 0.00000000
      vertex -18.29040770 -7.30681951 0.00000000
    endloop
  endfacet
  facet normal 0.00000000 0.00000000 1.00000000
    outer loop
      vertex -18.23560081 -7.67115020 0.20000000
      vertex -18.44989299 -7.37187696 0.20000000
      vertex -18.29759959 -7.69820356 0.20000000
    endloop
  endfacet
  facet normal 0.00000000 0.00000000 1.00000000
    outer loop
      vertex -18.23560081 -7.67115020 0.20000000
      vertex -18.37168953 -7.33775263 0.20000000
      vertex -18.44989299 -7.37187696 0.20000000
    endloop
  endfacet
  facet normal -0.00000000 0.00000000 -1.00000000
    outer loop
      vertex -18.23560081 -7.67115020 0.00000000
      vertex -18.29759959 -7.69820356 0.00000000
      vertex -18.44989299 -7.37187696 0.00000000
    endloop
  endfacet
  facet normal 0.00000000 0.00000000 -1.00000000
    outer loop
      vertex -18.23560081 -7.67115020 0.00000000
      vertex -18.44989299 -7.37187696 0.00000000
      vertex -18.37168953 -7.33775263 0.00000000
    endloop
  endfacet
  facet normal -0.39993635 0.91654291 0.00000000
    outer loop
      vertex -18.23560081 -7.67115020 0.20000000
      vertex -18.29759959 -7.69820356 0.00000000
      vertex -18.29759959 -7.69820356 0.20000000
    endloop
  endfacet
  facet normal -0.39993635 0.91654291 0.00000000
    outer loop
      vertex -18.23560081 -7.67115020 0.20000000
      vertex -18.23560081 -7.67115020 0.00000000
      vertex -18.29759959 -7.69820356 0.00000000
    endloop
  endfacet
  facet normal 0.39993635 -0.91654291 0.00000000
    outer loop
      vertex -18.37168953 -7.33775263 0.20000000
      vertex -18.44989299 -7.37187696 0.20000000
      vertex -18.44989299 -7.37187696 0.00000000
    endloop
  endfacet
  facet normal 0.39993635 -0.91654291 0.00000000
    outer loop
      vertex -18.37168953 -7.33775263 0.20000000
      vertex -18.44989299 -7.37187696 0.00000000
      vertex -18.37168953 -7.33775263 0.00000000
    endloop
  endfacet
  facet normal 0.00000000 0.00000000 1.00000000
    outer loop
      vertex -18.29759959 -7.69820356 0.20000000
      vertex -18.52496562 -7.40924431 0.20000000
      vertex -18.35601802 -7.72728129 0.20000000
    endloop
  endfacet
  facet normal 0.00000000 0.00000000 1.00000000
    outer loop
      vertex -18.29759959 -7.69820356 0.20000000
      vertex -18.44989299 -7.37187696 0.20000000
      vertex -18.52496562 -7.40924431 0.20000000
    endloop
  endfacet
  facet normal -0.00000000 0.00000000 -1.00000000
    outer loop
      vertex -18.29759959 -7.69820356 0.00000000
      vertex -18.35601802 -7.72728129 0.00000000
      vertex -18.52496562 -7.40924431 0.00000000
    endloop
  endfacet
  facet normal 0.00000000 0.00000000 -1.00000000
    outer loop
      vertex -18.29759959 -7.69820356 0.00000000
      vertex -18.52496562 -7.40924431 0.00000000
      vertex -18.44989299 -7.37187696 0.00000000
    endloop
  endfacet
  facet normal -0.44560093 0.89523171 0.00000000
    outer loop
      vertex -18.29759959 -7.69820356 0.20000000
      vertex -18.35601802 -7.72728129 0.00000000
      vertex -18.35601802 -7.72728129 0.20000000
    endloop
  endfacet
  facet normal -0.44560093 0.89523171 0.00000000
    outer loop
      vertex -18.29759959 -7.69820356 0.20000000
      vertex -18.29759959 -7.69820356 0.00000000
      vertex -18.35601802 -7.72728129 0.00000000
    endloop
  endfacet
  facet normal 0.44560093 -0.89523171 0.00000000
    outer loop
      vertex -18.44989299 -7.37187696 0.20000000
      vertex -18.52496562 -7.40924431 0.20000000
      vertex -18.52496562 -7.40924431 0.00000000
    endloop
  endfacet
  facet normal 0.44560093 -0.89523171 0.00000000
    outer loop
      vertex -18.44989299 -7.37187696 0.20000000
      vertex -18.52496562 -7.40924431 0.00000000
      vertex -18.44989299 -7.37187696 0.00000000
    endloop
  endfacet
  facet normal 0.00000000 0.00000000 1.00000000
    outer loop
      vertex -18.35601802 -7.72728129 0.20000000
      vertex -18.59683913 -7.44989923 0.20000000
      vertex -18.41092439 -7.75833883 0.20000000
    endloop
  endfacet
  facet normal 0.00000000 0.00000000 1.00000000
    outer loop
      vertex -18.35601802 -7.72728129 0.20000000
      vertex -18.52496562 -7.40924431 0.20000000
      vertex -18.59683913 -7.44989923 0.20000000
    endloop
  endfacet
  facet normal -0.00000000 0.00000000 -1.00000000
    outer loop
      vertex -18.35601802 -7.72728129 0.00000000
      vertex -18.41092439 -7.75833883 0.00000000
      vertex -18.59683913 -7.44989923 0.00000000
    endloop
  endfacet
  facet normal 0.00000000 0.00000000 -1.00000000
    outer loop
      vertex -18.35601802 -7.72728129 0.00000000
      vertex -18.59683913 -7.44989923 0.00000000
      vertex -18.52496562 -7.40924431 0.00000000
    endloop
  endfacet
  facet normal -0.49233964 0.87040317 0.00000000
    outer loop
      vertex -18.35601802 -7.72728129 0.20000000
      vertex -18.41092439 -7.75833883 0.00000000
      vertex -18.41092439 -7.75833883 0.20000000
    endloop
  endfacet
  facet normal -0.49233964 0.87040317 0.00000000
    outer loop
      vertex -18.35601802 -7.72728129 0.20000000
      vertex -18.35601802 -7.72728129 0.00000000
      vertex -18.41092439 -7.75833883 0.00000000
    endloop
  endfacet
  facet normal 0.49233964 -0.87040317 0.00000000
    outer loop
      vertex -18.52496562 -7.40924431 0.20000000
      vertex -18.59683913 -7.44989923 0.20000000
      vertex -18.59683913 -7.44989923 0.00000000
    endloop
  endfacet
  facet normal 0.49233964 -0.87040317 0.00000000
    outer loop
      vertex -18.52496562 -7.40924431 0.20000000
      vertex -18.59683913 -7.44989923 0.00000000
      vertex -18.52496562 -7.40924431 0.00000000
    endloop
  endfacet
  facet normal 0.00000000 0.00000000 1.00000000
    outer loop
      vertex -18.41092439 -7.75833883 0.20000000
      vertex -18.66542945 -7.49387467 0.20000000
      vertex -18.46240277 -7.79134326 0.20000000
    endloop
  endfacet
  facet normal 0.00000000 0.00000000 1.00000000
    outer loop
      vertex -18.41092439 -7.75833883 0.20000000
      vertex -18.59683913 -7.44989923 0.20000000
      vertex -18.66542945 -7.49387467 0.20000000
    endloop
  endfacet
  facet normal -0.00000000 0.00000000 -1.00000000
    outer loop
      vertex -18.41092439 -7.75833883 0.00000000
      vertex -18.46240277 -7.79134326 0.00000000
      vertex -18.66542945 -7.49387467 0.00000000
    endloop
  endfacet
  facet normal 0.00000000 0.00000000 -1.00000000
    outer loop
      vertex -18.41092439 -7.75833883 0.00000000
      vertex -18.66542945 -7.49387467 0.00000000
      vertex -18.59683913 -7.44989923 0.00000000
    endloop
  endfacet
  facet normal -0.53972946 0.84183853 0.00000000
    outer loop
      vertex -18.41092439 -7.75833883 0.20000000
      vertex -18.46240277 -7.79134326 0.00000000
      vertex -18.46240277 -7.79134326 0.20000000
    endloop
  endfacet
  facet normal -0.53972946 0.84183853 0.00000000
    outer loop
      vertex -18.41092439 -7.75833883 0.20000000
      vertex -18.41092439 -7.75833883 0.00000000
      vertex -18.46240277 -7.79134326 0.00000000
    endloop
  endfacet
  facet normal 0.53972946 -0.84183853 0.00000000
    outer loop
      vertex -18.59683913 -7.44989923 0.20000000
      vertex -18.66542945 -7.49387467 0.20000000
      vertex -18.66542945 -7.49387467 0.00000000
    endloop
  endfacet
  facet normal 0.53972946 -0.84183853 0.00000000
    outer loop
      vertex -18.59683913 -7.44989923 0.20000000
      vertex -18.66542945 -7.49387467 0.00000000
      vertex -18.59683913 -7.44989923 0.00000000
    endloop
  endfacet
  facet normal 0.00000000 0.00000000 1.00000000
    outer loop
      vertex -18.46240277 -7.79134326 0.20000000
      vertex -18.73063828 -7.54118734 0.20000000
      vertex -18.51055146 -7.82627784 0.20000000
    endloop
  endfacet
  facet normal 0.00000000 0.00000000 1.00000000
    outer loop
      vertex -18.46240277 -7.79134326 0.20000000
      vertex -18.66542945 -7.49387467 0.20000000
      vertex -18.73063828 -7.54118734 0.20000000
    endloop
  endfacet
  facet normal -0.00000000 0.00000000 -1.00000000
    outer loop
      vertex -18.46240277 -7.79134326 0.00000000
      vertex -18.51055146 -7.82627784 0.00000000
      vertex -18.73063828 -7.54118734 0.00000000
    endloop
  endfacet
  facet normal 0.00000000 0.00000000 -1.00000000
    outer loop
      vertex -18.46240277 -7.79134326 0.00000000
      vertex -18.73063828 -7.54118734 0.00000000
      vertex -18.66542945 -7.49387467 0.00000000
    endloop
  endfacet
  facet normal -0.58726264 0.80939644 0.00000000
    outer loop
      vertex -18.46240277 -7.79134326 0.20000000
      vertex -18.51055146 -7.82627784 0.00000000
      vertex -18.51055146 -7.82627784 0.20000000
    endloop
  endfacet
  facet normal -0.58726264 0.80939644 0.00000000
    outer loop
      vertex -18.46240277 -7.79134326 0.20000000
      vertex -18.46240277 -7.79134326 0.00000000
      vertex -18.51055146 -7.82627784 0.00000000
    endloop
  endfacet
  facet normal 0.58726264 -0.80939644 0.00000000
    outer loop
      vertex -18.66542945 -7.49387467 0.20000000
      vertex -18.73063828 -7.54118734 0.20000000
      vertex -18.73063828 -7.54118734 0.00000000
    endloop
  endfacet
  facet normal 0.58726264 -0.80939644 0.00000000
    outer loop
      vertex -18.66542945 -7.49387467 0.20000000
      vertex -18.73063828 -7.54118734 0.00000000
      vertex -18.66542945 -7.49387467 0.00000000
    endloop
  endfacet
  facet normal 0.00000000 0.00000000 1.00000000
    outer loop
      vertex -18.51055146 -7.82627784 0.20000000
      vertex -18.79235631 -7.59183354 0.20000000
      vertex -18.55547977 -7.86314629 0.20000000
    endloop
  endfacet
  facet normal 0.00000000 0.00000000 1.00000000
    outer loop
      vertex -18.51055146 -7.82627784 0.20000000
      vertex -18.73063828 -7.54118734 0.20000000
      vertex -18.79235631 -7.59183354 0.20000000
    endloop
  endfacet
  facet normal -0.00000000 0.00000000 -1.00000000
    outer loop
      vertex -18.51055146 -7.82627784 0.00000000
      vertex -18.55547977 -7.86314629 0.00000000
      vertex -18.79235631 -7.59183354 0.00000000
    endloop
  endfacet
  facet normal 0.00000000 0.00000000 -1.00000000
    outer loop
      vertex -18.51055146 -7.82627784 0.00000000
      vertex -18.79235631 -7.59183354 0.00000000
      vertex -18.73063828 -7.54118734 0.00000000
    endloop
  endfacet
  facet normal -0.63435976 0.77303796 0.00000000
    outer loop
      vertex -18.51055146 -7.82627784 0.20000000
      vertex -18.55547977 -7.86314629 0.00000000
      vertex -18.55547977 -7.86314629 0.20000000
    endloop
  endfacet
  facet normal -0.63435976 0.77303796 0.00000000
    outer loop
      vertex -18.51055146 -7.82627784 0.20000000
      vertex -18.51055146 -7.82627784 0.00000000
      vertex -18.55547977 -7.86314629 0.00000000
    endloop
  endfacet
  facet normal 0.63435976 -0.77303796 0.00000000
    outer loop
      vertex -18.73063828 -7.54118734 0.20000000
      vertex -18.79235631 -7.59183354 0.20000000
      vertex -18.79235631 -7.59183354 0.00000000
    endloop
  endfacet
  facet normal 0.63435976 -0.77303796 0.00000000
    outer loop
      vertex -18.73063828 -7.54118734 0.20000000
      vertex -18.79235631 -7.59183354 0.00000000
      vertex -18.73063828 -7.54118734 0.00000000
    endloop
  endfacet
  facet normal 0.00000000 0.00000000 1.00000000
    outer loop
      vertex -18.55547977 -7.86314629 0.20000000
      vertex -18.85046818 -7.64578590 0.20000000
      vertex -18.59730306 -7.90197597 0.20000000
    endloop
  endfacet
  facet normal 0.00000000 0.00000000 1.00000000
    outer loop
      vertex -18.55547977 -7.86314629 0.20000000
      vertex -18.79235631 -7.59183354 0.20000000
      vertex -18.85046818 -7.64578590 0.20000000
    endloop
  endfacet
  facet normal -0.00000000 0.00000000 -1.00000000
    outer loop
      vertex -18.55547977 -7.86314629 0.00000000
      vertex -18.59730306 -7.90197597 0.00000000
      vertex -18.85046818 -7.64578590 0.00000000
    endloop
  endfacet
  facet normal 0.00000000 0.00000000 -1.00000000
    outer loop
      vertex -18.55547977 -7.86314629 0.00000000
      vertex -18.85046818 -7.64578590 0.00000000
      vertex -18.79235631 -7.59183354 0.00000000
    endloop
  endfacet
  facet normal -0.68039246 0.73284794 0.00000000
    outer loop
      vertex -18.55547977 -7.86314629 0.20000000
      vertex -18.59730306 -7.90197597 0.00000000
      vertex -18.59730306 -7.90197597 0.20000000
    endloop
  endfacet
  facet normal -0.68039246 0.73284794 0.00000000
    outer loop
      vertex -18.55547977 -7.86314629 0.20000000
      vertex -18.55547977 -7.86314629 0.00000000
      vertex -18.59730306 -7.90197597 0.00000000
    endloop
  endfacet
  facet normal 0.68039246 -0.73284794 0.00000000
    outer loop
      vertex -18.79235631 -7.59183354 0.20000000
      vertex -18.85046818 -7.64578590 0.20000000
      vertex -18.85046818 -7.64578590 0.00000000
    endloop
  endfacet
  facet normal 0.68039246 -0.73284794 0.00000000
    outer loop
      vertex -18.79235631 -7.59183354 0.20000000
      vertex -18.85046818 -7.64578590 0.00000000
      vertex -18.79235631 -7.59183354 0.00000000
    endloop
  endfacet
  facet normal 0.00000000 0.00000000 1.00000000
    outer loop
      vertex -18.59730306 -7.90197597 0.20000000
      vertex -18.90485880 -7.70299189 0.20000000
      vertex -18.63613641 -7.94281942 0.20000000
    endloop
  endfacet
  facet normal 0.00000000 0.00000000 1.00000000
    outer loop
      vertex -18.59730306 -7.90197597 0.20000000
      vertex -18.85046818 -7.64578590 0.20000000
      vertex -18.90485880 -7.70299189 0.20000000
    endloop
  endfacet
  facet normal -0.00000000 0.00000000 -1.00000000
    outer loop
      vertex -18.59730306 -7.90197597 0.00000000
      vertex -18.63613641 -7.94281942 0.00000000
      vertex -18.90485880 -7.70299189 0.00000000
    endloop
  endfacet
  facet normal 0.00000000 0.00000000 -1.00000000
    outer loop
      vertex -18.59730306 -7.90197597 0.00000000
      vertex -18.90485880 -7.70299189 0.00000000
      vertex -18.85046818 -7.64578590 0.00000000
    endloop
  endfacet
  facet normal -0.72471512 0.68904861 0.00000000
    outer loop
      vertex -18.59730306 -7.90197597 0.20000000
      vertex -18.63613641 -7.94281942 0.00000000
      vertex -18.63613641 -7.94281942 0.20000000
    endloop
  endfacet
  facet normal -0.72471512 0.68904861 0.00000000
    outer loop
      vertex -18.59730306 -7.90197597 0.20000000
      vertex -18.59730306 -7.90197597 0.00000000
      vertex -18.63613641 -7.94281942 0.00000000
    endloop
  endfacet
  facet normal 0.72471512 -0.68904861 0.00000000
    outer loop
      vertex -18.85046818 -7.64578590 0.20000000
      vertex -18.90485880 -7.70299189 0.20000000
      vertex -18.90485880 -7.70299189 0.00000000
    endloop
  endfacet
  facet normal 0.72471512 -0.68904861 0.00000000
    outer loop
      vertex -18.85046818 -7.64578590 0.20000000
      vertex -18.90485880 -7.70299189 0.00000000
      vertex -18.85046818 -7.64578590 0.00000000
    endloop
  endfacet
  facet normal 0.00000000 0.00000000 1.00000000
    outer loop
      vertex -18.63613641 -7.94281942 0.20000000
      vertex -18.95542048 -7.76337454 0.20000000
      vertex -18.67208753 -7.98575359 0.20000000
    endloop
  endfacet
  facet normal 0.00000000 0.00000000 1.00000000
    outer loop
      vertex -18.63613641 -7.94281942 0.20000000
      vertex -18.90485880 -7.70299189 0.20000000
      vertex -18.95542048 -7.76337454 0.20000000
    endloop
  endfacet
  facet normal -0.00000000 0.00000000 -1.00000000
    outer loop
      vertex -18.63613641 -7.94281942 0.00000000
      vertex -18.67208753 -7.98575359 0.00000000
      vertex -18.95542048 -7.76337454 0.00000000
    endloop
  endfacet
  facet normal 0.00000000 0.00000000 -1.00000000
    outer loop
      vertex -18.63613641 -7.94281942 0.00000000
      vertex -18.95542048 -7.76337454 0.00000000
      vertex -18.90485880 -7.70299189 0.00000000
    endloop
  endfacet
  facet normal -0.76670292 0.64200205 0.00000000
    outer loop
      vertex -18.63613641 -7.94281942 0.20000000
      vertex -18.67208753 -7.98575359 0.00000000
      vertex -18.67208753 -7.98575359 0.20000000
    endloop
  endfacet
  facet normal -0.76670292 0.64200205 0.00000000
    outer loop
      vertex -18.63613641 -7.94281942 0.20000000
      vertex -18.63613641 -7.94281942 0.00000000
      vertex -18.67208753 -7.98575359 0.00000000
    endloop
  endfacet
  facet normal 0.76670292 -0.64200205 0.00000000
    outer loop
      vertex -18.90485880 -7.70299189 0.20000000
      vertex -18.95542048 -7.76337454 0.20000000
      vertex -18.95542048 -7.76337454 0.00000000
    endloop
  endfacet
  facet normal 0.76670292 -0.64200205 0.00000000
    outer loop
      vertex -18.90485880 -7.70299189 0.20000000
      vertex -18.95542048 -7.76337454 0.00000000
      vertex -18.90485880 -7.70299189 0.00000000
    endloop
  endfacet
  facet normal 0.00000000 0.00000000 1.00000000
    outer loop
      vertex -18.67208753 -7.98575359 0.20000000
      vertex -19.00205986 -7.82683568 0.20000000
      vertex -18.70524976 -8.03087667 0.20000000
    endloop
  endfacet
  facet normal 0.00000000 0.00000000 1.00000000
    outer loop
      vertex -18.67208753 -7.98575359 0.20000000
      vertex -18.95542048 -7.76337454 0.20000000
      vertex -19.00205986 -7.82683568 0.20000000
    endloop
  endfacet
  facet normal -0.00000000 0.00000000 -1.00000000
    outer loop
      vertex -18.67208753 -7.98575359 0.00000000
      vertex -18.70524976 -8.03087667 0.00000000
      vertex -19.00205986 -7.82683568 0.00000000
    endloop
  endfacet
  facet normal 0.00000000 0.00000000 -1.00000000
    outer loop
      vertex -18.67208753 -7.98575359 0.00000000
      vertex -19.00205986 -7.82683568 0.00000000
      vertex -18.95542048 -7.76337454 0.00000000
    endloop
  endfacet
  facet normal -0.80579167 0.59219911 0.00000000
    outer loop
      vertex -18.67208753 -7.98575359 0.20000000
      vertex -18.70524976 -8.03087667 0.00000000
      vertex -18.70524976 -8.03087667 0.20000000
    endloop
  endfacet
  facet normal -0.80579167 0.59219911 0.00000000
    outer loop
      vertex -18.67208753 -7.98575359 0.20000000
      vertex -18.67208753 -7.98575359 0.00000000
      vertex -18.70524976 -8.03087667 0.00000000
    endloop
  endfacet
  facet normal 0.80579167 -0.59219911 0.00000000
    outer loop
      vertex -18.95542048 -7.76337454 0.20000000
      vertex -19.00205986 -7.82683568 0.20000000
      vertex -19.00205986 -7.82683568 0.00000000
    endloop
  endfacet
  facet normal 0.80579167 -0.59219911 0.00000000
    outer loop
      vertex -18.95542048 -7.76337454 0.20000000
      vertex -19.00205986 -7.82683568 0.00000000
      vertex -18.95542048 -7.76337454 0.00000000
    endloop
  endfacet
  facet normal 0.00000000 0.00000000 1.00000000
    outer loop
      vertex -18.70524976 -8.03087667 0.20000000
      vertex -19.04470377 -7.89326129 0.20000000
      vertex -18.73569629 -8.07830267 0.20000000
    endloop
  endfacet
  facet normal 0.00000000 0.00000000 1.00000000
    outer loop
      vertex -18.70524976 -8.03087667 0.20000000
      vertex -19.00205986 -7.82683568 0.20000000
      vertex -19.04470377 -7.89326129 0.20000000
    endloop
  endfacet
  facet normal -0.00000000 0.00000000 -1.00000000
    outer loop
      vertex -18.70524976 -8.03087667 0.00000000
      vertex -18.73569629 -8.07830267 0.00000000
      vertex -19.04470377 -7.89326129 0.00000000
    endloop
  endfacet
  facet normal 0.00000000 0.00000000 -1.00000000
    outer loop
      vertex -18.70524976 -8.03087667 0.00000000
      vertex -19.04470377 -7.89326129 0.00000000
      vertex -19.00205986 -7.82683568 0.00000000
    endloop
  endfacet
  facet normal -0.84151414 0.54023509 0.00000000
    outer loop
      vertex -18.70524976 -8.03087667 0.20000000
      vertex -18.73569629 -8.07830267 0.00000000
      vertex -18.73569629 -8.07830267 0.20000000
    endloop
  endfacet
  facet normal -0.84151414 0.54023509 0.00000000
    outer loop
      vertex -18.70524976 -8.03087667 0.20000000
      vertex -18.70524976 -8.03087667 0.00000000
      vertex -18.73569629 -8.07830267 0.00000000
    endloop
  endfacet
  facet normal 0.84151414 -0.54023509 0.00000000
    outer loop
      vertex -19.00205986 -7.82683568 0.20000000
      vertex -19.04470377 -7.89326129 0.20000000
      vertex -19.04470377 -7.89326129 0.00000000
    endloop
  endfacet
  facet normal 0.84151414 -0.54023509 0.00000000
    outer loop
      vertex -19.00205986 -7.82683568 0.20000000
      vertex -19.04470377 -7.89326129 0.00000000
      vertex -19.00205986 -7.82683568 0.00000000
    endloop
  endfacet
  facet normal 0.00000000 0.00000000 1.00000000
    outer loop
      vertex -18.73569629 -8.07830267 0.20000000
      vertex -19.08330302 -7.96252849 0.20000000
      vertex -18.76347630 -8.12815448 0.20000000
    endloop
  endfacet
  facet normal 0.00000000 0.00000000 1.00000000
    outer loop
      vertex -18.73569629 -8.07830267 0.20000000
      vertex -19.04470377 -7.89326129 0.20000000
      vertex -19.08330302 -7.96252849 0.20000000
    endloop
  endfacet
  facet normal -0.00000000 0.00000000 -1.00000000
    outer loop
      vertex -18.73569629 -8.07830267 0.00000000
      vertex -18.76347630 -8.12815448 0.00000000
      vertex -19.08330302 -7.96252849 0.00000000
    endloop
  endfacet
  facet normal 0.00000000 0.00000000 -1.00000000
    outer loop
      vertex -18.73569629 -8.07830267 0.00000000
      vertex -19.08330302 -7.96252849 0.00000000
      vertex -19.04470377 -7.89326129 0.00000000
    endloop
  endfacet
  facet normal -0.87352759 0.48677464 0.00000000
    outer loop
      vertex -18.73569629 -8.07830267 0.20000000
      vertex -18.76347630 -8.12815448 0.00000000
      vertex -18.76347630 -8.12815448 0.20000000
    endloop
  endfacet
  facet normal -0.87352759 0.48677464 0.00000000
    outer loop
      vertex -18.73569629 -8.07830267 0.20000000
      vertex -18.73569629 -8.07830267 0.00000000
      vertex -18.76347630 -8.12815448 0.00000000
    endloop
  endfacet
  facet normal 0.87352759 -0.48677464 0.00000000
    outer loop
      vertex -19.04470377 -7.89326129 0.20000000
      vertex -19.08330302 -7.96252849 0.20000000
      vertex -19.08330302 -7.96252849 0.00000000
    endloop
  endfacet
  facet normal 0.87352759 -0.48677464 0.00000000
    outer loop
      vertex -19.04470377 -7.89326129 0.20000000
      vertex -19.08330302 -7.96252849 0.00000000
      vertex -19.04470377 -7.89326129 0.00000000
    endloop
  endfacet
  facet normal 0.00000000 0.00000000 1.00000000
    outer loop
      vertex -18.76347630 -8.12815448 0.20000000
      vertex -19.11783394 -8.03451299 0.20000000
      vertex -18.78861345 -8.18055637 0.20000000
    endloop
  endfacet
  facet normal 0.00000000 0.00000000 1.00000000
    outer loop
      vertex -18.76347630 -8.12815448 0.20000000
      vertex -19.08330302 -7.96252849 0.20000000
      vertex -19.11783394 -8.03451299 0.20000000
    endloop
  endfacet
  facet normal -0.00000000 0.00000000 -1.00000000
    outer loop
      vertex -18.76347630 -8.12815448 0.00000000
      vertex -18.78861345 -8.18055637 0.00000000
      vertex -19.11783394 -8.03451299 0.00000000
    endloop
  endfacet
  facet normal 0.00000000 0.00000000 -1.00000000
    outer loop
      vertex -18.76347630 -8.12815448 0.00000000
      vertex -19.11783394 -8.03451299 0.00000000
      vertex -19.08330302 -7.96252849 0.00000000
    endloop
  endfacet
  facet normal -0.90162878 0.43251075 0.00000000
    outer loop
      vertex -18.76347630 -8.12815448 0.20000000
      vertex -18.78861345 -8.18055637 0.00000000
      vertex -18.78861345 -8.18055637 0.20000000
    endloop
  endfacet
  facet normal -0.90162878 0.43251075 0.00000000
    outer loop
      vertex -18.76347630 -8.12815448 0.20000000
      vertex -18.76347630 -8.12815448 0.00000000
      vertex -18.78861345 -8.18055637 0.00000000
    endloop
  endfacet
  facet normal 0.90162878 -0.43251075 0.00000000
    outer loop
      vertex -19.08330302 -7.96252849 0.20000000
      vertex -19.11783394 -8.03451299 0.20000000
      vertex -19.11783394 -8.03451299 0.00000000
    endloop
  endfacet
  facet normal 0.90162878 -0.43251075 0.00000000
    outer loop
      vertex -19.08330302 -7.96252849 0.20000000
      vertex -19.11783394 -8.03451299 0.00000000
      vertex -19.08330302 -7.96252849 0.00000000
    endloop
  endfacet
  facet normal 0.00000000 0.00000000 1.00000000
    outer loop
      vertex -18.78861345 -8.18055637 0.20000000
      vertex -19.14829735 -8.10909623 0.20000000
      vertex -18.81110693 -8.23562692 0.20000000
    endloop
  endfacet
  facet normal 0.00000000 0.00000000 1.00000000
    outer loop
      vertex -18.78861345 -8.18055637 0.20000000
      vertex -19.11783394 -8.03451299 0.20000000
      vertex -19.14829735 -8.10909623 0.20000000
    endloop
  endfacet
  facet normal -0.00000000 0.00000000 -1.00000000
    outer loop
      vertex -18.78861345 -8.18055637 0.00000000
      vertex -18.81110693 -8.23562692 0.00000000
      vertex -19.14829735 -8.10909623 0.00000000
    endloop
  endfacet
  facet normal 0.00000000 0.00000000 -1.00000000
    outer loop
      vertex -18.78861345 -8.18055637 0.00000000
      vertex -19.14829735 -8.10909623 0.00000000
      vertex -19.11783394 -8.03451299 0.00000000
    endloop
  endfacet
  facet normal -0.92575523 0.37812333 0.00000000
    outer loop
      vertex -18.78861345 -8.18055637 0.20000000
      vertex -18.81110693 -8.23562692 0.00000000
      vertex -18.81110693 -8.23562692 0.20000000
    endloop
  endfacet
  facet normal -0.92575523 0.37812333 0.00000000
    outer loop
      vertex -18.78861345 -8.18055637 0.20000000
      vertex -18.78861345 -8.18055637 0.00000000
      vertex -18.81110693 -8.23562692 0.00000000
    endloop
  endfacet
  facet normal 0.92575523 -0.37812333 0.00000000
    outer loop
      vertex -19.11783394 -8.03451299 0.20000000
      vertex -19.14829735 -8.10909623 0.20000000
      vertex -19.14829735 -8.10909623 0.00000000
    endloop
  endfacet
  facet normal 0.92575523 -0.37812333 0.00000000
    outer loop
      vertex -19.11783394 -8.03451299 0.20000000
      vertex -19.14829735 -8.10909623 0.00000000
      vertex -19.11783394 -8.03451299 0.00000000
    endloop
  endfacet
  facet normal 0.00000000 0.00000000 1.00000000
    outer loop
      vertex -18.81110693 -8.23562692 0.20000000
      vertex -19.17471563 -8.18617116 0.20000000
      vertex -18.83093437 -8.29347317 0.20000000
    endloop
  endfacet
  facet normal 0.00000000 0.00000000 1.00000000
    outer loop
      vertex -18.81110693 -8.23562692 0.20000000
      vertex -19.14829735 -8.10909623 0.20000000
      vertex -19.17471563 -8.18617116 0.20000000
    endloop
  endfacet
  facet normal -0.00000000 0.00000000 -1.00000000
    outer loop
      vertex -18.81110693 -8.23562692 0.00000000
      vertex -18.83093437 -8.29347317 0.00000000
      vertex -19.17471563 -8.18617116 0.00000000
    endloop
  endfacet
  facet normal 0.00000000 0.00000000 -1.00000000
    outer loop
      vertex -18.81110693 -8.23562692 0.00000000
      vertex -19.17471563 -8.18617116 0.00000000
      vertex -19.14829735 -8.10909623 0.00000000
    endloop
  endfacet
  facet normal -0.94597386 0.32424291 0.00000000
    outer loop
      vertex -18.81110693 -8.23562692 0.20000000
      vertex -18.83093437 -8.29347317 0.00000000
      vertex -18.83093437 -8.29347317 0.20000000
    endloop
  endfacet
  facet normal -0.94597386 0.32424291 0.00000000
    outer loop
      vertex -18.81110693 -8.23562692 0.20000000
      vertex -18.81110693 -8.23562692 0.00000000
      vertex -18.83093437 -8.29347317 0.00000000
    endloop
  endfacet
  facet normal 0.94597386 -0.32424291 0.00000000
    outer loop
      vertex -19.14829735 -8.10909623 0.20000000
      vertex -19.17471563 -8.18617116 0.20000000
      vertex -19.17471563 -8.18617116 0.00000000
    endloop
  endfacet
  facet normal 0.94597386 -0.32424291 0.00000000
    outer loop
      vertex -19.14829735 -8.10909623 0.20000000
      vertex -19.17471563 -8.18617116 0.00000000
      vertex -19.14829735 -8.10909623 0.00000000
    endloop
  endfacet
  facet normal 0.00000000 0.00000000 1.00000000
    outer loop
      vertex -18.83093437 -8.29347317 0.20000000
      vertex -19.19712838 -8.26564627 0.20000000
      vertex -18.84805615 -8.35418664 0.20000000
    endloop
  endfacet
  facet normal 0.00000000 0.00000000 1.00000000
    outer loop
      vertex -18.83093437 -8.29347317 0.20000000
      vertex -19.17471563 -8.18617116 0.20000000
      vertex -19.19712838 -8.26564627 0.20000000
    endloop
  endfacet
  facet normal -0.00000000 0.00000000 -1.00000000
    outer loop
      vertex -18.83093437 -8.29347317 0.00000000
      vertex -18.84805615 -8.35418664 0.00000000
      vertex -19.19712838 -8.26564627 0.00000000
    endloop
  endfacet
  facet normal 0.00000000 0.00000000 -1.00000000
    outer loop
      vertex -18.83093437 -8.29347317 0.00000000
      vertex -19.19712838 -8.26564627 0.00000000
      vertex -19.17471563 -8.18617116 0.00000000
    endloop
  endfacet
  facet normal -0.96246014 0.27142306 0.00000000
    outer loop
      vertex -18.83093437 -8.29347317 0.20000000
      vertex -18.84805615 -8.35418664 0.00000000
      vertex -18.84805615 -8.35418664 0.20000000
    endloop
  endfacet
  facet normal -0.96246014 0.27142306 0.00000000
    outer loop
      vertex -18.83093437 -8.29347317 0.20000000
      vertex -18.83093437 -8.29347317 0.00000000
      vertex -18.84805615 -8.35418664 0.00000000
    endloop
  endfacet
  facet normal 0.96246014 -0.27142306 0.00000000
    outer loop
      vertex -19.17471563 -8.18617116 0.20000000
      vertex -19.19712838 -8.26564627 0.20000000
      vertex -19.19712838 -8.26564627 0.00000000
    endloop
  endfacet
  facet normal 0.96246014 -0.27142306 0.00000000
    outer loop
      vertex -19.17471563 -8.18617116 0.20000000
      vertex -19.19712838 -8.26564627 0.00000000
      vertex -19.17471563 -8.18617116 0.00000000
    endloop
  endfacet
  facet normal 0.00000000 0.00000000 1.00000000
    outer loop
      vertex -18.84805615 -8.35418664 0.20000000
      vertex -19.21558756 -8.34744773 0.20000000
      vertex -18.86242033 -8.41784115 0.20000000
    endloop
  endfacet
  facet normal 0.00000000 0.00000000 1.00000000
    outer loop
      vertex -18.84805615 -8.35418664 0.20000000
      vertex -19.19712838 -8.26564627 0.20000000
      vertex -19.21558756 -8.34744773 0.20000000
    endloop
  endfacet
  facet normal -0.00000000 0.00000000 -1.00000000
    outer loop
      vertex -18.84805615 -8.35418664 0.00000000
      vertex -18.86242033 -8.41784115 0.00000000
      vertex -19.21558756 -8.34744773 0.00000000
    endloop
  endfacet
  facet normal 0.00000000 0.00000000 -1.00000000
    outer loop
      vertex -18.84805615 -8.35418664 0.00000000
      vertex -19.21558756 -8.34744773 0.00000000
      vertex -19.19712838 -8.26564627 0.00000000
    endloop
  endfacet
  facet normal -0.97547203 0.22012341 0.00000000
    outer loop
      vertex -18.84805615 -8.35418664 0.20000000
      vertex -18.86242033 -8.41784115 0.00000000
      vertex -18.86242033 -8.41784115 0.20000000
    endloop
  endfacet
  facet normal -0.97547203 0.22012341 0.00000000
    outer loop
      vertex -18.84805615 -8.35418664 0.20000000
      vertex -18.84805615 -8.35418664 0.00000000
      vertex -18.86242033 -8.41784115 0.00000000
    endloop
  endfacet
  facet normal 0.97547203 -0.22012341 0.00000000
    outer loop
      vertex -19.19712838 -8.26564627 0.20000000
      vertex -19.21558756 -8.34744773 0.20000000
      vertex -19.21558756 -8.34744773 0.00000000
    endloop
  endfacet
  facet normal 0.97547203 -0.22012341 0.00000000
    outer loop
      vertex -19.19712838 -8.26564627 0.20000000
      vertex -19.21558756 -8.34744773 0.00000000
      vertex -19.19712838 -8.26564627 0.00000000
    endloop
  endfacet
  facet normal 0.00000000 0.00000000 1.00000000
    outer loop
      vertex -18.86242033 -8.41784115 0.20000000
      vertex -19.23015268 -8.43151977 0.20000000
      vertex -18.87396738 -8.48449247 0.20000000
    endloop
  endfacet
  facet normal 0.00000000 0.00000000 1.00000000
    outer loop
      vertex -18.86242033 -8.41784115 0.20000000
      vertex -19.21558756 -8.34744773 0.20000000
      vertex -19.23015268 -8.43151977 0.20000000
    endloop
  endfacet
  facet normal 0.00000000 0.00000000 -1.00000000
    outer loop
      vertex -18.86242033 -8.41784115 0.00000000
      vertex -18.87396738 -8.48449247 0.00000000
      vertex -19.23015268 -8.43151977 0.00000000
    endloop
  endfacet
  facet normal -0.00000000 0.00000000 -1.00000000
    outer loop
      vertex -18.86242033 -8.41784115 0.00000000
      vertex -19.23015268 -8.43151977 0.00000000
      vertex -19.21558756 -8.34744773 0.00000000
    endloop
  endfacet
  facet normal -0.98532255 0.17070289 0.00000000
    outer loop
      vertex -18.86242033 -8.41784115 0.20000000
      vertex -18.87396738 -8.48449247 0.00000000
      vertex -18.87396738 -8.48449247 0.20000000
    endloop
  endfacet
  facet normal -0.98532255 0.17070289 0.00000000
    outer loop
      vertex -18.86242033 -8.41784115 0.20000000
      vertex -18.86242033 -8.41784115 0.00000000
      vertex -18.87396738 -8.48449247 0.00000000
    endloop
  endfacet
  facet normal 0.98532255 -0.17070289 0.00000000
    outer loop
      vertex -19.21558756 -8.34744773 0.20000000
      vertex -19.23015268 -8.43151977 0.20000000
      vertex -19.23015268 -8.43151977 0.00000000
    endloop
  endfacet
  facet normal 0.98532255 -0.17070289 0.00000000
    outer loop
      vertex -19.21558756 -8.34744773 0.20000000
      vertex -19.23015268 -8.43151977 0.00000000
      vertex -19.21558756 -8.34744773 0.00000000
    endloop
  endfacet
  facet normal 0.00000000 0.00000000 1.00000000
    outer loop
      vertex -18.87396738 -8.48449247 0.20000000
      vertex -19.24088654 -8.51782375 0.20000000
      vertex -18.88263451 -8.55417925 0.20000000
    endloop
  endfacet
  facet normal 0.00000000 0.00000000 1.00000000
    outer loop
      vertex -18.87396738 -8.48449247 0.20000000
      vertex -19.23015268 -8.43151977 0.20000000
      vertex -19.24088654 -8.51782375 0.20000000
    endloop
  endfacet
  facet normal 0.00000000 0.00000000 -1.00000000
    outer loop
      vertex -18.87396738 -8.48449247 0.00000000
      vertex -18.88263451 -8.55417925 0.00000000
      vertex -19.24088654 -8.51782375 0.00000000
    endloop
  endfacet
  facet normal -0.00000000 0.00000000 -1.00000000
    outer loop
      vertex -18.87396738 -8.48449247 0.00000000
      vertex -19.24088654 -8.51782375 0.00000000
      vertex -19.23015268 -8.43151977 0.00000000
    endloop
  endfacet
  facet normal -0.99235430 0.12342179 0.00000000
    outer loop
      vertex -18.87396738 -8.48449247 0.20000000
      vertex -18.88263451 -8.55417925 0.00000000
      vertex -18.88263451 -8.55417925 0.20000000
    endloop
  endfacet
  facet normal -0.99235430 0.12342179 0.00000000
    outer loop
      vertex -18.87396738 -8.48449247 0.20000000
      vertex -18.87396738 -8.48449247 0.00000000
      vertex -18.88263451 -8.55417925 0.00000000
    endloop
  endfacet
  facet normal 0.99235430 -0.12342179 0.00000000
    outer loop
      vertex -19.23015268 -8.43151977 0.20000000
      vertex -19.24088654 -8.51782375 0.20000000
      vertex -19.24088654 -8.51782375 0.00000000
    endloop
  endfacet
  facet normal 0.99235430 -0.12342179 0.00000000
    outer loop
      vertex -19.23015268 -8.43151977 0.20000000
      vertex -19.24088654 -8.51782375 0.00000000
      vertex -19.23015268 -8.43151977 0.00000000
    endloop
  endfacet
  facet normal 0.00000000 0.00000000 1.00000000
    outer loop
      vertex -18.88263451 -8.55417925 0.20000000
      vertex -19.24785181 -8.60633627 0.20000000
      vertex -18.88835905 -8.62692487 0.20000000
    endloop
  endfacet
  facet normal 0.00000000 0.00000000 1.00000000
    outer loop
      vertex -18.88263451 -8.55417925 0.20000000
      vertex -19.24088654 -8.51782375 0.20000000
      vertex -19.24785181 -8.60633627 0.20000000
    endloop
  endfacet
  facet normal 0.00000000 0.00000000 -1.00000000
    outer loop
      vertex -18.88263451 -8.55417925 0.00000000
      vertex -18.88835905 -8.62692487 0.00000000
      vertex -19.24785181 -8.60633627 0.00000000
    endloop
  endfacet
  facet normal -0.00000000 0.00000000 -1.00000000
    outer loop
      vertex -18.88263451 -8.55417925 0.00000000
      vertex -19.24785181 -8.60633627 0.00000000
      vertex -19.24088654 -8.51782375 0.00000000
    endloop
  endfacet
  facet normal -0.99691805 0.07845001 0.00000000
    outer loop
      vertex -18.88263451 -8.55417925 0.20000000
      vertex -18.88835905 -8.62692487 0.00000000
      vertex -18.88835905 -8.62692487 0.20000000
    endloop
  endfacet
  facet normal -0.99691805 0.07845001 0.00000000
    outer loop
      vertex -18.88263451 -8.55417925 0.20000000
      vertex -18.88263451 -8.55417925 0.00000000
      vertex -18.88835905 -8.62692487 0.00000000
    endloop
  endfacet
  facet normal 0.99691805 -0.07845001 0.00000000
    outer loop
      vertex -19.24088654 -8.51782375 0.20000000
      vertex -19.24785181 -8.60633627 0.20000000
      vertex -19.24785181 -8.60633627 0.00000000
    endloop
  endfacet
  facet normal 0.99691805 -0.07845001 0.00000000
    outer loop
      vertex -19.24088654 -8.51782375 0.20000000
      vertex -19.24785181 -8.60633627 0.00000000
      vertex -19.24088654 -8.51782375 0.00000000
    endloop
  endfacet
  facet normal 0.00000000 0.00000000 1.00000000
    outer loop
      vertex -18.88835905 -8.62692487 0.20000000
      vertex -19.25110852 -8.69704685 0.20000000
      vertex -18.89108097 -8.70273984 0.20000000
    endloop
  endfacet
  facet normal 0.00000000 0.00000000 1.00000000
    outer loop
      vertex -18.88835905 -8.62692487 0.20000000
      vertex -19.24785181 -8.60633627 0.20000000
      vertex -19.25110852 -8.69704685 0.20000000
    endloop
  endfacet
  facet normal 0.00000000 0.00000000 -1.00000000
    outer loop
      vertex -18.88835905 -8.62692487 0.00000000
      vertex -18.89108097 -8.70273984 0.00000000
      vertex -19.25110852 -8.69704685 0.00000000
    endloop
  endfacet
  facet normal -0.00000000 0.00000000 -1.00000000
    outer loop
      vertex -18.88835905 -8.62692487 0.00000000
      vertex -19.25110852 -8.69704685 0.00000000
      vertex -19.24785181 -8.60633627 0.00000000
    endloop
  endfacet
  facet normal -0.99935614 0.03587907 0.00000000
    outer loop
      vertex -18.88835905 -8.62692487 0.20000000
      vertex -18.89108097 -8.70273984 0.00000000
      vertex -18.89108097 -8.70273984 0.20000000
    endloop
  endfacet
  facet normal -0.99935614 0.03587907 0.00000000
    outer loop
      vertex -18.88835905 -8.62692487 0.20000000
      vertex -18.88835905 -8.62692487 0.00000000
      vertex -18.89108097 -8.70273984 0.00000000
    endloop
  endfacet
  facet normal 0.99935614 -0.03587907 0.00000000
    outer loop
      vertex -19.24785181 -8.60633627 0.20000000
      vertex -19.25110852 -8.69704685 0.20000000
      vertex -19.25110852 -8.69704685 0.00000000
    endloop
  endfacet
  facet normal 0.99935614 -0.03587907 0.00000000
    outer loop
      vertex -19.24785181 -8.60633627 0.20000000
      vertex -19.25110852 -8.69704685 0.00000000
      vertex -19.24785181 -8.60633627 0.00000000
    endloop
  endfacet
  facet normal 0.00000000 0.00000000 1.00000000
    outer loop
      vertex -18.89108097 -8.70273984 0.20000000
      vertex -19.25071235 -8.78995538 0.20000000
      vertex -18.89074460 -8.78162424 0.20000000
    endloop
  endfacet
  facet normal 0.00000000 0.00000000 1.00000000
    outer loop
      vertex -18.89108097 -8.70273984 0.20000000
      vertex -19.25110852 -8.69704685 0.20000000
      vertex -19.25071235 -8.78995538 0.20000000
    endloop
  endfacet
  facet normal 0.00000000 -0.00000000 -1.00000000
    outer loop
      vertex -18.89108097 -8.70273984 0.00000000
      vertex -18.89074460 -8.78162424 0.00000000
      vertex -19.25071235 -8.78995538 0.00000000
    endloop
  endfacet
  facet normal -0.00000000 0.00000000 -1.00000000
    outer loop
      vertex -18.89108097 -8.70273984 0.00000000
      vertex -19.25071235 -8.78995538 0.00000000
      vertex -19.25110852 -8.69704685 0.00000000
    endloop
  endfacet
  facet normal -0.99999091 -0.00426410 0.00000000
    outer loop
      vertex -18.89108097 -8.70273984 0.20000000
      vertex -18.89074460 -8.78162424 0.00000000
      vertex -18.89074460 -8.78162424 0.20000000
    endloop
  endfacet
  facet normal -0.99999091 -0.00426410 -0.00000000
    outer loop
      vertex -18.89108097 -8.70273984 0.20000000
      vertex -18.89108097 -8.70273984 0.00000000
      vertex -18.89074460 -8.78162424 0.00000000
    endloop
  endfacet
  facet normal 0.99999091 0.00426410 0.00000000
    outer loop
      vertex -19.25110852 -8.69704685 0.20000000
      vertex -19.25071235 -8.78995538 0.20000000
      vertex -19.25071235 -8.78995538 0.00000000
    endloop
  endfacet
  facet normal 0.99999091 0.00426410 0.00000000
    outer loop
      vertex -19.25110852 -8.69704685 0.20000000
      vertex -19.25071235 -8.78995538 0.00000000
      vertex -19.25110852 -8.69704685 0.00000000
    endloop
  endfacet
  facet normal 0.00000000 0.00000000 1.00000000
    outer loop
      vertex -18.89074460 -8.78162424 0.20000000
      vertex -19.24671368 -8.88506981 0.20000000
      vertex -18.88729954 -8.86357013 0.20000000
    endloop
  endfacet
  facet normal 0.00000000 0.00000000 1.00000000
    outer loop
      vertex -18.89074460 -8.78162424 0.20000000
      vertex -19.25071235 -8.78995538 0.20000000
      vertex -19.24671368 -8.88506981 0.20000000
    endloop
  endfacet
  facet normal 0.00000000 -0.00000000 -1.00000000
    outer loop
      vertex -18.89074460 -8.78162424 0.00000000
      vertex -18.88729954 -8.86357013 0.00000000
      vertex -19.24671368 -8.88506981 0.00000000
    endloop
  endfacet
  facet normal 0.00000000 0.00000000 -1.00000000
    outer loop
      vertex -18.89074460 -8.78162424 0.00000000
      vertex -19.24671368 -8.88506981 0.00000000
      vertex -19.25071235 -8.78995538 0.00000000
    endloop
  endfacet
  facet normal -0.99911746 -0.04200354 0.00000000
    outer loop
      vertex -18.89074460 -8.78162424 0.20000000
      vertex -18.88729954 -8.86357013 0.00000000
      vertex -18.88729954 -8.86357013 0.20000000
    endloop
  endfacet
  facet normal -0.99911746 -0.04200354 -0.00000000
    outer loop
      vertex -18.89074460 -8.78162424 0.20000000
      vertex -18.89074460 -8.78162424 0.00000000
      vertex -18.88729954 -8.86357013 0.00000000
    endloop
  endfacet
  facet normal 0.99911746 0.04200354 0.00000000
    outer loop
      vertex -19.25071235 -8.78995538 0.20000000
      vertex -19.24671368 -8.88506981 0.20000000
      vertex -19.24671368 -8.88506981 0.00000000
    endloop
  endfacet
  facet normal 0.99911746 0.04200354 0.00000000
    outer loop
      vertex -19.25071235 -8.78995538 0.20000000
      vertex -19.24671368 -8.88506981 0.00000000
      vertex -19.25071235 -8.78995538 0.00000000
    endloop
  endfacet
  facet normal 0.00000000 0.00000000 1.00000000
    outer loop
      vertex -18.88729954 -8.86357013 0.20000000
      vertex -19.23915720 -8.98240394 0.20000000
      vertex -18.88070111 -8.94856371 0.20000000
    endloop
  endfacet
  facet normal 0.00000000 0.00000000 1.00000000
    outer loop
      vertex -18.88729954 -8.86357013 0.20000000
      vertex -19.24671368 -8.88506981 0.20000000
      vertex -19.23915720 -8.98240394 0.20000000
    endloop
  endfacet
  facet normal 0.00000000 -0.00000000 -1.00000000
    outer loop
      vertex -18.88729954 -8.86357013 0.00000000
      vertex -18.88070111 -8.94856371 0.00000000
      vertex -19.23915720 -8.98240394 0.00000000
    endloop
  endfacet
  facet normal 0.00000000 0.00000000 -1.00000000
    outer loop
      vertex -18.88729954 -8.86357013 0.00000000
      vertex -19.23915720 -8.98240394 0.00000000
      vertex -19.24671368 -8.88506981 0.00000000
    endloop
  endfacet
  facet normal -0.99700000 -0.07740153 0.00000000
    outer loop
      vertex -18.88729954 -8.86357013 0.20000000
      vertex -18.88070111 -8.94856371 0.00000000
      vertex -18.88070111 -8.94856371 0.20000000
    endloop
  endfacet
  facet normal -0.99700000 -0.07740153 -0.00000000
    outer loop
      vertex -18.88729954 -8.86357013 0.20000000
      vertex -18.88729954 -8.86357013 0.00000000
      vertex -18.88070111 -8.94856371 0.00000000
    endloop
  endfacet
  facet normal 0.99700000 0.07740153 0.00000000
    outer loop
      vertex -19.24671368 -8.88506981 0.20000000
      vertex -19.23915720 -8.98240394 0.20000000
      vertex -19.23915720 -8.98240394 0.00000000
    endloop
  endfacet
  facet normal 0.99700000 0.07740153 0.00000000
    outer loop
      vertex -19.24671368 -8.88506981 0.20000000
      vertex -19.23915720 -8.98240394 0.00000000
      vertex -19.24671368 -8.88506981 0.00000000
    endloop
  endfacet
  facet normal 0.00000000 0.00000000 1.00000000
    outer loop
      vertex -18.88070111 -8.94856371 0.20000000
      vertex -19.22823492 -9.08059986 0.20000000
      vertex -18.87075730 -9.03796291 0.20000000
    endloop
  endfacet
  facet normal 0.00000000 0.00000000 1.00000000
    outer loop
      vertex -18.88070111 -8.94856371 0.20000000
      vertex -19.23915720 -8.98240394 0.20000000
      vertex -19.22823492 -9.08059986 0.20000000
    endloop
  endfacet
  facet normal 0.00000000 -0.00000000 -1.00000000
    outer loop
      vertex -18.88070111 -8.94856371 0.00000000
      vertex -18.87075730 -9.03796291 0.00000000
      vertex -19.22823492 -9.08059986 0.00000000
    endloop
  endfacet
  facet normal 0.00000000 0.00000000 -1.00000000
    outer loop
      vertex -18.88070111 -8.94856371 0.00000000
      vertex -19.22823492 -9.08059986 0.00000000
      vertex -19.23915720 -8.98240394 0.00000000
    endloop
  endfacet
  facet normal -0.99387083 -0.11054765 0.00000000
    outer loop
      vertex -18.88070111 -8.94856371 0.20000000
      vertex -18.87075730 -9.03796291 0.00000000
      vertex -18.87075730 -9.03796291 0.20000000
    endloop
  endfacet
  facet normal -0.99387083 -0.11054765 -0.00000000
    outer loop
      vertex -18.88070111 -8.94856371 0.20000000
      vertex -18.88070111 -8.94856371 0.00000000
      vertex -18.87075730 -9.03796291 0.00000000
    endloop
  endfacet
  facet normal 0.99387083 0.11054765 0.00000000
    outer loop
      vertex -19.23915720 -8.98240394 0.20000000
      vertex -19.22823492 -9.08059986 0.20000000
      vertex -19.22823492 -9.08059986 0.00000000
    endloop
  endfacet
  facet normal 0.99387083 0.11054765 0.00000000
    outer loop
      vertex -19.23915720 -8.98240394 0.20000000
      vertex -19.22823492 -9.08059986 0.00000000
      vertex -19.23915720 -8.98240394 0.00000000
    endloop
  endfacet
  facet normal 0.00000000 0.00000000 1.00000000
    outer loop
      vertex -18.87075730 -9.03796291 0.20000000
      vertex -19.18481335 -9.42161811 0.20000000
      vertex -18.82805734 -9.37331376 0.20000000
    endloop
  endfacet
  facet normal 0.00000000 0.00000000 1.00000000
    outer loop
      vertex -18.87075730 -9.03796291 0.20000000
      vertex -19.22823492 -9.08059986 0.20000000
      vertex -19.18481335 -9.42161811 0.20000000
    endloop
  endfacet
  facet normal 0.00000000 -0.00000000 -1.00000000
    outer loop
      vertex -18.87075730 -9.03796291 0.00000000
      vertex -18.82805734 -9.37331376 0.00000000
      vertex -19.18481335 -9.42161811 0.00000000
    endloop
  endfacet
  facet normal 0.00000000 0.00000000 -1.00000000
    outer loop
      vertex -18.87075730 -9.03796291 0.00000000
      vertex -19.18481335 -9.42161811 0.00000000
      vertex -19.22823492 -9.08059986 0.00000000
    endloop
  endfacet
  facet normal -0.99199089 -0.12630940 0.00000000
    outer loop
      vertex -18.87075730 -9.03796291 0.20000000
      vertex -18.82805734 -9.37331376 0.00000000
      vertex -18.82805734 -9.37331376 0.20000000
    endloop
  endfacet
  facet normal -0.99199089 -0.12630940 -0.00000000
    outer loop
      vertex -18.87075730 -9.03796291 0.20000000
      vertex -18.87075730 -9.03796291 0.00000000
      vertex -18.82805734 -9.37331376 0.00000000
    endloop
  endfacet
  facet normal 0.99199089 0.12630940 0.00000000
    outer loop
      vertex -19.22823492 -9.08059986 0.20000000
      vertex -19.18481335 -9.42161811 0.20000000
      vertex -19.18481335 -9.42161811 0.00000000
    endloop
  endfacet
  facet normal 0.99199089 0.12630940 0.00000000
    outer loop
      vertex -19.22823492 -9.08059986 0.20000000
      vertex -19.18481335 -9.42161811 0.00000000
      vertex -19.22823492 -9.08059986 0.00000000
    endloop
  endfacet
  facet normal 0.00000000 0.00000000 1.00000000
    outer loop
      vertex -18.82805734 -9.37331376 0.20000000
      vertex -19.17077506 -9.51945549 0.20000000
      vertex -18.81527429 -9.46240308 0.20000000
    endloop
  endfacet
  facet normal 0.00000000 0.00000000 1.00000000
    outer loop
      vertex -18.82805734 -9.37331376 0.20000000
      vertex -19.18481335 -9.42161811 0.20000000
      vertex -19.17077506 -9.51945549 0.20000000
    endloop
  endfacet
  facet normal 0.00000000 -0.00000000 -1.00000000
    outer loop
      vertex -18.82805734 -9.37331376 0.00000000
      vertex -18.81527429 -9.46240308 0.00000000
      vertex -19.17077506 -9.51945549 0.00000000
    endloop
  endfacet
  facet normal 0.00000000 0.00000000 -1.00000000
    outer loop
      vertex -18.82805734 -9.37331376 0.00000000
      vertex -19.17077506 -9.51945549 0.00000000
      vertex -19.18481335 -9.42161811 0.00000000
    endloop
  endfacet
  facet normal -0.98986218 -0.14203121 0.00000000
    outer loop
      vertex -18.82805734 -9.37331376 0.20000000
      vertex -18.81527429 -9.46240308 0.00000000
      vertex -18.81527429 -9.46240308 0.20000000
    endloop
  endfacet
  facet normal -0.98986218 -0.14203121 -0.00000000
    outer loop
      vertex -18.82805734 -9.37331376 0.20000000
      vertex -18.82805734 -9.37331376 0.00000000
      vertex -18.81527429 -9.46240308 0.00000000
    endloop
  endfacet
  facet normal 0.98986218 0.14203121 0.00000000
    outer loop
      vertex -19.18481335 -9.42161811 0.20000000
      vertex -19.17077506 -9.51945549 0.20000000
      vertex -19.17077506 -9.51945549 0.00000000
    endloop
  endfacet
  facet normal 0.98986218 0.14203121 0.00000000
    outer loop
      vertex -19.18481335 -9.42161811 0.20000000
      vertex -19.17077506 -9.51945549 0.00000000
      vertex -19.18481335 -9.42161811 0.00000000
    endloop
  endfacet
  facet normal 0.00000000 0.00000000 1.00000000
    outer loop
      vertex -18.81527429 -9.46240308 0.20000000
      vertex -19.15368595 -9.61569187 0.20000000
      vertex -18.80034274 -9.54648923 0.20000000
    endloop
  endfacet
  facet normal 0.00000000 0.00000000 1.00000000
    outer loop
      vertex -18.81527429 -9.46240308 0.20000000
      vertex -19.17077506 -9.51945549 0.20000000
      vertex -19.15368595 -9.61569187 0.20000000
    endloop
  endfacet
  facet normal 0.00000000 -0.00000000 -1.00000000
    outer loop
      vertex -18.81527429 -9.46240308 0.00000000
      vertex -18.80034274 -9.54648923 0.00000000
      vertex -19.15368595 -9.61569187 0.00000000
    endloop
  endfacet
  facet normal 0.00000000 0.00000000 -1.00000000
    outer loop
      vertex -18.81527429 -9.46240308 0.00000000
      vertex -19.15368595 -9.61569187 0.00000000
      vertex -19.17077506 -9.51945549 0.00000000
    endloop
  endfacet
  facet normal -0.98459701 -0.17483916 0.00000000
    outer loop
      vertex -18.81527429 -9.46240308 0.20000000
      vertex -18.80034274 -9.54648923 0.00000000
      vertex -18.80034274 -9.54648923 0.20000000
    endloop
  endfacet
  facet normal -0.98459701 -0.17483916 -0.00000000
    outer loop
      vertex -18.81527429 -9.46240308 0.20000000
      vertex -18.81527429 -9.46240308 0.00000000
      vertex -18.80034274 -9.54648923 0.00000000
    endloop
  endfacet
  facet normal 0.98459701 0.17483916 0.00000000
    outer loop
      vertex -19.17077506 -9.51945549 0.20000000
      vertex -19.15368595 -9.61569187 0.20000000
      vertex -19.15368595 -9.61569187 0.00000000
    endloop
  endfacet
  facet normal 0.98459701 0.17483916 0.00000000
    outer loop
      vertex -19.17077506 -9.51945549 0.20000000
      vertex -19.15368595 -9.61569187 0.00000000
      vertex -19.17077506 -9.51945549 0.00000000
    endloop
  endfacet
  facet normal 0.00000000 0.00000000 1.00000000
    outer loop
      vertex -18.80034274 -9.54648923 0.20000000
      vertex -19.13370239 -9.70896201 0.20000000
      vertex -18.78310634 -9.62693742 0.20000000
    endloop
  endfacet
  facet normal 0.00000000 0.00000000 1.00000000
    outer loop
      vertex -18.80034274 -9.54648923 0.20000000
      vertex -19.15368595 -9.61569187 0.20000000
      vertex -19.13370239 -9.70896201 0.20000000
    endloop
  endfacet
  facet normal 0.00000000 -0.00000000 -1.00000000
    outer loop
      vertex -18.80034274 -9.54648923 0.00000000
      vertex -18.78310634 -9.62693742 0.00000000
      vertex -19.13370239 -9.70896201 0.00000000
    endloop
  endfacet
  facet normal 0.00000000 0.00000000 -1.00000000
    outer loop
      vertex -18.80034274 -9.54648923 0.00000000
      vertex -19.13370239 -9.70896201 0.00000000
      vertex -19.15368595 -9.61569187 0.00000000
    endloop
  endfacet
  facet normal -0.97780863 -0.20950007 0.00000000
    outer loop
      vertex -18.80034274 -9.54648923 0.20000000
      vertex -18.78310634 -9.62693742 0.00000000
      vertex -18.78310634 -9.62693742 0.20000000
    endloop
  endfacet
  facet normal -0.97780863 -0.20950007 -0.00000000
    outer loop
      vertex -18.80034274 -9.54648923 0.20000000
      vertex -18.80034274 -9.54648923 0.00000000
      vertex -18.78310634 -9.62693742 0.00000000
    endloop
  endfacet
  facet normal 0.97780863 0.20950007 0.00000000
    outer loop
      vertex -19.15368595 -9.61569187 0.20000000
      vertex -19.13370239 -9.70896201 0.20000000
      vertex -19.13370239 -9.70896201 0.00000000
    endloop
  endfacet
  facet normal 0.97780863 0.20950007 0.00000000
    outer loop
      vertex -19.15368595 -9.61569187 0.20000000
      vertex -19.13370239 -9.70896201 0.00000000
      vertex -19.15368595 -9.61569187 0.00000000
    endloop
  endfacet
  facet normal 0.00000000 0.00000000 1.00000000
    outer loop
      vertex -18.78310634 -9.62693742 0.20000000
      vertex -19.11078010 -9.79926621 0.20000000
      vertex -18.76360936 -9.70374736 0.20000000
    endloop
  endfacet
  facet normal 0.00000000 0.00000000 1.00000000
    outer loop
      vertex -18.78310634 -9.62693742 0.20000000
      vertex -19.13370239 -9.70896201 0.20000000
      vertex -19.11078010 -9.79926621 0.20000000
    endloop
  endfacet
  facet normal 0.00000000 -0.00000000 -1.00000000
    outer loop
      vertex -18.78310634 -9.62693742 0.00000000
      vertex -18.76360936 -9.70374736 0.00000000
      vertex -19.11078010 -9.79926621 0.00000000
    endloop
  endfacet
  facet normal 0.00000000 0.00000000 -1.00000000
    outer loop
      vertex -18.78310634 -9.62693742 0.00000000
      vertex -19.11078010 -9.79926621 0.00000000
      vertex -19.13370239 -9.70896201 0.00000000
    endloop
  endfacet
  facet normal -0.96926177 -0.24603176 0.00000000
    outer loop
      vertex -18.78310634 -9.62693742 0.20000000
      vertex -18.76360936 -9.70374736 0.00000000
      vertex -18.76360936 -9.70374736 0.20000000
    endloop
  endfacet
  facet normal -0.96926177 -0.24603176 -0.00000000
    outer loop
      vertex -18.78310634 -9.62693742 0.20000000
      vertex -18.78310634 -9.62693742 0.00000000
      vertex -18.76360936 -9.70374736 0.00000000
    endloop
  endfacet
  facet normal 0.96926177 0.24603176 0.00000000
    outer loop
      vertex -19.13370239 -9.70896201 0.20000000
      vertex -19.11078010 -9.79926621 0.20000000
      vertex -19.11078010 -9.79926621 0.00000000
    endloop
  endfacet
  facet normal 0.96926177 0.24603176 0.00000000
    outer loop
      vertex -19.13370239 -9.70896201 0.20000000
      vertex -19.11078010 -9.79926621 0.00000000
      vertex -19.13370239 -9.70896201 0.00000000
    endloop
  endfacet
  facet normal 0.00000000 0.00000000 1.00000000
    outer loop
      vertex -18.76360936 -9.70374736 0.20000000
      vertex -19.08487137 -9.88659784 0.20000000
      vertex -18.74189950 -9.77692568 0.20000000
    endloop
  endfacet
  facet normal 0.00000000 0.00000000 1.00000000
    outer loop
      vertex -18.76360936 -9.70374736 0.20000000
      vertex -19.11078010 -9.79926621 0.20000000
      vertex -19.08487137 -9.88659784 0.20000000
    endloop
  endfacet
  facet normal 0.00000000 -0.00000000 -1.00000000
    outer loop
      vertex -18.76360936 -9.70374736 0.00000000
      vertex -18.74189950 -9.77692568 0.00000000
      vertex -19.08487137 -9.88659784 0.00000000
    endloop
  endfacet
  facet normal 0.00000000 0.00000000 -1.00000000
    outer loop
      vertex -18.76360936 -9.70374736 0.00000000
      vertex -19.08487137 -9.88659784 0.00000000
      vertex -19.11078010 -9.79926621 0.00000000
    endloop
  endfacet
  facet normal -0.95870030 -0.28441825 0.00000000
    outer loop
      vertex -18.76360936 -9.70374736 0.20000000
      vertex -18.74189950 -9.77692568 0.00000000
      vertex -18.74189950 -9.77692568 0.20000000
    endloop
  endfacet
  facet normal -0.95870030 -0.28441825 -0.00000000
    outer loop
      vertex -18.76360936 -9.70374736 0.20000000
      vertex -18.76360936 -9.70374736 0.00000000
      vertex -18.74189950 -9.77692568 0.00000000
    endloop
  endfacet
  facet normal 0.95870030 0.28441825 0.00000000
    outer loop
      vertex -19.11078010 -9.79926621 0.20000000
      vertex -19.08487137 -9.88659784 0.20000000
      vertex -19.08487137 -9.88659784 0.00000000
    endloop
  endfacet
  facet normal 0.95870030 0.28441825 0.00000000
    outer loop
      vertex -19.11078010 -9.79926621 0.20000000
      vertex -19.08487137 -9.88659784 0.00000000
      vertex -19.11078010 -9.79926621 0.00000000
    endloop
  endfacet
  facet normal 0.00000000 0.00000000 1.00000000
    outer loop
      vertex -18.74189950 -9.77692568 0.20000000
      vertex -19.05592598 -9.97094160 0.20000000
      vertex -18.71802697 -9.84648767 0.20000000
    endloop
  endfacet
  facet normal 0.00000000 0.00000000 1.00000000
    outer loop
      vertex -18.74189950 -9.77692568 0.20000000
      vertex -19.08487137 -9.88659784 0.20000000
      vertex -19.05592598 -9.97094160 0.20000000
    endloop
  endfacet
  facet normal 0.00000000 -0.00000000 -1.00000000
    outer loop
      vertex -18.74189950 -9.77692568 0.00000000
      vertex -18.71802697 -9.84648767 0.00000000
      vertex -19.05592598 -9.97094160 0.00000000
    endloop
  endfacet
  facet normal 0.00000000 0.00000000 -1.00000000
    outer loop
      vertex -18.74189950 -9.77692568 0.00000000
      vertex -19.05592598 -9.97094160 0.00000000
      vertex -19.08487137 -9.88659784 0.00000000
    endloop
  endfacet
  facet normal -0.94585122 -0.32460047 0.00000000
    outer loop
      vertex -18.74189950 -9.77692568 0.20000000
      vertex -18.71802697 -9.84648767 0.00000000
      vertex -18.71802697 -9.84648767 0.20000000
    endloop
  endfacet
  facet normal -0.94585122 -0.32460047 -0.00000000
    outer loop
      vertex -18.74189950 -9.77692568 0.20000000
      vertex -18.74189950 -9.77692568 0.00000000
      vertex -18.71802697 -9.84648767 0.00000000
    endloop
  endfacet
  facet normal 0.94585122 0.32460047 0.00000000
    outer loop
      vertex -19.08487137 -9.88659784 0.20000000
      vertex -19.05592598 -9.97094160 0.20000000
      vertex -19.05592598 -9.97094160 0.00000000
    endloop
  endfacet
  facet normal 0.94585122 0.32460047 0.00000000
    outer loop
      vertex -19.08487137 -9.88659784 0.20000000
      vertex -19.05592598 -9.97094160 0.00000000
      vertex -19.08487137 -9.88659784 0.00000000
    endloop
  endfacet
  facet normal 0.00000000 0.00000000 1.00000000
    outer loop
      vertex -18.71802697 -9.84648767 0.20000000
      vertex -19.02389275 -10.05227170 0.20000000
      vertex -18.69204299 -9.91245914 0.20000000
    endloop
  endfacet
  facet normal 0.00000000 0.00000000 1.00000000
    outer loop
      vertex -18.71802697 -9.84648767 0.20000000
      vertex -19.05592598 -9.97094160 0.20000000
      vertex -19.02389275 -10.05227170 0.20000000
    endloop
  endfacet
  facet normal 0.00000000 -0.00000000 -1.00000000
    outer loop
      vertex -18.71802697 -9.84648767 0.00000000
      vertex -18.69204299 -9.91245914 0.00000000
      vertex -19.02389275 -10.05227170 0.00000000
    endloop
  endfacet
  facet normal 0.00000000 0.00000000 -1.00000000
    outer loop
      vertex -18.71802697 -9.84648767 0.00000000
      vertex -19.02389275 -10.05227170 0.00000000
      vertex -19.05592598 -9.97094160 0.00000000
    endloop
  endfacet
  facet normal -0.93043137 -0.36646618 0.00000000
    outer loop
      vertex -18.71802697 -9.84648767 0.20000000
      vertex -18.69204299 -9.91245914 0.00000000
      vertex -18.69204299 -9.91245914 0.20000000
    endloop
  endfacet
  facet normal -0.93043137 -0.36646618 -0.00000000
    outer loop
      vertex -18.71802697 -9.84648767 0.20000000
      vertex -18.71802697 -9.84648767 0.00000000
      vertex -18.69204299 -9.91245914 0.00000000
    endloop
  endfacet
  facet normal 0.93043137 0.36646618 0.00000000
    outer loop
      vertex -19.05592598 -9.97094160 0.20000000
      vertex -19.02389275 -10.05227170 0.20000000
      vertex -19.02389275 -10.05227170 0.00000000
    endloop
  endfacet
  facet normal 0.93043137 0.36646618 0.00000000
    outer loop
      vertex -19.05592598 -9.97094160 0.20000000
      vertex -19.02389275 -10.05227170 0.00000000
      vertex -19.05592598 -9.97094160 0.00000000
    endloop
  endfacet
  facet normal 0.00000000 0.00000000 1.00000000
    outer loop
      vertex -18.69204299 -9.91245914 0.20000000
      vertex -18.98872155 -10.13055018 0.20000000
      vertex -18.66399764 -9.97487804 0.20000000
    endloop
  endfacet
  facet normal 0.00000000 0.00000000 1.00000000
    outer loop
      vertex -18.69204299 -9.91245914 0.20000000
      vertex -19.02389275 -10.05227170 0.20000000
      vertex -18.98872155 -10.13055018 0.20000000
    endloop
  endfacet
  facet normal 0.00000000 -0.00000000 -1.00000000
    outer loop
      vertex -18.69204299 -9.91245914 0.00000000
      vertex -18.66399764 -9.97487804 0.00000000
      vertex -18.98872155 -10.13055018 0.00000000
    endloop
  endfacet
  facet normal 0.00000000 0.00000000 -1.00000000
    outer loop
      vertex -18.69204299 -9.91245914 0.00000000
      vertex -18.98872155 -10.13055018 0.00000000
      vertex -19.02389275 -10.05227170 0.00000000
    endloop
  endfacet
  facet normal -0.91215738 -0.40984011 0.00000000
    outer loop
      vertex -18.69204299 -9.91245914 0.20000000
      vertex -18.66399764 -9.97487804 0.00000000
      vertex -18.66399764 -9.97487804 0.20000000
    endloop
  endfacet
  facet normal -0.91215738 -0.40984011 -0.00000000
    outer loop
      vertex -18.69204299 -9.91245914 0.20000000
      vertex -18.69204299 -9.91245914 0.00000000
      vertex -18.66399764 -9.97487804 0.00000000
    endloop
  endfacet
  facet normal 0.91215738 0.40984011 0.00000000
    outer loop
      vertex -19.02389275 -10.05227170 0.20000000
      vertex -18.98872155 -10.13055018 0.20000000
      vertex -18.98872155 -10.13055018 0.00000000
    endloop
  endfacet
  facet normal 0.91215738 0.40984011 0.00000000
    outer loop
      vertex -19.02389275 -10.05227170 0.20000000
      vertex -18.98872155 -10.13055018 0.00000000
      vertex -19.02389275 -10.05227170 0.00000000
    endloop
  endfacet
  facet normal 0.00000000 0.00000000 1.00000000
    outer loop
      vertex -18.66399764 -9.97487804 0.20000000
      vertex -18.95036622 -10.20572559 0.20000000
      vertex -18.63393713 -10.03379582 0.20000000
    endloop
  endfacet
  facet normal 0.00000000 0.00000000 1.00000000
    outer loop
      vertex -18.66399764 -9.97487804 0.20000000
      vertex -18.98872155 -10.13055018 0.20000000
      vertex -18.95036622 -10.20572559 0.20000000
    endloop
  endfacet
  facet normal 0.00000000 -0.00000000 -1.00000000
    outer loop
      vertex -18.66399764 -9.97487804 0.00000000
      vertex -18.63393713 -10.03379582 0.00000000
      vertex -18.95036622 -10.20572559 0.00000000
    endloop
  endfacet
  facet normal 0.00000000 0.00000000 -1.00000000
    outer loop
      vertex -18.66399764 -9.97487804 0.00000000
      vertex -18.95036622 -10.20572559 0.00000000
      vertex -18.98872155 -10.13055018 0.00000000
    endloop
  endfacet
  facet normal -0.89075930 -0.45447539 0.00000000
    outer loop
      vertex -18.66399764 -9.97487804 0.20000000
      vertex -18.63393713 -10.03379582 0.00000000
      vertex -18.63393713 -10.03379582 0.20000000
    endloop
  endfacet
  facet normal -0.89075930 -0.45447539 -0.00000000
    outer loop
      vertex -18.66399764 -9.97487804 0.20000000
      vertex -18.66399764 -9.97487804 0.00000000
      vertex -18.63393713 -10.03379582 0.00000000
    endloop
  endfacet
  facet normal 0.89075930 0.45447539 0.00000000
    outer loop
      vertex -18.98872155 -10.13055018 0.20000000
      vertex -18.95036622 -10.20572559 0.20000000
      vertex -18.95036622 -10.20572559 0.00000000
    endloop
  endfacet
  facet normal 0.89075930 0.45447539 0.00000000
    outer loop
      vertex -18.98872155 -10.13055018 0.20000000
      vertex -18.95036622 -10.20572559 0.00000000
      vertex -18.98872155 -10.13055018 0.00000000
    endloop
  endfacet
  facet normal 0.00000000 0.00000000 1.00000000
    outer loop
      vertex -18.63393713 -10.03379582 0.20000000
      vertex -18.90878784 -10.27773230 0.20000000
      vertex -18.60190034 -10.08927811 0.20000000
    endloop
  endfacet
  facet normal 0.00000000 0.00000000 1.00000000
    outer loop
      vertex -18.63393713 -10.03379582 0.20000000
      vertex -18.95036622 -10.20572559 0.20000000
      vertex -18.90878784 -10.27773230 0.20000000
    endloop
  endfacet
  facet normal 0.00000000 -0.00000000 -1.00000000
    outer loop
      vertex -18.63393713 -10.03379582 0.00000000
      vertex -18.60190034 -10.08927811 0.00000000
      vertex -18.90878784 -10.27773230 0.00000000
    endloop
  endfacet
  facet normal 0.00000000 0.00000000 -1.00000000
    outer loop
      vertex -18.63393713 -10.03379582 0.00000000
      vertex -18.90878784 -10.27773230 0.00000000
      vertex -18.95036622 -10.20572559 0.00000000
    endloop
  endfacet
  facet normal -0.86599788 -0.50004766 0.00000000
    outer loop
      vertex -18.63393713 -10.03379582 0.20000000
      vertex -18.60190034 -10.08927811 0.00000000
      vertex -18.60190034 -10.08927811 0.20000000
    endloop
  endfacet
  facet normal -0.86599788 -0.50004766 -0.00000000
    outer loop
      vertex -18.63393713 -10.03379582 0.20000000
      vertex -18.63393713 -10.03379582 0.00000000
      vertex -18.60190034 -10.08927811 0.00000000
    endloop
  endfacet
  facet normal 0.86599788 0.50004766 0.00000000
    outer loop
      vertex -18.95036622 -10.20572559 0.20000000
      vertex -18.90878784 -10.27773230 0.20000000
      vertex -18.90878784 -10.27773230 0.00000000
    endloop
  endfacet
  facet normal 0.86599788 0.50004766 0.00000000
    outer loop
      vertex -18.95036622 -10.20572559 0.20000000
      vertex -18.90878784 -10.27773230 0.00000000
      vertex -18.95036622 -10.20572559 0.00000000
    endloop
  endfacet
  facet normal 0.00000000 0.00000000 1.00000000
    outer loop
      vertex -18.60190034 -10.08927811 0.20000000
      vertex -18.86395866 -10.34649082 0.20000000
      vertex -18.56791505 -10.14140440 0.20000000
    endloop
  endfacet
  facet normal 0.00000000 0.00000000 1.00000000
    outer loop
      vertex -18.60190034 -10.08927811 0.20000000
      vertex -18.90878784 -10.27773230 0.20000000
      vertex -18.86395866 -10.34649082 0.20000000
    endloop
  endfacet
  facet normal 0.00000000 -0.00000000 -1.00000000
    outer loop
      vertex -18.60190034 -10.08927811 0.00000000
      vertex -18.56791505 -10.14140440 0.00000000
      vertex -18.86395866 -10.34649082 0.00000000
    endloop
  endfacet
  facet normal 0.00000000 0.00000000 -1.00000000
    outer loop
      vertex -18.60190034 -10.08927811 0.00000000
      vertex -18.86395866 -10.34649082 0.00000000
      vertex -18.90878784 -10.27773230 0.00000000
    endloop
  endfacet
  facet normal -0.83768491 -0.54615381 0.00000000
    outer loop
      vertex -18.60190034 -10.08927811 0.20000000
      vertex -18.56791505 -10.14140440 0.00000000
      vertex -18.56791505 -10.14140440 0.20000000
    endloop
  endfacet
  facet normal -0.83768491 -0.54615381 -0.00000000
    outer loop
      vertex -18.60190034 -10.08927811 0.20000000
      vertex -18.60190034 -10.08927811 0.00000000
      vertex -18.56791505 -10.14140440 0.00000000
    endloop
  endfacet
  facet normal 0.83768491 0.54615381 0.00000000
    outer loop
      vertex -18.90878784 -10.27773230 0.20000000
      vertex -18.86395866 -10.34649082 0.20000000
      vertex -18.86395866 -10.34649082 0.00000000
    endloop
  endfacet
  facet normal 0.83768491 0.54615381 0.00000000
    outer loop
      vertex -18.90878784 -10.27773230 0.20000000
      vertex -18.86395866 -10.34649082 0.00000000
      vertex -18.90878784 -10.27773230 0.00000000
    endloop
  endfacet
  facet normal 0.00000000 0.00000000 1.00000000
    outer loop
      vertex -18.56791505 -10.14140440 0.20000000
      vertex -18.81586597 -10.41190939 0.20000000
      vertex -18.53199394 -10.19026645 0.20000000
    endloop
  endfacet
  facet normal 0.00000000 0.00000000 1.00000000
    outer loop
      vertex -18.56791505 -10.14140440 0.20000000
      vertex -18.86395866 -10.34649082 0.20000000
      vertex -18.81586597 -10.41190939 0.20000000
    endloop
  endfacet
  facet normal 0.00000000 -0.00000000 -1.00000000
    outer loop
      vertex -18.56791505 -10.14140440 0.00000000
      vertex -18.53199394 -10.19026645 0.00000000
      vertex -18.81586597 -10.41190939 0.00000000
    endloop
  endfacet
  facet normal 0.00000000 0.00000000 -1.00000000
    outer loop
      vertex -18.56791505 -10.14140440 0.00000000
      vertex -18.81586597 -10.41190939 0.00000000
      vertex -18.86395866 -10.34649082 0.00000000
    endloop
  endfacet
  facet normal -0.80570510 -0.59231689 0.00000000
    outer loop
      vertex -18.56791505 -10.14140440 0.20000000
      vertex -18.53199394 -10.19026645 0.00000000
      vertex -18.53199394 -10.19026645 0.20000000
    endloop
  endfacet
  facet normal -0.80570510 -0.59231689 -0.00000000
    outer loop
      vertex -18.56791505 -10.14140440 0.20000000
      vertex -18.56791505 -10.14140440 0.00000000
      vertex -18.53199394 -10.19026645 0.00000000
    endloop
  endfacet
  facet normal 0.80570510 0.59231689 0.00000000
    outer loop
      vertex -18.86395866 -10.34649082 0.20000000
      vertex -18.81586597 -10.41190939 0.20000000
      vertex -18.81586597 -10.41190939 0.00000000
    endloop
  endfacet
  facet normal 0.80570510 0.59231689 0.00000000
    outer loop
      vertex -18.86395866 -10.34649082 0.20000000
      vertex -18.81586597 -10.41190939 0.00000000
      vertex -18.86395866 -10.34649082 0.00000000
    endloop
  endfacet
  facet normal 0.00000000 0.00000000 1.00000000
    outer loop
      vertex -18.53199394 -10.19026645 0.20000000
      vertex -18.76451572 -10.47388696 0.20000000
      vertex -18.49413110 -10.23596529 0.20000000
    endloop
  endfacet
  facet normal 0.00000000 0.00000000 1.00000000
    outer loop
      vertex -18.53199394 -10.19026645 0.20000000
      vertex -18.81586597 -10.41190939 0.20000000
      vertex -18.76451572 -10.47388696 0.20000000
    endloop
  endfacet
  facet normal 0.00000000 -0.00000000 -1.00000000
    outer loop
      vertex -18.53199394 -10.19026645 0.00000000
      vertex -18.49413110 -10.23596529 0.00000000
      vertex -18.76451572 -10.47388696 0.00000000
    endloop
  endfacet
  facet normal 0.00000000 0.00000000 -1.00000000
    outer loop
      vertex -18.53199394 -10.19026645 0.00000000
      vertex -18.76451572 -10.47388696 0.00000000
      vertex -18.81586597 -10.41190939 0.00000000
    endloop
  endfacet
  facet normal -0.77003739 -0.63799876 0.00000000
    outer loop
      vertex -18.53199394 -10.19026645 0.20000000
      vertex -18.49413110 -10.23596529 0.00000000
      vertex -18.49413110 -10.23596529 0.20000000
    endloop
  endfacet
  facet normal -0.77003739 -0.63799876 -0.00000000
    outer loop
      vertex -18.53199394 -10.19026645 0.20000000
      vertex -18.53199394 -10.19026645 0.00000000
      vertex -18.49413110 -10.23596529 0.00000000
    endloop
  endfacet
  facet normal 0.77003739 0.63799876 0.00000000
    outer loop
      vertex -18.81586597 -10.41190939 0.20000000
      vertex -18.76451572 -10.47388696 0.20000000
      vertex -18.76451572 -10.47388696 0.00000000
    endloop
  endfacet
  facet normal 0.77003739 0.63799876 0.00000000
    outer loop
      vertex -18.81586597 -10.41190939 0.20000000
      vertex -18.76451572 -10.47388696 0.00000000
      vertex -18.81586597 -10.41190939 0.00000000
    endloop
  endfacet
  facet normal 0.00000000 0.00000000 1.00000000
    outer loop
      vertex -18.49413110 -10.23596529 0.20000000
      vertex -18.70993509 -10.53231769 0.20000000
      vertex -18.45429930 -10.27860681 0.20000000
    endloop
  endfacet
  facet normal 0.00000000 0.00000000 1.00000000
    outer loop
      vertex -18.49413110 -10.23596529 0.20000000
      vertex -18.76451572 -10.47388696 0.20000000
      vertex -18.70993509 -10.53231769 0.20000000
    endloop
  endfacet
  facet normal 0.00000000 -0.00000000 -1.00000000
    outer loop
      vertex -18.49413110 -10.23596529 0.00000000
      vertex -18.45429930 -10.27860681 0.00000000
      vertex -18.70993509 -10.53231769 0.00000000
    endloop
  endfacet
  facet normal 0.00000000 0.00000000 -1.00000000
    outer loop
      vertex -18.49413110 -10.23596529 0.00000000
      vertex -18.70993509 -10.53231769 0.00000000
      vertex -18.76451572 -10.47388696 0.00000000
    endloop
  endfacet
  facet normal -0.73077270 -0.68262088 0.00000000
    outer loop
      vertex -18.49413110 -10.23596529 0.20000000
      vertex -18.45429930 -10.27860681 0.00000000
      vertex -18.45429930 -10.27860681 0.20000000
    endloop
  endfacet
  facet normal -0.73077270 -0.68262088 -0.00000000
    outer loop
      vertex -18.49413110 -10.23596529 0.20000000
      vertex -18.49413110 -10.23596529 0.00000000
      vertex -18.45429930 -10.27860681 0.00000000
    endloop
  endfacet
  facet normal 0.73077270 0.68262088 0.00000000
    outer loop
      vertex -18.76451572 -10.47388696 0.20000000
      vertex -18.70993509 -10.53231769 0.20000000
      vertex -18.70993509 -10.53231769 0.00000000
    endloop
  endfacet
  facet normal 0.73077270 0.68262088 0.00000000
    outer loop
      vertex -18.76451572 -10.47388696 0.20000000
      vertex -18.70993509 -10.53231769 0.00000000
      vertex -18.76451572 -10.47388696 0.00000000
    endloop
  endfacet
  facet normal 0.00000000 0.00000000 1.00000000
    outer loop
      vertex -18.45429930 -10.27860681 0.20000000
      vertex -18.65217369 -10.58709644 0.20000000
      vertex -18.41244897 -10.31829610 0.20000000
    endloop
  endfacet
  facet normal 0.00000000 0.00000000 1.00000000
    outer loop
      vertex -18.45429930 -10.27860681 0.20000000
      vertex -18.70993509 -10.53231769 0.20000000
      vertex -18.65217369 -10.58709644 0.20000000
    endloop
  endfacet
  facet normal 0.00000000 -0.00000000 -1.00000000
    outer loop
      vertex -18.45429930 -10.27860681 0.00000000
      vertex -18.41244897 -10.31829610 0.00000000
      vertex -18.65217369 -10.58709644 0.00000000
    endloop
  endfacet
  facet normal 0.00000000 0.00000000 -1.00000000
    outer loop
      vertex -18.45429930 -10.27860681 0.00000000
      vertex -18.65217369 -10.58709644 0.00000000
      vertex -18.70993509 -10.53231769 0.00000000
    endloop
  endfacet
  facet normal -0.68812473 -0.72559241 0.00000000
    outer loop
      vertex -18.45429930 -10.27860681 0.20000000
      vertex -18.41244897 -10.31829610 0.00000000
      vertex -18.41244897 -10.31829610 0.20000000
    endloop
  endfacet
  facet normal -0.68812473 -0.72559241 -0.00000000
    outer loop
      vertex -18.45429930 -10.27860681 0.20000000
      vertex -18.45429930 -10.27860681 0.00000000
      vertex -18.41244897 -10.31829610 0.00000000
    endloop
  endfacet
  facet normal 0.68812473 0.72559241 0.00000000
    outer loop
      vertex -18.70993509 -10.53231769 0.20000000
      vertex -18.65217369 -10.58709644 0.20000000
      vertex -18.65217369 -10.58709644 0.00000000
    endloop
  endfacet
  facet normal 0.68812473 0.72559241 0.00000000
    outer loop
      vertex -18.70993509 -10.53231769 0.20000000
      vertex -18.65217369 -10.58709644 0.00000000
      vertex -18.70993509 -10.53231769 0.00000000
    endloop
  endfacet
  facet normal 0.00000000 0.00000000 1.00000000
    outer loop
      vertex -18.41244897 -10.31829610 0.20000000
      vertex -18.59130272 -10.63812502 0.20000000
      vertex -18.36850890 -10.35513137 0.20000000
    endloop
  endfacet
  facet normal 0.00000000 0.00000000 1.00000000
    outer loop
      vertex -18.41244897 -10.31829610 0.20000000
      vertex -18.65217369 -10.58709644 0.20000000
      vertex -18.59130272 -10.63812502 0.20000000
    endloop
  endfacet
  facet normal 0.00000000 -0.00000000 -1.00000000
    outer loop
      vertex -18.41244897 -10.31829610 0.00000000
      vertex -18.36850890 -10.35513137 0.00000000
      vertex -18.59130272 -10.63812502 0.00000000
    endloop
  endfacet
  facet normal 0.00000000 0.00000000 -1.00000000
    outer loop
      vertex -18.41244897 -10.31829610 0.00000000
      vertex -18.59130272 -10.63812502 0.00000000
      vertex -18.65217369 -10.58709644 0.00000000
    endloop
  endfacet
  facet normal -0.64243118 -0.76634339 0.00000000
    outer loop
      vertex -18.41244897 -10.31829610 0.20000000
      vertex -18.36850890 -10.35513137 0.00000000
      vertex -18.36850890 -10.35513137 0.20000000
    endloop
  endfacet
  facet normal -0.64243118 -0.76634339 -0.00000000
    outer loop
      vertex -18.41244897 -10.31829610 0.20000000
      vertex -18.41244897 -10.31829610 0.00000000
      vertex -18.36850890 -10.35513137 0.00000000
    endloop
  endfacet
  facet normal 0.64243118 0.76634339 0.00000000
    outer loop
      vertex -18.65217369 -10.58709644 0.20000000
      vertex -18.59130272 -10.63812502 0.20000000
      vertex -18.59130272 -10.63812502 0.00000000
    endloop
  endfacet
  facet normal 0.64243118 0.76634339 0.00000000
    outer loop
      vertex -18.65217369 -10.58709644 0.20000000
      vertex -18.59130272 -10.63812502 0.00000000
      vertex -18.65217369 -10.58709644 0.00000000
    endloop
  endfacet
  facet normal 0.00000000 0.00000000 1.00000000
    outer loop
      vertex -18.36850890 -10.35513137 0.20000000
      vertex -18.52741214 -10.68531809 0.20000000
      vertex -18.32238911 -10.38919797 0.20000000
    endloop
  endfacet
  facet normal 0.00000000 0.00000000 1.00000000
    outer loop
      vertex -18.36850890 -10.35513137 0.20000000
      vertex -18.59130272 -10.63812502 0.20000000
      vertex -18.52741214 -10.68531809 0.20000000
    endloop
  endfacet
  facet normal 0.00000000 -0.00000000 -1.00000000
    outer loop
      vertex -18.36850890 -10.35513137 0.00000000
      vertex -18.32238911 -10.38919797 0.00000000
      vertex -18.52741214 -10.68531809 0.00000000
    endloop
  endfacet
  facet normal 0.00000000 0.00000000 -1.00000000
    outer loop
      vertex -18.36850890 -10.35513137 0.00000000
      vertex -18.52741214 -10.68531809 0.00000000
      vertex -18.59130272 -10.63812502 0.00000000
    endloop
  endfacet
  facet normal -0.59414354 -0.80435903 0.00000000
    outer loop
      vertex -18.36850890 -10.35513137 0.20000000
      vertex -18.32238911 -10.38919797 0.00000000
      vertex -18.32238911 -10.38919797 0.20000000
    endloop
  endfacet
  facet normal -0.59414354 -0.80435903 -0.00000000
    outer loop
      vertex -18.36850890 -10.35513137 0.20000000
      vertex -18.36850890 -10.35513137 0.00000000
      vertex -18.32238911 -10.38919797 0.00000000
    endloop
  endfacet
  facet normal 0.59414354 0.80435903 0.00000000
    outer loop
      vertex -18.59130272 -10.63812502 0.20000000
      vertex -18.52741214 -10.68531809 0.20000000
      vertex -18.52741214 -10.68531809 0.00000000
    endloop
  endfacet
  facet normal 0.59414354 0.80435903 0.00000000
    outer loop
      vertex -18.59130272 -10.63812502 0.20000000
      vertex -18.52741214 -10.68531809 0.00000000
      vertex -18.59130272 -10.63812502 0.00000000
    endloop
  endfacet
  facet normal 0.00000000 0.00000000 1.00000000
    outer loop
      vertex -18.32238911 -10.38919797 0.20000000
      vertex -18.46060603 -10.72860822 0.20000000
      vertex -18.27398555 -10.42056331 0.20000000
    endloop
  endfacet
  facet normal 0.00000000 0.00000000 1.00000000
    outer loop
      vertex -18.32238911 -10.38919797 0.20000000
      vertex -18.52741214 -10.68531809 0.20000000
      vertex -18.46060603 -10.72860822 0.20000000
    endloop
  endfacet
  facet normal 0.00000000 -0.00000000 -1.00000000
    outer loop
      vertex -18.32238911 -10.38919797 0.00000000
      vertex -18.27398555 -10.42056331 0.00000000
      vertex -18.46060603 -10.72860822 0.00000000
    endloop
  endfacet
  facet normal 0.00000000 0.00000000 -1.00000000
    outer loop
      vertex -18.32238911 -10.38919797 0.00000000
      vertex -18.46060603 -10.72860822 0.00000000
      vertex -18.52741214 -10.68531809 0.00000000
    endloop
  endfacet
  facet normal -0.54380587 -0.83921104 0.00000000
    outer loop
      vertex -18.32238911 -10.38919797 0.20000000
      vertex -18.27398555 -10.42056331 0.00000000
      vertex -18.27398555 -10.42056331 0.20000000
    endloop
  endfacet
  facet normal -0.54380587 -0.83921104 -0.00000000
    outer loop
      vertex -18.32238911 -10.38919797 0.20000000
      vertex -18.32238911 -10.38919797 0.00000000
      vertex -18.27398555 -10.42056331 0.00000000
    endloop
  endfacet
  facet normal 0.54380587 0.83921104 0.00000000
    outer loop
      vertex -18.52741214 -10.68531809 0.20000000
      vertex -18.46060603 -10.72860822 0.20000000
      vertex -18.46060603 -10.72860822 0.00000000
    endloop
  endfacet
  facet normal 0.54380587 0.83921104 0.00000000
    outer loop
      vertex -18.52741214 -10.68531809 0.20000000
      vertex -18.46060603 -10.72860822 0.00000000
      vertex -18.52741214 -10.68531809 0.00000000
    endloop
  endfacet
  facet normal 0.00000000 0.00000000 1.00000000
    outer loop
      vertex -18.27398555 -10.42056331 0.20000000
      vertex -18.39099657 -10.76794925 0.20000000
      vertex -18.22318603 -10.44927357 0.20000000
    endloop
  endfacet
  facet normal 0.00000000 0.00000000 1.00000000
    outer loop
      vertex -18.27398555 -10.42056331 0.20000000
      vertex -18.46060603 -10.72860822 0.20000000
      vertex -18.39099657 -10.76794925 0.20000000
    endloop
  endfacet
  facet normal 0.00000000 -0.00000000 -1.00000000
    outer loop
      vertex -18.27398555 -10.42056331 0.00000000
      vertex -18.22318603 -10.44927357 0.00000000
      vertex -18.39099657 -10.76794925 0.00000000
    endloop
  endfacet
  facet normal 0.00000000 0.00000000 -1.00000000
    outer loop
      vertex -18.27398555 -10.42056331 0.00000000
      vertex -18.39099657 -10.76794925 0.00000000
      vertex -18.46060603 -10.72860822 0.00000000
    endloop
  endfacet
  facet normal -0.49202454 -0.87058133 0.00000000
    outer loop
      vertex -18.27398555 -10.42056331 0.20000000
      vertex -18.22318603 -10.44927357 0.00000000
      vertex -18.22318603 -10.44927357 0.20000000
    endloop
  endfacet
  facet normal -0.49202454 -0.87058133 -0.00000000
    outer loop
      vertex -18.27398555 -10.42056331 0.20000000
      vertex -18.27398555 -10.42056331 0.00000000
      vertex -18.22318603 -10.44927357 0.00000000
    endloop
  endfacet
  facet normal 0.49202454 0.87058133 0.00000000
    outer loop
      vertex -18.46060603 -10.72860822 0.20000000
      vertex -18.39099657 -10.76794925 0.20000000
      vertex -18.39099657 -10.76794925 0.00000000
    endloop
  endfacet
  facet normal 0.49202454 0.87058133 0.00000000
    outer loop
      vertex -18.46060603 -10.72860822 0.20000000
      vertex -18.39099657 -10.76794925 0.00000000
      vertex -18.46060603 -10.72860822 0.00000000
    endloop
  endfacet
  facet normal 0.00000000 0.00000000 1.00000000
    outer loop
      vertex -18.22318603 -10.44927357 0.20000000
      vertex -18.31869757 -10.80331764 0.20000000
      vertex -18.16987673 -10.47535227 0.20000000
    endloop
  endfacet
  facet normal 0.00000000 0.00000000 1.00000000
    outer loop
      vertex -18.22318603 -10.44927357 0.20000000
      vertex -18.39099657 -10.76794925 0.20000000
      vertex -18.31869757 -10.80331764 0.20000000
    endloop
  endfacet
  facet normal 0.00000000 -0.00000000 -1.00000000
    outer loop
      vertex -18.22318603 -10.44927357 0.00000000
      vertex -18.16987673 -10.47535227 0.00000000
      vertex -18.31869757 -10.80331764 0.00000000
    endloop
  endfacet
  facet normal 0.00000000 0.00000000 -1.00000000
    outer loop
      vertex -18.22318603 -10.44927357 0.00000000
      vertex -18.31869757 -10.80331764 0.00000000
      vertex -18.39099657 -10.76794925 0.00000000
    endloop
  endfacet
  facet normal -0.43943285 -0.89827544 0.00000000
    outer loop
      vertex -18.22318603 -10.44927357 0.20000000
      vertex -18.16987673 -10.47535227 0.00000000
      vertex -18.16987673 -10.47535227 0.20000000
    endloop
  endfacet
  facet normal -0.43943285 -0.89827544 -0.00000000
    outer loop
      vertex -18.22318603 -10.44927357 0.20000000
      vertex -18.22318603 -10.44927357 0.00000000
      vertex -18.16987673 -10.47535227 0.00000000
    endloop
  endfacet
  facet normal 0.43943285 0.89827544 0.00000000
    outer loop
      vertex -18.39099657 -10.76794925 0.20000000
      vertex -18.31869757 -10.80331764 0.20000000
      vertex -18.31869757 -10.80331764 0.00000000
    endloop
  endfacet
  facet normal 0.43943285 0.89827544 0.00000000
    outer loop
      vertex -18.39099657 -10.76794925 0.20000000
      vertex -18.31869757 -10.80331764 0.00000000
      vertex -18.39099657 -10.76794925 0.00000000
    endloop
  endfacet
  facet normal 0.00000000 0.00000000 1.00000000
    outer loop
      vertex -18.16987673 -10.47535227 0.20000000
      vertex -18.24381832 -10.83471180 0.20000000
      vertex -18.11394836 -10.49880101 0.20000000
    endloop
  endfacet
  facet normal 0.00000000 0.00000000 1.00000000
    outer loop
      vertex -18.16987673 -10.47535227 0.20000000
      vertex -18.31869757 -10.80331764 0.20000000
      vertex -18.24381832 -10.83471180 0.20000000
    endloop
  endfacet
  facet normal 0.00000000 -0.00000000 -1.00000000
    outer loop
      vertex -18.16987673 -10.47535227 0.00000000
      vertex -18.11394836 -10.49880101 0.00000000
      vertex -18.24381832 -10.83471180 0.00000000
    endloop
  endfacet
  facet normal 0.00000000 0.00000000 -1.00000000
    outer loop
      vertex -18.16987673 -10.47535227 0.00000000
      vertex -18.24381832 -10.83471180 0.00000000
      vertex -18.31869757 -10.80331764 0.00000000
    endloop
  endfacet
  facet normal -0.38665530 -0.92222431 0.00000000
    outer loop
      vertex -18.16987673 -10.47535227 0.20000000
      vertex -18.11394836 -10.49880101 0.00000000
      vertex -18.11394836 -10.49880101 0.20000000
    endloop
  endfacet
  facet normal -0.38665530 -0.92222431 -0.00000000
    outer loop
      vertex -18.16987673 -10.47535227 0.20000000
      vertex -18.16987673 -10.47535227 0.00000000
      vertex -18.11394836 -10.49880101 0.00000000
    endloop
  endfacet
  facet normal 0.38665530 0.92222431 0.00000000
    outer loop
      vertex -18.31869757 -10.80331764 0.20000000
      vertex -18.24381832 -10.83471180 0.20000000
      vertex -18.24381832 -10.83471180 0.00000000
    endloop
  endfacet
  facet normal 0.38665530 0.92222431 0.00000000
    outer loop
      vertex -18.31869757 -10.80331764 0.20000000
      vertex -18.24381832 -10.83471180 0.00000000
      vertex -18.31869757 -10.80331764 0.00000000
    endloop
  endfacet
  facet normal 0.00000000 0.00000000 1.00000000
    outer loop
      vertex -18.11394836 -10.49880101 0.20000000
      vertex -18.16645842 -10.86214968 0.20000000
      vertex -18.05530132 -10.51960185 0.20000000
    endloop
  endfacet
  facet normal 0.00000000 0.00000000 1.00000000
    outer loop
      vertex -18.11394836 -10.49880101 0.20000000
      vertex -18.24381832 -10.83471180 0.20000000
      vertex -18.16645842 -10.86214968 0.20000000
    endloop
  endfacet
  facet normal 0.00000000 -0.00000000 -1.00000000
    outer loop
      vertex -18.11394836 -10.49880101 0.00000000
      vertex -18.05530132 -10.51960185 0.00000000
      vertex -18.16645842 -10.86214968 0.00000000
    endloop
  endfacet
  facet normal 0.00000000 0.00000000 -1.00000000
    outer loop
      vertex -18.11394836 -10.49880101 0.00000000
      vertex -18.16645842 -10.86214968 0.00000000
      vertex -18.24381832 -10.83471180 0.00000000
    endloop
  endfacet
  facet normal -0.33427560 -0.94247537 0.00000000
    outer loop
      vertex -18.11394836 -10.49880101 0.20000000
      vertex -18.05530132 -10.51960185 0.00000000
      vertex -18.05530132 -10.51960185 0.20000000
    endloop
  endfacet
  facet normal -0.33427560 -0.94247537 -0.00000000
    outer loop
      vertex -18.11394836 -10.49880101 0.20000000
      vertex -18.11394836 -10.49880101 0.00000000
      vertex -18.05530132 -10.51960185 0.00000000
    endloop
  endfacet
  facet normal 0.33427560 0.94247537 0.00000000
    outer loop
      vertex -18.24381832 -10.83471180 0.20000000
      vertex -18.16645842 -10.86214968 0.20000000
      vertex -18.16645842 -10.86214968 0.00000000
    endloop
  endfacet
  facet normal 0.33427560 0.94247537 0.00000000
    outer loop
      vertex -18.24381832 -10.83471180 0.20000000
      vertex -18.16645842 -10.86214968 0.00000000
      vertex -18.24381832 -10.83471180 0.00000000
    endloop
  endfacet
  facet normal 0.00000000 0.00000000 1.00000000
    outer loop
      vertex -18.05530132 -10.51960185 0.20000000
      vertex -18.08670412 -10.88566515 0.20000000
      vertex -17.99384938 -10.53772089 0.20000000
    endloop
  endfacet
  facet normal 0.00000000 0.00000000 1.00000000
    outer loop
      vertex -18.05530132 -10.51960185 0.20000000
      vertex -18.16645842 -10.86214968 0.20000000
      vertex -18.08670412 -10.88566515 0.20000000
    endloop
  endfacet
  facet normal 0.00000000 -0.00000000 -1.00000000
    outer loop
      vertex -18.05530132 -10.51960185 0.00000000
      vertex -17.99384938 -10.53772089 0.00000000
      vertex -18.08670412 -10.88566515 0.00000000
    endloop
  endfacet
  facet normal 0.00000000 0.00000000 -1.00000000
    outer loop
      vertex -18.05530132 -10.51960185 0.00000000
      vertex -18.08670412 -10.88566515 0.00000000
      vertex -18.16645842 -10.86214968 0.00000000
    endloop
  endfacet
  facet normal -0.28281191 -0.95917539 0.00000000
    outer loop
      vertex -18.05530132 -10.51960185 0.20000000
      vertex -17.99384938 -10.53772089 0.00000000
      vertex -17.99384938 -10.53772089 0.20000000
    endloop
  endfacet
  facet normal -0.28281191 -0.95917539 -0.00000000
    outer loop
      vertex -18.05530132 -10.51960185 0.20000000
      vertex -18.05530132 -10.51960185 0.00000000
      vertex -17.99384938 -10.53772089 0.00000000
    endloop
  endfacet
  facet normal 0.28281191 0.95917539 0.00000000
    outer loop
      vertex -18.16645842 -10.86214968 0.20000000
      vertex -18.08670412 -10.88566515 0.20000000
      vertex -18.08670412 -10.88566515 0.00000000
    endloop
  endfacet
  facet normal 0.28281191 0.95917539 0.00000000
    outer loop
      vertex -18.16645842 -10.86214968 0.20000000
      vertex -18.08670412 -10.88566515 0.00000000
      vertex -18.16645842 -10.86214968 0.00000000
    endloop
  endfacet
  facet normal 0.00000000 0.00000000 1.00000000
    outer loop
      vertex -17.99384938 -10.53772089 0.20000000
      vertex -18.00462614 -10.90530388 0.20000000
      vertex -17.92952180 -10.55311249 0.20000000
    endloop
  endfacet
  facet normal 0.00000000 0.00000000 1.00000000
    outer loop
      vertex -17.99384938 -10.53772089 0.20000000
      vertex -18.08670412 -10.88566515 0.20000000
      vertex -18.00462614 -10.90530388 0.20000000
    endloop
  endfacet
  facet normal 0.00000000 -0.00000000 -1.00000000
    outer loop
      vertex -17.99384938 -10.53772089 0.00000000
      vertex -17.92952180 -10.55311249 0.00000000
      vertex -18.00462614 -10.90530388 0.00000000
    endloop
  endfacet
  facet normal 0.00000000 0.00000000 -1.00000000
    outer loop
      vertex -17.99384938 -10.53772089 0.00000000
      vertex -18.00462614 -10.90530388 0.00000000
      vertex -18.08670412 -10.88566515 0.00000000
    endloop
  endfacet
  facet normal -0.23270080 -0.97254837 0.00000000
    outer loop
      vertex -17.99384938 -10.53772089 0.20000000
      vertex -17.92952180 -10.55311249 0.00000000
      vertex -17.92952180 -10.55311249 0.20000000
    endloop
  endfacet
  facet normal -0.23270080 -0.97254837 -0.00000000
    outer loop
      vertex -17.99384938 -10.53772089 0.20000000
      vertex -17.99384938 -10.53772089 0.00000000
      vertex -17.92952180 -10.55311249 0.00000000
    endloop
  endfacet
  facet normal 0.23270080 0.97254837 0.00000000
    outer loop
      vertex -18.08670412 -10.88566515 0.20000000
      vertex -18.00462614 -10.90530388 0.20000000
      vertex -18.00462614 -10.90530388 0.00000000
    endloop
  endfacet
  facet normal 0.23270080 0.97254837 0.00000000
    outer loop
      vertex -18.08670412 -10.88566515 0.20000000
      vertex -18.00462614 -10.90530388 0.00000000
      vertex -18.08670412 -10.88566515 0.00000000
    endloop
  endfacet
  facet normal 0.00000000 0.00000000 1.00000000
    outer loop
      vertex -17.92952180 -10.55311249 0.20000000
      vertex -17.92027916 -10.92111906 0.20000000
      vertex -17.86226391 -10.56572345 0.20000000
    endloop
  endfacet
  facet normal 0.00000000 0.00000000 1.00000000
    outer loop
      vertex -17.92952180 -10.55311249 0.20000000
      vertex -18.00462614 -10.90530388 0.20000000
      vertex -17.92027916 -10.92111906 0.20000000
    endloop
  endfacet
  facet normal 0.00000000 0.00000000 -1.00000000
    outer loop
      vertex -17.92952180 -10.55311249 0.00000000
      vertex -17.86226391 -10.56572345 0.00000000
      vertex -17.92027916 -10.92111906 0.00000000
    endloop
  endfacet
  facet normal 0.00000000 -0.00000000 -1.00000000
    outer loop
      vertex -17.92952180 -10.55311249 0.00000000
      vertex -17.92027916 -10.92111906 0.00000000
      vertex -18.00462614 -10.90530388 0.00000000
    endloop
  endfacet
  facet normal -0.18428995 -0.98287192 0.00000000
    outer loop
      vertex -17.92952180 -10.55311249 0.20000000
      vertex -17.86226391 -10.56572345 0.00000000
      vertex -17.86226391 -10.56572345 0.20000000
    endloop
  endfacet
  facet normal -0.18428995 -0.98287192 -0.00000000
    outer loop
      vertex -17.92952180 -10.55311249 0.20000000
      vertex -17.92952180 -10.55311249 0.00000000
      vertex -17.86226391 -10.56572345 0.00000000
    endloop
  endfacet
  facet normal 0.18428995 0.98287192 0.00000000
    outer loop
      vertex -18.00462614 -10.90530388 0.20000000
      vertex -17.92027916 -10.92111906 0.20000000
      vertex -17.92027916 -10.92111906 0.00000000
    endloop
  endfacet
  facet normal 0.18428995 0.98287192 0.00000000
    outer loop
      vertex -18.00462614 -10.90530388 0.20000000
      vertex -17.92027916 -10.92111906 0.00000000
      vertex -18.00462614 -10.90530388 0.00000000
    endloop
  endfacet
  facet normal 0.00000000 0.00000000 1.00000000
    outer loop
      vertex -17.86226391 -10.56572345 0.20000000
      vertex -17.83370235 -10.93316769 0.20000000
      vertex -17.79203654 -10.57549677 0.20000000
    endloop
  endfacet
  facet normal 0.00000000 0.00000000 1.00000000
    outer loop
      vertex -17.86226391 -10.56572345 0.20000000
      vertex -17.92027916 -10.92111906 0.20000000
      vertex -17.83370235 -10.93316769 0.20000000
    endloop
  endfacet
  facet normal 0.00000000 0.00000000 -1.00000000
    outer loop
      vertex -17.86226391 -10.56572345 0.00000000
      vertex -17.79203654 -10.57549677 0.00000000
      vertex -17.83370235 -10.93316769 0.00000000
    endloop
  endfacet
  facet normal 0.00000000 -0.00000000 -1.00000000
    outer loop
      vertex -17.86226391 -10.56572345 0.00000000
      vertex -17.83370235 -10.93316769 0.00000000
      vertex -17.92027916 -10.92111906 0.00000000
    endloop
  endfacet
  facet normal -0.13783850 -0.99045472 0.00000000
    outer loop
      vertex -17.86226391 -10.56572345 0.20000000
      vertex -17.79203654 -10.57549677 0.00000000
      vertex -17.79203654 -10.57549677 0.20000000
    endloop
  endfacet
  facet normal -0.13783850 -0.99045472 -0.00000000
    outer loop
      vertex -17.86226391 -10.56572345 0.20000000
      vertex -17.86226391 -10.56572345 0.00000000
      vertex -17.79203654 -10.57549677 0.00000000
    endloop
  endfacet
  facet normal 0.13783850 0.99045472 0.00000000
    outer loop
      vertex -17.92027916 -10.92111906 0.20000000
      vertex -17.83370235 -10.93316769 0.20000000
      vertex -17.83370235 -10.93316769 0.00000000
    endloop
  endfacet
  facet normal 0.13783850 0.99045472 0.00000000
    outer loop
      vertex -17.92027916 -10.92111906 0.20000000
      vertex -17.83370235 -10.93316769 0.00000000
      vertex -17.92027916 -10.92111906 0.00000000
    endloop
  endfacet
  facet normal 0.00000000 0.00000000 1.00000000
    outer loop
      vertex -17.79203654 -10.57549677 0.20000000
      vertex -17.74492085 -10.94150736 0.20000000
      vertex -17.71881454 -10.58237486 0.20000000
    endloop
  endfacet
  facet normal 0.00000000 0.00000000 1.00000000
    outer loop
      vertex -17.79203654 -10.57549677 0.20000000
      vertex -17.83370235 -10.93316769 0.20000000
      vertex -17.74492085 -10.94150736 0.20000000
    endloop
  endfacet
  facet normal 0.00000000 0.00000000 -1.00000000
    outer loop
      vertex -17.79203654 -10.57549677 0.00000000
      vertex -17.71881454 -10.58237486 0.00000000
      vertex -17.74492085 -10.94150736 0.00000000
    endloop
  endfacet
  facet normal 0.00000000 -0.00000000 -1.00000000
    outer loop
      vertex -17.79203654 -10.57549677 0.00000000
      vertex -17.74492085 -10.94150736 0.00000000
      vertex -17.83370235 -10.93316769 0.00000000
    endloop
  endfacet
  facet normal -0.09352305 -0.99561711 0.00000000
    outer loop
      vertex -17.79203654 -10.57549677 0.20000000
      vertex -17.71881454 -10.58237486 0.00000000
      vertex -17.71881454 -10.58237486 0.20000000
    endloop
  endfacet
  facet normal -0.09352305 -0.99561711 -0.00000000
    outer loop
      vertex -17.79203654 -10.57549677 0.20000000
      vertex -17.79203654 -10.57549677 0.00000000
      vertex -17.71881454 -10.58237486 0.00000000
    endloop
  endfacet
  facet normal 0.09352305 0.99561711 0.00000000
    outer loop
      vertex -17.83370235 -10.93316769 0.20000000
      vertex -17.74492085 -10.94150736 0.20000000
      vertex -17.74492085 -10.94150736 0.00000000
    endloop
  endfacet
  facet normal 0.09352305 0.99561711 0.00000000
    outer loop
      vertex -17.83370235 -10.93316769 0.20000000
      vertex -17.74492085 -10.94150736 0.00000000
      vertex -17.83370235 -10.93316769 0.00000000
    endloop
  endfacet
  facet normal 0.00000000 0.00000000 1.00000000
    outer loop
      vertex -17.71881454 -10.58237486 0.20000000
      vertex -17.65394771 -10.94619390 0.20000000
      vertex -17.64258487 -10.58630189 0.20000000
    endloop
  endfacet
  facet normal 0.00000000 0.00000000 1.00000000
    outer loop
      vertex -17.71881454 -10.58237486 0.20000000
      vertex -17.74492085 -10.94150736 0.20000000
      vertex -17.65394771 -10.94619390 0.20000000
    endloop
  endfacet
  facet normal 0.00000000 0.00000000 -1.00000000
    outer loop
      vertex -17.71881454 -10.58237486 0.00000000
      vertex -17.64258487 -10.58630189 0.00000000
      vertex -17.65394771 -10.94619390 0.00000000
    endloop
  endfacet
  facet normal 0.00000000 -0.00000000 -1.00000000
    outer loop
      vertex -17.71881454 -10.58237486 0.00000000
      vertex -17.65394771 -10.94619390 0.00000000
      vertex -17.74492085 -10.94150736 0.00000000
    endloop
  endfacet
  facet normal -0.05144747 -0.99867570 0.00000000
    outer loop
      vertex -17.71881454 -10.58237486 0.20000000
      vertex -17.64258487 -10.58630189 0.00000000
      vertex -17.64258487 -10.58630189 0.20000000
    endloop
  endfacet
  facet normal -0.05144747 -0.99867570 -0.00000000
    outer loop
      vertex -17.71881454 -10.58237486 0.20000000
      vertex -17.71881454 -10.58237486 0.00000000
      vertex -17.64258487 -10.58630189 0.00000000
    endloop
  endfacet
  facet normal 0.05144747 0.99867570 0.00000000
    outer loop
      vertex -17.74492085 -10.94150736 0.20000000
      vertex -17.65394771 -10.94619390 0.20000000
      vertex -17.65394771 -10.94619390 0.00000000
    endloop
  endfacet
  facet normal 0.05144747 0.99867570 0.00000000
    outer loop
      vertex -17.74492085 -10.94150736 0.20000000
      vertex -17.65394771 -10.94619390 0.00000000
      vertex -17.74492085 -10.94150736 0.00000000
    endloop
  endfacet
  facet normal 0.00000000 0.00000000 1.00000000
    outer loop
      vertex -17.64258487 -10.58630189 0.20000000
      vertex -17.56078601 -10.94727972 0.20000000
      vertex -17.56334443 -10.58722545 0.20000000
    endloop
  endfacet
  facet normal 0.00000000 0.00000000 1.00000000
    outer loop
      vertex -17.64258487 -10.58630189 0.20000000
      vertex -17.65394771 -10.94619390 0.20000000
      vertex -17.56078601 -10.94727972 0.20000000
    endloop
  endfacet
  facet normal 0.00000000 0.00000000 -1.00000000
    outer loop
      vertex -17.64258487 -10.58630189 0.00000000
      vertex -17.56334443 -10.58722545 0.00000000
      vertex -17.56078601 -10.94727972 0.00000000
    endloop
  endfacet
  facet normal 0.00000000 -0.00000000 -1.00000000
    outer loop
      vertex -17.64258487 -10.58630189 0.00000000
      vertex -17.56078601 -10.94727972 0.00000000
      vertex -17.65394771 -10.94619390 0.00000000
    endloop
  endfacet
  facet normal -0.01165439 -0.99993209 0.00000000
    outer loop
      vertex -17.64258487 -10.58630189 0.20000000
      vertex -17.56334443 -10.58722545 0.00000000
      vertex -17.56334443 -10.58722545 0.20000000
    endloop
  endfacet
  facet normal -0.01165439 -0.99993209 -0.00000000
    outer loop
      vertex -17.64258487 -10.58630189 0.20000000
      vertex -17.64258487 -10.58630189 0.00000000
      vertex -17.56334443 -10.58722545 0.00000000
    endloop
  endfacet
  facet normal 0.01165439 0.99993209 0.00000000
    outer loop
      vertex -17.65394771 -10.94619390 0.20000000
      vertex -17.56078601 -10.94727972 0.20000000
      vertex -17.56078601 -10.94727972 0.00000000
    endloop
  endfacet
  facet normal 0.01165439 0.99993209 0.00000000
    outer loop
      vertex -17.65394771 -10.94619390 0.20000000
      vertex -17.56078601 -10.94727972 0.00000000
      vertex -17.65394771 -10.94619390 0.00000000
    endloop
  endfacet
  facet normal -0.00000000 0.00000000 1.00000000
    outer loop
      vertex -17.56334443 -10.58722545 0.20000000
      vertex -17.46543101 -10.94481274 0.20000000
      vertex -17.48109799 -10.58509761 0.20000000
    endloop
  endfacet
  facet normal 0.00000000 0.00000000 1.00000000
    outer loop
      vertex -17.56334443 -10.58722545 0.20000000
      vertex -17.56078601 -10.94727972 0.20000000
      vertex -17.46543101 -10.94481274 0.20000000
    endloop
  endfacet
  facet normal 0.00000000 0.00000000 -1.00000000
    outer loop
      vertex -17.56334443 -10.58722545 0.00000000
      vertex -17.48109799 -10.58509761 0.00000000
      vertex -17.46543101 -10.94481274 0.00000000
    endloop
  endfacet
  facet normal 0.00000000 0.00000000 -1.00000000
    outer loop
      vertex -17.56334443 -10.58722545 0.00000000
      vertex -17.46543101 -10.94481274 0.00000000
      vertex -17.56078601 -10.94727972 0.00000000
    endloop
  endfacet
  facet normal 0.02586283 -0.99966550 0.00000000
    outer loop
      vertex -17.56334443 -10.58722545 0.20000000
      vertex -17.48109799 -10.58509761 0.00000000
      vertex -17.48109799 -10.58509761 0.20000000
    endloop
  endfacet
  facet normal 0.02586283 -0.99966550 0.00000000
    outer loop
      vertex -17.56334443 -10.58722545 0.20000000
      vertex -17.56334443 -10.58722545 0.00000000
      vertex -17.48109799 -10.58509761 0.00000000
    endloop
  endfacet
  facet normal -0.02586283 0.99966550 0.00000000
    outer loop
      vertex -17.56078601 -10.94727972 0.20000000
      vertex -17.46543101 -10.94481274 0.20000000
      vertex -17.46543101 -10.94481274 0.00000000
    endloop
  endfacet
  facet normal -0.02586283 0.99966550 0.00000000
    outer loop
      vertex -17.56078601 -10.94727972 0.20000000
      vertex -17.46543101 -10.94481274 0.00000000
      vertex -17.56078601 -10.94727972 0.00000000
    endloop
  endfacet
  facet normal -0.00000000 0.00000000 1.00000000
    outer loop
      vertex -17.48109799 -10.58509761 0.20000000
      vertex -17.36787203 -10.93883595 0.20000000
      vertex -17.39585622 -10.57987541 0.20000000
    endloop
  endfacet
  facet normal 0.00000000 0.00000000 1.00000000
    outer loop
      vertex -17.48109799 -10.58509761 0.20000000
      vertex -17.46543101 -10.94481274 0.20000000
      vertex -17.36787203 -10.93883595 0.20000000
    endloop
  endfacet
  facet normal 0.00000000 0.00000000 -1.00000000
    outer loop
      vertex -17.48109799 -10.58509761 0.00000000
      vertex -17.39585622 -10.57987541 0.00000000
      vertex -17.36787203 -10.93883595 0.00000000
    endloop
  endfacet
  facet normal 0.00000000 0.00000000 -1.00000000
    outer loop
      vertex -17.48109799 -10.58509761 0.00000000
      vertex -17.36787203 -10.93883595 0.00000000
      vertex -17.46543101 -10.94481274 0.00000000
    endloop
  endfacet
  facet normal 0.06114879 -0.99812866 0.00000000
    outer loop
      vertex -17.48109799 -10.58509761 0.20000000
      vertex -17.39585622 -10.57987541 0.00000000
      vertex -17.39585622 -10.57987541 0.20000000
    endloop
  endfacet
  facet normal 0.06114879 -0.99812866 0.00000000
    outer loop
      vertex -17.48109799 -10.58509761 0.20000000
      vertex -17.48109799 -10.58509761 0.00000000
      vertex -17.39585622 -10.57987541 0.00000000
    endloop
  endfacet
  facet normal -0.06114879 0.99812866 0.00000000
    outer loop
      vertex -17.46543101 -10.94481274 0.20000000
      vertex -17.36787203 -10.93883595 0.20000000
      vertex -17.36787203 -10.93883595 0.00000000
    endloop
  endfacet
  facet normal -0.06114879 0.99812866 0.00000000
    outer loop
      vertex -17.46543101 -10.94481274 0.20000000
      vertex -17.36787203 -10.93883595 0.00000000
      vertex -17.46543101 -10.94481274 0.00000000
    endloop
  endfacet
  facet normal -0.00000000 0.00000000 1.00000000
    outer loop
      vertex -17.39585622 -10.57987541 0.20000000
      vertex -17.26947285 -10.92951776 0.20000000
      vertex -17.30625533 -10.57139040 0.20000000
    endloop
  endfacet
  facet normal 0.00000000 0.00000000 1.00000000
    outer loop
      vertex -17.39585622 -10.57987541 0.20000000
      vertex -17.36787203 -10.93883595 0.20000000
      vertex -17.26947285 -10.92951776 0.20000000
    endloop
  endfacet
  facet normal 0.00000000 0.00000000 -1.00000000
    outer loop
      vertex -17.39585622 -10.57987541 0.00000000
      vertex -17.30625533 -10.57139040 0.00000000
      vertex -17.26947285 -10.92951776 0.00000000
    endloop
  endfacet
  facet normal 0.00000000 0.00000000 -1.00000000
    outer loop
      vertex -17.39585622 -10.57987541 0.00000000
      vertex -17.26947285 -10.92951776 0.00000000
      vertex -17.36787203 -10.93883595 0.00000000
    endloop
  endfacet
  facet normal 0.09427603 -0.99554610 0.00000000
    outer loop
      vertex -17.39585622 -10.57987541 0.20000000
      vertex -17.30625533 -10.57139040 0.00000000
      vertex -17.30625533 -10.57139040 0.20000000
    endloop
  endfacet
  facet normal 0.09427603 -0.99554610 0.00000000
    outer loop
      vertex -17.39585622 -10.57987541 0.20000000
      vertex -17.39585622 -10.57987541 0.00000000
      vertex -17.30625533 -10.57139040 0.00000000
    endloop
  endfacet
  facet normal -0.09427603 0.99554610 0.00000000
    outer loop
      vertex -17.36787203 -10.93883595 0.20000000
      vertex -17.26947285 -10.92951776 0.20000000
      vertex -17.26947285 -10.92951776 0.00000000
    endloop
  endfacet
  facet normal -0.09427603 0.99554610 0.00000000
    outer loop
      vertex -17.36787203 -10.93883595 0.20000000
      vertex -17.26947285 -10.92951776 0.00000000
      vertex -17.36787203 -10.93883595 0.00000000
    endloop
  endfacet
  facet normal 0.00000000 0.00000000 1.00000000
    outer loop
      vertex -17.30625533 -10.57139040 0.20000000
      vertex 13.08754358 -7.56805653 0.20000000
      vertex 13.04508276 -7.21055794 0.20000000
    endloop
  endfacet
  facet normal -0.00000000 0.00000000 1.00000000
    outer loop
      vertex -17.30625533 -10.57139040 0.20000000
      vertex -17.26947285 -10.92951776 0.20000000
      vertex 13.08754358 -7.56805653 0.20000000
    endloop
  endfacet
  facet normal 0.00000000 0.00000000 -1.00000000
    outer loop
      vertex -17.30625533 -10.57139040 0.00000000
      vertex 13.04508276 -7.21055794 0.00000000
      vertex 13.08754358 -7.56805653 0.00000000
    endloop
  endfacet
  facet normal 0.00000000 0.00000000 -1.00000000
    outer loop
      vertex -17.30625533 -10.57139040 0.00000000
      vertex 13.08754358 -7.56805653 0.00000000
      vertex -17.26947285 -10.92951776 0.00000000
    endloop
  endfacet
  facet normal 0.11005827 -0.99392514 0.00000000
    outer loop
      vertex -17.30625533 -10.57139040 0.20000000
      vertex 13.04508276 -7.21055794 0.00000000
      vertex 13.04508276 -7.21055794 0.20000000
    endloop
  endfacet
  facet normal 0.11005827 -0.99392514 0.00000000
    outer loop
      vertex -17.30625533 -10.57139040 0.20000000
      vertex -17.30625533 -10.57139040 0.00000000
      vertex 13.04508276 -7.21055794 0.00000000
    endloop
  endfacet
  facet normal -0.11005827 0.99392514 0.00000000
    outer loop
      vertex -17.26947285 -10.92951776 0.20000000
      vertex 13.08754358 -7.56805653 0.20000000
      vertex 13.08754358 -7.56805653 0.00000000
    endloop
  endfacet
  facet normal -0.11005827 0.99392514 0.00000000
    outer loop
      vertex -17.26947285 -10.92951776 0.20000000
      vertex 13.08754358 -7.56805653 0.00000000
      vertex -17.26947285 -10.92951776 0.00000000
    endloop
  endfacet
endsolid curb_side_ring_05
