solid curb_side_ring_04
  facet normal -0.00000000 0.00000000 1.00000000
    outer loop
      vertex 1.66609102 -11.91265108 0.20000000
      vertex 2.06417029 -12.14376682 0.20000000
      vertex 1.92802952 -11.81045325 0.20000000
    endloop
  endfacet
  facet normal 0.00000000 0.00000000 1.00000000
    outer loop
      vertex 1.66609102 -11.91265108 0.20000000
      vertex 1.79438568 -12.24902588 0.20000000
      vertex 2.06417029 -12.14376682 0.20000000
    endloop
  endfacet
  facet normal 0.00000000 0.00000000 -1.00000000
    outer loop
      vertex 1.66609102 -11.91265108 0.00000000
      vertex 1.92802952 -11.81045325 0.00000000
      vertex 2.06417029 -12.14376682 0.00000000
    endloop
  endfacet
  facet normal 0.00000000 0.00000000 -1.00000000
    outer loop
      vertex 1.66609102 -11.91265108 0.00000000
      vertex 2.06417029 -12.14376682 0.00000000
      vertex 1.79438568 -12.24902588 0.00000000
    endloop
  endfacet
  facet normal 0.36347436 -0.93160420 0.00000000
    outer loop
      vertex 1.66609102 -11.91265108 0.20000000
      vertex 1.92802952 -11.81045325 0.00000000
      vertex 1.92802952 -11.81045325 0.20000000
    endloop
  endfacet
  facet normal 0.36347436 -0.93160420 0.00000000
    outer loop
      vertex 1.66609102 -11.91265108 0.20000000
      vertex 1.66609102 -11.91265108 0.00000000
      vertex 1.92802952 -11.81045325 0.00000000
    endloop
  endfacet
  facet normal -0.36347436 0.93160420 0.00000000
    outer loop
      vertex 1.79438568 -12.24902588 0.20000000
      vertex 2.06417029 -12.14376682 0.20000000
      vertex 2.06417029 -12.14376682 0.00000000
    endloop
  endfacet
  facet normal -0.36347436 0.93160420 0.00000000
    outer loop
      vertex 1.79438568 -12.24902588 0.20000000
      vertex 2.06417029 -12.14376682 0.00000000
      vertex 1.79438568 -12.24902588 0.00000000
    endloop
  endfacet
  facet normal -0.00000000 0.00000000 1.00000000
    outer loop
      vertex 1.92802952 -11.81045325 0.20000000
      vertex 2.32611724 -12.03192318 0.20000000
      vertex 2.17929386 -11.70317077 0.20000000
    endloop
  endfacet
  facet normal 0.00000000 0.00000000 1.00000000
    outer loop
      vertex 1.92802952 -11.81045325 0.20000000
      vertex 2.06417029 -12.14376682 0.20000000
      vertex 2.32611724 -12.03192318 0.20000000
    endloop
  endfacet
  facet normal 0.00000000 0.00000000 -1.00000000
    outer loop
      vertex 1.92802952 -11.81045325 0.00000000
      vertex 2.17929386 -11.70317077 0.00000000
      vertex 2.32611724 -12.03192318 0.00000000
    endloop
  endfacet
  facet normal 0.00000000 0.00000000 -1.00000000
    outer loop
      vertex 1.92802952 -11.81045325 0.00000000
      vertex 2.32611724 -12.03192318 0.00000000
      vertex 2.06417029 -12.14376682 0.00000000
    endloop
  endfacet
  facet normal 0.39267511 -0.91967726 0.00000000
    outer loop
      vertex 1.92802952 -11.81045325 0.20000000
      vertex 2.17929386 -11.70317077 0.00000000
      vertex 2.17929386 -11.70317077 0.20000000
    endloop
  endfacet
  facet normal 0.39267511 -0.91967726 0.00000000
    outer loop
      vertex 1.92802952 -11.81045325 0.20000000
      vertex 1.92802952 -11.81045325 0.00000000
      vertex 2.17929386 -11.70317077 0.00000000
    endloop
  endfacet
  facet normal -0.39267511 0.91967726 0.00000000
    outer loop
      vertex 2.06417029 -12.14376682 0.20000000
      vertex 2.32611724 -12.03192318 0.20000000
      vertex 2.32611724 -12.03192318 0.00000000
    endloop
  endfacet
  facet normal -0.39267511 0.91967726 0.00000000
    outer loop
      vertex 2.06417029 -12.14376682 0.20000000
      vertex 2.32611724 -12.03192318 0.00000000
      vertex 2.06417029 -12.14376682 0.00000000
    endloop
  endfacet
  facet normal -0.00000000 0.00000000 1.00000000
    outer loop
      vertex 2.17929386 -11.70317077 0.20000000
      vertex 2.57896673 -11.91395969 0.20000000
      vertex 2.42114388 -11.59033893 0.20000000
    endloop
  endfacet
  facet normal 0.00000000 0.00000000 1.00000000
    outer loop
      vertex 2.17929386 -11.70317077 0.20000000
      vertex 2.32611724 -12.03192318 0.20000000
      vertex 2.57896673 -11.91395969 0.20000000
    endloop
  endfacet
  facet normal 0.00000000 0.00000000 -1.00000000
    outer loop
      vertex 2.17929386 -11.70317077 0.00000000
      vertex 2.42114388 -11.59033893 0.00000000
      vertex 2.57896673 -11.91395969 0.00000000
    endloop
  endfacet
  facet normal 0.00000000 0.00000000 -1.00000000
    outer loop
      vertex 2.17929386 -11.70317077 0.00000000
      vertex 2.57896673 -11.91395969 0.00000000
      vertex 2.32611724 -12.03192318 0.00000000
    endloop
  endfacet
  facet normal 0.42278854 -0.90622837 0.00000000
    outer loop
      vertex 2.17929386 -11.70317077 0.20000000
      vertex 2.42114388 -11.59033893 0.00000000
      vertex 2.42114388 -11.59033893 0.20000000
    endloop
  endfacet
  facet normal 0.42278854 -0.90622837 0.00000000
    outer loop
      vertex 2.17929386 -11.70317077 0.20000000
      vertex 2.17929386 -11.70317077 0.00000000
      vertex 2.42114388 -11.59033893 0.00000000
    endloop
  endfacet
  facet normal -0.42278854 0.90622837 0.00000000
    outer loop
      vertex 2.32611724 -12.03192318 0.20000000
      vertex 2.57896673 -11.91395969 0.20000000
      vertex 2.57896673 -11.91395969 0.00000000
    endloop
  endfacet
  facet normal -0.42278854 0.90622837 0.00000000
    outer loop
      vertex 2.32611724 -12.03192318 0.20000000
      vertex 2.57896673 -11.91395969 0.00000000
      vertex 2.32611724 -12.03192318 0.00000000
    endloop
  endfacet
  facet normal -0.00000000 0.00000000 1.00000000
    outer loop
      vertex 2.42114388 -11.59033893 0.20000000
      vertex 2.82270419 -11.78985381 0.20000000
      vertex 2.65359414 -11.47198025 0.20000000
    endloop
  endfacet
  facet normal 0.00000000 0.00000000 1.00000000
    outer loop
      vertex 2.42114388 -11.59033893 0.20000000
      vertex 2.57896673 -11.91395969 0.20000000
      vertex 2.82270419 -11.78985381 0.20000000
    endloop
  endfacet
  facet normal 0.00000000 0.00000000 -1.00000000
    outer loop
      vertex 2.42114388 -11.59033893 0.00000000
      vertex 2.65359414 -11.47198025 0.00000000
      vertex 2.82270419 -11.78985381 0.00000000
    endloop
  endfacet
  facet normal 0.00000000 0.00000000 -1.00000000
    outer loop
      vertex 2.42114388 -11.59033893 0.00000000
      vertex 2.82270419 -11.78985381 0.00000000
      vertex 2.57896673 -11.91395969 0.00000000
    endloop
  endfacet
  facet normal 0.45374505 -0.89113154 0.00000000
    outer loop
      vertex 2.42114388 -11.59033893 0.20000000
      vertex 2.65359414 -11.47198025 0.00000000
      vertex 2.65359414 -11.47198025 0.20000000
    endloop
  endfacet
  facet normal 0.45374505 -0.89113154 0.00000000
    outer loop
      vertex 2.42114388 -11.59033893 0.20000000
      vertex 2.42114388 -11.59033893 0.00000000
      vertex 2.65359414 -11.47198025 0.00000000
    endloop
  endfacet
  facet normal -0.45374505 0.89113154 0.00000000
    outer loop
      vertex 2.57896673 -11.91395969 0.20000000
      vertex 2.82270419 -11.78985381 0.20000000
      vertex 2.82270419 -11.78985381 0.00000000
    endloop
  endfacet
  facet normal -0.45374505 0.89113154 0.00000000
    outer loop
      vertex 2.57896673 -11.91395969 0.20000000
      vertex 2.82270419 -11.78985381 0.00000000
      vertex 2.57896673 -11.91395969 0.00000000
    endloop
  endfacet
  facet normal -0.00000000 0.00000000 1.00000000
    outer loop
      vertex 2.65359414 -11.47198025 0.20000000
      vertex 3.05731075 -11.65958378 0.20000000
      vertex 2.87666350 -11.34811649 0.20000000
    endloop
  endfacet
  facet normal 0.00000000 0.00000000 1.00000000
    outer loop
      vertex 2.65359414 -11.47198025 0.20000000
      vertex 2.82270419 -11.78985381 0.20000000
      vertex 3.05731075 -11.65958378 0.20000000
    endloop
  endfacet
  facet normal 0.00000000 0.00000000 -1.00000000
    outer loop
      vertex 2.65359414 -11.47198025 0.00000000
      vertex 2.87666350 -11.34811649 0.00000000
      vertex 3.05731075 -11.65958378 0.00000000
    endloop
  endfacet
  facet normal 0.00000000 0.00000000 -1.00000000
    outer loop
      vertex 2.65359414 -11.47198025 0.00000000
      vertex 3.05731075 -11.65958378 0.00000000
      vertex 2.82270419 -11.78985381 0.00000000
    endloop
  endfacet
  facet normal 0.48545226 -0.87426318 0.00000000
    outer loop
      vertex 2.65359414 -11.47198025 0.20000000
      vertex 2.87666350 -11.34811649 0.00000000
      vertex 2.87666350 -11.34811649 0.20000000
    endloop
  endfacet
  facet normal 0.48545226 -0.87426318 0.00000000
    outer loop
      vertex 2.65359414 -11.47198025 0.20000000
      vertex 2.65359414 -11.47198025 0.00000000
      vertex 2.87666350 -11.34811649 0.00000000
    endloop
  endfacet
  facet normal -0.48545226 0.87426318 0.00000000
    outer loop
      vertex 2.82270419 -11.78985381 0.20000000
      vertex 3.05731075 -11.65958378 0.20000000
      vertex 3.05731075 -11.65958378 0.00000000
    endloop
  endfacet
  facet normal -0.48545226 0.87426318 0.00000000
    outer loop
      vertex 2.82270419 -11.78985381 0.20000000
      vertex 3.05731075 -11.65958378 0.00000000
      vertex 2.82270419 -11.78985381 0.00000000
    endloop
  endfacet
  facet normal -0.00000000 0.00000000 1.00000000
    outer loop
      vertex 2.87666350 -11.34811649 0.20000000
      vertex 3.28276292 -11.52312941 0.20000000
      vertex 3.09037544 -11.21876786 0.20000000
    endloop
  endfacet
  facet normal 0.00000000 0.00000000 1.00000000
    outer loop
      vertex 2.87666350 -11.34811649 0.20000000
      vertex 3.05731075 -11.65958378 0.20000000
      vertex 3.28276292 -11.52312941 0.20000000
    endloop
  endfacet
  facet normal 0.00000000 0.00000000 -1.00000000
    outer loop
      vertex 2.87666350 -11.34811649 0.00000000
      vertex 3.09037544 -11.21876786 0.00000000
      vertex 3.28276292 -11.52312941 0.00000000
    endloop
  endfacet
  facet normal 0.00000000 0.00000000 -1.00000000
    outer loop
      vertex 2.87666350 -11.34811649 0.00000000
      vertex 3.28276292 -11.52312941 0.00000000
      vertex 3.05731075 -11.65958378 0.00000000
    endloop
  endfacet
  facet normal 0.51779290 -0.85550600 0.00000000
    outer loop
      vertex 2.87666350 -11.34811649 0.20000000
      vertex 3.09037544 -11.21876786 0.00000000
      vertex 3.09037544 -11.21876786 0.20000000
    endloop
  endfacet
  facet normal 0.51779290 -0.85550600 0.00000000
    outer loop
      vertex 2.87666350 -11.34811649 0.20000000
      vertex 2.87666350 -11.34811649 0.00000000
      vertex 3.09037544 -11.21876786 0.00000000
    endloop
  endfacet
  facet normal -0.51779290 0.85550600 0.00000000
    outer loop
      vertex 3.05731075 -11.65958378 0.20000000
      vertex 3.28276292 -11.52312941 0.20000000
      vertex 3.28276292 -11.52312941 0.00000000
    endloop
  endfacet
  facet normal -0.51779290 0.85550600 0.00000000
    outer loop
      vertex 3.05731075 -11.65958378 0.20000000
      vertex 3.28276292 -11.52312941 0.00000000
      vertex 3.05731075 -11.65958378 0.00000000
    endloop
  endfacet
  facet normal -0.00000000 0.00000000 1.00000000
    outer loop
      vertex 3.09037544 -11.21876786 0.20000000
      vertex 3.49903240 -11.38047294 0.20000000
      vertex 3.29475829 -11.08395210 0.20000000
    endloop
  endfacet
  facet normal 0.00000000 0.00000000 1.00000000
    outer loop
      vertex 3.09037544 -11.21876786 0.20000000
      vertex 3.28276292 -11.52312941 0.20000000
      vertex 3.49903240 -11.38047294 0.20000000
    endloop
  endfacet
  facet normal 0.00000000 0.00000000 -1.00000000
    outer loop
      vertex 3.09037544 -11.21876786 0.00000000
      vertex 3.29475829 -11.08395210 0.00000000
      vertex 3.49903240 -11.38047294 0.00000000
    endloop
  endfacet
  facet normal 0.00000000 0.00000000 -1.00000000
    outer loop
      vertex 3.09037544 -11.21876786 0.00000000
      vertex 3.49903240 -11.38047294 0.00000000
      vertex 3.28276292 -11.52312941 0.00000000
    endloop
  endfacet
  facet normal 0.55062336 -0.83475381 0.00000000
    outer loop
      vertex 3.09037544 -11.21876786 0.20000000
      vertex 3.29475829 -11.08395210 0.00000000
      vertex 3.29475829 -11.08395210 0.20000000
    endloop
  endfacet
  facet normal 0.55062336 -0.83475381 0.00000000
    outer loop
      vertex 3.09037544 -11.21876786 0.20000000
      vertex 3.09037544 -11.21876786 0.00000000
      vertex 3.29475829 -11.08395210 0.00000000
    endloop
  endfacet
  facet normal -0.55062336 0.83475381 0.00000000
    outer loop
      vertex 3.28276292 -11.52312941 0.20000000
      vertex 3.49903240 -11.38047294 0.20000000
      vertex 3.49903240 -11.38047294 0.00000000
    endloop
  endfacet
  facet normal -0.55062336 0.83475381 0.00000000
    outer loop
      vertex 3.28276292 -11.52312941 0.20000000
      vertex 3.49903240 -11.38047294 0.00000000
      vertex 3.28276292 -11.52312941 0.00000000
    endloop
  endfacet
  facet normal -0.00000000 0.00000000 1.00000000
    outer loop
      vertex 3.29475829 -11.08395210 0.20000000
      vertex 3.70608606 -11.23160013 0.20000000
      vertex 3.48984517 -10.94368347 0.20000000
    endloop
  endfacet
  facet normal 0.00000000 0.00000000 1.00000000
    outer loop
      vertex 3.29475829 -11.08395210 0.20000000
      vertex 3.49903240 -11.38047294 0.20000000
      vertex 3.70608606 -11.23160013 0.20000000
    endloop
  endfacet
  facet normal 0.00000000 0.00000000 -1.00000000
    outer loop
      vertex 3.29475829 -11.08395210 0.00000000
      vertex 3.48984517 -10.94368347 0.00000000
      vertex 3.70608606 -11.23160013 0.00000000
    endloop
  endfacet
  facet normal 0.00000000 0.00000000 -1.00000000
    outer loop
      vertex 3.29475829 -11.08395210 0.00000000
      vertex 3.70608606 -11.23160013 0.00000000
      vertex 3.49903240 -11.38047294 0.00000000
    endloop
  endfacet
  facet normal 0.58377308 -0.81191686 0.00000000
    outer loop
      vertex 3.29475829 -11.08395210 0.20000000
      vertex 3.48984517 -10.94368347 0.00000000
      vertex 3.48984517 -10.94368347 0.20000000
    endloop
  endfacet
  facet normal 0.58377308 -0.81191686 0.00000000
    outer loop
      vertex 3.29475829 -11.08395210 0.20000000
      vertex 3.29475829 -11.08395210 0.00000000
      vertex 3.48984517 -10.94368347 0.00000000
    endloop
  endfacet
  facet normal -0.58377308 0.81191686 0.00000000
    outer loop
      vertex 3.49903240 -11.38047294 0.20000000
      vertex 3.70608606 -11.23160013 0.20000000
      vertex 3.70608606 -11.23160013 0.00000000
    endloop
  endfacet
  facet normal -0.58377308 0.81191686 0.00000000
    outer loop
      vertex 3.49903240 -11.38047294 0.20000000
      vertex 3.70608606 -11.23160013 0.00000000
      vertex 3.49903240 -11.38047294 0.00000000
    endloop
  endfacet
  facet normal -0.00000000 0.00000000 1.00000000
    outer loop
      vertex 3.48984517 -10.94368347 0.20000000
      vertex 3.90388617 -11.07650125 0.20000000
      vertex 3.67567379 -10.79797167 0.20000000
    endloop
  endfacet
  facet normal 0.00000000 0.00000000 1.00000000
    outer loop
      vertex 3.48984517 -10.94368347 0.20000000
      vertex 3.70608606 -11.23160013 0.20000000
      vertex 3.90388617 -11.07650125 0.20000000
    endloop
  endfacet
  facet normal 0.00000000 0.00000000 -1.00000000
    outer loop
      vertex 3.48984517 -10.94368347 0.00000000
      vertex 3.67567379 -10.79797167 0.00000000
      vertex 3.90388617 -11.07650125 0.00000000
    endloop
  endfacet
  facet normal 0.00000000 0.00000000 -1.00000000
    outer loop
      vertex 3.48984517 -10.94368347 0.00000000
      vertex 3.90388617 -11.07650125 0.00000000
      vertex 3.70608606 -11.23160013 0.00000000
    endloop
  endfacet
  facet normal 0.61704517 -0.78692773 0.00000000
    outer loop
      vertex 3.48984517 -10.94368347 0.20000000
      vertex 3.67567379 -10.79797167 0.00000000
      vertex 3.67567379 -10.79797167 0.20000000
    endloop
  endfacet
  facet normal 0.61704517 -0.78692773 0.00000000
    outer loop
      vertex 3.48984517 -10.94368347 0.20000000
      vertex 3.48984517 -10.94368347 0.00000000
      vertex 3.67567379 -10.79797167 0.00000000
    endloop
  endfacet
  facet normal -0.61704517 0.78692773 0.00000000
    outer loop
      vertex 3.70608606 -11.23160013 0.20000000
      vertex 3.90388617 -11.07650125 0.20000000
      vertex 3.90388617 -11.07650125 0.00000000
    endloop
  endfacet
  facet normal -0.61704517 0.78692773 0.00000000
    outer loop
      vertex 3.70608606 -11.23160013 0.20000000
      vertex 3.90388617 -11.07650125 0.00000000
      vertex 3.70608606 -11.23160013 0.00000000
    endloop
  endfacet
  facet normal -0.00000000 0.00000000 1.00000000
    outer loop
      vertex 3.67567379 -10.79797167 0.20000000
      vertex 4.09239096 -10.91517224 0.20000000
      vertex 3.85228595 -10.64682079 0.20000000
    endloop
  endfacet
  facet normal 0.00000000 0.00000000 1.00000000
    outer loop
      vertex 3.67567379 -10.79797167 0.20000000
      vertex 3.90388617 -11.07650125 0.20000000
      vertex 4.09239096 -10.91517224 0.20000000
    endloop
  endfacet
  facet normal 0.00000000 0.00000000 -1.00000000
    outer loop
      vertex 3.67567379 -10.79797167 0.00000000
      vertex 3.85228595 -10.64682079 0.00000000
      vertex 4.09239096 -10.91517224 0.00000000
    endloop
  endfacet
  facet normal 0.00000000 0.00000000 -1.00000000
    outer loop
      vertex 3.67567379 -10.79797167 0.00000000
      vertex 4.09239096 -10.91517224 0.00000000
      vertex 3.90388617 -11.07650125 0.00000000
    endloop
  endfacet
  facet normal 0.65021843 -0.75974732 0.00000000
    outer loop
      vertex 3.67567379 -10.79797167 0.20000000
      vertex 3.85228595 -10.64682079 0.00000000
      vertex 3.85228595 -10.64682079 0.20000000
    endloop
  endfacet
  facet normal 0.65021843 -0.75974732 0.00000000
    outer loop
      vertex 3.67567379 -10.79797167 0.20000000
      vertex 3.67567379 -10.79797167 0.00000000
      vertex 3.85228595 -10.64682079 0.00000000
    endloop
  endfacet
  facet normal -0.65021843 0.75974732 0.00000000
    outer loop
      vertex 3.90388617 -11.07650125 0.20000000
      vertex 4.09239096 -10.91517224 0.20000000
      vertex 4.09239096 -10.91517224 0.00000000
    endloop
  endfacet
  facet normal -0.65021843 0.75974732 0.00000000
    outer loop
      vertex 3.90388617 -11.07650125 0.20000000
      vertex 4.09239096 -10.91517224 0.00000000
      vertex 3.90388617 -11.07650125 0.00000000
    endloop
  endfacet
  facet normal -0.00000000 0.00000000 1.00000000
    outer loop
      vertex 3.85228595 -10.64682079 0.20000000
      vertex 4.27155538 -10.74761562 0.20000000
      vertex 4.01972668 -10.49022829 0.20000000
    endloop
  endfacet
  facet normal 0.00000000 0.00000000 1.00000000
    outer loop
      vertex 3.85228595 -10.64682079 0.20000000
      vertex 4.09239096 -10.91517224 0.20000000
      vertex 4.27155538 -10.74761562 0.20000000
    endloop
  endfacet
  facet normal 0.00000000 0.00000000 -1.00000000
    outer loop
      vertex 3.85228595 -10.64682079 0.00000000
      vertex 4.01972668 -10.49022829 0.00000000
      vertex 4.27155538 -10.74761562 0.00000000
    endloop
  endfacet
  facet normal 0.00000000 0.00000000 -1.00000000
    outer loop
      vertex 3.85228595 -10.64682079 0.00000000
      vertex 4.27155538 -10.74761562 0.00000000
      vertex 4.09239096 -10.91517224 0.00000000
    endloop
  endfacet
  facet normal 0.68305103 -0.73037065 0.00000000
    outer loop
      vertex 3.85228595 -10.64682079 0.20000000
      vertex 4.01972668 -10.49022829 0.00000000
      vertex 4.01972668 -10.49022829 0.20000000
    endloop
  endfacet
  facet normal 0.68305103 -0.73037065 0.00000000
    outer loop
      vertex 3.85228595 -10.64682079 0.20000000
      vertex 3.85228595 -10.64682079 0.00000000
      vertex 4.01972668 -10.49022829 0.00000000
    endloop
  endfacet
  facet normal -0.68305103 0.73037065 0.00000000
    outer loop
      vertex 4.09239096 -10.91517224 0.20000000
      vertex 4.27155538 -10.74761562 0.20000000
      vertex 4.27155538 -10.74761562 0.00000000
    endloop
  endfacet
  facet normal -0.68305103 0.73037065 0.00000000
    outer loop
      vertex 4.09239096 -10.91517224 0.20000000
      vertex 4.27155538 -10.74761562 0.00000000
      vertex 4.09239096 -10.91517224 0.00000000
    endloop
  endfacet
  facet normal -0.00000000 0.00000000 1.00000000
    outer loop
      vertex 4.01972668 -10.49022829 0.20000000
      vertex 4.44133226 -10.57384132 0.20000000
      vertex 4.17804315 -10.32818424 0.20000000
    endloop
  endfacet
  facet normal 0.00000000 0.00000000 1.00000000
    outer loop
      vertex 4.01972668 -10.49022829 0.20000000
      vertex 4.27155538 -10.74761562 0.20000000
      vertex 4.44133226 -10.57384132 0.20000000
    endloop
  endfacet
  facet normal 0.00000000 0.00000000 -1.00000000
    outer loop
      vertex 4.01972668 -10.49022829 0.00000000
      vertex 4.17804315 -10.32818424 0.00000000
      vertex 4.44133226 -10.57384132 0.00000000
    endloop
  endfacet
  facet normal 0.00000000 0.00000000 -1.00000000
    outer loop
      vertex 4.01972668 -10.49022829 0.00000000
      vertex 4.44133226 -10.57384132 0.00000000
      vertex 4.27155538 -10.74761562 0.00000000
    endloop
  endfacet
  facet normal 0.71528595 -0.69883189 0.00000000
    outer loop
      vertex 4.01972668 -10.49022829 0.20000000
      vertex 4.17804315 -10.32818424 0.00000000
      vertex 4.17804315 -10.32818424 0.20000000
    endloop
  endfacet
  facet normal 0.71528595 -0.69883189 0.00000000
    outer loop
      vertex 4.01972668 -10.49022829 0.20000000
      vertex 4.01972668 -10.49022829 0.00000000
      vertex 4.17804315 -10.32818424 0.00000000
    endloop
  endfacet
  facet normal -0.71528595 0.69883189 0.00000000
    outer loop
      vertex 4.27155538 -10.74761562 0.20000000
      vertex 4.44133226 -10.57384132 0.20000000
      vertex 4.44133226 -10.57384132 0.00000000
    endloop
  endfacet
  facet normal -0.71528595 0.69883189 0.00000000
    outer loop
      vertex 4.27155538 -10.74761562 0.20000000
      vertex 4.44133226 -10.57384132 0.00000000
      vertex 4.27155538 -10.74761562 0.00000000
    endloop
  endfacet
  facet normal -0.00000000 0.00000000 1.00000000
    outer loop
      vertex 4.17804315 -10.32818424 0.20000000
      vertex 4.60167371 -10.39386722 0.20000000
      vertex 4.32728325 -10.16067078 0.20000000
    endloop
  endfacet
  facet normal 0.00000000 0.00000000 1.00000000
    outer loop
      vertex 4.17804315 -10.32818424 0.20000000
      vertex 4.44133226 -10.57384132 0.20000000
      vertex 4.60167371 -10.39386722 0.20000000
    endloop
  endfacet
  facet normal 0.00000000 0.00000000 -1.00000000
    outer loop
      vertex 4.17804315 -10.32818424 0.00000000
      vertex 4.32728325 -10.16067078 0.00000000
      vertex 4.60167371 -10.39386722 0.00000000
    endloop
  endfacet
  facet normal 0.00000000 0.00000000 -1.00000000
    outer loop
      vertex 4.17804315 -10.32818424 0.00000000
      vertex 4.60167371 -10.39386722 0.00000000
      vertex 4.44133226 -10.57384132 0.00000000
    endloop
  endfacet
  facet normal 0.74665800 -0.66520811 0.00000000
    outer loop
      vertex 4.17804315 -10.32818424 0.20000000
      vertex 4.32728325 -10.16067078 0.00000000
      vertex 4.32728325 -10.16067078 0.20000000
    endloop
  endfacet
  facet normal 0.74665800 -0.66520811 0.00000000
    outer loop
      vertex 4.17804315 -10.32818424 0.20000000
      vertex 4.17804315 -10.32818424 0.00000000
      vertex 4.32728325 -10.16067078 0.00000000
    endloop
  endfacet
  facet normal -0.74665800 0.66520811 0.00000000
    outer loop
      vertex 4.44133226 -10.57384132 0.20000000
      vertex 4.60167371 -10.39386722 0.20000000
      vertex 4.60167371 -10.39386722 0.00000000
    endloop
  endfacet
  facet normal -0.74665800 0.66520811 0.00000000
    outer loop
      vertex 4.44133226 -10.57384132 0.20000000
      vertex 4.60167371 -10.39386722 0.00000000
      vertex 4.44133226 -10.57384132 0.00000000
    endloop
  endfacet
  facet normal -0.00000000 0.00000000 1.00000000
    outer loop
      vertex 4.32728325 -10.16067078 0.20000000
      vertex 4.75253273 -10.20771928 0.20000000
      vertex 4.46749400 -9.98766194 0.20000000
    endloop
  endfacet
  facet normal 0.00000000 0.00000000 1.00000000
    outer loop
      vertex 4.32728325 -10.16067078 0.20000000
      vertex 4.60167371 -10.39386722 0.20000000
      vertex 4.75253273 -10.20771928 0.20000000
    endloop
  endfacet
  facet normal 0.00000000 0.00000000 -1.00000000
    outer loop
      vertex 4.32728325 -10.16067078 0.00000000
      vertex 4.46749400 -9.98766194 0.00000000
      vertex 4.75253273 -10.20771928 0.00000000
    endloop
  endfacet
  facet normal 0.00000000 0.00000000 -1.00000000
    outer loop
      vertex 4.32728325 -10.16067078 0.00000000
      vertex 4.75253273 -10.20771928 0.00000000
      vertex 4.60167371 -10.39386722 0.00000000
    endloop
  endfacet
  facet normal 0.77690223 -0.62962126 0.00000000
    outer loop
      vertex 4.32728325 -10.16067078 0.20000000
      vertex 4.46749400 -9.98766194 0.00000000
      vertex 4.46749400 -9.98766194 0.20000000
    endloop
  endfacet
  facet normal 0.77690223 -0.62962126 0.00000000
    outer loop
      vertex 4.32728325 -10.16067078 0.20000000
      vertex 4.32728325 -10.16067078 0.00000000
      vertex 4.46749400 -9.98766194 0.00000000
    endloop
  endfacet
  facet normal -0.77690223 0.62962126 0.00000000
    outer loop
      vertex 4.60167371 -10.39386722 0.20000000
      vertex 4.75253273 -10.20771928 0.20000000
      vertex 4.75253273 -10.20771928 0.00000000
    endloop
  endfacet
  facet normal -0.77690223 0.62962126 0.00000000
    outer loop
      vertex 4.60167371 -10.39386722 0.20000000
      vertex 4.75253273 -10.20771928 0.00000000
      vertex 4.60167371 -10.39386722 0.00000000
    endloop
  endfacet
  facet normal -0.00000000 0.00000000 1.00000000
    outer loop
      vertex 4.46749400 -9.98766194 0.20000000
      vertex 4.89386486 -10.01543126 0.20000000
      vertex 4.59871983 -9.80912395 0.20000000
    endloop
  endfacet
  facet normal 0.00000000 0.00000000 1.00000000
    outer loop
      vertex 4.46749400 -9.98766194 0.20000000
      vertex 4.75253273 -10.20771928 0.20000000
      vertex 4.89386486 -10.01543126 0.20000000
    endloop
  endfacet
  facet normal 0.00000000 0.00000000 -1.00000000
    outer loop
      vertex 4.46749400 -9.98766194 0.00000000
      vertex 4.59871983 -9.80912395 0.00000000
      vertex 4.89386486 -10.01543126 0.00000000
    endloop
  endfacet
  facet normal 0.00000000 0.00000000 -1.00000000
    outer loop
      vertex 4.46749400 -9.98766194 0.00000000
      vertex 4.89386486 -10.01543126 0.00000000
      vertex 4.75253273 -10.20771928 0.00000000
    endloop
  endfacet
  facet normal 0.80576322 -0.59223782 0.00000000
    outer loop
      vertex 4.46749400 -9.98766194 0.20000000
      vertex 4.59871983 -9.80912395 0.00000000
      vertex 4.59871983 -9.80912395 0.20000000
    endloop
  endfacet
  facet normal 0.80576322 -0.59223782 0.00000000
    outer loop
      vertex 4.46749400 -9.98766194 0.20000000
      vertex 4.46749400 -9.98766194 0.00000000
      vertex 4.59871983 -9.80912395 0.00000000
    endloop
  endfacet
  facet normal -0.80576322 0.59223782 0.00000000
    outer loop
      vertex 4.75253273 -10.20771928 0.20000000
      vertex 4.89386486 -10.01543126 0.20000000
      vertex 4.89386486 -10.01543126 0.00000000
    endloop
  endfacet
  facet normal -0.80576322 0.59223782 0.00000000
    outer loop
      vertex 4.75253273 -10.20771928 0.20000000
      vertex 4.89386486 -10.01543126 0.00000000
      vertex 4.75253273 -10.20771928 0.00000000
    endloop
  endfacet
  facet normal -0.00000000 0.00000000 1.00000000
    outer loop
      vertex 4.59871983 -9.80912395 0.20000000
      vertex 5.02562995 -9.81704402 0.20000000
      vertex 4.72100092 -9.62501596 0.20000000
    endloop
  endfacet
  facet normal 0.00000000 0.00000000 1.00000000
    outer loop
      vertex 4.59871983 -9.80912395 0.20000000
      vertex 4.89386486 -10.01543126 0.20000000
      vertex 5.02562995 -9.81704402 0.20000000
    endloop
  endfacet
  facet normal 0.00000000 0.00000000 -1.00000000
    outer loop
      vertex 4.59871983 -9.80912395 0.00000000
      vertex 4.72100092 -9.62501596 0.00000000
      vertex 5.02562995 -9.81704402 0.00000000
    endloop
  endfacet
  facet normal 0.00000000 0.00000000 -1.00000000
    outer loop
      vertex 4.59871983 -9.80912395 0.00000000
      vertex 5.02562995 -9.81704402 0.00000000
      vertex 4.89386486 -10.01543126 0.00000000
    endloop
  endfacet
  facet normal 0.83300460 -0.55326606 0.00000000
    outer loop
      vertex 4.59871983 -9.80912395 0.20000000
      vertex 4.72100092 -9.62501596 0.00000000
      vertex 4.72100092 -9.62501596 0.20000000
    endloop
  endfacet
  facet normal 0.83300460 -0.55326606 0.00000000
    outer loop
      vertex 4.59871983 -9.80912395 0.20000000
      vertex 4.59871983 -9.80912395 0.00000000
      vertex 4.72100092 -9.62501596 0.00000000
    endloop
  endfacet
  facet normal -0.83300460 0.55326606 0.00000000
    outer loop
      vertex 4.89386486 -10.01543126 0.20000000
      vertex 5.02562995 -9.81704402 0.20000000
      vertex 5.02562995 -9.81704402 0.00000000
    endloop
  endfacet
  facet normal -0.83300460 0.55326606 0.00000000
    outer loop
      vertex 4.89386486 -10.01543126 0.20000000
      vertex 5.02562995 -9.81704402 0.00000000
      vertex 4.89386486 -10.01543126 0.00000000
    endloop
  endfacet
  facet normal 0.00000000 0.00000000 1.00000000
    outer loop
      vertex 4.72100092 -9.62501596 0.20000000
      vertex 5.14779361 -9.61260435 0.20000000
      vertex 4.83437164 -9.43529117 0.20000000
    endloop
  endfacet
  facet normal -0.00000000 0.00000000 1.00000000
    outer loop
      vertex 4.72100092 -9.62501596 0.20000000
      vertex 5.02562995 -9.81704402 0.20000000
      vertex 5.14779361 -9.61260435 0.20000000
    endloop
  endfacet
  facet normal 0.00000000 0.00000000 -1.00000000
    outer loop
      vertex 4.72100092 -9.62501596 0.00000000
      vertex 4.83437164 -9.43529117 0.00000000
      vertex 5.14779361 -9.61260435 0.00000000
    endloop
  endfacet
  facet normal 0.00000000 0.00000000 -1.00000000
    outer loop
      vertex 4.72100092 -9.62501596 0.00000000
      vertex 5.14779361 -9.61260435 0.00000000
      vertex 5.02562995 -9.81704402 0.00000000
    endloop
  endfacet
  facet normal 0.85841803 -0.51295076 0.00000000
    outer loop
      vertex 4.72100092 -9.62501596 0.20000000
      vertex 4.83437164 -9.43529117 0.00000000
      vertex 4.83437164 -9.43529117 0.20000000
    endloop
  endfacet
  facet normal 0.85841803 -0.51295076 0.00000000
    outer loop
      vertex 4.72100092 -9.62501596 0.20000000
      vertex 4.72100092 -9.62501596 0.00000000
      vertex 4.83437164 -9.43529117 0.00000000
    endloop
  endfacet
  facet normal -0.85841803 0.51295076 0.00000000
    outer loop
      vertex 5.02562995 -9.81704402 0.20000000
      vertex 5.14779361 -9.61260435 0.20000000
      vertex 5.14779361 -9.61260435 0.00000000
    endloop
  endfacet
  facet normal -0.85841803 0.51295076 0.00000000
    outer loop
      vertex 5.02562995 -9.81704402 0.20000000
      vertex 5.14779361 -9.61260435 0.00000000
      vertex 5.02562995 -9.81704402 0.00000000
    endloop
  endfacet
  facet normal 0.00000000 0.00000000 1.00000000
    outer loop
      vertex 4.83437164 -9.43529117 0.20000000
      vertex 5.26032844 -9.40216346 0.20000000
      vertex 4.93885939 -9.23989838 0.20000000
    endloop
  endfacet
  facet normal -0.00000000 0.00000000 1.00000000
    outer loop
      vertex 4.83437164 -9.43529117 0.20000000
      vertex 5.14779361 -9.61260435 0.20000000
      vertex 5.26032844 -9.40216346 0.20000000
    endloop
  endfacet
  facet normal 0.00000000 0.00000000 -1.00000000
    outer loop
      vertex 4.83437164 -9.43529117 0.00000000
      vertex 4.93885939 -9.23989838 0.00000000
      vertex 5.26032844 -9.40216346 0.00000000
    endloop
  endfacet
  facet normal 0.00000000 0.00000000 -1.00000000
    outer loop
      vertex 4.83437164 -9.43529117 0.00000000
      vertex 5.26032844 -9.40216346 0.00000000
      vertex 5.14779361 -9.61260435 0.00000000
    endloop
  endfacet
  facet normal 0.88183095 -0.47156567 0.00000000
    outer loop
      vertex 4.83437164 -9.43529117 0.20000000
      vertex 4.93885939 -9.23989838 0.00000000
      vertex 4.93885939 -9.23989838 0.20000000
    endloop
  endfacet
  facet normal 0.88183095 -0.47156567 0.00000000
    outer loop
      vertex 4.83437164 -9.43529117 0.20000000
      vertex 4.83437164 -9.43529117 0.00000000
      vertex 4.93885939 -9.23989838 0.00000000
    endloop
  endfacet
  facet normal -0.88183095 0.47156567 0.00000000
    outer loop
      vertex 5.14779361 -9.61260435 0.20000000
      vertex 5.26032844 -9.40216346 0.20000000
      vertex 5.26032844 -9.40216346 0.00000000
    endloop
  endfacet
  facet normal -0.88183095 0.47156567 0.00000000
    outer loop
      vertex 5.14779361 -9.61260435 0.20000000
      vertex 5.26032844 -9.40216346 0.00000000
      vertex 5.14779361 -9.61260435 0.00000000
    endloop
  endfacet
  facet normal 0.00000000 0.00000000 1.00000000
    outer loop
      vertex 4.93885939 -9.23989838 0.20000000
      vertex 5.36321491 -9.18577522 0.20000000
      vertex 5.03448370 -9.03878373 0.20000000
    endloop
  endfacet
  facet normal -0.00000000 0.00000000 1.00000000
    outer loop
      vertex 4.93885939 -9.23989838 0.20000000
      vertex 5.26032844 -9.40216346 0.20000000
      vertex 5.36321491 -9.18577522 0.20000000
    endloop
  endfacet
  facet normal 0.00000000 0.00000000 -1.00000000
    outer loop
      vertex 4.93885939 -9.23989838 0.00000000
      vertex 5.03448370 -9.03878373 0.00000000
      vertex 5.36321491 -9.18577522 0.00000000
    endloop
  endfacet
  facet normal 0.00000000 0.00000000 -1.00000000
    outer loop
      vertex 4.93885939 -9.23989838 0.00000000
      vertex 5.36321491 -9.18577522 0.00000000
      vertex 5.26032844 -9.40216346 0.00000000
    endloop
  endfacet
  facet normal 0.90311236 -0.42940431 0.00000000
    outer loop
      vertex 4.93885939 -9.23989838 0.20000000
      vertex 5.03448370 -9.03878373 0.00000000
      vertex 5.03448370 -9.03878373 0.20000000
    endloop
  endfacet
  facet normal 0.90311236 -0.42940431 0.00000000
    outer loop
      vertex 4.93885939 -9.23989838 0.20000000
      vertex 4.93885939 -9.23989838 0.00000000
      vertex 5.03448370 -9.03878373 0.00000000
    endloop
  endfacet
  facet normal -0.90311236 0.42940431 0.00000000
    outer loop
      vertex 5.26032844 -9.40216346 0.20000000
      vertex 5.36321491 -9.18577522 0.20000000
      vertex 5.36321491 -9.18577522 0.00000000
    endloop
  endfacet
  facet normal -0.90311236 0.42940431 0.00000000
    outer loop
      vertex 5.26032844 -9.40216346 0.20000000
      vertex 5.36321491 -9.18577522 0.00000000
      vertex 5.26032844 -9.40216346 0.00000000
    endloop
  endfacet
  facet normal 0.00000000 0.00000000 1.00000000
    outer loop
      vertex 5.03448370 -9.03878373 0.20000000
      vertex 5.45644172 -8.96349427 0.20000000
      vertex 5.12125589 -8.83189256 0.20000000
    endloop
  endfacet
  facet normal -0.00000000 0.00000000 1.00000000
    outer loop
      vertex 5.03448370 -9.03878373 0.20000000
      vertex 5.36321491 -9.18577522 0.20000000
      vertex 5.45644172 -8.96349427 0.20000000
    endloop
  endfacet
  facet normal 0.00000000 0.00000000 -1.00000000
    outer loop
      vertex 5.03448370 -9.03878373 0.00000000
      vertex 5.12125589 -8.83189256 0.00000000
      vertex 5.45644172 -8.96349427 0.00000000
    endloop
  endfacet
  facet normal 0.00000000 0.00000000 -1.00000000
    outer loop
      vertex 5.03448370 -9.03878373 0.00000000
      vertex 5.45644172 -8.96349427 0.00000000
      vertex 5.36321491 -9.18577522 0.00000000
    endloop
  endfacet
  facet normal 0.92217631 -0.38676978 0.00000000
    outer loop
      vertex 5.03448370 -9.03878373 0.20000000
      vertex 5.12125589 -8.83189256 0.00000000
      vertex 5.12125589 -8.83189256 0.20000000
    endloop
  endfacet
  facet normal 0.92217631 -0.38676978 0.00000000
    outer loop
      vertex 5.03448370 -9.03878373 0.20000000
      vertex 5.03448370 -9.03878373 0.00000000
      vertex 5.12125589 -8.83189256 0.00000000
    endloop
  endfacet
  facet normal -0.92217631 0.38676978 0.00000000
    outer loop
      vertex 5.36321491 -9.18577522 0.20000000
      vertex 5.45644172 -8.96349427 0.20000000
      vertex 5.45644172 -8.96349427 0.00000000
    endloop
  endfacet
  facet normal -0.92217631 0.38676978 0.00000000
    outer loop
      vertex 5.36321491 -9.18577522 0.20000000
      vertex 5.45644172 -8.96349427 0.00000000
      vertex 5.36321491 -9.18577522 0.00000000
    endloop
  endfacet
  facet normal 0.00000000 0.00000000 1.00000000
    outer loop
      vertex 5.12125589 -8.83189256 0.20000000
      vertex 5.54000572 -8.73537423 0.20000000
      vertex 5.19917909 -8.61917125 0.20000000
    endloop
  endfacet
  facet normal -0.00000000 0.00000000 1.00000000
    outer loop
      vertex 5.12125589 -8.83189256 0.20000000
      vertex 5.45644172 -8.96349427 0.20000000
      vertex 5.54000572 -8.73537423 0.20000000
    endloop
  endfacet
  facet normal 0.00000000 0.00000000 -1.00000000
    outer loop
      vertex 5.12125589 -8.83189256 0.00000000
      vertex 5.19917909 -8.61917125 0.00000000
      vertex 5.54000572 -8.73537423 0.00000000
    endloop
  endfacet
  facet normal 0.00000000 0.00000000 -1.00000000
    outer loop
      vertex 5.12125589 -8.83189256 0.00000000
      vertex 5.54000572 -8.73537423 0.00000000
      vertex 5.45644172 -8.96349427 0.00000000
    endloop
  endfacet
  facet normal 0.93898272 -0.34396431 0.00000000
    outer loop
      vertex 5.12125589 -8.83189256 0.20000000
      vertex 5.19917909 -8.61917125 0.00000000
      vertex 5.19917909 -8.61917125 0.20000000
    endloop
  endfacet
  facet normal 0.93898272 -0.34396431 0.00000000
    outer loop
      vertex 5.12125589 -8.83189256 0.20000000
      vertex 5.12125589 -8.83189256 0.00000000
      vertex 5.19917909 -8.61917125 0.00000000
    endloop
  endfacet
  facet normal -0.93898272 0.34396431 0.00000000
    outer loop
      vertex 5.45644172 -8.96349427 0.20000000
      vertex 5.54000572 -8.73537423 0.20000000
      vertex 5.54000572 -8.73537423 0.00000000
    endloop
  endfacet
  facet normal -0.93898272 0.34396431 0.00000000
    outer loop
      vertex 5.45644172 -8.96349427 0.20000000
      vertex 5.54000572 -8.73537423 0.00000000
      vertex 5.45644172 -8.96349427 0.00000000
    endloop
  endfacet
  facet normal 0.00000000 0.00000000 1.00000000
    outer loop
      vertex 5.19917909 -8.61917125 0.20000000
      vertex 5.61391145 -8.50146601 0.20000000
      vertex 5.26824876 -8.40056890 0.20000000
    endloop
  endfacet
  facet normal -0.00000000 0.00000000 1.00000000
    outer loop
      vertex 5.19917909 -8.61917125 0.20000000
      vertex 5.54000572 -8.73537423 0.20000000
      vertex 5.61391145 -8.50146601 0.20000000
    endloop
  endfacet
  facet normal 0.00000000 0.00000000 -1.00000000
    outer loop
      vertex 5.19917909 -8.61917125 0.00000000
      vertex 5.26824876 -8.40056890 0.00000000
      vertex 5.61391145 -8.50146601 0.00000000
    endloop
  endfacet
  facet normal 0.00000000 0.00000000 -1.00000000
    outer loop
      vertex 5.19917909 -8.61917125 0.00000000
      vertex 5.61391145 -8.50146601 0.00000000
      vertex 5.54000572 -8.73537423 0.00000000
    endloop
  endfacet
  facet normal 0.95353586 -0.30127954 0.00000000
    outer loop
      vertex 5.19917909 -8.61917125 0.20000000
      vertex 5.26824876 -8.40056890 0.00000000
      vertex 5.26824876 -8.40056890 0.20000000
    endloop
  endfacet
  facet normal 0.95353586 -0.30127954 0.00000000
    outer loop
      vertex 5.19917909 -8.61917125 0.20000000
      vertex 5.19917909 -8.61917125 0.00000000
      vertex 5.26824876 -8.40056890 0.00000000
    endloop
  endfacet
  facet normal -0.95353586 0.30127954 0.00000000
    outer loop
      vertex 5.54000572 -8.73537423 0.20000000
      vertex 5.61391145 -8.50146601 0.20000000
      vertex 5.61391145 -8.50146601 0.00000000
    endloop
  endfacet
  facet normal -0.95353586 0.30127954 0.00000000
    outer loop
      vertex 5.54000572 -8.73537423 0.20000000
      vertex 5.61391145 -8.50146601 0.00000000
      vertex 5.54000572 -8.73537423 0.00000000
    endloop
  endfacet
  facet normal 0.00000000 0.00000000 1.00000000
    outer loop
      vertex 5.26824876 -8.40056890 0.20000000
      vertex 5.67817027 -8.26181646 0.20000000
      vertex 5.32845355 -8.17603867 0.20000000
    endloop
  endfacet
  facet normal -0.00000000 0.00000000 1.00000000
    outer loop
      vertex 5.26824876 -8.40056890 0.20000000
      vertex 5.61391145 -8.50146601 0.20000000
      vertex 5.67817027 -8.26181646 0.20000000
    endloop
  endfacet
  facet normal 0.00000000 0.00000000 -1.00000000
    outer loop
      vertex 5.26824876 -8.40056890 0.00000000
      vertex 5.32845355 -8.17603867 0.00000000
      vertex 5.67817027 -8.26181646 0.00000000
    endloop
  endfacet
  facet normal 0.00000000 0.00000000 -1.00000000
    outer loop
      vertex 5.26824876 -8.40056890 0.00000000
      vertex 5.67817027 -8.26181646 0.00000000
      vertex 5.61391145 -8.50146601 0.00000000
    endloop
  endfacet
  facet normal 0.96588055 -0.25898796 0.00000000
    outer loop
      vertex 5.26824876 -8.40056890 0.20000000
      vertex 5.32845355 -8.17603867 0.00000000
      vertex 5.32845355 -8.17603867 0.20000000
    endloop
  endfacet
  facet normal 0.96588055 -0.25898796 0.00000000
    outer loop
      vertex 5.26824876 -8.40056890 0.20000000
      vertex 5.26824876 -8.40056890 0.00000000
      vertex 5.32845355 -8.17603867 0.00000000
    endloop
  endfacet
  facet normal -0.96588055 0.25898796 0.00000000
    outer loop
      vertex 5.61391145 -8.50146601 0.20000000
      vertex 5.67817027 -8.26181646 0.20000000
      vertex 5.67817027 -8.26181646 0.00000000
    endloop
  endfacet
  facet normal -0.96588055 0.25898796 0.00000000
    outer loop
      vertex 5.61391145 -8.50146601 0.20000000
      vertex 5.67817027 -8.26181646 0.00000000
      vertex 5.61391145 -8.50146601 0.00000000
    endloop
  endfacet
  facet normal 0.00000000 0.00000000 1.00000000
    outer loop
      vertex 5.32845355 -8.17603867 0.20000000
      vertex 5.73279934 -8.01646730 0.20000000
      vertex 5.37977629 -7.94553881 0.20000000
    endloop
  endfacet
  facet normal -0.00000000 0.00000000 1.00000000
    outer loop
      vertex 5.32845355 -8.17603867 0.20000000
      vertex 5.67817027 -8.26181646 0.20000000
      vertex 5.73279934 -8.01646730 0.20000000
    endloop
  endfacet
  facet normal 0.00000000 0.00000000 -1.00000000
    outer loop
      vertex 5.32845355 -8.17603867 0.00000000
      vertex 5.37977629 -7.94553881 0.00000000
      vertex 5.73279934 -8.01646730 0.00000000
    endloop
  endfacet
  facet normal 0.00000000 0.00000000 -1.00000000
    outer loop
      vertex 5.32845355 -8.17603867 0.00000000
      vertex 5.73279934 -8.01646730 0.00000000
      vertex 5.67817027 -8.26181646 0.00000000
    endloop
  endfacet
  facet normal 0.97609680 -0.21733622 0.00000000
    outer loop
      vertex 5.32845355 -8.17603867 0.20000000
      vertex 5.37977629 -7.94553881 0.00000000
      vertex 5.37977629 -7.94553881 0.20000000
    endloop
  endfacet
  facet normal 0.97609680 -0.21733622 0.00000000
    outer loop
      vertex 5.32845355 -8.17603867 0.20000000
      vertex 5.32845355 -8.17603867 0.00000000
      vertex 5.37977629 -7.94553881 0.00000000
    endloop
  endfacet
  facet normal -0.97609680 0.21733622 0.00000000
    outer loop
      vertex 5.67817027 -8.26181646 0.20000000
      vertex 5.73279934 -8.01646730 0.20000000
      vertex 5.73279934 -8.01646730 0.00000000
    endloop
  endfacet
  facet normal -0.97609680 0.21733622 0.00000000
    outer loop
      vertex 5.67817027 -8.26181646 0.20000000
      vertex 5.73279934 -8.01646730 0.00000000
      vertex 5.67817027 -8.26181646 0.00000000
    endloop
  endfacet
  facet normal 0.00000000 0.00000000 1.00000000
    outer loop
      vertex 5.37977629 -7.94553881 0.20000000
      vertex 5.77782036 -7.76545447 0.20000000
      vertex 5.42219529 -7.70903341 0.20000000
    endloop
  endfacet
  facet normal -0.00000000 0.00000000 1.00000000
    outer loop
      vertex 5.37977629 -7.94553881 0.20000000
      vertex 5.73279934 -8.01646730 0.20000000
      vertex 5.77782036 -7.76545447 0.20000000
    endloop
  endfacet
  facet normal 0.00000000 0.00000000 -1.00000000
    outer loop
      vertex 5.37977629 -7.94553881 0.00000000
      vertex 5.42219529 -7.70903341 0.00000000
      vertex 5.77782036 -7.76545447 0.00000000
    endloop
  endfacet
  facet normal 0.00000000 0.00000000 -1.00000000
    outer loop
      vertex 5.37977629 -7.94553881 0.00000000
      vertex 5.77782036 -7.76545447 0.00000000
      vertex 5.73279934 -8.01646730 0.00000000
    endloop
  endfacet
  facet normal 0.98429341 -0.17654034 0.00000000
    outer loop
      vertex 5.37977629 -7.94553881 0.20000000
      vertex 5.42219529 -7.70903341 0.00000000
      vertex 5.42219529 -7.70903341 0.20000000
    endloop
  endfacet
  facet normal 0.98429341 -0.17654034 0.00000000
    outer loop
      vertex 5.37977629 -7.94553881 0.20000000
      vertex 5.37977629 -7.94553881 0.00000000
      vertex 5.42219529 -7.70903341 0.00000000
    endloop
  endfacet
  facet normal -0.98429341 0.17654034 0.00000000
    outer loop
      vertex 5.73279934 -8.01646730 0.20000000
      vertex 5.77782036 -7.76545447 0.20000000
      vertex 5.77782036 -7.76545447 0.00000000
    endloop
  endfacet
  facet normal -0.98429341 0.17654034 0.00000000
    outer loop
      vertex 5.73279934 -8.01646730 0.20000000
      vertex 5.77782036 -7.76545447 0.00000000
      vertex 5.73279934 -8.01646730 0.00000000
    endloop
  endfacet
  facet normal 0.00000000 0.00000000 1.00000000
    outer loop
      vertex 5.42219529 -7.70903341 0.20000000
      vertex 5.81325834 -7.50880782 0.20000000
      vertex 5.45568553 -7.46649260 0.20000000
    endloop
  endfacet
  facet normal -0.00000000 0.00000000 1.00000000
    outer loop
      vertex 5.42219529 -7.70903341 0.20000000
      vertex 5.77782036 -7.76545447 0.20000000
      vertex 5.81325834 -7.50880782 0.20000000
    endloop
  endfacet
  facet normal 0.00000000 0.00000000 -1.00000000
    outer loop
      vertex 5.42219529 -7.70903341 0.00000000
      vertex 5.45568553 -7.46649260 0.00000000
      vertex 5.81325834 -7.50880782 0.00000000
    endloop
  endfacet
  facet normal 0.00000000 0.00000000 -1.00000000
    outer loop
      vertex 5.42219529 -7.70903341 0.00000000
      vertex 5.81325834 -7.50880782 0.00000000
      vertex 5.77782036 -7.76545447 0.00000000
    endloop
  endfacet
  facet normal 0.99060103 -0.13678302 0.00000000
    outer loop
      vertex 5.42219529 -7.70903341 0.20000000
      vertex 5.45568553 -7.46649260 0.00000000
      vertex 5.45568553 -7.46649260 0.20000000
    endloop
  endfacet
  facet normal 0.99060103 -0.13678302 0.00000000
    outer loop
      vertex 5.42219529 -7.70903341 0.20000000
      vertex 5.42219529 -7.70903341 0.00000000
      vertex 5.45568553 -7.46649260 0.00000000
    endloop
  endfacet
  facet normal -0.99060103 0.13678302 0.00000000
    outer loop
      vertex 5.77782036 -7.76545447 0.20000000
      vertex 5.81325834 -7.50880782 0.20000000
      vertex 5.81325834 -7.50880782 0.00000000
    endloop
  endfacet
  facet normal -0.99060103 0.13678302 0.00000000
    outer loop
      vertex 5.77782036 -7.76545447 0.20000000
      vertex 5.81325834 -7.50880782 0.00000000
      vertex 5.77782036 -7.76545447 0.00000000
    endloop
  endfacet
  facet normal 0.00000000 0.00000000 1.00000000
    outer loop
      vertex 5.45568553 -7.46649260 0.20000000
      vertex 5.83914045 -7.24655108 0.20000000
      vertex 5.48021985 -7.21789266 0.20000000
    endloop
  endfacet
  facet normal -0.00000000 0.00000000 1.00000000
    outer loop
      vertex 5.45568553 -7.46649260 0.20000000
      vertex 5.81325834 -7.50880782 0.20000000
      vertex 5.83914045 -7.24655108 0.20000000
    endloop
  endfacet
  facet normal 0.00000000 0.00000000 -1.00000000
    outer loop
      vertex 5.45568553 -7.46649260 0.00000000
      vertex 5.48021985 -7.21789266 0.00000000
      vertex 5.83914045 -7.24655108 0.00000000
    endloop
  endfacet
  facet normal 0.00000000 0.00000000 -1.00000000
    outer loop
      vertex 5.45568553 -7.46649260 0.00000000
      vertex 5.83914045 -7.24655108 0.00000000
      vertex 5.81325834 -7.50880782 0.00000000
    endloop
  endfacet
  facet normal 0.99516543 -0.09821284 0.00000000
    outer loop
      vertex 5.45568553 -7.46649260 0.20000000
      vertex 5.48021985 -7.21789266 0.00000000
      vertex 5.48021985 -7.21789266 0.20000000
    endloop
  endfacet
  facet normal 0.99516543 -0.09821284 0.00000000
    outer loop
      vertex 5.45568553 -7.46649260 0.20000000
      vertex 5.45568553 -7.46649260 0.00000000
      vertex 5.48021985 -7.21789266 0.00000000
    endloop
  endfacet
  facet normal -0.99516543 0.09821284 0.00000000
    outer loop
      vertex 5.81325834 -7.50880782 0.20000000
      vertex 5.83914045 -7.24655108 0.20000000
      vertex 5.83914045 -7.24655108 0.00000000
    endloop
  endfacet
  facet normal -0.99516543 0.09821284 0.00000000
    outer loop
      vertex 5.81325834 -7.50880782 0.20000000
      vertex 5.83914045 -7.24655108 0.00000000
      vertex 5.81325834 -7.50880782 0.00000000
    endloop
  endfacet
  facet normal 0.00000000 0.00000000 1.00000000
    outer loop
      vertex 5.48021985 -7.21789266 0.20000000
      vertex 5.85549490 -6.97870215 0.20000000
      vertex 5.49577004 -6.96321569 0.20000000
    endloop
  endfacet
  facet normal -0.00000000 0.00000000 1.00000000
    outer loop
      vertex 5.48021985 -7.21789266 0.20000000
      vertex 5.83914045 -7.24655108 0.20000000
      vertex 5.85549490 -6.97870215 0.20000000
    endloop
  endfacet
  facet normal 0.00000000 0.00000000 -1.00000000
    outer loop
      vertex 5.48021985 -7.21789266 0.00000000
      vertex 5.49577004 -6.96321569 0.00000000
      vertex 5.85549490 -6.97870215 0.00000000
    endloop
  endfacet
  facet normal 0.00000000 0.00000000 -1.00000000
    outer loop
      vertex 5.48021985 -7.21789266 0.00000000
      vertex 5.85549490 -6.97870215 0.00000000
      vertex 5.83914045 -7.24655108 0.00000000
    endloop
  endfacet
  facet normal 0.99814113 -0.06094497 0.00000000
    outer loop
      vertex 5.48021985 -7.21789266 0.20000000
      vertex 5.49577004 -6.96321569 0.00000000
      vertex 5.49577004 -6.96321569 0.20000000
    endloop
  endfacet
  facet normal 0.99814113 -0.06094497 0.00000000
    outer loop
      vertex 5.48021985 -7.21789266 0.20000000
      vertex 5.48021985 -7.21789266 0.00000000
      vertex 5.49577004 -6.96321569 0.00000000
    endloop
  endfacet
  facet normal -0.99814113 0.06094497 0.00000000
    outer loop
      vertex 5.83914045 -7.24655108 0.20000000
      vertex 5.85549490 -6.97870215 0.20000000
      vertex 5.85549490 -6.97870215 0.00000000
    endloop
  endfacet
  facet normal -0.99814113 0.06094497 0.00000000
    outer loop
      vertex 5.83914045 -7.24655108 0.20000000
      vertex 5.85549490 -6.97870215 0.00000000
      vertex 5.83914045 -7.24655108 0.00000000
    endloop
  endfacet
  facet normal 0.00000000 0.00000000 1.00000000
    outer loop
      vertex 5.49577004 -6.96321569 0.20000000
      vertex 5.86235004 -6.70527350 0.20000000
      vertex 5.50230773 -6.70244921 0.20000000
    endloop
  endfacet
  facet normal -0.00000000 0.00000000 1.00000000
    outer loop
      vertex 5.49577004 -6.96321569 0.20000000
      vertex 5.85549490 -6.97870215 0.20000000
      vertex 5.86235004 -6.70527350 0.20000000
    endloop
  endfacet
  facet normal 0.00000000 0.00000000 -1.00000000
    outer loop
      vertex 5.49577004 -6.96321569 0.00000000
      vertex 5.50230773 -6.70244921 0.00000000
      vertex 5.86235004 -6.70527350 0.00000000
    endloop
  endfacet
  facet normal 0.00000000 0.00000000 -1.00000000
    outer loop
      vertex 5.49577004 -6.96321569 0.00000000
      vertex 5.86235004 -6.70527350 0.00000000
      vertex 5.85549490 -6.97870215 0.00000000
    endloop
  endfacet
  facet normal 0.99968587 -0.02506318 0.00000000
    outer loop
      vertex 5.49577004 -6.96321569 0.20000000
      vertex 5.50230773 -6.70244921 0.00000000
      vertex 5.50230773 -6.70244921 0.20000000
    endloop
  endfacet
  facet normal 0.99968587 -0.02506318 0.00000000
    outer loop
      vertex 5.49577004 -6.96321569 0.20000000
      vertex 5.49577004 -6.96321569 0.00000000
      vertex 5.50230773 -6.70244921 0.00000000
    endloop
  endfacet
  facet normal -0.99968587 0.02506318 0.00000000
    outer loop
      vertex 5.85549490 -6.97870215 0.20000000
      vertex 5.86235004 -6.70527350 0.20000000
      vertex 5.86235004 -6.70527350 0.00000000
    endloop
  endfacet
  facet normal -0.99968587 0.02506318 0.00000000
    outer loop
      vertex 5.85549490 -6.97870215 0.20000000
      vertex 5.86235004 -6.70527350 0.00000000
      vertex 5.85549490 -6.97870215 0.00000000
    endloop
  endfacet
  facet normal 0.00000000 -0.00000000 1.00000000
    outer loop
      vertex 5.50230773 -6.70244921 0.20000000
      vertex 5.85973366 -6.42627278 0.20000000
      vertex 5.49980516 -6.43558558 0.20000000
    endloop
  endfacet
  facet normal -0.00000000 0.00000000 1.00000000
    outer loop
      vertex 5.50230773 -6.70244921 0.20000000
      vertex 5.86235004 -6.70527350 0.20000000
      vertex 5.85973366 -6.42627278 0.20000000
    endloop
  endfacet
  facet normal 0.00000000 0.00000000 -1.00000000
    outer loop
      vertex 5.50230773 -6.70244921 0.00000000
      vertex 5.49980516 -6.43558558 0.00000000
      vertex 5.85973366 -6.42627278 0.00000000
    endloop
  endfacet
  facet normal 0.00000000 0.00000000 -1.00000000
    outer loop
      vertex 5.50230773 -6.70244921 0.00000000
      vertex 5.85973366 -6.42627278 0.00000000
      vertex 5.86235004 -6.70527350 0.00000000
    endloop
  endfacet
  facet normal 0.99995603 0.00937730 0.00000000
    outer loop
      vertex 5.50230773 -6.70244921 0.20000000
      vertex 5.49980516 -6.43558558 0.00000000
      vertex 5.49980516 -6.43558558 0.20000000
    endloop
  endfacet
  facet normal 0.99995603 0.00937730 0.00000000
    outer loop
      vertex 5.50230773 -6.70244921 0.20000000
      vertex 5.50230773 -6.70244921 0.00000000
      vertex 5.49980516 -6.43558558 0.00000000
    endloop
  endfacet
  facet normal -0.99995603 -0.00937730 0.00000000
    outer loop
      vertex 5.86235004 -6.70527350 0.20000000
      vertex 5.85973366 -6.42627278 0.20000000
      vertex 5.85973366 -6.42627278 0.00000000
    endloop
  endfacet
  facet normal -0.99995603 -0.00937730 -0.00000000
    outer loop
      vertex 5.86235004 -6.70527350 0.20000000
      vertex 5.85973366 -6.42627278 0.00000000
      vertex 5.86235004 -6.70527350 0.00000000
    endloop
  endfacet
  facet normal 0.00000000 -0.00000000 1.00000000
    outer loop
      vertex 5.49980516 -6.43558558 0.20000000
      vertex 5.84767234 -6.14170340 0.20000000
      vertex 5.48823572 -6.16262139 0.20000000
    endloop
  endfacet
  facet normal 0.00000000 0.00000000 1.00000000
    outer loop
      vertex 5.49980516 -6.43558558 0.20000000
      vertex 5.85973366 -6.42627278 0.20000000
      vertex 5.84767234 -6.14170340 0.20000000
    endloop
  endfacet
  facet normal 0.00000000 0.00000000 -1.00000000
    outer loop
      vertex 5.49980516 -6.43558558 0.00000000
      vertex 5.48823572 -6.16262139 0.00000000
      vertex 5.84767234 -6.14170340 0.00000000
    endloop
  endfacet
  facet normal 0.00000000 0.00000000 -1.00000000
    outer loop
      vertex 5.49980516 -6.43558558 0.00000000
      vertex 5.84767234 -6.14170340 0.00000000
      vertex 5.85973366 -6.42627278 0.00000000
    endloop
  endfacet
  facet normal 0.99910299 0.04234643 0.00000000
    outer loop
      vertex 5.49980516 -6.43558558 0.20000000
      vertex 5.48823572 -6.16262139 0.00000000
      vertex 5.48823572 -6.16262139 0.20000000
    endloop
  endfacet
  facet normal 0.99910299 0.04234643 0.00000000
    outer loop
      vertex 5.49980516 -6.43558558 0.20000000
      vertex 5.49980516 -6.43558558 0.00000000
      vertex 5.48823572 -6.16262139 0.00000000
    endloop
  endfacet
  facet normal -0.99910299 -0.04234643 0.00000000
    outer loop
      vertex 5.85973366 -6.42627278 0.20000000
      vertex 5.84767234 -6.14170340 0.20000000
      vertex 5.84767234 -6.14170340 0.00000000
    endloop
  endfacet
  facet normal -0.99910299 -0.04234643 -0.00000000
    outer loop
      vertex 5.85973366 -6.42627278 0.20000000
      vertex 5.84767234 -6.14170340 0.00000000
      vertex 5.85973366 -6.42627278 0.00000000
    endloop
  endfacet
  facet normal 0.00000000 -0.00000000 1.00000000
    outer loop
      vertex 5.48823572 -6.16262139 0.20000000
      vertex 5.82629014 -5.85290242 0.20000000
      vertex 5.46747538 -5.88221958 0.20000000
    endloop
  endfacet
  facet normal 0.00000000 0.00000000 1.00000000
    outer loop
      vertex 5.48823572 -6.16262139 0.20000000
      vertex 5.84767234 -6.14170340 0.20000000
      vertex 5.82629014 -5.85290242 0.20000000
    endloop
  endfacet
  facet normal 0.00000000 0.00000000 -1.00000000
    outer loop
      vertex 5.48823572 -6.16262139 0.00000000
      vertex 5.46747538 -5.88221958 0.00000000
      vertex 5.82629014 -5.85290242 0.00000000
    endloop
  endfacet
  facet normal 0.00000000 0.00000000 -1.00000000
    outer loop
      vertex 5.48823572 -6.16262139 0.00000000
      vertex 5.82629014 -5.85290242 0.00000000
      vertex 5.84767234 -6.14170340 0.00000000
    endloop
  endfacet
  facet normal 0.99727042 0.07383575 0.00000000
    outer loop
      vertex 5.48823572 -6.16262139 0.20000000
      vertex 5.46747538 -5.88221958 0.00000000
      vertex 5.46747538 -5.88221958 0.20000000
    endloop
  endfacet
  facet normal 0.99727042 0.07383575 0.00000000
    outer loop
      vertex 5.48823572 -6.16262139 0.20000000
      vertex 5.48823572 -6.16262139 0.00000000
      vertex 5.46747538 -5.88221958 0.00000000
    endloop
  endfacet
  facet normal -0.99727042 -0.07383575 0.00000000
    outer loop
      vertex 5.84767234 -6.14170340 0.20000000
      vertex 5.82629014 -5.85290242 0.20000000
      vertex 5.82629014 -5.85290242 0.00000000
    endloop
  endfacet
  facet normal -0.99727042 -0.07383575 -0.00000000
    outer loop
      vertex 5.84767234 -6.14170340 0.20000000
      vertex 5.82629014 -5.85290242 0.00000000
      vertex 5.84767234 -6.14170340 0.00000000
    endloop
  endfacet
  facet normal 0.00000000 0.00000000 1.00000000
    outer loop
      vertex 5.46747538 -5.88221958 0.20000000
      vertex 4.41656666 9.91885383 0.20000000
      vertex 4.05821125 9.88439755 0.20000000
    endloop
  endfacet
  facet normal 0.00000000 -0.00000000 1.00000000
    outer loop
      vertex 5.46747538 -5.88221958 0.20000000
      vertex 5.82629014 -5.85290242 0.20000000
      vertex 4.41656666 9.91885383 0.20000000
    endloop
  endfacet
  facet normal 0.00000000 0.00000000 -1.00000000
    outer loop
      vertex 5.46747538 -5.88221958 0.00000000
      vertex 4.05821125 9.88439755 0.00000000
      vertex 4.41656666 9.91885383 0.00000000
    endloop
  endfacet
  facet normal 0.00000000 0.00000000 -1.00000000
    outer loop
      vertex 5.46747538 -5.88221958 0.00000000
      vertex 4.41656666 9.91885383 0.00000000
      vertex 5.82629014 -5.85290242 0.00000000
    endloop
  endfacet
  facet normal 0.99602914 0.08902786 0.00000000
    outer loop
      vertex 5.46747538 -5.88221958 0.20000000
      vertex 4.05821125 9.88439755 0.00000000
      vertex 4.05821125 9.88439755 0.20000000
    endloop
  endfacet
  facet normal 0.99602914 0.08902786 0.00000000
    outer loop
      vertex 5.46747538 -5.88221958 0.20000000
      vertex 5.46747538 -5.88221958 0.00000000
      vertex 4.05821125 9.88439755 0.00000000
    endloop
  endfacet
  facet normal -0.99602914 -0.08902786 0.00000000
    outer loop
      vertex 5.82629014 -5.85290242 0.20000000
      vertex 4.41656666 9.91885383 0.20000000
      vertex 4.41656666 9.91885383 0.00000000
    endloop
  endfacet
  facet normal -0.99602914 -0.08902786 -0.00000000
    outer loop
      vertex 5.82629014 -5.85290242 0.20000000
      vertex 4.41656666 9.91885383 0.00000000
      vertex 5.82629014 -5.85290242 0.00000000
    endloop
  endfacet
  facet normal 0.00000000 -0.00000000 1.00000000
    outer loop
      vertex 4.05821125 9.88439755 0.20000000
      vertex 4.40703566 10.01145234 0.20000000
      vertex 4.04943328 9.96967999 0.20000000
    endloop
  endfacet
  facet normal 0.00000000 0.00000000 1.00000000
    outer loop
      vertex 4.05821125 9.88439755 0.20000000
      vertex 4.41656666 9.91885383 0.20000000
      vertex 4.40703566 10.01145234 0.20000000
    endloop
  endfacet
  facet normal 0.00000000 0.00000000 -1.00000000
    outer loop
      vertex 4.05821125 9.88439755 0.00000000
      vertex 4.04943328 9.96967999 0.00000000
      vertex 4.40703566 10.01145234 0.00000000
    endloop
  endfacet
  facet normal 0.00000000 0.00000000 -1.00000000
    outer loop
      vertex 4.05821125 9.88439755 0.00000000
      vertex 4.40703566 10.01145234 0.00000000
      vertex 4.41656666 9.91885383 0.00000000
    endloop
  endfacet
  facet normal 0.99474461 0.10238730 0.00000000
    outer loop
      vertex 4.05821125 9.88439755 0.20000000
      vertex 4.04943328 9.96967999 0.00000000
      vertex 4.04943328 9.96967999 0.20000000
    endloop
  endfacet
  facet normal 0.99474461 0.10238730 0.00000000
    outer loop
      vertex 4.05821125 9.88439755 0.20000000
      vertex 4.05821125 9.88439755 0.00000000
      vertex 4.04943328 9.96967999 0.00000000
    endloop
  endfacet
  facet normal -0.99474461 -0.10238730 0.00000000
    outer loop
      vertex 4.41656666 9.91885383 0.20000000
      vertex 4.40703566 10.01145234 0.20000000
      vertex 4.40703566 10.01145234 0.00000000
    endloop
  endfacet
  facet normal -0.99474461 -0.10238730 -0.00000000
    outer loop
      vertex 4.41656666 9.91885383 0.20000000
      vertex 4.40703566 10.01145234 0.00000000
      vertex 4.41656666 9.91885383 0.00000000
    endloop
  endfacet
  facet normal 0.00000000 -0.00000000 1.00000000
    outer loop
      vertex 4.04943328 9.96967999 0.20000000
      vertex 4.39496100 10.10380794 0.20000000
      vertex 4.03865749 10.05210093 0.20000000
    endloop
  endfacet
  facet normal 0.00000000 0.00000000 1.00000000
    outer loop
      vertex 4.04943328 9.96967999 0.20000000
      vertex 4.40703566 10.01145234 0.20000000
      vertex 4.39496100 10.10380794 0.20000000
    endloop
  endfacet
  facet normal 0.00000000 0.00000000 -1.00000000
    outer loop
      vertex 4.04943328 9.96967999 0.00000000
      vertex 4.03865749 10.05210093 0.00000000
      vertex 4.39496100 10.10380794 0.00000000
    endloop
  endfacet
  facet normal 0.00000000 0.00000000 -1.00000000
    outer loop
      vertex 4.04943328 9.96967999 0.00000000
      vertex 4.39496100 10.10380794 0.00000000
      vertex 4.40703566 10.01145234 0.00000000
    endloop
  endfacet
  facet normal 0.99156144 0.12963764 0.00000000
    outer loop
      vertex 4.04943328 9.96967999 0.20000000
      vertex 4.03865749 10.05210093 0.00000000
      vertex 4.03865749 10.05210093 0.20000000
    endloop
  endfacet
  facet normal 0.99156144 0.12963764 0.00000000
    outer loop
      vertex 4.04943328 9.96967999 0.20000000
      vertex 4.04943328 9.96967999 0.00000000
      vertex 4.03865749 10.05210093 0.00000000
    endloop
  endfacet
  facet normal -0.99156144 -0.12963764 0.00000000
    outer loop
      vertex 4.40703566 10.01145234 0.20000000
      vertex 4.39496100 10.10380794 0.20000000
      vertex 4.39496100 10.10380794 0.00000000
    endloop
  endfacet
  facet normal -0.99156144 -0.12963764 -0.00000000
    outer loop
      vertex 4.40703566 10.01145234 0.20000000
      vertex 4.39496100 10.10380794 0.00000000
      vertex 4.40703566 10.01145234 0.00000000
    endloop
  endfacet
  facet normal 0.00000000 -0.00000000 1.00000000
    outer loop
      vertex 4.03865749 10.05210093 0.20000000
      vertex 4.38045359 10.19472959 0.20000000
      vertex 4.02577298 10.13285141 0.20000000
    endloop
  endfacet
  facet normal 0.00000000 0.00000000 1.00000000
    outer loop
      vertex 4.03865749 10.05210093 0.20000000
      vertex 4.39496100 10.10380794 0.20000000
      vertex 4.38045359 10.19472959 0.20000000
    endloop
  endfacet
  facet normal 0.00000000 0.00000000 -1.00000000
    outer loop
      vertex 4.03865749 10.05210093 0.00000000
      vertex 4.02577298 10.13285141 0.00000000
      vertex 4.38045359 10.19472959 0.00000000
    endloop
  endfacet
  facet normal 0.00000000 0.00000000 -1.00000000
    outer loop
      vertex 4.03865749 10.05210093 0.00000000
      vertex 4.38045359 10.19472959 0.00000000
      vertex 4.39496100 10.10380794 0.00000000
    endloop
  endfacet
  facet normal 0.98750841 0.15756633 0.00000000
    outer loop
      vertex 4.03865749 10.05210093 0.20000000
      vertex 4.02577298 10.13285141 0.00000000
      vertex 4.02577298 10.13285141 0.20000000
    endloop
  endfacet
  facet normal 0.98750841 0.15756633 0.00000000
    outer loop
      vertex 4.03865749 10.05210093 0.20000000
      vertex 4.03865749 10.05210093 0.00000000
      vertex 4.02577298 10.13285141 0.00000000
    endloop
  endfacet
  facet normal -0.98750841 -0.15756633 0.00000000
    outer loop
      vertex 4.39496100 10.10380794 0.20000000
      vertex 4.38045359 10.19472959 0.20000000
      vertex 4.38045359 10.19472959 0.00000000
    endloop
  endfacet
  facet normal -0.98750841 -0.15756633 -0.00000000
    outer loop
      vertex 4.39496100 10.10380794 0.20000000
      vertex 4.38045359 10.19472959 0.00000000
      vertex 4.39496100 10.10380794 0.00000000
    endloop
  endfacet
  facet normal 0.00000000 -0.00000000 1.00000000
    outer loop
      vertex 4.02577298 10.13285141 0.20000000
      vertex 4.36350275 10.28420848 0.20000000
      vertex 4.01079043 10.21194023 0.20000000
    endloop
  endfacet
  facet normal 0.00000000 0.00000000 1.00000000
    outer loop
      vertex 4.02577298 10.13285141 0.20000000
      vertex 4.38045359 10.19472959 0.20000000
      vertex 4.36350275 10.28420848 0.20000000
    endloop
  endfacet
  facet normal 0.00000000 0.00000000 -1.00000000
    outer loop
      vertex 4.02577298 10.13285141 0.00000000
      vertex 4.01079043 10.21194023 0.00000000
      vertex 4.36350275 10.28420848 0.00000000
    endloop
  endfacet
  facet normal 0.00000000 0.00000000 -1.00000000
    outer loop
      vertex 4.02577298 10.13285141 0.00000000
      vertex 4.36350275 10.28420848 0.00000000
      vertex 4.38045359 10.19472959 0.00000000
    endloop
  endfacet
  facet normal 0.98252529 0.18612913 0.00000000
    outer loop
      vertex 4.02577298 10.13285141 0.20000000
      vertex 4.01079043 10.21194023 0.00000000
      vertex 4.01079043 10.21194023 0.20000000
    endloop
  endfacet
  facet normal 0.98252529 0.18612913 0.00000000
    outer loop
      vertex 4.02577298 10.13285141 0.20000000
      vertex 4.02577298 10.13285141 0.00000000
      vertex 4.01079043 10.21194023 0.00000000
    endloop
  endfacet
  facet normal -0.98252529 -0.18612913 0.00000000
    outer loop
      vertex 4.38045359 10.19472959 0.20000000
      vertex 4.36350275 10.28420848 0.20000000
      vertex 4.36350275 10.28420848 0.00000000
    endloop
  endfacet
  facet normal -0.98252529 -0.18612913 -0.00000000
    outer loop
      vertex 4.38045359 10.19472959 0.20000000
      vertex 4.36350275 10.28420848 0.00000000
      vertex 4.38045359 10.19472959 0.00000000
    endloop
  endfacet
  facet normal 0.00000000 -0.00000000 1.00000000
    outer loop
      vertex 4.01079043 10.21194023 0.20000000
      vertex 4.34409832 10.37223407 0.20000000
      vertex 3.99372000 10.28937794 0.20000000
    endloop
  endfacet
  facet normal 0.00000000 0.00000000 1.00000000
    outer loop
      vertex 4.01079043 10.21194023 0.20000000
      vertex 4.36350275 10.28420848 0.20000000
      vertex 4.34409832 10.37223407 0.20000000
    endloop
  endfacet
  facet normal 0.00000000 0.00000000 -1.00000000
    outer loop
      vertex 4.01079043 10.21194023 0.00000000
      vertex 3.99372000 10.28937794 0.00000000
      vertex 4.34409832 10.37223407 0.00000000
    endloop
  endfacet
  facet normal 0.00000000 0.00000000 -1.00000000
    outer loop
      vertex 4.01079043 10.21194023 0.00000000
      vertex 4.34409832 10.37223407 0.00000000
      vertex 4.36350275 10.28420848 0.00000000
    endloop
  endfacet
  facet normal 0.97655405 0.21527234 0.00000000
    outer loop
      vertex 4.01079043 10.21194023 0.20000000
      vertex 3.99372000 10.28937794 0.00000000
      vertex 3.99372000 10.28937794 0.20000000
    endloop
  endfacet
  facet normal 0.97655405 0.21527234 0.00000000
    outer loop
      vertex 4.01079043 10.21194023 0.20000000
      vertex 4.01079043 10.21194023 0.00000000
      vertex 3.99372000 10.28937794 0.00000000
    endloop
  endfacet
  facet normal -0.97655405 -0.21527234 0.00000000
    outer loop
      vertex 4.36350275 10.28420848 0.20000000
      vertex 4.34409832 10.37223407 0.20000000
      vertex 4.34409832 10.37223407 0.00000000
    endloop
  endfacet
  facet normal -0.97655405 -0.21527234 -0.00000000
    outer loop
      vertex 4.36350275 10.28420848 0.20000000
      vertex 4.34409832 10.37223407 0.00000000
      vertex 4.36350275 10.28420848 0.00000000
    endloop
  endfacet
  facet normal 0.00000000 -0.00000000 1.00000000
    outer loop
      vertex 3.99372000 10.28937794 0.20000000
      vertex 4.32223088 10.45879405 0.20000000
      vertex 3.97457111 10.36517685 0.20000000
    endloop
  endfacet
  facet normal 0.00000000 0.00000000 1.00000000
    outer loop
      vertex 3.99372000 10.28937794 0.20000000
      vertex 4.34409832 10.37223407 0.20000000
      vertex 4.32223088 10.45879405 0.20000000
    endloop
  endfacet
  facet normal 0.00000000 0.00000000 -1.00000000
    outer loop
      vertex 3.99372000 10.28937794 0.00000000
      vertex 3.97457111 10.36517685 0.00000000
      vertex 4.32223088 10.45879405 0.00000000
    endloop
  endfacet
  facet normal 0.00000000 0.00000000 -1.00000000
    outer loop
      vertex 3.99372000 10.28937794 0.00000000
      vertex 4.32223088 10.45879405 0.00000000
      vertex 4.34409832 10.37223407 0.00000000
    endloop
  endfacet
  facet normal 0.96954012 0.24493257 0.00000000
    outer loop
      vertex 3.99372000 10.28937794 0.20000000
      vertex 3.97457111 10.36517685 0.00000000
      vertex 3.97457111 10.36517685 0.20000000
    endloop
  endfacet
  facet normal 0.96954012 0.24493257 0.00000000
    outer loop
      vertex 3.99372000 10.28937794 0.20000000
      vertex 3.99372000 10.28937794 0.00000000
      vertex 3.97457111 10.36517685 0.00000000
    endloop
  endfacet
  facet normal -0.96954012 -0.24493257 0.00000000
    outer loop
      vertex 4.34409832 10.37223407 0.20000000
      vertex 4.32223088 10.45879405 0.20000000
      vertex 4.32223088 10.45879405 0.00000000
    endloop
  endfacet
  facet normal -0.96954012 -0.24493257 -0.00000000
    outer loop
      vertex 4.34409832 10.37223407 0.20000000
      vertex 4.32223088 10.45879405 0.00000000
      vertex 4.34409832 10.37223407 0.00000000
    endloop
  endfacet
  facet normal 0.00000000 -0.00000000 1.00000000
    outer loop
      vertex 3.97457111 10.36517685 0.20000000
      vertex 4.29789202 10.54387437 0.20000000
      vertex 3.95335217 10.43935099 0.20000000
    endloop
  endfacet
  facet normal 0.00000000 0.00000000 1.00000000
    outer loop
      vertex 3.97457111 10.36517685 0.20000000
      vertex 4.32223088 10.45879405 0.20000000
      vertex 4.29789202 10.54387437 0.20000000
    endloop
  endfacet
  facet normal 0.00000000 0.00000000 -1.00000000
    outer loop
      vertex 3.97457111 10.36517685 0.00000000
      vertex 3.95335217 10.43935099 0.00000000
      vertex 4.29789202 10.54387437 0.00000000
    endloop
  endfacet
  facet normal 0.00000000 0.00000000 -1.00000000
    outer loop
      vertex 3.97457111 10.36517685 0.00000000
      vertex 4.29789202 10.54387437 0.00000000
      vertex 4.32223088 10.45879405 0.00000000
    endloop
  endfacet
  facet normal 0.96143375 0.27503662 0.00000000
    outer loop
      vertex 3.97457111 10.36517685 0.20000000
      vertex 3.95335217 10.43935099 0.00000000
      vertex 3.95335217 10.43935099 0.20000000
    endloop
  endfacet
  facet normal 0.96143375 0.27503662 0.00000000
    outer loop
      vertex 3.97457111 10.36517685 0.20000000
      vertex 3.97457111 10.36517685 0.00000000
      vertex 3.95335217 10.43935099 0.00000000
    endloop
  endfacet
  facet normal -0.96143375 -0.27503662 0.00000000
    outer loop
      vertex 4.32223088 10.45879405 0.20000000
      vertex 4.29789202 10.54387437 0.20000000
      vertex 4.29789202 10.54387437 0.00000000
    endloop
  endfacet
  facet normal -0.96143375 -0.27503662 -0.00000000
    outer loop
      vertex 4.32223088 10.45879405 0.20000000
      vertex 4.29789202 10.54387437 0.00000000
      vertex 4.32223088 10.45879405 0.00000000
    endloop
  endfacet
  facet normal 0.00000000 -0.00000000 1.00000000
    outer loop
      vertex 3.95335217 10.43935099 0.20000000
      vertex 4.27107458 10.62745931 0.20000000
      vertex 3.93007033 10.51191612 0.20000000
    endloop
  endfacet
  facet normal 0.00000000 0.00000000 1.00000000
    outer loop
      vertex 3.95335217 10.43935099 0.20000000
      vertex 4.29789202 10.54387437 0.20000000
      vertex 4.27107458 10.62745931 0.20000000
    endloop
  endfacet
  facet normal 0.00000000 0.00000000 -1.00000000
    outer loop
      vertex 3.95335217 10.43935099 0.00000000
      vertex 3.93007033 10.51191612 0.00000000
      vertex 4.27107458 10.62745931 0.00000000
    endloop
  endfacet
  facet normal 0.00000000 0.00000000 -1.00000000
    outer loop
      vertex 3.95335217 10.43935099 0.00000000
      vertex 4.27107458 10.62745931 0.00000000
      vertex 4.29789202 10.54387437 0.00000000
    endloop
  endfacet
  facet normal 0.95219153 0.30550170 0.00000000
    outer loop
      vertex 3.95335217 10.43935099 0.20000000
      vertex 3.93007033 10.51191612 0.00000000
      vertex 3.93007033 10.51191612 0.20000000
    endloop
  endfacet
  facet normal 0.95219153 0.30550170 0.00000000
    outer loop
      vertex 3.95335217 10.43935099 0.20000000
      vertex 3.95335217 10.43935099 0.00000000
      vertex 3.93007033 10.51191612 0.00000000
    endloop
  endfacet
  facet normal -0.95219153 -0.30550170 0.00000000
    outer loop
      vertex 4.29789202 10.54387437 0.20000000
      vertex 4.27107458 10.62745931 0.20000000
      vertex 4.27107458 10.62745931 0.00000000
    endloop
  endfacet
  facet normal -0.95219153 -0.30550170 -0.00000000
    outer loop
      vertex 4.29789202 10.54387437 0.20000000
      vertex 4.27107458 10.62745931 0.00000000
      vertex 4.29789202 10.54387437 0.00000000
    endloop
  endfacet
  facet normal 0.00000000 -0.00000000 1.00000000
    outer loop
      vertex 3.93007033 10.51191612 0.20000000
      vertex 4.24177294 10.70953154 0.20000000
      vertex 3.90473122 10.58288952 0.20000000
    endloop
  endfacet
  facet normal 0.00000000 0.00000000 1.00000000
    outer loop
      vertex 3.93007033 10.51191612 0.20000000
      vertex 4.27107458 10.62745931 0.20000000
      vertex 4.24177294 10.70953154 0.20000000
    endloop
  endfacet
  facet normal 0.00000000 0.00000000 -1.00000000
    outer loop
      vertex 3.93007033 10.51191612 0.00000000
      vertex 3.90473122 10.58288952 0.00000000
      vertex 4.24177294 10.70953154 0.00000000
    endloop
  endfacet
  facet normal 0.00000000 0.00000000 -1.00000000
    outer loop
      vertex 3.93007033 10.51191612 0.00000000
      vertex 4.24177294 10.70953154 0.00000000
      vertex 4.27107458 10.62745931 0.00000000
    endloop
  endfacet
  facet normal 0.94177779 0.33623593 0.00000000
    outer loop
      vertex 3.93007033 10.51191612 0.20000000
      vertex 3.90473122 10.58288952 0.00000000
      vertex 3.90473122 10.58288952 0.20000000
    endloop
  endfacet
  facet normal 0.94177779 0.33623593 0.00000000
    outer loop
      vertex 3.93007033 10.51191612 0.20000000
      vertex 3.93007033 10.51191612 0.00000000
      vertex 3.90473122 10.58288952 0.00000000
    endloop
  endfacet
  facet normal -0.94177779 -0.33623593 0.00000000
    outer loop
      vertex 4.27107458 10.62745931 0.20000000
      vertex 4.24177294 10.70953154 0.20000000
      vertex 4.24177294 10.70953154 0.00000000
    endloop
  endfacet
  facet normal -0.94177779 -0.33623593 -0.00000000
    outer loop
      vertex 4.27107458 10.62745931 0.20000000
      vertex 4.24177294 10.70953154 0.00000000
      vertex 4.27107458 10.62745931 0.00000000
    endloop
  endfacet
  facet normal 0.00000000 -0.00000000 1.00000000
    outer loop
      vertex 3.90473122 10.58288952 0.20000000
      vertex 4.20998325 10.79007237 0.20000000
      vertex 3.87733869 10.65228992 0.20000000
    endloop
  endfacet
  facet normal 0.00000000 0.00000000 1.00000000
    outer loop
      vertex 3.90473122 10.58288952 0.20000000
      vertex 4.24177294 10.70953154 0.20000000
      vertex 4.20998325 10.79007237 0.20000000
    endloop
  endfacet
  facet normal 0.00000000 0.00000000 -1.00000000
    outer loop
      vertex 3.90473122 10.58288952 0.00000000
      vertex 3.87733869 10.65228992 0.00000000
      vertex 4.20998325 10.79007237 0.00000000
    endloop
  endfacet
  facet normal 0.00000000 0.00000000 -1.00000000
    outer loop
      vertex 3.90473122 10.58288952 0.00000000
      vertex 4.20998325 10.79007237 0.00000000
      vertex 4.24177294 10.70953154 0.00000000
    endloop
  endfacet
  facet normal 0.93016604 0.36713913 0.00000000
    outer loop
      vertex 3.90473122 10.58288952 0.20000000
      vertex 3.87733869 10.65228992 0.00000000
      vertex 3.87733869 10.65228992 0.20000000
    endloop
  endfacet
  facet normal 0.93016604 0.36713913 0.00000000
    outer loop
      vertex 3.90473122 10.58288952 0.20000000
      vertex 3.90473122 10.58288952 0.00000000
      vertex 3.87733869 10.65228992 0.00000000
    endloop
  endfacet
  facet normal -0.93016604 -0.36713913 0.00000000
    outer loop
      vertex 4.24177294 10.70953154 0.20000000
      vertex 4.20998325 10.79007237 0.20000000
      vertex 4.20998325 10.79007237 0.00000000
    endloop
  endfacet
  facet normal -0.93016604 -0.36713913 -0.00000000
    outer loop
      vertex 4.24177294 10.70953154 0.20000000
      vertex 4.20998325 10.79007237 0.00000000
      vertex 4.24177294 10.70953154 0.00000000
    endloop
  endfacet
  facet normal 0.00000000 -0.00000000 1.00000000
    outer loop
      vertex 3.87733869 10.65228992 0.20000000
      vertex 4.17570366 10.86906191 0.20000000
      vertex 3.84789459 10.72013719 0.20000000
    endloop
  endfacet
  facet normal 0.00000000 0.00000000 1.00000000
    outer loop
      vertex 3.87733869 10.65228992 0.20000000
      vertex 4.20998325 10.79007237 0.20000000
      vertex 4.17570366 10.86906191 0.20000000
    endloop
  endfacet
  facet normal 0.00000000 0.00000000 -1.00000000
    outer loop
      vertex 3.87733869 10.65228992 0.00000000
      vertex 3.84789459 10.72013719 0.00000000
      vertex 4.17570366 10.86906191 0.00000000
    endloop
  endfacet
  facet normal 0.00000000 0.00000000 -1.00000000
    outer loop
      vertex 3.87733869 10.65228992 0.00000000
      vertex 4.17570366 10.86906191 0.00000000
      vertex 4.20998325 10.79007237 0.00000000
    endloop
  endfacet
  facet normal 0.91734032 0.39810393 0.00000000
    outer loop
      vertex 3.87733869 10.65228992 0.20000000
      vertex 3.84789459 10.72013719 0.00000000
      vertex 3.84789459 10.72013719 0.20000000
    endloop
  endfacet
  facet normal 0.91734032 0.39810393 0.00000000
    outer loop
      vertex 3.87733869 10.65228992 0.20000000
      vertex 3.87733869 10.65228992 0.00000000
      vertex 3.84789459 10.72013719 0.00000000
    endloop
  endfacet
  facet normal -0.91734032 -0.39810393 0.00000000
    outer loop
      vertex 4.20998325 10.79007237 0.20000000
      vertex 4.17570366 10.86906191 0.20000000
      vertex 4.17570366 10.86906191 0.00000000
    endloop
  endfacet
  facet normal -0.91734032 -0.39810393 -0.00000000
    outer loop
      vertex 4.20998325 10.79007237 0.20000000
      vertex 4.17570366 10.86906191 0.00000000
      vertex 4.20998325 10.79007237 0.00000000
    endloop
  endfacet
  facet normal 0.00000000 -0.00000000 1.00000000
    outer loop
      vertex 3.84789459 10.72013719 0.20000000
      vertex 4.13893451 10.94647942 0.20000000
      vertex 3.81639858 10.78645208 0.20000000
    endloop
  endfacet
  facet normal 0.00000000 0.00000000 1.00000000
    outer loop
      vertex 3.84789459 10.72013719 0.20000000
      vertex 4.17570366 10.86906191 0.20000000
      vertex 4.13893451 10.94647942 0.20000000
    endloop
  endfacet
  facet normal 0.00000000 0.00000000 -1.00000000
    outer loop
      vertex 3.84789459 10.72013719 0.00000000
      vertex 3.81639858 10.78645208 0.00000000
      vertex 4.13893451 10.94647942 0.00000000
    endloop
  endfacet
  facet normal 0.00000000 0.00000000 -1.00000000
    outer loop
      vertex 3.84789459 10.72013719 0.00000000
      vertex 4.13893451 10.94647942 0.00000000
      vertex 4.17570366 10.86906191 0.00000000
    endloop
  endfacet
  facet normal 0.90329632 0.42901721 0.00000000
    outer loop
      vertex 3.84789459 10.72013719 0.20000000
      vertex 3.81639858 10.78645208 0.00000000
      vertex 3.81639858 10.78645208 0.20000000
    endloop
  endfacet
  facet normal 0.90329632 0.42901721 0.00000000
    outer loop
      vertex 3.84789459 10.72013719 0.20000000
      vertex 3.84789459 10.72013719 0.00000000
      vertex 3.81639858 10.78645208 0.00000000
    endloop
  endfacet
  facet normal -0.90329632 -0.42901721 0.00000000
    outer loop
      vertex 4.17570366 10.86906191 0.20000000
      vertex 4.13893451 10.94647942 0.20000000
      vertex 4.13893451 10.94647942 0.00000000
    endloop
  endfacet
  facet normal -0.90329632 -0.42901721 -0.00000000
    outer loop
      vertex 4.17570366 10.86906191 0.20000000
      vertex 4.13893451 10.94647942 0.00000000
      vertex 4.17570366 10.86906191 0.00000000
    endloop
  endfacet
  facet normal 0.00000000 -0.00000000 1.00000000
    outer loop
      vertex 3.81639858 10.78645208 0.20000000
      vertex 4.09967844 11.02230357 0.20000000
      vertex 3.78284801 10.85125591 0.20000000
    endloop
  endfacet
  facet normal 0.00000000 0.00000000 1.00000000
    outer loop
      vertex 3.81639858 10.78645208 0.20000000
      vertex 4.13893451 10.94647942 0.20000000
      vertex 4.09967844 11.02230357 0.20000000
    endloop
  endfacet
  facet normal 0.00000000 0.00000000 -1.00000000
    outer loop
      vertex 3.81639858 10.78645208 0.00000000
      vertex 3.78284801 10.85125591 0.00000000
      vertex 4.09967844 11.02230357 0.00000000
    endloop
  endfacet
  facet normal 0.00000000 0.00000000 -1.00000000
    outer loop
      vertex 3.81639858 10.78645208 0.00000000
      vertex 4.09967844 11.02230357 0.00000000
      vertex 4.13893451 10.94647942 0.00000000
    endloop
  endfacet
  facet normal 0.88804229 0.45976178 0.00000000
    outer loop
      vertex 3.81639858 10.78645208 0.20000000
      vertex 3.78284801 10.85125591 0.00000000
      vertex 3.78284801 10.85125591 0.20000000
    endloop
  endfacet
  facet normal 0.88804229 0.45976178 0.00000000
    outer loop
      vertex 3.81639858 10.78645208 0.20000000
      vertex 3.81639858 10.78645208 0.00000000
      vertex 3.78284801 10.85125591 0.00000000
    endloop
  endfacet
  facet normal -0.88804229 -0.45976178 0.00000000
    outer loop
      vertex 4.13893451 10.94647942 0.20000000
      vertex 4.09967844 11.02230357 0.20000000
      vertex 4.09967844 11.02230357 0.00000000
    endloop
  endfacet
  facet normal -0.88804229 -0.45976178 -0.00000000
    outer loop
      vertex 4.13893451 10.94647942 0.20000000
      vertex 4.09967844 11.02230357 0.00000000
      vertex 4.13893451 10.94647942 0.00000000
    endloop
  endfacet
  facet normal 0.00000000 -0.00000000 1.00000000
    outer loop
      vertex 3.78284801 10.85125591 0.20000000
      vertex 4.05794052 11.09651286 0.20000000
      vertex 3.74723782 10.91457018 0.20000000
    endloop
  endfacet
  facet normal 0.00000000 0.00000000 1.00000000
    outer loop
      vertex 3.78284801 10.85125591 0.20000000
      vertex 4.09967844 11.02230357 0.20000000
      vertex 4.05794052 11.09651286 0.20000000
    endloop
  endfacet
  facet normal 0.00000000 0.00000000 -1.00000000
    outer loop
      vertex 3.78284801 10.85125591 0.00000000
      vertex 3.74723782 10.91457018 0.00000000
      vertex 4.05794052 11.09651286 0.00000000
    endloop
  endfacet
  facet normal 0.00000000 0.00000000 -1.00000000
    outer loop
      vertex 3.78284801 10.85125591 0.00000000
      vertex 4.05794052 11.09651286 0.00000000
      vertex 4.09967844 11.02230357 0.00000000
    endloop
  endfacet
  facet normal 0.87159963 0.49021840 0.00000000
    outer loop
      vertex 3.78284801 10.85125591 0.20000000
      vertex 3.74723782 10.91457018 0.00000000
      vertex 3.74723782 10.91457018 0.20000000
    endloop
  endfacet
  facet normal 0.87159963 0.49021840 0.00000000
    outer loop
      vertex 3.78284801 10.85125591 0.20000000
      vertex 3.78284801 10.85125591 0.00000000
      vertex 3.74723782 10.91457018 0.00000000
    endloop
  endfacet
  facet normal -0.87159963 -0.49021840 0.00000000
    outer loop
      vertex 4.09967844 11.02230357 0.20000000
      vertex 4.05794052 11.09651286 0.20000000
      vertex 4.05794052 11.09651286 0.00000000
    endloop
  endfacet
  facet normal -0.87159963 -0.49021840 -0.00000000
    outer loop
      vertex 4.09967844 11.02230357 0.20000000
      vertex 4.05794052 11.09651286 0.00000000
      vertex 4.09967844 11.02230357 0.00000000
    endloop
  endfacet
  facet normal 0.00000000 -0.00000000 1.00000000
    outer loop
      vertex 3.74723782 10.91457018 0.20000000
      vertex 4.01372819 11.16908600 0.20000000
      vertex 3.70956057 10.97641620 0.20000000
    endloop
  endfacet
  facet normal 0.00000000 0.00000000 1.00000000
    outer loop
      vertex 3.74723782 10.91457018 0.20000000
      vertex 4.05794052 11.09651286 0.20000000
      vertex 4.01372819 11.16908600 0.20000000
    endloop
  endfacet
  facet normal 0.00000000 0.00000000 -1.00000000
    outer loop
      vertex 3.74723782 10.91457018 0.00000000
      vertex 3.70956057 10.97641620 0.00000000
      vertex 4.01372819 11.16908600 0.00000000
    endloop
  endfacet
  facet normal 0.00000000 0.00000000 -1.00000000
    outer loop
      vertex 3.74723782 10.91457018 0.00000000
      vertex 4.01372819 11.16908600 0.00000000
      vertex 4.05794052 11.09651286 0.00000000
    endloop
  endfacet
  facet normal 0.85400316 0.52026782 0.00000000
    outer loop
      vertex 3.74723782 10.91457018 0.20000000
      vertex 3.70956057 10.97641620 0.00000000
      vertex 3.70956057 10.97641620 0.20000000
    endloop
  endfacet
  facet normal 0.85400316 0.52026782 0.00000000
    outer loop
      vertex 3.74723782 10.91457018 0.20000000
      vertex 3.74723782 10.91457018 0.00000000
      vertex 3.70956057 10.97641620 0.00000000
    endloop
  endfacet
  facet normal -0.85400316 -0.52026782 0.00000000
    outer loop
      vertex 4.05794052 11.09651286 0.20000000
      vertex 4.01372819 11.16908600 0.20000000
      vertex 4.01372819 11.16908600 0.00000000
    endloop
  endfacet
  facet normal -0.85400316 -0.52026782 -0.00000000
    outer loop
      vertex 4.05794052 11.09651286 0.20000000
      vertex 4.01372819 11.16908600 0.00000000
      vertex 4.05794052 11.09651286 0.00000000
    endloop
  endfacet
  facet normal 0.00000000 -0.00000000 1.00000000
    outer loop
      vertex 3.70956057 10.97641620 0.20000000
      vertex 3.96705125 11.24000230 0.20000000
      vertex 3.66980646 11.03681464 0.20000000
    endloop
  endfacet
  facet normal 0.00000000 0.00000000 1.00000000
    outer loop
      vertex 3.70956057 10.97641620 0.20000000
      vertex 4.01372819 11.16908600 0.20000000
      vertex 3.96705125 11.24000230 0.20000000
    endloop
  endfacet
  facet normal 0.00000000 0.00000000 -1.00000000
    outer loop
      vertex 3.70956057 10.97641620 0.00000000
      vertex 3.66980646 11.03681464 0.00000000
      vertex 3.96705125 11.24000230 0.00000000
    endloop
  endfacet
  facet normal 0.00000000 0.00000000 -1.00000000
    outer loop
      vertex 3.70956057 10.97641620 0.00000000
      vertex 3.96705125 11.24000230 0.00000000
      vertex 4.01372819 11.16908600 0.00000000
    endloop
  endfacet
  facet normal 0.83530088 0.54979308 0.00000000
    outer loop
      vertex 3.70956057 10.97641620 0.20000000
      vertex 3.66980646 11.03681464 0.00000000
      vertex 3.66980646 11.03681464 0.20000000
    endloop
  endfacet
  facet normal 0.83530088 0.54979308 0.00000000
    outer loop
      vertex 3.70956057 10.97641620 0.20000000
      vertex 3.70956057 10.97641620 0.00000000
      vertex 3.66980646 11.03681464 0.00000000
    endloop
  endfacet
  facet normal -0.83530088 -0.54979308 0.00000000
    outer loop
      vertex 4.01372819 11.16908600 0.20000000
      vertex 3.96705125 11.24000230 0.20000000
      vertex 3.96705125 11.24000230 0.00000000
    endloop
  endfacet
  facet normal -0.83530088 -0.54979308 -0.00000000
    outer loop
      vertex 4.01372819 11.16908600 0.20000000
      vertex 3.96705125 11.24000230 0.00000000
      vertex 4.01372819 11.16908600 0.00000000
    endloop
  endfacet
  facet normal 0.00000000 -0.00000000 1.00000000
    outer loop
      vertex 3.66980646 11.03681464 0.20000000
      vertex 3.91792169 11.30924206 0.20000000
      vertex 3.62796349 11.09578520 0.20000000
    endloop
  endfacet
  facet normal 0.00000000 0.00000000 1.00000000
    outer loop
      vertex 3.66980646 11.03681464 0.20000000
      vertex 3.96705125 11.24000230 0.20000000
      vertex 3.91792169 11.30924206 0.20000000
    endloop
  endfacet
  facet normal 0.00000000 0.00000000 -1.00000000
    outer loop
      vertex 3.66980646 11.03681464 0.00000000
      vertex 3.62796349 11.09578520 0.00000000
      vertex 3.91792169 11.30924206 0.00000000
    endloop
  endfacet
  facet normal 0.00000000 0.00000000 -1.00000000
    outer loop
      vertex 3.66980646 11.03681464 0.00000000
      vertex 3.91792169 11.30924206 0.00000000
      vertex 3.96705125 11.24000230 0.00000000
    endloop
  endfacet
  facet normal 0.81555352 0.57868166 0.00000000
    outer loop
      vertex 3.66980646 11.03681464 0.20000000
      vertex 3.62796349 11.09578520 0.00000000
      vertex 3.62796349 11.09578520 0.20000000
    endloop
  endfacet
  facet normal 0.81555352 0.57868166 0.00000000
    outer loop
      vertex 3.66980646 11.03681464 0.20000000
      vertex 3.66980646 11.03681464 0.00000000
      vertex 3.62796349 11.09578520 0.00000000
    endloop
  endfacet
  facet normal -0.81555352 -0.57868166 0.00000000
    outer loop
      vertex 3.96705125 11.24000230 0.20000000
      vertex 3.91792169 11.30924206 0.20000000
      vertex 3.91792169 11.30924206 0.00000000
    endloop
  endfacet
  facet normal -0.81555352 -0.57868166 -0.00000000
    outer loop
      vertex 3.96705125 11.24000230 0.20000000
      vertex 3.91792169 11.30924206 0.00000000
      vertex 3.96705125 11.24000230 0.00000000
    endloop
  endfacet
  facet normal 0.00000000 -0.00000000 1.00000000
    outer loop
      vertex 3.62796349 11.09578520 0.20000000
      vertex 3.86635352 11.37678696 0.20000000
      vertex 3.58401767 11.15334621 0.20000000
    endloop
  endfacet
  facet normal 0.00000000 0.00000000 1.00000000
    outer loop
      vertex 3.62796349 11.09578520 0.20000000
      vertex 3.91792169 11.30924206 0.20000000
      vertex 3.86635352 11.37678696 0.20000000
    endloop
  endfacet
  facet normal 0.00000000 0.00000000 -1.00000000
    outer loop
      vertex 3.62796349 11.09578520 0.00000000
      vertex 3.58401767 11.15334621 0.00000000
      vertex 3.86635352 11.37678696 0.00000000
    endloop
  endfacet
  facet normal 0.00000000 0.00000000 -1.00000000
    outer loop
      vertex 3.62796349 11.09578520 0.00000000
      vertex 3.86635352 11.37678696 0.00000000
      vertex 3.91792169 11.30924206 0.00000000
    endloop
  endfacet
  facet normal 0.79483347 0.60682762 0.00000000
    outer loop
      vertex 3.62796349 11.09578520 0.20000000
      vertex 3.58401767 11.15334621 0.00000000
      vertex 3.58401767 11.15334621 0.20000000
    endloop
  endfacet
  facet normal 0.79483347 0.60682762 0.00000000
    outer loop
      vertex 3.62796349 11.09578520 0.20000000
      vertex 3.62796349 11.09578520 0.00000000
      vertex 3.58401767 11.15334621 0.00000000
    endloop
  endfacet
  facet normal -0.79483347 -0.60682762 0.00000000
    outer loop
      vertex 3.91792169 11.30924206 0.20000000
      vertex 3.86635352 11.37678696 0.20000000
      vertex 3.86635352 11.37678696 0.00000000
    endloop
  endfacet
  facet normal -0.79483347 -0.60682762 -0.00000000
    outer loop
      vertex 3.91792169 11.30924206 0.20000000
      vertex 3.86635352 11.37678696 0.00000000
      vertex 3.91792169 11.30924206 0.00000000
    endloop
  endfacet
  facet normal 0.00000000 -0.00000000 1.00000000
    outer loop
      vertex 3.58401767 11.15334621 0.20000000
      vertex 3.81236244 11.44262036 0.20000000
      vertex 3.53795328 11.20951430 0.20000000
    endloop
  endfacet
  facet normal 0.00000000 0.00000000 1.00000000
    outer loop
      vertex 3.58401767 11.15334621 0.20000000
      vertex 3.86635352 11.37678696 0.20000000
      vertex 3.81236244 11.44262036 0.20000000
    endloop
  endfacet
  facet normal 0.00000000 0.00000000 -1.00000000
    outer loop
      vertex 3.58401767 11.15334621 0.00000000
      vertex 3.53795328 11.20951430 0.00000000
      vertex 3.81236244 11.44262036 0.00000000
    endloop
  endfacet
  facet normal 0.00000000 0.00000000 -1.00000000
    outer loop
      vertex 3.58401767 11.15334621 0.00000000
      vertex 3.81236244 11.44262036 0.00000000
      vertex 3.86635352 11.37678696 0.00000000
    endloop
  endfacet
  facet normal 0.77322353 0.63413356 0.00000000
    outer loop
      vertex 3.58401767 11.15334621 0.20000000
      vertex 3.53795328 11.20951430 0.00000000
      vertex 3.53795328 11.20951430 0.20000000
    endloop
  endfacet
  facet normal 0.77322353 0.63413356 0.00000000
    outer loop
      vertex 3.58401767 11.15334621 0.20000000
      vertex 3.58401767 11.15334621 0.00000000
      vertex 3.53795328 11.20951430 0.00000000
    endloop
  endfacet
  facet normal -0.77322353 -0.63413356 0.00000000
    outer loop
      vertex 3.86635352 11.37678696 0.20000000
      vertex 3.81236244 11.44262036 0.20000000
      vertex 3.81236244 11.44262036 0.00000000
    endloop
  endfacet
  facet normal -0.77322353 -0.63413356 -0.00000000
    outer loop
      vertex 3.86635352 11.37678696 0.20000000
      vertex 3.81236244 11.44262036 0.00000000
      vertex 3.86635352 11.37678696 0.00000000
    endloop
  endfacet
  facet normal 0.00000000 -0.00000000 1.00000000
    outer loop
      vertex 3.53795328 11.20951430 0.20000000
      vertex 3.75596560 11.50672759 0.20000000
      vertex 3.48975318 11.26430415 0.20000000
    endloop
  endfacet
  facet normal 0.00000000 0.00000000 1.00000000
    outer loop
      vertex 3.53795328 11.20951430 0.20000000
      vertex 3.81236244 11.44262036 0.20000000
      vertex 3.75596560 11.50672759 0.20000000
    endloop
  endfacet
  facet normal 0.00000000 0.00000000 -1.00000000
    outer loop
      vertex 3.53795328 11.20951430 0.00000000
      vertex 3.48975318 11.26430415 0.00000000
      vertex 3.75596560 11.50672759 0.00000000
    endloop
  endfacet
  facet normal 0.00000000 0.00000000 -1.00000000
    outer loop
      vertex 3.53795328 11.20951430 0.00000000
      vertex 3.75596560 11.50672759 0.00000000
      vertex 3.81236244 11.44262036 0.00000000
    endloop
  endfacet
  facet normal 0.75081526 0.66051226 0.00000000
    outer loop
      vertex 3.53795328 11.20951430 0.20000000
      vertex 3.48975318 11.26430415 0.00000000
      vertex 3.48975318 11.26430415 0.20000000
    endloop
  endfacet
  facet normal 0.75081526 0.66051226 0.00000000
    outer loop
      vertex 3.53795328 11.20951430 0.20000000
      vertex 3.53795328 11.20951430 0.00000000
      vertex 3.48975318 11.26430415 0.00000000
    endloop
  endfacet
  facet normal -0.75081526 -0.66051226 0.00000000
    outer loop
      vertex 3.81236244 11.44262036 0.20000000
      vertex 3.75596560 11.50672759 0.20000000
      vertex 3.75596560 11.50672759 0.00000000
    endloop
  endfacet
  facet normal -0.75081526 -0.66051226 -0.00000000
    outer loop
      vertex 3.81236244 11.44262036 0.20000000
      vertex 3.75596560 11.50672759 0.00000000
      vertex 3.81236244 11.44262036 0.00000000
    endloop
  endfacet
  facet normal 0.00000000 -0.00000000 1.00000000
    outer loop
      vertex 3.48975318 11.26430415 0.20000000
      vertex 3.69718119 11.56909613 0.20000000
      vertex 3.43939917 11.31772828 0.20000000
    endloop
  endfacet
  facet normal 0.00000000 0.00000000 1.00000000
    outer loop
      vertex 3.48975318 11.26430415 0.20000000
      vertex 3.75596560 11.50672759 0.20000000
      vertex 3.69718119 11.56909613 0.20000000
    endloop
  endfacet
  facet normal 0.00000000 0.00000000 -1.00000000
    outer loop
      vertex 3.48975318 11.26430415 0.00000000
      vertex 3.43939917 11.31772828 0.00000000
      vertex 3.69718119 11.56909613 0.00000000
    endloop
  endfacet
  facet normal 0.00000000 0.00000000 -1.00000000
    outer loop
      vertex 3.48975318 11.26430415 0.00000000
      vertex 3.69718119 11.56909613 0.00000000
      vertex 3.75596560 11.50672759 0.00000000
    endloop
  endfacet
  facet normal 0.72770712 0.68588800 0.00000000
    outer loop
      vertex 3.48975318 11.26430415 0.20000000
      vertex 3.43939917 11.31772828 0.00000000
      vertex 3.43939917 11.31772828 0.20000000
    endloop
  endfacet
  facet normal 0.72770712 0.68588800 0.00000000
    outer loop
      vertex 3.48975318 11.26430415 0.20000000
      vertex 3.48975318 11.26430415 0.00000000
      vertex 3.43939917 11.31772828 0.00000000
    endloop
  endfacet
  facet normal -0.72770712 -0.68588800 0.00000000
    outer loop
      vertex 3.75596560 11.50672759 0.20000000
      vertex 3.69718119 11.56909613 0.20000000
      vertex 3.69718119 11.56909613 0.00000000
    endloop
  endfacet
  facet normal -0.72770712 -0.68588800 -0.00000000
    outer loop
      vertex 3.75596560 11.50672759 0.20000000
      vertex 3.69718119 11.56909613 0.00000000
      vertex 3.75596560 11.50672759 0.00000000
    endloop
  endfacet
  facet normal 0.00000000 -0.00000000 1.00000000
    outer loop
      vertex 3.43939917 11.31772828 0.20000000
      vertex 3.63602812 11.62971576 0.20000000
      vertex 3.38687236 11.36979690 0.20000000
    endloop
  endfacet
  facet normal 0.00000000 0.00000000 1.00000000
    outer loop
      vertex 3.43939917 11.31772828 0.20000000
      vertex 3.69718119 11.56909613 0.20000000
      vertex 3.63602812 11.62971576 0.20000000
    endloop
  endfacet
  facet normal 0.00000000 0.00000000 -1.00000000
    outer loop
      vertex 3.43939917 11.31772828 0.00000000
      vertex 3.38687236 11.36979690 0.00000000
      vertex 3.63602812 11.62971576 0.00000000
    endloop
  endfacet
  facet normal 0.00000000 0.00000000 -1.00000000
    outer loop
      vertex 3.43939917 11.31772828 0.00000000
      vertex 3.63602812 11.62971576 0.00000000
      vertex 3.69718119 11.56909613 0.00000000
    endloop
  endfacet
  facet normal 0.70400246 0.71019754 0.00000000
    outer loop
      vertex 3.43939917 11.31772828 0.20000000
      vertex 3.38687236 11.36979690 0.00000000
      vertex 3.38687236 11.36979690 0.20000000
    endloop
  endfacet
  facet normal 0.70400246 0.71019754 0.00000000
    outer loop
      vertex 3.43939917 11.31772828 0.20000000
      vertex 3.43939917 11.31772828 0.00000000
      vertex 3.38687236 11.36979690 0.00000000
    endloop
  endfacet
  facet normal -0.70400246 -0.71019754 0.00000000
    outer loop
      vertex 3.69718119 11.56909613 0.20000000
      vertex 3.63602812 11.62971576 0.20000000
      vertex 3.63602812 11.62971576 0.00000000
    endloop
  endfacet
  facet normal -0.70400246 -0.71019754 -0.00000000
    outer loop
      vertex 3.69718119 11.56909613 0.20000000
      vertex 3.63602812 11.62971576 0.00000000
      vertex 3.69718119 11.56909613 0.00000000
    endloop
  endfacet
  facet normal 0.00000000 -0.00000000 1.00000000
    outer loop
      vertex 3.38687236 11.36979690 0.20000000
      vertex 3.57252560 11.68857865 0.20000000
      vertex 3.33215353 11.42051785 0.20000000
    endloop
  endfacet
  facet normal 0.00000000 0.00000000 1.00000000
    outer loop
      vertex 3.38687236 11.36979690 0.20000000
      vertex 3.63602812 11.62971576 0.20000000
      vertex 3.57252560 11.68857865 0.20000000
    endloop
  endfacet
  facet normal 0.00000000 0.00000000 -1.00000000
    outer loop
      vertex 3.38687236 11.36979690 0.00000000
      vertex 3.33215353 11.42051785 0.00000000
      vertex 3.57252560 11.68857865 0.00000000
    endloop
  endfacet
  facet normal 0.00000000 0.00000000 -1.00000000
    outer loop
      vertex 3.38687236 11.36979690 0.00000000
      vertex 3.57252560 11.68857865 0.00000000
      vertex 3.63602812 11.62971576 0.00000000
    endloop
  endfacet
  facet normal 0.67980745 0.73339064 0.00000000
    outer loop
      vertex 3.38687236 11.36979690 0.20000000
      vertex 3.33215353 11.42051785 0.00000000
      vertex 3.33215353 11.42051785 0.20000000
    endloop
  endfacet
  facet normal 0.67980745 0.73339064 0.00000000
    outer loop
      vertex 3.38687236 11.36979690 0.20000000
      vertex 3.38687236 11.36979690 0.00000000
      vertex 3.33215353 11.42051785 0.00000000
    endloop
  endfacet
  facet normal -0.67980745 -0.73339064 0.00000000
    outer loop
      vertex 3.63602812 11.62971576 0.20000000
      vertex 3.57252560 11.68857865 0.20000000
      vertex 3.57252560 11.68857865 0.00000000
    endloop
  endfacet
  facet normal -0.67980745 -0.73339064 -0.00000000
    outer loop
      vertex 3.63602812 11.62971576 0.20000000
      vertex 3.57252560 11.68857865 0.00000000
      vertex 3.63602812 11.62971576 0.00000000
    endloop
  endfacet
  facet normal 0.00000000 -0.00000000 1.00000000
    outer loop
      vertex 3.33215353 11.42051785 0.20000000
      vertex 3.50669282 11.74567929 0.20000000
      vertex 3.27522348 11.46989663 0.20000000
    endloop
  endfacet
  facet normal 0.00000000 0.00000000 1.00000000
    outer loop
      vertex 3.33215353 11.42051785 0.20000000
      vertex 3.57252560 11.68857865 0.20000000
      vertex 3.50669282 11.74567929 0.20000000
    endloop
  endfacet
  facet normal 0.00000000 0.00000000 -1.00000000
    outer loop
      vertex 3.33215353 11.42051785 0.00000000
      vertex 3.27522348 11.46989663 0.00000000
      vertex 3.50669282 11.74567929 0.00000000
    endloop
  endfacet
  facet normal 0.00000000 0.00000000 -1.00000000
    outer loop
      vertex 3.33215353 11.42051785 0.00000000
      vertex 3.50669282 11.74567929 0.00000000
      vertex 3.57252560 11.68857865 0.00000000
    endloop
  endfacet
  facet normal 0.65522908 0.75543024 0.00000000
    outer loop
      vertex 3.33215353 11.42051785 0.20000000
      vertex 3.27522348 11.46989663 0.00000000
      vertex 3.27522348 11.46989663 0.20000000
    endloop
  endfacet
  facet normal 0.65522908 0.75543024 0.00000000
    outer loop
      vertex 3.33215353 11.42051785 0.20000000
      vertex 3.33215353 11.42051785 0.00000000
      vertex 3.27522348 11.46989663 0.00000000
    endloop
  endfacet
  facet normal -0.65522908 -0.75543024 0.00000000
    outer loop
      vertex 3.57252560 11.68857865 0.20000000
      vertex 3.50669282 11.74567929 0.20000000
      vertex 3.50669282 11.74567929 0.00000000
    endloop
  endfacet
  facet normal -0.65522908 -0.75543024 -0.00000000
    outer loop
      vertex 3.57252560 11.68857865 0.20000000
      vertex 3.50669282 11.74567929 0.00000000
      vertex 3.57252560 11.68857865 0.00000000
    endloop
  endfacet
  facet normal 0.00000000 -0.00000000 1.00000000
    outer loop
      vertex 3.27522348 11.46989663 0.20000000
      vertex 3.43854861 11.80101448 0.20000000
      vertex 3.21606338 11.51793645 0.20000000
    endloop
  endfacet
  facet normal 0.00000000 0.00000000 1.00000000
    outer loop
      vertex 3.27522348 11.46989663 0.20000000
      vertex 3.50669282 11.74567929 0.20000000
      vertex 3.43854861 11.80101448 0.20000000
    endloop
  endfacet
  facet normal 0.00000000 0.00000000 -1.00000000
    outer loop
      vertex 3.27522348 11.46989663 0.00000000
      vertex 3.21606338 11.51793645 0.00000000
      vertex 3.43854861 11.80101448 0.00000000
    endloop
  endfacet
  facet normal 0.00000000 0.00000000 -1.00000000
    outer loop
      vertex 3.27522348 11.46989663 0.00000000
      vertex 3.43854861 11.80101448 0.00000000
      vertex 3.50669282 11.74567929 0.00000000
    endloop
  endfacet
  facet normal 0.63037318 0.77629225 0.00000000
    outer loop
      vertex 3.27522348 11.46989663 0.20000000
      vertex 3.21606338 11.51793645 0.00000000
      vertex 3.21606338 11.51793645 0.20000000
    endloop
  endfacet
  facet normal 0.63037318 0.77629225 0.00000000
    outer loop
      vertex 3.27522348 11.46989663 0.20000000
      vertex 3.27522348 11.46989663 0.00000000
      vertex 3.21606338 11.51793645 0.00000000
    endloop
  endfacet
  facet normal -0.63037318 -0.77629225 0.00000000
    outer loop
      vertex 3.50669282 11.74567929 0.20000000
      vertex 3.43854861 11.80101448 0.20000000
      vertex 3.43854861 11.80101448 0.00000000
    endloop
  endfacet
  facet normal -0.63037318 -0.77629225 -0.00000000
    outer loop
      vertex 3.50669282 11.74567929 0.20000000
      vertex 3.43854861 11.80101448 0.00000000
      vertex 3.50669282 11.74567929 0.00000000
    endloop
  endfacet
  facet normal 0.00000000 -0.00000000 1.00000000
    outer loop
      vertex 3.21606338 11.51793645 0.20000000
      vertex 3.36811115 11.85458317 0.20000000
      vertex 3.15465507 11.56463835 0.20000000
    endloop
  endfacet
  facet normal 0.00000000 0.00000000 1.00000000
    outer loop
      vertex 3.21606338 11.51793645 0.20000000
      vertex 3.43854861 11.80101448 0.20000000
      vertex 3.36811115 11.85458317 0.20000000
    endloop
  endfacet
  facet normal 0.00000000 0.00000000 -1.00000000
    outer loop
      vertex 3.21606338 11.51793645 0.00000000
      vertex 3.15465507 11.56463835 0.00000000
      vertex 3.36811115 11.85458317 0.00000000
    endloop
  endfacet
  facet normal 0.00000000 0.00000000 -1.00000000
    outer loop
      vertex 3.21606338 11.51793645 0.00000000
      vertex 3.36811115 11.85458317 0.00000000
      vertex 3.43854861 11.80101448 0.00000000
    endloop
  endfacet
  facet normal 0.60534271 0.79596495 0.00000000
    outer loop
      vertex 3.21606338 11.51793645 0.20000000
      vertex 3.15465507 11.56463835 0.00000000
      vertex 3.15465507 11.56463835 0.20000000
    endloop
  endfacet
  facet normal 0.60534271 0.79596495 0.00000000
    outer loop
      vertex 3.21606338 11.51793645 0.20000000
      vertex 3.21606338 11.51793645 0.00000000
      vertex 3.15465507 11.56463835 0.00000000
    endloop
  endfacet
  facet normal -0.60534271 -0.79596495 0.00000000
    outer loop
      vertex 3.43854861 11.80101448 0.20000000
      vertex 3.36811115 11.85458317 0.20000000
      vertex 3.36811115 11.85458317 0.00000000
    endloop
  endfacet
  facet normal -0.60534271 -0.79596495 -0.00000000
    outer loop
      vertex 3.43854861 11.80101448 0.20000000
      vertex 3.36811115 11.85458317 0.00000000
      vertex 3.43854861 11.80101448 0.00000000
    endloop
  endfacet
  facet normal 0.00000000 -0.00000000 1.00000000
    outer loop
      vertex 3.15465507 11.56463835 0.20000000
      vertex 3.29539768 11.90638633 0.20000000
      vertex 3.09098129 11.61000137 0.20000000
    endloop
  endfacet
  facet normal 0.00000000 0.00000000 1.00000000
    outer loop
      vertex 3.15465507 11.56463835 0.20000000
      vertex 3.36811115 11.85458317 0.20000000
      vertex 3.29539768 11.90638633 0.20000000
    endloop
  endfacet
  facet normal 0.00000000 0.00000000 -1.00000000
    outer loop
      vertex 3.15465507 11.56463835 0.00000000
      vertex 3.09098129 11.61000137 0.00000000
      vertex 3.29539768 11.90638633 0.00000000
    endloop
  endfacet
  facet normal 0.00000000 0.00000000 -1.00000000
    outer loop
      vertex 3.15465507 11.56463835 0.00000000
      vertex 3.29539768 11.90638633 0.00000000
      vertex 3.36811115 11.85458317 0.00000000
    endloop
  endfacet
  facet normal 0.58023623 0.81444823 0.00000000
    outer loop
      vertex 3.15465507 11.56463835 0.20000000
      vertex 3.09098129 11.61000137 0.00000000
      vertex 3.09098129 11.61000137 0.20000000
    endloop
  endfacet
  facet normal 0.58023623 0.81444823 0.00000000
    outer loop
      vertex 3.15465507 11.56463835 0.20000000
      vertex 3.15465507 11.56463835 0.00000000
      vertex 3.09098129 11.61000137 0.00000000
    endloop
  endfacet
  facet normal -0.58023623 -0.81444823 0.00000000
    outer loop
      vertex 3.36811115 11.85458317 0.20000000
      vertex 3.29539768 11.90638633 0.20000000
      vertex 3.29539768 11.90638633 0.00000000
    endloop
  endfacet
  facet normal -0.58023623 -0.81444823 -0.00000000
    outer loop
      vertex 3.36811115 11.85458317 0.20000000
      vertex 3.29539768 11.90638633 0.00000000
      vertex 3.36811115 11.85458317 0.00000000
    endloop
  endfacet
  facet normal 0.00000000 -0.00000000 1.00000000
    outer loop
      vertex 3.09098129 11.61000137 0.20000000
      vertex 3.22042436 11.95642668 0.20000000
      vertex 3.02502590 11.65402278 0.20000000
    endloop
  endfacet
  facet normal 0.00000000 0.00000000 1.00000000
    outer loop
      vertex 3.09098129 11.61000137 0.20000000
      vertex 3.29539768 11.90638633 0.20000000
      vertex 3.22042436 11.95642668 0.20000000
    endloop
  endfacet
  facet normal 0.00000000 0.00000000 -1.00000000
    outer loop
      vertex 3.09098129 11.61000137 0.00000000
      vertex 3.02502590 11.65402278 0.00000000
      vertex 3.22042436 11.95642668 0.00000000
    endloop
  endfacet
  facet normal 0.00000000 0.00000000 -1.00000000
    outer loop
      vertex 3.09098129 11.61000137 0.00000000
      vertex 3.22042436 11.95642668 0.00000000
      vertex 3.29539768 11.90638633 0.00000000
    endloop
  endfacet
  facet normal 0.55514665 0.83175248 0.00000000
    outer loop
      vertex 3.09098129 11.61000137 0.20000000
      vertex 3.02502590 11.65402278 0.00000000
      vertex 3.02502590 11.65402278 0.20000000
    endloop
  endfacet
  facet normal 0.55514665 0.83175248 0.00000000
    outer loop
      vertex 3.09098129 11.61000137 0.20000000
      vertex 3.09098129 11.61000137 0.00000000
      vertex 3.02502590 11.65402278 0.00000000
    endloop
  endfacet
  facet normal -0.55514665 -0.83175248 0.00000000
    outer loop
      vertex 3.29539768 11.90638633 0.20000000
      vertex 3.22042436 11.95642668 0.20000000
      vertex 3.22042436 11.95642668 0.00000000
    endloop
  endfacet
  facet normal -0.55514665 -0.83175248 -0.00000000
    outer loop
      vertex 3.29539768 11.90638633 0.20000000
      vertex 3.22042436 11.95642668 0.00000000
      vertex 3.29539768 11.90638633 0.00000000
    endloop
  endfacet
  facet normal 0.00000000 -0.00000000 1.00000000
    outer loop
      vertex 3.02502590 11.65402278 0.20000000
      vertex 3.14320607 12.00470854 0.20000000
      vertex 2.95677400 11.69669827 0.20000000
    endloop
  endfacet
  facet normal 0.00000000 0.00000000 1.00000000
    outer loop
      vertex 3.02502590 11.65402278 0.20000000
      vertex 3.22042436 11.95642668 0.20000000
      vertex 3.14320607 12.00470854 0.20000000
    endloop
  endfacet
  facet normal 0.00000000 0.00000000 -1.00000000
    outer loop
      vertex 3.02502590 11.65402278 0.00000000
      vertex 2.95677400 11.69669827 0.00000000
      vertex 3.14320607 12.00470854 0.00000000
    endloop
  endfacet
  facet normal 0.00000000 0.00000000 -1.00000000
    outer loop
      vertex 3.02502590 11.65402278 0.00000000
      vertex 3.14320607 12.00470854 0.00000000
      vertex 3.22042436 11.95642668 0.00000000
    endloop
  endfacet
  facet normal 0.53016022 0.84789748 0.00000000
    outer loop
      vertex 3.02502590 11.65402278 0.20000000
      vertex 2.95677400 11.69669827 0.00000000
      vertex 2.95677400 11.69669827 0.20000000
    endloop
  endfacet
  facet normal 0.53016022 0.84789748 0.00000000
    outer loop
      vertex 3.02502590 11.65402278 0.20000000
      vertex 3.02502590 11.65402278 0.00000000
      vertex 2.95677400 11.69669827 0.00000000
    endloop
  endfacet
  facet normal -0.53016022 -0.84789748 0.00000000
    outer loop
      vertex 3.22042436 11.95642668 0.20000000
      vertex 3.14320607 12.00470854 0.20000000
      vertex 3.14320607 12.00470854 0.00000000
    endloop
  endfacet
  facet normal -0.53016022 -0.84789748 -0.00000000
    outer loop
      vertex 3.22042436 11.95642668 0.20000000
      vertex 3.14320607 12.00470854 0.00000000
      vertex 3.22042436 11.95642668 0.00000000
    endloop
  endfacet
  facet normal 0.00000000 -0.00000000 1.00000000
    outer loop
      vertex 2.95677400 11.69669827 0.20000000
      vertex 3.06375632 12.05123755 0.20000000
      vertex 2.88621209 11.73802220 0.20000000
    endloop
  endfacet
  facet normal 0.00000000 0.00000000 1.00000000
    outer loop
      vertex 2.95677400 11.69669827 0.20000000
      vertex 3.14320607 12.00470854 0.20000000
      vertex 3.06375632 12.05123755 0.20000000
    endloop
  endfacet
  facet normal 0.00000000 0.00000000 -1.00000000
    outer loop
      vertex 2.95677400 11.69669827 0.00000000
      vertex 2.88621209 11.73802220 0.00000000
      vertex 3.06375632 12.05123755 0.00000000
    endloop
  endfacet
  facet normal 0.00000000 0.00000000 -1.00000000
    outer loop
      vertex 2.95677400 11.69669827 0.00000000
      vertex 3.06375632 12.05123755 0.00000000
      vertex 3.14320607 12.00470854 0.00000000
    endloop
  endfacet
  facet normal 0.50535583 0.86291105 0.00000000
    outer loop
      vertex 2.95677400 11.69669827 0.20000000
      vertex 2.88621209 11.73802220 0.00000000
      vertex 2.88621209 11.73802220 0.20000000
    endloop
  endfacet
  facet normal 0.50535583 0.86291105 0.00000000
    outer loop
      vertex 2.95677400 11.69669827 0.20000000
      vertex 2.95677400 11.69669827 0.00000000
      vertex 2.88621209 11.73802220 0.00000000
    endloop
  endfacet
  facet normal -0.50535583 -0.86291105 0.00000000
    outer loop
      vertex 3.14320607 12.00470854 0.20000000
      vertex 3.06375632 12.05123755 0.20000000
      vertex 3.06375632 12.05123755 0.00000000
    endloop
  endfacet
  facet normal -0.50535583 -0.86291105 -0.00000000
    outer loop
      vertex 3.14320607 12.00470854 0.20000000
      vertex 3.06375632 12.05123755 0.00000000
      vertex 3.14320607 12.00470854 0.00000000
    endloop
  endfacet
  facet normal 0.00000000 -0.00000000 1.00000000
    outer loop
      vertex 2.88621209 11.73802220 0.20000000
      vertex 2.98208719 12.09602045 0.20000000
      vertex 2.81332808 11.77798782 0.20000000
    endloop
  endfacet
  facet normal 0.00000000 0.00000000 1.00000000
    outer loop
      vertex 2.88621209 11.73802220 0.20000000
      vertex 3.06375632 12.05123755 0.20000000
      vertex 2.98208719 12.09602045 0.20000000
    endloop
  endfacet
  facet normal 0.00000000 0.00000000 -1.00000000
    outer loop
      vertex 2.88621209 11.73802220 0.00000000
      vertex 2.81332808 11.77798782 0.00000000
      vertex 2.98208719 12.09602045 0.00000000
    endloop
  endfacet
  facet normal 0.00000000 0.00000000 -1.00000000
    outer loop
      vertex 2.88621209 11.73802220 0.00000000
      vertex 2.98208719 12.09602045 0.00000000
      vertex 3.06375632 12.05123755 0.00000000
    endloop
  endfacet
  facet normal 0.48080459 0.87682777 0.00000000
    outer loop
      vertex 2.88621209 11.73802220 0.20000000
      vertex 2.81332808 11.77798782 0.00000000
      vertex 2.81332808 11.77798782 0.20000000
    endloop
  endfacet
  facet normal 0.48080459 0.87682777 0.00000000
    outer loop
      vertex 2.88621209 11.73802220 0.20000000
      vertex 2.88621209 11.73802220 0.00000000
      vertex 2.81332808 11.77798782 0.00000000
    endloop
  endfacet
  facet normal -0.48080459 -0.87682777 0.00000000
    outer loop
      vertex 3.06375632 12.05123755 0.20000000
      vertex 2.98208719 12.09602045 0.20000000
      vertex 2.98208719 12.09602045 0.00000000
    endloop
  endfacet
  facet normal -0.48080459 -0.87682777 -0.00000000
    outer loop
      vertex 3.06375632 12.05123755 0.20000000
      vertex 2.98208719 12.09602045 0.00000000
      vertex 3.06375632 12.05123755 0.00000000
    endloop
  endfacet
  facet normal 0.00000000 -0.00000000 1.00000000
    outer loop
      vertex 2.81332808 11.77798782 0.20000000
      vertex 2.89926819 12.13852147 0.20000000
      vertex 2.73705248 11.81713090 0.20000000
    endloop
  endfacet
  facet normal 0.00000000 0.00000000 1.00000000
    outer loop
      vertex 2.81332808 11.77798782 0.20000000
      vertex 2.98208719 12.09602045 0.20000000
      vertex 2.89926819 12.13852147 0.20000000
    endloop
  endfacet
  facet normal 0.00000000 0.00000000 -1.00000000
    outer loop
      vertex 2.81332808 11.77798782 0.00000000
      vertex 2.73705248 11.81713090 0.00000000
      vertex 2.89926819 12.13852147 0.00000000
    endloop
  endfacet
  facet normal 0.00000000 0.00000000 -1.00000000
    outer loop
      vertex 2.81332808 11.77798782 0.00000000
      vertex 2.89926819 12.13852147 0.00000000
      vertex 2.98208719 12.09602045 0.00000000
    endloop
  endfacet
  facet normal 0.45656958 0.88968771 0.00000000
    outer loop
      vertex 2.81332808 11.77798782 0.20000000
      vertex 2.73705248 11.81713090 0.00000000
      vertex 2.73705248 11.81713090 0.20000000
    endloop
  endfacet
  facet normal 0.45656958 0.88968771 0.00000000
    outer loop
      vertex 2.81332808 11.77798782 0.20000000
      vertex 2.81332808 11.77798782 0.00000000
      vertex 2.73705248 11.81713090 0.00000000
    endloop
  endfacet
  facet normal -0.45656958 -0.88968771 0.00000000
    outer loop
      vertex 2.98208719 12.09602045 0.20000000
      vertex 2.89926819 12.13852147 0.20000000
      vertex 2.89926819 12.13852147 0.00000000
    endloop
  endfacet
  facet normal -0.45656958 -0.88968771 -0.00000000
    outer loop
      vertex 2.98208719 12.09602045 0.20000000
      vertex 2.89926819 12.13852147 0.00000000
      vertex 2.98208719 12.09602045 0.00000000
    endloop
  endfacet
  facet normal 0.00000000 0.00000000 1.00000000
    outer loop
      vertex 2.73705248 11.81713090 0.20000000
      vertex 1.79046245 12.68886490 0.20000000
      vertex 1.63102635 12.36609470 0.20000000
    endloop
  endfacet
  facet normal 0.00000000 -0.00000000 1.00000000
    outer loop
      vertex 2.73705248 11.81713090 0.20000000
      vertex 2.89926819 12.13852147 0.20000000
      vertex 1.79046245 12.68886490 0.20000000
    endloop
  endfacet
  facet normal 0.00000000 0.00000000 -1.00000000
    outer loop
      vertex 2.73705248 11.81713090 0.00000000
      vertex 1.63102635 12.36609470 0.00000000
      vertex 1.79046245 12.68886490 0.00000000
    endloop
  endfacet
  facet normal 0.00000000 0.00000000 -1.00000000
    outer loop
      vertex 2.73705248 11.81713090 0.00000000
      vertex 1.79046245 12.68886490 0.00000000
      vertex 2.89926819 12.13852147 0.00000000
    endloop
  endfacet
  facet normal 0.44458818 0.89573509 0.00000000
    outer loop
      vertex 2.73705248 11.81713090 0.20000000
      vertex 1.63102635 12.36609470 0.00000000
      vertex 1.63102635 12.36609470 0.20000000
    endloop
  endfacet
  facet normal 0.44458818 0.89573509 0.00000000
    outer loop
      vertex 2.73705248 11.81713090 0.20000000
      vertex 2.73705248 11.81713090 0.00000000
      vertex 1.63102635 12.36609470 0.00000000
    endloop
  endfacet
  facet normal -0.44458818 -0.89573509 0.00000000
    outer loop
      vertex 2.89926819 12.13852147 0.20000000
      vertex 1.79046245 12.68886490 0.20000000
      vertex 1.79046245 12.68886490 0.00000000
    endloop
  endfacet
  facet normal -0.44458818 -0.89573509 -0.00000000
    outer loop
      vertex 2.89926819 12.13852147 0.20000000
      vertex 1.79046245 12.68886490 0.00000000
      vertex 2.89926819 12.13852147 0.00000000
    endloop
  endfacet
  facet normal 0.00000000 -0.00000000 1.00000000
    outer loop
      vertex 1.63102635 12.36609470 0.20000000
      vertex 1.76009596 12.70379273 0.20000000
      vertex 1.60251198 12.38011205 0.20000000
    endloop
  endfacet
  facet normal 0.00000000 0.00000000 1.00000000
    outer loop
      vertex 1.63102635 12.36609470 0.20000000
      vertex 1.79046245 12.68886490 0.20000000
      vertex 1.76009596 12.70379273 0.20000000
    endloop
  endfacet
  facet normal 0.00000000 0.00000000 -1.00000000
    outer loop
      vertex 1.63102635 12.36609470 0.00000000
      vertex 1.60251198 12.38011205 0.00000000
      vertex 1.76009596 12.70379273 0.00000000
    endloop
  endfacet
  facet normal 0.00000000 0.00000000 -1.00000000
    outer loop
      vertex 1.63102635 12.36609470 0.00000000
      vertex 1.76009596 12.70379273 0.00000000
      vertex 1.79046245 12.68886490 0.00000000
    endloop
  endfacet
  facet normal 0.44116469 0.89742616 0.00000000
    outer loop
      vertex 1.63102635 12.36609470 0.20000000
      vertex 1.60251198 12.38011205 0.00000000
      vertex 1.60251198 12.38011205 0.20000000
    endloop
  endfacet
  facet normal 0.44116469 0.89742616 0.00000000
    outer loop
      vertex 1.63102635 12.36609470 0.20000000
      vertex 1.63102635 12.36609470 0.00000000
      vertex 1.60251198 12.38011205 0.00000000
    endloop
  endfacet
  facet normal -0.44116469 -0.89742616 0.00000000
    outer loop
      vertex 1.79046245 12.68886490 0.20000000
      vertex 1.76009596 12.70379273 0.20000000
      vertex 1.76009596 12.70379273 0.00000000
    endloop
  endfacet
  facet normal -0.44116469 -0.89742616 -0.00000000
    outer loop
      vertex 1.79046245 12.68886490 0.20000000
      vertex 1.76009596 12.70379273 0.00000000
      vertex 1.79046245 12.68886490 0.00000000
    endloop
  endfacet
  facet normal 0.00000000 -0.00000000 1.00000000
    outer loop
      vertex 1.60251198 12.38011205 0.20000000
      vertex 1.72933099 12.71862542 0.20000000
      vertex 1.57422897 12.39374811 0.20000000
    endloop
  endfacet
  facet normal 0.00000000 0.00000000 1.00000000
    outer loop
      vertex 1.60251198 12.38011205 0.20000000
      vertex 1.76009596 12.70379273 0.20000000
      vertex 1.72933099 12.71862542 0.20000000
    endloop
  endfacet
  facet normal 0.00000000 0.00000000 -1.00000000
    outer loop
      vertex 1.60251198 12.38011205 0.00000000
      vertex 1.57422897 12.39374811 0.00000000
      vertex 1.72933099 12.71862542 0.00000000
    endloop
  endfacet
  facet normal 0.00000000 0.00000000 -1.00000000
    outer loop
      vertex 1.60251198 12.38011205 0.00000000
      vertex 1.72933099 12.71862542 0.00000000
      vertex 1.76009596 12.70379273 0.00000000
    endloop
  endfacet
  facet normal 0.43428907 0.90077356 0.00000000
    outer loop
      vertex 1.60251198 12.38011205 0.20000000
      vertex 1.57422897 12.39374811 0.00000000
      vertex 1.57422897 12.39374811 0.20000000
    endloop
  endfacet
  facet normal 0.43428907 0.90077356 0.00000000
    outer loop
      vertex 1.60251198 12.38011205 0.20000000
      vertex 1.60251198 12.38011205 0.00000000
      vertex 1.57422897 12.39374811 0.00000000
    endloop
  endfacet
  facet normal -0.43428907 -0.90077356 0.00000000
    outer loop
      vertex 1.76009596 12.70379273 0.20000000
      vertex 1.72933099 12.71862542 0.20000000
      vertex 1.72933099 12.71862542 0.00000000
    endloop
  endfacet
  facet normal -0.43428907 -0.90077356 -0.00000000
    outer loop
      vertex 1.76009596 12.70379273 0.20000000
      vertex 1.72933099 12.71862542 0.00000000
      vertex 1.76009596 12.70379273 0.00000000
    endloop
  endfacet
  facet normal 0.00000000 -0.00000000 1.00000000
    outer loop
      vertex 1.57422897 12.39374811 0.20000000
      vertex 1.69847585 12.73321134 0.20000000
      vertex 1.54586903 12.40715449 0.20000000
    endloop
  endfacet
  facet normal 0.00000000 0.00000000 1.00000000
    outer loop
      vertex 1.57422897 12.39374811 0.20000000
      vertex 1.72933099 12.71862542 0.20000000
      vertex 1.69847585 12.73321134 0.20000000
    endloop
  endfacet
  facet normal 0.00000000 0.00000000 -1.00000000
    outer loop
      vertex 1.57422897 12.39374811 0.00000000
      vertex 1.54586903 12.40715449 0.00000000
      vertex 1.69847585 12.73321134 0.00000000
    endloop
  endfacet
  facet normal 0.00000000 0.00000000 -1.00000000
    outer loop
      vertex 1.57422897 12.39374811 0.00000000
      vertex 1.69847585 12.73321134 0.00000000
      vertex 1.72933099 12.71862542 0.00000000
    endloop
  endfacet
  facet normal 0.42737616 0.90407390 0.00000000
    outer loop
      vertex 1.57422897 12.39374811 0.20000000
      vertex 1.54586903 12.40715449 0.00000000
      vertex 1.54586903 12.40715449 0.20000000
    endloop
  endfacet
  facet normal 0.42737616 0.90407390 0.00000000
    outer loop
      vertex 1.57422897 12.39374811 0.20000000
      vertex 1.57422897 12.39374811 0.00000000
      vertex 1.54586903 12.40715449 0.00000000
    endloop
  endfacet
  facet normal -0.42737616 -0.90407390 0.00000000
    outer loop
      vertex 1.72933099 12.71862542 0.20000000
      vertex 1.69847585 12.73321134 0.20000000
      vertex 1.69847585 12.73321134 0.00000000
    endloop
  endfacet
  facet normal -0.42737616 -0.90407390 -0.00000000
    outer loop
      vertex 1.72933099 12.71862542 0.20000000
      vertex 1.69847585 12.73321134 0.00000000
      vertex 1.72933099 12.71862542 0.00000000
    endloop
  endfacet
  facet normal 0.00000000 -0.00000000 1.00000000
    outer loop
      vertex 1.54586903 12.40715449 0.20000000
      vertex 1.66753073 12.74755035 0.20000000
      vertex 1.51743197 12.42033135 0.20000000
    endloop
  endfacet
  facet normal 0.00000000 0.00000000 1.00000000
    outer loop
      vertex 1.54586903 12.40715449 0.20000000
      vertex 1.69847585 12.73321134 0.20000000
      vertex 1.66753073 12.74755035 0.20000000
    endloop
  endfacet
  facet normal 0.00000000 0.00000000 -1.00000000
    outer loop
      vertex 1.54586903 12.40715449 0.00000000
      vertex 1.51743197 12.42033135 0.00000000
      vertex 1.66753073 12.74755035 0.00000000
    endloop
  endfacet
  facet normal 0.00000000 0.00000000 -1.00000000
    outer loop
      vertex 1.54586903 12.40715449 0.00000000
      vertex 1.66753073 12.74755035 0.00000000
      vertex 1.69847585 12.73321134 0.00000000
    endloop
  endfacet
  facet normal 0.42042701 0.90732636 0.00000000
    outer loop
      vertex 1.54586903 12.40715449 0.20000000
      vertex 1.51743197 12.42033135 0.00000000
      vertex 1.51743197 12.42033135 0.20000000
    endloop
  endfacet
  facet normal 0.42042701 0.90732636 0.00000000
    outer loop
      vertex 1.54586903 12.40715449 0.20000000
      vertex 1.54586903 12.40715449 0.00000000
      vertex 1.51743197 12.42033135 0.00000000
    endloop
  endfacet
  facet normal -0.42042701 -0.90732636 0.00000000
    outer loop
      vertex 1.69847585 12.73321134 0.20000000
      vertex 1.66753073 12.74755035 0.20000000
      vertex 1.66753073 12.74755035 0.00000000
    endloop
  endfacet
  facet normal -0.42042701 -0.90732636 -0.00000000
    outer loop
      vertex 1.69847585 12.73321134 0.20000000
      vertex 1.66753073 12.74755035 0.00000000
      vertex 1.69847585 12.73321134 0.00000000
    endloop
  endfacet
  facet normal 0.00000000 -0.00000000 1.00000000
    outer loop
      vertex 1.51743197 12.42033135 0.20000000
      vertex 1.63649584 12.76164231 0.20000000
      vertex 1.48891758 12.43327883 0.20000000
    endloop
  endfacet
  facet normal 0.00000000 0.00000000 1.00000000
    outer loop
      vertex 1.51743197 12.42033135 0.20000000
      vertex 1.66753073 12.74755035 0.20000000
      vertex 1.63649584 12.76164231 0.20000000
    endloop
  endfacet
  facet normal 0.00000000 0.00000000 -1.00000000
    outer loop
      vertex 1.51743197 12.42033135 0.00000000
      vertex 1.48891758 12.43327883 0.00000000
      vertex 1.63649584 12.76164231 0.00000000
    endloop
  endfacet
  facet normal 0.00000000 0.00000000 -1.00000000
    outer loop
      vertex 1.51743197 12.42033135 0.00000000
      vertex 1.63649584 12.76164231 0.00000000
      vertex 1.66753073 12.74755035 0.00000000
    endloop
  endfacet
  facet normal 0.41344271 0.91053013 0.00000000
    outer loop
      vertex 1.51743197 12.42033135 0.20000000
      vertex 1.48891758 12.43327883 0.00000000
      vertex 1.48891758 12.43327883 0.20000000
    endloop
  endfacet
  facet normal 0.41344271 0.91053013 0.00000000
    outer loop
      vertex 1.51743197 12.42033135 0.20000000
      vertex 1.51743197 12.42033135 0.00000000
      vertex 1.48891758 12.43327883 0.00000000
    endloop
  endfacet
  facet normal -0.41344271 -0.91053013 0.00000000
    outer loop
      vertex 1.66753073 12.74755035 0.20000000
      vertex 1.63649584 12.76164231 0.20000000
      vertex 1.63649584 12.76164231 0.00000000
    endloop
  endfacet
  facet normal -0.41344271 -0.91053013 -0.00000000
    outer loop
      vertex 1.66753073 12.74755035 0.20000000
      vertex 1.63649584 12.76164231 0.00000000
      vertex 1.66753073 12.74755035 0.00000000
    endloop
  endfacet
  facet normal 0.00000000 -0.00000000 1.00000000
    outer loop
      vertex 1.48891758 12.43327883 0.20000000
      vertex 1.60537136 12.77548707 0.20000000
      vertex 1.46032566 12.44599706 0.20000000
    endloop
  endfacet
  facet normal 0.00000000 0.00000000 1.00000000
    outer loop
      vertex 1.48891758 12.43327883 0.20000000
      vertex 1.63649584 12.76164231 0.20000000
      vertex 1.60537136 12.77548707 0.20000000
    endloop
  endfacet
  facet normal 0.00000000 0.00000000 -1.00000000
    outer loop
      vertex 1.48891758 12.43327883 0.00000000
      vertex 1.46032566 12.44599706 0.00000000
      vertex 1.60537136 12.77548707 0.00000000
    endloop
  endfacet
  facet normal 0.00000000 0.00000000 -1.00000000
    outer loop
      vertex 1.48891758 12.43327883 0.00000000
      vertex 1.60537136 12.77548707 0.00000000
      vertex 1.63649584 12.76164231 0.00000000
    endloop
  endfacet
  facet normal 0.40642437 0.91368443 0.00000000
    outer loop
      vertex 1.48891758 12.43327883 0.20000000
      vertex 1.46032566 12.44599706 0.00000000
      vertex 1.46032566 12.44599706 0.20000000
    endloop
  endfacet
  facet normal 0.40642437 0.91368443 0.00000000
    outer loop
      vertex 1.48891758 12.43327883 0.20000000
      vertex 1.48891758 12.43327883 0.00000000
      vertex 1.46032566 12.44599706 0.00000000
    endloop
  endfacet
  facet normal -0.40642437 -0.91368443 0.00000000
    outer loop
      vertex 1.63649584 12.76164231 0.20000000
      vertex 1.60537136 12.77548707 0.20000000
      vertex 1.60537136 12.77548707 0.00000000
    endloop
  endfacet
  facet normal -0.40642437 -0.91368443 -0.00000000
    outer loop
      vertex 1.63649584 12.76164231 0.20000000
      vertex 1.60537136 12.77548707 0.00000000
      vertex 1.63649584 12.76164231 0.00000000
    endloop
  endfacet
  facet normal 0.00000000 -0.00000000 1.00000000
    outer loop
      vertex 1.46032566 12.44599706 0.20000000
      vertex 1.57415751 12.78908451 0.20000000
      vertex 1.43165601 12.45848619 0.20000000
    endloop
  endfacet
  facet normal 0.00000000 0.00000000 1.00000000
    outer loop
      vertex 1.46032566 12.44599706 0.20000000
      vertex 1.60537136 12.77548707 0.20000000
      vertex 1.57415751 12.78908451 0.20000000
    endloop
  endfacet
  facet normal 0.00000000 0.00000000 -1.00000000
    outer loop
      vertex 1.46032566 12.44599706 0.00000000
      vertex 1.43165601 12.45848619 0.00000000
      vertex 1.57415751 12.78908451 0.00000000
    endloop
  endfacet
  facet normal 0.00000000 0.00000000 -1.00000000
    outer loop
      vertex 1.46032566 12.44599706 0.00000000
      vertex 1.57415751 12.78908451 0.00000000
      vertex 1.60537136 12.77548707 0.00000000
    endloop
  endfacet
  facet normal 0.39937311 0.91678848 0.00000000
    outer loop
      vertex 1.46032566 12.44599706 0.20000000
      vertex 1.43165601 12.45848619 0.00000000
      vertex 1.43165601 12.45848619 0.20000000
    endloop
  endfacet
  facet normal 0.39937311 0.91678848 0.00000000
    outer loop
      vertex 1.46032566 12.44599706 0.20000000
      vertex 1.46032566 12.44599706 0.00000000
      vertex 1.43165601 12.45848619 0.00000000
    endloop
  endfacet
  facet normal -0.39937311 -0.91678848 0.00000000
    outer loop
      vertex 1.60537136 12.77548707 0.20000000
      vertex 1.57415751 12.78908451 0.20000000
      vertex 1.57415751 12.78908451 0.00000000
    endloop
  endfacet
  facet normal -0.39937311 -0.91678848 -0.00000000
    outer loop
      vertex 1.60537136 12.77548707 0.20000000
      vertex 1.57415751 12.78908451 0.00000000
      vertex 1.60537136 12.77548707 0.00000000
    endloop
  endfacet
  facet normal 0.00000000 -0.00000000 1.00000000
    outer loop
      vertex 1.43165601 12.45848619 0.20000000
      vertex 1.54285449 12.80243449 0.20000000
      vertex 1.40290841 12.47074634 0.20000000
    endloop
  endfacet
  facet normal 0.00000000 0.00000000 1.00000000
    outer loop
      vertex 1.43165601 12.45848619 0.20000000
      vertex 1.57415751 12.78908451 0.20000000
      vertex 1.54285449 12.80243449 0.20000000
    endloop
  endfacet
  facet normal 0.00000000 0.00000000 -1.00000000
    outer loop
      vertex 1.43165601 12.45848619 0.00000000
      vertex 1.40290841 12.47074634 0.00000000
      vertex 1.54285449 12.80243449 0.00000000
    endloop
  endfacet
  facet normal 0.00000000 0.00000000 -1.00000000
    outer loop
      vertex 1.43165601 12.45848619 0.00000000
      vertex 1.54285449 12.80243449 0.00000000
      vertex 1.57415751 12.78908451 0.00000000
    endloop
  endfacet
  facet normal 0.39229011 0.91984155 0.00000000
    outer loop
      vertex 1.43165601 12.45848619 0.20000000
      vertex 1.40290841 12.47074634 0.00000000
      vertex 1.40290841 12.47074634 0.20000000
    endloop
  endfacet
  facet normal 0.39229011 0.91984155 0.00000000
    outer loop
      vertex 1.43165601 12.45848619 0.20000000
      vertex 1.43165601 12.45848619 0.00000000
      vertex 1.40290841 12.47074634 0.00000000
    endloop
  endfacet
  facet normal -0.39229011 -0.91984155 0.00000000
    outer loop
      vertex 1.57415751 12.78908451 0.20000000
      vertex 1.54285449 12.80243449 0.20000000
      vertex 1.54285449 12.80243449 0.00000000
    endloop
  endfacet
  facet normal -0.39229011 -0.91984155 -0.00000000
    outer loop
      vertex 1.57415751 12.78908451 0.20000000
      vertex 1.54285449 12.80243449 0.00000000
      vertex 1.57415751 12.78908451 0.00000000
    endloop
  endfacet
  facet normal 0.00000000 -0.00000000 1.00000000
    outer loop
      vertex 1.40290841 12.47074634 0.20000000
      vertex 1.51146253 12.81553688 0.20000000
      vertex 1.37408266 12.48277764 0.20000000
    endloop
  endfacet
  facet normal 0.00000000 0.00000000 1.00000000
    outer loop
      vertex 1.40290841 12.47074634 0.20000000
      vertex 1.54285449 12.80243449 0.20000000
      vertex 1.51146253 12.81553688 0.20000000
    endloop
  endfacet
  facet normal 0.00000000 0.00000000 -1.00000000
    outer loop
      vertex 1.40290841 12.47074634 0.00000000
      vertex 1.37408266 12.48277764 0.00000000
      vertex 1.51146253 12.81553688 0.00000000
    endloop
  endfacet
  facet normal 0.00000000 0.00000000 -1.00000000
    outer loop
      vertex 1.40290841 12.47074634 0.00000000
      vertex 1.51146253 12.81553688 0.00000000
      vertex 1.54285449 12.80243449 0.00000000
    endloop
  endfacet
  facet normal 0.38517652 0.92284291 0.00000000
    outer loop
      vertex 1.40290841 12.47074634 0.20000000
      vertex 1.37408266 12.48277764 0.00000000
      vertex 1.37408266 12.48277764 0.20000000
    endloop
  endfacet
  facet normal 0.38517652 0.92284291 0.00000000
    outer loop
      vertex 1.40290841 12.47074634 0.20000000
      vertex 1.40290841 12.47074634 0.00000000
      vertex 1.37408266 12.48277764 0.00000000
    endloop
  endfacet
  facet normal -0.38517652 -0.92284291 0.00000000
    outer loop
      vertex 1.54285449 12.80243449 0.20000000
      vertex 1.51146253 12.81553688 0.20000000
      vertex 1.51146253 12.81553688 0.00000000
    endloop
  endfacet
  facet normal -0.38517652 -0.92284291 -0.00000000
    outer loop
      vertex 1.54285449 12.80243449 0.20000000
      vertex 1.51146253 12.81553688 0.00000000
      vertex 1.54285449 12.80243449 0.00000000
    endloop
  endfacet
  facet normal 0.00000000 -0.00000000 1.00000000
    outer loop
      vertex 1.37408266 12.48277764 0.20000000
      vertex 1.47998183 12.82839156 0.20000000
      vertex 1.34517854 12.49458022 0.20000000
    endloop
  endfacet
  facet normal 0.00000000 0.00000000 1.00000000
    outer loop
      vertex 1.37408266 12.48277764 0.20000000
      vertex 1.51146253 12.81553688 0.20000000
      vertex 1.47998183 12.82839156 0.20000000
    endloop
  endfacet
  facet normal 0.00000000 0.00000000 -1.00000000
    outer loop
      vertex 1.37408266 12.48277764 0.00000000
      vertex 1.34517854 12.49458022 0.00000000
      vertex 1.47998183 12.82839156 0.00000000
    endloop
  endfacet
  facet normal 0.00000000 0.00000000 -1.00000000
    outer loop
      vertex 1.37408266 12.48277764 0.00000000
      vertex 1.47998183 12.82839156 0.00000000
      vertex 1.51146253 12.81553688 0.00000000
    endloop
  endfacet
  facet normal 0.37803356 0.92579189 0.00000000
    outer loop
      vertex 1.37408266 12.48277764 0.20000000
      vertex 1.34517854 12.49458022 0.00000000
      vertex 1.34517854 12.49458022 0.20000000
    endloop
  endfacet
  facet normal 0.37803356 0.92579189 0.00000000
    outer loop
      vertex 1.37408266 12.48277764 0.20000000
      vertex 1.37408266 12.48277764 0.00000000
      vertex 1.34517854 12.49458022 0.00000000
    endloop
  endfacet
  facet normal -0.37803356 -0.92579189 0.00000000
    outer loop
      vertex 1.51146253 12.81553688 0.20000000
      vertex 1.47998183 12.82839156 0.20000000
      vertex 1.47998183 12.82839156 0.00000000
    endloop
  endfacet
  facet normal -0.37803356 -0.92579189 -0.00000000
    outer loop
      vertex 1.51146253 12.81553688 0.20000000
      vertex 1.47998183 12.82839156 0.00000000
      vertex 1.51146253 12.81553688 0.00000000
    endloop
  endfacet
  facet normal 0.00000000 -0.00000000 1.00000000
    outer loop
      vertex 1.34517854 12.49458022 0.20000000
      vertex 1.44841262 12.84099841 0.20000000
      vertex 1.31619583 12.50615418 0.20000000
    endloop
  endfacet
  facet normal 0.00000000 0.00000000 1.00000000
    outer loop
      vertex 1.34517854 12.49458022 0.20000000
      vertex 1.47998183 12.82839156 0.20000000
      vertex 1.44841262 12.84099841 0.20000000
    endloop
  endfacet
  facet normal 0.00000000 0.00000000 -1.00000000
    outer loop
      vertex 1.34517854 12.49458022 0.00000000
      vertex 1.31619583 12.50615418 0.00000000
      vertex 1.44841262 12.84099841 0.00000000
    endloop
  endfacet
  facet normal 0.00000000 0.00000000 -1.00000000
    outer loop
      vertex 1.34517854 12.49458022 0.00000000
      vertex 1.44841262 12.84099841 0.00000000
      vertex 1.47998183 12.82839156 0.00000000
    endloop
  endfacet
  facet normal 0.37086242 0.92868782 0.00000000
    outer loop
      vertex 1.34517854 12.49458022 0.20000000
      vertex 1.31619583 12.50615418 0.00000000
      vertex 1.31619583 12.50615418 0.20000000
    endloop
  endfacet
  facet normal 0.37086242 0.92868782 0.00000000
    outer loop
      vertex 1.34517854 12.49458022 0.20000000
      vertex 1.34517854 12.49458022 0.00000000
      vertex 1.31619583 12.50615418 0.00000000
    endloop
  endfacet
  facet normal -0.37086242 -0.92868782 0.00000000
    outer loop
      vertex 1.47998183 12.82839156 0.20000000
      vertex 1.44841262 12.84099841 0.20000000
      vertex 1.44841262 12.84099841 0.00000000
    endloop
  endfacet
  facet normal -0.37086242 -0.92868782 -0.00000000
    outer loop
      vertex 1.47998183 12.82839156 0.20000000
      vertex 1.44841262 12.84099841 0.00000000
      vertex 1.47998183 12.82839156 0.00000000
    endloop
  endfacet
  facet normal 0.00000000 -0.00000000 1.00000000
    outer loop
      vertex 1.31619583 12.50615418 0.20000000
      vertex 1.41675513 12.85335733 0.20000000
      vertex 1.28713429 12.51749965 0.20000000
    endloop
  endfacet
  facet normal 0.00000000 0.00000000 1.00000000
    outer loop
      vertex 1.31619583 12.50615418 0.20000000
      vertex 1.44841262 12.84099841 0.20000000
      vertex 1.41675513 12.85335733 0.20000000
    endloop
  endfacet
  facet normal 0.00000000 0.00000000 -1.00000000
    outer loop
      vertex 1.31619583 12.50615418 0.00000000
      vertex 1.28713429 12.51749965 0.00000000
      vertex 1.41675513 12.85335733 0.00000000
    endloop
  endfacet
  facet normal 0.00000000 0.00000000 -1.00000000
    outer loop
      vertex 1.31619583 12.50615418 0.00000000
      vertex 1.41675513 12.85335733 0.00000000
      vertex 1.44841262 12.84099841 0.00000000
    endloop
  endfacet
  facet normal 0.36366435 0.93153005 0.00000000
    outer loop
      vertex 1.31619583 12.50615418 0.20000000
      vertex 1.28713429 12.51749965 0.00000000
      vertex 1.28713429 12.51749965 0.20000000
    endloop
  endfacet
  facet normal 0.36366435 0.93153005 0.00000000
    outer loop
      vertex 1.31619583 12.50615418 0.20000000
      vertex 1.31619583 12.50615418 0.00000000
      vertex 1.28713429 12.51749965 0.00000000
    endloop
  endfacet
  facet normal -0.36366435 -0.93153005 0.00000000
    outer loop
      vertex 1.44841262 12.84099841 0.20000000
      vertex 1.41675513 12.85335733 0.20000000
      vertex 1.41675513 12.85335733 0.00000000
    endloop
  endfacet
  facet normal -0.36366435 -0.93153005 -0.00000000
    outer loop
      vertex 1.44841262 12.84099841 0.20000000
      vertex 1.41675513 12.85335733 0.00000000
      vertex 1.44841262 12.84099841 0.00000000
    endloop
  endfacet
  facet normal 0.00000000 -0.00000000 1.00000000
    outer loop
      vertex 1.28713429 12.51749965 0.20000000
      vertex 1.38500957 12.86546820 0.20000000
      vertex 1.25799372 12.52861673 0.20000000
    endloop
  endfacet
  facet normal 0.00000000 0.00000000 1.00000000
    outer loop
      vertex 1.28713429 12.51749965 0.20000000
      vertex 1.41675513 12.85335733 0.20000000
      vertex 1.38500957 12.86546820 0.20000000
    endloop
  endfacet
  facet normal 0.00000000 0.00000000 -1.00000000
    outer loop
      vertex 1.28713429 12.51749965 0.00000000
      vertex 1.25799372 12.52861673 0.00000000
      vertex 1.38500957 12.86546820 0.00000000
    endloop
  endfacet
  facet normal 0.00000000 0.00000000 -1.00000000
    outer loop
      vertex 1.28713429 12.51749965 0.00000000
      vertex 1.38500957 12.86546820 0.00000000
      vertex 1.41675513 12.85335733 0.00000000
    endloop
  endfacet
  facet normal 0.35644060 0.93431799 0.00000000
    outer loop
      vertex 1.28713429 12.51749965 0.20000000
      vertex 1.25799372 12.52861673 0.00000000
      vertex 1.25799372 12.52861673 0.20000000
    endloop
  endfacet
  facet normal 0.35644060 0.93431799 0.00000000
    outer loop
      vertex 1.28713429 12.51749965 0.20000000
      vertex 1.28713429 12.51749965 0.00000000
      vertex 1.25799372 12.52861673 0.00000000
    endloop
  endfacet
  facet normal -0.35644060 -0.93431799 0.00000000
    outer loop
      vertex 1.41675513 12.85335733 0.20000000
      vertex 1.38500957 12.86546820 0.20000000
      vertex 1.38500957 12.86546820 0.00000000
    endloop
  endfacet
  facet normal -0.35644060 -0.93431799 -0.00000000
    outer loop
      vertex 1.41675513 12.85335733 0.20000000
      vertex 1.38500957 12.86546820 0.00000000
      vertex 1.41675513 12.85335733 0.00000000
    endloop
  endfacet
  facet normal 0.00000000 -0.00000000 1.00000000
    outer loop
      vertex 1.25799372 12.52861673 0.20000000
      vertex 1.35317617 12.87733093 0.20000000
      vertex 1.22877387 12.53950551 0.20000000
    endloop
  endfacet
  facet normal 0.00000000 0.00000000 1.00000000
    outer loop
      vertex 1.25799372 12.52861673 0.20000000
      vertex 1.38500957 12.86546820 0.20000000
      vertex 1.35317617 12.87733093 0.20000000
    endloop
  endfacet
  facet normal 0.00000000 0.00000000 -1.00000000
    outer loop
      vertex 1.25799372 12.52861673 0.00000000
      vertex 1.22877387 12.53950551 0.00000000
      vertex 1.35317617 12.87733093 0.00000000
    endloop
  endfacet
  facet normal 0.00000000 0.00000000 -1.00000000
    outer loop
      vertex 1.25799372 12.52861673 0.00000000
      vertex 1.35317617 12.87733093 0.00000000
      vertex 1.38500957 12.86546820 0.00000000
    endloop
  endfacet
  facet normal 0.34919242 0.93705104 0.00000000
    outer loop
      vertex 1.25799372 12.52861673 0.20000000
      vertex 1.22877387 12.53950551 0.00000000
      vertex 1.22877387 12.53950551 0.20000000
    endloop
  endfacet
  facet normal 0.34919242 0.93705104 0.00000000
    outer loop
      vertex 1.25799372 12.52861673 0.20000000
      vertex 1.25799372 12.52861673 0.00000000
      vertex 1.22877387 12.53950551 0.00000000
    endloop
  endfacet
  facet normal -0.34919242 -0.93705104 0.00000000
    outer loop
      vertex 1.38500957 12.86546820 0.20000000
      vertex 1.35317617 12.87733093 0.20000000
      vertex 1.35317617 12.87733093 0.00000000
    endloop
  endfacet
  facet normal -0.34919242 -0.93705104 -0.00000000
    outer loop
      vertex 1.38500957 12.86546820 0.20000000
      vertex 1.35317617 12.87733093 0.00000000
      vertex 1.38500957 12.86546820 0.00000000
    endloop
  endfacet
  facet normal 0.00000000 -0.00000000 1.00000000
    outer loop
      vertex 1.22877387 12.53950551 0.20000000
      vertex 1.32125518 12.88894541 0.20000000
      vertex 1.19947452 12.55016611 0.20000000
    endloop
  endfacet
  facet normal 0.00000000 0.00000000 1.00000000
    outer loop
      vertex 1.22877387 12.53950551 0.20000000
      vertex 1.35317617 12.87733093 0.20000000
      vertex 1.32125518 12.88894541 0.20000000
    endloop
  endfacet
  facet normal 0.00000000 0.00000000 -1.00000000
    outer loop
      vertex 1.22877387 12.53950551 0.00000000
      vertex 1.19947452 12.55016611 0.00000000
      vertex 1.32125518 12.88894541 0.00000000
    endloop
  endfacet
  facet normal 0.00000000 0.00000000 -1.00000000
    outer loop
      vertex 1.22877387 12.53950551 0.00000000
      vertex 1.32125518 12.88894541 0.00000000
      vertex 1.35317617 12.87733093 0.00000000
    endloop
  endfacet
  facet normal 0.34192111 0.93972866 0.00000000
    outer loop
      vertex 1.22877387 12.53950551 0.20000000
      vertex 1.19947452 12.55016611 0.00000000
      vertex 1.19947452 12.55016611 0.20000000
    endloop
  endfacet
  facet normal 0.34192111 0.93972866 0.00000000
    outer loop
      vertex 1.22877387 12.53950551 0.20000000
      vertex 1.22877387 12.53950551 0.00000000
      vertex 1.19947452 12.55016611 0.00000000
    endloop
  endfacet
  facet normal -0.34192111 -0.93972866 0.00000000
    outer loop
      vertex 1.35317617 12.87733093 0.20000000
      vertex 1.32125518 12.88894541 0.20000000
      vertex 1.32125518 12.88894541 0.00000000
    endloop
  endfacet
  facet normal -0.34192111 -0.93972866 -0.00000000
    outer loop
      vertex 1.35317617 12.87733093 0.20000000
      vertex 1.32125518 12.88894541 0.00000000
      vertex 1.35317617 12.87733093 0.00000000
    endloop
  endfacet
  facet normal 0.00000000 -0.00000000 1.00000000
    outer loop
      vertex 1.19947452 12.55016611 0.20000000
      vertex 1.28924681 12.90031156 0.20000000
      vertex 1.17009543 12.56059860 0.20000000
    endloop
  endfacet
  facet normal 0.00000000 0.00000000 1.00000000
    outer loop
      vertex 1.19947452 12.55016611 0.20000000
      vertex 1.32125518 12.88894541 0.20000000
      vertex 1.28924681 12.90031156 0.20000000
    endloop
  endfacet
  facet normal 0.00000000 0.00000000 -1.00000000
    outer loop
      vertex 1.19947452 12.55016611 0.00000000
      vertex 1.17009543 12.56059860 0.00000000
      vertex 1.28924681 12.90031156 0.00000000
    endloop
  endfacet
  facet normal 0.00000000 0.00000000 -1.00000000
    outer loop
      vertex 1.19947452 12.55016611 0.00000000
      vertex 1.28924681 12.90031156 0.00000000
      vertex 1.32125518 12.88894541 0.00000000
    endloop
  endfacet
  facet normal 0.33462795 0.94235033 0.00000000
    outer loop
      vertex 1.19947452 12.55016611 0.20000000
      vertex 1.17009543 12.56059860 0.00000000
      vertex 1.17009543 12.56059860 0.20000000
    endloop
  endfacet
  facet normal 0.33462795 0.94235033 0.00000000
    outer loop
      vertex 1.19947452 12.55016611 0.20000000
      vertex 1.19947452 12.55016611 0.00000000
      vertex 1.17009543 12.56059860 0.00000000
    endloop
  endfacet
  facet normal -0.33462795 -0.94235033 0.00000000
    outer loop
      vertex 1.32125518 12.88894541 0.20000000
      vertex 1.28924681 12.90031156 0.20000000
      vertex 1.28924681 12.90031156 0.00000000
    endloop
  endfacet
  facet normal -0.33462795 -0.94235033 -0.00000000
    outer loop
      vertex 1.32125518 12.88894541 0.20000000
      vertex 1.28924681 12.90031156 0.00000000
      vertex 1.32125518 12.88894541 0.00000000
    endloop
  endfacet
  facet normal 0.00000000 -0.00000000 1.00000000
    outer loop
      vertex 1.17009543 12.56059860 0.20000000
      vertex 1.25715132 12.91142929 0.20000000
      vertex 1.14063637 12.57080308 0.20000000
    endloop
  endfacet
  facet normal 0.00000000 0.00000000 1.00000000
    outer loop
      vertex 1.17009543 12.56059860 0.20000000
      vertex 1.28924681 12.90031156 0.20000000
      vertex 1.25715132 12.91142929 0.20000000
    endloop
  endfacet
  facet normal 0.00000000 0.00000000 -1.00000000
    outer loop
      vertex 1.17009543 12.56059860 0.00000000
      vertex 1.14063637 12.57080308 0.00000000
      vertex 1.25715132 12.91142929 0.00000000
    endloop
  endfacet
  facet normal 0.00000000 0.00000000 -1.00000000
    outer loop
      vertex 1.17009543 12.56059860 0.00000000
      vertex 1.25715132 12.91142929 0.00000000
      vertex 1.28924681 12.90031156 0.00000000
    endloop
  endfacet
  facet normal 0.32731425 0.94491554 0.00000000
    outer loop
      vertex 1.17009543 12.56059860 0.20000000
      vertex 1.14063637 12.57080308 0.00000000
      vertex 1.14063637 12.57080308 0.20000000
    endloop
  endfacet
  facet normal 0.32731425 0.94491554 0.00000000
    outer loop
      vertex 1.17009543 12.56059860 0.20000000
      vertex 1.17009543 12.56059860 0.00000000
      vertex 1.14063637 12.57080308 0.00000000
    endloop
  endfacet
  facet normal -0.32731425 -0.94491554 0.00000000
    outer loop
      vertex 1.28924681 12.90031156 0.20000000
      vertex 1.25715132 12.91142929 0.20000000
      vertex 1.25715132 12.91142929 0.00000000
    endloop
  endfacet
  facet normal -0.32731425 -0.94491554 -0.00000000
    outer loop
      vertex 1.28924681 12.90031156 0.20000000
      vertex 1.25715132 12.91142929 0.00000000
      vertex 1.28924681 12.90031156 0.00000000
    endloop
  endfacet
  facet normal 0.00000000 -0.00000000 1.00000000
    outer loop
      vertex 1.14063637 12.57080308 0.20000000
      vertex 1.22496893 12.92229851 0.20000000
      vertex 1.11109709 12.58077963 0.20000000
    endloop
  endfacet
  facet normal 0.00000000 0.00000000 1.00000000
    outer loop
      vertex 1.14063637 12.57080308 0.20000000
      vertex 1.25715132 12.91142929 0.20000000
      vertex 1.22496893 12.92229851 0.20000000
    endloop
  endfacet
  facet normal 0.00000000 0.00000000 -1.00000000
    outer loop
      vertex 1.14063637 12.57080308 0.00000000
      vertex 1.11109709 12.58077963 0.00000000
      vertex 1.22496893 12.92229851 0.00000000
    endloop
  endfacet
  facet normal 0.00000000 0.00000000 -1.00000000
    outer loop
      vertex 1.14063637 12.57080308 0.00000000
      vertex 1.22496893 12.92229851 0.00000000
      vertex 1.25715132 12.91142929 0.00000000
    endloop
  endfacet
  facet normal 0.31998133 0.94742385 0.00000000
    outer loop
      vertex 1.14063637 12.57080308 0.20000000
      vertex 1.11109709 12.58077963 0.00000000
      vertex 1.11109709 12.58077963 0.20000000
    endloop
  endfacet
  facet normal 0.31998133 0.94742385 0.00000000
    outer loop
      vertex 1.14063637 12.57080308 0.20000000
      vertex 1.14063637 12.57080308 0.00000000
      vertex 1.11109709 12.58077963 0.00000000
    endloop
  endfacet
  facet normal -0.31998133 -0.94742385 0.00000000
    outer loop
      vertex 1.25715132 12.91142929 0.20000000
      vertex 1.22496893 12.92229851 0.20000000
      vertex 1.22496893 12.92229851 0.00000000
    endloop
  endfacet
  facet normal -0.31998133 -0.94742385 -0.00000000
    outer loop
      vertex 1.25715132 12.91142929 0.20000000
      vertex 1.22496893 12.92229851 0.00000000
      vertex 1.25715132 12.91142929 0.00000000
    endloop
  endfacet
  facet normal 0.00000000 -0.00000000 1.00000000
    outer loop
      vertex 1.11109709 12.58077963 0.20000000
      vertex 1.19269989 12.93291916 0.20000000
      vertex 1.08147736 12.59052831 0.20000000
    endloop
  endfacet
  facet normal 0.00000000 0.00000000 1.00000000
    outer loop
      vertex 1.11109709 12.58077963 0.20000000
      vertex 1.22496893 12.92229851 0.20000000
      vertex 1.19269989 12.93291916 0.20000000
    endloop
  endfacet
  facet normal 0.00000000 0.00000000 -1.00000000
    outer loop
      vertex 1.11109709 12.58077963 0.00000000
      vertex 1.08147736 12.59052831 0.00000000
      vertex 1.19269989 12.93291916 0.00000000
    endloop
  endfacet
  facet normal 0.00000000 0.00000000 -1.00000000
    outer loop
      vertex 1.11109709 12.58077963 0.00000000
      vertex 1.19269989 12.93291916 0.00000000
      vertex 1.22496893 12.92229851 0.00000000
    endloop
  endfacet
  facet normal 0.31263052 0.94987481 0.00000000
    outer loop
      vertex 1.11109709 12.58077963 0.20000000
      vertex 1.08147736 12.59052831 0.00000000
      vertex 1.08147736 12.59052831 0.20000000
    endloop
  endfacet
  facet normal 0.31263052 0.94987481 0.00000000
    outer loop
      vertex 1.11109709 12.58077963 0.20000000
      vertex 1.11109709 12.58077963 0.00000000
      vertex 1.08147736 12.59052831 0.00000000
    endloop
  endfacet
  facet normal -0.31263052 -0.94987481 0.00000000
    outer loop
      vertex 1.22496893 12.92229851 0.20000000
      vertex 1.19269989 12.93291916 0.20000000
      vertex 1.19269989 12.93291916 0.00000000
    endloop
  endfacet
  facet normal -0.31263052 -0.94987481 -0.00000000
    outer loop
      vertex 1.22496893 12.92229851 0.20000000
      vertex 1.19269989 12.93291916 0.00000000
      vertex 1.22496893 12.92229851 0.00000000
    endloop
  endfacet
  facet normal 0.00000000 -0.00000000 1.00000000
    outer loop
      vertex 1.08147736 12.59052831 0.20000000
      vertex 1.16034444 12.94329117 0.20000000
      vertex 1.05177694 12.60004921 0.20000000
    endloop
  endfacet
  facet normal 0.00000000 0.00000000 1.00000000
    outer loop
      vertex 1.08147736 12.59052831 0.20000000
      vertex 1.19269989 12.93291916 0.20000000
      vertex 1.16034444 12.94329117 0.20000000
    endloop
  endfacet
  facet normal 0.00000000 0.00000000 -1.00000000
    outer loop
      vertex 1.08147736 12.59052831 0.00000000
      vertex 1.05177694 12.60004921 0.00000000
      vertex 1.16034444 12.94329117 0.00000000
    endloop
  endfacet
  facet normal 0.00000000 0.00000000 -1.00000000
    outer loop
      vertex 1.08147736 12.59052831 0.00000000
      vertex 1.16034444 12.94329117 0.00000000
      vertex 1.19269989 12.93291916 0.00000000
    endloop
  endfacet
  facet normal 0.30526315 0.95226803 0.00000000
    outer loop
      vertex 1.08147736 12.59052831 0.20000000
      vertex 1.05177694 12.60004921 0.00000000
      vertex 1.05177694 12.60004921 0.20000000
    endloop
  endfacet
  facet normal 0.30526315 0.95226803 0.00000000
    outer loop
      vertex 1.08147736 12.59052831 0.20000000
      vertex 1.08147736 12.59052831 0.00000000
      vertex 1.05177694 12.60004921 0.00000000
    endloop
  endfacet
  facet normal -0.30526315 -0.95226803 0.00000000
    outer loop
      vertex 1.19269989 12.93291916 0.20000000
      vertex 1.16034444 12.94329117 0.20000000
      vertex 1.16034444 12.94329117 0.00000000
    endloop
  endfacet
  facet normal -0.30526315 -0.95226803 -0.00000000
    outer loop
      vertex 1.19269989 12.93291916 0.20000000
      vertex 1.16034444 12.94329117 0.00000000
      vertex 1.19269989 12.93291916 0.00000000
    endloop
  endfacet
  facet normal 0.00000000 -0.00000000 1.00000000
    outer loop
      vertex 1.05177694 12.60004921 0.20000000
      vertex 1.12790281 12.95341446 0.20000000
      vertex 1.02199558 12.60934238 0.20000000
    endloop
  endfacet
  facet normal 0.00000000 0.00000000 1.00000000
    outer loop
      vertex 1.05177694 12.60004921 0.20000000
      vertex 1.16034444 12.94329117 0.20000000
      vertex 1.12790281 12.95341446 0.20000000
    endloop
  endfacet
  facet normal 0.00000000 0.00000000 -1.00000000
    outer loop
      vertex 1.05177694 12.60004921 0.00000000
      vertex 1.02199558 12.60934238 0.00000000
      vertex 1.12790281 12.95341446 0.00000000
    endloop
  endfacet
  facet normal 0.00000000 0.00000000 -1.00000000
    outer loop
      vertex 1.05177694 12.60004921 0.00000000
      vertex 1.12790281 12.95341446 0.00000000
      vertex 1.16034444 12.94329117 0.00000000
    endloop
  endfacet
  facet normal 0.29788057 0.95460315 0.00000000
    outer loop
      vertex 1.05177694 12.60004921 0.20000000
      vertex 1.02199558 12.60934238 0.00000000
      vertex 1.02199558 12.60934238 0.20000000
    endloop
  endfacet
  facet normal 0.29788057 0.95460315 0.00000000
    outer loop
      vertex 1.05177694 12.60004921 0.20000000
      vertex 1.05177694 12.60004921 0.00000000
      vertex 1.02199558 12.60934238 0.00000000
    endloop
  endfacet
  facet normal -0.29788057 -0.95460315 0.00000000
    outer loop
      vertex 1.16034444 12.94329117 0.20000000
      vertex 1.12790281 12.95341446 0.20000000
      vertex 1.12790281 12.95341446 0.00000000
    endloop
  endfacet
  facet normal -0.29788057 -0.95460315 -0.00000000
    outer loop
      vertex 1.16034444 12.94329117 0.20000000
      vertex 1.12790281 12.95341446 0.00000000
      vertex 1.16034444 12.94329117 0.00000000
    endloop
  endfacet
  facet normal 0.00000000 -0.00000000 1.00000000
    outer loop
      vertex 1.02199558 12.60934238 0.20000000
      vertex 1.09537526 12.96328899 0.20000000
      vertex 0.99213304 12.61840788 0.20000000
    endloop
  endfacet
  facet normal 0.00000000 0.00000000 1.00000000
    outer loop
      vertex 1.02199558 12.60934238 0.20000000
      vertex 1.12790281 12.95341446 0.20000000
      vertex 1.09537526 12.96328899 0.20000000
    endloop
  endfacet
  facet normal 0.00000000 0.00000000 -1.00000000
    outer loop
      vertex 1.02199558 12.60934238 0.00000000
      vertex 0.99213304 12.61840788 0.00000000
      vertex 1.09537526 12.96328899 0.00000000
    endloop
  endfacet
  facet normal 0.00000000 0.00000000 -1.00000000
    outer loop
      vertex 1.02199558 12.60934238 0.00000000
      vertex 1.09537526 12.96328899 0.00000000
      vertex 1.12790281 12.95341446 0.00000000
    endloop
  endfacet
  facet normal 0.29048413 0.95687981 0.00000000
    outer loop
      vertex 1.02199558 12.60934238 0.20000000
      vertex 0.99213304 12.61840788 0.00000000
      vertex 0.99213304 12.61840788 0.20000000
    endloop
  endfacet
  facet normal 0.29048413 0.95687981 0.00000000
    outer loop
      vertex 1.02199558 12.60934238 0.20000000
      vertex 1.02199558 12.60934238 0.00000000
      vertex 0.99213304 12.61840788 0.00000000
    endloop
  endfacet
  facet normal -0.29048413 -0.95687981 0.00000000
    outer loop
      vertex 1.12790281 12.95341446 0.20000000
      vertex 1.09537526 12.96328899 0.20000000
      vertex 1.09537526 12.96328899 0.00000000
    endloop
  endfacet
  facet normal -0.29048413 -0.95687981 -0.00000000
    outer loop
      vertex 1.12790281 12.95341446 0.20000000
      vertex 1.09537526 12.96328899 0.00000000
      vertex 1.12790281 12.95341446 0.00000000
    endloop
  endfacet
  facet normal 0.00000000 -0.00000000 1.00000000
    outer loop
      vertex 0.99213304 12.61840788 0.20000000
      vertex 1.06276203 12.97291470 0.20000000
      vertex 0.96218908 12.62724576 0.20000000
    endloop
  endfacet
  facet normal 0.00000000 0.00000000 1.00000000
    outer loop
      vertex 0.99213304 12.61840788 0.20000000
      vertex 1.09537526 12.96328899 0.20000000
      vertex 1.06276203 12.97291470 0.20000000
    endloop
  endfacet
  facet normal 0.00000000 0.00000000 -1.00000000
    outer loop
      vertex 0.99213304 12.61840788 0.00000000
      vertex 0.96218908 12.62724576 0.00000000
      vertex 1.06276203 12.97291470 0.00000000
    endloop
  endfacet
  facet normal 0.00000000 0.00000000 -1.00000000
    outer loop
      vertex 0.99213304 12.61840788 0.00000000
      vertex 1.06276203 12.97291470 0.00000000
      vertex 1.09537526 12.96328899 0.00000000
    endloop
  endfacet
  facet normal 0.28307519 0.95909772 0.00000000
    outer loop
      vertex 0.99213304 12.61840788 0.20000000
      vertex 0.96218908 12.62724576 0.00000000
      vertex 0.96218908 12.62724576 0.20000000
    endloop
  endfacet
  facet normal 0.28307519 0.95909772 0.00000000
    outer loop
      vertex 0.99213304 12.61840788 0.20000000
      vertex 0.99213304 12.61840788 0.00000000
      vertex 0.96218908 12.62724576 0.00000000
    endloop
  endfacet
  facet normal -0.28307519 -0.95909772 0.00000000
    outer loop
      vertex 1.09537526 12.96328899 0.20000000
      vertex 1.06276203 12.97291470 0.20000000
      vertex 1.06276203 12.97291470 0.00000000
    endloop
  endfacet
  facet normal -0.28307519 -0.95909772 -0.00000000
    outer loop
      vertex 1.09537526 12.96328899 0.20000000
      vertex 1.06276203 12.97291470 0.00000000
      vertex 1.09537526 12.96328899 0.00000000
    endloop
  endfacet
  facet normal 0.00000000 -0.00000000 1.00000000
    outer loop
      vertex 0.96218908 12.62724576 0.20000000
      vertex 1.03006337 12.98229154 0.20000000
      vertex 0.93216345 12.63585607 0.20000000
    endloop
  endfacet
  facet normal 0.00000000 0.00000000 1.00000000
    outer loop
      vertex 0.96218908 12.62724576 0.20000000
      vertex 1.06276203 12.97291470 0.20000000
      vertex 1.03006337 12.98229154 0.20000000
    endloop
  endfacet
  facet normal 0.00000000 0.00000000 -1.00000000
    outer loop
      vertex 0.96218908 12.62724576 0.00000000
      vertex 0.93216345 12.63585607 0.00000000
      vertex 1.03006337 12.98229154 0.00000000
    endloop
  endfacet
  facet normal 0.00000000 0.00000000 -1.00000000
    outer loop
      vertex 0.96218908 12.62724576 0.00000000
      vertex 1.03006337 12.98229154 0.00000000
      vertex 1.06276203 12.97291470 0.00000000
    endloop
  endfacet
  facet normal 0.27565510 0.96125661 0.00000000
    outer loop
      vertex 0.96218908 12.62724576 0.20000000
      vertex 0.93216345 12.63585607 0.00000000
      vertex 0.93216345 12.63585607 0.20000000
    endloop
  endfacet
  facet normal 0.27565510 0.96125661 0.00000000
    outer loop
      vertex 0.96218908 12.62724576 0.20000000
      vertex 0.96218908 12.62724576 0.00000000
      vertex 0.93216345 12.63585607 0.00000000
    endloop
  endfacet
  facet normal -0.27565510 -0.96125661 0.00000000
    outer loop
      vertex 1.06276203 12.97291470 0.20000000
      vertex 1.03006337 12.98229154 0.20000000
      vertex 1.03006337 12.98229154 0.00000000
    endloop
  endfacet
  facet normal -0.27565510 -0.96125661 -0.00000000
    outer loop
      vertex 1.06276203 12.97291470 0.20000000
      vertex 1.03006337 12.98229154 0.00000000
      vertex 1.06276203 12.97291470 0.00000000
    endloop
  endfacet
  facet normal 0.00000000 -0.00000000 1.00000000
    outer loop
      vertex 0.93216345 12.63585607 0.20000000
      vertex 0.99727951 12.99141948 0.20000000
      vertex 0.90205590 12.64423885 0.20000000
    endloop
  endfacet
  facet normal 0.00000000 0.00000000 1.00000000
    outer loop
      vertex 0.93216345 12.63585607 0.20000000
      vertex 1.03006337 12.98229154 0.20000000
      vertex 0.99727951 12.99141948 0.20000000
    endloop
  endfacet
  facet normal 0.00000000 0.00000000 -1.00000000
    outer loop
      vertex 0.93216345 12.63585607 0.00000000
      vertex 0.90205590 12.64423885 0.00000000
      vertex 0.99727951 12.99141948 0.00000000
    endloop
  endfacet
  facet normal 0.00000000 0.00000000 -1.00000000
    outer loop
      vertex 0.93216345 12.63585607 0.00000000
      vertex 0.99727951 12.99141948 0.00000000
      vertex 1.03006337 12.98229154 0.00000000
    endloop
  endfacet
  facet normal 0.26822524 0.96335623 0.00000000
    outer loop
      vertex 0.93216345 12.63585607 0.20000000
      vertex 0.90205590 12.64423885 0.00000000
      vertex 0.90205590 12.64423885 0.20000000
    endloop
  endfacet
  facet normal 0.26822524 0.96335623 0.00000000
    outer loop
      vertex 0.93216345 12.63585607 0.20000000
      vertex 0.93216345 12.63585607 0.00000000
      vertex 0.90205590 12.64423885 0.00000000
    endloop
  endfacet
  facet normal -0.26822524 -0.96335623 0.00000000
    outer loop
      vertex 1.03006337 12.98229154 0.20000000
      vertex 0.99727951 12.99141948 0.20000000
      vertex 0.99727951 12.99141948 0.00000000
    endloop
  endfacet
  facet normal -0.26822524 -0.96335623 -0.00000000
    outer loop
      vertex 1.03006337 12.98229154 0.20000000
      vertex 0.99727951 12.99141948 0.00000000
      vertex 1.03006337 12.98229154 0.00000000
    endloop
  endfacet
  facet normal 0.00000000 -0.00000000 1.00000000
    outer loop
      vertex 0.90205590 12.64423885 0.20000000
      vertex 0.96441071 13.00029848 0.20000000
      vertex 0.87186619 12.65239414 0.20000000
    endloop
  endfacet
  facet normal 0.00000000 0.00000000 1.00000000
    outer loop
      vertex 0.90205590 12.64423885 0.20000000
      vertex 0.99727951 12.99141948 0.20000000
      vertex 0.96441071 13.00029848 0.20000000
    endloop
  endfacet
  facet normal 0.00000000 0.00000000 -1.00000000
    outer loop
      vertex 0.90205590 12.64423885 0.00000000
      vertex 0.87186619 12.65239414 0.00000000
      vertex 0.96441071 13.00029848 0.00000000
    endloop
  endfacet
  facet normal 0.00000000 0.00000000 -1.00000000
    outer loop
      vertex 0.90205590 12.64423885 0.00000000
      vertex 0.96441071 13.00029848 0.00000000
      vertex 0.99727951 12.99141948 0.00000000
    endloop
  endfacet
  facet normal 0.26078696 0.96539638 0.00000000
    outer loop
      vertex 0.90205590 12.64423885 0.20000000
      vertex 0.87186619 12.65239414 0.00000000
      vertex 0.87186619 12.65239414 0.20000000
    endloop
  endfacet
  facet normal 0.26078696 0.96539638 0.00000000
    outer loop
      vertex 0.90205590 12.64423885 0.20000000
      vertex 0.90205590 12.64423885 0.00000000
      vertex 0.87186619 12.65239414 0.00000000
    endloop
  endfacet
  facet normal -0.26078696 -0.96539638 0.00000000
    outer loop
      vertex 0.99727951 12.99141948 0.20000000
      vertex 0.96441071 13.00029848 0.20000000
      vertex 0.96441071 13.00029848 0.00000000
    endloop
  endfacet
  facet normal -0.26078696 -0.96539638 -0.00000000
    outer loop
      vertex 0.99727951 12.99141948 0.20000000
      vertex 0.96441071 13.00029848 0.00000000
      vertex 0.99727951 12.99141948 0.00000000
    endloop
  endfacet
  facet normal 0.00000000 -0.00000000 1.00000000
    outer loop
      vertex 0.87186619 12.65239414 0.20000000
      vertex 0.93145721 13.00892852 0.20000000
      vertex 0.84159407 12.66032195 0.20000000
    endloop
  endfacet
  facet normal 0.00000000 0.00000000 1.00000000
    outer loop
      vertex 0.87186619 12.65239414 0.20000000
      vertex 0.96441071 13.00029848 0.20000000
      vertex 0.93145721 13.00892852 0.20000000
    endloop
  endfacet
  facet normal 0.00000000 0.00000000 -1.00000000
    outer loop
      vertex 0.87186619 12.65239414 0.00000000
      vertex 0.84159407 12.66032195 0.00000000
      vertex 0.93145721 13.00892852 0.00000000
    endloop
  endfacet
  facet normal 0.00000000 0.00000000 -1.00000000
    outer loop
      vertex 0.87186619 12.65239414 0.00000000
      vertex 0.93145721 13.00892852 0.00000000
      vertex 0.96441071 13.00029848 0.00000000
    endloop
  endfacet
  facet normal 0.25334163 0.96737687 0.00000000
    outer loop
      vertex 0.87186619 12.65239414 0.20000000
      vertex 0.84159407 12.66032195 0.00000000
      vertex 0.84159407 12.66032195 0.20000000
    endloop
  endfacet
  facet normal 0.25334163 0.96737687 0.00000000
    outer loop
      vertex 0.87186619 12.65239414 0.20000000
      vertex 0.87186619 12.65239414 0.00000000
      vertex 0.84159407 12.66032195 0.00000000
    endloop
  endfacet
  facet normal -0.25334163 -0.96737687 0.00000000
    outer loop
      vertex 0.96441071 13.00029848 0.20000000
      vertex 0.93145721 13.00892852 0.20000000
      vertex 0.93145721 13.00892852 0.00000000
    endloop
  endfacet
  facet normal -0.25334163 -0.96737687 -0.00000000
    outer loop
      vertex 0.96441071 13.00029848 0.20000000
      vertex 0.93145721 13.00892852 0.00000000
      vertex 0.96441071 13.00029848 0.00000000
    endloop
  endfacet
  facet normal 0.00000000 -0.00000000 1.00000000
    outer loop
      vertex 0.84159407 12.66032195 0.20000000
      vertex 0.89841926 13.01730956 0.20000000
      vertex 0.81123931 12.66802233 0.20000000
    endloop
  endfacet
  facet normal 0.00000000 0.00000000 1.00000000
    outer loop
      vertex 0.84159407 12.66032195 0.20000000
      vertex 0.93145721 13.00892852 0.20000000
      vertex 0.89841926 13.01730956 0.20000000
    endloop
  endfacet
  facet normal 0.00000000 0.00000000 -1.00000000
    outer loop
      vertex 0.84159407 12.66032195 0.00000000
      vertex 0.81123931 12.66802233 0.00000000
      vertex 0.89841926 13.01730956 0.00000000
    endloop
  endfacet
  facet normal 0.00000000 0.00000000 -1.00000000
    outer loop
      vertex 0.84159407 12.66032195 0.00000000
      vertex 0.89841926 13.01730956 0.00000000
      vertex 0.93145721 13.00892852 0.00000000
    endloop
  endfacet
  facet normal 0.24589062 0.96929758 0.00000000
    outer loop
      vertex 0.84159407 12.66032195 0.20000000
      vertex 0.81123931 12.66802233 0.00000000
      vertex 0.81123931 12.66802233 0.20000000
    endloop
  endfacet
  facet normal 0.24589062 0.96929758 0.00000000
    outer loop
      vertex 0.84159407 12.66032195 0.20000000
      vertex 0.84159407 12.66032195 0.00000000
      vertex 0.81123931 12.66802233 0.00000000
    endloop
  endfacet
  facet normal -0.24589062 -0.96929758 0.00000000
    outer loop
      vertex 0.93145721 13.00892852 0.20000000
      vertex 0.89841926 13.01730956 0.20000000
      vertex 0.89841926 13.01730956 0.00000000
    endloop
  endfacet
  facet normal -0.24589062 -0.96929758 -0.00000000
    outer loop
      vertex 0.93145721 13.00892852 0.20000000
      vertex 0.89841926 13.01730956 0.00000000
      vertex 0.93145721 13.00892852 0.00000000
    endloop
  endfacet
  facet normal 0.00000000 -0.00000000 1.00000000
    outer loop
      vertex 0.81123931 12.66802233 0.20000000
      vertex 0.86529709 13.02544159 0.20000000
      vertex 0.78080164 12.67549527 0.20000000
    endloop
  endfacet
  facet normal 0.00000000 0.00000000 1.00000000
    outer loop
      vertex 0.81123931 12.66802233 0.20000000
      vertex 0.89841926 13.01730956 0.20000000
      vertex 0.86529709 13.02544159 0.20000000
    endloop
  endfacet
  facet normal 0.00000000 0.00000000 -1.00000000
    outer loop
      vertex 0.81123931 12.66802233 0.00000000
      vertex 0.78080164 12.67549527 0.00000000
      vertex 0.86529709 13.02544159 0.00000000
    endloop
  endfacet
  facet normal 0.00000000 0.00000000 -1.00000000
    outer loop
      vertex 0.81123931 12.66802233 0.00000000
      vertex 0.86529709 13.02544159 0.00000000
      vertex 0.89841926 13.01730956 0.00000000
    endloop
  endfacet
  facet normal 0.23843528 0.97115839 0.00000000
    outer loop
      vertex 0.81123931 12.66802233 0.20000000
      vertex 0.78080164 12.67549527 0.00000000
      vertex 0.78080164 12.67549527 0.20000000
    endloop
  endfacet
  facet normal 0.23843528 0.97115839 0.00000000
    outer loop
      vertex 0.81123931 12.66802233 0.20000000
      vertex 0.81123931 12.66802233 0.00000000
      vertex 0.78080164 12.67549527 0.00000000
    endloop
  endfacet
  facet normal -0.23843528 -0.97115839 0.00000000
    outer loop
      vertex 0.89841926 13.01730956 0.20000000
      vertex 0.86529709 13.02544159 0.20000000
      vertex 0.86529709 13.02544159 0.00000000
    endloop
  endfacet
  facet normal -0.23843528 -0.97115839 -0.00000000
    outer loop
      vertex 0.89841926 13.01730956 0.20000000
      vertex 0.86529709 13.02544159 0.00000000
      vertex 0.89841926 13.01730956 0.00000000
    endloop
  endfacet
  facet normal 0.00000000 -0.00000000 1.00000000
    outer loop
      vertex 0.78080164 12.67549527 0.20000000
      vertex 0.83209097 13.03332460 0.20000000
      vertex 0.75028084 12.68274080 0.20000000
    endloop
  endfacet
  facet normal 0.00000000 0.00000000 1.00000000
    outer loop
      vertex 0.78080164 12.67549527 0.20000000
      vertex 0.86529709 13.02544159 0.20000000
      vertex 0.83209097 13.03332460 0.20000000
    endloop
  endfacet
  facet normal 0.00000000 0.00000000 -1.00000000
    outer loop
      vertex 0.78080164 12.67549527 0.00000000
      vertex 0.75028084 12.68274080 0.00000000
      vertex 0.83209097 13.03332460 0.00000000
    endloop
  endfacet
  facet normal 0.00000000 0.00000000 -1.00000000
    outer loop
      vertex 0.78080164 12.67549527 0.00000000
      vertex 0.83209097 13.03332460 0.00000000
      vertex 0.86529709 13.02544159 0.00000000
    endloop
  endfacet
  facet normal 0.23097698 0.97295921 0.00000000
    outer loop
      vertex 0.78080164 12.67549527 0.20000000
      vertex 0.75028084 12.68274080 0.00000000
      vertex 0.75028084 12.68274080 0.20000000
    endloop
  endfacet
  facet normal 0.23097698 0.97295921 0.00000000
    outer loop
      vertex 0.78080164 12.67549527 0.20000000
      vertex 0.78080164 12.67549527 0.00000000
      vertex 0.75028084 12.68274080 0.00000000
    endloop
  endfacet
  facet normal -0.23097698 -0.97295921 0.00000000
    outer loop
      vertex 0.86529709 13.02544159 0.20000000
      vertex 0.83209097 13.03332460 0.20000000
      vertex 0.83209097 13.03332460 0.00000000
    endloop
  endfacet
  facet normal -0.23097698 -0.97295921 -0.00000000
    outer loop
      vertex 0.86529709 13.02544159 0.20000000
      vertex 0.83209097 13.03332460 0.00000000
      vertex 0.86529709 13.02544159 0.00000000
    endloop
  endfacet
  facet normal 0.00000000 -0.00000000 1.00000000
    outer loop
      vertex 0.75028084 12.68274080 0.20000000
      vertex 0.79880112 13.04095859 0.20000000
      vertex 0.71967665 12.68975892 0.20000000
    endloop
  endfacet
  facet normal 0.00000000 0.00000000 1.00000000
    outer loop
      vertex 0.75028084 12.68274080 0.20000000
      vertex 0.83209097 13.03332460 0.20000000
      vertex 0.79880112 13.04095859 0.20000000
    endloop
  endfacet
  facet normal 0.00000000 0.00000000 -1.00000000
    outer loop
      vertex 0.75028084 12.68274080 0.00000000
      vertex 0.71967665 12.68975892 0.00000000
      vertex 0.79880112 13.04095859 0.00000000
    endloop
  endfacet
  facet normal 0.00000000 0.00000000 -1.00000000
    outer loop
      vertex 0.75028084 12.68274080 0.00000000
      vertex 0.79880112 13.04095859 0.00000000
      vertex 0.83209097 13.03332460 0.00000000
    endloop
  endfacet
  facet normal 0.22351707 0.97470001 0.00000000
    outer loop
      vertex 0.75028084 12.68274080 0.20000000
      vertex 0.71967665 12.68975892 0.00000000
      vertex 0.71967665 12.68975892 0.20000000
    endloop
  endfacet
  facet normal 0.22351707 0.97470001 0.00000000
    outer loop
      vertex 0.75028084 12.68274080 0.20000000
      vertex 0.75028084 12.68274080 0.00000000
      vertex 0.71967665 12.68975892 0.00000000
    endloop
  endfacet
  facet normal -0.22351707 -0.97470001 0.00000000
    outer loop
      vertex 0.83209097 13.03332460 0.20000000
      vertex 0.79880112 13.04095859 0.20000000
      vertex 0.79880112 13.04095859 0.00000000
    endloop
  endfacet
  facet normal -0.22351707 -0.97470001 -0.00000000
    outer loop
      vertex 0.83209097 13.03332460 0.20000000
      vertex 0.79880112 13.04095859 0.00000000
      vertex 0.83209097 13.03332460 0.00000000
    endloop
  endfacet
  facet normal 0.00000000 -0.00000000 1.00000000
    outer loop
      vertex 0.71967665 12.68975892 0.20000000
      vertex 0.76576302 13.04826938 0.20000000
      vertex 0.68865361 12.69662380 0.20000000
    endloop
  endfacet
  facet normal 0.00000000 0.00000000 1.00000000
    outer loop
      vertex 0.71967665 12.68975892 0.20000000
      vertex 0.79880112 13.04095859 0.20000000
      vertex 0.76576302 13.04826938 0.20000000
    endloop
  endfacet
  facet normal 0.00000000 0.00000000 -1.00000000
    outer loop
      vertex 0.71967665 12.68975892 0.00000000
      vertex 0.68865361 12.69662380 0.00000000
      vertex 0.76576302 13.04826938 0.00000000
    endloop
  endfacet
  facet normal 0.00000000 0.00000000 -1.00000000
    outer loop
      vertex 0.71967665 12.68975892 0.00000000
      vertex 0.76576302 13.04826938 0.00000000
      vertex 0.79880112 13.04095859 0.00000000
    endloop
  endfacet
  facet normal 0.21605691 0.97638077 0.00000000
    outer loop
      vertex 0.71967665 12.68975892 0.20000000
      vertex 0.68865361 12.69662380 0.00000000
      vertex 0.68865361 12.69662380 0.20000000
    endloop
  endfacet
  facet normal 0.21605691 0.97638077 0.00000000
    outer loop
      vertex 0.71967665 12.68975892 0.20000000
      vertex 0.71967665 12.68975892 0.00000000
      vertex 0.68865361 12.69662380 0.00000000
    endloop
  endfacet
  facet normal -0.21605691 -0.97638077 0.00000000
    outer loop
      vertex 0.79880112 13.04095859 0.20000000
      vertex 0.76576302 13.04826938 0.20000000
      vertex 0.76576302 13.04826938 0.00000000
    endloop
  endfacet
  facet normal -0.21605691 -0.97638077 -0.00000000
    outer loop
      vertex 0.79880112 13.04095859 0.20000000
      vertex 0.76576302 13.04826938 0.00000000
      vertex 0.79880112 13.04095859 0.00000000
    endloop
  endfacet
  facet normal 0.00000000 0.00000000 1.00000000
    outer loop
      vertex 0.68865361 12.69662380 0.20000000
      vertex -0.35517250 13.29182788 0.20000000
      vertex -0.43026227 12.93974347 0.20000000
    endloop
  endfacet
  facet normal 0.00000000 -0.00000000 1.00000000
    outer loop
      vertex 0.68865361 12.69662380 0.20000000
      vertex 0.76576302 13.04826938 0.20000000
      vertex -0.35517250 13.29182788 0.20000000
    endloop
  endfacet
  facet normal 0.00000000 0.00000000 -1.00000000
    outer loop
      vertex 0.68865361 12.69662380 0.00000000
      vertex -0.43026227 12.93974347 0.00000000
      vertex -0.35517250 13.29182788 0.00000000
    endloop
  endfacet
  facet normal 0.00000000 0.00000000 -1.00000000
    outer loop
      vertex 0.68865361 12.69662380 0.00000000
      vertex -0.35517250 13.29182788 0.00000000
      vertex 0.76576302 13.04826938 0.00000000
    endloop
  endfacet
  facet normal 0.21232714 0.97719864 0.00000000
    outer loop
      vertex 0.68865361 12.69662380 0.20000000
      vertex -0.43026227 12.93974347 0.00000000
      vertex -0.43026227 12.93974347 0.20000000
    endloop
  endfacet
  facet normal 0.21232714 0.97719864 0.00000000
    outer loop
      vertex 0.68865361 12.69662380 0.20000000
      vertex 0.68865361 12.69662380 0.00000000
      vertex -0.43026227 12.93974347 0.00000000
    endloop
  endfacet
  facet normal -0.21232714 -0.97719864 0.00000000
    outer loop
      vertex 0.76576302 13.04826938 0.20000000
      vertex -0.35517250 13.29182788 0.20000000
      vertex -0.35517250 13.29182788 0.00000000
    endloop
  endfacet
  facet normal -0.21232714 -0.97719864 -0.00000000
    outer loop
      vertex 0.76576302 13.04826938 0.20000000
      vertex -0.35517250 13.29182788 0.00000000
      vertex 0.76576302 13.04826938 0.00000000
    endloop
  endfacet
  facet normal 0.00000000 0.00000000 1.00000000
    outer loop
      vertex -0.43026227 12.93974347 0.20000000
      vertex -0.44068735 13.30972351 0.20000000
      vertex -0.51171083 12.95678815 0.20000000
    endloop
  endfacet
  facet normal 0.00000000 -0.00000000 1.00000000
    outer loop
      vertex -0.43026227 12.93974347 0.20000000
      vertex -0.35517250 13.29182788 0.20000000
      vertex -0.44068735 13.30972351 0.20000000
    endloop
  endfacet
  facet normal 0.00000000 0.00000000 -1.00000000
    outer loop
      vertex -0.43026227 12.93974347 0.00000000
      vertex -0.51171083 12.95678815 0.00000000
      vertex -0.44068735 13.30972351 0.00000000
    endloop
  endfacet
  facet normal 0.00000000 0.00000000 -1.00000000
    outer loop
      vertex -0.43026227 12.93974347 0.00000000
      vertex -0.44068735 13.30972351 0.00000000
      vertex -0.35517250 13.29182788 0.00000000
    endloop
  endfacet
  facet normal 0.20483215 0.97879711 0.00000000
    outer loop
      vertex -0.43026227 12.93974347 0.20000000
      vertex -0.51171083 12.95678815 0.00000000
      vertex -0.51171083 12.95678815 0.20000000
    endloop
  endfacet
  facet normal 0.20483215 0.97879711 0.00000000
    outer loop
      vertex -0.43026227 12.93974347 0.20000000
      vertex -0.43026227 12.93974347 0.00000000
      vertex -0.51171083 12.95678815 0.00000000
    endloop
  endfacet
  facet normal -0.20483215 -0.97879711 0.00000000
    outer loop
      vertex -0.35517250 13.29182788 0.20000000
      vertex -0.44068735 13.30972351 0.20000000
      vertex -0.44068735 13.30972351 0.00000000
    endloop
  endfacet
  facet normal -0.20483215 -0.97879711 -0.00000000
    outer loop
      vertex -0.35517250 13.29182788 0.20000000
      vertex -0.44068735 13.30972351 0.00000000
      vertex -0.35517250 13.29182788 0.00000000
    endloop
  endfacet
  facet normal 0.00000000 0.00000000 1.00000000
    outer loop
      vertex -0.51171083 12.95678815 0.20000000
      vertex -0.52684716 13.32637205 0.20000000
      vertex -0.59240151 12.97237990 0.20000000
    endloop
  endfacet
  facet normal 0.00000000 -0.00000000 1.00000000
    outer loop
      vertex -0.51171083 12.95678815 0.20000000
      vertex -0.44068735 13.30972351 0.20000000
      vertex -0.52684716 13.32637205 0.20000000
    endloop
  endfacet
  facet normal 0.00000000 0.00000000 -1.00000000
    outer loop
      vertex -0.51171083 12.95678815 0.00000000
      vertex -0.59240151 12.97237990 0.00000000
      vertex -0.52684716 13.32637205 0.00000000
    endloop
  endfacet
  facet normal 0.00000000 0.00000000 -1.00000000
    outer loop
      vertex -0.51171083 12.95678815 0.00000000
      vertex -0.52684716 13.32637205 0.00000000
      vertex -0.44068735 13.30972351 0.00000000
    endloop
  endfacet
  facet normal 0.18971927 0.98183838 0.00000000
    outer loop
      vertex -0.51171083 12.95678815 0.20000000
      vertex -0.59240151 12.97237990 0.00000000
      vertex -0.59240151 12.97237990 0.20000000
    endloop
  endfacet
  facet normal 0.18971927 0.98183838 0.00000000
    outer loop
      vertex -0.51171083 12.95678815 0.20000000
      vertex -0.51171083 12.95678815 0.00000000
      vertex -0.59240151 12.97237990 0.00000000
    endloop
  endfacet
  facet normal -0.18971927 -0.98183838 0.00000000
    outer loop
      vertex -0.44068735 13.30972351 0.20000000
      vertex -0.52684716 13.32637205 0.20000000
      vertex -0.52684716 13.32637205 0.00000000
    endloop
  endfacet
  facet normal -0.18971927 -0.98183838 -0.00000000
    outer loop
      vertex -0.44068735 13.30972351 0.20000000
      vertex -0.52684716 13.32637205 0.00000000
      vertex -0.44068735 13.30972351 0.00000000
    endloop
  endfacet
  facet normal 0.00000000 0.00000000 1.00000000
    outer loop
      vertex -0.59240151 12.97237990 0.20000000
      vertex -0.61297793 13.34163151 0.20000000
      vertex -0.67300830 12.98666070 0.20000000
    endloop
  endfacet
  facet normal 0.00000000 -0.00000000 1.00000000
    outer loop
      vertex -0.59240151 12.97237990 0.20000000
      vertex -0.52684716 13.32637205 0.20000000
      vertex -0.61297793 13.34163151 0.20000000
    endloop
  endfacet
  facet normal 0.00000000 0.00000000 -1.00000000
    outer loop
      vertex -0.59240151 12.97237990 0.00000000
      vertex -0.67300830 12.98666070 0.00000000
      vertex -0.61297793 13.34163151 0.00000000
    endloop
  endfacet
  facet normal 0.00000000 0.00000000 -1.00000000
    outer loop
      vertex -0.59240151 12.97237990 0.00000000
      vertex -0.61297793 13.34163151 0.00000000
      vertex -0.52684716 13.32637205 0.00000000
    endloop
  endfacet
  facet normal 0.17444959 0.98466611 0.00000000
    outer loop
      vertex -0.59240151 12.97237990 0.20000000
      vertex -0.67300830 12.98666070 0.00000000
      vertex -0.67300830 12.98666070 0.20000000
    endloop
  endfacet
  facet normal 0.17444959 0.98466611 0.00000000
    outer loop
      vertex -0.59240151 12.97237990 0.20000000
      vertex -0.59240151 12.97237990 0.00000000
      vertex -0.67300830 12.98666070 0.00000000
    endloop
  endfacet
  facet normal -0.17444959 -0.98466611 0.00000000
    outer loop
      vertex -0.52684716 13.32637205 0.20000000
      vertex -0.61297793 13.34163151 0.20000000
      vertex -0.61297793 13.34163151 0.00000000
    endloop
  endfacet
  facet normal -0.17444959 -0.98466611 -0.00000000
    outer loop
      vertex -0.52684716 13.32637205 0.20000000
      vertex -0.61297793 13.34163151 0.00000000
      vertex -0.52684716 13.32637205 0.00000000
    endloop
  endfacet
  facet normal 0.00000000 0.00000000 1.00000000
    outer loop
      vertex -0.67300830 12.98666070 0.20000000
      vertex -0.69907800 13.35550069 0.20000000
      vertex -0.75353285 12.99963176 0.20000000
    endloop
  endfacet
  facet normal 0.00000000 -0.00000000 1.00000000
    outer loop
      vertex -0.67300830 12.98666070 0.20000000
      vertex -0.61297793 13.34163151 0.20000000
      vertex -0.69907800 13.35550069 0.20000000
    endloop
  endfacet
  facet normal 0.00000000 0.00000000 -1.00000000
    outer loop
      vertex -0.67300830 12.98666070 0.00000000
      vertex -0.75353285 12.99963176 0.00000000
      vertex -0.69907800 13.35550069 0.00000000
    endloop
  endfacet
  facet normal 0.00000000 0.00000000 -1.00000000
    outer loop
      vertex -0.67300830 12.98666070 0.00000000
      vertex -0.69907800 13.35550069 0.00000000
      vertex -0.61297793 13.34163151 0.00000000
    endloop
  endfacet
  facet normal 0.15903206 0.98727342 0.00000000
    outer loop
      vertex -0.67300830 12.98666070 0.20000000
      vertex -0.75353285 12.99963176 0.00000000
      vertex -0.75353285 12.99963176 0.20000000
    endloop
  endfacet
  facet normal 0.15903206 0.98727342 0.00000000
    outer loop
      vertex -0.67300830 12.98666070 0.20000000
      vertex -0.67300830 12.98666070 0.00000000
      vertex -0.75353285 12.99963176 0.00000000
    endloop
  endfacet
  facet normal -0.15903206 -0.98727342 0.00000000
    outer loop
      vertex -0.61297793 13.34163151 0.20000000
      vertex -0.69907800 13.35550069 0.20000000
      vertex -0.69907800 13.35550069 0.00000000
    endloop
  endfacet
  facet normal -0.15903206 -0.98727342 -0.00000000
    outer loop
      vertex -0.61297793 13.34163151 0.20000000
      vertex -0.69907800 13.35550069 0.00000000
      vertex -0.61297793 13.34163151 0.00000000
    endloop
  endfacet
  facet normal 0.00000000 0.00000000 1.00000000
    outer loop
      vertex -0.75353285 12.99963176 0.20000000
      vertex -0.78514563 13.36797844 0.20000000
      vertex -0.83397693 13.01129423 0.20000000
    endloop
  endfacet
  facet normal 0.00000000 -0.00000000 1.00000000
    outer loop
      vertex -0.75353285 12.99963176 0.20000000
      vertex -0.69907800 13.35550069 0.20000000
      vertex -0.78514563 13.36797844 0.20000000
    endloop
  endfacet
  facet normal 0.00000000 0.00000000 -1.00000000
    outer loop
      vertex -0.75353285 12.99963176 0.00000000
      vertex -0.83397693 13.01129423 0.00000000
      vertex -0.78514563 13.36797844 0.00000000
    endloop
  endfacet
  facet normal 0.00000000 0.00000000 -1.00000000
    outer loop
      vertex -0.75353285 12.99963176 0.00000000
      vertex -0.78514563 13.36797844 0.00000000
      vertex -0.69907800 13.35550069 0.00000000
    endloop
  endfacet
  facet normal 0.14347616 0.98965377 0.00000000
    outer loop
      vertex -0.75353285 12.99963176 0.20000000
      vertex -0.83397693 13.01129423 0.00000000
      vertex -0.83397693 13.01129423 0.20000000
    endloop
  endfacet
  facet normal 0.14347616 0.98965377 0.00000000
    outer loop
      vertex -0.75353285 12.99963176 0.20000000
      vertex -0.75353285 12.99963176 0.00000000
      vertex -0.83397693 13.01129423 0.00000000
    endloop
  endfacet
  facet normal -0.14347616 -0.98965377 0.00000000
    outer loop
      vertex -0.69907800 13.35550069 0.20000000
      vertex -0.78514563 13.36797844 0.20000000
      vertex -0.78514563 13.36797844 0.00000000
    endloop
  endfacet
  facet normal -0.14347616 -0.98965377 -0.00000000
    outer loop
      vertex -0.69907800 13.35550069 0.20000000
      vertex -0.78514563 13.36797844 0.00000000
      vertex -0.69907800 13.35550069 0.00000000
    endloop
  endfacet
  facet normal 0.00000000 0.00000000 1.00000000
    outer loop
      vertex -0.83397693 13.01129423 0.20000000
      vertex -0.87117897 13.37906369 0.20000000
      vertex -0.91434237 13.02164918 0.20000000
    endloop
  endfacet
  facet normal 0.00000000 -0.00000000 1.00000000
    outer loop
      vertex -0.83397693 13.01129423 0.20000000
      vertex -0.78514563 13.36797844 0.20000000
      vertex -0.87117897 13.37906369 0.20000000
    endloop
  endfacet
  facet normal 0.00000000 0.00000000 -1.00000000
    outer loop
      vertex -0.83397693 13.01129423 0.00000000
      vertex -0.91434237 13.02164918 0.00000000
      vertex -0.87117897 13.37906369 0.00000000
    endloop
  endfacet
  facet normal 0.00000000 0.00000000 -1.00000000
    outer loop
      vertex -0.83397693 13.01129423 0.00000000
      vertex -0.87117897 13.37906369 0.00000000
      vertex -0.78514563 13.36797844 0.00000000
    endloop
  endfacet
  facet normal 0.12779186 0.99180101 0.00000000
    outer loop
      vertex -0.83397693 13.01129423 0.20000000
      vertex -0.91434237 13.02164918 0.00000000
      vertex -0.91434237 13.02164918 0.20000000
    endloop
  endfacet
  facet normal 0.12779186 0.99180101 0.00000000
    outer loop
      vertex -0.83397693 13.01129423 0.20000000
      vertex -0.83397693 13.01129423 0.00000000
      vertex -0.91434237 13.02164918 0.00000000
    endloop
  endfacet
  facet normal -0.12779186 -0.99180101 0.00000000
    outer loop
      vertex -0.78514563 13.36797844 0.20000000
      vertex -0.87117897 13.37906369 0.20000000
      vertex -0.87117897 13.37906369 0.00000000
    endloop
  endfacet
  facet normal -0.12779186 -0.99180101 -0.00000000
    outer loop
      vertex -0.78514563 13.36797844 0.20000000
      vertex -0.87117897 13.37906369 0.00000000
      vertex -0.78514563 13.36797844 0.00000000
    endloop
  endfacet
  facet normal 0.00000000 0.00000000 1.00000000
    outer loop
      vertex -0.91434237 13.02164918 0.20000000
      vertex -0.95717610 13.38875544 0.20000000
      vertex -0.99463108 13.03069760 0.20000000
    endloop
  endfacet
  facet normal 0.00000000 -0.00000000 1.00000000
    outer loop
      vertex -0.91434237 13.02164918 0.20000000
      vertex -0.87117897 13.37906369 0.20000000
      vertex -0.95717610 13.38875544 0.20000000
    endloop
  endfacet
  facet normal 0.00000000 0.00000000 -1.00000000
    outer loop
      vertex -0.91434237 13.02164918 0.00000000
      vertex -0.99463108 13.03069760 0.00000000
      vertex -0.95717610 13.38875544 0.00000000
    endloop
  endfacet
  facet normal 0.00000000 0.00000000 -1.00000000
    outer loop
      vertex -0.91434237 13.02164918 0.00000000
      vertex -0.95717610 13.38875544 0.00000000
      vertex -0.87117897 13.37906369 0.00000000
    endloop
  endfacet
  facet normal 0.11198960 0.99370938 0.00000000
    outer loop
      vertex -0.91434237 13.02164918 0.20000000
      vertex -0.99463108 13.03069760 0.00000000
      vertex -0.99463108 13.03069760 0.20000000
    endloop
  endfacet
  facet normal 0.11198960 0.99370938 0.00000000
    outer loop
      vertex -0.91434237 13.02164918 0.20000000
      vertex -0.91434237 13.02164918 0.00000000
      vertex -0.99463108 13.03069760 0.00000000
    endloop
  endfacet
  facet normal -0.11198960 -0.99370938 0.00000000
    outer loop
      vertex -0.87117897 13.37906369 0.20000000
      vertex -0.95717610 13.38875544 0.20000000
      vertex -0.95717610 13.38875544 0.00000000
    endloop
  endfacet
  facet normal -0.11198960 -0.99370938 -0.00000000
    outer loop
      vertex -0.87117897 13.37906369 0.20000000
      vertex -0.95717610 13.38875544 0.00000000
      vertex -0.87117897 13.37906369 0.00000000
    endloop
  endfacet
  facet normal 0.00000000 0.00000000 1.00000000
    outer loop
      vertex -0.99463108 13.03069760 0.20000000
      vertex -1.04313503 13.39705279 0.20000000
      vertex -1.07484507 13.03844041 0.20000000
    endloop
  endfacet
  facet normal 0.00000000 -0.00000000 1.00000000
    outer loop
      vertex -0.99463108 13.03069760 0.20000000
      vertex -0.95717610 13.38875544 0.20000000
      vertex -1.04313503 13.39705279 0.20000000
    endloop
  endfacet
  facet normal 0.00000000 0.00000000 -1.00000000
    outer loop
      vertex -0.99463108 13.03069760 0.00000000
      vertex -1.07484507 13.03844041 0.00000000
      vertex -1.04313503 13.39705279 0.00000000
    endloop
  endfacet
  facet normal 0.00000000 0.00000000 -1.00000000
    outer loop
      vertex -0.99463108 13.03069760 0.00000000
      vertex -1.04313503 13.39705279 0.00000000
      vertex -0.95717610 13.38875544 0.00000000
    endloop
  endfacet
  facet normal 0.09608029 0.99537359 0.00000000
    outer loop
      vertex -0.99463108 13.03069760 0.20000000
      vertex -1.07484507 13.03844041 0.00000000
      vertex -1.07484507 13.03844041 0.20000000
    endloop
  endfacet
  facet normal 0.09608029 0.99537359 0.00000000
    outer loop
      vertex -0.99463108 13.03069760 0.20000000
      vertex -0.99463108 13.03069760 0.00000000
      vertex -1.07484507 13.03844041 0.00000000
    endloop
  endfacet
  facet normal -0.09608029 -0.99537359 0.00000000
    outer loop
      vertex -0.95717610 13.38875544 0.20000000
      vertex -1.04313503 13.39705279 0.20000000
      vertex -1.04313503 13.39705279 0.00000000
    endloop
  endfacet
  facet normal -0.09608029 -0.99537359 -0.00000000
    outer loop
      vertex -0.95717610 13.38875544 0.20000000
      vertex -1.04313503 13.39705279 0.00000000
      vertex -0.95717610 13.38875544 0.00000000
    endloop
  endfacet
  facet normal 0.00000000 0.00000000 1.00000000
    outer loop
      vertex -1.07484507 13.03844041 0.20000000
      vertex -1.12905368 13.40395491 0.20000000
      vertex -1.15498640 13.04487842 0.20000000
    endloop
  endfacet
  facet normal 0.00000000 -0.00000000 1.00000000
    outer loop
      vertex -1.07484507 13.03844041 0.20000000
      vertex -1.04313503 13.39705279 0.20000000
      vertex -1.12905368 13.40395491 0.20000000
    endloop
  endfacet
  facet normal 0.00000000 0.00000000 -1.00000000
    outer loop
      vertex -1.07484507 13.03844041 0.00000000
      vertex -1.15498640 13.04487842 0.00000000
      vertex -1.12905368 13.40395491 0.00000000
    endloop
  endfacet
  facet normal 0.00000000 0.00000000 -1.00000000
    outer loop
      vertex -1.07484507 13.03844041 0.00000000
      vertex -1.12905368 13.40395491 0.00000000
      vertex -1.04313503 13.39705279 0.00000000
    endloop
  endfacet
  facet normal 0.08007522 0.99678882 0.00000000
    outer loop
      vertex -1.07484507 13.03844041 0.20000000
      vertex -1.15498640 13.04487842 0.00000000
      vertex -1.15498640 13.04487842 0.20000000
    endloop
  endfacet
  facet normal 0.08007522 0.99678882 0.00000000
    outer loop
      vertex -1.07484507 13.03844041 0.20000000
      vertex -1.07484507 13.03844041 0.00000000
      vertex -1.15498640 13.04487842 0.00000000
    endloop
  endfacet
  facet normal -0.08007522 -0.99678882 0.00000000
    outer loop
      vertex -1.04313503 13.39705279 0.20000000
      vertex -1.12905368 13.40395491 0.20000000
      vertex -1.12905368 13.40395491 0.00000000
    endloop
  endfacet
  facet normal -0.08007522 -0.99678882 -0.00000000
    outer loop
      vertex -1.04313503 13.39705279 0.20000000
      vertex -1.12905368 13.40395491 0.00000000
      vertex -1.04313503 13.39705279 0.00000000
    endloop
  endfacet
  facet normal 0.00000000 0.00000000 1.00000000
    outer loop
      vertex -1.15498640 13.04487842 0.20000000
      vertex -1.21492992 13.40946107 0.20000000
      vertex -1.23505721 13.05001235 0.20000000
    endloop
  endfacet
  facet normal 0.00000000 -0.00000000 1.00000000
    outer loop
      vertex -1.15498640 13.04487842 0.20000000
      vertex -1.12905368 13.40395491 0.20000000
      vertex -1.21492992 13.40946107 0.20000000
    endloop
  endfacet
  facet normal 0.00000000 0.00000000 -1.00000000
    outer loop
      vertex -1.15498640 13.04487842 0.00000000
      vertex -1.23505721 13.05001235 0.00000000
      vertex -1.21492992 13.40946107 0.00000000
    endloop
  endfacet
  facet normal 0.00000000 0.00000000 -1.00000000
    outer loop
      vertex -1.15498640 13.04487842 0.00000000
      vertex -1.21492992 13.40946107 0.00000000
      vertex -1.12905368 13.40395491 0.00000000
    endloop
  endfacet
  facet normal 0.06398607 0.99795079 0.00000000
    outer loop
      vertex -1.15498640 13.04487842 0.20000000
      vertex -1.23505721 13.05001235 0.00000000
      vertex -1.23505721 13.05001235 0.20000000
    endloop
  endfacet
  facet normal 0.06398607 0.99795079 0.00000000
    outer loop
      vertex -1.15498640 13.04487842 0.20000000
      vertex -1.15498640 13.04487842 0.00000000
      vertex -1.23505721 13.05001235 0.00000000
    endloop
  endfacet
  facet normal -0.06398607 -0.99795079 0.00000000
    outer loop
      vertex -1.12905368 13.40395491 0.20000000
      vertex -1.21492992 13.40946107 0.20000000
      vertex -1.21492992 13.40946107 0.00000000
    endloop
  endfacet
  facet normal -0.06398607 -0.99795079 -0.00000000
    outer loop
      vertex -1.12905368 13.40395491 0.20000000
      vertex -1.21492992 13.40946107 0.00000000
      vertex -1.12905368 13.40395491 0.00000000
    endloop
  endfacet
  facet normal 0.00000000 0.00000000 1.00000000
    outer loop
      vertex -1.23505721 13.05001235 0.20000000
      vertex -1.30076157 13.41357066 0.20000000
      vertex -1.31505970 13.05384285 0.20000000
    endloop
  endfacet
  facet normal 0.00000000 -0.00000000 1.00000000
    outer loop
      vertex -1.23505721 13.05001235 0.20000000
      vertex -1.21492992 13.40946107 0.20000000
      vertex -1.30076157 13.41357066 0.20000000
    endloop
  endfacet
  facet normal 0.00000000 0.00000000 -1.00000000
    outer loop
      vertex -1.23505721 13.05001235 0.00000000
      vertex -1.31505970 13.05384285 0.00000000
      vertex -1.30076157 13.41357066 0.00000000
    endloop
  endfacet
  facet normal 0.00000000 0.00000000 -1.00000000
    outer loop
      vertex -1.23505721 13.05001235 0.00000000
      vertex -1.30076157 13.41357066 0.00000000
      vertex -1.21492992 13.40946107 0.00000000
    endloop
  endfacet
  facet normal 0.04782487 0.99885574 0.00000000
    outer loop
      vertex -1.23505721 13.05001235 0.20000000
      vertex -1.31505970 13.05384285 0.00000000
      vertex -1.31505970 13.05384285 0.20000000
    endloop
  endfacet
  facet normal 0.04782487 0.99885574 0.00000000
    outer loop
      vertex -1.23505721 13.05001235 0.20000000
      vertex -1.23505721 13.05001235 0.00000000
      vertex -1.31505970 13.05384285 0.00000000
    endloop
  endfacet
  facet normal -0.04782487 -0.99885574 0.00000000
    outer loop
      vertex -1.21492992 13.40946107 0.20000000
      vertex -1.30076157 13.41357066 0.20000000
      vertex -1.30076157 13.41357066 0.00000000
    endloop
  endfacet
  facet normal -0.04782487 -0.99885574 -0.00000000
    outer loop
      vertex -1.21492992 13.40946107 0.20000000
      vertex -1.30076157 13.41357066 0.00000000
      vertex -1.21492992 13.40946107 0.00000000
    endloop
  endfacet
  facet normal 0.00000000 0.00000000 1.00000000
    outer loop
      vertex -1.31505970 13.05384285 0.20000000
      vertex -1.38654638 13.41628315 0.20000000
      vertex -1.39499609 13.05637041 0.20000000
    endloop
  endfacet
  facet normal 0.00000000 -0.00000000 1.00000000
    outer loop
      vertex -1.31505970 13.05384285 0.20000000
      vertex -1.30076157 13.41357066 0.20000000
      vertex -1.38654638 13.41628315 0.20000000
    endloop
  endfacet
  facet normal 0.00000000 0.00000000 -1.00000000
    outer loop
      vertex -1.31505970 13.05384285 0.00000000
      vertex -1.39499609 13.05637041 0.00000000
      vertex -1.38654638 13.41628315 0.00000000
    endloop
  endfacet
  facet normal 0.00000000 0.00000000 -1.00000000
    outer loop
      vertex -1.31505970 13.05384285 0.00000000
      vertex -1.38654638 13.41628315 0.00000000
      vertex -1.30076157 13.41357066 0.00000000
    endloop
  endfacet
  facet normal 0.03160393 0.99950047 0.00000000
    outer loop
      vertex -1.31505970 13.05384285 0.20000000
      vertex -1.39499609 13.05637041 0.00000000
      vertex -1.39499609 13.05637041 0.20000000
    endloop
  endfacet
  facet normal 0.03160393 0.99950047 0.00000000
    outer loop
      vertex -1.31505970 13.05384285 0.20000000
      vertex -1.31505970 13.05384285 0.00000000
      vertex -1.39499609 13.05637041 0.00000000
    endloop
  endfacet
  facet normal -0.03160393 -0.99950047 0.00000000
    outer loop
      vertex -1.30076157 13.41357066 0.20000000
      vertex -1.38654638 13.41628315 0.20000000
      vertex -1.38654638 13.41628315 0.00000000
    endloop
  endfacet
  facet normal -0.03160393 -0.99950047 -0.00000000
    outer loop
      vertex -1.30076157 13.41357066 0.20000000
      vertex -1.38654638 13.41628315 0.00000000
      vertex -1.30076157 13.41357066 0.00000000
    endloop
  endfacet
  facet normal 0.00000000 0.00000000 1.00000000
    outer loop
      vertex -1.39499609 13.05637041 0.20000000
      vertex -1.47228207 13.41759814 0.20000000
      vertex -1.47486867 13.05759547 0.20000000
    endloop
  endfacet
  facet normal 0.00000000 -0.00000000 1.00000000
    outer loop
      vertex -1.39499609 13.05637041 0.20000000
      vertex -1.38654638 13.41628315 0.20000000
      vertex -1.47228207 13.41759814 0.20000000
    endloop
  endfacet
  facet normal 0.00000000 0.00000000 -1.00000000
    outer loop
      vertex -1.39499609 13.05637041 0.00000000
      vertex -1.47486867 13.05759547 0.00000000
      vertex -1.47228207 13.41759814 0.00000000
    endloop
  endfacet
  facet normal 0.00000000 0.00000000 -1.00000000
    outer loop
      vertex -1.39499609 13.05637041 0.00000000
      vertex -1.47228207 13.41759814 0.00000000
      vertex -1.38654638 13.41628315 0.00000000
    endloop
  endfacet
  facet normal 0.01533581 0.99988240 0.00000000
    outer loop
      vertex -1.39499609 13.05637041 0.20000000
      vertex -1.47486867 13.05759547 0.00000000
      vertex -1.47486867 13.05759547 0.20000000
    endloop
  endfacet
  facet normal 0.01533581 0.99988240 0.00000000
    outer loop
      vertex -1.39499609 13.05637041 0.20000000
      vertex -1.39499609 13.05637041 0.00000000
      vertex -1.47486867 13.05759547 0.00000000
    endloop
  endfacet
  facet normal -0.01533581 -0.99988240 0.00000000
    outer loop
      vertex -1.38654638 13.41628315 0.20000000
      vertex -1.47228207 13.41759814 0.20000000
      vertex -1.47228207 13.41759814 0.00000000
    endloop
  endfacet
  facet normal -0.01533581 -0.99988240 -0.00000000
    outer loop
      vertex -1.38654638 13.41628315 0.20000000
      vertex -1.47228207 13.41759814 0.00000000
      vertex -1.38654638 13.41628315 0.00000000
    endloop
  endfacet
  facet normal 0.00000000 0.00000000 1.00000000
    outer loop
      vertex -1.47486867 13.05759547 0.20000000
      vertex -1.55796632 13.41751530 0.20000000
      vertex -1.55467976 13.05751831 0.20000000
    endloop
  endfacet
  facet normal 0.00000000 -0.00000000 1.00000000
    outer loop
      vertex -1.47486867 13.05759547 0.20000000
      vertex -1.47228207 13.41759814 0.20000000
      vertex -1.55796632 13.41751530 0.20000000
    endloop
  endfacet
  facet normal -0.00000000 0.00000000 -1.00000000
    outer loop
      vertex -1.47486867 13.05759547 0.00000000
      vertex -1.55467976 13.05751831 0.00000000
      vertex -1.55796632 13.41751530 0.00000000
    endloop
  endfacet
  facet normal 0.00000000 0.00000000 -1.00000000
    outer loop
      vertex -1.47486867 13.05759547 0.00000000
      vertex -1.55796632 13.41751530 0.00000000
      vertex -1.47228207 13.41759814 0.00000000
    endloop
  endfacet
  facet normal -0.00096672 0.99999953 0.00000000
    outer loop
      vertex -1.47486867 13.05759547 0.20000000
      vertex -1.55467976 13.05751831 0.00000000
      vertex -1.55467976 13.05751831 0.20000000
    endloop
  endfacet
  facet normal -0.00096672 0.99999953 0.00000000
    outer loop
      vertex -1.47486867 13.05759547 0.20000000
      vertex -1.47486867 13.05759547 0.00000000
      vertex -1.55467976 13.05751831 0.00000000
    endloop
  endfacet
  facet normal 0.00096672 -0.99999953 0.00000000
    outer loop
      vertex -1.47228207 13.41759814 0.20000000
      vertex -1.55796632 13.41751530 0.20000000
      vertex -1.55796632 13.41751530 0.00000000
    endloop
  endfacet
  facet normal 0.00096672 -0.99999953 0.00000000
    outer loop
      vertex -1.47228207 13.41759814 0.20000000
      vertex -1.55796632 13.41751530 0.00000000
      vertex -1.47228207 13.41759814 0.00000000
    endloop
  endfacet
  facet normal 0.00000000 0.00000000 1.00000000
    outer loop
      vertex -1.55467976 13.05751831 0.20000000
      vertex -1.64359681 13.41603447 0.20000000
      vertex -1.63443169 13.05613914 0.20000000
    endloop
  endfacet
  facet normal 0.00000000 0.00000000 1.00000000
    outer loop
      vertex -1.55467976 13.05751831 0.20000000
      vertex -1.55796632 13.41751530 0.20000000
      vertex -1.64359681 13.41603447 0.20000000
    endloop
  endfacet
  facet normal -0.00000000 0.00000000 -1.00000000
    outer loop
      vertex -1.55467976 13.05751831 0.00000000
      vertex -1.63443169 13.05613914 0.00000000
      vertex -1.64359681 13.41603447 0.00000000
    endloop
  endfacet
  facet normal 0.00000000 0.00000000 -1.00000000
    outer loop
      vertex -1.55467976 13.05751831 0.00000000
      vertex -1.64359681 13.41603447 0.00000000
      vertex -1.55796632 13.41751530 0.00000000
    endloop
  endfacet
  facet normal -0.01729073 0.99985050 0.00000000
    outer loop
      vertex -1.55467976 13.05751831 0.20000000
      vertex -1.63443169 13.05613914 0.00000000
      vertex -1.63443169 13.05613914 0.20000000
    endloop
  endfacet
  facet normal -0.01729073 0.99985050 0.00000000
    outer loop
      vertex -1.55467976 13.05751831 0.20000000
      vertex -1.55467976 13.05751831 0.00000000
      vertex -1.63443169 13.05613914 0.00000000
    endloop
  endfacet
  facet normal 0.01729073 -0.99985050 0.00000000
    outer loop
      vertex -1.55796632 13.41751530 0.20000000
      vertex -1.64359681 13.41603447 0.20000000
      vertex -1.64359681 13.41603447 0.00000000
    endloop
  endfacet
  facet normal 0.01729073 -0.99985050 0.00000000
    outer loop
      vertex -1.55796632 13.41751530 0.20000000
      vertex -1.64359681 13.41603447 0.00000000
      vertex -1.55796632 13.41751530 0.00000000
    endloop
  endfacet
  facet normal 0.00000000 0.00000000 1.00000000
    outer loop
      vertex -1.63443169 13.05613914 0.20000000
      vertex -1.72917118 13.41315555 0.20000000
      vertex -1.71412681 13.05345801 0.20000000
    endloop
  endfacet
  facet normal 0.00000000 0.00000000 1.00000000
    outer loop
      vertex -1.63443169 13.05613914 0.20000000
      vertex -1.64359681 13.41603447 0.20000000
      vertex -1.72917118 13.41315555 0.20000000
    endloop
  endfacet
  facet normal -0.00000000 0.00000000 -1.00000000
    outer loop
      vertex -1.63443169 13.05613914 0.00000000
      vertex -1.71412681 13.05345801 0.00000000
      vertex -1.72917118 13.41315555 0.00000000
    endloop
  endfacet
  facet normal 0.00000000 0.00000000 -1.00000000
    outer loop
      vertex -1.63443169 13.05613914 0.00000000
      vertex -1.72917118 13.41315555 0.00000000
      vertex -1.64359681 13.41603447 0.00000000
    endloop
  endfacet
  facet normal -0.03362321 0.99943458 0.00000000
    outer loop
      vertex -1.63443169 13.05613914 0.20000000
      vertex -1.71412681 13.05345801 0.00000000
      vertex -1.71412681 13.05345801 0.20000000
    endloop
  endfacet
  facet normal -0.03362321 0.99943458 0.00000000
    outer loop
      vertex -1.63443169 13.05613914 0.20000000
      vertex -1.63443169 13.05613914 0.00000000
      vertex -1.71412681 13.05345801 0.00000000
    endloop
  endfacet
  facet normal 0.03362321 -0.99943458 0.00000000
    outer loop
      vertex -1.64359681 13.41603447 0.20000000
      vertex -1.72917118 13.41315555 0.20000000
      vertex -1.72917118 13.41315555 0.00000000
    endloop
  endfacet
  facet normal 0.03362321 -0.99943458 0.00000000
    outer loop
      vertex -1.64359681 13.41603447 0.20000000
      vertex -1.72917118 13.41315555 0.00000000
      vertex -1.64359681 13.41603447 0.00000000
    endloop
  endfacet
  facet normal 0.00000000 0.00000000 1.00000000
    outer loop
      vertex -1.71412681 13.05345801 0.20000000
      vertex -1.81468707 13.40887861 0.20000000
      vertex -1.79376747 13.04947491 0.20000000
    endloop
  endfacet
  facet normal 0.00000000 0.00000000 1.00000000
    outer loop
      vertex -1.71412681 13.05345801 0.20000000
      vertex -1.72917118 13.41315555 0.20000000
      vertex -1.81468707 13.40887861 0.20000000
    endloop
  endfacet
  facet normal -0.00000000 0.00000000 -1.00000000
    outer loop
      vertex -1.71412681 13.05345801 0.00000000
      vertex -1.79376747 13.04947491 0.00000000
      vertex -1.81468707 13.40887861 0.00000000
    endloop
  endfacet
  facet normal 0.00000000 0.00000000 -1.00000000
    outer loop
      vertex -1.71412681 13.05345801 0.00000000
      vertex -1.81468707 13.40887861 0.00000000
      vertex -1.72917118 13.41315555 0.00000000
    endloop
  endfacet
  facet normal -0.04995106 0.99875167 0.00000000
    outer loop
      vertex -1.71412681 13.05345801 0.20000000
      vertex -1.79376747 13.04947491 0.00000000
      vertex -1.79376747 13.04947491 0.20000000
    endloop
  endfacet
  facet normal -0.04995106 0.99875167 0.00000000
    outer loop
      vertex -1.71412681 13.05345801 0.20000000
      vertex -1.71412681 13.05345801 0.00000000
      vertex -1.79376747 13.04947491 0.00000000
    endloop
  endfacet
  facet normal 0.04995106 -0.99875167 0.00000000
    outer loop
      vertex -1.72917118 13.41315555 0.20000000
      vertex -1.81468707 13.40887861 0.20000000
      vertex -1.81468707 13.40887861 0.00000000
    endloop
  endfacet
  facet normal 0.04995106 -0.99875167 0.00000000
    outer loop
      vertex -1.72917118 13.41315555 0.20000000
      vertex -1.81468707 13.40887861 0.00000000
      vertex -1.72917118 13.41315555 0.00000000
    endloop
  endfacet
  facet normal 0.00000000 0.00000000 1.00000000
    outer loop
      vertex -1.79376747 13.04947491 0.20000000
      vertex -1.90014215 13.40320378 0.20000000
      vertex -1.87335602 13.04418966 0.20000000
    endloop
  endfacet
  facet normal 0.00000000 0.00000000 1.00000000
    outer loop
      vertex -1.79376747 13.04947491 0.20000000
      vertex -1.81468707 13.40887861 0.20000000
      vertex -1.90014215 13.40320378 0.20000000
    endloop
  endfacet
  facet normal -0.00000000 0.00000000 -1.00000000
    outer loop
      vertex -1.79376747 13.04947491 0.00000000
      vertex -1.87335602 13.04418966 0.00000000
      vertex -1.90014215 13.40320378 0.00000000
    endloop
  endfacet
  facet normal 0.00000000 0.00000000 -1.00000000
    outer loop
      vertex -1.79376747 13.04947491 0.00000000
      vertex -1.90014215 13.40320378 0.00000000
      vertex -1.81468707 13.40887861 0.00000000
    endloop
  endfacet
  facet normal -0.06626122 0.99780231 0.00000000
    outer loop
      vertex -1.79376747 13.04947491 0.20000000
      vertex -1.87335602 13.04418966 0.00000000
      vertex -1.87335602 13.04418966 0.20000000
    endloop
  endfacet
  facet normal -0.06626122 0.99780231 0.00000000
    outer loop
      vertex -1.79376747 13.04947491 0.20000000
      vertex -1.79376747 13.04947491 0.00000000
      vertex -1.87335602 13.04418966 0.00000000
    endloop
  endfacet
  facet normal 0.06626122 -0.99780231 0.00000000
    outer loop
      vertex -1.81468707 13.40887861 0.20000000
      vertex -1.90014215 13.40320378 0.20000000
      vertex -1.90014215 13.40320378 0.00000000
    endloop
  endfacet
  facet normal 0.06626122 -0.99780231 0.00000000
    outer loop
      vertex -1.81468707 13.40887861 0.20000000
      vertex -1.90014215 13.40320378 0.00000000
      vertex -1.81468707 13.40887861 0.00000000
    endloop
  endfacet
  facet normal 0.00000000 0.00000000 1.00000000
    outer loop
      vertex -1.87335602 13.04418966 0.20000000
      vertex -1.98553406 13.39613134 0.20000000
      vertex -1.95289481 13.03760199 0.20000000
    endloop
  endfacet
  facet normal 0.00000000 0.00000000 1.00000000
    outer loop
      vertex -1.87335602 13.04418966 0.20000000
      vertex -1.90014215 13.40320378 0.20000000
      vertex -1.98553406 13.39613134 0.20000000
    endloop
  endfacet
  facet normal -0.00000000 0.00000000 -1.00000000
    outer loop
      vertex -1.87335602 13.04418966 0.00000000
      vertex -1.95289481 13.03760199 0.00000000
      vertex -1.98553406 13.39613134 0.00000000
    endloop
  endfacet
  facet normal 0.00000000 0.00000000 -1.00000000
    outer loop
      vertex -1.87335602 13.04418966 0.00000000
      vertex -1.98553406 13.39613134 0.00000000
      vertex -1.90014215 13.40320378 0.00000000
    endloop
  endfacet
  facet normal -0.08254067 0.99658770 0.00000000
    outer loop
      vertex -1.87335602 13.04418966 0.20000000
      vertex -1.95289481 13.03760199 0.00000000
      vertex -1.95289481 13.03760199 0.20000000
    endloop
  endfacet
  facet normal -0.08254067 0.99658770 0.00000000
    outer loop
      vertex -1.87335602 13.04418966 0.20000000
      vertex -1.87335602 13.04418966 0.00000000
      vertex -1.95289481 13.03760199 0.00000000
    endloop
  endfacet
  facet normal 0.08254067 -0.99658770 0.00000000
    outer loop
      vertex -1.90014215 13.40320378 0.20000000
      vertex -1.98553406 13.39613134 0.20000000
      vertex -1.98553406 13.39613134 0.00000000
    endloop
  endfacet
  facet normal 0.08254067 -0.99658770 0.00000000
    outer loop
      vertex -1.90014215 13.40320378 0.20000000
      vertex -1.98553406 13.39613134 0.00000000
      vertex -1.90014215 13.40320378 0.00000000
    endloop
  endfacet
  facet normal 0.00000000 0.00000000 1.00000000
    outer loop
      vertex -1.95289481 13.03760199 0.20000000
      vertex -2.07086051 13.38766167 0.20000000
      vertex -2.03238613 13.02971153 0.20000000
    endloop
  endfacet
  facet normal 0.00000000 0.00000000 1.00000000
    outer loop
      vertex -1.95289481 13.03760199 0.20000000
      vertex -1.98553406 13.39613134 0.20000000
      vertex -2.07086051 13.38766167 0.20000000
    endloop
  endfacet
  facet normal -0.00000000 0.00000000 -1.00000000
    outer loop
      vertex -1.95289481 13.03760199 0.00000000
      vertex -2.03238613 13.02971153 0.00000000
      vertex -2.07086051 13.38766167 0.00000000
    endloop
  endfacet
  facet normal 0.00000000 0.00000000 -1.00000000
    outer loop
      vertex -1.95289481 13.03760199 0.00000000
      vertex -2.07086051 13.38766167 0.00000000
      vertex -1.98553406 13.39613134 0.00000000
    endloop
  endfacet
  facet normal -0.09877648 0.99510965 0.00000000
    outer loop
      vertex -1.95289481 13.03760199 0.20000000
      vertex -2.03238613 13.02971153 0.00000000
      vertex -2.03238613 13.02971153 0.20000000
    endloop
  endfacet
  facet normal -0.09877648 0.99510965 0.00000000
    outer loop
      vertex -1.95289481 13.03760199 0.20000000
      vertex -1.95289481 13.03760199 0.00000000
      vertex -2.03238613 13.02971153 0.00000000
    endloop
  endfacet
  facet normal 0.09877648 -0.99510965 0.00000000
    outer loop
      vertex -1.98553406 13.39613134 0.20000000
      vertex -2.07086051 13.38766167 0.20000000
      vertex -2.07086051 13.38766167 0.00000000
    endloop
  endfacet
  facet normal 0.09877648 -0.99510965 0.00000000
    outer loop
      vertex -1.98553406 13.39613134 0.20000000
      vertex -2.07086051 13.38766167 0.00000000
      vertex -1.98553406 13.39613134 0.00000000
    endloop
  endfacet
  facet normal 0.00000000 0.00000000 1.00000000
    outer loop
      vertex -2.03238613 13.02971153 0.20000000
      vertex -2.15611920 13.37779528 0.20000000
      vertex -2.11183228 13.02051778 0.20000000
    endloop
  endfacet
  facet normal 0.00000000 0.00000000 1.00000000
    outer loop
      vertex -2.03238613 13.02971153 0.20000000
      vertex -2.07086051 13.38766167 0.20000000
      vertex -2.15611920 13.37779528 0.20000000
    endloop
  endfacet
  facet normal -0.00000000 0.00000000 -1.00000000
    outer loop
      vertex -2.03238613 13.02971153 0.00000000
      vertex -2.11183228 13.02051778 0.00000000
      vertex -2.15611920 13.37779528 0.00000000
    endloop
  endfacet
  facet normal 0.00000000 0.00000000 -1.00000000
    outer loop
      vertex -2.03238613 13.02971153 0.00000000
      vertex -2.15611920 13.37779528 0.00000000
      vertex -2.07086051 13.38766167 0.00000000
    endloop
  endfacet
  facet normal -0.11495589 0.99337060 0.00000000
    outer loop
      vertex -2.03238613 13.02971153 0.20000000
      vertex -2.11183228 13.02051778 0.00000000
      vertex -2.11183228 13.02051778 0.20000000
    endloop
  endfacet
  facet normal -0.11495589 0.99337060 0.00000000
    outer loop
      vertex -2.03238613 13.02971153 0.20000000
      vertex -2.03238613 13.02971153 0.00000000
      vertex -2.11183228 13.02051778 0.00000000
    endloop
  endfacet
  facet normal 0.11495589 -0.99337060 0.00000000
    outer loop
      vertex -2.07086051 13.38766167 0.20000000
      vertex -2.15611920 13.37779528 0.20000000
      vertex -2.15611920 13.37779528 0.00000000
    endloop
  endfacet
  facet normal 0.11495589 -0.99337060 0.00000000
    outer loop
      vertex -2.07086051 13.38766167 0.20000000
      vertex -2.15611920 13.37779528 0.00000000
      vertex -2.07086051 13.38766167 0.00000000
    endloop
  endfacet
  facet normal 0.00000000 0.00000000 1.00000000
    outer loop
      vertex -2.11183228 13.02051778 0.20000000
      vertex -2.24130791 13.36653275 0.20000000
      vertex -2.19123549 13.01002014 0.20000000
    endloop
  endfacet
  facet normal 0.00000000 0.00000000 1.00000000
    outer loop
      vertex -2.11183228 13.02051778 0.20000000
      vertex -2.15611920 13.37779528 0.20000000
      vertex -2.24130791 13.36653275 0.20000000
    endloop
  endfacet
  facet normal -0.00000000 0.00000000 -1.00000000
    outer loop
      vertex -2.11183228 13.02051778 0.00000000
      vertex -2.19123549 13.01002014 0.00000000
      vertex -2.24130791 13.36653275 0.00000000
    endloop
  endfacet
  facet normal 0.00000000 0.00000000 -1.00000000
    outer loop
      vertex -2.11183228 13.02051778 0.00000000
      vertex -2.24130791 13.36653275 0.00000000
      vertex -2.15611920 13.37779528 0.00000000
    endloop
  endfacet
  facet normal -0.13106634 0.99137360 0.00000000
    outer loop
      vertex -2.11183228 13.02051778 0.20000000
      vertex -2.19123549 13.01002014 0.00000000
      vertex -2.19123549 13.01002014 0.20000000
    endloop
  endfacet
  facet normal -0.13106634 0.99137360 0.00000000
    outer loop
      vertex -2.11183228 13.02051778 0.20000000
      vertex -2.11183228 13.02051778 0.00000000
      vertex -2.19123549 13.01002014 0.00000000
    endloop
  endfacet
  facet normal 0.13106634 -0.99137360 0.00000000
    outer loop
      vertex -2.15611920 13.37779528 0.20000000
      vertex -2.24130791 13.36653275 0.20000000
      vertex -2.24130791 13.36653275 0.00000000
    endloop
  endfacet
  facet normal 0.13106634 -0.99137360 0.00000000
    outer loop
      vertex -2.15611920 13.37779528 0.20000000
      vertex -2.24130791 13.36653275 0.00000000
      vertex -2.15611920 13.37779528 0.00000000
    endloop
  endfacet
  facet normal 0.00000000 0.00000000 1.00000000
    outer loop
      vertex -2.19123549 13.01002014 0.20000000
      vertex -2.32642444 13.35387480 0.20000000
      vertex -2.27059795 12.99821789 0.20000000
    endloop
  endfacet
  facet normal 0.00000000 0.00000000 1.00000000
    outer loop
      vertex -2.19123549 13.01002014 0.20000000
      vertex -2.24130791 13.36653275 0.20000000
      vertex -2.32642444 13.35387480 0.20000000
    endloop
  endfacet
  facet normal -0.00000000 0.00000000 -1.00000000
    outer loop
      vertex -2.19123549 13.01002014 0.00000000
      vertex -2.27059795 12.99821789 0.00000000
      vertex -2.32642444 13.35387480 0.00000000
    endloop
  endfacet
  facet normal 0.00000000 0.00000000 -1.00000000
    outer loop
      vertex -2.19123549 13.01002014 0.00000000
      vertex -2.32642444 13.35387480 0.00000000
      vertex -2.24130791 13.36653275 0.00000000
    endloop
  endfacet
  facet normal -0.14709553 0.98912229 0.00000000
    outer loop
      vertex -2.19123549 13.01002014 0.20000000
      vertex -2.27059795 12.99821789 0.00000000
      vertex -2.27059795 12.99821789 0.20000000
    endloop
  endfacet
  facet normal -0.14709553 0.98912229 0.00000000
    outer loop
      vertex -2.19123549 13.01002014 0.20000000
      vertex -2.19123549 13.01002014 0.00000000
      vertex -2.27059795 12.99821789 0.00000000
    endloop
  endfacet
  facet normal 0.14709553 -0.98912229 0.00000000
    outer loop
      vertex -2.24130791 13.36653275 0.20000000
      vertex -2.32642444 13.35387480 0.20000000
      vertex -2.32642444 13.35387480 0.00000000
    endloop
  endfacet
  facet normal 0.14709553 -0.98912229 0.00000000
    outer loop
      vertex -2.24130791 13.36653275 0.20000000
      vertex -2.32642444 13.35387480 0.00000000
      vertex -2.24130791 13.36653275 0.00000000
    endloop
  endfacet
  facet normal 0.00000000 0.00000000 1.00000000
    outer loop
      vertex -2.27059795 12.99821789 0.20000000
      vertex -2.41146666 13.33982223 0.20000000
      vertex -2.34992178 12.98511024 0.20000000
    endloop
  endfacet
  facet normal 0.00000000 0.00000000 1.00000000
    outer loop
      vertex -2.27059795 12.99821789 0.20000000
      vertex -2.32642444 13.35387480 0.20000000
      vertex -2.41146666 13.33982223 0.20000000
    endloop
  endfacet
  facet normal -0.00000000 0.00000000 -1.00000000
    outer loop
      vertex -2.27059795 12.99821789 0.00000000
      vertex -2.34992178 12.98511024 0.00000000
      vertex -2.41146666 13.33982223 0.00000000
    endloop
  endfacet
  facet normal 0.00000000 0.00000000 -1.00000000
    outer loop
      vertex -2.27059795 12.99821789 0.00000000
      vertex -2.41146666 13.33982223 0.00000000
      vertex -2.32642444 13.35387480 0.00000000
    endloop
  endfacet
  facet normal -0.16303145 0.98662087 0.00000000
    outer loop
      vertex -2.27059795 12.99821789 0.20000000
      vertex -2.34992178 12.98511024 0.00000000
      vertex -2.34992178 12.98511024 0.20000000
    endloop
  endfacet
  facet normal -0.16303145 0.98662087 0.00000000
    outer loop
      vertex -2.27059795 12.99821789 0.20000000
      vertex -2.27059795 12.99821789 0.00000000
      vertex -2.34992178 12.98511024 0.00000000
    endloop
  endfacet
  facet normal 0.16303145 -0.98662087 0.00000000
    outer loop
      vertex -2.32642444 13.35387480 0.20000000
      vertex -2.41146666 13.33982223 0.20000000
      vertex -2.41146666 13.33982223 0.00000000
    endloop
  endfacet
  facet normal 0.16303145 -0.98662087 0.00000000
    outer loop
      vertex -2.32642444 13.35387480 0.20000000
      vertex -2.41146666 13.33982223 0.00000000
      vertex -2.32642444 13.35387480 0.00000000
    endloop
  endfacet
  facet normal 0.00000000 0.00000000 1.00000000
    outer loop
      vertex -2.34992178 12.98511024 0.20000000
      vertex -2.49643251 13.32437595 0.20000000
      vertex -2.42920906 12.97069629 0.20000000
    endloop
  endfacet
  facet normal 0.00000000 0.00000000 1.00000000
    outer loop
      vertex -2.34992178 12.98511024 0.20000000
      vertex -2.41146666 13.33982223 0.20000000
      vertex -2.49643251 13.32437595 0.20000000
    endloop
  endfacet
  facet normal -0.00000000 0.00000000 -1.00000000
    outer loop
      vertex -2.34992178 12.98511024 0.00000000
      vertex -2.42920906 12.97069629 0.00000000
      vertex -2.49643251 13.32437595 0.00000000
    endloop
  endfacet
  facet normal 0.00000000 0.00000000 -1.00000000
    outer loop
      vertex -2.34992178 12.98511024 0.00000000
      vertex -2.49643251 13.32437595 0.00000000
      vertex -2.41146666 13.33982223 0.00000000
    endloop
  endfacet
  facet normal -0.17886245 0.98387409 0.00000000
    outer loop
      vertex -2.34992178 12.98511024 0.20000000
      vertex -2.42920906 12.97069629 0.00000000
      vertex -2.42920906 12.97069629 0.20000000
    endloop
  endfacet
  facet normal -0.17886245 0.98387409 0.00000000
    outer loop
      vertex -2.34992178 12.98511024 0.20000000
      vertex -2.34992178 12.98511024 0.00000000
      vertex -2.42920906 12.97069629 0.00000000
    endloop
  endfacet
  facet normal 0.17886245 -0.98387409 0.00000000
    outer loop
      vertex -2.41146666 13.33982223 0.20000000
      vertex -2.49643251 13.32437595 0.20000000
      vertex -2.49643251 13.32437595 0.00000000
    endloop
  endfacet
  facet normal 0.17886245 -0.98387409 0.00000000
    outer loop
      vertex -2.41146666 13.33982223 0.20000000
      vertex -2.49643251 13.32437595 0.00000000
      vertex -2.41146666 13.33982223 0.00000000
    endloop
  endfacet
  facet normal 0.00000000 0.00000000 1.00000000
    outer loop
      vertex -2.42920906 12.97069629 0.20000000
      vertex -2.58131999 13.30753693 0.20000000
      vertex -2.50846178 12.95497504 0.20000000
    endloop
  endfacet
  facet normal 0.00000000 0.00000000 1.00000000
    outer loop
      vertex -2.42920906 12.97069629 0.20000000
      vertex -2.49643251 13.32437595 0.20000000
      vertex -2.58131999 13.30753693 0.20000000
    endloop
  endfacet
  facet normal -0.00000000 0.00000000 -1.00000000
    outer loop
      vertex -2.42920906 12.97069629 0.00000000
      vertex -2.50846178 12.95497504 0.00000000
      vertex -2.58131999 13.30753693 0.00000000
    endloop
  endfacet
  facet normal 0.00000000 0.00000000 -1.00000000
    outer loop
      vertex -2.42920906 12.97069629 0.00000000
      vertex -2.58131999 13.30753693 0.00000000
      vertex -2.49643251 13.32437595 0.00000000
    endloop
  endfacet
  facet normal -0.19457723 0.98088720 0.00000000
    outer loop
      vertex -2.42920906 12.97069629 0.20000000
      vertex -2.50846178 12.95497504 0.00000000
      vertex -2.50846178 12.95497504 0.20000000
    endloop
  endfacet
  facet normal -0.19457723 0.98088720 0.00000000
    outer loop
      vertex -2.42920906 12.97069629 0.20000000
      vertex -2.42920906 12.97069629 0.00000000
      vertex -2.50846178 12.95497504 0.00000000
    endloop
  endfacet
  facet normal 0.19457723 -0.98088720 0.00000000
    outer loop
      vertex -2.49643251 13.32437595 0.20000000
      vertex -2.58131999 13.30753693 0.20000000
      vertex -2.58131999 13.30753693 0.00000000
    endloop
  endfacet
  facet normal 0.19457723 -0.98088720 0.00000000
    outer loop
      vertex -2.49643251 13.32437595 0.20000000
      vertex -2.58131999 13.30753693 0.00000000
      vertex -2.49643251 13.32437595 0.00000000
    endloop
  endfacet
  facet normal 0.00000000 0.00000000 1.00000000
    outer loop
      vertex -2.50846178 12.95497504 0.20000000
      vertex -2.66612719 13.28930627 0.20000000
      vertex -2.58768186 12.93794541 0.20000000
    endloop
  endfacet
  facet normal 0.00000000 0.00000000 1.00000000
    outer loop
      vertex -2.50846178 12.95497504 0.20000000
      vertex -2.58131999 13.30753693 0.20000000
      vertex -2.66612719 13.28930627 0.20000000
    endloop
  endfacet
  facet normal -0.00000000 0.00000000 -1.00000000
    outer loop
      vertex -2.50846178 12.95497504 0.00000000
      vertex -2.58768186 12.93794541 0.00000000
      vertex -2.66612719 13.28930627 0.00000000
    endloop
  endfacet
  facet normal 0.00000000 0.00000000 -1.00000000
    outer loop
      vertex -2.50846178 12.95497504 0.00000000
      vertex -2.66612719 13.28930627 0.00000000
      vertex -2.58131999 13.30753693 0.00000000
    endloop
  endfacet
  facet normal -0.21016494 0.97766594 0.00000000
    outer loop
      vertex -2.50846178 12.95497504 0.20000000
      vertex -2.58768186 12.93794541 0.00000000
      vertex -2.58768186 12.93794541 0.20000000
    endloop
  endfacet
  facet normal -0.21016494 0.97766594 0.00000000
    outer loop
      vertex -2.50846178 12.95497504 0.20000000
      vertex -2.50846178 12.95497504 0.00000000
      vertex -2.58768186 12.93794541 0.00000000
    endloop
  endfacet
  facet normal 0.21016494 -0.97766594 0.00000000
    outer loop
      vertex -2.58131999 13.30753693 0.20000000
      vertex -2.66612719 13.28930627 0.20000000
      vertex -2.66612719 13.28930627 0.00000000
    endloop
  endfacet
  facet normal 0.21016494 -0.97766594 0.00000000
    outer loop
      vertex -2.58131999 13.30753693 0.20000000
      vertex -2.66612719 13.28930627 0.00000000
      vertex -2.58131999 13.30753693 0.00000000
    endloop
  endfacet
  facet normal 0.00000000 0.00000000 1.00000000
    outer loop
      vertex -2.58768186 12.93794541 0.20000000
      vertex -2.75085227 13.26968510 0.20000000
      vertex -2.66687111 12.91960627 0.20000000
    endloop
  endfacet
  facet normal 0.00000000 0.00000000 1.00000000
    outer loop
      vertex -2.58768186 12.93794541 0.20000000
      vertex -2.66612719 13.28930627 0.20000000
      vertex -2.75085227 13.26968510 0.20000000
    endloop
  endfacet
  facet normal -0.00000000 0.00000000 -1.00000000
    outer loop
      vertex -2.58768186 12.93794541 0.00000000
      vertex -2.66687111 12.91960627 0.00000000
      vertex -2.75085227 13.26968510 0.00000000
    endloop
  endfacet
  facet normal 0.00000000 0.00000000 -1.00000000
    outer loop
      vertex -2.58768186 12.93794541 0.00000000
      vertex -2.75085227 13.26968510 0.00000000
      vertex -2.66612719 13.28930627 0.00000000
    endloop
  endfacet
  facet normal -0.22561516 0.97421651 0.00000000
    outer loop
      vertex -2.58768186 12.93794541 0.20000000
      vertex -2.66687111 12.91960627 0.00000000
      vertex -2.66687111 12.91960627 0.20000000
    endloop
  endfacet
  facet normal -0.22561516 0.97421651 0.00000000
    outer loop
      vertex -2.58768186 12.93794541 0.20000000
      vertex -2.58768186 12.93794541 0.00000000
      vertex -2.66687111 12.91960627 0.00000000
    endloop
  endfacet
  facet normal 0.22561516 -0.97421651 0.00000000
    outer loop
      vertex -2.66612719 13.28930627 0.20000000
      vertex -2.75085227 13.26968510 0.20000000
      vertex -2.75085227 13.26968510 0.00000000
    endloop
  endfacet
  facet normal 0.22561516 -0.97421651 0.00000000
    outer loop
      vertex -2.66612719 13.28930627 0.20000000
      vertex -2.75085227 13.26968510 0.00000000
      vertex -2.66612719 13.28930627 0.00000000
    endloop
  endfacet
  facet normal 0.00000000 0.00000000 1.00000000
    outer loop
      vertex -2.66687111 12.91960627 0.20000000
      vertex -2.83549350 13.24867466 0.20000000
      vertex -2.74603130 12.89995638 0.20000000
    endloop
  endfacet
  facet normal 0.00000000 0.00000000 1.00000000
    outer loop
      vertex -2.66687111 12.91960627 0.20000000
      vertex -2.75085227 13.26968510 0.20000000
      vertex -2.83549350 13.24867466 0.20000000
    endloop
  endfacet
  facet normal -0.00000000 0.00000000 -1.00000000
    outer loop
      vertex -2.66687111 12.91960627 0.00000000
      vertex -2.74603130 12.89995638 0.00000000
      vertex -2.83549350 13.24867466 0.00000000
    endloop
  endfacet
  facet normal 0.00000000 0.00000000 -1.00000000
    outer loop
      vertex -2.66687111 12.91960627 0.00000000
      vertex -2.83549350 13.24867466 0.00000000
      vertex -2.75085227 13.26968510 0.00000000
    endloop
  endfacet
  facet normal -0.24091796 0.97054548 0.00000000
    outer loop
      vertex -2.66687111 12.91960627 0.20000000
      vertex -2.74603130 12.89995638 0.00000000
      vertex -2.74603130 12.89995638 0.20000000
    endloop
  endfacet
  facet normal -0.24091796 0.97054548 0.00000000
    outer loop
      vertex -2.66687111 12.91960627 0.20000000
      vertex -2.66687111 12.91960627 0.00000000
      vertex -2.74603130 12.89995638 0.00000000
    endloop
  endfacet
  facet normal 0.24091796 -0.97054548 0.00000000
    outer loop
      vertex -2.75085227 13.26968510 0.20000000
      vertex -2.83549350 13.24867466 0.20000000
      vertex -2.83549350 13.24867466 0.00000000
    endloop
  endfacet
  facet normal 0.24091796 -0.97054548 0.00000000
    outer loop
      vertex -2.75085227 13.26968510 0.20000000
      vertex -2.83549350 13.24867466 0.00000000
      vertex -2.75085227 13.26968510 0.00000000
    endloop
  endfacet
  facet normal 0.00000000 0.00000000 1.00000000
    outer loop
      vertex -2.74603130 12.89995638 0.20000000
      vertex -2.92004923 13.22627622 0.20000000
      vertex -2.82516406 12.87899447 0.20000000
    endloop
  endfacet
  facet normal 0.00000000 0.00000000 1.00000000
    outer loop
      vertex -2.74603130 12.89995638 0.20000000
      vertex -2.83549350 13.24867466 0.20000000
      vertex -2.92004923 13.22627622 0.20000000
    endloop
  endfacet
  facet normal -0.00000000 0.00000000 -1.00000000
    outer loop
      vertex -2.74603130 12.89995638 0.00000000
      vertex -2.82516406 12.87899447 0.00000000
      vertex -2.92004923 13.22627622 0.00000000
    endloop
  endfacet
  facet normal 0.00000000 0.00000000 -1.00000000
    outer loop
      vertex -2.74603130 12.89995638 0.00000000
      vertex -2.92004923 13.22627622 0.00000000
      vertex -2.83549350 13.24867466 0.00000000
    endloop
  endfacet
  facet normal -0.25606392 0.96665985 0.00000000
    outer loop
      vertex -2.74603130 12.89995638 0.20000000
      vertex -2.82516406 12.87899447 0.00000000
      vertex -2.82516406 12.87899447 0.20000000
    endloop
  endfacet
  facet normal -0.25606392 0.96665985 0.00000000
    outer loop
      vertex -2.74603130 12.89995638 0.20000000
      vertex -2.74603130 12.89995638 0.00000000
      vertex -2.82516406 12.87899447 0.00000000
    endloop
  endfacet
  facet normal 0.25606392 -0.96665985 0.00000000
    outer loop
      vertex -2.83549350 13.24867466 0.20000000
      vertex -2.92004923 13.22627622 0.20000000
      vertex -2.92004923 13.22627622 0.00000000
    endloop
  endfacet
  facet normal 0.25606392 -0.96665985 0.00000000
    outer loop
      vertex -2.83549350 13.24867466 0.20000000
      vertex -2.92004923 13.22627622 0.00000000
      vertex -2.83549350 13.24867466 0.00000000
    endloop
  endfacet
  facet normal 0.00000000 0.00000000 1.00000000
    outer loop
      vertex -2.82516406 12.87899447 0.20000000
      vertex -3.00451790 13.20249113 0.20000000
      vertex -2.90427094 12.85671917 0.20000000
    endloop
  endfacet
  facet normal 0.00000000 0.00000000 1.00000000
    outer loop
      vertex -2.82516406 12.87899447 0.20000000
      vertex -2.92004923 13.22627622 0.20000000
      vertex -3.00451790 13.20249113 0.20000000
    endloop
  endfacet
  facet normal -0.00000000 0.00000000 -1.00000000
    outer loop
      vertex -2.82516406 12.87899447 0.00000000
      vertex -2.90427094 12.85671917 0.00000000
      vertex -3.00451790 13.20249113 0.00000000
    endloop
  endfacet
  facet normal 0.00000000 0.00000000 -1.00000000
    outer loop
      vertex -2.82516406 12.87899447 0.00000000
      vertex -3.00451790 13.20249113 0.00000000
      vertex -2.92004923 13.22627622 0.00000000
    endloop
  endfacet
  facet normal -0.27104414 0.96256692 0.00000000
    outer loop
      vertex -2.82516406 12.87899447 0.20000000
      vertex -2.90427094 12.85671917 0.00000000
      vertex -2.90427094 12.85671917 0.20000000
    endloop
  endfacet
  facet normal -0.27104414 0.96256692 0.00000000
    outer loop
      vertex -2.82516406 12.87899447 0.20000000
      vertex -2.82516406 12.87899447 0.00000000
      vertex -2.90427094 12.85671917 0.00000000
    endloop
  endfacet
  facet normal 0.27104414 -0.96256692 0.00000000
    outer loop
      vertex -2.92004923 13.22627622 0.20000000
      vertex -3.00451790 13.20249113 0.20000000
      vertex -3.00451790 13.20249113 0.00000000
    endloop
  endfacet
  facet normal 0.27104414 -0.96256692 0.00000000
    outer loop
      vertex -2.92004923 13.22627622 0.20000000
      vertex -3.00451790 13.20249113 0.00000000
      vertex -2.92004923 13.22627622 0.00000000
    endloop
  endfacet
  facet normal 0.00000000 0.00000000 1.00000000
    outer loop
      vertex -2.90427094 12.85671917 0.20000000
      vertex -3.08823973 13.17751717 0.20000000
      vertex -2.98401174 12.83293274 0.20000000
    endloop
  endfacet
  facet normal 0.00000000 0.00000000 1.00000000
    outer loop
      vertex -2.90427094 12.85671917 0.20000000
      vertex -3.00451790 13.20249113 0.20000000
      vertex -3.08823973 13.17751717 0.20000000
    endloop
  endfacet
  facet normal -0.00000000 0.00000000 -1.00000000
    outer loop
      vertex -2.90427094 12.85671917 0.00000000
      vertex -2.98401174 12.83293274 0.00000000
      vertex -3.08823973 13.17751717 0.00000000
    endloop
  endfacet
  facet normal 0.00000000 0.00000000 -1.00000000
    outer loop
      vertex -2.90427094 12.85671917 0.00000000
      vertex -3.08823973 13.17751717 0.00000000
      vertex -3.00451790 13.20249113 0.00000000
    endloop
  endfacet
  facet normal -0.28585029 0.95827429 0.00000000
    outer loop
      vertex -2.90427094 12.85671917 0.20000000
      vertex -2.98401174 12.83293274 0.00000000
      vertex -2.98401174 12.83293274 0.20000000
    endloop
  endfacet
  facet normal -0.28585029 0.95827429 0.00000000
    outer loop
      vertex -2.90427094 12.85671917 0.20000000
      vertex -2.90427094 12.85671917 0.00000000
      vertex -2.98401174 12.83293274 0.00000000
    endloop
  endfacet
  facet normal 0.28585029 -0.95827429 0.00000000
    outer loop
      vertex -3.00451790 13.20249113 0.20000000
      vertex -3.08823973 13.17751717 0.20000000
      vertex -3.08823973 13.17751717 0.00000000
    endloop
  endfacet
  facet normal 0.28585029 -0.95827429 0.00000000
    outer loop
      vertex -3.00451790 13.20249113 0.20000000
      vertex -3.08823973 13.17751717 0.00000000
      vertex -3.00451790 13.20249113 0.00000000
    endloop
  endfacet
  facet normal 0.00000000 0.00000000 1.00000000
    outer loop
      vertex -2.98401174 12.83293274 0.20000000
      vertex -4.00029555 12.89782457 0.20000000
      vertex -3.89211596 12.55445195 0.20000000
    endloop
  endfacet
  facet normal 0.00000000 0.00000000 1.00000000
    outer loop
      vertex -2.98401174 12.83293274 0.20000000
      vertex -3.08823973 13.17751717 0.20000000
      vertex -4.00029555 12.89782457 0.20000000
    endloop
  endfacet
  facet normal -0.00000000 0.00000000 -1.00000000
    outer loop
      vertex -2.98401174 12.83293274 0.00000000
      vertex -3.89211596 12.55445195 0.00000000
      vertex -4.00029555 12.89782457 0.00000000
    endloop
  endfacet
  facet normal 0.00000000 0.00000000 -1.00000000
    outer loop
      vertex -2.98401174 12.83293274 0.00000000
      vertex -4.00029555 12.89782457 0.00000000
      vertex -3.08823973 13.17751717 0.00000000
    endloop
  endfacet
  facet normal -0.29318562 0.95605554 0.00000000
    outer loop
      vertex -2.98401174 12.83293274 0.20000000
      vertex -3.89211596 12.55445195 0.00000000
      vertex -3.89211596 12.55445195 0.20000000
    endloop
  endfacet
  facet normal -0.29318562 0.95605554 0.00000000
    outer loop
      vertex -2.98401174 12.83293274 0.20000000
      vertex -2.98401174 12.83293274 0.00000000
      vertex -3.89211596 12.55445195 0.00000000
    endloop
  endfacet
  facet normal 0.29318562 -0.95605554 0.00000000
    outer loop
      vertex -3.08823973 13.17751717 0.20000000
      vertex -4.00029555 12.89782457 0.20000000
      vertex -4.00029555 12.89782457 0.00000000
    endloop
  endfacet
  facet normal 0.29318562 -0.95605554 0.00000000
    outer loop
      vertex -3.08823973 13.17751717 0.20000000
      vertex -4.00029555 12.89782457 0.00000000
      vertex -3.08823973 13.17751717 0.00000000
    endloop
  endfacet
  facet normal 0.00000000 0.00000000 1.00000000
    outer loop
      vertex -3.89211596 12.55445195 0.20000000
      vertex -4.11585359 12.86044397 0.20000000
      vertex -3.99962819 12.51967399 0.20000000
    endloop
  endfacet
  facet normal 0.00000000 0.00000000 1.00000000
    outer loop
      vertex -3.89211596 12.55445195 0.20000000
      vertex -4.00029555 12.89782457 0.20000000
      vertex -4.11585359 12.86044397 0.20000000
    endloop
  endfacet
  facet normal -0.00000000 0.00000000 -1.00000000
    outer loop
      vertex -3.89211596 12.55445195 0.00000000
      vertex -3.99962819 12.51967399 0.00000000
      vertex -4.11585359 12.86044397 0.00000000
    endloop
  endfacet
  facet normal 0.00000000 0.00000000 -1.00000000
    outer loop
      vertex -3.89211596 12.55445195 0.00000000
      vertex -4.11585359 12.86044397 0.00000000
      vertex -4.00029555 12.89782457 0.00000000
    endloop
  endfacet
  facet normal -0.30777695 0.95145854 0.00000000
    outer loop
      vertex -3.89211596 12.55445195 0.20000000
      vertex -3.99962819 12.51967399 0.00000000
      vertex -3.99962819 12.51967399 0.20000000
    endloop
  endfacet
  facet normal -0.30777695 0.95145854 0.00000000
    outer loop
      vertex -3.89211596 12.55445195 0.20000000
      vertex -3.89211596 12.55445195 0.00000000
      vertex -3.99962819 12.51967399 0.00000000
    endloop
  endfacet
  facet normal 0.30777695 -0.95145854 0.00000000
    outer loop
      vertex -4.00029555 12.89782457 0.20000000
      vertex -4.11585359 12.86044397 0.20000000
      vertex -4.11585359 12.86044397 0.00000000
    endloop
  endfacet
  facet normal 0.30777695 -0.95145854 0.00000000
    outer loop
      vertex -4.00029555 12.89782457 0.20000000
      vertex -4.11585359 12.86044397 0.00000000
      vertex -4.00029555 12.89782457 0.00000000
    endloop
  endfacet
  facet normal 0.00000000 0.00000000 1.00000000
    outer loop
      vertex -3.99962819 12.51967399 0.20000000
      vertex -4.22917866 12.81977772 0.20000000
      vertex -4.10196927 12.48294930 0.20000000
    endloop
  endfacet
  facet normal 0.00000000 0.00000000 1.00000000
    outer loop
      vertex -3.99962819 12.51967399 0.20000000
      vertex -4.11585359 12.86044397 0.20000000
      vertex -4.22917866 12.81977772 0.20000000
    endloop
  endfacet
  facet normal -0.00000000 0.00000000 -1.00000000
    outer loop
      vertex -3.99962819 12.51967399 0.00000000
      vertex -4.10196927 12.48294930 0.00000000
      vertex -4.22917866 12.81977772 0.00000000
    endloop
  endfacet
  facet normal 0.00000000 0.00000000 -1.00000000
    outer loop
      vertex -3.99962819 12.51967399 0.00000000
      vertex -4.22917866 12.81977772 0.00000000
      vertex -4.11585359 12.86044397 0.00000000
    endloop
  endfacet
  facet normal -0.33775772 0.94123309 0.00000000
    outer loop
      vertex -3.99962819 12.51967399 0.20000000
      vertex -4.10196927 12.48294930 0.00000000
      vertex -4.10196927 12.48294930 0.20000000
    endloop
  endfacet
  facet normal -0.33775772 0.94123309 0.00000000
    outer loop
      vertex -3.99962819 12.51967399 0.20000000
      vertex -3.99962819 12.51967399 0.00000000
      vertex -4.10196927 12.48294930 0.00000000
    endloop
  endfacet
  facet normal 0.33775772 -0.94123309 0.00000000
    outer loop
      vertex -4.11585359 12.86044397 0.20000000
      vertex -4.22917866 12.81977772 0.20000000
      vertex -4.22917866 12.81977772 0.00000000
    endloop
  endfacet
  facet normal 0.33775772 -0.94123309 0.00000000
    outer loop
      vertex -4.11585359 12.86044397 0.20000000
      vertex -4.22917866 12.81977772 0.00000000
      vertex -4.11585359 12.86044397 0.00000000
    endloop
  endfacet
  facet normal 0.00000000 0.00000000 1.00000000
    outer loop
      vertex -4.10196927 12.48294930 0.20000000
      vertex -4.33898172 12.77621582 0.20000000
      vertex -4.20042826 12.44388791 0.20000000
    endloop
  endfacet
  facet normal 0.00000000 0.00000000 1.00000000
    outer loop
      vertex -4.10196927 12.48294930 0.20000000
      vertex -4.22917866 12.81977772 0.20000000
      vertex -4.33898172 12.77621582 0.20000000
    endloop
  endfacet
  facet normal -0.00000000 0.00000000 -1.00000000
    outer loop
      vertex -4.10196927 12.48294930 0.00000000
      vertex -4.20042826 12.44388791 0.00000000
      vertex -4.33898172 12.77621582 0.00000000
    endloop
  endfacet
  facet normal 0.00000000 0.00000000 -1.00000000
    outer loop
      vertex -4.10196927 12.48294930 0.00000000
      vertex -4.33898172 12.77621582 0.00000000
      vertex -4.22917866 12.81977772 0.00000000
    endloop
  endfacet
  facet normal -0.36876697 0.92952188 0.00000000
    outer loop
      vertex -4.10196927 12.48294930 0.20000000
      vertex -4.20042826 12.44388791 0.00000000
      vertex -4.20042826 12.44388791 0.20000000
    endloop
  endfacet
  facet normal -0.36876697 0.92952188 0.00000000
    outer loop
      vertex -4.10196927 12.48294930 0.20000000
      vertex -4.10196927 12.48294930 0.00000000
      vertex -4.20042826 12.44388791 0.00000000
    endloop
  endfacet
  facet normal 0.36876697 -0.92952188 0.00000000
    outer loop
      vertex -4.22917866 12.81977772 0.20000000
      vertex -4.33898172 12.77621582 0.20000000
      vertex -4.33898172 12.77621582 0.00000000
    endloop
  endfacet
  facet normal 0.36876697 -0.92952188 0.00000000
    outer loop
      vertex -4.22917866 12.81977772 0.20000000
      vertex -4.33898172 12.77621582 0.00000000
      vertex -4.22917866 12.81977772 0.00000000
    endloop
  endfacet
  facet normal 0.00000000 0.00000000 1.00000000
    outer loop
      vertex -4.20042826 12.44388791 0.20000000
      vertex -4.44524963 12.72973402 0.20000000
      vertex -4.29501829 12.40251404 0.20000000
    endloop
  endfacet
  facet normal 0.00000000 0.00000000 1.00000000
    outer loop
      vertex -4.20042826 12.44388791 0.20000000
      vertex -4.33898172 12.77621582 0.20000000
      vertex -4.44524963 12.72973402 0.20000000
    endloop
  endfacet
  facet normal -0.00000000 0.00000000 -1.00000000
    outer loop
      vertex -4.20042826 12.44388791 0.00000000
      vertex -4.29501829 12.40251404 0.00000000
      vertex -4.44524963 12.72973402 0.00000000
    endloop
  endfacet
  facet normal 0.00000000 0.00000000 -1.00000000
    outer loop
      vertex -4.20042826 12.44388791 0.00000000
      vertex -4.44524963 12.72973402 0.00000000
      vertex -4.33898172 12.77621582 0.00000000
    endloop
  endfacet
  facet normal -0.40074348 0.91619030 0.00000000
    outer loop
      vertex -4.20042826 12.44388791 0.20000000
      vertex -4.29501829 12.40251404 0.00000000
      vertex -4.29501829 12.40251404 0.20000000
    endloop
  endfacet
  facet normal -0.40074348 0.91619030 0.00000000
    outer loop
      vertex -4.20042826 12.44388791 0.20000000
      vertex -4.20042826 12.44388791 0.00000000
      vertex -4.29501829 12.40251404 0.00000000
    endloop
  endfacet
  facet normal 0.40074348 -0.91619030 0.00000000
    outer loop
      vertex -4.33898172 12.77621582 0.20000000
      vertex -4.44524963 12.72973402 0.20000000
      vertex -4.44524963 12.72973402 0.00000000
    endloop
  endfacet
  facet normal 0.40074348 -0.91619030 0.00000000
    outer loop
      vertex -4.33898172 12.77621582 0.20000000
      vertex -4.44524963 12.72973402 0.00000000
      vertex -4.33898172 12.77621582 0.00000000
    endloop
  endfacet
  facet normal 0.00000000 0.00000000 1.00000000
    outer loop
      vertex -4.29501829 12.40251404 0.20000000
      vertex -4.54796477 12.68030853 0.20000000
      vertex -4.38575698 12.35885150 0.20000000
    endloop
  endfacet
  facet normal 0.00000000 0.00000000 1.00000000
    outer loop
      vertex -4.29501829 12.40251404 0.20000000
      vertex -4.44524963 12.72973402 0.20000000
      vertex -4.54796477 12.68030853 0.20000000
    endloop
  endfacet
  facet normal -0.00000000 0.00000000 -1.00000000
    outer loop
      vertex -4.29501829 12.40251404 0.00000000
      vertex -4.38575698 12.35885150 0.00000000
      vertex -4.54796477 12.68030853 0.00000000
    endloop
  endfacet
  facet normal 0.00000000 0.00000000 -1.00000000
    outer loop
      vertex -4.29501829 12.40251404 0.00000000
      vertex -4.54796477 12.68030853 0.00000000
      vertex -4.44524963 12.72973402 0.00000000
    endloop
  endfacet
  facet normal -0.43360232 0.90110434 0.00000000
    outer loop
      vertex -4.29501829 12.40251404 0.20000000
      vertex -4.38575698 12.35885150 0.00000000
      vertex -4.38575698 12.35885150 0.20000000
    endloop
  endfacet
  facet normal -0.43360232 0.90110434 0.00000000
    outer loop
      vertex -4.29501829 12.40251404 0.20000000
      vertex -4.29501829 12.40251404 0.00000000
      vertex -4.38575698 12.35885150 0.00000000
    endloop
  endfacet
  facet normal 0.43360232 -0.90110434 0.00000000
    outer loop
      vertex -4.44524963 12.72973402 0.20000000
      vertex -4.54796477 12.68030853 0.20000000
      vertex -4.54796477 12.68030853 0.00000000
    endloop
  endfacet
  facet normal 0.43360232 -0.90110434 0.00000000
    outer loop
      vertex -4.44524963 12.72973402 0.20000000
      vertex -4.54796477 12.68030853 0.00000000
      vertex -4.44524963 12.72973402 0.00000000
    endloop
  endfacet
  facet normal 0.00000000 0.00000000 1.00000000
    outer loop
      vertex -4.38575698 12.35885150 0.20000000
      vertex -4.64710461 12.62791679 0.20000000
      vertex -4.47266687 12.31292283 0.20000000
    endloop
  endfacet
  facet normal 0.00000000 0.00000000 1.00000000
    outer loop
      vertex -4.38575698 12.35885150 0.20000000
      vertex -4.54796477 12.68030853 0.20000000
      vertex -4.64710461 12.62791679 0.20000000
    endloop
  endfacet
  facet normal -0.00000000 0.00000000 -1.00000000
    outer loop
      vertex -4.38575698 12.35885150 0.00000000
      vertex -4.47266687 12.31292283 0.00000000
      vertex -4.64710461 12.62791679 0.00000000
    endloop
  endfacet
  facet normal 0.00000000 0.00000000 -1.00000000
    outer loop
      vertex -4.38575698 12.35885150 0.00000000
      vertex -4.64710461 12.62791679 0.00000000
      vertex -4.54796477 12.68030853 0.00000000
    endloop
  endfacet
  facet normal -0.46723240 0.88413454 0.00000000
    outer loop
      vertex -4.38575698 12.35885150 0.20000000
      vertex -4.47266687 12.31292283 0.00000000
      vertex -4.47266687 12.31292283 0.20000000
    endloop
  endfacet
  facet normal -0.46723240 0.88413454 0.00000000
    outer loop
      vertex -4.38575698 12.35885150 0.20000000
      vertex -4.38575698 12.35885150 0.00000000
      vertex -4.47266687 12.31292283 0.00000000
    endloop
  endfacet
  facet normal 0.46723240 -0.88413454 0.00000000
    outer loop
      vertex -4.54796477 12.68030853 0.20000000
      vertex -4.64710461 12.62791679 0.20000000
      vertex -4.64710461 12.62791679 0.00000000
    endloop
  endfacet
  facet normal 0.46723240 -0.88413454 0.00000000
    outer loop
      vertex -4.54796477 12.68030853 0.20000000
      vertex -4.64710461 12.62791679 0.00000000
      vertex -4.54796477 12.68030853 0.00000000
    endloop
  endfacet
  facet normal 0.00000000 0.00000000 1.00000000
    outer loop
      vertex -4.47266687 12.31292283 0.20000000
      vertex -4.74264142 12.57253843 0.20000000
      vertex -4.55577568 12.26474843 0.20000000
    endloop
  endfacet
  facet normal 0.00000000 0.00000000 1.00000000
    outer loop
      vertex -4.47266687 12.31292283 0.20000000
      vertex -4.64710461 12.62791679 0.20000000
      vertex -4.74264142 12.57253843 0.20000000
    endloop
  endfacet
  facet normal -0.00000000 0.00000000 -1.00000000
    outer loop
      vertex -4.47266687 12.31292283 0.00000000
      vertex -4.55577568 12.26474843 0.00000000
      vertex -4.74264142 12.57253843 0.00000000
    endloop
  endfacet
  facet normal 0.00000000 0.00000000 -1.00000000
    outer loop
      vertex -4.47266687 12.31292283 0.00000000
      vertex -4.74264142 12.57253843 0.00000000
      vertex -4.64710461 12.62791679 0.00000000
    endloop
  endfacet
  facet normal -0.50149451 0.86516083 0.00000000
    outer loop
      vertex -4.47266687 12.31292283 0.20000000
      vertex -4.55577568 12.26474843 0.00000000
      vertex -4.55577568 12.26474843 0.20000000
    endloop
  endfacet
  facet normal -0.50149451 0.86516083 0.00000000
    outer loop
      vertex -4.47266687 12.31292283 0.20000000
      vertex -4.47266687 12.31292283 0.00000000
      vertex -4.55577568 12.26474843 0.00000000
    endloop
  endfacet
  facet normal 0.50149451 -0.86516083 0.00000000
    outer loop
      vertex -4.64710461 12.62791679 0.20000000
      vertex -4.74264142 12.57253843 0.20000000
      vertex -4.74264142 12.57253843 0.00000000
    endloop
  endfacet
  facet normal 0.50149451 -0.86516083 0.00000000
    outer loop
      vertex -4.64710461 12.62791679 0.20000000
      vertex -4.74264142 12.57253843 0.00000000
      vertex -4.64710461 12.62791679 0.00000000
    endloop
  endfacet
  facet normal 0.00000000 0.00000000 1.00000000
    outer loop
      vertex -4.55577568 12.26474843 0.20000000
      vertex -4.83454221 12.51415633 0.20000000
      vertex -4.63511639 12.21434540 0.20000000
    endloop
  endfacet
  facet normal 0.00000000 0.00000000 1.00000000
    outer loop
      vertex -4.55577568 12.26474843 0.20000000
      vertex -4.74264142 12.57253843 0.20000000
      vertex -4.83454221 12.51415633 0.20000000
    endloop
  endfacet
  facet normal -0.00000000 0.00000000 -1.00000000
    outer loop
      vertex -4.55577568 12.26474843 0.00000000
      vertex -4.63511639 12.21434540 0.00000000
      vertex -4.83454221 12.51415633 0.00000000
    endloop
  endfacet
  facet normal 0.00000000 0.00000000 -1.00000000
    outer loop
      vertex -4.55577568 12.26474843 0.00000000
      vertex -4.83454221 12.51415633 0.00000000
      vertex -4.74264142 12.57253843 0.00000000
    endloop
  endfacet
  facet normal -0.53622017 0.84407815 0.00000000
    outer loop
      vertex -4.55577568 12.26474843 0.20000000
      vertex -4.63511639 12.21434540 0.00000000
      vertex -4.63511639 12.21434540 0.20000000
    endloop
  endfacet
  facet normal -0.53622017 0.84407815 0.00000000
    outer loop
      vertex -4.55577568 12.26474843 0.20000000
      vertex -4.55577568 12.26474843 0.00000000
      vertex -4.63511639 12.21434540 0.00000000
    endloop
  endfacet
  facet normal 0.53622017 -0.84407815 0.00000000
    outer loop
      vertex -4.74264142 12.57253843 0.20000000
      vertex -4.83454221 12.51415633 0.20000000
      vertex -4.83454221 12.51415633 0.00000000
    endloop
  endfacet
  facet normal 0.53622017 -0.84407815 0.00000000
    outer loop
      vertex -4.74264142 12.57253843 0.20000000
      vertex -4.83454221 12.51415633 0.00000000
      vertex -4.74264142 12.57253843 0.00000000
    endloop
  endfacet
  facet normal 0.00000000 0.00000000 1.00000000
    outer loop
      vertex -4.63511639 12.21434540 0.20000000
      vertex -4.92276888 12.45275775 0.20000000
      vertex -4.71072713 12.16172648 0.20000000
    endloop
  endfacet
  facet normal 0.00000000 0.00000000 1.00000000
    outer loop
      vertex -4.63511639 12.21434540 0.20000000
      vertex -4.83454221 12.51415633 0.20000000
      vertex -4.92276888 12.45275775 0.20000000
    endloop
  endfacet
  facet normal -0.00000000 0.00000000 -1.00000000
    outer loop
      vertex -4.63511639 12.21434540 0.00000000
      vertex -4.71072713 12.16172648 0.00000000
      vertex -4.92276888 12.45275775 0.00000000
    endloop
  endfacet
  facet normal 0.00000000 0.00000000 -1.00000000
    outer loop
      vertex -4.63511639 12.21434540 0.00000000
      vertex -4.92276888 12.45275775 0.00000000
      vertex -4.83454221 12.51415633 0.00000000
    endloop
  endfacet
  facet normal -0.57121185 0.82080267 0.00000000
    outer loop
      vertex -4.63511639 12.21434540 0.20000000
      vertex -4.71072713 12.16172648 0.00000000
      vertex -4.71072713 12.16172648 0.20000000
    endloop
  endfacet
  facet normal -0.57121185 0.82080267 0.00000000
    outer loop
      vertex -4.63511639 12.21434540 0.20000000
      vertex -4.63511639 12.21434540 0.00000000
      vertex -4.71072713 12.16172648 0.00000000
    endloop
  endfacet
  facet normal 0.57121185 -0.82080267 0.00000000
    outer loop
      vertex -4.83454221 12.51415633 0.20000000
      vertex -4.92276888 12.45275775 0.20000000
      vertex -4.92276888 12.45275775 0.00000000
    endloop
  endfacet
  facet normal 0.57121185 -0.82080267 0.00000000
    outer loop
      vertex -4.83454221 12.51415633 0.20000000
      vertex -4.92276888 12.45275775 0.00000000
      vertex -4.83454221 12.51415633 0.00000000
    endloop
  endfacet
  facet normal 0.00000000 0.00000000 1.00000000
    outer loop
      vertex -4.71072713 12.16172648 0.20000000
      vertex -5.00727863 12.38833556 0.20000000
      vertex -4.78265068 12.10689881 0.20000000
    endloop
  endfacet
  facet normal 0.00000000 0.00000000 1.00000000
    outer loop
      vertex -4.71072713 12.16172648 0.20000000
      vertex -4.92276888 12.45275775 0.20000000
      vertex -5.00727863 12.38833556 0.20000000
    endloop
  endfacet
  facet normal -0.00000000 0.00000000 -1.00000000
    outer loop
      vertex -4.71072713 12.16172648 0.00000000
      vertex -4.78265068 12.10689881 0.00000000
      vertex -5.00727863 12.38833556 0.00000000
    endloop
  endfacet
  facet normal 0.00000000 0.00000000 -1.00000000
    outer loop
      vertex -4.71072713 12.16172648 0.00000000
      vertex -5.00727863 12.38833556 0.00000000
      vertex -4.92276888 12.45275775 0.00000000
    endloop
  endfacet
  facet normal -0.60624453 0.79527830 0.00000000
    outer loop
      vertex -4.71072713 12.16172648 0.20000000
      vertex -4.78265068 12.10689881 0.00000000
      vertex -4.78265068 12.10689881 0.20000000
    endloop
  endfacet
  facet normal -0.60624453 0.79527830 0.00000000
    outer loop
      vertex -4.71072713 12.16172648 0.20000000
      vertex -4.71072713 12.16172648 0.00000000
      vertex -4.78265068 12.10689881 0.00000000
    endloop
  endfacet
  facet normal 0.60624453 -0.79527830 0.00000000
    outer loop
      vertex -4.92276888 12.45275775 0.20000000
      vertex -5.00727863 12.38833556 0.20000000
      vertex -5.00727863 12.38833556 0.00000000
    endloop
  endfacet
  facet normal 0.60624453 -0.79527830 0.00000000
    outer loop
      vertex -4.92276888 12.45275775 0.20000000
      vertex -5.00727863 12.38833556 0.00000000
      vertex -4.92276888 12.45275775 0.00000000
    endloop
  endfacet
  facet normal 0.00000000 0.00000000 1.00000000
    outer loop
      vertex -4.78265068 12.10689881 0.20000000
      vertex -5.08802480 12.32088928 0.20000000
      vertex -4.85093369 12.04986286 0.20000000
    endloop
  endfacet
  facet normal 0.00000000 0.00000000 1.00000000
    outer loop
      vertex -4.78265068 12.10689881 0.20000000
      vertex -5.00727863 12.38833556 0.20000000
      vertex -5.08802480 12.32088928 0.20000000
    endloop
  endfacet
  facet normal -0.00000000 0.00000000 -1.00000000
    outer loop
      vertex -4.78265068 12.10689881 0.00000000
      vertex -4.85093369 12.04986286 0.00000000
      vertex -5.08802480 12.32088928 0.00000000
    endloop
  endfacet
  facet normal 0.00000000 0.00000000 -1.00000000
    outer loop
      vertex -4.78265068 12.10689881 0.00000000
      vertex -5.08802480 12.32088928 0.00000000
      vertex -5.00727863 12.38833556 0.00000000
    endloop
  endfacet
  facet normal -0.64106913 0.76748314 0.00000000
    outer loop
      vertex -4.78265068 12.10689881 0.20000000
      vertex -4.85093369 12.04986286 0.00000000
      vertex -4.85093369 12.04986286 0.20000000
    endloop
  endfacet
  facet normal -0.64106913 0.76748314 0.00000000
    outer loop
      vertex -4.78265068 12.10689881 0.20000000
      vertex -4.78265068 12.10689881 0.00000000
      vertex -4.85093369 12.04986286 0.00000000
    endloop
  endfacet
  facet normal 0.64106913 -0.76748314 0.00000000
    outer loop
      vertex -5.00727863 12.38833556 0.20000000
      vertex -5.08802480 12.32088928 0.20000000
      vertex -5.08802480 12.32088928 0.00000000
    endloop
  endfacet
  facet normal 0.64106913 -0.76748314 0.00000000
    outer loop
      vertex -5.00727863 12.38833556 0.20000000
      vertex -5.08802480 12.32088928 0.00000000
      vertex -5.00727863 12.38833556 0.00000000
    endloop
  endfacet
  facet normal 0.00000000 0.00000000 1.00000000
    outer loop
      vertex -4.85093369 12.04986286 0.20000000
      vertex -5.16495798 12.25042608 0.20000000
      vertex -4.91562559 11.99061146 0.20000000
    endloop
  endfacet
  facet normal 0.00000000 0.00000000 1.00000000
    outer loop
      vertex -4.85093369 12.04986286 0.20000000
      vertex -5.08802480 12.32088928 0.20000000
      vertex -5.16495798 12.25042608 0.20000000
    endloop
  endfacet
  facet normal -0.00000000 0.00000000 -1.00000000
    outer loop
      vertex -4.85093369 12.04986286 0.00000000
      vertex -4.91562559 11.99061146 0.00000000
      vertex -5.16495798 12.25042608 0.00000000
    endloop
  endfacet
  facet normal 0.00000000 0.00000000 -1.00000000
    outer loop
      vertex -4.85093369 12.04986286 0.00000000
      vertex -5.16495798 12.25042608 0.00000000
      vertex -5.08802480 12.32088928 0.00000000
    endloop
  endfacet
  facet normal -0.67541788 0.73743521 0.00000000
    outer loop
      vertex -4.85093369 12.04986286 0.20000000
      vertex -4.91562559 11.99061146 0.00000000
      vertex -4.91562559 11.99061146 0.20000000
    endloop
  endfacet
  facet normal -0.67541788 0.73743521 0.00000000
    outer loop
      vertex -4.85093369 12.04986286 0.20000000
      vertex -4.85093369 12.04986286 0.00000000
      vertex -4.91562559 11.99061146 0.00000000
    endloop
  endfacet
  facet normal 0.67541788 -0.73743521 0.00000000
    outer loop
      vertex -5.08802480 12.32088928 0.20000000
      vertex -5.16495798 12.25042608 0.20000000
      vertex -5.16495798 12.25042608 0.00000000
    endloop
  endfacet
  facet normal 0.67541788 -0.73743521 0.00000000
    outer loop
      vertex -5.08802480 12.32088928 0.20000000
      vertex -5.16495798 12.25042608 0.00000000
      vertex -5.08802480 12.32088928 0.00000000
    endloop
  endfacet
  facet normal 0.00000000 0.00000000 1.00000000
    outer loop
      vertex -4.91562559 11.99061146 0.20000000
      vertex -5.23802744 12.17696139 0.20000000
      vertex -4.97677710 11.92912919 0.20000000
    endloop
  endfacet
  facet normal 0.00000000 0.00000000 1.00000000
    outer loop
      vertex -4.91562559 11.99061146 0.20000000
      vertex -5.16495798 12.25042608 0.20000000
      vertex -5.23802744 12.17696139 0.20000000
    endloop
  endfacet
  facet normal -0.00000000 0.00000000 -1.00000000
    outer loop
      vertex -4.91562559 11.99061146 0.00000000
      vertex -4.97677710 11.92912919 0.00000000
      vertex -5.23802744 12.17696139 0.00000000
    endloop
  endfacet
  facet normal 0.00000000 0.00000000 -1.00000000
    outer loop
      vertex -4.91562559 11.99061146 0.00000000
      vertex -5.23802744 12.17696139 0.00000000
      vertex -5.16495798 12.25042608 0.00000000
    endloop
  endfacet
  facet normal -0.70901139 0.70519703 0.00000000
    outer loop
      vertex -4.91562559 11.99061146 0.20000000
      vertex -4.97677710 11.92912919 0.00000000
      vertex -4.97677710 11.92912919 0.20000000
    endloop
  endfacet
  facet normal -0.70901139 0.70519703 0.00000000
    outer loop
      vertex -4.91562559 11.99061146 0.20000000
      vertex -4.91562559 11.99061146 0.00000000
      vertex -4.97677710 11.92912919 0.00000000
    endloop
  endfacet
  facet normal 0.70901139 -0.70519703 0.00000000
    outer loop
      vertex -5.16495798 12.25042608 0.20000000
      vertex -5.23802744 12.17696139 0.20000000
      vertex -5.23802744 12.17696139 0.00000000
    endloop
  endfacet
  facet normal 0.70901139 -0.70519703 0.00000000
    outer loop
      vertex -5.16495798 12.25042608 0.20000000
      vertex -5.23802744 12.17696139 0.00000000
      vertex -5.16495798 12.25042608 0.00000000
    endloop
  endfacet
  facet normal 0.00000000 0.00000000 1.00000000
    outer loop
      vertex -4.97677710 11.92912919 0.20000000
      vertex -5.30718284 12.10051921 0.20000000
      vertex -5.03443856 11.86539204 0.20000000
    endloop
  endfacet
  facet normal 0.00000000 0.00000000 1.00000000
    outer loop
      vertex -4.97677710 11.92912919 0.20000000
      vertex -5.23802744 12.17696139 0.20000000
      vertex -5.30718284 12.10051921 0.20000000
    endloop
  endfacet
  facet normal -0.00000000 0.00000000 -1.00000000
    outer loop
      vertex -4.97677710 11.92912919 0.00000000
      vertex -5.03443856 11.86539204 0.00000000
      vertex -5.30718284 12.10051921 0.00000000
    endloop
  endfacet
  facet normal 0.00000000 0.00000000 -1.00000000
    outer loop
      vertex -4.97677710 11.92912919 0.00000000
      vertex -5.30718284 12.10051921 0.00000000
      vertex -5.23802744 12.17696139 0.00000000
    endloop
  endfacet
  facet normal -0.74156750 0.67087826 0.00000000
    outer loop
      vertex -4.97677710 11.92912919 0.20000000
      vertex -5.03443856 11.86539204 0.00000000
      vertex -5.03443856 11.86539204 0.20000000
    endloop
  endfacet
  facet normal -0.74156750 0.67087826 0.00000000
    outer loop
      vertex -4.97677710 11.92912919 0.20000000
      vertex -4.97677710 11.92912919 0.00000000
      vertex -5.03443856 11.86539204 0.00000000
    endloop
  endfacet
  facet normal 0.74156750 -0.67087826 0.00000000
    outer loop
      vertex -5.23802744 12.17696139 0.20000000
      vertex -5.30718284 12.10051921 0.20000000
      vertex -5.30718284 12.10051921 0.00000000
    endloop
  endfacet
  facet normal 0.74156750 -0.67087826 0.00000000
    outer loop
      vertex -5.23802744 12.17696139 0.20000000
      vertex -5.30718284 12.10051921 0.00000000
      vertex -5.23802744 12.17696139 0.00000000
    endloop
  endfacet
  facet normal 0.00000000 0.00000000 1.00000000
    outer loop
      vertex -5.03443856 11.86539204 0.20000000
      vertex -5.37237604 12.02113194 0.20000000
      vertex -5.08865812 11.79936762 0.20000000
    endloop
  endfacet
  facet normal 0.00000000 0.00000000 1.00000000
    outer loop
      vertex -5.03443856 11.86539204 0.20000000
      vertex -5.30718284 12.10051921 0.20000000
      vertex -5.37237604 12.02113194 0.20000000
    endloop
  endfacet
  facet normal -0.00000000 0.00000000 -1.00000000
    outer loop
      vertex -5.03443856 11.86539204 0.00000000
      vertex -5.08865812 11.79936762 0.00000000
      vertex -5.37237604 12.02113194 0.00000000
    endloop
  endfacet
  facet normal 0.00000000 0.00000000 -1.00000000
    outer loop
      vertex -5.03443856 11.86539204 0.00000000
      vertex -5.37237604 12.02113194 0.00000000
      vertex -5.30718284 12.10051921 0.00000000
    endloop
  endfacet
  facet normal -0.77281113 0.63463608 0.00000000
    outer loop
      vertex -5.03443856 11.86539204 0.20000000
      vertex -5.08865812 11.79936762 0.00000000
      vertex -5.08865812 11.79936762 0.20000000
    endloop
  endfacet
  facet normal -0.77281113 0.63463608 0.00000000
    outer loop
      vertex -5.03443856 11.86539204 0.20000000
      vertex -5.03443856 11.86539204 0.00000000
      vertex -5.08865812 11.79936762 0.00000000
    endloop
  endfacet
  facet normal 0.77281113 -0.63463608 0.00000000
    outer loop
      vertex -5.30718284 12.10051921 0.20000000
      vertex -5.37237604 12.02113194 0.20000000
      vertex -5.37237604 12.02113194 0.00000000
    endloop
  endfacet
  facet normal 0.77281113 -0.63463608 0.00000000
    outer loop
      vertex -5.30718284 12.10051921 0.20000000
      vertex -5.37237604 12.02113194 0.00000000
      vertex -5.30718284 12.10051921 0.00000000
    endloop
  endfacet
  facet normal 0.00000000 0.00000000 1.00000000
    outer loop
      vertex -5.08865812 11.79936762 0.20000000
      vertex -5.43356294 11.93883969 0.20000000
      vertex -5.13947986 11.73101581 0.20000000
    endloop
  endfacet
  facet normal 0.00000000 0.00000000 1.00000000
    outer loop
      vertex -5.08865812 11.79936762 0.20000000
      vertex -5.37237604 12.02113194 0.20000000
      vertex -5.43356294 11.93883969 0.20000000
    endloop
  endfacet
  facet normal -0.00000000 0.00000000 -1.00000000
    outer loop
      vertex -5.08865812 11.79936762 0.00000000
      vertex -5.13947986 11.73101581 0.00000000
      vertex -5.43356294 11.93883969 0.00000000
    endloop
  endfacet
  facet normal 0.00000000 0.00000000 -1.00000000
    outer loop
      vertex -5.08865812 11.79936762 0.00000000
      vertex -5.43356294 11.93883969 0.00000000
      vertex -5.37237604 12.02113194 0.00000000
    endloop
  endfacet
  facet normal -0.80248461 0.59667282 0.00000000
    outer loop
      vertex -5.08865812 11.79936762 0.20000000
      vertex -5.13947986 11.73101581 0.00000000
      vertex -5.13947986 11.73101581 0.20000000
    endloop
  endfacet
  facet normal -0.80248461 0.59667282 0.00000000
    outer loop
      vertex -5.08865812 11.79936762 0.20000000
      vertex -5.08865812 11.79936762 0.00000000
      vertex -5.13947986 11.73101581 0.00000000
    endloop
  endfacet
  facet normal 0.80248461 -0.59667282 0.00000000
    outer loop
      vertex -5.37237604 12.02113194 0.20000000
      vertex -5.43356294 11.93883969 0.20000000
      vertex -5.43356294 11.93883969 0.00000000
    endloop
  endfacet
  facet normal 0.80248461 -0.59667282 0.00000000
    outer loop
      vertex -5.37237604 12.02113194 0.20000000
      vertex -5.43356294 11.93883969 0.00000000
      vertex -5.37237604 12.02113194 0.00000000
    endloop
  endfacet
  facet normal 0.00000000 0.00000000 1.00000000
    outer loop
      vertex -5.13947986 11.73101581 0.20000000
      vertex -5.49070521 11.85368915 0.20000000
      vertex -5.18694213 11.66028993 0.20000000
    endloop
  endfacet
  facet normal 0.00000000 0.00000000 1.00000000
    outer loop
      vertex -5.13947986 11.73101581 0.20000000
      vertex -5.43356294 11.93883969 0.20000000
      vertex -5.49070521 11.85368915 0.20000000
    endloop
  endfacet
  facet normal -0.00000000 0.00000000 -1.00000000
    outer loop
      vertex -5.13947986 11.73101581 0.00000000
      vertex -5.18694213 11.66028993 0.00000000
      vertex -5.49070521 11.85368915 0.00000000
    endloop
  endfacet
  facet normal 0.00000000 0.00000000 -1.00000000
    outer loop
      vertex -5.13947986 11.73101581 0.00000000
      vertex -5.49070521 11.85368915 0.00000000
      vertex -5.43356294 11.93883969 0.00000000
    endloop
  endfacet
  facet normal -0.83035755 0.55723096 0.00000000
    outer loop
      vertex -5.13947986 11.73101581 0.20000000
      vertex -5.18694213 11.66028993 0.00000000
      vertex -5.18694213 11.66028993 0.20000000
    endloop
  endfacet
  facet normal -0.83035755 0.55723096 0.00000000
    outer loop
      vertex -5.13947986 11.73101581 0.20000000
      vertex -5.13947986 11.73101581 0.00000000
      vertex -5.18694213 11.66028993 0.00000000
    endloop
  endfacet
  facet normal 0.83035755 -0.55723096 0.00000000
    outer loop
      vertex -5.43356294 11.93883969 0.20000000
      vertex -5.49070521 11.85368915 0.20000000
      vertex -5.49070521 11.85368915 0.00000000
    endloop
  endfacet
  facet normal 0.83035755 -0.55723096 0.00000000
    outer loop
      vertex -5.43356294 11.93883969 0.20000000
      vertex -5.49070521 11.85368915 0.00000000
      vertex -5.43356294 11.93883969 0.00000000
    endloop
  endfacet
  facet normal 0.00000000 0.00000000 1.00000000
    outer loop
      vertex -5.18694213 11.66028993 0.20000000
      vertex -5.54377163 11.76573207 0.20000000
      vertex -5.23107615 11.58713821 0.20000000
    endloop
  endfacet
  facet normal 0.00000000 0.00000000 1.00000000
    outer loop
      vertex -5.18694213 11.66028993 0.20000000
      vertex -5.49070521 11.85368915 0.20000000
      vertex -5.54377163 11.76573207 0.20000000
    endloop
  endfacet
  facet normal -0.00000000 0.00000000 -1.00000000
    outer loop
      vertex -5.18694213 11.66028993 0.00000000
      vertex -5.23107615 11.58713821 0.00000000
      vertex -5.54377163 11.76573207 0.00000000
    endloop
  endfacet
  facet normal 0.00000000 0.00000000 -1.00000000
    outer loop
      vertex -5.18694213 11.66028993 0.00000000
      vertex -5.54377163 11.76573207 0.00000000
      vertex -5.49070521 11.85368915 0.00000000
    endloop
  endfacet
  facet normal -0.85623559 0.51658553 0.00000000
    outer loop
      vertex -5.18694213 11.66028993 0.20000000
      vertex -5.23107615 11.58713821 0.00000000
      vertex -5.23107615 11.58713821 0.20000000
    endloop
  endfacet
  facet normal -0.85623559 0.51658553 0.00000000
    outer loop
      vertex -5.18694213 11.66028993 0.20000000
      vertex -5.18694213 11.66028993 0.00000000
      vertex -5.23107615 11.58713821 0.00000000
    endloop
  endfacet
  facet normal 0.85623559 -0.51658553 0.00000000
    outer loop
      vertex -5.49070521 11.85368915 0.20000000
      vertex -5.54377163 11.76573207 0.20000000
      vertex -5.54377163 11.76573207 0.00000000
    endloop
  endfacet
  facet normal 0.85623559 -0.51658553 0.00000000
    outer loop
      vertex -5.49070521 11.85368915 0.20000000
      vertex -5.54377163 11.76573207 0.00000000
      vertex -5.49070521 11.85368915 0.00000000
    endloop
  endfacet
  facet normal 0.00000000 0.00000000 1.00000000
    outer loop
      vertex -5.23107615 11.58713821 0.20000000
      vertex -5.59273909 11.67502340 0.20000000
      vertex -5.27190501 11.51150572 0.20000000
    endloop
  endfacet
  facet normal 0.00000000 0.00000000 1.00000000
    outer loop
      vertex -5.23107615 11.58713821 0.20000000
      vertex -5.54377163 11.76573207 0.20000000
      vertex -5.59273909 11.67502340 0.20000000
    endloop
  endfacet
  facet normal -0.00000000 0.00000000 -1.00000000
    outer loop
      vertex -5.23107615 11.58713821 0.00000000
      vertex -5.27190501 11.51150572 0.00000000
      vertex -5.59273909 11.67502340 0.00000000
    endloop
  endfacet
  facet normal 0.00000000 0.00000000 -1.00000000
    outer loop
      vertex -5.23107615 11.58713821 0.00000000
      vertex -5.59273909 11.67502340 0.00000000
      vertex -5.54377163 11.76573207 0.00000000
    endloop
  endfacet
  facet normal -0.87996710 0.47503464 0.00000000
    outer loop
      vertex -5.23107615 11.58713821 0.20000000
      vertex -5.27190501 11.51150572 0.00000000
      vertex -5.27190501 11.51150572 0.20000000
    endloop
  endfacet
  facet normal -0.87996710 0.47503464 0.00000000
    outer loop
      vertex -5.23107615 11.58713821 0.20000000
      vertex -5.23107615 11.58713821 0.00000000
      vertex -5.27190501 11.51150572 0.00000000
    endloop
  endfacet
  facet normal 0.87996710 -0.47503464 0.00000000
    outer loop
      vertex -5.54377163 11.76573207 0.20000000
      vertex -5.59273909 11.67502340 0.20000000
      vertex -5.59273909 11.67502340 0.00000000
    endloop
  endfacet
  facet normal 0.87996710 -0.47503464 0.00000000
    outer loop
      vertex -5.54377163 11.76573207 0.20000000
      vertex -5.59273909 11.67502340 0.00000000
      vertex -5.54377163 11.76573207 0.00000000
    endloop
  endfacet
  facet normal 0.00000000 0.00000000 1.00000000
    outer loop
      vertex -5.27190501 11.51150572 0.20000000
      vertex -5.63759315 11.58161933 0.20000000
      vertex -5.30944317 11.43333627 0.20000000
    endloop
  endfacet
  facet normal 0.00000000 0.00000000 1.00000000
    outer loop
      vertex -5.27190501 11.51150572 0.20000000
      vertex -5.59273909 11.67502340 0.20000000
      vertex -5.63759315 11.58161933 0.20000000
    endloop
  endfacet
  facet normal -0.00000000 0.00000000 -1.00000000
    outer loop
      vertex -5.27190501 11.51150572 0.00000000
      vertex -5.30944317 11.43333627 0.00000000
      vertex -5.63759315 11.58161933 0.00000000
    endloop
  endfacet
  facet normal 0.00000000 0.00000000 -1.00000000
    outer loop
      vertex -5.27190501 11.51150572 0.00000000
      vertex -5.63759315 11.58161933 0.00000000
      vertex -5.59273909 11.67502340 0.00000000
    endloop
  endfacet
  facet normal -0.90144736 0.43288874 0.00000000
    outer loop
      vertex -5.27190501 11.51150572 0.20000000
      vertex -5.30944317 11.43333627 0.00000000
      vertex -5.30944317 11.43333627 0.20000000
    endloop
  endfacet
  facet normal -0.90144736 0.43288874 0.00000000
    outer loop
      vertex -5.27190501 11.51150572 0.20000000
      vertex -5.27190501 11.51150572 0.00000000
      vertex -5.30944317 11.43333627 0.00000000
    endloop
  endfacet
  facet normal 0.90144736 -0.43288874 0.00000000
    outer loop
      vertex -5.59273909 11.67502340 0.20000000
      vertex -5.63759315 11.58161933 0.20000000
      vertex -5.63759315 11.58161933 0.00000000
    endloop
  endfacet
  facet normal 0.90144736 -0.43288874 0.00000000
    outer loop
      vertex -5.59273909 11.67502340 0.20000000
      vertex -5.63759315 11.58161933 0.00000000
      vertex -5.59273909 11.67502340 0.00000000
    endloop
  endfacet
  facet normal 0.00000000 0.00000000 1.00000000
    outer loop
      vertex -5.30944317 11.43333627 0.20000000
      vertex -5.67832798 11.48557533 0.20000000
      vertex -5.34369645 11.35257438 0.20000000
    endloop
  endfacet
  facet normal 0.00000000 0.00000000 1.00000000
    outer loop
      vertex -5.30944317 11.43333627 0.20000000
      vertex -5.63759315 11.58161933 0.20000000
      vertex -5.67832798 11.48557533 0.20000000
    endloop
  endfacet
  facet normal -0.00000000 0.00000000 -1.00000000
    outer loop
      vertex -5.30944317 11.43333627 0.00000000
      vertex -5.34369645 11.35257438 0.00000000
      vertex -5.67832798 11.48557533 0.00000000
    endloop
  endfacet
  facet normal 0.00000000 0.00000000 -1.00000000
    outer loop
      vertex -5.30944317 11.43333627 0.00000000
      vertex -5.67832798 11.48557533 0.00000000
      vertex -5.63759315 11.58161933 0.00000000
    endloop
  endfacet
  facet normal -0.92062006 0.39045960 0.00000000
    outer loop
      vertex -5.30944317 11.43333627 0.20000000
      vertex -5.34369645 11.35257438 0.00000000
      vertex -5.34369645 11.35257438 0.20000000
    endloop
  endfacet
  facet normal -0.92062006 0.39045960 0.00000000
    outer loop
      vertex -5.30944317 11.43333627 0.20000000
      vertex -5.30944317 11.43333627 0.00000000
      vertex -5.34369645 11.35257438 0.00000000
    endloop
  endfacet
  facet normal 0.92062006 -0.39045960 0.00000000
    outer loop
      vertex -5.63759315 11.58161933 0.20000000
      vertex -5.67832798 11.48557533 0.20000000
      vertex -5.67832798 11.48557533 0.00000000
    endloop
  endfacet
  facet normal 0.92062006 -0.39045960 0.00000000
    outer loop
      vertex -5.63759315 11.58161933 0.20000000
      vertex -5.67832798 11.48557533 0.00000000
      vertex -5.63759315 11.58161933 0.00000000
    endloop
  endfacet
  facet normal 0.00000000 0.00000000 1.00000000
    outer loop
      vertex -5.34369645 11.35257438 0.20000000
      vertex -5.71494597 11.38694436 0.20000000
      vertex -5.37466246 11.26916709 0.20000000
    endloop
  endfacet
  facet normal 0.00000000 0.00000000 1.00000000
    outer loop
      vertex -5.34369645 11.35257438 0.20000000
      vertex -5.67832798 11.48557533 0.20000000
      vertex -5.71494597 11.38694436 0.20000000
    endloop
  endfacet
  facet normal -0.00000000 0.00000000 -1.00000000
    outer loop
      vertex -5.34369645 11.35257438 0.00000000
      vertex -5.37466246 11.26916709 0.00000000
      vertex -5.71494597 11.38694436 0.00000000
    endloop
  endfacet
  facet normal 0.00000000 0.00000000 -1.00000000
    outer loop
      vertex -5.34369645 11.35257438 0.00000000
      vertex -5.71494597 11.38694436 0.00000000
      vertex -5.67832798 11.48557533 0.00000000
    endloop
  endfacet
  facet normal -0.93747604 0.34804982 0.00000000
    outer loop
      vertex -5.34369645 11.35257438 0.20000000
      vertex -5.37466246 11.26916709 0.00000000
      vertex -5.37466246 11.26916709 0.20000000
    endloop
  endfacet
  facet normal -0.93747604 0.34804982 0.00000000
    outer loop
      vertex -5.34369645 11.35257438 0.20000000
      vertex -5.34369645 11.35257438 0.00000000
      vertex -5.37466246 11.26916709 0.00000000
    endloop
  endfacet
  facet normal 0.93747604 -0.34804982 0.00000000
    outer loop
      vertex -5.67832798 11.48557533 0.20000000
      vertex -5.71494597 11.38694436 0.20000000
      vertex -5.71494597 11.38694436 0.00000000
    endloop
  endfacet
  facet normal 0.93747604 -0.34804982 0.00000000
    outer loop
      vertex -5.67832798 11.48557533 0.20000000
      vertex -5.71494597 11.38694436 0.00000000
      vertex -5.67832798 11.48557533 0.00000000
    endloop
  endfacet
  facet normal 0.00000000 0.00000000 1.00000000
    outer loop
      vertex -5.37466246 11.26916709 0.20000000
      vertex -5.74745688 11.28577540 0.20000000
      vertex -5.40233145 11.18306543 0.20000000
    endloop
  endfacet
  facet normal 0.00000000 0.00000000 1.00000000
    outer loop
      vertex -5.37466246 11.26916709 0.20000000
      vertex -5.71494597 11.38694436 0.20000000
      vertex -5.74745688 11.28577540 0.20000000
    endloop
  endfacet
  facet normal -0.00000000 0.00000000 -1.00000000
    outer loop
      vertex -5.37466246 11.26916709 0.00000000
      vertex -5.40233145 11.18306543 0.00000000
      vertex -5.74745688 11.28577540 0.00000000
    endloop
  endfacet
  facet normal 0.00000000 0.00000000 -1.00000000
    outer loop
      vertex -5.37466246 11.26916709 0.00000000
      vertex -5.74745688 11.28577540 0.00000000
      vertex -5.71494597 11.38694436 0.00000000
    endloop
  endfacet
  facet normal -0.95204964 0.30594359 0.00000000
    outer loop
      vertex -5.37466246 11.26916709 0.20000000
      vertex -5.40233145 11.18306543 0.00000000
      vertex -5.40233145 11.18306543 0.20000000
    endloop
  endfacet
  facet normal -0.95204964 0.30594359 0.00000000
    outer loop
      vertex -5.37466246 11.26916709 0.20000000
      vertex -5.37466246 11.26916709 0.00000000
      vertex -5.40233145 11.18306543 0.00000000
    endloop
  endfacet
  facet normal 0.95204964 -0.30594359 0.00000000
    outer loop
      vertex -5.71494597 11.38694436 0.20000000
      vertex -5.74745688 11.28577540 0.20000000
      vertex -5.74745688 11.28577540 0.00000000
    endloop
  endfacet
  facet normal 0.95204964 -0.30594359 0.00000000
    outer loop
      vertex -5.71494597 11.38694436 0.20000000
      vertex -5.74745688 11.28577540 0.00000000
      vertex -5.71494597 11.38694436 0.00000000
    endloop
  endfacet
  facet normal 0.00000000 0.00000000 1.00000000
    outer loop
      vertex -5.40233145 11.18306543 0.20000000
      vertex -5.77587671 11.18211228 0.20000000
      vertex -5.42668740 11.09422556 0.20000000
    endloop
  endfacet
  facet normal 0.00000000 0.00000000 1.00000000
    outer loop
      vertex -5.40233145 11.18306543 0.20000000
      vertex -5.74745688 11.28577540 0.20000000
      vertex -5.77587671 11.18211228 0.20000000
    endloop
  endfacet
  facet normal 0.00000000 0.00000000 -1.00000000
    outer loop
      vertex -5.40233145 11.18306543 0.00000000
      vertex -5.42668740 11.09422556 0.00000000
      vertex -5.77587671 11.18211228 0.00000000
    endloop
  endfacet
  facet normal -0.00000000 0.00000000 -1.00000000
    outer loop
      vertex -5.40233145 11.18306543 0.00000000
      vertex -5.77587671 11.18211228 0.00000000
      vertex -5.74745688 11.28577540 0.00000000
    endloop
  endfacet
  facet normal -0.96441328 0.26439937 0.00000000
    outer loop
      vertex -5.40233145 11.18306543 0.20000000
      vertex -5.42668740 11.09422556 0.00000000
      vertex -5.42668740 11.09422556 0.20000000
    endloop
  endfacet
  facet normal -0.96441328 0.26439937 0.00000000
    outer loop
      vertex -5.40233145 11.18306543 0.20000000
      vertex -5.40233145 11.18306543 0.00000000
      vertex -5.42668740 11.09422556 0.00000000
    endloop
  endfacet
  facet normal 0.96441328 -0.26439937 0.00000000
    outer loop
      vertex -5.74745688 11.28577540 0.20000000
      vertex -5.77587671 11.18211228 0.20000000
      vertex -5.77587671 11.18211228 0.00000000
    endloop
  endfacet
  facet normal 0.96441328 -0.26439937 0.00000000
    outer loop
      vertex -5.74745688 11.28577540 0.20000000
      vertex -5.77587671 11.18211228 0.00000000
      vertex -5.74745688 11.28577540 0.00000000
    endloop
  endfacet
  facet normal 0.00000000 0.00000000 1.00000000
    outer loop
      vertex -5.42668740 11.09422556 0.20000000
      vertex -5.80022649 11.07599294 0.20000000
      vertex -5.44770930 11.00260955 0.20000000
    endloop
  endfacet
  facet normal 0.00000000 0.00000000 1.00000000
    outer loop
      vertex -5.42668740 11.09422556 0.20000000
      vertex -5.77587671 11.18211228 0.20000000
      vertex -5.80022649 11.07599294 0.20000000
    endloop
  endfacet
  facet normal 0.00000000 0.00000000 -1.00000000
    outer loop
      vertex -5.42668740 11.09422556 0.00000000
      vertex -5.44770930 11.00260955 0.00000000
      vertex -5.80022649 11.07599294 0.00000000
    endloop
  endfacet
  facet normal -0.00000000 0.00000000 -1.00000000
    outer loop
      vertex -5.42668740 11.09422556 0.00000000
      vertex -5.80022649 11.07599294 0.00000000
      vertex -5.77587671 11.18211228 0.00000000
    endloop
  endfacet
  facet normal -0.97467076 0.22364462 0.00000000
    outer loop
      vertex -5.42668740 11.09422556 0.20000000
      vertex -5.44770930 11.00260955 0.00000000
      vertex -5.44770930 11.00260955 0.20000000
    endloop
  endfacet
  facet normal -0.97467076 0.22364462 0.00000000
    outer loop
      vertex -5.42668740 11.09422556 0.20000000
      vertex -5.42668740 11.09422556 0.00000000
      vertex -5.44770930 11.00260955 0.00000000
    endloop
  endfacet
  facet normal 0.97467076 -0.22364462 0.00000000
    outer loop
      vertex -5.77587671 11.18211228 0.20000000
      vertex -5.80022649 11.07599294 0.20000000
      vertex -5.80022649 11.07599294 0.00000000
    endloop
  endfacet
  facet normal 0.97467076 -0.22364462 0.00000000
    outer loop
      vertex -5.77587671 11.18211228 0.20000000
      vertex -5.80022649 11.07599294 0.00000000
      vertex -5.77587671 11.18211228 0.00000000
    endloop
  endfacet
  facet normal 0.00000000 0.00000000 1.00000000
    outer loop
      vertex -5.44770930 11.00260955 0.20000000
      vertex -5.82053094 10.96744906 0.20000000
      vertex -5.46537242 10.90818571 0.20000000
    endloop
  endfacet
  facet normal 0.00000000 0.00000000 1.00000000
    outer loop
      vertex -5.44770930 11.00260955 0.20000000
      vertex -5.80022649 11.07599294 0.20000000
      vertex -5.82053094 10.96744906 0.20000000
    endloop
  endfacet
  facet normal 0.00000000 0.00000000 -1.00000000
    outer loop
      vertex -5.44770930 11.00260955 0.00000000
      vertex -5.46537242 10.90818571 0.00000000
      vertex -5.82053094 10.96744906 0.00000000
    endloop
  endfacet
  facet normal -0.00000000 0.00000000 -1.00000000
    outer loop
      vertex -5.44770930 11.00260955 0.00000000
      vertex -5.82053094 10.96744906 0.00000000
      vertex -5.80022649 11.07599294 0.00000000
    endloop
  endfacet
  facet normal -0.98295006 0.18387271 0.00000000
    outer loop
      vertex -5.44770930 11.00260955 0.20000000
      vertex -5.46537242 10.90818571 0.00000000
      vertex -5.46537242 10.90818571 0.20000000
    endloop
  endfacet
  facet normal -0.98295006 0.18387271 0.00000000
    outer loop
      vertex -5.44770930 11.00260955 0.20000000
      vertex -5.44770930 11.00260955 0.00000000
      vertex -5.46537242 10.90818571 0.00000000
    endloop
  endfacet
  facet normal 0.98295006 -0.18387271 0.00000000
    outer loop
      vertex -5.80022649 11.07599294 0.20000000
      vertex -5.82053094 10.96744906 0.20000000
      vertex -5.82053094 10.96744906 0.00000000
    endloop
  endfacet
  facet normal 0.98295006 -0.18387271 0.00000000
    outer loop
      vertex -5.80022649 11.07599294 0.20000000
      vertex -5.82053094 10.96744906 0.00000000
      vertex -5.80022649 11.07599294 0.00000000
    endloop
  endfacet
  facet normal 0.00000000 0.00000000 1.00000000
    outer loop
      vertex -5.46537242 10.90818571 0.20000000
      vertex -5.83681721 10.85650602 0.20000000
      vertex -5.47964961 10.81092866 0.20000000
    endloop
  endfacet
  facet normal 0.00000000 0.00000000 1.00000000
    outer loop
      vertex -5.46537242 10.90818571 0.20000000
      vertex -5.82053094 10.96744906 0.20000000
      vertex -5.83681721 10.85650602 0.20000000
    endloop
  endfacet
  facet normal 0.00000000 0.00000000 -1.00000000
    outer loop
      vertex -5.46537242 10.90818571 0.00000000
      vertex -5.47964961 10.81092866 0.00000000
      vertex -5.83681721 10.85650602 0.00000000
    endloop
  endfacet
  facet normal -0.00000000 0.00000000 -1.00000000
    outer loop
      vertex -5.46537242 10.90818571 0.00000000
      vertex -5.83681721 10.85650602 0.00000000
      vertex -5.82053094 10.96744906 0.00000000
    endloop
  endfacet
  facet normal -0.98939618 0.14524188 0.00000000
    outer loop
      vertex -5.46537242 10.90818571 0.20000000
      vertex -5.47964961 10.81092866 0.00000000
      vertex -5.47964961 10.81092866 0.20000000
    endloop
  endfacet
  facet normal -0.98939618 0.14524188 0.00000000
    outer loop
      vertex -5.46537242 10.90818571 0.20000000
      vertex -5.46537242 10.90818571 0.00000000
      vertex -5.47964961 10.81092866 0.00000000
    endloop
  endfacet
  facet normal 0.98939618 -0.14524188 0.00000000
    outer loop
      vertex -5.82053094 10.96744906 0.20000000
      vertex -5.83681721 10.85650602 0.20000000
      vertex -5.83681721 10.85650602 0.00000000
    endloop
  endfacet
  facet normal 0.98939618 -0.14524188 0.00000000
    outer loop
      vertex -5.82053094 10.96744906 0.20000000
      vertex -5.83681721 10.85650602 0.00000000
      vertex -5.82053094 10.96744906 0.00000000
    endloop
  endfacet
  facet normal 0.00000000 0.00000000 1.00000000
    outer loop
      vertex -5.47964961 10.81092866 0.20000000
      vertex -5.84911377 10.74318315 0.20000000
      vertex -5.49051241 10.71081909 0.20000000
    endloop
  endfacet
  facet normal 0.00000000 0.00000000 1.00000000
    outer loop
      vertex -5.47964961 10.81092866 0.20000000
      vertex -5.83681721 10.85650602 0.20000000
      vertex -5.84911377 10.74318315 0.20000000
    endloop
  endfacet
  facet normal 0.00000000 0.00000000 -1.00000000
    outer loop
      vertex -5.47964961 10.81092866 0.00000000
      vertex -5.49051241 10.71081909 0.00000000
      vertex -5.84911377 10.74318315 0.00000000
    endloop
  endfacet
  facet normal -0.00000000 0.00000000 -1.00000000
    outer loop
      vertex -5.47964961 10.81092866 0.00000000
      vertex -5.84911377 10.74318315 0.00000000
      vertex -5.83681721 10.85650602 0.00000000
    endloop
  endfacet
  facet normal -0.99416437 0.10787584 0.00000000
    outer loop
      vertex -5.47964961 10.81092866 0.20000000
      vertex -5.49051241 10.71081909 0.00000000
      vertex -5.49051241 10.71081909 0.20000000
    endloop
  endfacet
  facet normal -0.99416437 0.10787584 0.00000000
    outer loop
      vertex -5.47964961 10.81092866 0.20000000
      vertex -5.47964961 10.81092866 0.00000000
      vertex -5.49051241 10.71081909 0.00000000
    endloop
  endfacet
  facet normal 0.99416437 -0.10787584 0.00000000
    outer loop
      vertex -5.83681721 10.85650602 0.20000000
      vertex -5.84911377 10.74318315 0.20000000
      vertex -5.84911377 10.74318315 0.00000000
    endloop
  endfacet
  facet normal 0.99416437 -0.10787584 0.00000000
    outer loop
      vertex -5.83681721 10.85650602 0.20000000
      vertex -5.84911377 10.74318315 0.00000000
      vertex -5.83681721 10.85650602 0.00000000
    endloop
  endfacet
  facet normal 0.00000000 0.00000000 1.00000000
    outer loop
      vertex -5.49051241 10.71081909 0.20000000
      vertex -5.85744940 10.62749415 0.20000000
      vertex -5.49793203 10.60784327 0.20000000
    endloop
  endfacet
  facet normal 0.00000000 0.00000000 1.00000000
    outer loop
      vertex -5.49051241 10.71081909 0.20000000
      vertex -5.84911377 10.74318315 0.20000000
      vertex -5.85744940 10.62749415 0.20000000
    endloop
  endfacet
  facet normal 0.00000000 0.00000000 -1.00000000
    outer loop
      vertex -5.49051241 10.71081909 0.00000000
      vertex -5.49793203 10.60784327 0.00000000
      vertex -5.85744940 10.62749415 0.00000000
    endloop
  endfacet
  facet normal -0.00000000 0.00000000 -1.00000000
    outer loop
      vertex -5.49051241 10.71081909 0.00000000
      vertex -5.85744940 10.62749415 0.00000000
      vertex -5.84911377 10.74318315 0.00000000
    endloop
  endfacet
  facet normal -0.99741431 0.07186574 0.00000000
    outer loop
      vertex -5.49051241 10.71081909 0.20000000
      vertex -5.49793203 10.60784327 0.00000000
      vertex -5.49793203 10.60784327 0.20000000
    endloop
  endfacet
  facet normal -0.99741431 0.07186574 0.00000000
    outer loop
      vertex -5.49051241 10.71081909 0.20000000
      vertex -5.49051241 10.71081909 0.00000000
      vertex -5.49793203 10.60784327 0.00000000
    endloop
  endfacet
  facet normal 0.99741431 -0.07186574 0.00000000
    outer loop
      vertex -5.84911377 10.74318315 0.20000000
      vertex -5.85744940 10.62749415 0.20000000
      vertex -5.85744940 10.62749415 0.00000000
    endloop
  endfacet
  facet normal 0.99741431 -0.07186574 0.00000000
    outer loop
      vertex -5.84911377 10.74318315 0.20000000
      vertex -5.85744940 10.62749415 0.00000000
      vertex -5.84911377 10.74318315 0.00000000
    endloop
  endfacet
  facet normal 0.00000000 0.00000000 1.00000000
    outer loop
      vertex -5.49793203 10.60784327 0.20000000
      vertex -5.86185241 10.50944770 0.20000000
      vertex -5.50188015 10.50199253 0.20000000
    endloop
  endfacet
  facet normal 0.00000000 0.00000000 1.00000000
    outer loop
      vertex -5.49793203 10.60784327 0.20000000
      vertex -5.85744940 10.62749415 0.20000000
      vertex -5.86185241 10.50944770 0.20000000
    endloop
  endfacet
  facet normal 0.00000000 0.00000000 -1.00000000
    outer loop
      vertex -5.49793203 10.60784327 0.00000000
      vertex -5.50188015 10.50199253 0.00000000
      vertex -5.86185241 10.50944770 0.00000000
    endloop
  endfacet
  facet normal -0.00000000 0.00000000 -1.00000000
    outer loop
      vertex -5.49793203 10.60784327 0.00000000
      vertex -5.86185241 10.50944770 0.00000000
      vertex -5.85744940 10.62749415 0.00000000
    endloop
  endfacet
  facet normal -0.99930512 0.03727307 0.00000000
    outer loop
      vertex -5.49793203 10.60784327 0.20000000
      vertex -5.50188015 10.50199253 0.00000000
      vertex -5.50188015 10.50199253 0.20000000
    endloop
  endfacet
  facet normal -0.99930512 0.03727307 0.00000000
    outer loop
      vertex -5.49793203 10.60784327 0.20000000
      vertex -5.49793203 10.60784327 0.00000000
      vertex -5.50188015 10.50199253 0.00000000
    endloop
  endfacet
  facet normal 0.99930512 -0.03727307 0.00000000
    outer loop
      vertex -5.85744940 10.62749415 0.20000000
      vertex -5.86185241 10.50944770 0.20000000
      vertex -5.86185241 10.50944770 0.00000000
    endloop
  endfacet
  facet normal 0.99930512 -0.03727307 0.00000000
    outer loop
      vertex -5.85744940 10.62749415 0.20000000
      vertex -5.86185241 10.50944770 0.00000000
      vertex -5.85744940 10.62749415 0.00000000
    endloop
  endfacet
  facet normal 0.00000000 0.00000000 1.00000000
    outer loop
      vertex -5.50188015 10.50199253 0.20000000
      vertex -5.86235004 10.38904808 0.20000000
      vertex -5.50232955 10.39326260 0.20000000
    endloop
  endfacet
  facet normal 0.00000000 0.00000000 1.00000000
    outer loop
      vertex -5.50188015 10.50199253 0.20000000
      vertex -5.86185241 10.50944770 0.20000000
      vertex -5.86235004 10.38904808 0.20000000
    endloop
  endfacet
  facet normal 0.00000000 0.00000000 -1.00000000
    outer loop
      vertex -5.50188015 10.50199253 0.00000000
      vertex -5.50232955 10.39326260 0.00000000
      vertex -5.86235004 10.38904808 0.00000000
    endloop
  endfacet
  facet normal -0.00000000 0.00000000 -1.00000000
    outer loop
      vertex -5.50188015 10.50199253 0.00000000
      vertex -5.86235004 10.38904808 0.00000000
      vertex -5.86185241 10.50944770 0.00000000
    endloop
  endfacet
  facet normal -0.99999146 0.00413313 0.00000000
    outer loop
      vertex -5.50188015 10.50199253 0.20000000
      vertex -5.50232955 10.39326260 0.00000000
      vertex -5.50232955 10.39326260 0.20000000
    endloop
  endfacet
  facet normal -0.99999146 0.00413313 0.00000000
    outer loop
      vertex -5.50188015 10.50199253 0.20000000
      vertex -5.50188015 10.50199253 0.00000000
      vertex -5.50232955 10.39326260 0.00000000
    endloop
  endfacet
  facet normal 0.99999146 -0.00413313 0.00000000
    outer loop
      vertex -5.86185241 10.50944770 0.20000000
      vertex -5.86235004 10.38904808 0.20000000
      vertex -5.86235004 10.38904808 0.00000000
    endloop
  endfacet
  facet normal 0.99999146 -0.00413313 0.00000000
    outer loop
      vertex -5.86185241 10.50944770 0.20000000
      vertex -5.86235004 10.38904808 0.00000000
      vertex -5.86185241 10.50944770 0.00000000
    endloop
  endfacet
  facet normal 0.00000000 0.00000000 1.00000000
    outer loop
      vertex -5.50232955 10.39326260 0.20000000
      vertex -5.85900506 10.26764058 0.20000000
      vertex -5.49921746 10.28030818 0.20000000
    endloop
  endfacet
  facet normal 0.00000000 0.00000000 1.00000000
    outer loop
      vertex -5.50232955 10.39326260 0.20000000
      vertex -5.86235004 10.38904808 0.20000000
      vertex -5.85900506 10.26764058 0.20000000
    endloop
  endfacet
  facet normal 0.00000000 -0.00000000 -1.00000000
    outer loop
      vertex -5.50232955 10.39326260 0.00000000
      vertex -5.49921746 10.28030818 0.00000000
      vertex -5.85900506 10.26764058 0.00000000
    endloop
  endfacet
  facet normal 0.00000000 0.00000000 -1.00000000
    outer loop
      vertex -5.50232955 10.39326260 0.00000000
      vertex -5.85900506 10.26764058 0.00000000
      vertex -5.86235004 10.38904808 0.00000000
    endloop
  endfacet
  facet normal -0.99962067 -0.02754128 0.00000000
    outer loop
      vertex -5.50232955 10.39326260 0.20000000
      vertex -5.49921746 10.28030818 0.00000000
      vertex -5.49921746 10.28030818 0.20000000
    endloop
  endfacet
  facet normal -0.99962067 -0.02754128 -0.00000000
    outer loop
      vertex -5.50232955 10.39326260 0.20000000
      vertex -5.50232955 10.39326260 0.00000000
      vertex -5.49921746 10.28030818 0.00000000
    endloop
  endfacet
  facet normal 0.99962067 0.02754128 0.00000000
    outer loop
      vertex -5.86235004 10.38904808 0.20000000
      vertex -5.85900506 10.26764058 0.20000000
      vertex -5.85900506 10.26764058 0.00000000
    endloop
  endfacet
  facet normal 0.99962067 0.02754128 0.00000000
    outer loop
      vertex -5.86235004 10.38904808 0.20000000
      vertex -5.85900506 10.26764058 0.00000000
      vertex -5.86235004 10.38904808 0.00000000
    endloop
  endfacet
  facet normal 0.00000000 0.00000000 1.00000000
    outer loop
      vertex -5.49921746 10.28030818 0.20000000
      vertex -5.63232623 4.97999120 0.20000000
      vertex -5.27277892 4.99826392 0.20000000
    endloop
  endfacet
  facet normal 0.00000000 0.00000000 1.00000000
    outer loop
      vertex -5.49921746 10.28030818 0.20000000
      vertex -5.85900506 10.26764058 0.20000000
      vertex -5.63232623 4.97999120 0.20000000
    endloop
  endfacet
  facet normal 0.00000000 -0.00000000 -1.00000000
    outer loop
      vertex -5.49921746 10.28030818 0.00000000
      vertex -5.27277892 4.99826392 0.00000000
      vertex -5.63232623 4.97999120 0.00000000
    endloop
  endfacet
  facet normal 0.00000000 0.00000000 -1.00000000
    outer loop
      vertex -5.49921746 10.28030818 0.00000000
      vertex -5.63232623 4.97999120 0.00000000
      vertex -5.85900506 10.26764058 0.00000000
    endloop
  endfacet
  facet normal -0.99908237 -0.04283015 0.00000000
    outer loop
      vertex -5.49921746 10.28030818 0.20000000
      vertex -5.27277892 4.99826392 0.00000000
      vertex -5.27277892 4.99826392 0.20000000
    endloop
  endfacet
  facet normal -0.99908237 -0.04283015 -0.00000000
    outer loop
      vertex -5.49921746 10.28030818 0.20000000
      vertex -5.49921746 10.28030818 0.00000000
      vertex -5.27277892 4.99826392 0.00000000
    endloop
  endfacet
  facet normal 0.99908237 0.04283015 0.00000000
    outer loop
      vertex -5.85900506 10.26764058 0.20000000
      vertex -5.63232623 4.97999120 0.20000000
      vertex -5.63232623 4.97999120 0.00000000
    endloop
  endfacet
  facet normal 0.99908237 0.04283015 0.00000000
    outer loop
      vertex -5.85900506 10.26764058 0.20000000
      vertex -5.63232623 4.97999120 0.00000000
      vertex -5.85900506 10.26764058 0.00000000
    endloop
  endfacet
  facet normal 0.00000000 0.00000000 1.00000000
    outer loop
      vertex -5.27277892 4.99826392 0.20000000
      vertex -5.62664889 4.88340477 0.20000000
      vertex -5.26762042 4.91050423 0.20000000
    endloop
  endfacet
  facet normal 0.00000000 0.00000000 1.00000000
    outer loop
      vertex -5.27277892 4.99826392 0.20000000
      vertex -5.63232623 4.97999120 0.20000000
      vertex -5.62664889 4.88340477 0.20000000
    endloop
  endfacet
  facet normal 0.00000000 -0.00000000 -1.00000000
    outer loop
      vertex -5.27277892 4.99826392 0.00000000
      vertex -5.26762042 4.91050423 0.00000000
      vertex -5.62664889 4.88340477 0.00000000
    endloop
  endfacet
  facet normal 0.00000000 0.00000000 -1.00000000
    outer loop
      vertex -5.27277892 4.99826392 0.00000000
      vertex -5.62664889 4.88340477 0.00000000
      vertex -5.63232623 4.97999120 0.00000000
    endloop
  endfacet
  facet normal -0.99827693 -0.05867854 0.00000000
    outer loop
      vertex -5.27277892 4.99826392 0.20000000
      vertex -5.26762042 4.91050423 0.00000000
      vertex -5.26762042 4.91050423 0.20000000
    endloop
  endfacet
  facet normal -0.99827693 -0.05867854 -0.00000000
    outer loop
      vertex -5.27277892 4.99826392 0.20000000
      vertex -5.27277892 4.99826392 0.00000000
      vertex -5.26762042 4.91050423 0.00000000
    endloop
  endfacet
  facet normal 0.99827693 0.05867854 0.00000000
    outer loop
      vertex -5.63232623 4.97999120 0.20000000
      vertex -5.62664889 4.88340477 0.20000000
      vertex -5.62664889 4.88340477 0.00000000
    endloop
  endfacet
  facet normal 0.99827693 0.05867854 0.00000000
    outer loop
      vertex -5.63232623 4.97999120 0.20000000
      vertex -5.62664889 4.88340477 0.00000000
      vertex -5.63232623 4.97999120 0.00000000
    endloop
  endfacet
  facet normal 0.00000000 0.00000000 1.00000000
    outer loop
      vertex -5.26762042 4.91050423 0.20000000
      vertex -5.61786068 4.78811078 0.20000000
      vertex -5.25996646 4.82750943 0.20000000
    endloop
  endfacet
  facet normal 0.00000000 0.00000000 1.00000000
    outer loop
      vertex -5.26762042 4.91050423 0.20000000
      vertex -5.62664889 4.88340477 0.20000000
      vertex -5.61786068 4.78811078 0.20000000
    endloop
  endfacet
  facet normal 0.00000000 -0.00000000 -1.00000000
    outer loop
      vertex -5.26762042 4.91050423 0.00000000
      vertex -5.25996646 4.82750943 0.00000000
      vertex -5.61786068 4.78811078 0.00000000
    endloop
  endfacet
  facet normal 0.00000000 0.00000000 -1.00000000
    outer loop
      vertex -5.26762042 4.91050423 0.00000000
      vertex -5.61786068 4.78811078 0.00000000
      vertex -5.62664889 4.88340477 0.00000000
    endloop
  endfacet
  facet normal -0.99577447 -0.09183245 0.00000000
    outer loop
      vertex -5.26762042 4.91050423 0.20000000
      vertex -5.25996646 4.82750943 0.00000000
      vertex -5.25996646 4.82750943 0.20000000
    endloop
  endfacet
  facet normal -0.99577447 -0.09183245 -0.00000000
    outer loop
      vertex -5.26762042 4.91050423 0.20000000
      vertex -5.26762042 4.91050423 0.00000000
      vertex -5.25996646 4.82750943 0.00000000
    endloop
  endfacet
  facet normal 0.99577447 0.09183245 0.00000000
    outer loop
      vertex -5.62664889 4.88340477 0.20000000
      vertex -5.61786068 4.78811078 0.20000000
      vertex -5.61786068 4.78811078 0.00000000
    endloop
  endfacet
  facet normal 0.99577447 0.09183245 0.00000000
    outer loop
      vertex -5.62664889 4.88340477 0.20000000
      vertex -5.61786068 4.78811078 0.00000000
      vertex -5.62664889 4.88340477 0.00000000
    endloop
  endfacet
  facet normal 0.00000000 0.00000000 1.00000000
    outer loop
      vertex -5.25996646 4.82750943 0.20000000
      vertex -5.60600266 4.69548218 0.20000000
      vertex -5.24977596 4.74790655 0.20000000
    endloop
  endfacet
  facet normal 0.00000000 0.00000000 1.00000000
    outer loop
      vertex -5.25996646 4.82750943 0.20000000
      vertex -5.61786068 4.78811078 0.20000000
      vertex -5.60600266 4.69548218 0.20000000
    endloop
  endfacet
  facet normal 0.00000000 -0.00000000 -1.00000000
    outer loop
      vertex -5.25996646 4.82750943 0.00000000
      vertex -5.24977596 4.74790655 0.00000000
      vertex -5.60600266 4.69548218 0.00000000
    endloop
  endfacet
  facet normal 0.00000000 0.00000000 -1.00000000
    outer loop
      vertex -5.25996646 4.82750943 0.00000000
      vertex -5.60600266 4.69548218 0.00000000
      vertex -5.61786068 4.78811078 0.00000000
    endloop
  endfacet
  facet normal -0.99190521 -0.12698050 0.00000000
    outer loop
      vertex -5.25996646 4.82750943 0.20000000
      vertex -5.24977596 4.74790655 0.00000000
      vertex -5.24977596 4.74790655 0.20000000
    endloop
  endfacet
  facet normal -0.99190521 -0.12698050 -0.00000000
    outer loop
      vertex -5.25996646 4.82750943 0.20000000
      vertex -5.25996646 4.82750943 0.00000000
      vertex -5.24977596 4.74790655 0.00000000
    endloop
  endfacet
  facet normal 0.99190521 0.12698050 0.00000000
    outer loop
      vertex -5.61786068 4.78811078 0.20000000
      vertex -5.60600266 4.69548218 0.20000000
      vertex -5.60600266 4.69548218 0.00000000
    endloop
  endfacet
  facet normal 0.99190521 0.12698050 0.00000000
    outer loop
      vertex -5.61786068 4.78811078 0.20000000
      vertex -5.60600266 4.69548218 0.00000000
      vertex -5.61786068 4.78811078 0.00000000
    endloop
  endfacet
  facet normal 0.00000000 0.00000000 1.00000000
    outer loop
      vertex -5.24977596 4.74790655 0.20000000
      vertex -5.59103014 4.60551444 0.20000000
      vertex -5.23709361 4.67170015 0.20000000
    endloop
  endfacet
  facet normal 0.00000000 0.00000000 1.00000000
    outer loop
      vertex -5.24977596 4.74790655 0.20000000
      vertex -5.60600266 4.69548218 0.20000000
      vertex -5.59103014 4.60551444 0.20000000
    endloop
  endfacet
  facet normal 0.00000000 -0.00000000 -1.00000000
    outer loop
      vertex -5.24977596 4.74790655 0.00000000
      vertex -5.23709361 4.67170015 0.00000000
      vertex -5.59103014 4.60551444 0.00000000
    endloop
  endfacet
  facet normal 0.00000000 0.00000000 -1.00000000
    outer loop
      vertex -5.24977596 4.74790655 0.00000000
      vertex -5.59103014 4.60551444 0.00000000
      vertex -5.60600266 4.69548218 0.00000000
    endloop
  endfacet
  facet normal -0.98643320 -0.16416315 0.00000000
    outer loop
      vertex -5.24977596 4.74790655 0.20000000
      vertex -5.23709361 4.67170015 0.00000000
      vertex -5.23709361 4.67170015 0.20000000
    endloop
  endfacet
  facet normal -0.98643320 -0.16416315 -0.00000000
    outer loop
      vertex -5.24977596 4.74790655 0.20000000
      vertex -5.24977596 4.74790655 0.00000000
      vertex -5.23709361 4.67170015 0.00000000
    endloop
  endfacet
  facet normal 0.98643320 0.16416315 0.00000000
    outer loop
      vertex -5.60600266 4.69548218 0.20000000
      vertex -5.59103014 4.60551444 0.20000000
      vertex -5.59103014 4.60551444 0.00000000
    endloop
  endfacet
  facet normal 0.98643320 0.16416315 0.00000000
    outer loop
      vertex -5.60600266 4.69548218 0.20000000
      vertex -5.59103014 4.60551444 0.00000000
      vertex -5.60600266 4.69548218 0.00000000
    endloop
  endfacet
  facet normal 0.00000000 0.00000000 1.00000000
    outer loop
      vertex -5.23709361 4.67170015 0.20000000
      vertex -5.57289425 4.51820967 0.20000000
      vertex -5.22196831 4.59888812 0.20000000
    endloop
  endfacet
  facet normal 0.00000000 0.00000000 1.00000000
    outer loop
      vertex -5.23709361 4.67170015 0.20000000
      vertex -5.59103014 4.60551444 0.20000000
      vertex -5.57289425 4.51820967 0.20000000
    endloop
  endfacet
  facet normal 0.00000000 -0.00000000 -1.00000000
    outer loop
      vertex -5.23709361 4.67170015 0.00000000
      vertex -5.22196831 4.59888812 0.00000000
      vertex -5.57289425 4.51820967 0.00000000
    endloop
  endfacet
  facet normal 0.00000000 0.00000000 -1.00000000
    outer loop
      vertex -5.23709361 4.67170015 0.00000000
      vertex -5.57289425 4.51820967 0.00000000
      vertex -5.59103014 4.60551444 0.00000000
    endloop
  endfacet
  facet normal -0.97909804 -0.20338886 0.00000000
    outer loop
      vertex -5.23709361 4.67170015 0.20000000
      vertex -5.22196831 4.59888812 0.00000000
      vertex -5.22196831 4.59888812 0.20000000
    endloop
  endfacet
  facet normal -0.97909804 -0.20338886 -0.00000000
    outer loop
      vertex -5.23709361 4.67170015 0.20000000
      vertex -5.23709361 4.67170015 0.00000000
      vertex -5.22196831 4.59888812 0.00000000
    endloop
  endfacet
  facet normal 0.97909804 0.20338886 0.00000000
    outer loop
      vertex -5.59103014 4.60551444 0.20000000
      vertex -5.57289425 4.51820967 0.20000000
      vertex -5.57289425 4.51820967 0.00000000
    endloop
  endfacet
  facet normal 0.97909804 0.20338886 0.00000000
    outer loop
      vertex -5.59103014 4.60551444 0.20000000
      vertex -5.57289425 4.51820967 0.00000000
      vertex -5.59103014 4.60551444 0.00000000
    endloop
  endfacet
  facet normal 0.00000000 0.00000000 1.00000000
    outer loop
      vertex -5.22196831 4.59888812 0.20000000
      vertex -5.55154272 4.43357851 0.20000000
      vertex -5.20445229 4.52945979 0.20000000
    endloop
  endfacet
  facet normal 0.00000000 0.00000000 1.00000000
    outer loop
      vertex -5.22196831 4.59888812 0.20000000
      vertex -5.57289425 4.51820967 0.20000000
      vertex -5.55154272 4.43357851 0.20000000
    endloop
  endfacet
  facet normal 0.00000000 -0.00000000 -1.00000000
    outer loop
      vertex -5.22196831 4.59888812 0.00000000
      vertex -5.20445229 4.52945979 0.00000000
      vertex -5.55154272 4.43357851 0.00000000
    endloop
  endfacet
  facet normal 0.00000000 0.00000000 -1.00000000
    outer loop
      vertex -5.22196831 4.59888812 0.00000000
      vertex -5.55154272 4.43357851 0.00000000
      vertex -5.57289425 4.51820967 0.00000000
    endloop
  endfacet
  facet normal -0.96961798 -0.24462414 0.00000000
    outer loop
      vertex -5.22196831 4.59888812 0.20000000
      vertex -5.20445229 4.52945979 0.00000000
      vertex -5.20445229 4.52945979 0.20000000
    endloop
  endfacet
  facet normal -0.96961798 -0.24462414 -0.00000000
    outer loop
      vertex -5.22196831 4.59888812 0.20000000
      vertex -5.22196831 4.59888812 0.00000000
      vertex -5.20445229 4.52945979 0.00000000
    endloop
  endfacet
  facet normal 0.96961798 0.24462414 0.00000000
    outer loop
      vertex -5.57289425 4.51820967 0.20000000
      vertex -5.55154272 4.43357851 0.20000000
      vertex -5.55154272 4.43357851 0.00000000
    endloop
  endfacet
  facet normal 0.96961798 0.24462414 0.00000000
    outer loop
      vertex -5.57289425 4.51820967 0.20000000
      vertex -5.55154272 4.43357851 0.00000000
      vertex -5.57289425 4.51820967 0.00000000
    endloop
  endfacet
  facet normal 0.00000000 0.00000000 1.00000000
    outer loop
      vertex -5.20445229 4.52945979 0.20000000
      vertex -5.52692127 4.35164216 0.20000000
      vertex -5.18459986 4.46339398 0.20000000
    endloop
  endfacet
  facet normal 0.00000000 0.00000000 1.00000000
    outer loop
      vertex -5.20445229 4.52945979 0.20000000
      vertex -5.55154272 4.43357851 0.20000000
      vertex -5.52692127 4.35164216 0.20000000
    endloop
  endfacet
  facet normal 0.00000000 -0.00000000 -1.00000000
    outer loop
      vertex -5.20445229 4.52945979 0.00000000
      vertex -5.18459986 4.46339398 0.00000000
      vertex -5.52692127 4.35164216 0.00000000
    endloop
  endfacet
  facet normal 0.00000000 0.00000000 -1.00000000
    outer loop
      vertex -5.20445229 4.52945979 0.00000000
      vertex -5.52692127 4.35164216 0.00000000
      vertex -5.55154272 4.43357851 0.00000000
    endloop
  endfacet
  facet normal -0.95769575 -0.28778264 0.00000000
    outer loop
      vertex -5.20445229 4.52945979 0.20000000
      vertex -5.18459986 4.46339398 0.00000000
      vertex -5.18459986 4.46339398 0.20000000
    endloop
  endfacet
  facet normal -0.95769575 -0.28778264 -0.00000000
    outer loop
      vertex -5.20445229 4.52945979 0.20000000
      vertex -5.20445229 4.52945979 0.00000000
      vertex -5.18459986 4.46339398 0.00000000
    endloop
  endfacet
  facet normal 0.95769575 0.28778264 0.00000000
    outer loop
      vertex -5.55154272 4.43357851 0.20000000
      vertex -5.52692127 4.35164216 0.20000000
      vertex -5.52692127 4.35164216 0.00000000
    endloop
  endfacet
  facet normal 0.95769575 0.28778264 0.00000000
    outer loop
      vertex -5.55154272 4.43357851 0.20000000
      vertex -5.52692127 4.35164216 0.00000000
      vertex -5.55154272 4.43357851 0.00000000
    endloop
  endfacet
  facet normal 0.00000000 0.00000000 1.00000000
    outer loop
      vertex -5.18459986 4.46339398 0.20000000
      vertex -5.49897556 4.27243427 0.20000000
      vertex -5.16246534 4.40065705 0.20000000
    endloop
  endfacet
  facet normal 0.00000000 0.00000000 1.00000000
    outer loop
      vertex -5.18459986 4.46339398 0.20000000
      vertex -5.52692127 4.35164216 0.20000000
      vertex -5.49897556 4.27243427 0.20000000
    endloop
  endfacet
  facet normal 0.00000000 -0.00000000 -1.00000000
    outer loop
      vertex -5.18459986 4.46339398 0.00000000
      vertex -5.16246534 4.40065705 0.00000000
      vertex -5.49897556 4.27243427 0.00000000
    endloop
  endfacet
  facet normal 0.00000000 0.00000000 -1.00000000
    outer loop
      vertex -5.18459986 4.46339398 0.00000000
      vertex -5.49897556 4.27243427 0.00000000
      vertex -5.52692127 4.35164216 0.00000000
    endloop
  endfacet
  facet normal -0.94302775 -0.33271409 0.00000000
    outer loop
      vertex -5.18459986 4.46339398 0.20000000
      vertex -5.16246534 4.40065705 0.00000000
      vertex -5.16246534 4.40065705 0.20000000
    endloop
  endfacet
  facet normal -0.94302775 -0.33271409 -0.00000000
    outer loop
      vertex -5.18459986 4.46339398 0.20000000
      vertex -5.18459986 4.46339398 0.00000000
      vertex -5.16246534 4.40065705 0.00000000
    endloop
  endfacet
  facet normal 0.94302775 0.33271409 0.00000000
    outer loop
      vertex -5.52692127 4.35164216 0.20000000
      vertex -5.49897556 4.27243427 0.20000000
      vertex -5.49897556 4.27243427 0.00000000
    endloop
  endfacet
  facet normal 0.94302775 0.33271409 0.00000000
    outer loop
      vertex -5.52692127 4.35164216 0.20000000
      vertex -5.49897556 4.27243427 0.00000000
      vertex -5.52692127 4.35164216 0.00000000
    endloop
  endfacet
  facet normal 0.00000000 0.00000000 1.00000000
    outer loop
      vertex -5.16246534 4.40065705 0.20000000
      vertex -5.46765394 4.19600260 0.20000000
      vertex -5.13810040 4.34120121 0.20000000
    endloop
  endfacet
  facet normal 0.00000000 0.00000000 1.00000000
    outer loop
      vertex -5.16246534 4.40065705 0.20000000
      vertex -5.49897556 4.27243427 0.20000000
      vertex -5.46765394 4.19600260 0.20000000
    endloop
  endfacet
  facet normal 0.00000000 -0.00000000 -1.00000000
    outer loop
      vertex -5.16246534 4.40065705 0.00000000
      vertex -5.13810040 4.34120121 0.00000000
      vertex -5.46765394 4.19600260 0.00000000
    endloop
  endfacet
  facet normal 0.00000000 0.00000000 -1.00000000
    outer loop
      vertex -5.16246534 4.40065705 0.00000000
      vertex -5.46765394 4.19600260 0.00000000
      vertex -5.49897556 4.27243427 0.00000000
    endloop
  endfacet
  facet normal -0.92531716 -0.37919409 0.00000000
    outer loop
      vertex -5.16246534 4.40065705 0.20000000
      vertex -5.13810040 4.34120121 0.00000000
      vertex -5.13810040 4.34120121 0.20000000
    endloop
  endfacet
  facet normal -0.92531716 -0.37919409 -0.00000000
    outer loop
      vertex -5.16246534 4.40065705 0.20000000
      vertex -5.16246534 4.40065705 0.00000000
      vertex -5.13810040 4.34120121 0.00000000
    endloop
  endfacet
  facet normal 0.92531716 0.37919409 0.00000000
    outer loop
      vertex -5.49897556 4.27243427 0.20000000
      vertex -5.46765394 4.19600260 0.20000000
      vertex -5.46765394 4.19600260 0.00000000
    endloop
  endfacet
  facet normal 0.92531716 0.37919409 0.00000000
    outer loop
      vertex -5.49897556 4.27243427 0.20000000
      vertex -5.46765394 4.19600260 0.00000000
      vertex -5.49897556 4.27243427 0.00000000
    endloop
  endfacet
  facet normal 0.00000000 0.00000000 1.00000000
    outer loop
      vertex -5.13810040 4.34120121 0.20000000
      vertex -5.43291085 4.12241007 0.20000000
      vertex -5.11155057 4.28496357 0.20000000
    endloop
  endfacet
  facet normal 0.00000000 0.00000000 1.00000000
    outer loop
      vertex -5.13810040 4.34120121 0.20000000
      vertex -5.46765394 4.19600260 0.20000000
      vertex -5.43291085 4.12241007 0.20000000
    endloop
  endfacet
  facet normal 0.00000000 -0.00000000 -1.00000000
    outer loop
      vertex -5.13810040 4.34120121 0.00000000
      vertex -5.11155057 4.28496357 0.00000000
      vertex -5.43291085 4.12241007 0.00000000
    endloop
  endfacet
  facet normal 0.00000000 0.00000000 -1.00000000
    outer loop
      vertex -5.13810040 4.34120121 0.00000000
      vertex -5.43291085 4.12241007 0.00000000
      vertex -5.46765394 4.19600260 0.00000000
    endloop
  endfacet
  facet normal -0.90429109 -0.42691642 0.00000000
    outer loop
      vertex -5.13810040 4.34120121 0.20000000
      vertex -5.11155057 4.28496357 0.00000000
      vertex -5.11155057 4.28496357 0.20000000
    endloop
  endfacet
  facet normal -0.90429109 -0.42691642 -0.00000000
    outer loop
      vertex -5.13810040 4.34120121 0.20000000
      vertex -5.13810040 4.34120121 0.00000000
      vertex -5.11155057 4.28496357 0.00000000
    endloop
  endfacet
  facet normal 0.90429109 0.42691642 0.00000000
    outer loop
      vertex -5.46765394 4.19600260 0.20000000
      vertex -5.43291085 4.12241007 0.20000000
      vertex -5.43291085 4.12241007 0.00000000
    endloop
  endfacet
  facet normal 0.90429109 0.42691642 0.00000000
    outer loop
      vertex -5.46765394 4.19600260 0.20000000
      vertex -5.43291085 4.12241007 0.00000000
      vertex -5.46765394 4.19600260 0.00000000
    endloop
  endfacet
  facet normal 0.00000000 0.00000000 1.00000000
    outer loop
      vertex -5.11155057 4.28496357 0.20000000
      vertex -5.39471085 4.05173480 0.20000000
      vertex -5.08285132 4.23186600 0.20000000
    endloop
  endfacet
  facet normal 0.00000000 0.00000000 1.00000000
    outer loop
      vertex -5.11155057 4.28496357 0.20000000
      vertex -5.43291085 4.12241007 0.20000000
      vertex -5.39471085 4.05173480 0.20000000
    endloop
  endfacet
  facet normal 0.00000000 -0.00000000 -1.00000000
    outer loop
      vertex -5.11155057 4.28496357 0.00000000
      vertex -5.08285132 4.23186600 0.00000000
      vertex -5.39471085 4.05173480 0.00000000
    endloop
  endfacet
  facet normal 0.00000000 0.00000000 -1.00000000
    outer loop
      vertex -5.11155057 4.28496357 0.00000000
      vertex -5.39471085 4.05173480 0.00000000
      vertex -5.43291085 4.12241007 0.00000000
    endloop
  endfacet
  facet normal -0.87972134 -0.47548960 0.00000000
    outer loop
      vertex -5.11155057 4.28496357 0.20000000
      vertex -5.08285132 4.23186600 0.00000000
      vertex -5.08285132 4.23186600 0.20000000
    endloop
  endfacet
  facet normal -0.87972134 -0.47548960 -0.00000000
    outer loop
      vertex -5.11155057 4.28496357 0.20000000
      vertex -5.11155057 4.28496357 0.00000000
      vertex -5.08285132 4.23186600 0.00000000
    endloop
  endfacet
  facet normal 0.87972134 0.47548960 0.00000000
    outer loop
      vertex -5.43291085 4.12241007 0.20000000
      vertex -5.39471085 4.05173480 0.20000000
      vertex -5.39471085 4.05173480 0.00000000
    endloop
  endfacet
  facet normal 0.87972134 0.47548960 0.00000000
    outer loop
      vertex -5.43291085 4.12241007 0.20000000
      vertex -5.39471085 4.05173480 0.00000000
      vertex -5.43291085 4.12241007 0.00000000
    endloop
  endfacet
  facet normal 0.00000000 0.00000000 1.00000000
    outer loop
      vertex -5.08285132 4.23186600 0.20000000
      vertex -5.35303275 3.98406886 0.20000000
      vertex -5.05202382 4.18181641 0.20000000
    endloop
  endfacet
  facet normal 0.00000000 0.00000000 1.00000000
    outer loop
      vertex -5.08285132 4.23186600 0.20000000
      vertex -5.39471085 4.05173480 0.20000000
      vertex -5.35303275 3.98406886 0.20000000
    endloop
  endfacet
  facet normal 0.00000000 -0.00000000 -1.00000000
    outer loop
      vertex -5.08285132 4.23186600 0.00000000
      vertex -5.05202382 4.18181641 0.00000000
      vertex -5.35303275 3.98406886 0.00000000
    endloop
  endfacet
  facet normal 0.00000000 0.00000000 -1.00000000
    outer loop
      vertex -5.08285132 4.23186600 0.00000000
      vertex -5.35303275 3.98406886 0.00000000
      vertex -5.39471085 4.05173480 0.00000000
    endloop
  endfacet
  facet normal -0.85144750 -0.52443985 0.00000000
    outer loop
      vertex -5.08285132 4.23186600 0.20000000
      vertex -5.05202382 4.18181641 0.00000000
      vertex -5.05202382 4.18181641 0.20000000
    endloop
  endfacet
  facet normal -0.85144750 -0.52443985 -0.00000000
    outer loop
      vertex -5.08285132 4.23186600 0.20000000
      vertex -5.08285132 4.23186600 0.00000000
      vertex -5.05202382 4.18181641 0.00000000
    endloop
  endfacet
  facet normal 0.85144750 0.52443985 0.00000000
    outer loop
      vertex -5.39471085 4.05173480 0.20000000
      vertex -5.35303275 3.98406886 0.20000000
      vertex -5.35303275 3.98406886 0.00000000
    endloop
  endfacet
  facet normal 0.85144750 0.52443985 0.00000000
    outer loop
      vertex -5.39471085 4.05173480 0.20000000
      vertex -5.35303275 3.98406886 0.00000000
      vertex -5.39471085 4.05173480 0.00000000
    endloop
  endfacet
  facet normal 0.00000000 0.00000000 1.00000000
    outer loop
      vertex -5.05202382 4.18181641 0.20000000
      vertex -5.30787366 3.91951558 0.20000000
      vertex -5.01907097 4.13471151 0.20000000
    endloop
  endfacet
  facet normal 0.00000000 0.00000000 1.00000000
    outer loop
      vertex -5.05202382 4.18181641 0.20000000
      vertex -5.35303275 3.98406886 0.20000000
      vertex -5.30787366 3.91951558 0.20000000
    endloop
  endfacet
  facet normal 0.00000000 -0.00000000 -1.00000000
    outer loop
      vertex -5.05202382 4.18181641 0.00000000
      vertex -5.01907097 4.13471151 0.00000000
      vertex -5.30787366 3.91951558 0.00000000
    endloop
  endfacet
  facet normal 0.00000000 0.00000000 -1.00000000
    outer loop
      vertex -5.05202382 4.18181641 0.00000000
      vertex -5.30787366 3.91951558 0.00000000
      vertex -5.35303275 3.98406886 0.00000000
    endloop
  endfacet
  facet normal -0.81940011 -0.57322200 0.00000000
    outer loop
      vertex -5.05202382 4.18181641 0.20000000
      vertex -5.01907097 4.13471151 0.00000000
      vertex -5.01907097 4.13471151 0.20000000
    endloop
  endfacet
  facet normal -0.81940011 -0.57322200 -0.00000000
    outer loop
      vertex -5.05202382 4.18181641 0.20000000
      vertex -5.05202382 4.18181641 0.00000000
      vertex -5.01907097 4.13471151 0.00000000
    endloop
  endfacet
  facet normal 0.81940011 0.57322200 0.00000000
    outer loop
      vertex -5.35303275 3.98406886 0.20000000
      vertex -5.30787366 3.91951558 0.20000000
      vertex -5.30787366 3.91951558 0.00000000
    endloop
  endfacet
  facet normal 0.81940011 0.57322200 0.00000000
    outer loop
      vertex -5.35303275 3.98406886 0.20000000
      vertex -5.30787366 3.91951558 0.00000000
      vertex -5.35303275 3.98406886 0.00000000
    endloop
  endfacet
  facet normal 0.00000000 0.00000000 1.00000000
    outer loop
      vertex -5.01907097 4.13471151 0.20000000
      vertex -5.25925208 3.85818511 0.20000000
      vertex -4.98397428 4.09044112 0.20000000
    endloop
  endfacet
  facet normal 0.00000000 0.00000000 1.00000000
    outer loop
      vertex -5.01907097 4.13471151 0.20000000
      vertex -5.30787366 3.91951558 0.20000000
      vertex -5.25925208 3.85818511 0.20000000
    endloop
  endfacet
  facet normal 0.00000000 -0.00000000 -1.00000000
    outer loop
      vertex -5.01907097 4.13471151 0.00000000
      vertex -4.98397428 4.09044112 0.00000000
      vertex -5.25925208 3.85818511 0.00000000
    endloop
  endfacet
  facet normal 0.00000000 0.00000000 -1.00000000
    outer loop
      vertex -5.01907097 4.13471151 0.00000000
      vertex -5.25925208 3.85818511 0.00000000
      vertex -5.30787366 3.91951558 0.00000000
    endloop
  endfacet
  facet normal -0.78362096 -0.62123924 0.00000000
    outer loop
      vertex -5.01907097 4.13471151 0.20000000
      vertex -4.98397428 4.09044112 0.00000000
      vertex -4.98397428 4.09044112 0.20000000
    endloop
  endfacet
  facet normal -0.78362096 -0.62123924 -0.00000000
    outer loop
      vertex -5.01907097 4.13471151 0.20000000
      vertex -5.01907097 4.13471151 0.00000000
      vertex -4.98397428 4.09044112 0.00000000
    endloop
  endfacet
  facet normal 0.78362096 0.62123924 0.00000000
    outer loop
      vertex -5.30787366 3.91951558 0.20000000
      vertex -5.25925208 3.85818511 0.20000000
      vertex -5.25925208 3.85818511 0.00000000
    endloop
  endfacet
  facet normal 0.78362096 0.62123924 0.00000000
    outer loop
      vertex -5.30787366 3.91951558 0.20000000
      vertex -5.25925208 3.85818511 0.00000000
      vertex -5.30787366 3.91951558 0.00000000
    endloop
  endfacet
  facet normal 0.00000000 0.00000000 1.00000000
    outer loop
      vertex -4.98397428 4.09044112 0.20000000
      vertex -5.20720958 3.80018885 0.20000000
      vertex -4.94669216 4.04889385 0.20000000
    endloop
  endfacet
  facet normal 0.00000000 0.00000000 1.00000000
    outer loop
      vertex -4.98397428 4.09044112 0.20000000
      vertex -5.25925208 3.85818511 0.20000000
      vertex -5.20720958 3.80018885 0.20000000
    endloop
  endfacet
  facet normal 0.00000000 -0.00000000 -1.00000000
    outer loop
      vertex -4.98397428 4.09044112 0.00000000
      vertex -4.94669216 4.04889385 0.00000000
      vertex -5.20720958 3.80018885 0.00000000
    endloop
  endfacet
  facet normal 0.00000000 0.00000000 -1.00000000
    outer loop
      vertex -4.98397428 4.09044112 0.00000000
      vertex -5.20720958 3.80018885 0.00000000
      vertex -5.25925208 3.85818511 0.00000000
    endloop
  endfacet
  facet normal -0.74427692 -0.66787115 0.00000000
    outer loop
      vertex -4.98397428 4.09044112 0.20000000
      vertex -4.94669216 4.04889385 0.00000000
      vertex -4.94669216 4.04889385 0.20000000
    endloop
  endfacet
  facet normal -0.74427692 -0.66787115 -0.00000000
    outer loop
      vertex -4.98397428 4.09044112 0.20000000
      vertex -4.98397428 4.09044112 0.00000000
      vertex -4.94669216 4.04889385 0.00000000
    endloop
  endfacet
  facet normal 0.74427692 0.66787115 0.00000000
    outer loop
      vertex -5.25925208 3.85818511 0.20000000
      vertex -5.20720958 3.80018885 0.20000000
      vertex -5.20720958 3.80018885 0.00000000
    endloop
  endfacet
  facet normal 0.74427692 0.66787115 0.00000000
    outer loop
      vertex -5.25925208 3.85818511 0.20000000
      vertex -5.20720958 3.80018885 0.00000000
      vertex -5.25925208 3.85818511 0.00000000
    endloop
  endfacet
  facet normal 0.00000000 0.00000000 1.00000000
    outer loop
      vertex -4.94669216 4.04889385 0.20000000
      vertex -5.15181058 3.74563296 0.20000000
      vertex -4.90716020 4.00996353 0.20000000
    endloop
  endfacet
  facet normal 0.00000000 0.00000000 1.00000000
    outer loop
      vertex -4.94669216 4.04889385 0.20000000
      vertex -5.20720958 3.80018885 0.20000000
      vertex -5.15181058 3.74563296 0.20000000
    endloop
  endfacet
  facet normal 0.00000000 -0.00000000 -1.00000000
    outer loop
      vertex -4.94669216 4.04889385 0.00000000
      vertex -4.90716020 4.00996353 0.00000000
      vertex -5.15181058 3.74563296 0.00000000
    endloop
  endfacet
  facet normal 0.00000000 0.00000000 -1.00000000
    outer loop
      vertex -4.94669216 4.04889385 0.00000000
      vertex -5.15181058 3.74563296 0.00000000
      vertex -5.20720958 3.80018885 0.00000000
    endloop
  endfacet
  facet normal -0.70166415 -0.71250784 0.00000000
    outer loop
      vertex -4.94669216 4.04889385 0.20000000
      vertex -4.90716020 4.00996353 0.00000000
      vertex -4.90716020 4.00996353 0.20000000
    endloop
  endfacet
  facet normal -0.70166415 -0.71250784 -0.00000000
    outer loop
      vertex -4.94669216 4.04889385 0.20000000
      vertex -4.94669216 4.04889385 0.00000000
      vertex -4.90716020 4.00996353 0.00000000
    endloop
  endfacet
  facet normal 0.70166415 0.71250784 0.00000000
    outer loop
      vertex -5.20720958 3.80018885 0.20000000
      vertex -5.15181058 3.74563296 0.20000000
      vertex -5.15181058 3.74563296 0.00000000
    endloop
  endfacet
  facet normal 0.70166415 0.71250784 0.00000000
    outer loop
      vertex -5.20720958 3.80018885 0.20000000
      vertex -5.15181058 3.74563296 0.00000000
      vertex -5.20720958 3.80018885 0.00000000
    endloop
  endfacet
  facet normal 0.00000000 0.00000000 1.00000000
    outer loop
      vertex -4.90716020 4.00996353 0.20000000
      vertex -5.09313987 3.69461196 0.20000000
      vertex -4.86529360 3.97355565 0.20000000
    endloop
  endfacet
  facet normal 0.00000000 0.00000000 1.00000000
    outer loop
      vertex -4.90716020 4.00996353 0.20000000
      vertex -5.15181058 3.74563296 0.20000000
      vertex -5.09313987 3.69461196 0.20000000
    endloop
  endfacet
  facet normal 0.00000000 -0.00000000 -1.00000000
    outer loop
      vertex -4.90716020 4.00996353 0.00000000
      vertex -4.86529360 3.97355565 0.00000000
      vertex -5.09313987 3.69461196 0.00000000
    endloop
  endfacet
  facet normal 0.00000000 0.00000000 -1.00000000
    outer loop
      vertex -4.90716020 4.00996353 0.00000000
      vertex -5.09313987 3.69461196 0.00000000
      vertex -5.15181058 3.74563296 0.00000000
    endloop
  endfacet
  facet normal -0.65620066 -0.75458644 0.00000000
    outer loop
      vertex -4.90716020 4.00996353 0.20000000
      vertex -4.86529360 3.97355565 0.00000000
      vertex -4.86529360 3.97355565 0.20000000
    endloop
  endfacet
  facet normal -0.65620066 -0.75458644 -0.00000000
    outer loop
      vertex -4.90716020 4.00996353 0.20000000
      vertex -4.90716020 4.00996353 0.00000000
      vertex -4.86529360 3.97355565 0.00000000
    endloop
  endfacet
  facet normal 0.65620066 0.75458644 0.00000000
    outer loop
      vertex -5.15181058 3.74563296 0.20000000
      vertex -5.09313987 3.69461196 0.20000000
      vertex -5.09313987 3.69461196 0.00000000
    endloop
  endfacet
  facet normal 0.65620066 0.75458644 0.00000000
    outer loop
      vertex -5.15181058 3.74563296 0.20000000
      vertex -5.09313987 3.69461196 0.00000000
      vertex -5.15181058 3.74563296 0.00000000
    endloop
  endfacet
  facet normal 0.00000000 0.00000000 1.00000000
    outer loop
      vertex -4.86529360 3.97355565 0.20000000
      vertex -5.03129824 3.64720310 0.20000000
      vertex -4.82099158 3.93959296 0.20000000
    endloop
  endfacet
  facet normal 0.00000000 0.00000000 1.00000000
    outer loop
      vertex -4.86529360 3.97355565 0.20000000
      vertex -5.09313987 3.69461196 0.20000000
      vertex -5.03129824 3.64720310 0.20000000
    endloop
  endfacet
  facet normal 0.00000000 -0.00000000 -1.00000000
    outer loop
      vertex -4.86529360 3.97355565 0.00000000
      vertex -4.82099158 3.93959296 0.00000000
      vertex -5.03129824 3.64720310 0.00000000
    endloop
  endfacet
  facet normal 0.00000000 0.00000000 -1.00000000
    outer loop
      vertex -4.86529360 3.97355565 0.00000000
      vertex -5.03129824 3.64720310 0.00000000
      vertex -5.09313987 3.69461196 0.00000000
    endloop
  endfacet
  facet normal -0.60840684 -0.79362530 0.00000000
    outer loop
      vertex -4.86529360 3.97355565 0.20000000
      vertex -4.82099158 3.93959296 0.00000000
      vertex -4.82099158 3.93959296 0.20000000
    endloop
  endfacet
  facet normal -0.60840684 -0.79362530 -0.00000000
    outer loop
      vertex -4.86529360 3.97355565 0.20000000
      vertex -4.86529360 3.97355565 0.00000000
      vertex -4.82099158 3.93959296 0.00000000
    endloop
  endfacet
  facet normal 0.60840684 0.79362530 0.00000000
    outer loop
      vertex -5.09313987 3.69461196 0.20000000
      vertex -5.03129824 3.64720310 0.20000000
      vertex -5.03129824 3.64720310 0.00000000
    endloop
  endfacet
  facet normal 0.60840684 0.79362530 0.00000000
    outer loop
      vertex -5.09313987 3.69461196 0.20000000
      vertex -5.03129824 3.64720310 0.00000000
      vertex -5.09313987 3.69461196 0.00000000
    endloop
  endfacet
  facet normal 0.00000000 0.00000000 1.00000000
    outer loop
      vertex -4.82099158 3.93959296 0.20000000
      vertex -4.96639650 3.60346239 0.20000000
      vertex -4.77414333 3.90801945 0.20000000
    endloop
  endfacet
  facet normal 0.00000000 0.00000000 1.00000000
    outer loop
      vertex -4.82099158 3.93959296 0.20000000
      vertex -5.03129824 3.64720310 0.20000000
      vertex -4.96639650 3.60346239 0.20000000
    endloop
  endfacet
  facet normal 0.00000000 -0.00000000 -1.00000000
    outer loop
      vertex -4.82099158 3.93959296 0.00000000
      vertex -4.77414333 3.90801945 0.00000000
      vertex -4.96639650 3.60346239 0.00000000
    endloop
  endfacet
  facet normal 0.00000000 0.00000000 -1.00000000
    outer loop
      vertex -4.82099158 3.93959296 0.00000000
      vertex -4.96639650 3.60346239 0.00000000
      vertex -5.03129824 3.64720310 0.00000000
    endloop
  endfacet
  facet normal -0.55887615 -0.82925114 0.00000000
    outer loop
      vertex -4.82099158 3.93959296 0.20000000
      vertex -4.77414333 3.90801945 0.00000000
      vertex -4.77414333 3.90801945 0.20000000
    endloop
  endfacet
  facet normal -0.55887615 -0.82925114 -0.00000000
    outer loop
      vertex -4.82099158 3.93959296 0.20000000
      vertex -4.82099158 3.93959296 0.00000000
      vertex -4.77414333 3.90801945 0.00000000
    endloop
  endfacet
  facet normal 0.55887615 0.82925114 0.00000000
    outer loop
      vertex -5.03129824 3.64720310 0.20000000
      vertex -4.96639650 3.60346239 0.20000000
      vertex -4.96639650 3.60346239 0.00000000
    endloop
  endfacet
  facet normal 0.55887615 0.82925114 0.00000000
    outer loop
      vertex -5.03129824 3.64720310 0.20000000
      vertex -4.96639650 3.60346239 0.00000000
      vertex -5.03129824 3.64720310 0.00000000
    endloop
  endfacet
  facet normal 0.00000000 0.00000000 1.00000000
    outer loop
      vertex -4.77414333 3.90801945 0.20000000
      vertex -4.89854893 3.56342269 0.20000000
      vertex -4.72463457 3.87880225 0.20000000
    endloop
  endfacet
  facet normal 0.00000000 0.00000000 1.00000000
    outer loop
      vertex -4.77414333 3.90801945 0.20000000
      vertex -4.96639650 3.60346239 0.20000000
      vertex -4.89854893 3.56342269 0.20000000
    endloop
  endfacet
  facet normal 0.00000000 -0.00000000 -1.00000000
    outer loop
      vertex -4.77414333 3.90801945 0.00000000
      vertex -4.72463457 3.87880225 0.00000000
      vertex -4.89854893 3.56342269 0.00000000
    endloop
  endfacet
  facet normal 0.00000000 0.00000000 -1.00000000
    outer loop
      vertex -4.77414333 3.90801945 0.00000000
      vertex -4.89854893 3.56342269 0.00000000
      vertex -4.96639650 3.60346239 0.00000000
    endloop
  endfacet
  facet normal -0.50823954 -0.86121575 0.00000000
    outer loop
      vertex -4.77414333 3.90801945 0.20000000
      vertex -4.72463457 3.87880225 0.00000000
      vertex -4.72463457 3.87880225 0.20000000
    endloop
  endfacet
  facet normal -0.50823954 -0.86121575 -0.00000000
    outer loop
      vertex -4.77414333 3.90801945 0.20000000
      vertex -4.77414333 3.90801945 0.00000000
      vertex -4.72463457 3.87880225 0.00000000
    endloop
  endfacet
  facet normal 0.50823954 0.86121575 0.00000000
    outer loop
      vertex -4.96639650 3.60346239 0.20000000
      vertex -4.89854893 3.56342269 0.20000000
      vertex -4.89854893 3.56342269 0.00000000
    endloop
  endfacet
  facet normal 0.50823954 0.86121575 0.00000000
    outer loop
      vertex -4.96639650 3.60346239 0.20000000
      vertex -4.89854893 3.56342269 0.00000000
      vertex -4.96639650 3.60346239 0.00000000
    endloop
  endfacet
  facet normal 0.00000000 0.00000000 1.00000000
    outer loop
      vertex -4.72463457 3.87880225 0.20000000
      vertex -4.82786680 3.52709394 0.20000000
      vertex -4.67235403 3.85193144 0.20000000
    endloop
  endfacet
  facet normal 0.00000000 0.00000000 1.00000000
    outer loop
      vertex -4.72463457 3.87880225 0.20000000
      vertex -4.89854893 3.56342269 0.20000000
      vertex -4.82786680 3.52709394 0.20000000
    endloop
  endfacet
  facet normal 0.00000000 -0.00000000 -1.00000000
    outer loop
      vertex -4.72463457 3.87880225 0.00000000
      vertex -4.67235403 3.85193144 0.00000000
      vertex -4.82786680 3.52709394 0.00000000
    endloop
  endfacet
  facet normal 0.00000000 0.00000000 -1.00000000
    outer loop
      vertex -4.72463457 3.87880225 0.00000000
      vertex -4.82786680 3.52709394 0.00000000
      vertex -4.89854893 3.56342269 0.00000000
    endloop
  endfacet
  facet normal -0.45712846 -0.88940068 0.00000000
    outer loop
      vertex -4.72463457 3.87880225 0.20000000
      vertex -4.67235403 3.85193144 0.00000000
      vertex -4.67235403 3.85193144 0.20000000
    endloop
  endfacet
  facet normal -0.45712846 -0.88940068 -0.00000000
    outer loop
      vertex -4.72463457 3.87880225 0.20000000
      vertex -4.72463457 3.87880225 0.00000000
      vertex -4.67235403 3.85193144 0.00000000
    endloop
  endfacet
  facet normal 0.45712846 0.88940068 0.00000000
    outer loop
      vertex -4.89854893 3.56342269 0.20000000
      vertex -4.82786680 3.52709394 0.20000000
      vertex -4.82786680 3.52709394 0.00000000
    endloop
  endfacet
  facet normal 0.45712846 0.88940068 0.00000000
    outer loop
      vertex -4.89854893 3.56342269 0.20000000
      vertex -4.82786680 3.52709394 0.00000000
      vertex -4.89854893 3.56342269 0.00000000
    endloop
  endfacet
  facet normal 0.00000000 0.00000000 1.00000000
    outer loop
      vertex -4.67235403 3.85193144 0.20000000
      vertex -4.75445287 3.49446527 0.20000000
      vertex -4.61719894 3.82741787 0.20000000
    endloop
  endfacet
  facet normal 0.00000000 0.00000000 1.00000000
    outer loop
      vertex -4.67235403 3.85193144 0.20000000
      vertex -4.82786680 3.52709394 0.20000000
      vertex -4.75445287 3.49446527 0.20000000
    endloop
  endfacet
  facet normal 0.00000000 -0.00000000 -1.00000000
    outer loop
      vertex -4.67235403 3.85193144 0.00000000
      vertex -4.61719894 3.82741787 0.00000000
      vertex -4.75445287 3.49446527 0.00000000
    endloop
  endfacet
  facet normal 0.00000000 0.00000000 -1.00000000
    outer loop
      vertex -4.67235403 3.85193144 0.00000000
      vertex -4.75445287 3.49446527 0.00000000
      vertex -4.82786680 3.52709394 0.00000000
    endloop
  endfacet
  facet normal -0.40614116 -0.91381035 0.00000000
    outer loop
      vertex -4.67235403 3.85193144 0.20000000
      vertex -4.61719894 3.82741787 0.00000000
      vertex -4.61719894 3.82741787 0.20000000
    endloop
  endfacet
  facet normal -0.40614116 -0.91381035 -0.00000000
    outer loop
      vertex -4.67235403 3.85193144 0.20000000
      vertex -4.67235403 3.85193144 0.00000000
      vertex -4.61719894 3.82741787 0.00000000
    endloop
  endfacet
  facet normal 0.40614116 0.91381035 0.00000000
    outer loop
      vertex -4.82786680 3.52709394 0.20000000
      vertex -4.75445287 3.49446527 0.20000000
      vertex -4.75445287 3.49446527 0.00000000
    endloop
  endfacet
  facet normal 0.40614116 0.91381035 0.00000000
    outer loop
      vertex -4.82786680 3.52709394 0.20000000
      vertex -4.75445287 3.49446527 0.00000000
      vertex -4.82786680 3.52709394 0.00000000
    endloop
  endfacet
  facet normal 0.00000000 0.00000000 1.00000000
    outer loop
      vertex -4.61719894 3.82741787 0.20000000
      vertex -4.67839733 3.46550846 0.20000000
      vertex -4.55907912 3.80528977 0.20000000
    endloop
  endfacet
  facet normal 0.00000000 0.00000000 1.00000000
    outer loop
      vertex -4.61719894 3.82741787 0.20000000
      vertex -4.75445287 3.49446527 0.20000000
      vertex -4.67839733 3.46550846 0.20000000
    endloop
  endfacet
  facet normal 0.00000000 -0.00000000 -1.00000000
    outer loop
      vertex -4.61719894 3.82741787 0.00000000
      vertex -4.55907912 3.80528977 0.00000000
      vertex -4.67839733 3.46550846 0.00000000
    endloop
  endfacet
  facet normal 0.00000000 0.00000000 -1.00000000
    outer loop
      vertex -4.61719894 3.82741787 0.00000000
      vertex -4.67839733 3.46550846 0.00000000
      vertex -4.75445287 3.49446527 0.00000000
    endloop
  endfacet
  facet normal -0.35581582 -0.93455610 0.00000000
    outer loop
      vertex -4.61719894 3.82741787 0.20000000
      vertex -4.55907912 3.80528977 0.00000000
      vertex -4.55907912 3.80528977 0.20000000
    endloop
  endfacet
  facet normal -0.35581582 -0.93455610 -0.00000000
    outer loop
      vertex -4.61719894 3.82741787 0.20000000
      vertex -4.61719894 3.82741787 0.00000000
      vertex -4.55907912 3.80528977 0.00000000
    endloop
  endfacet
  facet normal 0.35581582 0.93455610 0.00000000
    outer loop
      vertex -4.75445287 3.49446527 0.20000000
      vertex -4.67839733 3.46550846 0.20000000
      vertex -4.67839733 3.46550846 0.00000000
    endloop
  endfacet
  facet normal 0.35581582 0.93455610 0.00000000
    outer loop
      vertex -4.75445287 3.49446527 0.20000000
      vertex -4.67839733 3.46550846 0.00000000
      vertex -4.75445287 3.49446527 0.00000000
    endloop
  endfacet
  facet normal 0.00000000 0.00000000 1.00000000
    outer loop
      vertex -4.55907912 3.80528977 0.20000000
      vertex -4.59977532 3.44018212 0.20000000
      vertex -4.49791943 3.78558853 0.20000000
    endloop
  endfacet
  facet normal 0.00000000 0.00000000 1.00000000
    outer loop
      vertex -4.55907912 3.80528977 0.20000000
      vertex -4.67839733 3.46550846 0.20000000
      vertex -4.59977532 3.44018212 0.20000000
    endloop
  endfacet
  facet normal 0.00000000 -0.00000000 -1.00000000
    outer loop
      vertex -4.55907912 3.80528977 0.00000000
      vertex -4.49791943 3.78558853 0.00000000
      vertex -4.59977532 3.44018212 0.00000000
    endloop
  endfacet
  facet normal 0.00000000 0.00000000 -1.00000000
    outer loop
      vertex -4.55907912 3.80528977 0.00000000
      vertex -4.59977532 3.44018212 0.00000000
      vertex -4.67839733 3.46550846 0.00000000
    endloop
  endfacet
  facet normal -0.30661242 -0.95183445 0.00000000
    outer loop
      vertex -4.55907912 3.80528977 0.20000000
      vertex -4.49791943 3.78558853 0.00000000
      vertex -4.49791943 3.78558853 0.20000000
    endloop
  endfacet
  facet normal -0.30661242 -0.95183445 -0.00000000
    outer loop
      vertex -4.55907912 3.80528977 0.20000000
      vertex -4.55907912 3.80528977 0.00000000
      vertex -4.49791943 3.78558853 0.00000000
    endloop
  endfacet
  facet normal 0.30661242 0.95183445 0.00000000
    outer loop
      vertex -4.67839733 3.46550846 0.20000000
      vertex -4.59977532 3.44018212 0.20000000
      vertex -4.59977532 3.44018212 0.00000000
    endloop
  endfacet
  facet normal 0.30661242 0.95183445 0.00000000
    outer loop
      vertex -4.67839733 3.46550846 0.20000000
      vertex -4.59977532 3.44018212 0.00000000
      vertex -4.67839733 3.46550846 0.00000000
    endloop
  endfacet
  facet normal 0.00000000 0.00000000 1.00000000
    outer loop
      vertex -4.49791943 3.78558853 0.20000000
      vertex -4.51864605 3.41843598 0.20000000
      vertex -4.43366066 3.76836441 0.20000000
    endloop
  endfacet
  facet normal 0.00000000 0.00000000 1.00000000
    outer loop
      vertex -4.49791943 3.78558853 0.20000000
      vertex -4.59977532 3.44018212 0.20000000
      vertex -4.51864605 3.41843598 0.20000000
    endloop
  endfacet
  facet normal 0.00000000 -0.00000000 -1.00000000
    outer loop
      vertex -4.49791943 3.78558853 0.00000000
      vertex -4.43366066 3.76836441 0.00000000
      vertex -4.51864605 3.41843598 0.00000000
    endloop
  endfacet
  facet normal 0.00000000 0.00000000 -1.00000000
    outer loop
      vertex -4.49791943 3.78558853 0.00000000
      vertex -4.51864605 3.41843598 0.00000000
      vertex -4.59977532 3.44018212 0.00000000
    endloop
  endfacet
  facet normal -0.25890363 -0.96590316 0.00000000
    outer loop
      vertex -4.49791943 3.78558853 0.20000000
      vertex -4.43366066 3.76836441 0.00000000
      vertex -4.43366066 3.76836441 0.20000000
    endloop
  endfacet
  facet normal -0.25890363 -0.96590316 -0.00000000
    outer loop
      vertex -4.49791943 3.78558853 0.20000000
      vertex -4.49791943 3.78558853 0.00000000
      vertex -4.43366066 3.76836441 0.00000000
    endloop
  endfacet
  facet normal 0.25890363 0.96590316 0.00000000
    outer loop
      vertex -4.59977532 3.44018212 0.20000000
      vertex -4.51864605 3.41843598 0.20000000
      vertex -4.51864605 3.41843598 0.00000000
    endloop
  endfacet
  facet normal 0.25890363 0.96590316 0.00000000
    outer loop
      vertex -4.59977532 3.44018212 0.20000000
      vertex -4.51864605 3.41843598 0.00000000
      vertex -4.59977532 3.44018212 0.00000000
    endloop
  endfacet
  facet normal 0.00000000 0.00000000 1.00000000
    outer loop
      vertex -4.43366066 3.76836441 0.20000000
      vertex -4.43505315 3.40021486 0.20000000
      vertex -4.36625917 3.75367260 0.20000000
    endloop
  endfacet
  facet normal 0.00000000 0.00000000 1.00000000
    outer loop
      vertex -4.43366066 3.76836441 0.20000000
      vertex -4.51864605 3.41843598 0.20000000
      vertex -4.43505315 3.40021486 0.20000000
    endloop
  endfacet
  facet normal 0.00000000 -0.00000000 -1.00000000
    outer loop
      vertex -4.43366066 3.76836441 0.00000000
      vertex -4.36625917 3.75367260 0.00000000
      vertex -4.43505315 3.40021486 0.00000000
    endloop
  endfacet
  facet normal 0.00000000 0.00000000 -1.00000000
    outer loop
      vertex -4.43366066 3.76836441 0.00000000
      vertex -4.43505315 3.40021486 0.00000000
      vertex -4.51864605 3.41843598 0.00000000
    endloop
  endfacet
  facet normal -0.21297372 -0.97705793 0.00000000
    outer loop
      vertex -4.43366066 3.76836441 0.20000000
      vertex -4.36625917 3.75367260 0.00000000
      vertex -4.36625917 3.75367260 0.20000000
    endloop
  endfacet
  facet normal -0.21297372 -0.97705793 -0.00000000
    outer loop
      vertex -4.43366066 3.76836441 0.20000000
      vertex -4.43366066 3.76836441 0.00000000
      vertex -4.36625917 3.75367260 0.00000000
    endloop
  endfacet
  facet normal 0.21297372 0.97705793 0.00000000
    outer loop
      vertex -4.51864605 3.41843598 0.20000000
      vertex -4.43505315 3.40021486 0.20000000
      vertex -4.43505315 3.40021486 0.00000000
    endloop
  endfacet
  facet normal 0.21297372 0.97705793 0.00000000
    outer loop
      vertex -4.51864605 3.41843598 0.20000000
      vertex -4.43505315 3.40021486 0.00000000
      vertex -4.51864605 3.41843598 0.00000000
    endloop
  endfacet
  facet normal 0.00000000 0.00000000 1.00000000
    outer loop
      vertex -4.36625917 3.75367260 0.20000000
      vertex -4.34902599 3.38546198 0.20000000
      vertex -4.29568561 3.74156988 0.20000000
    endloop
  endfacet
  facet normal 0.00000000 0.00000000 1.00000000
    outer loop
      vertex -4.36625917 3.75367260 0.20000000
      vertex -4.43505315 3.40021486 0.20000000
      vertex -4.34902599 3.38546198 0.20000000
    endloop
  endfacet
  facet normal 0.00000000 0.00000000 -1.00000000
    outer loop
      vertex -4.36625917 3.75367260 0.00000000
      vertex -4.29568561 3.74156988 0.00000000
      vertex -4.34902599 3.38546198 0.00000000
    endloop
  endfacet
  facet normal 0.00000000 -0.00000000 -1.00000000
    outer loop
      vertex -4.36625917 3.75367260 0.00000000
      vertex -4.34902599 3.38546198 0.00000000
      vertex -4.43505315 3.40021486 0.00000000
    endloop
  endfacet
  facet normal -0.16902349 -0.98561202 0.00000000
    outer loop
      vertex -4.36625917 3.75367260 0.20000000
      vertex -4.29568561 3.74156988 0.00000000
      vertex -4.29568561 3.74156988 0.20000000
    endloop
  endfacet
  facet normal -0.16902349 -0.98561202 -0.00000000
    outer loop
      vertex -4.36625917 3.75367260 0.20000000
      vertex -4.36625917 3.75367260 0.00000000
      vertex -4.29568561 3.74156988 0.00000000
    endloop
  endfacet
  facet normal 0.16902349 0.98561202 0.00000000
    outer loop
      vertex -4.43505315 3.40021486 0.20000000
      vertex -4.34902599 3.38546198 0.20000000
      vertex -4.34902599 3.38546198 0.00000000
    endloop
  endfacet
  facet normal 0.16902349 0.98561202 0.00000000
    outer loop
      vertex -4.43505315 3.40021486 0.20000000
      vertex -4.34902599 3.38546198 0.00000000
      vertex -4.43505315 3.40021486 0.00000000
    endloop
  endfacet
  facet normal 0.00000000 0.00000000 1.00000000
    outer loop
      vertex -4.29568561 3.74156988 0.20000000
      vertex -4.26058149 3.37412159 0.20000000
      vertex -4.22192304 3.73211201 0.20000000
    endloop
  endfacet
  facet normal 0.00000000 0.00000000 1.00000000
    outer loop
      vertex -4.29568561 3.74156988 0.20000000
      vertex -4.34902599 3.38546198 0.20000000
      vertex -4.26058149 3.37412159 0.20000000
    endloop
  endfacet
  facet normal 0.00000000 0.00000000 -1.00000000
    outer loop
      vertex -4.29568561 3.74156988 0.00000000
      vertex -4.22192304 3.73211201 0.00000000
      vertex -4.26058149 3.37412159 0.00000000
    endloop
  endfacet
  facet normal 0.00000000 -0.00000000 -1.00000000
    outer loop
      vertex -4.29568561 3.74156988 0.00000000
      vertex -4.26058149 3.37412159 0.00000000
      vertex -4.34902599 3.38546198 0.00000000
    endloop
  endfacet
  facet normal -0.12717932 -0.99187974 0.00000000
    outer loop
      vertex -4.29568561 3.74156988 0.20000000
      vertex -4.22192304 3.73211201 0.00000000
      vertex -4.22192304 3.73211201 0.20000000
    endloop
  endfacet
  facet normal -0.12717932 -0.99187974 -0.00000000
    outer loop
      vertex -4.29568561 3.74156988 0.20000000
      vertex -4.29568561 3.74156988 0.00000000
      vertex -4.22192304 3.73211201 0.00000000
    endloop
  endfacet
  facet normal 0.12717932 0.99187974 0.00000000
    outer loop
      vertex -4.34902599 3.38546198 0.20000000
      vertex -4.26058149 3.37412159 0.20000000
      vertex -4.26058149 3.37412159 0.00000000
    endloop
  endfacet
  facet normal 0.12717932 0.99187974 0.00000000
    outer loop
      vertex -4.34902599 3.38546198 0.20000000
      vertex -4.26058149 3.37412159 0.00000000
      vertex -4.34902599 3.38546198 0.00000000
    endloop
  endfacet
  facet normal 0.00000000 0.00000000 1.00000000
    outer loop
      vertex -4.22192304 3.73211201 0.20000000
      vertex -4.16972624 3.36614075 0.20000000
      vertex -4.14496488 3.72535190 0.20000000
    endloop
  endfacet
  facet normal 0.00000000 0.00000000 1.00000000
    outer loop
      vertex -4.22192304 3.73211201 0.20000000
      vertex -4.26058149 3.37412159 0.20000000
      vertex -4.16972624 3.36614075 0.20000000
    endloop
  endfacet
  facet normal 0.00000000 0.00000000 -1.00000000
    outer loop
      vertex -4.22192304 3.73211201 0.00000000
      vertex -4.14496488 3.72535190 0.00000000
      vertex -4.16972624 3.36614075 0.00000000
    endloop
  endfacet
  facet normal 0.00000000 -0.00000000 -1.00000000
    outer loop
      vertex -4.22192304 3.73211201 0.00000000
      vertex -4.16972624 3.36614075 0.00000000
      vertex -4.26058149 3.37412159 0.00000000
    endloop
  endfacet
  facet normal -0.08750433 -0.99616414 0.00000000
    outer loop
      vertex -4.22192304 3.73211201 0.20000000
      vertex -4.14496488 3.72535190 0.00000000
      vertex -4.14496488 3.72535190 0.20000000
    endloop
  endfacet
  facet normal -0.08750433 -0.99616414 -0.00000000
    outer loop
      vertex -4.22192304 3.73211201 0.20000000
      vertex -4.22192304 3.73211201 0.00000000
      vertex -4.14496488 3.72535190 0.00000000
    endloop
  endfacet
  facet normal 0.08750433 0.99616414 0.00000000
    outer loop
      vertex -4.26058149 3.37412159 0.20000000
      vertex -4.16972624 3.36614075 0.20000000
      vertex -4.16972624 3.36614075 0.00000000
    endloop
  endfacet
  facet normal 0.08750433 0.99616414 0.00000000
    outer loop
      vertex -4.26058149 3.37412159 0.20000000
      vertex -4.16972624 3.36614075 0.00000000
      vertex -4.26058149 3.37412159 0.00000000
    endloop
  endfacet
  facet normal 0.00000000 0.00000000 1.00000000
    outer loop
      vertex -4.14496488 3.72535190 0.20000000
      vertex -4.07645856 3.36147057 0.20000000
      vertex -4.06481280 3.72133846 0.20000000
    endloop
  endfacet
  facet normal 0.00000000 0.00000000 1.00000000
    outer loop
      vertex -4.14496488 3.72535190 0.20000000
      vertex -4.16972624 3.36614075 0.20000000
      vertex -4.07645856 3.36147057 0.20000000
    endloop
  endfacet
  facet normal 0.00000000 0.00000000 -1.00000000
    outer loop
      vertex -4.14496488 3.72535190 0.00000000
      vertex -4.06481280 3.72133846 0.00000000
      vertex -4.07645856 3.36147057 0.00000000
    endloop
  endfacet
  facet normal 0.00000000 -0.00000000 -1.00000000
    outer loop
      vertex -4.14496488 3.72535190 0.00000000
      vertex -4.07645856 3.36147057 0.00000000
      vertex -4.16972624 3.36614075 0.00000000
    endloop
  endfacet
  facet normal -0.05001016 -0.99874871 0.00000000
    outer loop
      vertex -4.14496488 3.72535190 0.20000000
      vertex -4.06481280 3.72133846 0.00000000
      vertex -4.06481280 3.72133846 0.20000000
    endloop
  endfacet
  facet normal -0.05001016 -0.99874871 -0.00000000
    outer loop
      vertex -4.14496488 3.72535190 0.20000000
      vertex -4.14496488 3.72535190 0.00000000
      vertex -4.06481280 3.72133846 0.00000000
    endloop
  endfacet
  facet normal 0.05001016 0.99874871 0.00000000
    outer loop
      vertex -4.16972624 3.36614075 0.20000000
      vertex -4.07645856 3.36147057 0.20000000
      vertex -4.07645856 3.36147057 0.00000000
    endloop
  endfacet
  facet normal 0.05001016 0.99874871 0.00000000
    outer loop
      vertex -4.16972624 3.36614075 0.20000000
      vertex -4.07645856 3.36147057 0.00000000
      vertex -4.16972624 3.36614075 0.00000000
    endloop
  endfacet
  facet normal 0.00000000 0.00000000 1.00000000
    outer loop
      vertex -4.06481280 3.72133846 0.20000000
      vertex -3.98077050 3.36006684 0.20000000
      vertex -3.98147478 3.72011591 0.20000000
    endloop
  endfacet
  facet normal 0.00000000 0.00000000 1.00000000
    outer loop
      vertex -4.06481280 3.72133846 0.20000000
      vertex -4.07645856 3.36147057 0.20000000
      vertex -3.98077050 3.36006684 0.20000000
    endloop
  endfacet
  facet normal 0.00000000 0.00000000 -1.00000000
    outer loop
      vertex -4.06481280 3.72133846 0.00000000
      vertex -3.98147478 3.72011591 0.00000000
      vertex -3.98077050 3.36006684 0.00000000
    endloop
  endfacet
  facet normal 0.00000000 -0.00000000 -1.00000000
    outer loop
      vertex -4.06481280 3.72133846 0.00000000
      vertex -3.98077050 3.36006684 0.00000000
      vertex -4.07645856 3.36147057 0.00000000
    endloop
  endfacet
  facet normal -0.01466828 -0.99989241 0.00000000
    outer loop
      vertex -4.06481280 3.72133846 0.20000000
      vertex -3.98147478 3.72011591 0.00000000
      vertex -3.98147478 3.72011591 0.20000000
    endloop
  endfacet
  facet normal -0.01466828 -0.99989241 -0.00000000
    outer loop
      vertex -4.06481280 3.72133846 0.20000000
      vertex -4.06481280 3.72133846 0.00000000
      vertex -3.98147478 3.72011591 0.00000000
    endloop
  endfacet
  facet normal 0.01466828 0.99989241 0.00000000
    outer loop
      vertex -4.07645856 3.36147057 0.20000000
      vertex -3.98077050 3.36006684 0.20000000
      vertex -3.98077050 3.36006684 0.00000000
    endloop
  endfacet
  facet normal 0.01466828 0.99989241 0.00000000
    outer loop
      vertex -4.07645856 3.36147057 0.20000000
      vertex -3.98077050 3.36006684 0.00000000
      vertex -4.07645856 3.36147057 0.00000000
    endloop
  endfacet
  facet normal -0.00000000 0.00000000 1.00000000
    outer loop
      vertex -3.98147478 3.72011591 0.20000000
      vertex -3.88403405 3.36186450 0.20000000
      vertex -3.89357879 3.72174929 0.20000000
    endloop
  endfacet
  facet normal 0.00000000 0.00000000 1.00000000
    outer loop
      vertex -3.98147478 3.72011591 0.20000000
      vertex -3.98077050 3.36006684 0.20000000
      vertex -3.88403405 3.36186450 0.20000000
    endloop
  endfacet
  facet normal 0.00000000 0.00000000 -1.00000000
    outer loop
      vertex -3.98147478 3.72011591 0.00000000
      vertex -3.89357879 3.72174929 0.00000000
      vertex -3.88403405 3.36186450 0.00000000
    endloop
  endfacet
  facet normal 0.00000000 0.00000000 -1.00000000
    outer loop
      vertex -3.98147478 3.72011591 0.00000000
      vertex -3.88403405 3.36186450 0.00000000
      vertex -3.98077050 3.36006684 0.00000000
    endloop
  endfacet
  facet normal 0.01857988 -0.99982738 0.00000000
    outer loop
      vertex -3.98147478 3.72011591 0.20000000
      vertex -3.89357879 3.72174929 0.00000000
      vertex -3.89357879 3.72174929 0.20000000
    endloop
  endfacet
  facet normal 0.01857988 -0.99982738 0.00000000
    outer loop
      vertex -3.98147478 3.72011591 0.20000000
      vertex -3.98147478 3.72011591 0.00000000
      vertex -3.89357879 3.72174929 0.00000000
    endloop
  endfacet
  facet normal -0.01857988 0.99982738 0.00000000
    outer loop
      vertex -3.98077050 3.36006684 0.20000000
      vertex -3.88403405 3.36186450 0.20000000
      vertex -3.88403405 3.36186450 0.00000000
    endloop
  endfacet
  facet normal -0.01857988 0.99982738 0.00000000
    outer loop
      vertex -3.98077050 3.36006684 0.20000000
      vertex -3.88403405 3.36186450 0.00000000
      vertex -3.98077050 3.36006684 0.00000000
    endloop
  endfacet
  facet normal -0.00000000 0.00000000 1.00000000
    outer loop
      vertex -3.89357879 3.72174929 0.20000000
      vertex 2.54682333 3.58349494 0.20000000
      vertex 2.87164288 3.95490312 0.20000000
    endloop
  endfacet
  facet normal 0.00000000 0.00000000 1.00000000
    outer loop
      vertex -3.89357879 3.72174929 0.20000000
      vertex -3.88403405 3.36186450 0.20000000
      vertex 2.54682333 3.58349494 0.20000000
    endloop
  endfacet
  facet normal 0.00000000 0.00000000 -1.00000000
    outer loop
      vertex -3.89357879 3.72174929 0.00000000
      vertex 2.87164288 3.95490312 0.00000000
      vertex 2.54682333 3.58349494 0.00000000
    endloop
  endfacet
  facet normal 0.00000000 0.00000000 -1.00000000
    outer loop
      vertex -3.89357879 3.72174929 0.00000000
      vertex 2.54682333 3.58349494 0.00000000
      vertex -3.88403405 3.36186450 0.00000000
    endloop
  endfacet
  facet normal 0.03444314 -0.99940666 0.00000000
    outer loop
      vertex -3.89357879 3.72174929 0.20000000
      vertex 2.87164288 3.95490312 0.00000000
      vertex 2.87164288 3.95490312 0.20000000
    endloop
  endfacet
  facet normal 0.03444314 -0.99940666 0.00000000
    outer loop
      vertex -3.89357879 3.72174929 0.20000000
      vertex -3.89357879 3.72174929 0.00000000
      vertex 2.87164288 3.95490312 0.00000000
    endloop
  endfacet
  facet normal -0.03444314 0.99940666 0.00000000
    outer loop
      vertex -3.88403405 3.36186450 0.20000000
      vertex 2.54682333 3.58349494 0.20000000
      vertex 2.54682333 3.58349494 0.00000000
    endloop
  endfacet
  facet normal -0.03444314 0.99940666 0.00000000
    outer loop
      vertex -3.88403405 3.36186450 0.20000000
      vertex 2.54682333 3.58349494 0.00000000
      vertex -3.88403405 3.36186450 0.00000000
    endloop
  endfacet
  facet normal 0.00000000 0.00000000 1.00000000
    outer loop
      vertex 2.87164288 3.95490312 0.20000000
      vertex 3.09057157 -1.88082181 0.20000000
      vertex 3.48318346 -2.19068261 0.20000000
    endloop
  endfacet
  facet normal 0.00000000 0.00000000 1.00000000
    outer loop
      vertex 2.87164288 3.95490312 0.20000000
      vertex 2.54682333 3.58349494 0.20000000
      vertex 3.09057157 -1.88082181 0.20000000
    endloop
  endfacet
  facet normal 0.00000000 0.00000000 -1.00000000
    outer loop
      vertex 2.87164288 3.95490312 0.00000000
      vertex 3.48318346 -2.19068261 0.00000000
      vertex 3.09057157 -1.88082181 0.00000000
    endloop
  endfacet
  facet normal 0.00000000 -0.00000000 -1.00000000
    outer loop
      vertex 2.87164288 3.95490312 0.00000000
      vertex 3.09057157 -1.88082181 0.00000000
      vertex 2.54682333 3.58349494 0.00000000
    endloop
  endfacet
  facet normal -0.99508546 -0.09901988 0.00000000
    outer loop
      vertex 2.87164288 3.95490312 0.20000000
      vertex 3.48318346 -2.19068261 0.00000000
      vertex 3.48318346 -2.19068261 0.20000000
    endloop
  endfacet
  facet normal -0.99508546 -0.09901988 -0.00000000
    outer loop
      vertex 2.87164288 3.95490312 0.20000000
      vertex 2.87164288 3.95490312 0.00000000
      vertex 3.48318346 -2.19068261 0.00000000
    endloop
  endfacet
  facet normal 0.99508546 0.09901988 0.00000000
    outer loop
      vertex 2.54682333 3.58349494 0.20000000
      vertex 3.09057157 -1.88082181 0.20000000
      vertex 3.09057157 -1.88082181 0.00000000
    endloop
  endfacet
  facet normal 0.99508546 0.09901988 0.00000000
    outer loop
      vertex 2.54682333 3.58349494 0.20000000
      vertex 3.09057157 -1.88082181 0.00000000
      vertex 2.54682333 3.58349494 0.00000000
    endloop
  endfacet
  facet normal 0.00000000 0.00000000 1.00000000
    outer loop
      vertex 3.48318346 -2.19068261 0.20000000
      vertex -3.29567825 -2.75042867 0.20000000
      vertex -3.24427709 -3.10675166 0.20000000
    endloop
  endfacet
  facet normal 0.00000000 0.00000000 1.00000000
    outer loop
      vertex 3.48318346 -2.19068261 0.20000000
      vertex 3.09057157 -1.88082181 0.20000000
      vertex -3.29567825 -2.75042867 0.20000000
    endloop
  endfacet
  facet normal 0.00000000 0.00000000 -1.00000000
    outer loop
      vertex 3.48318346 -2.19068261 0.00000000
      vertex -3.24427709 -3.10675166 0.00000000
      vertex -3.29567825 -2.75042867 0.00000000
    endloop
  endfacet
  facet normal -0.00000000 0.00000000 -1.00000000
    outer loop
      vertex 3.48318346 -2.19068261 0.00000000
      vertex -3.29567825 -2.75042867 0.00000000
      vertex 3.09057157 -1.88082181 0.00000000
    endloop
  endfacet
  facet normal -0.13492350 0.99085602 0.00000000
    outer loop
      vertex 3.48318346 -2.19068261 0.20000000
      vertex -3.24427709 -3.10675166 0.00000000
      vertex -3.24427709 -3.10675166 0.20000000
    endloop
  endfacet
  facet normal -0.13492350 0.99085602 0.00000000
    outer loop
      vertex 3.48318346 -2.19068261 0.20000000
      vertex 3.48318346 -2.19068261 0.00000000
      vertex -3.24427709 -3.10675166 0.00000000
    endloop
  endfacet
  facet normal 0.13492350 -0.99085602 0.00000000
    outer loop
      vertex 3.09057157 -1.88082181 0.20000000
      vertex -3.29567825 -2.75042867 0.20000000
      vertex -3.29567825 -2.75042867 0.00000000
    endloop
  endfacet
  facet normal 0.13492350 -0.99085602 0.00000000
    outer loop
      vertex 3.09057157 -1.88082181 0.20000000
      vertex -3.29567825 -2.75042867 0.00000000
      vertex 3.09057157 -1.88082181 0.00000000
    endloop
  endfacet
  facet normal 0.00000000 0.00000000 1.00000000
    outer loop
      vertex -3.24427709 -3.10675166 0.20000000
      vertex -3.39134816 -2.76500482 0.20000000
      vertex -3.33121617 -3.11999758 0.20000000
    endloop
  endfacet
  facet normal 0.00000000 0.00000000 1.00000000
    outer loop
      vertex -3.24427709 -3.10675166 0.20000000
      vertex -3.29567825 -2.75042867 0.20000000
      vertex -3.39134816 -2.76500482 0.20000000
    endloop
  endfacet
  facet normal -0.00000000 0.00000000 -1.00000000
    outer loop
      vertex -3.24427709 -3.10675166 0.00000000
      vertex -3.33121617 -3.11999758 0.00000000
      vertex -3.39134816 -2.76500482 0.00000000
    endloop
  endfacet
  facet normal 0.00000000 0.00000000 -1.00000000
    outer loop
      vertex -3.24427709 -3.10675166 0.00000000
      vertex -3.39134816 -2.76500482 0.00000000
      vertex -3.29567825 -2.75042867 0.00000000
    endloop
  endfacet
  facet normal -0.15062054 0.98859165 0.00000000
    outer loop
      vertex -3.24427709 -3.10675166 0.20000000
      vertex -3.33121617 -3.11999758 0.00000000
      vertex -3.33121617 -3.11999758 0.20000000
    endloop
  endfacet
  facet normal -0.15062054 0.98859165 0.00000000
    outer loop
      vertex -3.24427709 -3.10675166 0.20000000
      vertex -3.24427709 -3.10675166 0.00000000
      vertex -3.33121617 -3.11999758 0.00000000
    endloop
  endfacet
  facet normal 0.15062054 -0.98859165 0.00000000
    outer loop
      vertex -3.29567825 -2.75042867 0.20000000
      vertex -3.39134816 -2.76500482 0.20000000
      vertex -3.39134816 -2.76500482 0.00000000
    endloop
  endfacet
  facet normal 0.15062054 -0.98859165 0.00000000
    outer loop
      vertex -3.29567825 -2.75042867 0.20000000
      vertex -3.39134816 -2.76500482 0.00000000
      vertex -3.29567825 -2.75042867 0.00000000
    endloop
  endfacet
  facet normal 0.00000000 0.00000000 1.00000000
    outer loop
      vertex -3.33121617 -3.11999758 0.20000000
      vertex -3.48548805 -2.78256342 0.20000000
      vertex -3.41323932 -3.13529622 0.20000000
    endloop
  endfacet
  facet normal 0.00000000 0.00000000 1.00000000
    outer loop
      vertex -3.33121617 -3.11999758 0.20000000
      vertex -3.39134816 -2.76500482 0.20000000
      vertex -3.48548805 -2.78256342 0.20000000
    endloop
  endfacet
  facet normal -0.00000000 0.00000000 -1.00000000
    outer loop
      vertex -3.33121617 -3.11999758 0.00000000
      vertex -3.41323932 -3.13529622 0.00000000
      vertex -3.48548805 -2.78256342 0.00000000
    endloop
  endfacet
  facet normal 0.00000000 0.00000000 -1.00000000
    outer loop
      vertex -3.33121617 -3.11999758 0.00000000
      vertex -3.48548805 -2.78256342 0.00000000
      vertex -3.39134816 -2.76500482 0.00000000
    endloop
  endfacet
  facet normal -0.18335405 0.98304694 0.00000000
    outer loop
      vertex -3.33121617 -3.11999758 0.20000000
      vertex -3.41323932 -3.13529622 0.00000000
      vertex -3.41323932 -3.13529622 0.20000000
    endloop
  endfacet
  facet normal -0.18335405 0.98304694 0.00000000
    outer loop
      vertex -3.33121617 -3.11999758 0.20000000
      vertex -3.33121617 -3.11999758 0.00000000
      vertex -3.41323932 -3.13529622 0.00000000
    endloop
  endfacet
  facet normal 0.18335405 -0.98304694 0.00000000
    outer loop
      vertex -3.39134816 -2.76500482 0.20000000
      vertex -3.48548805 -2.78256342 0.20000000
      vertex -3.48548805 -2.78256342 0.00000000
    endloop
  endfacet
  facet normal 0.18335405 -0.98304694 0.00000000
    outer loop
      vertex -3.39134816 -2.76500482 0.20000000
      vertex -3.48548805 -2.78256342 0.00000000
      vertex -3.39134816 -2.76500482 0.00000000
    endloop
  endfacet
  facet normal 0.00000000 0.00000000 1.00000000
    outer loop
      vertex -3.41323932 -3.13529622 0.20000000
      vertex -3.57673359 -2.80293563 0.20000000
      vertex -3.49171087 -3.15281641 0.20000000
    endloop
  endfacet
  facet normal 0.00000000 0.00000000 1.00000000
    outer loop
      vertex -3.41323932 -3.13529622 0.20000000
      vertex -3.48548805 -2.78256342 0.20000000
      vertex -3.57673359 -2.80293563 0.20000000
    endloop
  endfacet
  facet normal -0.00000000 0.00000000 -1.00000000
    outer loop
      vertex -3.41323932 -3.13529622 0.00000000
      vertex -3.49171087 -3.15281641 0.00000000
      vertex -3.57673359 -2.80293563 0.00000000
    endloop
  endfacet
  facet normal 0.00000000 0.00000000 -1.00000000
    outer loop
      vertex -3.41323932 -3.13529622 0.00000000
      vertex -3.57673359 -2.80293563 0.00000000
      vertex -3.48548805 -2.78256342 0.00000000
    endloop
  endfacet
  facet normal -0.21790303 0.97597043 0.00000000
    outer loop
      vertex -3.41323932 -3.13529622 0.20000000
      vertex -3.49171087 -3.15281641 0.00000000
      vertex -3.49171087 -3.15281641 0.20000000
    endloop
  endfacet
  facet normal -0.21790303 0.97597043 0.00000000
    outer loop
      vertex -3.41323932 -3.13529622 0.20000000
      vertex -3.41323932 -3.13529622 0.00000000
      vertex -3.49171087 -3.15281641 0.00000000
    endloop
  endfacet
  facet normal 0.21790303 -0.97597043 0.00000000
    outer loop
      vertex -3.48548805 -2.78256342 0.20000000
      vertex -3.57673359 -2.80293563 0.20000000
      vertex -3.57673359 -2.80293563 0.00000000
    endloop
  endfacet
  facet normal 0.21790303 -0.97597043 0.00000000
    outer loop
      vertex -3.48548805 -2.78256342 0.20000000
      vertex -3.57673359 -2.80293563 0.00000000
      vertex -3.48548805 -2.78256342 0.00000000
    endloop
  endfacet
  facet normal 0.00000000 0.00000000 1.00000000
    outer loop
      vertex -3.49171087 -3.15281641 0.20000000
      vertex -3.66508411 -2.82616493 0.20000000
      vertex -3.56663149 -3.17251469 0.20000000
    endloop
  endfacet
  facet normal 0.00000000 0.00000000 1.00000000
    outer loop
      vertex -3.49171087 -3.15281641 0.20000000
      vertex -3.57673359 -2.80293563 0.20000000
      vertex -3.66508411 -2.82616493 0.20000000
    endloop
  endfacet
  facet normal -0.00000000 0.00000000 -1.00000000
    outer loop
      vertex -3.49171087 -3.15281641 0.00000000
      vertex -3.56663149 -3.17251469 0.00000000
      vertex -3.66508411 -2.82616493 0.00000000
    endloop
  endfacet
  facet normal 0.00000000 0.00000000 -1.00000000
    outer loop
      vertex -3.49171087 -3.15281641 0.00000000
      vertex -3.66508411 -2.82616493 0.00000000
      vertex -3.57673359 -2.80293563 0.00000000
    endloop
  endfacet
  facet normal -0.25427993 0.96713066 0.00000000
    outer loop
      vertex -3.49171087 -3.15281641 0.20000000
      vertex -3.56663149 -3.17251469 0.00000000
      vertex -3.56663149 -3.17251469 0.20000000
    endloop
  endfacet
  facet normal -0.25427993 0.96713066 0.00000000
    outer loop
      vertex -3.49171087 -3.15281641 0.20000000
      vertex -3.49171087 -3.15281641 0.00000000
      vertex -3.56663149 -3.17251469 0.00000000
    endloop
  endfacet
  facet normal 0.25427993 -0.96713066 0.00000000
    outer loop
      vertex -3.57673359 -2.80293563 0.20000000
      vertex -3.66508411 -2.82616493 0.20000000
      vertex -3.66508411 -2.82616493 0.00000000
    endloop
  endfacet
  facet normal 0.25427993 -0.96713066 0.00000000
    outer loop
      vertex -3.57673359 -2.80293563 0.20000000
      vertex -3.66508411 -2.82616493 0.00000000
      vertex -3.57673359 -2.80293563 0.00000000
    endloop
  endfacet
  facet normal 0.00000000 0.00000000 1.00000000
    outer loop
      vertex -3.56663149 -3.17251469 0.20000000
      vertex -3.75053207 -2.85229796 0.20000000
      vertex -3.63800873 -3.19434440 0.20000000
    endloop
  endfacet
  facet normal 0.00000000 0.00000000 1.00000000
    outer loop
      vertex -3.56663149 -3.17251469 0.20000000
      vertex -3.66508411 -2.82616493 0.20000000
      vertex -3.75053207 -2.85229796 0.20000000
    endloop
  endfacet
  facet normal -0.00000000 0.00000000 -1.00000000
    outer loop
      vertex -3.56663149 -3.17251469 0.00000000
      vertex -3.63800873 -3.19434440 0.00000000
      vertex -3.75053207 -2.85229796 0.00000000
    endloop
  endfacet
  facet normal 0.00000000 0.00000000 -1.00000000
    outer loop
      vertex -3.56663149 -3.17251469 0.00000000
      vertex -3.75053207 -2.85229796 0.00000000
      vertex -3.66508411 -2.82616493 0.00000000
    endloop
  endfacet
  facet normal -0.29246355 0.95627667 0.00000000
    outer loop
      vertex -3.56663149 -3.17251469 0.20000000
      vertex -3.63800873 -3.19434440 0.00000000
      vertex -3.63800873 -3.19434440 0.20000000
    endloop
  endfacet
  facet normal -0.29246355 0.95627667 0.00000000
    outer loop
      vertex -3.56663149 -3.17251469 0.20000000
      vertex -3.56663149 -3.17251469 0.00000000
      vertex -3.63800873 -3.19434440 0.00000000
    endloop
  endfacet
  facet normal 0.29246355 -0.95627667 0.00000000
    outer loop
      vertex -3.66508411 -2.82616493 0.20000000
      vertex -3.75053207 -2.85229796 0.20000000
      vertex -3.75053207 -2.85229796 0.00000000
    endloop
  endfacet
  facet normal 0.29246355 -0.95627667 0.00000000
    outer loop
      vertex -3.66508411 -2.82616493 0.20000000
      vertex -3.75053207 -2.85229796 0.00000000
      vertex -3.66508411 -2.82616493 0.00000000
    endloop
  endfacet
  facet normal 0.00000000 0.00000000 1.00000000
    outer loop
      vertex -3.63800873 -3.19434440 0.20000000
      vertex -3.83306138 -2.88138364 0.20000000
      vertex -3.70585866 -3.21825664 0.20000000
    endloop
  endfacet
  facet normal 0.00000000 0.00000000 1.00000000
    outer loop
      vertex -3.63800873 -3.19434440 0.20000000
      vertex -3.75053207 -2.85229796 0.20000000
      vertex -3.83306138 -2.88138364 0.20000000
    endloop
  endfacet
  facet normal -0.00000000 0.00000000 -1.00000000
    outer loop
      vertex -3.63800873 -3.19434440 0.00000000
      vertex -3.70585866 -3.21825664 0.00000000
      vertex -3.83306138 -2.88138364 0.00000000
    endloop
  endfacet
  facet normal 0.00000000 0.00000000 -1.00000000
    outer loop
      vertex -3.63800873 -3.19434440 0.00000000
      vertex -3.83306138 -2.88138364 0.00000000
      vertex -3.75053207 -2.85229796 0.00000000
    endloop
  endfacet
  facet normal -0.33239002 0.94314202 0.00000000
    outer loop
      vertex -3.63800873 -3.19434440 0.20000000
      vertex -3.70585866 -3.21825664 0.00000000
      vertex -3.70585866 -3.21825664 0.20000000
    endloop
  endfacet
  facet normal -0.33239002 0.94314202 0.00000000
    outer loop
      vertex -3.63800873 -3.19434440 0.20000000
      vertex -3.63800873 -3.19434440 0.00000000
      vertex -3.70585866 -3.21825664 0.00000000
    endloop
  endfacet
  facet normal 0.33239002 -0.94314202 0.00000000
    outer loop
      vertex -3.75053207 -2.85229796 0.20000000
      vertex -3.83306138 -2.88138364 0.20000000
      vertex -3.83306138 -2.88138364 0.00000000
    endloop
  endfacet
  facet normal 0.33239002 -0.94314202 0.00000000
    outer loop
      vertex -3.75053207 -2.85229796 0.20000000
      vertex -3.83306138 -2.88138364 0.00000000
      vertex -3.75053207 -2.85229796 0.00000000
    endloop
  endfacet
  facet normal 0.00000000 0.00000000 1.00000000
    outer loop
      vertex -3.70585866 -3.21825664 0.20000000
      vertex -3.91264568 -2.91347157 0.20000000
      vertex -3.77020766 -3.24420179 0.20000000
    endloop
  endfacet
  facet normal 0.00000000 0.00000000 1.00000000
    outer loop
      vertex -3.70585866 -3.21825664 0.20000000
      vertex -3.83306138 -2.88138364 0.20000000
      vertex -3.91264568 -2.91347157 0.20000000
    endloop
  endfacet
  facet normal -0.00000000 0.00000000 -1.00000000
    outer loop
      vertex -3.70585866 -3.21825664 0.00000000
      vertex -3.77020766 -3.24420179 0.00000000
      vertex -3.91264568 -2.91347157 0.00000000
    endloop
  endfacet
  facet normal 0.00000000 0.00000000 -1.00000000
    outer loop
      vertex -3.70585866 -3.21825664 0.00000000
      vertex -3.91264568 -2.91347157 0.00000000
      vertex -3.83306138 -2.88138364 0.00000000
    endloop
  endfacet
  facet normal -0.37394319 0.92745161 0.00000000
    outer loop
      vertex -3.70585866 -3.21825664 0.20000000
      vertex -3.77020766 -3.24420179 0.00000000
      vertex -3.77020766 -3.24420179 0.20000000
    endloop
  endfacet
  facet normal -0.37394319 0.92745161 0.00000000
    outer loop
      vertex -3.70585866 -3.21825664 0.20000000
      vertex -3.70585866 -3.21825664 0.00000000
      vertex -3.77020766 -3.24420179 0.00000000
    endloop
  endfacet
  facet normal 0.37394319 -0.92745161 0.00000000
    outer loop
      vertex -3.83306138 -2.88138364 0.20000000
      vertex -3.91264568 -2.91347157 0.20000000
      vertex -3.91264568 -2.91347157 0.00000000
    endloop
  endfacet
  facet normal 0.37394319 -0.92745161 0.00000000
    outer loop
      vertex -3.83306138 -2.88138364 0.20000000
      vertex -3.91264568 -2.91347157 0.00000000
      vertex -3.83306138 -2.88138364 0.00000000
    endloop
  endfacet
  facet normal 0.00000000 0.00000000 1.00000000
    outer loop
      vertex -3.77020766 -3.24420179 0.20000000
      vertex -3.98924676 -2.94861005 0.20000000
      vertex -3.83109393 -3.27213156 0.20000000
    endloop
  endfacet
  facet normal 0.00000000 0.00000000 1.00000000
    outer loop
      vertex -3.77020766 -3.24420179 0.20000000
      vertex -3.91264568 -2.91347157 0.20000000
      vertex -3.98924676 -2.94861005 0.20000000
    endloop
  endfacet
  facet normal -0.00000000 0.00000000 -1.00000000
    outer loop
      vertex -3.77020766 -3.24420179 0.00000000
      vertex -3.83109393 -3.27213156 0.00000000
      vertex -3.98924676 -2.94861005 0.00000000
    endloop
  endfacet
  facet normal 0.00000000 0.00000000 -1.00000000
    outer loop
      vertex -3.77020766 -3.24420179 0.00000000
      vertex -3.98924676 -2.94861005 0.00000000
      vertex -3.91264568 -2.91347157 0.00000000
    endloop
  endfacet
  facet normal -0.41694544 0.90893152 0.00000000
    outer loop
      vertex -3.77020766 -3.24420179 0.20000000
      vertex -3.83109393 -3.27213156 0.00000000
      vertex -3.83109393 -3.27213156 0.20000000
    endloop
  endfacet
  facet normal -0.41694544 0.90893152 0.00000000
    outer loop
      vertex -3.77020766 -3.24420179 0.20000000
      vertex -3.77020766 -3.24420179 0.00000000
      vertex -3.83109393 -3.27213156 0.00000000
    endloop
  endfacet
  facet normal 0.41694544 -0.90893152 0.00000000
    outer loop
      vertex -3.91264568 -2.91347157 0.20000000
      vertex -3.98924676 -2.94861005 0.20000000
      vertex -3.98924676 -2.94861005 0.00000000
    endloop
  endfacet
  facet normal 0.41694544 -0.90893152 0.00000000
    outer loop
      vertex -3.91264568 -2.91347157 0.20000000
      vertex -3.98924676 -2.94861005 0.00000000
      vertex -3.91264568 -2.91347157 0.00000000
    endloop
  endfacet
  facet normal 0.00000000 0.00000000 1.00000000
    outer loop
      vertex -3.83109393 -3.27213156 0.20000000
      vertex -4.06281336 -2.98684329 0.20000000
      vertex -3.88856872 -3.30200174 0.20000000
    endloop
  endfacet
  facet normal 0.00000000 0.00000000 1.00000000
    outer loop
      vertex -3.83109393 -3.27213156 0.20000000
      vertex -3.98924676 -2.94861005 0.20000000
      vertex -4.06281336 -2.98684329 0.20000000
    endloop
  endfacet
  facet normal -0.00000000 0.00000000 -1.00000000
    outer loop
      vertex -3.83109393 -3.27213156 0.00000000
      vertex -3.88856872 -3.30200174 0.00000000
      vertex -4.06281336 -2.98684329 0.00000000
    endloop
  endfacet
  facet normal 0.00000000 0.00000000 -1.00000000
    outer loop
      vertex -3.83109393 -3.27213156 0.00000000
      vertex -4.06281336 -2.98684329 0.00000000
      vertex -3.98924676 -2.94861005 0.00000000
    endloop
  endfacet
  facet normal -0.46114962 0.88732239 0.00000000
    outer loop
      vertex -3.83109393 -3.27213156 0.20000000
      vertex -3.88856872 -3.30200174 0.00000000
      vertex -3.88856872 -3.30200174 0.20000000
    endloop
  endfacet
  facet normal -0.46114962 0.88732239 0.00000000
    outer loop
      vertex -3.83109393 -3.27213156 0.20000000
      vertex -3.83109393 -3.27213156 0.00000000
      vertex -3.88856872 -3.30200174 0.00000000
    endloop
  endfacet
  facet normal 0.46114962 -0.88732239 0.00000000
    outer loop
      vertex -3.98924676 -2.94861005 0.20000000
      vertex -4.06281336 -2.98684329 0.20000000
      vertex -4.06281336 -2.98684329 0.00000000
    endloop
  endfacet
  facet normal 0.46114962 -0.88732239 0.00000000
    outer loop
      vertex -3.98924676 -2.94861005 0.20000000
      vertex -4.06281336 -2.98684329 0.00000000
      vertex -3.98924676 -2.94861005 0.00000000
    endloop
  endfacet
  facet normal 0.00000000 0.00000000 1.00000000
    outer loop
      vertex -3.88856872 -3.30200174 0.20000000
      vertex -4.13328062 -3.02820817 0.20000000
      vertex -3.94269691 -3.33377545 0.20000000
    endloop
  endfacet
  facet normal 0.00000000 0.00000000 1.00000000
    outer loop
      vertex -3.88856872 -3.30200174 0.20000000
      vertex -4.06281336 -2.98684329 0.20000000
      vertex -4.13328062 -3.02820817 0.20000000
    endloop
  endfacet
  facet normal -0.00000000 0.00000000 -1.00000000
    outer loop
      vertex -3.88856872 -3.30200174 0.00000000
      vertex -3.94269691 -3.33377545 0.00000000
      vertex -4.13328062 -3.02820817 0.00000000
    endloop
  endfacet
  facet normal 0.00000000 0.00000000 -1.00000000
    outer loop
      vertex -3.88856872 -3.30200174 0.00000000
      vertex -4.13328062 -3.02820817 0.00000000
      vertex -4.06281336 -2.98684329 0.00000000
    endloop
  endfacet
  facet normal -0.50623392 0.86239621 0.00000000
    outer loop
      vertex -3.88856872 -3.30200174 0.20000000
      vertex -3.94269691 -3.33377545 0.00000000
      vertex -3.94269691 -3.33377545 0.20000000
    endloop
  endfacet
  facet normal -0.50623392 0.86239621 0.00000000
    outer loop
      vertex -3.88856872 -3.30200174 0.20000000
      vertex -3.88856872 -3.30200174 0.00000000
      vertex -3.94269691 -3.33377545 0.00000000
    endloop
  endfacet
  facet normal 0.50623392 -0.86239621 0.00000000
    outer loop
      vertex -4.06281336 -2.98684329 0.20000000
      vertex -4.13328062 -3.02820817 0.20000000
      vertex -4.13328062 -3.02820817 0.00000000
    endloop
  endfacet
  facet normal 0.50623392 -0.86239621 0.00000000
    outer loop
      vertex -4.06281336 -2.98684329 0.20000000
      vertex -4.13328062 -3.02820817 0.00000000
      vertex -4.06281336 -2.98684329 0.00000000
    endloop
  endfacet
  facet normal 0.00000000 0.00000000 1.00000000
    outer loop
      vertex -3.94269691 -3.33377545 0.20000000
      vertex -4.20057043 -3.07273056 0.20000000
      vertex -3.99355660 -3.36742682 0.20000000
    endloop
  endfacet
  facet normal 0.00000000 0.00000000 1.00000000
    outer loop
      vertex -3.94269691 -3.33377545 0.20000000
      vertex -4.13328062 -3.02820817 0.20000000
      vertex -4.20057043 -3.07273056 0.20000000
    endloop
  endfacet
  facet normal -0.00000000 0.00000000 -1.00000000
    outer loop
      vertex -3.94269691 -3.33377545 0.00000000
      vertex -3.99355660 -3.36742682 0.00000000
      vertex -4.20057043 -3.07273056 0.00000000
    endloop
  endfacet
  facet normal 0.00000000 0.00000000 -1.00000000
    outer loop
      vertex -3.94269691 -3.33377545 0.00000000
      vertex -4.20057043 -3.07273056 0.00000000
      vertex -4.13328062 -3.02820817 0.00000000
    endloop
  endfacet
  facet normal -0.55180107 0.83397577 0.00000000
    outer loop
      vertex -3.94269691 -3.33377545 0.20000000
      vertex -3.99355660 -3.36742682 0.00000000
      vertex -3.99355660 -3.36742682 0.20000000
    endloop
  endfacet
  facet normal -0.55180107 0.83397577 0.00000000
    outer loop
      vertex -3.94269691 -3.33377545 0.20000000
      vertex -3.94269691 -3.33377545 0.00000000
      vertex -3.99355660 -3.36742682 0.00000000
    endloop
  endfacet
  facet normal 0.55180107 -0.83397577 0.00000000
    outer loop
      vertex -4.13328062 -3.02820817 0.20000000
      vertex -4.20057043 -3.07273056 0.20000000
      vertex -4.20057043 -3.07273056 0.00000000
    endloop
  endfacet
  facet normal 0.55180107 -0.83397577 0.00000000
    outer loop
      vertex -4.13328062 -3.02820817 0.20000000
      vertex -4.20057043 -3.07273056 0.00000000
      vertex -4.13328062 -3.02820817 0.00000000
    endloop
  endfacet
  facet normal 0.00000000 0.00000000 1.00000000
    outer loop
      vertex -3.99355660 -3.36742682 0.20000000
      vertex -4.26459306 -3.12042156 0.20000000
      vertex -4.04123753 -3.40294475 0.20000000
    endloop
  endfacet
  facet normal 0.00000000 0.00000000 1.00000000
    outer loop
      vertex -3.99355660 -3.36742682 0.20000000
      vertex -4.20057043 -3.07273056 0.20000000
      vertex -4.26459306 -3.12042156 0.20000000
    endloop
  endfacet
  facet normal -0.00000000 0.00000000 -1.00000000
    outer loop
      vertex -3.99355660 -3.36742682 0.00000000
      vertex -4.04123753 -3.40294475 0.00000000
      vertex -4.26459306 -3.12042156 0.00000000
    endloop
  endfacet
  facet normal 0.00000000 0.00000000 -1.00000000
    outer loop
      vertex -3.99355660 -3.36742682 0.00000000
      vertex -4.26459306 -3.12042156 0.00000000
      vertex -4.20057043 -3.07273056 0.00000000
    endloop
  endfacet
  facet normal -0.59738359 0.80195564 0.00000000
    outer loop
      vertex -3.99355660 -3.36742682 0.20000000
      vertex -4.04123753 -3.40294475 0.00000000
      vertex -4.04123753 -3.40294475 0.20000000
    endloop
  endfacet
  facet normal -0.59738359 0.80195564 0.00000000
    outer loop
      vertex -3.99355660 -3.36742682 0.20000000
      vertex -3.99355660 -3.36742682 0.00000000
      vertex -4.04123753 -3.40294475 0.00000000
    endloop
  endfacet
  facet normal 0.59738359 -0.80195564 0.00000000
    outer loop
      vertex -4.20057043 -3.07273056 0.20000000
      vertex -4.26459306 -3.12042156 0.20000000
      vertex -4.26459306 -3.12042156 0.00000000
    endloop
  endfacet
  facet normal 0.59738359 -0.80195564 0.00000000
    outer loop
      vertex -4.20057043 -3.07273056 0.20000000
      vertex -4.26459306 -3.12042156 0.00000000
      vertex -4.20057043 -3.07273056 0.00000000
    endloop
  endfacet
  facet normal 0.00000000 0.00000000 1.00000000
    outer loop
      vertex -4.04123753 -3.40294475 0.20000000
      vertex -4.32525009 -3.17127418 0.20000000
      vertex -4.08583810 -3.44033623 0.20000000
    endloop
  endfacet
  facet normal 0.00000000 0.00000000 1.00000000
    outer loop
      vertex -4.04123753 -3.40294475 0.20000000
      vertex -4.26459306 -3.12042156 0.20000000
      vertex -4.32525009 -3.17127418 0.20000000
    endloop
  endfacet
  facet normal -0.00000000 0.00000000 -1.00000000
    outer loop
      vertex -4.04123753 -3.40294475 0.00000000
      vertex -4.08583810 -3.44033623 0.00000000
      vertex -4.32525009 -3.17127418 0.00000000
    endloop
  endfacet
  facet normal 0.00000000 0.00000000 -1.00000000
    outer loop
      vertex -4.04123753 -3.40294475 0.00000000
      vertex -4.32525009 -3.17127418 0.00000000
      vertex -4.26459306 -3.12042156 0.00000000
    endloop
  endfacet
  facet normal -0.64245636 0.76632227 0.00000000
    outer loop
      vertex -4.04123753 -3.40294475 0.20000000
      vertex -4.08583810 -3.44033623 0.00000000
      vertex -4.08583810 -3.44033623 0.20000000
    endloop
  endfacet
  facet normal -0.64245636 0.76632227 0.00000000
    outer loop
      vertex -4.04123753 -3.40294475 0.20000000
      vertex -4.04123753 -3.40294475 0.00000000
      vertex -4.08583810 -3.44033623 0.00000000
    endloop
  endfacet
  facet normal 0.64245636 -0.76632227 0.00000000
    outer loop
      vertex -4.26459306 -3.12042156 0.20000000
      vertex -4.32525009 -3.17127418 0.20000000
      vertex -4.32525009 -3.17127418 0.00000000
    endloop
  endfacet
  facet normal 0.64245636 -0.76632227 0.00000000
    outer loop
      vertex -4.26459306 -3.12042156 0.20000000
      vertex -4.32525009 -3.17127418 0.00000000
      vertex -4.26459306 -3.12042156 0.00000000
    endloop
  endfacet
  facet normal 0.00000000 0.00000000 1.00000000
    outer loop
      vertex -4.08583810 -3.44033623 0.20000000
      vertex -4.38243876 -3.22526089 0.20000000
      vertex -4.12746109 -3.47962878 0.20000000
    endloop
  endfacet
  facet normal 0.00000000 0.00000000 1.00000000
    outer loop
      vertex -4.08583810 -3.44033623 0.20000000
      vertex -4.32525009 -3.17127418 0.20000000
      vertex -4.38243876 -3.22526089 0.20000000
    endloop
  endfacet
  facet normal -0.00000000 0.00000000 -1.00000000
    outer loop
      vertex -4.08583810 -3.44033623 0.00000000
      vertex -4.12746109 -3.47962878 0.00000000
      vertex -4.38243876 -3.22526089 0.00000000
    endloop
  endfacet
  facet normal 0.00000000 0.00000000 -1.00000000
    outer loop
      vertex -4.08583810 -3.44033623 0.00000000
      vertex -4.38243876 -3.22526089 0.00000000
      vertex -4.32525009 -3.17127418 0.00000000
    endloop
  endfacet
  facet normal -0.68645683 0.72717055 0.00000000
    outer loop
      vertex -4.08583810 -3.44033623 0.20000000
      vertex -4.12746109 -3.47962878 0.00000000
      vertex -4.12746109 -3.47962878 0.20000000
    endloop
  endfacet
  facet normal -0.68645683 0.72717055 0.00000000
    outer loop
      vertex -4.08583810 -3.44033623 0.20000000
      vertex -4.08583810 -3.44033623 0.00000000
      vertex -4.12746109 -3.47962878 0.00000000
    endloop
  endfacet
  facet normal 0.68645683 -0.72717055 0.00000000
    outer loop
      vertex -4.32525009 -3.17127418 0.20000000
      vertex -4.38243876 -3.22526089 0.20000000
      vertex -4.38243876 -3.22526089 0.00000000
    endloop
  endfacet
  facet normal 0.68645683 -0.72717055 0.00000000
    outer loop
      vertex -4.32525009 -3.17127418 0.20000000
      vertex -4.38243876 -3.22526089 0.00000000
      vertex -4.32525009 -3.17127418 0.00000000
    endloop
  endfacet
  facet normal 0.00000000 0.00000000 1.00000000
    outer loop
      vertex -4.12746109 -3.47962878 0.20000000
      vertex -4.43605723 -3.28233262 0.20000000
      vertex -4.16620832 -3.52087149 0.20000000
    endloop
  endfacet
  facet normal 0.00000000 0.00000000 1.00000000
    outer loop
      vertex -4.12746109 -3.47962878 0.20000000
      vertex -4.38243876 -3.22526089 0.20000000
      vertex -4.43605723 -3.28233262 0.20000000
    endloop
  endfacet
  facet normal -0.00000000 0.00000000 -1.00000000
    outer loop
      vertex -4.12746109 -3.47962878 0.00000000
      vertex -4.16620832 -3.52087149 0.00000000
      vertex -4.43605723 -3.28233262 0.00000000
    endloop
  endfacet
  facet normal 0.00000000 0.00000000 -1.00000000
    outer loop
      vertex -4.12746109 -3.47962878 0.00000000
      vertex -4.43605723 -3.28233262 0.00000000
      vertex -4.38243876 -3.22526089 0.00000000
    endloop
  endfacet
  facet normal -0.72881211 0.68471374 0.00000000
    outer loop
      vertex -4.12746109 -3.47962878 0.20000000
      vertex -4.16620832 -3.52087149 0.00000000
      vertex -4.16620832 -3.52087149 0.20000000
    endloop
  endfacet
  facet normal -0.72881211 0.68471374 0.00000000
    outer loop
      vertex -4.12746109 -3.47962878 0.20000000
      vertex -4.12746109 -3.47962878 0.00000000
      vertex -4.16620832 -3.52087149 0.00000000
    endloop
  endfacet
  facet normal 0.72881211 -0.68471374 0.00000000
    outer loop
      vertex -4.38243876 -3.22526089 0.20000000
      vertex -4.43605723 -3.28233262 0.20000000
      vertex -4.43605723 -3.28233262 0.00000000
    endloop
  endfacet
  facet normal 0.72881211 -0.68471374 0.00000000
    outer loop
      vertex -4.38243876 -3.22526089 0.20000000
      vertex -4.43605723 -3.28233262 0.00000000
      vertex -4.38243876 -3.22526089 0.00000000
    endloop
  endfacet
  facet normal 0.00000000 0.00000000 1.00000000
    outer loop
      vertex -4.16620832 -3.52087149 0.20000000
      vertex -4.48601054 -3.34241954 0.20000000
      vertex -4.20217478 -3.56413417 0.20000000
    endloop
  endfacet
  facet normal 0.00000000 0.00000000 1.00000000
    outer loop
      vertex -4.16620832 -3.52087149 0.20000000
      vertex -4.43605723 -3.28233262 0.20000000
      vertex -4.48601054 -3.34241954 0.20000000
    endloop
  endfacet
  facet normal -0.00000000 0.00000000 -1.00000000
    outer loop
      vertex -4.16620832 -3.52087149 0.00000000
      vertex -4.20217478 -3.56413417 0.00000000
      vertex -4.48601054 -3.34241954 0.00000000
    endloop
  endfacet
  facet normal 0.00000000 0.00000000 -1.00000000
    outer loop
      vertex -4.16620832 -3.52087149 0.00000000
      vertex -4.48601054 -3.34241954 0.00000000
      vertex -4.43605723 -3.28233262 0.00000000
    endloop
  endfacet
  facet normal -0.76897058 0.63928417 0.00000000
    outer loop
      vertex -4.16620832 -3.52087149 0.20000000
      vertex -4.20217478 -3.56413417 0.00000000
      vertex -4.20217478 -3.56413417 0.20000000
    endloop
  endfacet
  facet normal -0.76897058 0.63928417 0.00000000
    outer loop
      vertex -4.16620832 -3.52087149 0.20000000
      vertex -4.16620832 -3.52087149 0.00000000
      vertex -4.20217478 -3.56413417 0.00000000
    endloop
  endfacet
  facet normal 0.76897058 -0.63928417 0.00000000
    outer loop
      vertex -4.43605723 -3.28233262 0.20000000
      vertex -4.48601054 -3.34241954 0.20000000
      vertex -4.48601054 -3.34241954 0.00000000
    endloop
  endfacet
  facet normal 0.76897058 -0.63928417 0.00000000
    outer loop
      vertex -4.43605723 -3.28233262 0.20000000
      vertex -4.48601054 -3.34241954 0.00000000
      vertex -4.43605723 -3.28233262 0.00000000
    endloop
  endfacet
  facet normal 0.00000000 0.00000000 1.00000000
    outer loop
      vertex -4.20217478 -3.56413417 0.20000000
      vertex -4.53221620 -3.40543389 0.20000000
      vertex -4.23544292 -3.60950460 0.20000000
    endloop
  endfacet
  facet normal 0.00000000 0.00000000 1.00000000
    outer loop
      vertex -4.20217478 -3.56413417 0.20000000
      vertex -4.48601054 -3.34241954 0.20000000
      vertex -4.53221620 -3.40543389 0.20000000
    endloop
  endfacet
  facet normal -0.00000000 0.00000000 -1.00000000
    outer loop
      vertex -4.20217478 -3.56413417 0.00000000
      vertex -4.23544292 -3.60950460 0.00000000
      vertex -4.53221620 -3.40543389 0.00000000
    endloop
  endfacet
  facet normal 0.00000000 0.00000000 -1.00000000
    outer loop
      vertex -4.20217478 -3.56413417 0.00000000
      vertex -4.53221620 -3.40543389 0.00000000
      vertex -4.48601054 -3.34241954 0.00000000
    endloop
  endfacet
  facet normal -0.80643465 0.59132322 0.00000000
    outer loop
      vertex -4.20217478 -3.56413417 0.20000000
      vertex -4.23544292 -3.60950460 0.00000000
      vertex -4.23544292 -3.60950460 0.20000000
    endloop
  endfacet
  facet normal -0.80643465 0.59132322 0.00000000
    outer loop
      vertex -4.20217478 -3.56413417 0.20000000
      vertex -4.20217478 -3.56413417 0.00000000
      vertex -4.23544292 -3.60950460 0.00000000
    endloop
  endfacet
  facet normal 0.80643465 -0.59132322 0.00000000
    outer loop
      vertex -4.48601054 -3.34241954 0.20000000
      vertex -4.53221620 -3.40543389 0.20000000
      vertex -4.53221620 -3.40543389 0.00000000
    endloop
  endfacet
  facet normal 0.80643465 -0.59132322 0.00000000
    outer loop
      vertex -4.48601054 -3.34241954 0.20000000
      vertex -4.53221620 -3.40543389 0.00000000
      vertex -4.48601054 -3.34241954 0.00000000
    endloop
  endfacet
  facet normal 0.00000000 0.00000000 1.00000000
    outer loop
      vertex -4.23544292 -3.60950460 0.20000000
      vertex -4.57460902 -3.47127439 0.20000000
      vertex -4.26607797 -3.65708404 0.20000000
    endloop
  endfacet
  facet normal 0.00000000 0.00000000 1.00000000
    outer loop
      vertex -4.23544292 -3.60950460 0.20000000
      vertex -4.53221620 -3.40543389 0.20000000
      vertex -4.57460902 -3.47127439 0.20000000
    endloop
  endfacet
  facet normal -0.00000000 0.00000000 -1.00000000
    outer loop
      vertex -4.23544292 -3.60950460 0.00000000
      vertex -4.26607797 -3.65708404 0.00000000
      vertex -4.57460902 -3.47127439 0.00000000
    endloop
  endfacet
  facet normal 0.00000000 0.00000000 -1.00000000
    outer loop
      vertex -4.23544292 -3.60950460 0.00000000
      vertex -4.57460902 -3.47127439 0.00000000
      vertex -4.53221620 -3.40543389 0.00000000
    endloop
  endfacet
  facet normal -0.84079034 0.54136088 0.00000000
    outer loop
      vertex -4.23544292 -3.60950460 0.20000000
      vertex -4.26607797 -3.65708404 0.00000000
      vertex -4.26607797 -3.65708404 0.20000000
    endloop
  endfacet
  facet normal -0.84079034 0.54136088 0.00000000
    outer loop
      vertex -4.23544292 -3.60950460 0.20000000
      vertex -4.23544292 -3.60950460 0.00000000
      vertex -4.26607797 -3.65708404 0.00000000
    endloop
  endfacet
  facet normal 0.84079034 -0.54136088 0.00000000
    outer loop
      vertex -4.53221620 -3.40543389 0.20000000
      vertex -4.57460902 -3.47127439 0.20000000
      vertex -4.57460902 -3.47127439 0.00000000
    endloop
  endfacet
  facet normal 0.84079034 -0.54136088 0.00000000
    outer loop
      vertex -4.53221620 -3.40543389 0.20000000
      vertex -4.57460902 -3.47127439 0.00000000
      vertex -4.53221620 -3.40543389 0.00000000
    endloop
  endfacet
  facet normal 0.00000000 0.00000000 1.00000000
    outer loop
      vertex -4.26607797 -3.65708404 0.20000000
      vertex -4.61314425 -3.53983199 0.20000000
      vertex -4.29412464 -3.70698156 0.20000000
    endloop
  endfacet
  facet normal 0.00000000 0.00000000 1.00000000
    outer loop
      vertex -4.26607797 -3.65708404 0.20000000
      vertex -4.57460902 -3.47127439 0.20000000
      vertex -4.61314425 -3.53983199 0.20000000
    endloop
  endfacet
  facet normal -0.00000000 0.00000000 -1.00000000
    outer loop
      vertex -4.26607797 -3.65708404 0.00000000
      vertex -4.29412464 -3.70698156 0.00000000
      vertex -4.61314425 -3.53983199 0.00000000
    endloop
  endfacet
  facet normal 0.00000000 0.00000000 -1.00000000
    outer loop
      vertex -4.26607797 -3.65708404 0.00000000
      vertex -4.61314425 -3.53983199 0.00000000
      vertex -4.57460902 -3.47127439 0.00000000
    endloop
  endfacet
  facet normal -0.87172985 0.48998680 0.00000000
    outer loop
      vertex -4.26607797 -3.65708404 0.20000000
      vertex -4.29412464 -3.70698156 0.00000000
      vertex -4.29412464 -3.70698156 0.20000000
    endloop
  endfacet
  facet normal -0.87172985 0.48998680 0.00000000
    outer loop
      vertex -4.26607797 -3.65708404 0.20000000
      vertex -4.26607797 -3.65708404 0.00000000
      vertex -4.29412464 -3.70698156 0.00000000
    endloop
  endfacet
  facet normal 0.87172985 -0.48998680 0.00000000
    outer loop
      vertex -4.57460902 -3.47127439 0.20000000
      vertex -4.61314425 -3.53983199 0.20000000
      vertex -4.61314425 -3.53983199 0.00000000
    endloop
  endfacet
  facet normal 0.87172985 -0.48998680 0.00000000
    outer loop
      vertex -4.57460902 -3.47127439 0.20000000
      vertex -4.61314425 -3.53983199 0.00000000
      vertex -4.57460902 -3.47127439 0.00000000
    endloop
  endfacet
  facet normal 0.00000000 0.00000000 1.00000000
    outer loop
      vertex -4.29412464 -3.70698156 0.20000000
      vertex -4.64779894 -3.61099601 0.20000000
      vertex -4.31960592 -3.75930782 0.20000000
    endloop
  endfacet
  facet normal 0.00000000 0.00000000 1.00000000
    outer loop
      vertex -4.29412464 -3.70698156 0.20000000
      vertex -4.61314425 -3.53983199 0.20000000
      vertex -4.64779894 -3.61099601 0.20000000
    endloop
  endfacet
  facet normal -0.00000000 0.00000000 -1.00000000
    outer loop
      vertex -4.29412464 -3.70698156 0.00000000
      vertex -4.31960592 -3.75930782 0.00000000
      vertex -4.64779894 -3.61099601 0.00000000
    endloop
  endfacet
  facet normal 0.00000000 0.00000000 -1.00000000
    outer loop
      vertex -4.29412464 -3.70698156 0.00000000
      vertex -4.64779894 -3.61099601 0.00000000
      vertex -4.61314425 -3.53983199 0.00000000
    endloop
  endfacet
  facet normal -0.89906429 0.43781662 0.00000000
    outer loop
      vertex -4.29412464 -3.70698156 0.20000000
      vertex -4.31960592 -3.75930782 0.00000000
      vertex -4.31960592 -3.75930782 0.20000000
    endloop
  endfacet
  facet normal -0.89906429 0.43781662 0.00000000
    outer loop
      vertex -4.29412464 -3.70698156 0.20000000
      vertex -4.29412464 -3.70698156 0.00000000
      vertex -4.31960592 -3.75930782 0.00000000
    endloop
  endfacet
  facet normal 0.89906429 -0.43781662 0.00000000
    outer loop
      vertex -4.61314425 -3.53983199 0.20000000
      vertex -4.64779894 -3.61099601 0.20000000
      vertex -4.64779894 -3.61099601 0.00000000
    endloop
  endfacet
  facet normal 0.89906429 -0.43781662 0.00000000
    outer loop
      vertex -4.61314425 -3.53983199 0.20000000
      vertex -4.64779894 -3.61099601 0.00000000
      vertex -4.61314425 -3.53983199 0.00000000
    endloop
  endfacet
  facet normal 0.00000000 0.00000000 1.00000000
    outer loop
      vertex -4.31960592 -3.75930782 0.20000000
      vertex -4.67857124 -3.68466007 0.20000000
      vertex -4.34252363 -3.81416922 0.20000000
    endloop
  endfacet
  facet normal 0.00000000 0.00000000 1.00000000
    outer loop
      vertex -4.31960592 -3.75930782 0.20000000
      vertex -4.64779894 -3.61099601 0.20000000
      vertex -4.67857124 -3.68466007 0.20000000
    endloop
  endfacet
  facet normal -0.00000000 0.00000000 -1.00000000
    outer loop
      vertex -4.31960592 -3.75930782 0.00000000
      vertex -4.34252363 -3.81416922 0.00000000
      vertex -4.67857124 -3.68466007 0.00000000
    endloop
  endfacet
  facet normal 0.00000000 0.00000000 -1.00000000
    outer loop
      vertex -4.31960592 -3.75930782 0.00000000
      vertex -4.67857124 -3.68466007 0.00000000
      vertex -4.64779894 -3.61099601 0.00000000
    endloop
  endfacet
  facet normal -0.92272545 0.38545785 0.00000000
    outer loop
      vertex -4.31960592 -3.75930782 0.20000000
      vertex -4.34252363 -3.81416922 0.00000000
      vertex -4.34252363 -3.81416922 0.20000000
    endloop
  endfacet
  facet normal -0.92272545 0.38545785 0.00000000
    outer loop
      vertex -4.31960592 -3.75930782 0.20000000
      vertex -4.31960592 -3.75930782 0.00000000
      vertex -4.34252363 -3.81416922 0.00000000
    endloop
  endfacet
  facet normal 0.92272545 -0.38545785 0.00000000
    outer loop
      vertex -4.64779894 -3.61099601 0.20000000
      vertex -4.67857124 -3.68466007 0.20000000
      vertex -4.67857124 -3.68466007 0.00000000
    endloop
  endfacet
  facet normal 0.92272545 -0.38545785 0.00000000
    outer loop
      vertex -4.64779894 -3.61099601 0.20000000
      vertex -4.67857124 -3.68466007 0.00000000
      vertex -4.64779894 -3.61099601 0.00000000
    endloop
  endfacet
  facet normal 0.00000000 0.00000000 1.00000000
    outer loop
      vertex -4.34252363 -3.81416922 0.20000000
      vertex -4.70547821 -3.76072699 0.20000000
      vertex -4.36286074 -3.87166291 0.20000000
    endloop
  endfacet
  facet normal 0.00000000 0.00000000 1.00000000
    outer loop
      vertex -4.34252363 -3.81416922 0.20000000
      vertex -4.67857124 -3.68466007 0.20000000
      vertex -4.70547821 -3.76072699 0.20000000
    endloop
  endfacet
  facet normal -0.00000000 0.00000000 -1.00000000
    outer loop
      vertex -4.34252363 -3.81416922 0.00000000
      vertex -4.36286074 -3.87166291 0.00000000
      vertex -4.70547821 -3.76072699 0.00000000
    endloop
  endfacet
  facet normal 0.00000000 0.00000000 -1.00000000
    outer loop
      vertex -4.34252363 -3.81416922 0.00000000
      vertex -4.70547821 -3.76072699 0.00000000
      vertex -4.67857124 -3.68466007 0.00000000
    endloop
  endfacet
  facet normal -0.94275744 0.33347925 0.00000000
    outer loop
      vertex -4.34252363 -3.81416922 0.20000000
      vertex -4.36286074 -3.87166291 0.00000000
      vertex -4.36286074 -3.87166291 0.20000000
    endloop
  endfacet
  facet normal -0.94275744 0.33347925 0.00000000
    outer loop
      vertex -4.34252363 -3.81416922 0.20000000
      vertex -4.34252363 -3.81416922 0.00000000
      vertex -4.36286074 -3.87166291 0.00000000
    endloop
  endfacet
  facet normal 0.94275744 -0.33347925 0.00000000
    outer loop
      vertex -4.67857124 -3.68466007 0.20000000
      vertex -4.70547821 -3.76072699 0.20000000
      vertex -4.70547821 -3.76072699 0.00000000
    endloop
  endfacet
  facet normal 0.94275744 -0.33347925 0.00000000
    outer loop
      vertex -4.67857124 -3.68466007 0.20000000
      vertex -4.70547821 -3.76072699 0.00000000
      vertex -4.67857124 -3.68466007 0.00000000
    endloop
  endfacet
  facet normal 0.00000000 0.00000000 1.00000000
    outer loop
      vertex -4.36286074 -3.87166291 0.20000000
      vertex -4.72855234 -3.83911240 0.20000000
      vertex -4.38058472 -3.93187329 0.20000000
    endloop
  endfacet
  facet normal 0.00000000 0.00000000 1.00000000
    outer loop
      vertex -4.36286074 -3.87166291 0.20000000
      vertex -4.70547821 -3.76072699 0.20000000
      vertex -4.72855234 -3.83911240 0.20000000
    endloop
  endfacet
  facet normal -0.00000000 0.00000000 -1.00000000
    outer loop
      vertex -4.36286074 -3.87166291 0.00000000
      vertex -4.38058472 -3.93187329 0.00000000
      vertex -4.72855234 -3.83911240 0.00000000
    endloop
  endfacet
  facet normal 0.00000000 0.00000000 -1.00000000
    outer loop
      vertex -4.36286074 -3.87166291 0.00000000
      vertex -4.72855234 -3.83911240 0.00000000
      vertex -4.70547821 -3.76072699 0.00000000
    endloop
  endfacet
  facet normal -0.95930055 0.28238706 0.00000000
    outer loop
      vertex -4.36286074 -3.87166291 0.20000000
      vertex -4.38058472 -3.93187329 0.00000000
      vertex -4.38058472 -3.93187329 0.20000000
    endloop
  endfacet
  facet normal -0.95930055 0.28238706 0.00000000
    outer loop
      vertex -4.36286074 -3.87166291 0.20000000
      vertex -4.36286074 -3.87166291 0.00000000
      vertex -4.38058472 -3.93187329 0.00000000
    endloop
  endfacet
  facet normal 0.95930055 -0.28238706 0.00000000
    outer loop
      vertex -4.70547821 -3.76072699 0.20000000
      vertex -4.72855234 -3.83911240 0.20000000
      vertex -4.72855234 -3.83911240 0.00000000
    endloop
  endfacet
  facet normal 0.95930055 -0.28238706 0.00000000
    outer loop
      vertex -4.70547821 -3.76072699 0.20000000
      vertex -4.72855234 -3.83911240 0.00000000
      vertex -4.70547821 -3.76072699 0.00000000
    endloop
  endfacet
  facet normal 0.00000000 0.00000000 1.00000000
    outer loop
      vertex -4.38058472 -3.93187329 0.20000000
      vertex -4.74783764 -3.91974678 0.20000000
      vertex -4.39565160 -3.99486987 0.20000000
    endloop
  endfacet
  facet normal 0.00000000 0.00000000 1.00000000
    outer loop
      vertex -4.38058472 -3.93187329 0.20000000
      vertex -4.72855234 -3.83911240 0.20000000
      vertex -4.74783764 -3.91974678 0.20000000
    endloop
  endfacet
  facet normal -0.00000000 0.00000000 -1.00000000
    outer loop
      vertex -4.38058472 -3.93187329 0.00000000
      vertex -4.39565160 -3.99486987 0.00000000
      vertex -4.74783764 -3.91974678 0.00000000
    endloop
  endfacet
  facet normal 0.00000000 0.00000000 -1.00000000
    outer loop
      vertex -4.38058472 -3.93187329 0.00000000
      vertex -4.74783764 -3.91974678 0.00000000
      vertex -4.72855234 -3.83911240 0.00000000
    endloop
  endfacet
  facet normal -0.97257026 0.23260932 0.00000000
    outer loop
      vertex -4.38058472 -3.93187329 0.20000000
      vertex -4.39565160 -3.99486987 0.00000000
      vertex -4.39565160 -3.99486987 0.20000000
    endloop
  endfacet
  facet normal -0.97257026 0.23260932 0.00000000
    outer loop
      vertex -4.38058472 -3.93187329 0.20000000
      vertex -4.38058472 -3.93187329 0.00000000
      vertex -4.39565160 -3.99486987 0.00000000
    endloop
  endfacet
  facet normal 0.97257026 -0.23260932 0.00000000
    outer loop
      vertex -4.72855234 -3.83911240 0.20000000
      vertex -4.74783764 -3.91974678 0.20000000
      vertex -4.74783764 -3.91974678 0.00000000
    endloop
  endfacet
  facet normal 0.97257026 -0.23260932 0.00000000
    outer loop
      vertex -4.72855234 -3.83911240 0.20000000
      vertex -4.74783764 -3.91974678 0.00000000
      vertex -4.72855234 -3.83911240 0.00000000
    endloop
  endfacet
  facet normal 0.00000000 0.00000000 1.00000000
    outer loop
      vertex -4.39565160 -3.99486987 0.20000000
      vertex -4.76338559 -4.00257612 0.20000000
      vertex -4.40800986 -4.06070666 0.20000000
    endloop
  endfacet
  facet normal 0.00000000 0.00000000 1.00000000
    outer loop
      vertex -4.39565160 -3.99486987 0.20000000
      vertex -4.74783764 -3.91974678 0.20000000
      vertex -4.76338559 -4.00257612 0.20000000
    endloop
  endfacet
  facet normal 0.00000000 0.00000000 -1.00000000
    outer loop
      vertex -4.39565160 -3.99486987 0.00000000
      vertex -4.40800986 -4.06070666 0.00000000
      vertex -4.76338559 -4.00257612 0.00000000
    endloop
  endfacet
  facet normal -0.00000000 0.00000000 -1.00000000
    outer loop
      vertex -4.39565160 -3.99486987 0.00000000
      vertex -4.76338559 -4.00257612 0.00000000
      vertex -4.74783764 -3.91974678 0.00000000
    endloop
  endfacet
  facet normal -0.98283466 0.18448857 0.00000000
    outer loop
      vertex -4.39565160 -3.99486987 0.20000000
      vertex -4.40800986 -4.06070666 0.00000000
      vertex -4.40800986 -4.06070666 0.20000000
    endloop
  endfacet
  facet normal -0.98283466 0.18448857 0.00000000
    outer loop
      vertex -4.39565160 -3.99486987 0.20000000
      vertex -4.39565160 -3.99486987 0.00000000
      vertex -4.40800986 -4.06070666 0.00000000
    endloop
  endfacet
  facet normal 0.98283466 -0.18448857 0.00000000
    outer loop
      vertex -4.74783764 -3.91974678 0.20000000
      vertex -4.76338559 -4.00257612 0.20000000
      vertex -4.76338559 -4.00257612 0.00000000
    endloop
  endfacet
  facet normal 0.98283466 -0.18448857 0.00000000
    outer loop
      vertex -4.74783764 -3.91974678 0.20000000
      vertex -4.76338559 -4.00257612 0.00000000
      vertex -4.74783764 -3.91974678 0.00000000
    endloop
  endfacet
  facet normal 0.00000000 0.00000000 1.00000000
    outer loop
      vertex -4.40800986 -4.06070666 0.20000000
      vertex -4.77525151 -4.08756139 0.20000000
      vertex -4.41760422 -4.12942269 0.20000000
    endloop
  endfacet
  facet normal 0.00000000 0.00000000 1.00000000
    outer loop
      vertex -4.40800986 -4.06070666 0.20000000
      vertex -4.76338559 -4.00257612 0.20000000
      vertex -4.77525151 -4.08756139 0.20000000
    endloop
  endfacet
  facet normal 0.00000000 0.00000000 -1.00000000
    outer loop
      vertex -4.40800986 -4.06070666 0.00000000
      vertex -4.41760422 -4.12942269 0.00000000
      vertex -4.77525151 -4.08756139 0.00000000
    endloop
  endfacet
  facet normal -0.00000000 0.00000000 -1.00000000
    outer loop
      vertex -4.40800986 -4.06070666 0.00000000
      vertex -4.77525151 -4.08756139 0.00000000
      vertex -4.76338559 -4.00257612 0.00000000
    endloop
  endfacet
  facet normal -0.99039291 0.13828187 0.00000000
    outer loop
      vertex -4.40800986 -4.06070666 0.20000000
      vertex -4.41760422 -4.12942269 0.00000000
      vertex -4.41760422 -4.12942269 0.20000000
    endloop
  endfacet
  facet normal -0.99039291 0.13828187 0.00000000
    outer loop
      vertex -4.40800986 -4.06070666 0.20000000
      vertex -4.40800986 -4.06070666 0.00000000
      vertex -4.41760422 -4.12942269 0.00000000
    endloop
  endfacet
  facet normal 0.99039291 -0.13828187 0.00000000
    outer loop
      vertex -4.76338559 -4.00257612 0.20000000
      vertex -4.77525151 -4.08756139 0.20000000
      vertex -4.77525151 -4.08756139 0.00000000
    endloop
  endfacet
  facet normal 0.99039291 -0.13828187 0.00000000
    outer loop
      vertex -4.76338559 -4.00257612 0.20000000
      vertex -4.77525151 -4.08756139 0.00000000
      vertex -4.76338559 -4.00257612 0.00000000
    endloop
  endfacet
  facet normal 0.00000000 0.00000000 1.00000000
    outer loop
      vertex -4.41760422 -4.12942269 0.20000000
      vertex -4.78349149 -4.17467721 0.20000000
      vertex -4.42437856 -4.20104334 0.20000000
    endloop
  endfacet
  facet normal 0.00000000 0.00000000 1.00000000
    outer loop
      vertex -4.41760422 -4.12942269 0.20000000
      vertex -4.77525151 -4.08756139 0.20000000
      vertex -4.78349149 -4.17467721 0.20000000
    endloop
  endfacet
  facet normal 0.00000000 0.00000000 -1.00000000
    outer loop
      vertex -4.41760422 -4.12942269 0.00000000
      vertex -4.42437856 -4.20104334 0.00000000
      vertex -4.78349149 -4.17467721 0.00000000
    endloop
  endfacet
  facet normal -0.00000000 0.00000000 -1.00000000
    outer loop
      vertex -4.41760422 -4.12942269 0.00000000
      vertex -4.78349149 -4.17467721 0.00000000
      vertex -4.77525151 -4.08756139 0.00000000
    endloop
  endfacet
  facet normal -0.99555649 0.09416619 0.00000000
    outer loop
      vertex -4.41760422 -4.12942269 0.20000000
      vertex -4.42437856 -4.20104334 0.00000000
      vertex -4.42437856 -4.20104334 0.20000000
    endloop
  endfacet
  facet normal -0.99555649 0.09416619 0.00000000
    outer loop
      vertex -4.41760422 -4.12942269 0.20000000
      vertex -4.41760422 -4.12942269 0.00000000
      vertex -4.42437856 -4.20104334 0.00000000
    endloop
  endfacet
  facet normal 0.99555649 -0.09416619 0.00000000
    outer loop
      vertex -4.77525151 -4.08756139 0.20000000
      vertex -4.78349149 -4.17467721 0.20000000
      vertex -4.78349149 -4.17467721 0.00000000
    endloop
  endfacet
  facet normal 0.99555649 -0.09416619 0.00000000
    outer loop
      vertex -4.77525151 -4.08756139 0.20000000
      vertex -4.78349149 -4.17467721 0.00000000
      vertex -4.77525151 -4.08756139 0.00000000
    endloop
  endfacet
  facet normal 0.00000000 0.00000000 1.00000000
    outer loop
      vertex -4.42437856 -4.20104334 0.20000000
      vertex -4.78816006 -4.26391002 0.20000000
      vertex -4.42827837 -4.27558217 0.20000000
    endloop
  endfacet
  facet normal 0.00000000 0.00000000 1.00000000
    outer loop
      vertex -4.42437856 -4.20104334 0.20000000
      vertex -4.78349149 -4.17467721 0.20000000
      vertex -4.78816006 -4.26391002 0.20000000
    endloop
  endfacet
  facet normal 0.00000000 0.00000000 -1.00000000
    outer loop
      vertex -4.42437856 -4.20104334 0.00000000
      vertex -4.42827837 -4.27558217 0.00000000
      vertex -4.78816006 -4.26391002 0.00000000
    endloop
  endfacet
  facet normal -0.00000000 0.00000000 -1.00000000
    outer loop
      vertex -4.42437856 -4.20104334 0.00000000
      vertex -4.78816006 -4.26391002 0.00000000
      vertex -4.78349149 -4.17467721 0.00000000
    endloop
  endfacet
  facet normal -0.99863416 0.05224759 0.00000000
    outer loop
      vertex -4.42437856 -4.20104334 0.20000000
      vertex -4.42827837 -4.27558217 0.00000000
      vertex -4.42827837 -4.27558217 0.20000000
    endloop
  endfacet
  facet normal -0.99863416 0.05224759 0.00000000
    outer loop
      vertex -4.42437856 -4.20104334 0.20000000
      vertex -4.42437856 -4.20104334 0.00000000
      vertex -4.42827837 -4.27558217 0.00000000
    endloop
  endfacet
  facet normal 0.99863416 -0.05224759 0.00000000
    outer loop
      vertex -4.78349149 -4.17467721 0.20000000
      vertex -4.78816006 -4.26391002 0.20000000
      vertex -4.78816006 -4.26391002 0.00000000
    endloop
  endfacet
  facet normal 0.99863416 -0.05224759 0.00000000
    outer loop
      vertex -4.78349149 -4.17467721 0.20000000
      vertex -4.78816006 -4.26391002 0.00000000
      vertex -4.78349149 -4.17467721 0.00000000
    endloop
  endfacet
  facet normal 0.00000000 0.00000000 1.00000000
    outer loop
      vertex -4.42827837 -4.27558217 0.20000000
      vertex -4.78930857 -4.35525604 0.20000000
      vertex -4.42925229 -4.35304295 0.20000000
    endloop
  endfacet
  facet normal 0.00000000 0.00000000 1.00000000
    outer loop
      vertex -4.42827837 -4.27558217 0.20000000
      vertex -4.78816006 -4.26391002 0.20000000
      vertex -4.78930857 -4.35525604 0.20000000
    endloop
  endfacet
  facet normal 0.00000000 0.00000000 -1.00000000
    outer loop
      vertex -4.42827837 -4.27558217 0.00000000
      vertex -4.42925229 -4.35304295 0.00000000
      vertex -4.78930857 -4.35525604 0.00000000
    endloop
  endfacet
  facet normal -0.00000000 0.00000000 -1.00000000
    outer loop
      vertex -4.42827837 -4.27558217 0.00000000
      vertex -4.78930857 -4.35525604 0.00000000
      vertex -4.78816006 -4.26391002 0.00000000
    endloop
  endfacet
  facet normal -0.99992097 0.01257212 0.00000000
    outer loop
      vertex -4.42827837 -4.27558217 0.20000000
      vertex -4.42925229 -4.35304295 0.00000000
      vertex -4.42925229 -4.35304295 0.20000000
    endloop
  endfacet
  facet normal -0.99992097 0.01257212 0.00000000
    outer loop
      vertex -4.42827837 -4.27558217 0.20000000
      vertex -4.42827837 -4.27558217 0.00000000
      vertex -4.42925229 -4.35304295 0.00000000
    endloop
  endfacet
  facet normal 0.99992097 -0.01257212 0.00000000
    outer loop
      vertex -4.78816006 -4.26391002 0.20000000
      vertex -4.78930857 -4.35525604 0.20000000
      vertex -4.78930857 -4.35525604 0.00000000
    endloop
  endfacet
  facet normal 0.99992097 -0.01257212 0.00000000
    outer loop
      vertex -4.78816006 -4.26391002 0.20000000
      vertex -4.78930857 -4.35525604 0.00000000
      vertex -4.78816006 -4.26391002 0.00000000
    endloop
  endfacet
  facet normal 0.00000000 0.00000000 1.00000000
    outer loop
      vertex -4.42925229 -4.35304295 0.20000000
      vertex -4.78698410 -4.44871925 0.20000000
      vertex -4.42725324 -4.43342172 0.20000000
    endloop
  endfacet
  facet normal 0.00000000 0.00000000 1.00000000
    outer loop
      vertex -4.42925229 -4.35304295 0.20000000
      vertex -4.78930857 -4.35525604 0.20000000
      vertex -4.78698410 -4.44871925 0.20000000
    endloop
  endfacet
  facet normal 0.00000000 -0.00000000 -1.00000000
    outer loop
      vertex -4.42925229 -4.35304295 0.00000000
      vertex -4.42725324 -4.43342172 0.00000000
      vertex -4.78698410 -4.44871925 0.00000000
    endloop
  endfacet
  facet normal 0.00000000 0.00000000 -1.00000000
    outer loop
      vertex -4.42925229 -4.35304295 0.00000000
      vertex -4.78698410 -4.44871925 0.00000000
      vertex -4.78930857 -4.35525604 0.00000000
    endloop
  endfacet
  facet normal -0.99969087 -0.02486272 0.00000000
    outer loop
      vertex -4.42925229 -4.35304295 0.20000000
      vertex -4.42725324 -4.43342172 0.00000000
      vertex -4.42725324 -4.43342172 0.20000000
    endloop
  endfacet
  facet normal -0.99969087 -0.02486272 -0.00000000
    outer loop
      vertex -4.42925229 -4.35304295 0.20000000
      vertex -4.42925229 -4.35304295 0.00000000
      vertex -4.42725324 -4.43342172 0.00000000
    endloop
  endfacet
  facet normal 0.99969087 0.02486272 0.00000000
    outer loop
      vertex -4.78930857 -4.35525604 0.20000000
      vertex -4.78698410 -4.44871925 0.20000000
      vertex -4.78698410 -4.44871925 0.00000000
    endloop
  endfacet
  facet normal 0.99969087 0.02486272 0.00000000
    outer loop
      vertex -4.78930857 -4.35525604 0.20000000
      vertex -4.78698410 -4.44871925 0.00000000
      vertex -4.78930857 -4.35525604 0.00000000
    endloop
  endfacet
  facet normal 0.00000000 0.00000000 1.00000000
    outer loop
      vertex -4.42725324 -4.43342172 0.20000000
      vertex -4.78122900 -4.54430953 0.20000000
      vertex -4.42223887 -4.51670858 0.20000000
    endloop
  endfacet
  facet normal 0.00000000 0.00000000 1.00000000
    outer loop
      vertex -4.42725324 -4.43342172 0.20000000
      vertex -4.78698410 -4.44871925 0.20000000
      vertex -4.78122900 -4.54430953 0.20000000
    endloop
  endfacet
  facet normal 0.00000000 -0.00000000 -1.00000000
    outer loop
      vertex -4.42725324 -4.43342172 0.00000000
      vertex -4.42223887 -4.51670858 0.00000000
      vertex -4.78122900 -4.54430953 0.00000000
    endloop
  endfacet
  facet normal 0.00000000 0.00000000 -1.00000000
    outer loop
      vertex -4.42725324 -4.43342172 0.00000000
      vertex -4.78122900 -4.54430953 0.00000000
      vertex -4.78698410 -4.44871925 0.00000000
    endloop
  endfacet
  facet normal -0.99819253 -0.06009714 0.00000000
    outer loop
      vertex -4.42725324 -4.43342172 0.20000000
      vertex -4.42223887 -4.51670858 0.00000000
      vertex -4.42223887 -4.51670858 0.20000000
    endloop
  endfacet
  facet normal -0.99819253 -0.06009714 -0.00000000
    outer loop
      vertex -4.42725324 -4.43342172 0.20000000
      vertex -4.42725324 -4.43342172 0.00000000
      vertex -4.42223887 -4.51670858 0.00000000
    endloop
  endfacet
  facet normal 0.99819253 0.06009714 0.00000000
    outer loop
      vertex -4.78698410 -4.44871925 0.20000000
      vertex -4.78122900 -4.54430953 0.20000000
      vertex -4.78122900 -4.54430953 0.00000000
    endloop
  endfacet
  facet normal 0.99819253 0.06009714 0.00000000
    outer loop
      vertex -4.78698410 -4.44871925 0.20000000
      vertex -4.78122900 -4.54430953 0.00000000
      vertex -4.78698410 -4.44871925 0.00000000
    endloop
  endfacet
  facet normal 0.00000000 0.00000000 1.00000000
    outer loop
      vertex -4.42223887 -4.51670858 0.20000000
      vertex -4.77220974 -4.64066226 0.20000000
      vertex -4.41404271 -4.60426816 0.20000000
    endloop
  endfacet
  facet normal 0.00000000 0.00000000 1.00000000
    outer loop
      vertex -4.42223887 -4.51670858 0.20000000
      vertex -4.78122900 -4.54430953 0.20000000
      vertex -4.77220974 -4.64066226 0.20000000
    endloop
  endfacet
  facet normal 0.00000000 -0.00000000 -1.00000000
    outer loop
      vertex -4.42223887 -4.51670858 0.00000000
      vertex -4.41404271 -4.60426816 0.00000000
      vertex -4.77220974 -4.64066226 0.00000000
    endloop
  endfacet
  facet normal 0.00000000 0.00000000 -1.00000000
    outer loop
      vertex -4.42223887 -4.51670858 0.00000000
      vertex -4.77220974 -4.64066226 0.00000000
      vertex -4.78122900 -4.54430953 0.00000000
    endloop
  endfacet
  facet normal -0.99564748 -0.09319924 0.00000000
    outer loop
      vertex -4.42223887 -4.51670858 0.20000000
      vertex -4.41404271 -4.60426816 0.00000000
      vertex -4.41404271 -4.60426816 0.20000000
    endloop
  endfacet
  facet normal -0.99564748 -0.09319924 -0.00000000
    outer loop
      vertex -4.42223887 -4.51670858 0.20000000
      vertex -4.42223887 -4.51670858 0.00000000
      vertex -4.41404271 -4.60426816 0.00000000
    endloop
  endfacet
  facet normal 0.99564748 0.09319924 0.00000000
    outer loop
      vertex -4.78122900 -4.54430953 0.20000000
      vertex -4.77220974 -4.64066226 0.20000000
      vertex -4.77220974 -4.64066226 0.00000000
    endloop
  endfacet
  facet normal 0.99564748 0.09319924 0.00000000
    outer loop
      vertex -4.78122900 -4.54430953 0.20000000
      vertex -4.77220974 -4.64066226 0.00000000
      vertex -4.78122900 -4.54430953 0.00000000
    endloop
  endfacet
  facet normal 0.00000000 0.00000000 1.00000000
    outer loop
      vertex -4.41404271 -4.60426816 0.20000000
      vertex -4.08147547 -10.94123207 0.20000000
      vertex -3.72392259 -10.89923604 0.20000000
    endloop
  endfacet
  facet normal 0.00000000 0.00000000 1.00000000
    outer loop
      vertex -4.41404271 -4.60426816 0.20000000
      vertex -4.77220974 -4.64066226 0.20000000
      vertex -4.08147547 -10.94123207 0.20000000
    endloop
  endfacet
  facet normal 0.00000000 0.00000000 -1.00000000
    outer loop
      vertex -4.41404271 -4.60426816 0.00000000
      vertex -3.72392259 -10.89923604 0.00000000
      vertex -4.08147547 -10.94123207 0.00000000
    endloop
  endfacet
  facet normal 0.00000000 -0.00000000 -1.00000000
    outer loop
      vertex -4.41404271 -4.60426816 0.00000000
      vertex -4.08147547 -10.94123207 0.00000000
      vertex -4.77220974 -4.64066226 0.00000000
    endloop
  endfacet
  facet normal -0.99404422 -0.10897751 0.00000000
    outer loop
      vertex -4.41404271 -4.60426816 0.20000000
      vertex -3.72392259 -10.89923604 0.00000000
      vertex -3.72392259 -10.89923604 0.20000000
    endloop
  endfacet
  facet normal -0.99404422 -0.10897751 -0.00000000
    outer loop
      vertex -4.41404271 -4.60426816 0.20000000
      vertex -4.41404271 -4.60426816 0.00000000
      vertex -3.72392259 -10.89923604 0.00000000
    endloop
  endfacet
  facet normal 0.99404422 0.10897751 0.00000000
    outer loop
      vertex -4.77220974 -4.64066226 0.20000000
      vertex -4.08147547 -10.94123207 0.20000000
      vertex -4.08147547 -10.94123207 0.00000000
    endloop
  endfacet
  facet normal 0.99404422 0.10897751 0.00000000
    outer loop
      vertex -4.77220974 -4.64066226 0.20000000
      vertex -4.08147547 -10.94123207 0.00000000
      vertex -4.77220974 -4.64066226 0.00000000
    endloop
  endfacet
  facet normal 0.00000000 0.00000000 1.00000000
    outer loop
      vertex -3.72392259 -10.89923604 0.20000000
      vertex -4.05692766 -11.13715716 0.20000000
      vertex -3.70045401 -11.08654736 0.20000000
    endloop
  endfacet
  facet normal 0.00000000 0.00000000 1.00000000
    outer loop
      vertex -3.72392259 -10.89923604 0.20000000
      vertex -4.08147547 -10.94123207 0.20000000
      vertex -4.05692766 -11.13715716 0.20000000
    endloop
  endfacet
  facet normal 0.00000000 -0.00000000 -1.00000000
    outer loop
      vertex -3.72392259 -10.89923604 0.00000000
      vertex -3.70045401 -11.08654736 0.00000000
      vertex -4.05692766 -11.13715716 0.00000000
    endloop
  endfacet
  facet normal 0.00000000 0.00000000 -1.00000000
    outer loop
      vertex -3.72392259 -10.89923604 0.00000000
      vertex -4.05692766 -11.13715716 0.00000000
      vertex -4.08147547 -10.94123207 0.00000000
    endloop
  endfacet
  facet normal -0.99224219 -0.12431986 0.00000000
    outer loop
      vertex -3.72392259 -10.89923604 0.20000000
      vertex -3.70045401 -11.08654736 0.00000000
      vertex -3.70045401 -11.08654736 0.20000000
    endloop
  endfacet
  facet normal -0.99224219 -0.12431986 -0.00000000
    outer loop
      vertex -3.72392259 -10.89923604 0.20000000
      vertex -3.72392259 -10.89923604 0.00000000
      vertex -3.70045401 -11.08654736 0.00000000
    endloop
  endfacet
  facet normal 0.99224219 0.12431986 0.00000000
    outer loop
      vertex -4.08147547 -10.94123207 0.20000000
      vertex -4.05692766 -11.13715716 0.20000000
      vertex -4.05692766 -11.13715716 0.00000000
    endloop
  endfacet
  facet normal 0.99224219 0.12431986 0.00000000
    outer loop
      vertex -4.08147547 -10.94123207 0.20000000
      vertex -4.05692766 -11.13715716 0.00000000
      vertex -4.08147547 -10.94123207 0.00000000
    endloop
  endfacet
  facet normal 0.00000000 0.00000000 1.00000000
    outer loop
      vertex -3.70045401 -11.08654736 0.20000000
      vertex -4.02686048 -11.32657708 0.20000000
      vertex -3.67231323 -11.26383113 0.20000000
    endloop
  endfacet
  facet normal 0.00000000 0.00000000 1.00000000
    outer loop
      vertex -3.70045401 -11.08654736 0.20000000
      vertex -4.05692766 -11.13715716 0.20000000
      vertex -4.02686048 -11.32657708 0.20000000
    endloop
  endfacet
  facet normal 0.00000000 -0.00000000 -1.00000000
    outer loop
      vertex -3.70045401 -11.08654736 0.00000000
      vertex -3.67231323 -11.26383113 0.00000000
      vertex -4.02686048 -11.32657708 0.00000000
    endloop
  endfacet
  facet normal 0.00000000 0.00000000 -1.00000000
    outer loop
      vertex -3.70045401 -11.08654736 0.00000000
      vertex -4.02686048 -11.32657708 0.00000000
      vertex -4.05692766 -11.13715716 0.00000000
    endloop
  endfacet
  facet normal -0.98763510 -0.15677021 0.00000000
    outer loop
      vertex -3.70045401 -11.08654736 0.20000000
      vertex -3.67231323 -11.26383113 0.00000000
      vertex -3.67231323 -11.26383113 0.20000000
    endloop
  endfacet
  facet normal -0.98763510 -0.15677021 -0.00000000
    outer loop
      vertex -3.70045401 -11.08654736 0.20000000
      vertex -3.70045401 -11.08654736 0.00000000
      vertex -3.67231323 -11.26383113 0.00000000
    endloop
  endfacet
  facet normal 0.98763510 0.15677021 0.00000000
    outer loop
      vertex -4.05692766 -11.13715716 0.20000000
      vertex -4.02686048 -11.32657708 0.20000000
      vertex -4.02686048 -11.32657708 0.00000000
    endloop
  endfacet
  facet normal 0.98763510 0.15677021 0.00000000
    outer loop
      vertex -4.05692766 -11.13715716 0.20000000
      vertex -4.02686048 -11.32657708 0.00000000
      vertex -4.05692766 -11.13715716 0.00000000
    endloop
  endfacet
  facet normal 0.00000000 0.00000000 1.00000000
    outer loop
      vertex -3.67231323 -11.26383113 0.20000000
      vertex -3.99138517 -11.50819278 0.20000000
      vertex -3.63938904 -11.43238638 0.20000000
    endloop
  endfacet
  facet normal 0.00000000 0.00000000 1.00000000
    outer loop
      vertex -3.67231323 -11.26383113 0.20000000
      vertex -4.02686048 -11.32657708 0.20000000
      vertex -3.99138517 -11.50819278 0.20000000
    endloop
  endfacet
  facet normal 0.00000000 -0.00000000 -1.00000000
    outer loop
      vertex -3.67231323 -11.26383113 0.00000000
      vertex -3.63938904 -11.43238638 0.00000000
      vertex -3.99138517 -11.50819278 0.00000000
    endloop
  endfacet
  facet normal 0.00000000 0.00000000 -1.00000000
    outer loop
      vertex -3.67231323 -11.26383113 0.00000000
      vertex -3.99138517 -11.50819278 0.00000000
      vertex -4.02686048 -11.32657708 0.00000000
    endloop
  endfacet
  facet normal -0.98145187 -0.19170870 0.00000000
    outer loop
      vertex -3.67231323 -11.26383113 0.20000000
      vertex -3.63938904 -11.43238638 0.00000000
      vertex -3.63938904 -11.43238638 0.20000000
    endloop
  endfacet
  facet normal -0.98145187 -0.19170870 -0.00000000
    outer loop
      vertex -3.67231323 -11.26383113 0.20000000
      vertex -3.67231323 -11.26383113 0.00000000
      vertex -3.63938904 -11.43238638 0.00000000
    endloop
  endfacet
  facet normal 0.98145187 0.19170870 0.00000000
    outer loop
      vertex -4.02686048 -11.32657708 0.20000000
      vertex -3.99138517 -11.50819278 0.20000000
      vertex -3.99138517 -11.50819278 0.00000000
    endloop
  endfacet
  facet normal 0.98145187 0.19170870 0.00000000
    outer loop
      vertex -4.02686048 -11.32657708 0.20000000
      vertex -3.99138517 -11.50819278 0.00000000
      vertex -4.02686048 -11.32657708 0.00000000
    endloop
  endfacet
  facet normal 0.00000000 0.00000000 1.00000000
    outer loop
      vertex -3.63938904 -11.43238638 0.20000000
      vertex -3.95043682 -11.68202853 0.20000000
      vertex -3.60174634 -11.59218887 0.20000000
    endloop
  endfacet
  facet normal 0.00000000 0.00000000 1.00000000
    outer loop
      vertex -3.63938904 -11.43238638 0.20000000
      vertex -3.99138517 -11.50819278 0.20000000
      vertex -3.95043682 -11.68202853 0.20000000
    endloop
  endfacet
  facet normal 0.00000000 -0.00000000 -1.00000000
    outer loop
      vertex -3.63938904 -11.43238638 0.00000000
      vertex -3.60174634 -11.59218887 0.00000000
      vertex -3.95043682 -11.68202853 0.00000000
    endloop
  endfacet
  facet normal 0.00000000 0.00000000 -1.00000000
    outer loop
      vertex -3.63938904 -11.43238638 0.00000000
      vertex -3.95043682 -11.68202853 0.00000000
      vertex -3.99138517 -11.50819278 0.00000000
    endloop
  endfacet
  facet normal -0.97335994 -0.22928243 0.00000000
    outer loop
      vertex -3.63938904 -11.43238638 0.20000000
      vertex -3.60174634 -11.59218887 0.00000000
      vertex -3.60174634 -11.59218887 0.20000000
    endloop
  endfacet
  facet normal -0.97335994 -0.22928243 -0.00000000
    outer loop
      vertex -3.63938904 -11.43238638 0.20000000
      vertex -3.63938904 -11.43238638 0.00000000
      vertex -3.60174634 -11.59218887 0.00000000
    endloop
  endfacet
  facet normal 0.97335994 0.22928243 0.00000000
    outer loop
      vertex -3.99138517 -11.50819278 0.20000000
      vertex -3.95043682 -11.68202853 0.20000000
      vertex -3.95043682 -11.68202853 0.00000000
    endloop
  endfacet
  facet normal 0.97335994 0.22928243 0.00000000
    outer loop
      vertex -3.99138517 -11.50819278 0.20000000
      vertex -3.95043682 -11.68202853 0.00000000
      vertex -3.99138517 -11.50819278 0.00000000
    endloop
  endfacet
  facet normal 0.00000000 0.00000000 1.00000000
    outer loop
      vertex -3.60174634 -11.59218887 0.20000000
      vertex -3.90393990 -11.84810192 0.20000000
      vertex -3.55946065 -11.74322097 0.20000000
    endloop
  endfacet
  facet normal 0.00000000 0.00000000 1.00000000
    outer loop
      vertex -3.60174634 -11.59218887 0.20000000
      vertex -3.95043682 -11.68202853 0.20000000
      vertex -3.90393990 -11.84810192 0.20000000
    endloop
  endfacet
  facet normal 0.00000000 -0.00000000 -1.00000000
    outer loop
      vertex -3.60174634 -11.59218887 0.00000000
      vertex -3.55946065 -11.74322097 0.00000000
      vertex -3.90393990 -11.84810192 0.00000000
    endloop
  endfacet
  facet normal 0.00000000 0.00000000 -1.00000000
    outer loop
      vertex -3.60174634 -11.59218887 0.00000000
      vertex -3.90393990 -11.84810192 0.00000000
      vertex -3.95043682 -11.68202853 0.00000000
    endloop
  endfacet
  facet normal -0.96296949 -0.26961040 0.00000000
    outer loop
      vertex -3.60174634 -11.59218887 0.20000000
      vertex -3.55946065 -11.74322097 0.00000000
      vertex -3.55946065 -11.74322097 0.20000000
    endloop
  endfacet
  facet normal -0.96296949 -0.26961040 -0.00000000
    outer loop
      vertex -3.60174634 -11.59218887 0.20000000
      vertex -3.60174634 -11.59218887 0.00000000
      vertex -3.55946065 -11.74322097 0.00000000
    endloop
  endfacet
  facet normal 0.96296949 0.26961040 0.00000000
    outer loop
      vertex -3.95043682 -11.68202853 0.20000000
      vertex -3.90393990 -11.84810192 0.20000000
      vertex -3.90393990 -11.84810192 0.00000000
    endloop
  endfacet
  facet normal 0.96296949 0.26961040 0.00000000
    outer loop
      vertex -3.95043682 -11.68202853 0.20000000
      vertex -3.90393990 -11.84810192 0.00000000
      vertex -3.95043682 -11.68202853 0.00000000
    endloop
  endfacet
  facet normal 0.00000000 0.00000000 1.00000000
    outer loop
      vertex -3.55946065 -11.74322097 0.20000000
      vertex -3.85180807 -12.00642010 0.20000000
      vertex -3.51261833 -11.88547555 0.20000000
    endloop
  endfacet
  facet normal 0.00000000 0.00000000 1.00000000
    outer loop
      vertex -3.55946065 -11.74322097 0.20000000
      vertex -3.90393990 -11.84810192 0.20000000
      vertex -3.85180807 -12.00642010 0.20000000
    endloop
  endfacet
  facet normal 0.00000000 -0.00000000 -1.00000000
    outer loop
      vertex -3.55946065 -11.74322097 0.00000000
      vertex -3.51261833 -11.88547555 0.00000000
      vertex -3.85180807 -12.00642010 0.00000000
    endloop
  endfacet
  facet normal 0.00000000 0.00000000 -1.00000000
    outer loop
      vertex -3.55946065 -11.74322097 0.00000000
      vertex -3.85180807 -12.00642010 0.00000000
      vertex -3.90393990 -11.84810192 0.00000000
    endloop
  endfacet
  facet normal -0.94983051 -0.31276510 0.00000000
    outer loop
      vertex -3.55946065 -11.74322097 0.20000000
      vertex -3.51261833 -11.88547555 0.00000000
      vertex -3.51261833 -11.88547555 0.20000000
    endloop
  endfacet
  facet normal -0.94983051 -0.31276510 -0.00000000
    outer loop
      vertex -3.55946065 -11.74322097 0.20000000
      vertex -3.55946065 -11.74322097 0.00000000
      vertex -3.51261833 -11.88547555 0.00000000
    endloop
  endfacet
  facet normal 0.94983051 0.31276510 0.00000000
    outer loop
      vertex -3.90393990 -11.84810192 0.20000000
      vertex -3.85180807 -12.00642010 0.20000000
      vertex -3.85180807 -12.00642010 0.00000000
    endloop
  endfacet
  facet normal 0.94983051 0.31276510 0.00000000
    outer loop
      vertex -3.90393990 -11.84810192 0.20000000
      vertex -3.85180807 -12.00642010 0.00000000
      vertex -3.90393990 -11.84810192 0.00000000
    endloop
  endfacet
  facet normal 0.00000000 0.00000000 1.00000000
    outer loop
      vertex -3.51261833 -11.88547555 0.20000000
      vertex -3.79394500 -12.15697497 0.20000000
      vertex -3.46131570 -12.01896071 0.20000000
    endloop
  endfacet
  facet normal 0.00000000 0.00000000 1.00000000
    outer loop
      vertex -3.51261833 -11.88547555 0.20000000
      vertex -3.85180807 -12.00642010 0.20000000
      vertex -3.79394500 -12.15697497 0.20000000
    endloop
  endfacet
  facet normal 0.00000000 -0.00000000 -1.00000000
    outer loop
      vertex -3.51261833 -11.88547555 0.00000000
      vertex -3.46131570 -12.01896071 0.00000000
      vertex -3.79394500 -12.15697497 0.00000000
    endloop
  endfacet
  facet normal 0.00000000 0.00000000 -1.00000000
    outer loop
      vertex -3.51261833 -11.88547555 0.00000000
      vertex -3.79394500 -12.15697497 0.00000000
      vertex -3.85180807 -12.00642010 0.00000000
    endloop
  endfacet
  facet normal -0.93343417 -0.35874873 0.00000000
    outer loop
      vertex -3.51261833 -11.88547555 0.20000000
      vertex -3.46131570 -12.01896071 0.00000000
      vertex -3.46131570 -12.01896071 0.20000000
    endloop
  endfacet
  facet normal -0.93343417 -0.35874873 -0.00000000
    outer loop
      vertex -3.51261833 -11.88547555 0.20000000
      vertex -3.51261833 -11.88547555 0.00000000
      vertex -3.46131570 -12.01896071 0.00000000
    endloop
  endfacet
  facet normal 0.93343417 0.35874873 0.00000000
    outer loop
      vertex -3.85180807 -12.00642010 0.20000000
      vertex -3.79394500 -12.15697497 0.20000000
      vertex -3.79394500 -12.15697497 0.00000000
    endloop
  endfacet
  facet normal 0.93343417 0.35874873 0.00000000
    outer loop
      vertex -3.85180807 -12.00642010 0.20000000
      vertex -3.79394500 -12.15697497 0.00000000
      vertex -3.85180807 -12.00642010 0.00000000
    endloop
  endfacet
  facet normal 0.00000000 0.00000000 1.00000000
    outer loop
      vertex -3.46131570 -12.01896071 0.20000000
      vertex -3.73024676 -12.29973750 0.20000000
      vertex -3.40565668 -12.14370547 0.20000000
    endloop
  endfacet
  facet normal 0.00000000 0.00000000 1.00000000
    outer loop
      vertex -3.46131570 -12.01896071 0.20000000
      vertex -3.79394500 -12.15697497 0.20000000
      vertex -3.73024676 -12.29973750 0.20000000
    endloop
  endfacet
  facet normal 0.00000000 -0.00000000 -1.00000000
    outer loop
      vertex -3.46131570 -12.01896071 0.00000000
      vertex -3.40565668 -12.14370547 0.00000000
      vertex -3.73024676 -12.29973750 0.00000000
    endloop
  endfacet
  facet normal 0.00000000 0.00000000 -1.00000000
    outer loop
      vertex -3.46131570 -12.01896071 0.00000000
      vertex -3.73024676 -12.29973750 0.00000000
      vertex -3.79394500 -12.15697497 0.00000000
    endloop
  endfacet
  facet normal -0.91322128 -0.40746397 0.00000000
    outer loop
      vertex -3.46131570 -12.01896071 0.20000000
      vertex -3.40565668 -12.14370547 0.00000000
      vertex -3.40565668 -12.14370547 0.20000000
    endloop
  endfacet
  facet normal -0.91322128 -0.40746397 -0.00000000
    outer loop
      vertex -3.46131570 -12.01896071 0.20000000
      vertex -3.46131570 -12.01896071 0.00000000
      vertex -3.40565668 -12.14370547 0.00000000
    endloop
  endfacet
  facet normal 0.91322128 0.40746397 0.00000000
    outer loop
      vertex -3.79394500 -12.15697497 0.20000000
      vertex -3.73024676 -12.29973750 0.20000000
      vertex -3.73024676 -12.29973750 0.00000000
    endloop
  endfacet
  facet normal 0.91322128 0.40746397 0.00000000
    outer loop
      vertex -3.79394500 -12.15697497 0.20000000
      vertex -3.73024676 -12.29973750 0.00000000
      vertex -3.79394500 -12.15697497 0.00000000
    endloop
  endfacet
  facet normal 0.00000000 0.00000000 1.00000000
    outer loop
      vertex -3.40565668 -12.14370547 0.20000000
      vertex -3.66060641 -12.43465157 0.20000000
      vertex -3.34574823 -12.25976597 0.20000000
    endloop
  endfacet
  facet normal 0.00000000 0.00000000 1.00000000
    outer loop
      vertex -3.40565668 -12.14370547 0.20000000
      vertex -3.73024676 -12.29973750 0.20000000
      vertex -3.66060641 -12.43465157 0.20000000
    endloop
  endfacet
  facet normal 0.00000000 -0.00000000 -1.00000000
    outer loop
      vertex -3.40565668 -12.14370547 0.00000000
      vertex -3.34574823 -12.25976597 0.00000000
      vertex -3.66060641 -12.43465157 0.00000000
    endloop
  endfacet
  facet normal 0.00000000 0.00000000 -1.00000000
    outer loop
      vertex -3.40565668 -12.14370547 0.00000000
      vertex -3.66060641 -12.43465157 0.00000000
      vertex -3.73024676 -12.29973750 0.00000000
    endloop
  endfacet
  facet normal -0.88860111 -0.45868079 0.00000000
    outer loop
      vertex -3.40565668 -12.14370547 0.20000000
      vertex -3.34574823 -12.25976597 0.00000000
      vertex -3.34574823 -12.25976597 0.20000000
    endloop
  endfacet
  facet normal -0.88860111 -0.45868079 -0.00000000
    outer loop
      vertex -3.40565668 -12.14370547 0.20000000
      vertex -3.40565668 -12.14370547 0.00000000
      vertex -3.34574823 -12.25976597 0.00000000
    endloop
  endfacet
  facet normal 0.88860111 0.45868079 0.00000000
    outer loop
      vertex -3.73024676 -12.29973750 0.20000000
      vertex -3.66060641 -12.43465157 0.20000000
      vertex -3.66060641 -12.43465157 0.00000000
    endloop
  endfacet
  facet normal 0.88860111 0.45868079 0.00000000
    outer loop
      vertex -3.73024676 -12.29973750 0.20000000
      vertex -3.66060641 -12.43465157 0.00000000
      vertex -3.73024676 -12.29973750 0.00000000
    endloop
  endfacet
  facet normal 0.00000000 0.00000000 1.00000000
    outer loop
      vertex -3.34574823 -12.25976597 0.20000000
      vertex -3.58492131 -12.56162816 0.20000000
      vertex -3.28169297 -12.36723122 0.20000000
    endloop
  endfacet
  facet normal 0.00000000 0.00000000 1.00000000
    outer loop
      vertex -3.34574823 -12.25976597 0.20000000
      vertex -3.66060641 -12.43465157 0.20000000
      vertex -3.58492131 -12.56162816 0.20000000
    endloop
  endfacet
  facet normal 0.00000000 -0.00000000 -1.00000000
    outer loop
      vertex -3.34574823 -12.25976597 0.00000000
      vertex -3.28169297 -12.36723122 0.00000000
      vertex -3.58492131 -12.56162816 0.00000000
    endloop
  endfacet
  facet normal 0.00000000 0.00000000 -1.00000000
    outer loop
      vertex -3.34574823 -12.25976597 0.00000000
      vertex -3.58492131 -12.56162816 0.00000000
      vertex -3.66060641 -12.43465157 0.00000000
    endloop
  endfacet
  facet normal -0.85898411 -0.51200224 0.00000000
    outer loop
      vertex -3.34574823 -12.25976597 0.20000000
      vertex -3.28169297 -12.36723122 0.00000000
      vertex -3.28169297 -12.36723122 0.20000000
    endloop
  endfacet
  facet normal -0.85898411 -0.51200224 -0.00000000
    outer loop
      vertex -3.34574823 -12.25976597 0.20000000
      vertex -3.34574823 -12.25976597 0.00000000
      vertex -3.28169297 -12.36723122 0.00000000
    endloop
  endfacet
  facet normal 0.85898411 0.51200224 0.00000000
    outer loop
      vertex -3.66060641 -12.43465157 0.20000000
      vertex -3.58492131 -12.56162816 0.20000000
      vertex -3.58492131 -12.56162816 0.00000000
    endloop
  endfacet
  facet normal 0.85898411 0.51200224 0.00000000
    outer loop
      vertex -3.66060641 -12.43465157 0.20000000
      vertex -3.58492131 -12.56162816 0.00000000
      vertex -3.66060641 -12.43465157 0.00000000
    endloop
  endfacet
  facet normal 0.00000000 0.00000000 1.00000000
    outer loop
      vertex -3.28169297 -12.36723122 0.20000000
      vertex -3.50310350 -12.68054111 0.20000000
      vertex -3.21357887 -12.46622737 0.20000000
    endloop
  endfacet
  facet normal 0.00000000 0.00000000 1.00000000
    outer loop
      vertex -3.28169297 -12.36723122 0.20000000
      vertex -3.58492131 -12.56162816 0.20000000
      vertex -3.50310350 -12.68054111 0.20000000
    endloop
  endfacet
  facet normal 0.00000000 -0.00000000 -1.00000000
    outer loop
      vertex -3.28169297 -12.36723122 0.00000000
      vertex -3.21357887 -12.46622737 0.00000000
      vertex -3.50310350 -12.68054111 0.00000000
    endloop
  endfacet
  facet normal 0.00000000 0.00000000 -1.00000000
    outer loop
      vertex -3.28169297 -12.36723122 0.00000000
      vertex -3.50310350 -12.68054111 0.00000000
      vertex -3.58492131 -12.56162816 0.00000000
    endloop
  endfacet
  facet normal -0.82383113 -0.56683531 0.00000000
    outer loop
      vertex -3.28169297 -12.36723122 0.20000000
      vertex -3.21357887 -12.46622737 0.00000000
      vertex -3.21357887 -12.46622737 0.20000000
    endloop
  endfacet
  facet normal -0.82383113 -0.56683531 -0.00000000
    outer loop
      vertex -3.28169297 -12.36723122 0.20000000
      vertex -3.28169297 -12.36723122 0.00000000
      vertex -3.21357887 -12.46622737 0.00000000
    endloop
  endfacet
  facet normal 0.82383113 0.56683531 0.00000000
    outer loop
      vertex -3.58492131 -12.56162816 0.20000000
      vertex -3.50310350 -12.68054111 0.20000000
      vertex -3.50310350 -12.68054111 0.00000000
    endloop
  endfacet
  facet normal 0.82383113 0.56683531 0.00000000
    outer loop
      vertex -3.58492131 -12.56162816 0.20000000
      vertex -3.50310350 -12.68054111 0.00000000
      vertex -3.58492131 -12.56162816 0.00000000
    endloop
  endfacet
  facet normal 0.00000000 0.00000000 1.00000000
    outer loop
      vertex -3.21357887 -12.46622737 0.20000000
      vertex -3.41509265 -12.79122637 0.20000000
      vertex -3.14146627 -12.55691848 0.20000000
    endloop
  endfacet
  facet normal 0.00000000 0.00000000 1.00000000
    outer loop
      vertex -3.21357887 -12.46622737 0.20000000
      vertex -3.50310350 -12.68054111 0.20000000
      vertex -3.41509265 -12.79122637 0.20000000
    endloop
  endfacet
  facet normal 0.00000000 -0.00000000 -1.00000000
    outer loop
      vertex -3.21357887 -12.46622737 0.00000000
      vertex -3.14146627 -12.55691848 0.00000000
      vertex -3.41509265 -12.79122637 0.00000000
    endloop
  endfacet
  facet normal 0.00000000 0.00000000 -1.00000000
    outer loop
      vertex -3.21357887 -12.46622737 0.00000000
      vertex -3.41509265 -12.79122637 0.00000000
      vertex -3.50310350 -12.68054111 0.00000000
    endloop
  endfacet
  facet normal -0.78271900 -0.62237526 0.00000000
    outer loop
      vertex -3.21357887 -12.46622737 0.20000000
      vertex -3.14146627 -12.55691848 0.00000000
      vertex -3.14146627 -12.55691848 0.20000000
    endloop
  endfacet
  facet normal -0.78271900 -0.62237526 -0.00000000
    outer loop
      vertex -3.21357887 -12.46622737 0.20000000
      vertex -3.21357887 -12.46622737 0.00000000
      vertex -3.14146627 -12.55691848 0.00000000
    endloop
  endfacet
  facet normal 0.78271900 0.62237526 0.00000000
    outer loop
      vertex -3.50310350 -12.68054111 0.20000000
      vertex -3.41509265 -12.79122637 0.20000000
      vertex -3.41509265 -12.79122637 0.00000000
    endloop
  endfacet
  facet normal 0.78271900 0.62237526 0.00000000
    outer loop
      vertex -3.50310350 -12.68054111 0.20000000
      vertex -3.41509265 -12.79122637 0.00000000
      vertex -3.50310350 -12.68054111 0.00000000
    endloop
  endfacet
  facet normal 0.00000000 0.00000000 1.00000000
    outer loop
      vertex -3.14146627 -12.55691848 0.20000000
      vertex -3.32087020 -12.89348642 0.20000000
      vertex -3.06537371 -12.63950208 0.20000000
    endloop
  endfacet
  facet normal 0.00000000 0.00000000 1.00000000
    outer loop
      vertex -3.14146627 -12.55691848 0.20000000
      vertex -3.41509265 -12.79122637 0.20000000
      vertex -3.32087020 -12.89348642 0.20000000
    endloop
  endfacet
  facet normal 0.00000000 -0.00000000 -1.00000000
    outer loop
      vertex -3.14146627 -12.55691848 0.00000000
      vertex -3.06537371 -12.63950208 0.00000000
      vertex -3.32087020 -12.89348642 0.00000000
    endloop
  endfacet
  facet normal 0.00000000 0.00000000 -1.00000000
    outer loop
      vertex -3.14146627 -12.55691848 0.00000000
      vertex -3.32087020 -12.89348642 0.00000000
      vertex -3.41509265 -12.79122637 0.00000000
    endloop
  endfacet
  facet normal -0.73541764 -0.67761412 0.00000000
    outer loop
      vertex -3.14146627 -12.55691848 0.20000000
      vertex -3.06537371 -12.63950208 0.00000000
      vertex -3.06537371 -12.63950208 0.20000000
    endloop
  endfacet
  facet normal -0.73541764 -0.67761412 -0.00000000
    outer loop
      vertex -3.14146627 -12.55691848 0.20000000
      vertex -3.14146627 -12.55691848 0.00000000
      vertex -3.06537371 -12.63950208 0.00000000
    endloop
  endfacet
  facet normal 0.73541764 0.67761412 0.00000000
    outer loop
      vertex -3.41509265 -12.79122637 0.20000000
      vertex -3.32087020 -12.89348642 0.20000000
      vertex -3.32087020 -12.89348642 0.00000000
    endloop
  endfacet
  facet normal 0.73541764 0.67761412 0.00000000
    outer loop
      vertex -3.41509265 -12.79122637 0.20000000
      vertex -3.32087020 -12.89348642 0.00000000
      vertex -3.41509265 -12.79122637 0.00000000
    endloop
  endfacet
  facet normal 0.00000000 0.00000000 1.00000000
    outer loop
      vertex -3.06537371 -12.63950208 0.20000000
      vertex -3.22047218 -12.98710119 0.20000000
      vertex -2.98526516 -12.71419821 0.20000000
    endloop
  endfacet
  facet normal 0.00000000 0.00000000 1.00000000
    outer loop
      vertex -3.06537371 -12.63950208 0.20000000
      vertex -3.32087020 -12.89348642 0.20000000
      vertex -3.22047218 -12.98710119 0.20000000
    endloop
  endfacet
  facet normal 0.00000000 -0.00000000 -1.00000000
    outer loop
      vertex -3.06537371 -12.63950208 0.00000000
      vertex -2.98526516 -12.71419821 0.00000000
      vertex -3.22047218 -12.98710119 0.00000000
    endloop
  endfacet
  facet normal 0.00000000 0.00000000 -1.00000000
    outer loop
      vertex -3.06537371 -12.63950208 0.00000000
      vertex -3.22047218 -12.98710119 0.00000000
      vertex -3.32087020 -12.89348642 0.00000000
    endloop
  endfacet
  facet normal -0.68196763 -0.73138236 0.00000000
    outer loop
      vertex -3.06537371 -12.63950208 0.20000000
      vertex -2.98526516 -12.71419821 0.00000000
      vertex -2.98526516 -12.71419821 0.20000000
    endloop
  endfacet
  facet normal -0.68196763 -0.73138236 -0.00000000
    outer loop
      vertex -3.06537371 -12.63950208 0.20000000
      vertex -3.06537371 -12.63950208 0.00000000
      vertex -2.98526516 -12.71419821 0.00000000
    endloop
  endfacet
  facet normal 0.68196763 0.73138236 0.00000000
    outer loop
      vertex -3.32087020 -12.89348642 0.20000000
      vertex -3.22047218 -12.98710119 0.20000000
      vertex -3.22047218 -12.98710119 0.00000000
    endloop
  endfacet
  facet normal 0.68196763 0.73138236 0.00000000
    outer loop
      vertex -3.32087020 -12.89348642 0.20000000
      vertex -3.22047218 -12.98710119 0.00000000
      vertex -3.32087020 -12.89348642 0.00000000
    endloop
  endfacet
  facet normal 0.00000000 0.00000000 1.00000000
    outer loop
      vertex -2.98526516 -12.71419821 0.20000000
      vertex -3.11399719 -13.07184550 0.20000000
      vertex -2.90104204 -12.78123208 0.20000000
    endloop
  endfacet
  facet normal 0.00000000 0.00000000 1.00000000
    outer loop
      vertex -2.98526516 -12.71419821 0.20000000
      vertex -3.22047218 -12.98710119 0.20000000
      vertex -3.11399719 -13.07184550 0.20000000
    endloop
  endfacet
  facet normal 0.00000000 -0.00000000 -1.00000000
    outer loop
      vertex -2.98526516 -12.71419821 0.00000000
      vertex -2.90104204 -12.78123208 0.00000000
      vertex -3.11399719 -13.07184550 0.00000000
    endloop
  endfacet
  facet normal 0.00000000 0.00000000 -1.00000000
    outer loop
      vertex -2.98526516 -12.71419821 0.00000000
      vertex -3.11399719 -13.07184550 0.00000000
      vertex -3.22047218 -12.98710119 0.00000000
    endloop
  endfacet
  facet normal -0.62274091 -0.78242812 0.00000000
    outer loop
      vertex -2.98526516 -12.71419821 0.20000000
      vertex -2.90104204 -12.78123208 0.00000000
      vertex -2.90104204 -12.78123208 0.20000000
    endloop
  endfacet
  facet normal -0.62274091 -0.78242812 -0.00000000
    outer loop
      vertex -2.98526516 -12.71419821 0.20000000
      vertex -2.98526516 -12.71419821 0.00000000
      vertex -2.90104204 -12.78123208 0.00000000
    endloop
  endfacet
  facet normal 0.62274091 0.78242812 0.00000000
    outer loop
      vertex -3.22047218 -12.98710119 0.20000000
      vertex -3.11399719 -13.07184550 0.20000000
      vertex -3.11399719 -13.07184550 0.00000000
    endloop
  endfacet
  facet normal 0.62274091 0.78242812 0.00000000
    outer loop
      vertex -3.22047218 -12.98710119 0.20000000
      vertex -3.11399719 -13.07184550 0.00000000
      vertex -3.22047218 -12.98710119 0.00000000
    endloop
  endfacet
  facet normal 0.00000000 0.00000000 1.00000000
    outer loop
      vertex -2.90104204 -12.78123208 0.20000000
      vertex -3.00160638 -13.14751065 0.20000000
      vertex -2.81254319 -12.84081238 0.20000000
    endloop
  endfacet
  facet normal 0.00000000 0.00000000 1.00000000
    outer loop
      vertex -2.90104204 -12.78123208 0.20000000
      vertex -3.11399719 -13.07184550 0.20000000
      vertex -3.00160638 -13.14751065 0.20000000
    endloop
  endfacet
  facet normal 0.00000000 -0.00000000 -1.00000000
    outer loop
      vertex -2.90104204 -12.78123208 0.00000000
      vertex -2.81254319 -12.84081238 0.00000000
      vertex -3.00160638 -13.14751065 0.00000000
    endloop
  endfacet
  facet normal 0.00000000 0.00000000 -1.00000000
    outer loop
      vertex -2.90104204 -12.78123208 0.00000000
      vertex -3.00160638 -13.14751065 0.00000000
      vertex -3.11399719 -13.07184550 0.00000000
    endloop
  endfacet
  facet normal -0.55846517 -0.82952797 0.00000000
    outer loop
      vertex -2.90104204 -12.78123208 0.20000000
      vertex -2.81254319 -12.84081238 0.00000000
      vertex -2.81254319 -12.84081238 0.20000000
    endloop
  endfacet
  facet normal -0.55846517 -0.82952797 -0.00000000
    outer loop
      vertex -2.90104204 -12.78123208 0.20000000
      vertex -2.90104204 -12.78123208 0.00000000
      vertex -2.81254319 -12.84081238 0.00000000
    endloop
  endfacet
  facet normal 0.55846517 0.82952797 0.00000000
    outer loop
      vertex -3.11399719 -13.07184550 0.20000000
      vertex -3.00160638 -13.14751065 0.20000000
      vertex -3.00160638 -13.14751065 0.00000000
    endloop
  endfacet
  facet normal 0.55846517 0.82952797 0.00000000
    outer loop
      vertex -3.11399719 -13.07184550 0.20000000
      vertex -3.00160638 -13.14751065 0.00000000
      vertex -3.11399719 -13.07184550 0.00000000
    endloop
  endfacet
  facet normal 0.00000000 0.00000000 1.00000000
    outer loop
      vertex -2.81254319 -12.84081238 0.20000000
      vertex -2.88351375 -13.21392630 0.20000000
      vertex -2.71955461 -12.89310944 0.20000000
    endloop
  endfacet
  facet normal 0.00000000 0.00000000 1.00000000
    outer loop
      vertex -2.81254319 -12.84081238 0.20000000
      vertex -3.00160638 -13.14751065 0.20000000
      vertex -2.88351375 -13.21392630 0.20000000
    endloop
  endfacet
  facet normal 0.00000000 -0.00000000 -1.00000000
    outer loop
      vertex -2.81254319 -12.84081238 0.00000000
      vertex -2.71955461 -12.89310944 0.00000000
      vertex -2.88351375 -13.21392630 0.00000000
    endloop
  endfacet
  facet normal 0.00000000 0.00000000 -1.00000000
    outer loop
      vertex -2.81254319 -12.84081238 0.00000000
      vertex -2.88351375 -13.21392630 0.00000000
      vertex -3.00160638 -13.14751065 0.00000000
    endloop
  endfacet
  facet normal -0.49019704 -0.87161165 0.00000000
    outer loop
      vertex -2.81254319 -12.84081238 0.20000000
      vertex -2.71955461 -12.89310944 0.00000000
      vertex -2.71955461 -12.89310944 0.20000000
    endloop
  endfacet
  facet normal -0.49019704 -0.87161165 -0.00000000
    outer loop
      vertex -2.81254319 -12.84081238 0.20000000
      vertex -2.81254319 -12.84081238 0.00000000
      vertex -2.71955461 -12.89310944 0.00000000
    endloop
  endfacet
  facet normal 0.49019704 0.87161165 0.00000000
    outer loop
      vertex -3.00160638 -13.14751065 0.20000000
      vertex -2.88351375 -13.21392630 0.20000000
      vertex -2.88351375 -13.21392630 0.00000000
    endloop
  endfacet
  facet normal 0.49019704 0.87161165 0.00000000
    outer loop
      vertex -3.00160638 -13.14751065 0.20000000
      vertex -2.88351375 -13.21392630 0.00000000
      vertex -3.00160638 -13.14751065 0.00000000
    endloop
  endfacet
  facet normal 0.00000000 0.00000000 1.00000000
    outer loop
      vertex -2.71955461 -12.89310944 0.20000000
      vertex -2.75996761 -13.27097780 0.20000000
      vertex -2.62182798 -12.93823793 0.20000000
    endloop
  endfacet
  facet normal 0.00000000 0.00000000 1.00000000
    outer loop
      vertex -2.71955461 -12.89310944 0.20000000
      vertex -2.88351375 -13.21392630 0.20000000
      vertex -2.75996761 -13.27097780 0.20000000
    endloop
  endfacet
  facet normal 0.00000000 -0.00000000 -1.00000000
    outer loop
      vertex -2.71955461 -12.89310944 0.00000000
      vertex -2.62182798 -12.93823793 0.00000000
      vertex -2.75996761 -13.27097780 0.00000000
    endloop
  endfacet
  facet normal 0.00000000 0.00000000 -1.00000000
    outer loop
      vertex -2.71955461 -12.89310944 0.00000000
      vertex -2.75996761 -13.27097780 0.00000000
      vertex -2.88351375 -13.21392630 0.00000000
    endloop
  endfacet
  facet normal -0.41924113 -0.90787492 0.00000000
    outer loop
      vertex -2.71955461 -12.89310944 0.20000000
      vertex -2.62182798 -12.93823793 0.00000000
      vertex -2.62182798 -12.93823793 0.20000000
    endloop
  endfacet
  facet normal -0.41924113 -0.90787492 -0.00000000
    outer loop
      vertex -2.71955461 -12.89310944 0.20000000
      vertex -2.71955461 -12.89310944 0.00000000
      vertex -2.62182798 -12.93823793 0.00000000
    endloop
  endfacet
  facet normal 0.41924113 0.90787492 0.00000000
    outer loop
      vertex -2.88351375 -13.21392630 0.20000000
      vertex -2.75996761 -13.27097780 0.20000000
      vertex -2.75996761 -13.27097780 0.00000000
    endloop
  endfacet
  facet normal 0.41924113 0.90787492 0.00000000
    outer loop
      vertex -2.88351375 -13.21392630 0.20000000
      vertex -2.75996761 -13.27097780 0.00000000
      vertex -2.88351375 -13.21392630 0.00000000
    endloop
  endfacet
  facet normal 0.00000000 0.00000000 1.00000000
    outer loop
      vertex -2.62182798 -12.93823793 0.20000000
      vertex -2.63122682 -13.31861493 0.20000000
      vertex -2.51910446 -12.97624805 0.20000000
    endloop
  endfacet
  facet normal 0.00000000 0.00000000 1.00000000
    outer loop
      vertex -2.62182798 -12.93823793 0.20000000
      vertex -2.75996761 -13.27097780 0.20000000
      vertex -2.63122682 -13.31861493 0.20000000
    endloop
  endfacet
  facet normal 0.00000000 -0.00000000 -1.00000000
    outer loop
      vertex -2.62182798 -12.93823793 0.00000000
      vertex -2.51910446 -12.97624805 0.00000000
      vertex -2.63122682 -13.31861493 0.00000000
    endloop
  endfacet
  facet normal 0.00000000 0.00000000 -1.00000000
    outer loop
      vertex -2.62182798 -12.93823793 0.00000000
      vertex -2.63122682 -13.31861493 0.00000000
      vertex -2.75996761 -13.27097780 0.00000000
    endloop
  endfacet
  facet normal -0.34702832 -0.93785465 0.00000000
    outer loop
      vertex -2.62182798 -12.93823793 0.20000000
      vertex -2.51910446 -12.97624805 0.00000000
      vertex -2.51910446 -12.97624805 0.20000000
    endloop
  endfacet
  facet normal -0.34702832 -0.93785465 -0.00000000
    outer loop
      vertex -2.62182798 -12.93823793 0.20000000
      vertex -2.62182798 -12.93823793 0.00000000
      vertex -2.51910446 -12.97624805 0.00000000
    endloop
  endfacet
  facet normal 0.34702832 0.93785465 0.00000000
    outer loop
      vertex -2.75996761 -13.27097780 0.20000000
      vertex -2.63122682 -13.31861493 0.20000000
      vertex -2.63122682 -13.31861493 0.00000000
    endloop
  endfacet
  facet normal 0.34702832 0.93785465 0.00000000
    outer loop
      vertex -2.75996761 -13.27097780 0.20000000
      vertex -2.63122682 -13.31861493 0.00000000
      vertex -2.75996761 -13.27097780 0.00000000
    endloop
  endfacet
  facet normal 0.00000000 0.00000000 1.00000000
    outer loop
      vertex -2.51910446 -12.97624805 0.20000000
      vertex -2.49753686 -13.35685078 0.20000000
      vertex -2.41113856 -13.00712672 0.20000000
    endloop
  endfacet
  facet normal 0.00000000 0.00000000 1.00000000
    outer loop
      vertex -2.51910446 -12.97624805 0.20000000
      vertex -2.63122682 -13.31861493 0.20000000
      vertex -2.49753686 -13.35685078 0.20000000
    endloop
  endfacet
  facet normal 0.00000000 0.00000000 -1.00000000
    outer loop
      vertex -2.51910446 -12.97624805 0.00000000
      vertex -2.41113856 -13.00712672 0.00000000
      vertex -2.49753686 -13.35685078 0.00000000
    endloop
  endfacet
  facet normal 0.00000000 -0.00000000 -1.00000000
    outer loop
      vertex -2.51910446 -12.97624805 0.00000000
      vertex -2.49753686 -13.35685078 0.00000000
      vertex -2.63122682 -13.31861493 0.00000000
    endloop
  endfacet
  facet normal -0.27497855 -0.96145036 0.00000000
    outer loop
      vertex -2.51910446 -12.97624805 0.20000000
      vertex -2.41113856 -13.00712672 0.00000000
      vertex -2.41113856 -13.00712672 0.20000000
    endloop
  endfacet
  facet normal -0.27497855 -0.96145036 -0.00000000
    outer loop
      vertex -2.51910446 -12.97624805 0.20000000
      vertex -2.51910446 -12.97624805 0.00000000
      vertex -2.41113856 -13.00712672 0.00000000
    endloop
  endfacet
  facet normal 0.27497855 0.96145036 0.00000000
    outer loop
      vertex -2.63122682 -13.31861493 0.20000000
      vertex -2.49753686 -13.35685078 0.20000000
      vertex -2.49753686 -13.35685078 0.00000000
    endloop
  endfacet
  facet normal 0.27497855 0.96145036 0.00000000
    outer loop
      vertex -2.63122682 -13.31861493 0.20000000
      vertex -2.49753686 -13.35685078 0.00000000
      vertex -2.63122682 -13.31861493 0.00000000
    endloop
  endfacet
  facet normal 0.00000000 0.00000000 1.00000000
    outer loop
      vertex -2.41113856 -13.00712672 0.20000000
      vertex -2.35911050 -13.38575203 0.20000000
      vertex -2.29771750 -13.03080726 0.20000000
    endloop
  endfacet
  facet normal 0.00000000 0.00000000 1.00000000
    outer loop
      vertex -2.41113856 -13.00712672 0.20000000
      vertex -2.49753686 -13.35685078 0.20000000
      vertex -2.35911050 -13.38575203 0.20000000
    endloop
  endfacet
  facet normal 0.00000000 0.00000000 -1.00000000
    outer loop
      vertex -2.41113856 -13.00712672 0.00000000
      vertex -2.29771750 -13.03080726 0.00000000
      vertex -2.35911050 -13.38575203 0.00000000
    endloop
  endfacet
  facet normal 0.00000000 -0.00000000 -1.00000000
    outer loop
      vertex -2.41113856 -13.00712672 0.00000000
      vertex -2.35911050 -13.38575203 0.00000000
      vertex -2.49753686 -13.35685078 0.00000000
    endloop
  endfacet
  facet normal -0.20437733 -0.97889218 0.00000000
    outer loop
      vertex -2.41113856 -13.00712672 0.20000000
      vertex -2.29771750 -13.03080726 0.00000000
      vertex -2.29771750 -13.03080726 0.20000000
    endloop
  endfacet
  facet normal -0.20437733 -0.97889218 -0.00000000
    outer loop
      vertex -2.41113856 -13.00712672 0.20000000
      vertex -2.41113856 -13.00712672 0.00000000
      vertex -2.29771750 -13.03080726 0.00000000
    endloop
  endfacet
  facet normal 0.20437733 0.97889218 0.00000000
    outer loop
      vertex -2.49753686 -13.35685078 0.20000000
      vertex -2.35911050 -13.38575203 0.20000000
      vertex -2.35911050 -13.38575203 0.00000000
    endloop
  endfacet
  facet normal 0.20437733 0.97889218 0.00000000
    outer loop
      vertex -2.49753686 -13.35685078 0.20000000
      vertex -2.35911050 -13.38575203 0.00000000
      vertex -2.49753686 -13.35685078 0.00000000
    endloop
  endfacet
  facet normal 0.00000000 0.00000000 1.00000000
    outer loop
      vertex -2.29771750 -13.03080726 0.20000000
      vertex -2.21611589 -13.40542399 0.20000000
      vertex -2.17867314 -13.04718435 0.20000000
    endloop
  endfacet
  facet normal 0.00000000 0.00000000 1.00000000
    outer loop
      vertex -2.29771750 -13.03080726 0.20000000
      vertex -2.35911050 -13.38575203 0.20000000
      vertex -2.21611589 -13.40542399 0.20000000
    endloop
  endfacet
  facet normal 0.00000000 0.00000000 -1.00000000
    outer loop
      vertex -2.29771750 -13.03080726 0.00000000
      vertex -2.17867314 -13.04718435 0.00000000
      vertex -2.21611589 -13.40542399 0.00000000
    endloop
  endfacet
  facet normal 0.00000000 -0.00000000 -1.00000000
    outer loop
      vertex -2.29771750 -13.03080726 0.00000000
      vertex -2.21611589 -13.40542399 0.00000000
      vertex -2.35911050 -13.38575203 0.00000000
    endloop
  endfacet
  facet normal -0.13628772 -0.99066930 0.00000000
    outer loop
      vertex -2.29771750 -13.03080726 0.20000000
      vertex -2.17867314 -13.04718435 0.00000000
      vertex -2.17867314 -13.04718435 0.20000000
    endloop
  endfacet
  facet normal -0.13628772 -0.99066930 -0.00000000
    outer loop
      vertex -2.29771750 -13.03080726 0.20000000
      vertex -2.29771750 -13.03080726 0.00000000
      vertex -2.17867314 -13.04718435 0.00000000
    endloop
  endfacet
  facet normal 0.13628772 0.99066930 0.00000000
    outer loop
      vertex -2.35911050 -13.38575203 0.20000000
      vertex -2.21611589 -13.40542399 0.20000000
      vertex -2.21611589 -13.40542399 0.00000000
    endloop
  endfacet
  facet normal 0.13628772 0.99066930 0.00000000
    outer loop
      vertex -2.35911050 -13.38575203 0.20000000
      vertex -2.21611589 -13.40542399 0.00000000
      vertex -2.35911050 -13.38575203 0.00000000
    endloop
  endfacet
  facet normal 0.00000000 0.00000000 1.00000000
    outer loop
      vertex -2.17867314 -13.04718435 0.20000000
      vertex -2.06867249 -13.41599427 0.20000000
      vertex -2.05388603 -13.05613039 0.20000000
    endloop
  endfacet
  facet normal 0.00000000 0.00000000 1.00000000
    outer loop
      vertex -2.17867314 -13.04718435 0.20000000
      vertex -2.21611589 -13.40542399 0.20000000
      vertex -2.06867249 -13.41599427 0.20000000
    endloop
  endfacet
  facet normal 0.00000000 0.00000000 -1.00000000
    outer loop
      vertex -2.17867314 -13.04718435 0.00000000
      vertex -2.05388603 -13.05613039 0.00000000
      vertex -2.06867249 -13.41599427 0.00000000
    endloop
  endfacet
  facet normal 0.00000000 -0.00000000 -1.00000000
    outer loop
      vertex -2.17867314 -13.04718435 0.00000000
      vertex -2.06867249 -13.41599427 0.00000000
      vertex -2.21611589 -13.40542399 0.00000000
    endloop
  endfacet
  facet normal -0.07150692 -0.99744010 0.00000000
    outer loop
      vertex -2.17867314 -13.04718435 0.20000000
      vertex -2.05388603 -13.05613039 0.00000000
      vertex -2.05388603 -13.05613039 0.20000000
    endloop
  endfacet
  facet normal -0.07150692 -0.99744010 -0.00000000
    outer loop
      vertex -2.17867314 -13.04718435 0.20000000
      vertex -2.17867314 -13.04718435 0.00000000
      vertex -2.05388603 -13.05613039 0.00000000
    endloop
  endfacet
  facet normal 0.07150692 0.99744010 0.00000000
    outer loop
      vertex -2.21611589 -13.40542399 0.20000000
      vertex -2.06867249 -13.41599427 0.20000000
      vertex -2.06867249 -13.41599427 0.00000000
    endloop
  endfacet
  facet normal 0.07150692 0.99744010 0.00000000
    outer loop
      vertex -2.21611589 -13.40542399 0.20000000
      vertex -2.06867249 -13.41599427 0.00000000
      vertex -2.21611589 -13.40542399 0.00000000
    endloop
  endfacet
  facet normal 0.00000000 0.00000000 1.00000000
    outer loop
      vertex -2.05388603 -13.05613039 0.20000000
      vertex -1.91685348 -13.41759814 0.20000000
      vertex -1.92328297 -13.05751012 0.20000000
    endloop
  endfacet
  facet normal 0.00000000 0.00000000 1.00000000
    outer loop
      vertex -2.05388603 -13.05613039 0.20000000
      vertex -2.06867249 -13.41599427 0.20000000
      vertex -1.91685348 -13.41759814 0.20000000
    endloop
  endfacet
  facet normal 0.00000000 0.00000000 -1.00000000
    outer loop
      vertex -2.05388603 -13.05613039 0.00000000
      vertex -1.92328297 -13.05751012 0.00000000
      vertex -1.91685348 -13.41759814 0.00000000
    endloop
  endfacet
  facet normal 0.00000000 -0.00000000 -1.00000000
    outer loop
      vertex -2.05388603 -13.05613039 0.00000000
      vertex -1.91685348 -13.41759814 0.00000000
      vertex -2.06867249 -13.41599427 0.00000000
    endloop
  endfacet
  facet normal -0.01056372 -0.99994420 0.00000000
    outer loop
      vertex -2.05388603 -13.05613039 0.20000000
      vertex -1.92328297 -13.05751012 0.00000000
      vertex -1.92328297 -13.05751012 0.20000000
    endloop
  endfacet
  facet normal -0.01056372 -0.99994420 -0.00000000
    outer loop
      vertex -2.05388603 -13.05613039 0.20000000
      vertex -2.05388603 -13.05613039 0.00000000
      vertex -1.92328297 -13.05751012 0.00000000
    endloop
  endfacet
  facet normal 0.01056372 0.99994420 0.00000000
    outer loop
      vertex -2.06867249 -13.41599427 0.20000000
      vertex -1.91685348 -13.41759814 0.20000000
      vertex -1.91685348 -13.41759814 0.00000000
    endloop
  endfacet
  facet normal 0.01056372 0.99994420 0.00000000
    outer loop
      vertex -2.06867249 -13.41599427 0.20000000
      vertex -1.91685348 -13.41759814 0.00000000
      vertex -2.06867249 -13.41599427 0.00000000
    endloop
  endfacet
  facet normal -0.00000000 0.00000000 1.00000000
    outer loop
      vertex -1.92328297 -13.05751012 0.20000000
      vertex -1.76069228 -13.41036727 0.20000000
      vertex -1.78683055 -13.05119185 0.20000000
    endloop
  endfacet
  facet normal 0.00000000 0.00000000 1.00000000
    outer loop
      vertex -1.92328297 -13.05751012 0.20000000
      vertex -1.91685348 -13.41759814 0.20000000
      vertex -1.76069228 -13.41036727 0.20000000
    endloop
  endfacet
  facet normal 0.00000000 0.00000000 -1.00000000
    outer loop
      vertex -1.92328297 -13.05751012 0.00000000
      vertex -1.78683055 -13.05119185 0.00000000
      vertex -1.76069228 -13.41036727 0.00000000
    endloop
  endfacet
  facet normal 0.00000000 0.00000000 -1.00000000
    outer loop
      vertex -1.92328297 -13.05751012 0.00000000
      vertex -1.76069228 -13.41036727 0.00000000
      vertex -1.91685348 -13.41759814 0.00000000
    endloop
  endfacet
  facet normal 0.04625429 -0.99892970 0.00000000
    outer loop
      vertex -1.92328297 -13.05751012 0.20000000
      vertex -1.78683055 -13.05119185 0.00000000
      vertex -1.78683055 -13.05119185 0.20000000
    endloop
  endfacet
  facet normal 0.04625429 -0.99892970 0.00000000
    outer loop
      vertex -1.92328297 -13.05751012 0.20000000
      vertex -1.92328297 -13.05751012 0.00000000
      vertex -1.78683055 -13.05119185 0.00000000
    endloop
  endfacet
  facet normal -0.04625429 0.99892970 0.00000000
    outer loop
      vertex -1.91685348 -13.41759814 0.20000000
      vertex -1.76069228 -13.41036727 0.20000000
      vertex -1.76069228 -13.41036727 0.00000000
    endloop
  endfacet
  facet normal -0.04625429 0.99892970 0.00000000
    outer loop
      vertex -1.91685348 -13.41759814 0.20000000
      vertex -1.76069228 -13.41036727 0.00000000
      vertex -1.91685348 -13.41759814 0.00000000
    endloop
  endfacet
  facet normal -0.00000000 0.00000000 1.00000000
    outer loop
      vertex -1.78683055 -13.05119185 0.20000000
      vertex -1.60019098 -13.39442243 0.20000000
      vertex -1.64452668 -13.03705482 0.20000000
    endloop
  endfacet
  facet normal 0.00000000 0.00000000 1.00000000
    outer loop
      vertex -1.78683055 -13.05119185 0.20000000
      vertex -1.76069228 -13.41036727 0.20000000
      vertex -1.60019098 -13.39442243 0.20000000
    endloop
  endfacet
  facet normal 0.00000000 0.00000000 -1.00000000
    outer loop
      vertex -1.78683055 -13.05119185 0.00000000
      vertex -1.64452668 -13.03705482 0.00000000
      vertex -1.60019098 -13.39442243 0.00000000
    endloop
  endfacet
  facet normal 0.00000000 0.00000000 -1.00000000
    outer loop
      vertex -1.78683055 -13.05119185 0.00000000
      vertex -1.60019098 -13.39442243 0.00000000
      vertex -1.76069228 -13.41036727 0.00000000
    endloop
  endfacet
  facet normal 0.09885735 -0.99510161 0.00000000
    outer loop
      vertex -1.78683055 -13.05119185 0.20000000
      vertex -1.64452668 -13.03705482 0.00000000
      vertex -1.64452668 -13.03705482 0.20000000
    endloop
  endfacet
  facet normal 0.09885735 -0.99510161 0.00000000
    outer loop
      vertex -1.78683055 -13.05119185 0.20000000
      vertex -1.78683055 -13.05119185 0.00000000
      vertex -1.64452668 -13.03705482 0.00000000
    endloop
  endfacet
  facet normal -0.09885735 0.99510161 0.00000000
    outer loop
      vertex -1.76069228 -13.41036727 0.20000000
      vertex -1.60019098 -13.39442243 0.20000000
      vertex -1.60019098 -13.39442243 0.00000000
    endloop
  endfacet
  facet normal -0.09885735 0.99510161 0.00000000
    outer loop
      vertex -1.76069228 -13.41036727 0.20000000
      vertex -1.60019098 -13.39442243 0.00000000
      vertex -1.76069228 -13.41036727 0.00000000
    endloop
  endfacet
  facet normal -0.00000000 0.00000000 1.00000000
    outer loop
      vertex -1.64452668 -13.03705482 0.20000000
      vertex -1.43532883 -13.36986951 0.20000000
      vertex -1.49639211 -13.01499314 0.20000000
    endloop
  endfacet
  facet normal 0.00000000 0.00000000 1.00000000
    outer loop
      vertex -1.64452668 -13.03705482 0.20000000
      vertex -1.60019098 -13.39442243 0.20000000
      vertex -1.43532883 -13.36986951 0.20000000
    endloop
  endfacet
  facet normal 0.00000000 0.00000000 -1.00000000
    outer loop
      vertex -1.64452668 -13.03705482 0.00000000
      vertex -1.49639211 -13.01499314 0.00000000
      vertex -1.43532883 -13.36986951 0.00000000
    endloop
  endfacet
  facet normal 0.00000000 0.00000000 -1.00000000
    outer loop
      vertex -1.64452668 -13.03705482 0.00000000
      vertex -1.43532883 -13.36986951 0.00000000
      vertex -1.60019098 -13.39442243 0.00000000
    endloop
  endfacet
  facet normal 0.14730533 -0.98909107 0.00000000
    outer loop
      vertex -1.64452668 -13.03705482 0.20000000
      vertex -1.49639211 -13.01499314 0.00000000
      vertex -1.49639211 -13.01499314 0.20000000
    endloop
  endfacet
  facet normal 0.14730533 -0.98909107 0.00000000
    outer loop
      vertex -1.64452668 -13.03705482 0.20000000
      vertex -1.64452668 -13.03705482 0.00000000
      vertex -1.49639211 -13.01499314 0.00000000
    endloop
  endfacet
  facet normal -0.14730533 0.98909107 0.00000000
    outer loop
      vertex -1.60019098 -13.39442243 0.20000000
      vertex -1.43532883 -13.36986951 0.20000000
      vertex -1.43532883 -13.36986951 0.00000000
    endloop
  endfacet
  facet normal -0.14730533 0.98909107 0.00000000
    outer loop
      vertex -1.60019098 -13.39442243 0.20000000
      vertex -1.43532883 -13.36986951 0.00000000
      vertex -1.60019098 -13.39442243 0.00000000
    endloop
  endfacet
  facet normal -0.00000000 0.00000000 1.00000000
    outer loop
      vertex -1.49639211 -13.01499314 0.20000000
      vertex -1.26606979 -13.33679821 0.20000000
      vertex -1.34246288 -12.98491711 0.20000000
    endloop
  endfacet
  facet normal 0.00000000 0.00000000 1.00000000
    outer loop
      vertex -1.49639211 -13.01499314 0.20000000
      vertex -1.43532883 -13.36986951 0.20000000
      vertex -1.26606979 -13.33679821 0.20000000
    endloop
  endfacet
  facet normal 0.00000000 0.00000000 -1.00000000
    outer loop
      vertex -1.49639211 -13.01499314 0.00000000
      vertex -1.34246288 -12.98491711 0.00000000
      vertex -1.26606979 -13.33679821 0.00000000
    endloop
  endfacet
  facet normal 0.00000000 0.00000000 -1.00000000
    outer loop
      vertex -1.49639211 -13.01499314 0.00000000
      vertex -1.26606979 -13.33679821 0.00000000
      vertex -1.43532883 -13.36986951 0.00000000
    endloop
  endfacet
  facet normal 0.19176254 -0.98144135 0.00000000
    outer loop
      vertex -1.49639211 -13.01499314 0.20000000
      vertex -1.34246288 -12.98491711 0.00000000
      vertex -1.34246288 -12.98491711 0.20000000
    endloop
  endfacet
  facet normal 0.19176254 -0.98144135 0.00000000
    outer loop
      vertex -1.49639211 -13.01499314 0.20000000
      vertex -1.49639211 -13.01499314 0.00000000
      vertex -1.34246288 -12.98491711 0.00000000
    endloop
  endfacet
  facet normal -0.19176254 0.98144135 0.00000000
    outer loop
      vertex -1.43532883 -13.36986951 0.20000000
      vertex -1.26606979 -13.33679821 0.20000000
      vertex -1.26606979 -13.33679821 0.00000000
    endloop
  endfacet
  facet normal -0.19176254 0.98144135 0.00000000
    outer loop
      vertex -1.43532883 -13.36986951 0.20000000
      vertex -1.26606979 -13.33679821 0.00000000
      vertex -1.43532883 -13.36986951 0.00000000
    endloop
  endfacet
  facet normal -0.00000000 0.00000000 1.00000000
    outer loop
      vertex -1.34246288 -12.98491711 0.20000000
      vertex -1.09236868 -13.29528245 0.20000000
      vertex -1.18278417 -12.94675280 0.20000000
    endloop
  endfacet
  facet normal 0.00000000 0.00000000 1.00000000
    outer loop
      vertex -1.34246288 -12.98491711 0.20000000
      vertex -1.26606979 -13.33679821 0.20000000
      vertex -1.09236868 -13.29528245 0.20000000
    endloop
  endfacet
  facet normal 0.00000000 0.00000000 -1.00000000
    outer loop
      vertex -1.34246288 -12.98491711 0.00000000
      vertex -1.18278417 -12.94675280 0.00000000
      vertex -1.09236868 -13.29528245 0.00000000
    endloop
  endfacet
  facet normal 0.00000000 0.00000000 -1.00000000
    outer loop
      vertex -1.34246288 -12.98491711 0.00000000
      vertex -1.09236868 -13.29528245 0.00000000
      vertex -1.26606979 -13.33679821 0.00000000
    endloop
  endfacet
  facet normal 0.23245952 -0.97260607 0.00000000
    outer loop
      vertex -1.34246288 -12.98491711 0.20000000
      vertex -1.18278417 -12.94675280 0.00000000
      vertex -1.18278417 -12.94675280 0.20000000
    endloop
  endfacet
  facet normal 0.23245952 -0.97260607 0.00000000
    outer loop
      vertex -1.34246288 -12.98491711 0.20000000
      vertex -1.34246288 -12.98491711 0.00000000
      vertex -1.18278417 -12.94675280 0.00000000
    endloop
  endfacet
  facet normal -0.23245952 0.97260607 0.00000000
    outer loop
      vertex -1.26606979 -13.33679821 0.20000000
      vertex -1.09236868 -13.29528245 0.20000000
      vertex -1.09236868 -13.29528245 0.00000000
    endloop
  endfacet
  facet normal -0.23245952 0.97260607 0.00000000
    outer loop
      vertex -1.26606979 -13.33679821 0.20000000
      vertex -1.09236868 -13.29528245 0.00000000
      vertex -1.26606979 -13.33679821 0.00000000
    endloop
  endfacet
  facet normal -0.00000000 0.00000000 1.00000000
    outer loop
      vertex -1.18278417 -12.94675280 0.20000000
      vertex -0.91417584 -13.24538181 0.20000000
      vertex -1.01740563 -12.90044064 0.20000000
    endloop
  endfacet
  facet normal 0.00000000 0.00000000 1.00000000
    outer loop
      vertex -1.18278417 -12.94675280 0.20000000
      vertex -1.09236868 -13.29528245 0.20000000
      vertex -0.91417584 -13.24538181 0.20000000
    endloop
  endfacet
  facet normal 0.00000000 0.00000000 -1.00000000
    outer loop
      vertex -1.18278417 -12.94675280 0.00000000
      vertex -1.01740563 -12.90044064 0.00000000
      vertex -0.91417584 -13.24538181 0.00000000
    endloop
  endfacet
  facet normal 0.00000000 0.00000000 -1.00000000
    outer loop
      vertex -1.18278417 -12.94675280 0.00000000
      vertex -0.91417584 -13.24538181 0.00000000
      vertex -1.09236868 -13.29528245 0.00000000
    endloop
  endfacet
  facet normal 0.26966322 -0.96295470 0.00000000
    outer loop
      vertex -1.18278417 -12.94675280 0.20000000
      vertex -1.01740563 -12.90044064 0.00000000
      vertex -1.01740563 -12.90044064 0.20000000
    endloop
  endfacet
  facet normal 0.26966322 -0.96295470 0.00000000
    outer loop
      vertex -1.18278417 -12.94675280 0.20000000
      vertex -1.18278417 -12.94675280 0.00000000
      vertex -1.01740563 -12.90044064 0.00000000
    endloop
  endfacet
  facet normal -0.26966322 0.96295470 0.00000000
    outer loop
      vertex -1.09236868 -13.29528245 0.20000000
      vertex -0.91417584 -13.24538181 0.20000000
      vertex -0.91417584 -13.24538181 0.00000000
    endloop
  endfacet
  facet normal -0.26966322 0.96295470 0.00000000
    outer loop
      vertex -1.09236868 -13.29528245 0.20000000
      vertex -0.91417584 -13.24538181 0.00000000
      vertex -1.09236868 -13.29528245 0.00000000
    endloop
  endfacet
  facet normal -0.00000000 0.00000000 1.00000000
    outer loop
      vertex -1.01740563 -12.90044064 0.20000000
      vertex -0.73144045 -13.18714338 0.20000000
      vertex -0.84637810 -12.84593355 0.20000000
    endloop
  endfacet
  facet normal 0.00000000 0.00000000 1.00000000
    outer loop
      vertex -1.01740563 -12.90044064 0.20000000
      vertex -0.91417584 -13.24538181 0.20000000
      vertex -0.73144045 -13.18714338 0.20000000
    endloop
  endfacet
  facet normal 0.00000000 0.00000000 -1.00000000
    outer loop
      vertex -1.01740563 -12.90044064 0.00000000
      vertex -0.84637810 -12.84593355 0.00000000
      vertex -0.73144045 -13.18714338 0.00000000
    endloop
  endfacet
  facet normal 0.00000000 0.00000000 -1.00000000
    outer loop
      vertex -1.01740563 -12.90044064 0.00000000
      vertex -0.73144045 -13.18714338 0.00000000
      vertex -0.91417584 -13.24538181 0.00000000
    endloop
  endfacet
  facet normal 0.30365509 -0.95278202 0.00000000
    outer loop
      vertex -1.01740563 -12.90044064 0.20000000
      vertex -0.84637810 -12.84593355 0.00000000
      vertex -0.84637810 -12.84593355 0.20000000
    endloop
  endfacet
  facet normal 0.30365509 -0.95278202 0.00000000
    outer loop
      vertex -1.01740563 -12.90044064 0.20000000
      vertex -1.01740563 -12.90044064 0.00000000
      vertex -0.84637810 -12.84593355 0.00000000
    endloop
  endfacet
  facet normal -0.30365509 0.95278202 0.00000000
    outer loop
      vertex -0.91417584 -13.24538181 0.20000000
      vertex -0.73144045 -13.18714338 0.20000000
      vertex -0.73144045 -13.18714338 0.00000000
    endloop
  endfacet
  facet normal -0.30365509 0.95278202 0.00000000
    outer loop
      vertex -0.91417584 -13.24538181 0.20000000
      vertex -0.73144045 -13.18714338 0.00000000
      vertex -0.91417584 -13.24538181 0.00000000
    endloop
  endfacet
  facet normal -0.00000000 0.00000000 1.00000000
    outer loop
      vertex -0.84637810 -12.84593355 0.20000000
      vertex -0.54537302 -13.12105140 0.20000000
      vertex -0.66849106 -12.78274727 0.20000000
    endloop
  endfacet
  facet normal 0.00000000 0.00000000 1.00000000
    outer loop
      vertex -0.84637810 -12.84593355 0.20000000
      vertex -0.73144045 -13.18714338 0.20000000
      vertex -0.54537302 -13.12105140 0.20000000
    endloop
  endfacet
  facet normal 0.00000000 0.00000000 -1.00000000
    outer loop
      vertex -0.84637810 -12.84593355 0.00000000
      vertex -0.66849106 -12.78274727 0.00000000
      vertex -0.54537302 -13.12105140 0.00000000
    endloop
  endfacet
  facet normal 0.00000000 0.00000000 -1.00000000
    outer loop
      vertex -0.84637810 -12.84593355 0.00000000
      vertex -0.54537302 -13.12105140 0.00000000
      vertex -0.73144045 -13.18714338 0.00000000
    endloop
  endfacet
  facet normal 0.33471595 -0.94231907 0.00000000
    outer loop
      vertex -0.84637810 -12.84593355 0.20000000
      vertex -0.66849106 -12.78274727 0.00000000
      vertex -0.66849106 -12.78274727 0.20000000
    endloop
  endfacet
  facet normal 0.33471595 -0.94231907 0.00000000
    outer loop
      vertex -0.84637810 -12.84593355 0.20000000
      vertex -0.84637810 -12.84593355 0.00000000
      vertex -0.66849106 -12.78274727 0.00000000
    endloop
  endfacet
  facet normal -0.33471595 0.94231907 0.00000000
    outer loop
      vertex -0.73144045 -13.18714338 0.20000000
      vertex -0.54537302 -13.12105140 0.20000000
      vertex -0.54537302 -13.12105140 0.00000000
    endloop
  endfacet
  facet normal -0.33471595 0.94231907 0.00000000
    outer loop
      vertex -0.73144045 -13.18714338 0.20000000
      vertex -0.54537302 -13.12105140 0.00000000
      vertex -0.73144045 -13.18714338 0.00000000
    endloop
  endfacet
  facet normal 0.00000000 0.00000000 1.00000000
    outer loop
      vertex -0.66849106 -12.78274727 0.20000000
      vertex 1.79438568 -12.24902588 0.20000000
      vertex 1.66609102 -11.91265108 0.20000000
    endloop
  endfacet
  facet normal -0.00000000 0.00000000 1.00000000
    outer loop
      vertex -0.66849106 -12.78274727 0.20000000
      vertex -0.54537302 -13.12105140 0.20000000
      vertex 1.79438568 -12.24902588 0.20000000
    endloop
  endfacet
  facet normal 0.00000000 0.00000000 -1.00000000
    outer loop
      vertex -0.66849106 -12.78274727 0.00000000
      vertex 1.66609102 -11.91265108 0.00000000
      vertex 1.79438568 -12.24902588 0.00000000
    endloop
  endfacet
  facet normal 0.00000000 0.00000000 -1.00000000
    outer loop
      vertex -0.66849106 -12.78274727 0.00000000
      vertex 1.79438568 -12.24902588 0.00000000
      vertex -0.54537302 -13.12105140 0.00000000
    endloop
  endfacet
  facet normal 0.34923235 -0.93703616 0.00000000
    outer loop
      vertex -0.66849106 -12.78274727 0.20000000
      vertex 1.66609102 -11.91265108 0.00000000
      vertex 1.66609102 -11.91265108 0.20000000
    endloop
  endfacet
  facet normal 0.34923235 -0.93703616 0.00000000
    outer loop
      vertex -0.66849106 -12.78274727 0.20000000
      vertex -0.66849106 -12.78274727 0.00000000
      vertex 1.66609102 -11.91265108 0.00000000
    endloop
  endfacet
  facet normal -0.34923235 0.93703616 0.00000000
    outer loop
      vertex -0.54537302 -13.12105140 0.20000000
      vertex 1.79438568 -12.24902588 0.20000000
      vertex 1.79438568 -12.24902588 0.00000000
    endloop
  endfacet
  facet normal -0.34923235 0.93703616 0.00000000
    outer loop
      vertex -0.54537302 -13.12105140 0.20000000
      vertex 1.79438568 -12.24902588 0.00000000
      vertex -0.54537302 -13.12105140 0.00000000
    endloop
  endfacet
endsolid curb_side_ring_04
