solid green_island_01
  facet normal 0.00000000 0.00000000 1.00000000
    outer loop
      vertex -14.20212113 10.00027348 0.20000000
      vertex -12.37862022 -4.65751328 0.20000000
      vertex -12.32359142 -5.04901732 0.20000000
    endloop
  endfacet
  facet normal 0.00000000 0.00000000 1.00000000
    outer loop
      vertex -14.20212113 10.00027348 0.20000000
      vertex -12.32359142 -5.04901732 0.20000000
      vertex -12.25800338 -5.42449164 0.20000000
    endloop
  endfacet
  facet normal 0.00000000 0.00000000 1.00000000
    outer loop
      vertex -14.20212113 10.00027348 0.20000000
      vertex -12.25800338 -5.42449164 0.20000000
      vertex -12.18170554 -5.78529954 0.20000000
    endloop
  endfacet
  facet normal 0.00000000 0.00000000 1.00000000
    outer loop
      vertex -14.20212113 10.00027348 0.20000000
      vertex -12.18170554 -5.78529954 0.20000000
      vertex -12.09474453 -6.13143877 0.20000000
    endloop
  endfacet
  facet normal 0.00000000 0.00000000 1.00000000
    outer loop
      vertex -14.20212113 10.00027348 0.20000000
      vertex -12.09474453 -6.13143877 0.20000000
      vertex -11.99717101 -6.46291420 0.20000000
    endloop
  endfacet
  facet normal 0.00000000 0.00000000 1.00000000
    outer loop
      vertex -14.20212113 10.00027348 0.20000000
      vertex -11.99717101 -6.46291420 0.20000000
      vertex -11.88903876 -6.77973977 0.20000000
    endloop
  endfacet
  facet normal 0.00000000 0.00000000 1.00000000
    outer loop
      vertex -14.20212113 10.00027348 0.20000000
      vertex -11.88903876 -6.77973977 0.20000000
      vertex -11.77040316 -7.08194055 0.20000000
    endloop
  endfacet
  facet normal 0.00000000 0.00000000 1.00000000
    outer loop
      vertex -14.20212113 10.00027348 0.20000000
      vertex -11.77040316 -7.08194055 0.20000000
      vertex -11.64131893 -7.36955472 0.20000000
    endloop
  endfacet
  facet normal 0.00000000 0.00000000 1.00000000
    outer loop
      vertex -14.20212113 10.00027348 0.20000000
      vertex -11.64131893 -7.36955472 0.20000000
      vertex -11.50183714 -7.64263524 0.20000000
    endloop
  endfacet
  facet normal 0.00000000 0.00000000 1.00000000
    outer loop
      vertex -14.20212113 10.00027348 0.20000000
      vertex -11.50183714 -7.64263524 0.20000000
      vertex -11.35200144 -7.90125073 0.20000000
    endloop
  endfacet
  facet normal 0.00000000 0.00000000 1.00000000
    outer loop
      vertex -14.20212113 10.00027348 0.20000000
      vertex -11.35200144 -7.90125073 0.20000000
      vertex -11.19184370 -8.14548541 0.20000000
    endloop
  endfacet
  facet normal 0.00000000 0.00000000 1.00000000
    outer loop
      vertex -14.20212113 10.00027348 0.20000000
      vertex -11.19184370 -8.14548541 0.20000000
      vertex -11.02137951 -8.37543747 0.20000000
    endloop
  endfacet
  facet normal 0.00000000 0.00000000 1.00000000
    outer loop
      vertex -14.20212113 10.00027348 0.20000000
      vertex -11.02137951 -8.37543747 0.20000000
      vertex -10.84060397 -8.59121586 0.20000000
    endloop
  endfacet
  facet normal 0.00000000 0.00000000 1.00000000
    outer loop
      vertex -14.20212113 10.00027348 0.20000000
      vertex -10.84060397 -8.59121586 0.20000000
      vertex -10.64948856 -8.79293526 0.20000000
    endloop
  endfacet
  facet normal 0.00000000 0.00000000 1.00000000
    outer loop
      vertex -14.20212113 10.00027348 0.20000000
      vertex -10.64948856 -8.79293526 0.20000000
      vertex -10.44797973 -8.98070985 0.20000000
    endloop
  endfacet
  facet normal 0.00000000 0.00000000 1.00000000
    outer loop
      vertex -14.20212113 10.00027348 0.20000000
      vertex -10.44797973 -8.98070985 0.20000000
      vertex -10.23599968 -9.15464614 0.20000000
    endloop
  endfacet
  facet normal 0.00000000 0.00000000 1.00000000
    outer loop
      vertex -14.20212113 10.00027348 0.20000000
      vertex -10.23599968 -9.15464614 0.20000000
      vertex -10.01344963 -9.31483619 0.20000000
    endloop
  endfacet
  facet normal 0.00000000 0.00000000 1.00000000
    outer loop
      vertex -14.20212113 10.00027348 0.20000000
      vertex -10.01344963 -9.31483619 0.20000000
      vertex -9.78021526 -9.46135182 0.20000000
    endloop
  endfacet
  facet normal 0.00000000 0.00000000 1.00000000
    outer loop
      vertex -14.20212113 10.00027348 0.20000000
      vertex -9.78021526 -9.46135182 0.20000000
      vertex -9.53617361 -9.59424084 0.20000000
    endloop
  endfacet
  facet normal 0.00000000 0.00000000 1.00000000
    outer loop
      vertex -14.20212113 10.00027348 0.20000000
      vertex -9.53617361 -9.59424084 0.20000000
      vertex -9.28120061 -9.71352570 0.20000000
    endloop
  endfacet
  facet normal 0.00000000 0.00000000 1.00000000
    outer loop
      vertex -14.20212113 10.00027348 0.20000000
      vertex -9.28120061 -9.71352570 0.20000000
      vertex -9.01517809 -9.81920450 0.20000000
    endloop
  endfacet
  facet normal 0.00000000 0.00000000 1.00000000
    outer loop
      vertex -14.20212113 10.00027348 0.20000000
      vertex -9.01517809 -9.81920450 0.20000000
      vertex -8.73799949 -9.91125398 0.20000000
    endloop
  endfacet
  facet normal 0.00000000 0.00000000 1.00000000
    outer loop
      vertex -14.20212113 10.00027348 0.20000000
      vertex -8.73799949 -9.91125398 0.20000000
      vertex -8.44957393 -9.98963387 0.20000000
    endloop
  endfacet
  facet normal 0.00000000 0.00000000 1.00000000
    outer loop
      vertex -14.20212113 10.00027348 0.20000000
      vertex -8.44957393 -9.98963387 0.20000000
      vertex -8.14982821 -10.05429171 0.20000000
    endloop
  endfacet
  facet normal 0.00000000 0.00000000 1.00000000
    outer loop
      vertex -14.20212113 10.00027348 0.20000000
      vertex -8.14982821 -10.05429171 0.20000000
      vertex -7.83870720 -10.10516771 0.20000000
    endloop
  endfacet
  facet normal 0.00000000 0.00000000 1.00000000
    outer loop
      vertex -14.20212113 10.00027348 0.20000000
      vertex -7.83870720 -10.10516771 0.20000000
      vertex -7.51617284 -10.14219891 0.20000000
    endloop
  endfacet
  facet normal 0.00000000 0.00000000 1.00000000
    outer loop
      vertex -14.20212113 10.00027348 0.20000000
      vertex -7.51617284 -10.14219891 0.20000000
      vertex -7.18220230 -10.16532260 0.20000000
    endloop
  endfacet
  facet normal 0.00000000 0.00000000 1.00000000
    outer loop
      vertex -7.18220230 -10.16532260 0.20000000
      vertex -6.83678557 -10.17447884 0.20000000
      vertex -6.47992300 -10.16961206 0.20000000
    endloop
  endfacet
  facet normal -0.00000000 0.00000000 1.00000000
    outer loop
      vertex -7.18220230 -10.16532260 0.20000000
      vertex -6.47992300 -10.16961206 0.20000000
      vertex -6.11162289 -10.15067205 0.20000000
    endloop
  endfacet
  facet normal 0.00000000 0.00000000 1.00000000
    outer loop
      vertex -7.18220230 -10.16532260 0.20000000
      vertex -6.11162289 -10.15067205 0.20000000
      vertex -5.73189937 -10.11761433 0.20000000
    endloop
  endfacet
  facet normal 0.00000000 0.00000000 1.00000000
    outer loop
      vertex -7.18220230 -10.16532260 0.20000000
      vertex -5.73189937 -10.11761433 0.20000000
      vertex -5.33939624 -10.07023423 0.20000000
    endloop
  endfacet
  facet normal 0.00000000 0.00000000 1.00000000
    outer loop
      vertex -7.18220230 -10.16532260 0.20000000
      vertex -5.33939624 -10.07023423 0.20000000
      vertex 0.44711081 -9.27835171 0.20000000
    endloop
  endfacet
  facet normal 0.00000000 0.00000000 1.00000000
    outer loop
      vertex -7.18220230 -10.16532260 0.20000000
      vertex 0.44711081 -9.27835171 0.20000000
      vertex 0.57680044 -9.26043060 0.20000000
    endloop
  endfacet
  facet normal 0.00000000 0.00000000 1.00000000
    outer loop
      vertex -7.18220230 -10.16532260 0.20000000
      vertex 0.57680044 -9.26043060 0.20000000
      vertex 0.70631244 -9.24218808 0.20000000
    endloop
  endfacet
  facet normal 0.00000000 0.00000000 1.00000000
    outer loop
      vertex -7.18220230 -10.16532260 0.20000000
      vertex 0.70631244 -9.24218808 0.20000000
      vertex 0.83576358 -9.22360799 0.20000000
    endloop
  endfacet
  facet normal 0.00000000 0.00000000 1.00000000
    outer loop
      vertex -7.18220230 -10.16532260 0.20000000
      vertex 0.83576358 -9.22360799 0.20000000
      vertex 0.96515387 -9.20469035 0.20000000
    endloop
  endfacet
  facet normal 0.00000000 0.00000000 1.00000000
    outer loop
      vertex -7.18220230 -10.16532260 0.20000000
      vertex 0.96515387 -9.20469035 0.20000000
      vertex 1.09448333 -9.18543515 0.20000000
    endloop
  endfacet
  facet normal 0.00000000 0.00000000 1.00000000
    outer loop
      vertex -7.18220230 -10.16532260 0.20000000
      vertex 1.09448333 -9.18543515 0.20000000
      vertex 1.22375196 -9.16584239 0.20000000
    endloop
  endfacet
  facet normal 0.00000000 0.00000000 1.00000000
    outer loop
      vertex -7.18220230 -10.16532260 0.20000000
      vertex 1.22375196 -9.16584239 0.20000000
      vertex 1.35295977 -9.14591207 0.20000000
    endloop
  endfacet
  facet normal 0.00000000 0.00000000 1.00000000
    outer loop
      vertex -7.18220230 -10.16532260 0.20000000
      vertex 1.35295977 -9.14591207 0.20000000
      vertex 1.48210678 -9.12564418 0.20000000
    endloop
  endfacet
  facet normal 0.00000000 0.00000000 1.00000000
    outer loop
      vertex -7.18220230 -10.16532260 0.20000000
      vertex 1.48210678 -9.12564418 0.20000000
      vertex 1.61119298 -9.10503874 0.20000000
    endloop
  endfacet
  facet normal 0.00000000 0.00000000 1.00000000
    outer loop
      vertex -7.18220230 -10.16532260 0.20000000
      vertex 1.61119298 -9.10503874 0.20000000
      vertex 1.74021840 -9.08409572 0.20000000
    endloop
  endfacet
  facet normal 0.00000000 0.00000000 1.00000000
    outer loop
      vertex -7.18220230 -10.16532260 0.20000000
      vertex 1.74021840 -9.08409572 0.20000000
      vertex 1.86918304 -9.06281515 0.20000000
    endloop
  endfacet
  facet normal 0.00000000 0.00000000 1.00000000
    outer loop
      vertex -7.18220230 -10.16532260 0.20000000
      vertex 1.86918304 -9.06281515 0.20000000
      vertex 1.99808691 -9.04119700 0.20000000
    endloop
  endfacet
  facet normal 0.00000000 0.00000000 1.00000000
    outer loop
      vertex -7.18220230 -10.16532260 0.20000000
      vertex 1.99808691 -9.04119700 0.20000000
      vertex 2.12693002 -9.01924129 0.20000000
    endloop
  endfacet
  facet normal 0.00000000 0.00000000 1.00000000
    outer loop
      vertex -7.18220230 -10.16532260 0.20000000
      vertex 2.12693002 -9.01924129 0.20000000
      vertex 2.25571239 -8.99694801 0.20000000
    endloop
  endfacet
  facet normal 0.00000000 0.00000000 1.00000000
    outer loop
      vertex -7.18220230 -10.16532260 0.20000000
      vertex 2.25571239 -8.99694801 0.20000000
      vertex 2.38443401 -8.97431716 0.20000000
    endloop
  endfacet
  facet normal 0.00000000 0.00000000 1.00000000
    outer loop
      vertex -7.18220230 -10.16532260 0.20000000
      vertex 2.38443401 -8.97431716 0.20000000
      vertex 2.51309490 -8.95134873 0.20000000
    endloop
  endfacet
  facet normal 0.00000000 0.00000000 1.00000000
    outer loop
      vertex -7.18220230 -10.16532260 0.20000000
      vertex 2.51309490 -8.95134873 0.20000000
      vertex 2.64169507 -8.92804273 0.20000000
    endloop
  endfacet
  facet normal 0.00000000 0.00000000 1.00000000
    outer loop
      vertex -7.18220230 -10.16532260 0.20000000
      vertex 2.64169507 -8.92804273 0.20000000
      vertex 2.77023453 -8.90439915 0.20000000
    endloop
  endfacet
  facet normal 0.00000000 0.00000000 1.00000000
    outer loop
      vertex -7.18220230 -10.16532260 0.20000000
      vertex 2.77023453 -8.90439915 0.20000000
      vertex 2.89871329 -8.88041800 0.20000000
    endloop
  endfacet
  facet normal 0.00000000 0.00000000 1.00000000
    outer loop
      vertex -7.18220230 -10.16532260 0.20000000
      vertex 2.89871329 -8.88041800 0.20000000
      vertex 3.02713136 -8.85609926 0.20000000
    endloop
  endfacet
  facet normal 0.00000000 0.00000000 1.00000000
    outer loop
      vertex -7.18220230 -10.16532260 0.20000000
      vertex 3.02713136 -8.85609926 0.20000000
      vertex 3.15548874 -8.83144294 0.20000000
    endloop
  endfacet
  facet normal 0.00000000 0.00000000 1.00000000
    outer loop
      vertex -7.18220230 -10.16532260 0.20000000
      vertex 3.15548874 -8.83144294 0.20000000
      vertex 3.28378546 -8.80644904 0.20000000
    endloop
  endfacet
  facet normal 0.00000000 0.00000000 1.00000000
    outer loop
      vertex -7.18220230 -10.16532260 0.20000000
      vertex 3.28378546 -8.80644904 0.20000000
      vertex 3.41202150 -8.78111755 0.20000000
    endloop
  endfacet
  facet normal 0.00000000 0.00000000 1.00000000
    outer loop
      vertex -7.18220230 -10.16532260 0.20000000
      vertex 3.41202150 -8.78111755 0.20000000
      vertex 3.54019690 -8.75544848 0.20000000
    endloop
  endfacet
  facet normal 0.00000000 0.00000000 1.00000000
    outer loop
      vertex -7.18220230 -10.16532260 0.20000000
      vertex 3.54019690 -8.75544848 0.20000000
      vertex 3.66831165 -8.72944181 0.20000000
    endloop
  endfacet
  facet normal 0.00000000 0.00000000 1.00000000
    outer loop
      vertex -7.18220230 -10.16532260 0.20000000
      vertex 3.66831165 -8.72944181 0.20000000
      vertex 3.79636576 -8.70309755 0.20000000
    endloop
  endfacet
  facet normal 0.00000000 0.00000000 1.00000000
    outer loop
      vertex -7.18220230 -10.16532260 0.20000000
      vertex 3.79636576 -8.70309755 0.20000000
      vertex 3.92435925 -8.67641569 0.20000000
    endloop
  endfacet
  facet normal 0.00000000 0.00000000 1.00000000
    outer loop
      vertex -7.18220230 -10.16532260 0.20000000
      vertex 3.92435925 -8.67641569 0.20000000
      vertex 4.05229213 -8.64939624 0.20000000
    endloop
  endfacet
  facet normal 0.00000000 0.00000000 1.00000000
    outer loop
      vertex -7.18220230 -10.16532260 0.20000000
      vertex 4.05229213 -8.64939624 0.20000000
      vertex 4.18016440 -8.62203918 0.20000000
    endloop
  endfacet
  facet normal 0.00000000 0.00000000 1.00000000
    outer loop
      vertex -7.18220230 -10.16532260 0.20000000
      vertex 4.18016440 -8.62203918 0.20000000
      vertex 4.30797607 -8.59434453 0.20000000
    endloop
  endfacet
  facet normal 0.00000000 0.00000000 1.00000000
    outer loop
      vertex -7.18220230 -10.16532260 0.20000000
      vertex 4.30797607 -8.59434453 0.20000000
      vertex 4.43572715 -8.56631226 0.20000000
    endloop
  endfacet
  facet normal 0.00000000 0.00000000 1.00000000
    outer loop
      vertex -7.18220230 -10.16532260 0.20000000
      vertex 4.43572715 -8.56631226 0.20000000
      vertex 4.56353273 -8.53791682 0.20000000
    endloop
  endfacet
  facet normal 0.00000000 0.00000000 1.00000000
    outer loop
      vertex -7.18220230 -10.16532260 0.20000000
      vertex 4.56353273 -8.53791682 0.20000000
      vertex 10.28473806 -7.25893075 0.20000000
    endloop
  endfacet
  facet normal 0.00000000 0.00000000 1.00000000
    outer loop
      vertex -7.18220230 -10.16532260 0.20000000
      vertex 10.28473806 -7.25893075 0.20000000
      vertex 10.33450094 -7.24698480 0.20000000
    endloop
  endfacet
  facet normal 0.00000000 0.00000000 1.00000000
    outer loop
      vertex -7.18220230 -10.16532260 0.20000000
      vertex 10.33450094 -7.24698480 0.20000000
      vertex 10.38083342 -7.23425170 0.20000000
    endloop
  endfacet
  facet normal 0.00000000 0.00000000 1.00000000
    outer loop
      vertex -7.18220230 -10.16532260 0.20000000
      vertex 10.38083342 -7.23425170 0.20000000
      vertex 10.42507463 -7.22044265 0.20000000
    endloop
  endfacet
  facet normal 0.00000000 0.00000000 1.00000000
    outer loop
      vertex -7.18220230 -10.16532260 0.20000000
      vertex 10.42507463 -7.22044265 0.20000000
      vertex 10.46723364 -7.20559081 0.20000000
    endloop
  endfacet
  facet normal 0.00000000 0.00000000 1.00000000
    outer loop
      vertex -7.18220230 -10.16532260 0.20000000
      vertex 10.46723364 -7.20559081 0.20000000
      vertex 10.50732533 -7.18973020 0.20000000
    endloop
  endfacet
  facet normal 0.00000000 0.00000000 1.00000000
    outer loop
      vertex -7.18220230 -10.16532260 0.20000000
      vertex 10.50732533 -7.18973020 0.20000000
      vertex 10.54537128 -7.17289471 0.20000000
    endloop
  endfacet
  facet normal 0.00000000 0.00000000 1.00000000
    outer loop
      vertex -7.18220230 -10.16532260 0.20000000
      vertex 10.54537128 -7.17289471 0.20000000
      vertex 10.58140054 -7.15511683 0.20000000
    endloop
  endfacet
  facet normal 0.00000000 0.00000000 1.00000000
    outer loop
      vertex -7.18220230 -10.16532260 0.20000000
      vertex 10.58140054 -7.15511683 0.20000000
      vertex 10.61545021 -7.13642612 0.20000000
    endloop
  endfacet
  facet normal 0.00000000 0.00000000 1.00000000
    outer loop
      vertex -7.18220230 -10.16532260 0.20000000
      vertex 10.61545021 -7.13642612 0.20000000
      vertex 10.64756570 -7.11684736 0.20000000
    endloop
  endfacet
  facet normal 0.00000000 0.00000000 1.00000000
    outer loop
      vertex -7.18220230 -10.16532260 0.20000000
      vertex 10.64756570 -7.11684736 0.20000000
      vertex 10.67780044 -7.09639853 0.20000000
    endloop
  endfacet
  facet normal 0.00000000 0.00000000 1.00000000
    outer loop
      vertex -7.18220230 -10.16532260 0.20000000
      vertex 10.67780044 -7.09639853 0.20000000
      vertex 10.70621514 -7.07508884 0.20000000
    endloop
  endfacet
  facet normal 0.00000000 0.00000000 1.00000000
    outer loop
      vertex -7.18220230 -10.16532260 0.20000000
      vertex 10.70621514 -7.07508884 0.20000000
      vertex 10.73287626 -7.05291679 0.20000000
    endloop
  endfacet
  facet normal 0.00000000 0.00000000 1.00000000
    outer loop
      vertex -7.18220230 -10.16532260 0.20000000
      vertex 10.73287626 -7.05291679 0.20000000
      vertex 10.75785392 -7.02986865 0.20000000
    endloop
  endfacet
  facet normal 0.00000000 0.00000000 1.00000000
    outer loop
      vertex -7.18220230 -10.16532260 0.20000000
      vertex 10.75785392 -7.02986865 0.20000000
      vertex 10.78121921 -7.00591760 0.20000000
    endloop
  endfacet
  facet normal 0.00000000 0.00000000 1.00000000
    outer loop
      vertex -7.18220230 -10.16532260 0.20000000
      vertex 10.78121921 -7.00591760 0.20000000
      vertex 10.80304110 -6.98102360 0.20000000
    endloop
  endfacet
  facet normal 0.00000000 0.00000000 1.00000000
    outer loop
      vertex -7.18220230 -10.16532260 0.20000000
      vertex 10.80304110 -6.98102360 0.20000000
      vertex 10.82338320 -6.95513422 0.20000000
    endloop
  endfacet
  facet normal 0.00000000 0.00000000 1.00000000
    outer loop
      vertex -7.18220230 -10.16532260 0.20000000
      vertex 10.82338320 -6.95513422 0.20000000
      vertex 10.84230082 -6.92818640 0.20000000
    endloop
  endfacet
  facet normal 0.00000000 0.00000000 1.00000000
    outer loop
      vertex -7.18220230 -10.16532260 0.20000000
      vertex 10.84230082 -6.92818640 0.20000000
      vertex 10.85983836 -6.90010900 0.20000000
    endloop
  endfacet
  facet normal 0.00000000 0.00000000 1.00000000
    outer loop
      vertex -7.18220230 -10.16532260 0.20000000
      vertex 10.85983836 -6.90010900 0.20000000
      vertex 10.87602767 -6.87082597 0.20000000
    endloop
  endfacet
  facet normal 0.00000000 0.00000000 1.00000000
    outer loop
      vertex -7.18220230 -10.16532260 0.20000000
      vertex 10.87602767 -6.87082597 0.20000000
      vertex 10.89088719 -6.84025974 0.20000000
    endloop
  endfacet
  facet normal 0.00000000 0.00000000 1.00000000
    outer loop
      vertex -7.18220230 -10.16532260 0.20000000
      vertex 10.89088719 -6.84025974 0.20000000
      vertex 10.90442209 -6.80833448 0.20000000
    endloop
  endfacet
  facet normal 0.00000000 0.00000000 1.00000000
    outer loop
      vertex -7.18220230 -10.16532260 0.20000000
      vertex 10.90442209 -6.80833448 0.20000000
      vertex 10.91662527 -6.77497911 0.20000000
    endloop
  endfacet
  facet normal 0.00000000 0.00000000 1.00000000
    outer loop
      vertex -7.18220230 -10.16532260 0.20000000
      vertex 10.91662527 -6.77497911 0.20000000
      vertex 10.92747897 -6.74012956 0.20000000
    endloop
  endfacet
  facet normal 0.00000000 0.00000000 1.00000000
    outer loop
      vertex -7.18220230 -10.16532260 0.20000000
      vertex 10.92747897 -6.74012956 0.20000000
      vertex 10.93695689 -6.70373036 0.20000000
    endloop
  endfacet
  facet normal 0.00000000 0.00000000 1.00000000
    outer loop
      vertex -7.18220230 -10.16532260 0.20000000
      vertex 10.93695689 -6.70373036 0.20000000
      vertex 10.94502636 -6.66573554 0.20000000
    endloop
  endfacet
  facet normal 0.00000000 0.00000000 1.00000000
    outer loop
      vertex -7.18220230 -10.16532260 0.20000000
      vertex 10.94502636 -6.66573554 0.20000000
      vertex 10.95165056 -6.62610878 0.20000000
    endloop
  endfacet
  facet normal 0.00000000 0.00000000 1.00000000
    outer loop
      vertex -7.18220230 -10.16532260 0.20000000
      vertex 10.95165056 -6.62610878 0.20000000
      vertex 10.95679050 -6.58482308 0.20000000
    endloop
  endfacet
  facet normal 0.00000000 0.00000000 1.00000000
    outer loop
      vertex -7.18220230 -10.16532260 0.20000000
      vertex 10.95679050 -6.58482308 0.20000000
      vertex 10.96040668 -6.54186000 0.20000000
    endloop
  endfacet
  facet normal 0.00000000 0.00000000 1.00000000
    outer loop
      vertex -7.18220230 -10.16532260 0.20000000
      vertex 10.96040668 -6.54186000 0.20000000
      vertex 10.96246041 -6.49720867 0.20000000
    endloop
  endfacet
  facet normal 0.00000000 0.00000000 1.00000000
    outer loop
      vertex -7.18220230 -10.16532260 0.20000000
      vertex 10.96246041 -6.49720867 0.20000000
      vertex 10.96291484 -6.45086465 0.20000000
    endloop
  endfacet
  facet normal 0.00000000 0.00000000 1.00000000
    outer loop
      vertex -7.18220230 -10.16532260 0.20000000
      vertex 10.96291484 -6.45086465 0.20000000
      vertex 10.96173559 -6.40282883 0.20000000
    endloop
  endfacet
  facet normal 0.00000000 0.00000000 1.00000000
    outer loop
      vertex -7.18220230 -10.16532260 0.20000000
      vertex 10.96173559 -6.40282883 0.20000000
      vertex 10.95881275 -6.35173572 0.20000000
    endloop
  endfacet
  facet normal 0.00000000 0.00000000 1.00000000
    outer loop
      vertex -7.18220230 -10.16532260 0.20000000
      vertex 10.95881275 -6.35173572 0.20000000
      vertex 10.78450298 -3.96185706 0.20000000
    endloop
  endfacet
  facet normal 0.00000000 0.00000000 1.00000000
    outer loop
      vertex -7.18220230 -10.16532260 0.20000000
      vertex 10.78450298 -3.96185706 0.20000000
      vertex 10.77613832 -3.82263656 0.20000000
    endloop
  endfacet
  facet normal 0.00000000 0.00000000 1.00000000
    outer loop
      vertex -7.18220230 -10.16532260 0.20000000
      vertex 10.77613832 -3.82263656 0.20000000
      vertex 10.77142355 -3.68369054 0.20000000
    endloop
  endfacet
  facet normal 0.00000000 0.00000000 1.00000000
    outer loop
      vertex -7.18220230 -10.16532260 0.20000000
      vertex 10.77142355 -3.68369054 0.20000000
      vertex 10.77043631 -3.54615922 0.20000000
    endloop
  endfacet
  facet normal 0.00000000 0.00000000 1.00000000
    outer loop
      vertex -7.18220230 -10.16532260 0.20000000
      vertex 10.77043631 -3.54615922 0.20000000
      vertex 10.77318592 -3.41004922 0.20000000
    endloop
  endfacet
  facet normal 0.00000000 0.00000000 1.00000000
    outer loop
      vertex -7.18220230 -10.16532260 0.20000000
      vertex 10.77318592 -3.41004922 0.20000000
      vertex 10.77968143 -3.27536846 0.20000000
    endloop
  endfacet
  facet normal 0.00000000 0.00000000 1.00000000
    outer loop
      vertex -7.18220230 -10.16532260 0.20000000
      vertex 10.77968143 -3.27536846 0.20000000
      vertex 10.78993141 -3.14212628 0.20000000
    endloop
  endfacet
  facet normal 0.00000000 0.00000000 1.00000000
    outer loop
      vertex -7.18220230 -10.16532260 0.20000000
      vertex 10.78993141 -3.14212628 0.20000000
      vertex 10.80394383 -3.01033334 0.20000000
    endloop
  endfacet
  facet normal 0.00000000 0.00000000 1.00000000
    outer loop
      vertex -7.18220230 -10.16532260 0.20000000
      vertex 10.80394383 -3.01033334 0.20000000
      vertex 10.82172584 -2.88000163 0.20000000
    endloop
  endfacet
  facet normal 0.00000000 0.00000000 1.00000000
    outer loop
      vertex -7.18220230 -10.16532260 0.20000000
      vertex 10.82172584 -2.88000163 0.20000000
      vertex 10.84328359 -2.75114442 0.20000000
    endloop
  endfacet
  facet normal 0.00000000 0.00000000 1.00000000
    outer loop
      vertex -7.18220230 -10.16532260 0.20000000
      vertex 10.84328359 -2.75114442 0.20000000
      vertex 10.86862206 -2.62377610 0.20000000
    endloop
  endfacet
  facet normal 0.00000000 0.00000000 1.00000000
    outer loop
      vertex -7.18220230 -10.16532260 0.20000000
      vertex 10.86862206 -2.62377610 0.20000000
      vertex 10.89774491 -2.49791208 0.20000000
    endloop
  endfacet
  facet normal 0.00000000 0.00000000 1.00000000
    outer loop
      vertex -7.18220230 -10.16532260 0.20000000
      vertex 10.89774491 -2.49791208 0.20000000
      vertex 10.93065432 -2.37356860 0.20000000
    endloop
  endfacet
  facet normal 0.00000000 0.00000000 1.00000000
    outer loop
      vertex -7.18220230 -10.16532260 0.20000000
      vertex 10.93065432 -2.37356860 0.20000000
      vertex 10.96735085 -2.25076251 0.20000000
    endloop
  endfacet
  facet normal 0.00000000 0.00000000 1.00000000
    outer loop
      vertex -7.18220230 -10.16532260 0.20000000
      vertex 10.96735085 -2.25076251 0.20000000
      vertex 11.00783340 -2.12951104 0.20000000
    endloop
  endfacet
  facet normal 0.00000000 0.00000000 1.00000000
    outer loop
      vertex -7.18220230 -10.16532260 0.20000000
      vertex 11.00783340 -2.12951104 0.20000000
      vertex 11.05209917 -2.00983155 0.20000000
    endloop
  endfacet
  facet normal 0.00000000 0.00000000 1.00000000
    outer loop
      vertex -7.18220230 -10.16532260 0.20000000
      vertex 11.05209917 -2.00983155 0.20000000
      vertex 11.10014361 -1.89174124 0.20000000
    endloop
  endfacet
  facet normal 0.00000000 0.00000000 1.00000000
    outer loop
      vertex -7.18220230 -10.16532260 0.20000000
      vertex 11.10014361 -1.89174124 0.20000000
      vertex 11.15196051 -1.77525692 0.20000000
    endloop
  endfacet
  facet normal 0.00000000 0.00000000 1.00000000
    outer loop
      vertex -7.18220230 -10.16532260 0.20000000
      vertex 11.15196051 -1.77525692 0.20000000
      vertex 11.20754207 -1.66039470 0.20000000
    endloop
  endfacet
  facet normal 0.00000000 0.00000000 1.00000000
    outer loop
      vertex -7.18220230 -10.16532260 0.20000000
      vertex 11.20754207 -1.66039470 0.20000000
      vertex 11.26687904 -1.54716978 0.20000000
    endloop
  endfacet
  facet normal 0.00000000 0.00000000 1.00000000
    outer loop
      vertex -7.18220230 -10.16532260 0.20000000
      vertex 11.26687904 -1.54716978 0.20000000
      vertex 11.32996084 -1.43559623 0.20000000
    endloop
  endfacet
  facet normal 0.00000000 0.00000000 1.00000000
    outer loop
      vertex -7.18220230 -10.16532260 0.20000000
      vertex 11.32996084 -1.43559623 0.20000000
      vertex 11.39677583 -1.32568678 0.20000000
    endloop
  endfacet
  facet normal 0.00000000 0.00000000 1.00000000
    outer loop
      vertex -7.18220230 -10.16532260 0.20000000
      vertex 11.39677583 -1.32568678 0.20000000
      vertex 11.46731146 -1.21745270 0.20000000
    endloop
  endfacet
  facet normal 0.00000000 0.00000000 1.00000000
    outer loop
      vertex -7.18220230 -10.16532260 0.20000000
      vertex 11.46731146 -1.21745270 0.20000000
      vertex 11.54155451 -1.11090367 0.20000000
    endloop
  endfacet
  facet normal 0.00000000 0.00000000 1.00000000
    outer loop
      vertex -7.18220230 -10.16532260 0.20000000
      vertex 11.54155451 -1.11090367 0.20000000
      vertex 11.61949136 -1.00604774 0.20000000
    endloop
  endfacet
  facet normal 0.00000000 0.00000000 1.00000000
    outer loop
      vertex -7.18220230 -10.16532260 0.20000000
      vertex 11.61949136 -1.00604774 0.20000000
      vertex 11.70110816 -0.90289130 0.20000000
    endloop
  endfacet
  facet normal 0.00000000 0.00000000 1.00000000
    outer loop
      vertex -7.18220230 -10.16532260 0.20000000
      vertex 11.70110816 -0.90289130 0.20000000
      vertex 11.78639110 -0.80143911 0.20000000
    endloop
  endfacet
  facet normal 0.00000000 0.00000000 1.00000000
    outer loop
      vertex -7.18220230 -10.16532260 0.20000000
      vertex 11.78639110 -0.80143911 0.20000000
      vertex 11.87532658 -0.70169432 0.20000000
    endloop
  endfacet
  facet normal 0.00000000 0.00000000 1.00000000
    outer loop
      vertex -7.18220230 -10.16532260 0.20000000
      vertex 11.87532658 -0.70169432 0.20000000
      vertex 11.96790138 -0.60365859 0.20000000
    endloop
  endfacet
  facet normal 0.00000000 0.00000000 1.00000000
    outer loop
      vertex -7.18220230 -10.16532260 0.20000000
      vertex 11.96790138 -0.60365859 0.20000000
      vertex 12.06410284 -0.50733220 0.20000000
    endloop
  endfacet
  facet normal 0.00000000 0.00000000 1.00000000
    outer loop
      vertex -7.18220230 -10.16532260 0.20000000
      vertex 12.06410284 -0.50733220 0.20000000
      vertex 12.16391896 -0.41271413 0.20000000
    endloop
  endfacet
  facet normal 0.00000000 0.00000000 1.00000000
    outer loop
      vertex -7.18220230 -10.16532260 0.20000000
      vertex 12.16391896 -0.41271413 0.20000000
      vertex 12.26733853 -0.31980225 0.20000000
    endloop
  endfacet
  facet normal 0.00000000 0.00000000 1.00000000
    outer loop
      vertex -7.18220230 -10.16532260 0.20000000
      vertex 12.26733853 -0.31980225 0.20000000
      vertex 12.37348586 -0.22933093 0.20000000
    endloop
  endfacet
  facet normal 0.00000000 0.00000000 1.00000000
    outer loop
      vertex -7.18220230 -10.16532260 0.20000000
      vertex 12.37348586 -0.22933093 0.20000000
      vertex 13.79742970 0.95319879 0.20000000
    endloop
  endfacet
  facet normal 0.00000000 0.00000000 1.00000000
    outer loop
      vertex -7.18220230 -10.16532260 0.20000000
      vertex 13.79742970 0.95319879 0.20000000
      vertex 13.83326966 0.98384333 0.20000000
    endloop
  endfacet
  facet normal 0.00000000 0.00000000 1.00000000
    outer loop
      vertex -7.18220230 -10.16532260 0.20000000
      vertex 13.83326966 0.98384333 0.20000000
      vertex 13.86643775 1.01394342 0.20000000
    endloop
  endfacet
  facet normal 0.00000000 0.00000000 1.00000000
    outer loop
      vertex -7.18220230 -10.16532260 0.20000000
      vertex 13.86643775 1.01394342 0.20000000
      vertex 13.89791418 1.04431484 0.20000000
    endloop
  endfacet
  facet normal 0.00000000 0.00000000 1.00000000
    outer loop
      vertex -7.18220230 -10.16532260 0.20000000
      vertex 13.89791418 1.04431484 0.20000000
      vertex 13.92771605 1.07494949 0.20000000
    endloop
  endfacet
  facet normal 0.00000000 0.00000000 1.00000000
    outer loop
      vertex -7.18220230 -10.16532260 0.20000000
      vertex 13.92771605 1.07494949 0.20000000
      vertex 13.95586250 1.10584112 0.20000000
    endloop
  endfacet
  facet normal 0.00000000 0.00000000 1.00000000
    outer loop
      vertex -7.18220230 -10.16532260 0.20000000
      vertex 13.95586250 1.10584112 0.20000000
      vertex 13.98237466 1.13698577 0.20000000
    endloop
  endfacet
  facet normal 0.00000000 0.00000000 1.00000000
    outer loop
      vertex -7.18220230 -10.16532260 0.20000000
      vertex 13.98237466 1.13698577 0.20000000
      vertex 14.00727543 1.16838216 0.20000000
    endloop
  endfacet
  facet normal 0.00000000 0.00000000 1.00000000
    outer loop
      vertex -7.18220230 -10.16532260 0.20000000
      vertex 14.00727543 1.16838216 0.20000000
      vertex 14.03058922 1.20003217 0.20000000
    endloop
  endfacet
  facet normal 0.00000000 0.00000000 1.00000000
    outer loop
      vertex -7.18220230 -10.16532260 0.20000000
      vertex 14.03058922 1.20003217 0.20000000
      vertex 14.05234152 1.23194114 0.20000000
    endloop
  endfacet
  facet normal 0.00000000 0.00000000 1.00000000
    outer loop
      vertex -7.18220230 -10.16532260 0.20000000
      vertex 14.05234152 1.23194114 0.20000000
      vertex 14.07255847 1.26411822 0.20000000
    endloop
  endfacet
  facet normal 0.00000000 0.00000000 1.00000000
    outer loop
      vertex -7.18220230 -10.16532260 0.20000000
      vertex 14.07255847 1.26411822 0.20000000
      vertex 14.09126621 1.29657650 0.20000000
    endloop
  endfacet
  facet normal 0.00000000 0.00000000 1.00000000
    outer loop
      vertex -7.18220230 -10.16532260 0.20000000
      vertex 14.09126621 1.29657650 0.20000000
      vertex 14.10849029 1.32933316 0.20000000
    endloop
  endfacet
  facet normal 0.00000000 0.00000000 1.00000000
    outer loop
      vertex -7.18220230 -10.16532260 0.20000000
      vertex 14.10849029 1.32933316 0.20000000
      vertex 14.12425494 1.36240932 0.20000000
    endloop
  endfacet
  facet normal 0.00000000 0.00000000 1.00000000
    outer loop
      vertex -7.18220230 -10.16532260 0.20000000
      vertex 14.12425494 1.36240932 0.20000000
      vertex 14.13858243 1.39582982 0.20000000
    endloop
  endfacet
  facet normal 0.00000000 0.00000000 1.00000000
    outer loop
      vertex -7.18220230 -10.16532260 0.20000000
      vertex 14.13858243 1.39582982 0.20000000
      vertex 14.15149231 1.42962281 0.20000000
    endloop
  endfacet
  facet normal 0.00000000 0.00000000 1.00000000
    outer loop
      vertex -7.18220230 -10.16532260 0.20000000
      vertex 14.15149231 1.42962281 0.20000000
      vertex 14.16300093 1.46381921 0.20000000
    endloop
  endfacet
  facet normal 0.00000000 0.00000000 1.00000000
    outer loop
      vertex -7.18220230 -10.16532260 0.20000000
      vertex 14.16300093 1.46381921 0.20000000
      vertex 14.17312088 1.49845198 0.20000000
    endloop
  endfacet
  facet normal 0.00000000 0.00000000 1.00000000
    outer loop
      vertex -7.18220230 -10.16532260 0.20000000
      vertex 14.17312088 1.49845198 0.20000000
      vertex 14.18186068 1.53355536 0.20000000
    endloop
  endfacet
  facet normal 0.00000000 0.00000000 1.00000000
    outer loop
      vertex -7.18220230 -10.16532260 0.20000000
      vertex 14.18186068 1.53355536 0.20000000
      vertex 14.18922462 1.56916405 0.20000000
    endloop
  endfacet
  facet normal 0.00000000 0.00000000 1.00000000
    outer loop
      vertex -7.18220230 -10.16532260 0.20000000
      vertex 14.18922462 1.56916405 0.20000000
      vertex 14.19521274 1.60531234 0.20000000
    endloop
  endfacet
  facet normal 0.00000000 0.00000000 1.00000000
    outer loop
      vertex -7.18220230 -10.16532260 0.20000000
      vertex 14.19521274 1.60531234 0.20000000
      vertex 14.19982101 1.64203334 0.20000000
    endloop
  endfacet
  facet normal 0.00000000 0.00000000 1.00000000
    outer loop
      vertex -7.18220230 -10.16532260 0.20000000
      vertex 14.19982101 1.64203334 0.20000000
      vertex 14.20304162 1.67935823 0.20000000
    endloop
  endfacet
  facet normal 0.00000000 0.00000000 1.00000000
    outer loop
      vertex -7.18220230 -10.16532260 0.20000000
      vertex 14.20304162 1.67935823 0.20000000
      vertex 14.20486344 1.71731570 0.20000000
    endloop
  endfacet
  facet normal 0.00000000 0.00000000 1.00000000
    outer loop
      vertex -7.18220230 -10.16532260 0.20000000
      vertex 14.20486344 1.71731570 0.20000000
      vertex 14.20527251 1.75593148 0.20000000
    endloop
  endfacet
  facet normal 0.00000000 0.00000000 1.00000000
    outer loop
      vertex -7.18220230 -10.16532260 0.20000000
      vertex 14.20527251 1.75593148 0.20000000
      vertex 14.20425263 1.79522799 0.20000000
    endloop
  endfacet
  facet normal 0.00000000 0.00000000 1.00000000
    outer loop
      vertex -7.18220230 -10.16532260 0.20000000
      vertex 14.20425263 1.79522799 0.20000000
      vertex 14.20178596 1.83522421 0.20000000
    endloop
  endfacet
  facet normal 0.00000000 0.00000000 1.00000000
    outer loop
      vertex -7.18220230 -10.16532260 0.20000000
      vertex 14.20178596 1.83522421 0.20000000
      vertex 14.19785352 1.87593562 0.20000000
    endloop
  endfacet
  facet normal 0.00000000 0.00000000 1.00000000
    outer loop
      vertex -7.18220230 -10.16532260 0.20000000
      vertex 14.19785352 1.87593562 0.20000000
      vertex 14.19243582 1.91737430 0.20000000
    endloop
  endfacet
  facet normal 0.00000000 0.00000000 1.00000000
    outer loop
      vertex -7.18220230 -10.16532260 0.20000000
      vertex 14.19243582 1.91737430 0.20000000
      vertex 14.18551326 1.95954907 0.20000000
    endloop
  endfacet
  facet normal 0.00000000 0.00000000 1.00000000
    outer loop
      vertex -7.18220230 -10.16532260 0.20000000
      vertex 14.18551326 1.95954907 0.20000000
      vertex 14.17706655 2.00246576 0.20000000
    endloop
  endfacet
  facet normal 0.00000000 0.00000000 1.00000000
    outer loop
      vertex -7.18220230 -10.16532260 0.20000000
      vertex 14.17706655 2.00246576 0.20000000
      vertex 14.16707705 2.04612749 0.20000000
    endloop
  endfacet
  facet normal 0.00000000 0.00000000 1.00000000
    outer loop
      vertex -7.18220230 -10.16532260 0.20000000
      vertex 14.16707705 2.04612749 0.20000000
      vertex 14.15520734 2.09176411 0.20000000
    endloop
  endfacet
  facet normal 0.00000000 0.00000000 1.00000000
    outer loop
      vertex -7.18220230 -10.16532260 0.20000000
      vertex 14.15520734 2.09176411 0.20000000
      vertex 13.94909132 2.83993329 0.20000000
    endloop
  endfacet
  facet normal 0.00000000 0.00000000 1.00000000
    outer loop
      vertex -7.18220230 -10.16532260 0.20000000
      vertex 13.94909132 2.83993329 0.20000000
      vertex 13.92731906 2.91678851 0.20000000
    endloop
  endfacet
  facet normal 0.00000000 0.00000000 1.00000000
    outer loop
      vertex -7.18220230 -10.16532260 0.20000000
      vertex 13.92731906 2.91678851 0.20000000
      vertex 13.90470088 2.99241993 0.20000000
    endloop
  endfacet
  facet normal 0.00000000 0.00000000 1.00000000
    outer loop
      vertex -7.18220230 -10.16532260 0.20000000
      vertex 13.90470088 2.99241993 0.20000000
      vertex 13.88106031 3.06745317 0.20000000
    endloop
  endfacet
  facet normal 0.00000000 0.00000000 1.00000000
    outer loop
      vertex -7.18220230 -10.16532260 0.20000000
      vertex 13.88106031 3.06745317 0.20000000
      vertex 13.85639755 3.14188995 0.20000000
    endloop
  endfacet
  facet normal 0.00000000 0.00000000 1.00000000
    outer loop
      vertex -7.18220230 -10.16532260 0.20000000
      vertex 13.85639755 3.14188995 0.20000000
      vertex 13.83071271 3.21573198 0.20000000
    endloop
  endfacet
  facet normal 0.00000000 0.00000000 1.00000000
    outer loop
      vertex -7.18220230 -10.16532260 0.20000000
      vertex 13.83071271 3.21573198 0.20000000
      vertex 13.80400585 3.28898105 0.20000000
    endloop
  endfacet
  facet normal 0.00000000 0.00000000 1.00000000
    outer loop
      vertex -7.18220230 -10.16532260 0.20000000
      vertex 13.80400585 3.28898105 0.20000000
      vertex 13.77627693 3.36163894 0.20000000
    endloop
  endfacet
  facet normal 0.00000000 0.00000000 1.00000000
    outer loop
      vertex -7.18220230 -10.16532260 0.20000000
      vertex 13.77627693 3.36163894 0.20000000
      vertex 13.74752580 3.43370746 0.20000000
    endloop
  endfacet
  facet normal 0.00000000 0.00000000 1.00000000
    outer loop
      vertex -7.18220230 -10.16532260 0.20000000
      vertex 13.74752580 3.43370746 0.20000000
      vertex 13.71775227 3.50518846 0.20000000
    endloop
  endfacet
  facet normal 0.00000000 0.00000000 1.00000000
    outer loop
      vertex -7.18220230 -10.16532260 0.20000000
      vertex 13.71775227 3.50518846 0.20000000
      vertex 13.68695603 3.57608375 0.20000000
    endloop
  endfacet
  facet normal 0.00000000 0.00000000 1.00000000
    outer loop
      vertex -7.18220230 -10.16532260 0.20000000
      vertex 13.68695603 3.57608375 0.20000000
      vertex 13.65513669 3.64639518 0.20000000
    endloop
  endfacet
  facet normal 0.00000000 0.00000000 1.00000000
    outer loop
      vertex -7.18220230 -10.16532260 0.20000000
      vertex 13.65513669 3.64639518 0.20000000
      vertex 13.62229376 3.71612458 0.20000000
    endloop
  endfacet
  facet normal 0.00000000 0.00000000 1.00000000
    outer loop
      vertex -7.18220230 -10.16532260 0.20000000
      vertex 13.62229376 3.71612458 0.20000000
      vertex 13.58842669 3.78527376 0.20000000
    endloop
  endfacet
  facet normal 0.00000000 0.00000000 1.00000000
    outer loop
      vertex -7.18220230 -10.16532260 0.20000000
      vertex 13.58842669 3.78527376 0.20000000
      vertex 13.55353481 3.85384454 0.20000000
    endloop
  endfacet
  facet normal 0.00000000 0.00000000 1.00000000
    outer loop
      vertex -7.18220230 -10.16532260 0.20000000
      vertex 13.55353481 3.85384454 0.20000000
      vertex 13.51761739 3.92183869 0.20000000
    endloop
  endfacet
  facet normal 0.00000000 0.00000000 1.00000000
    outer loop
      vertex -7.18220230 -10.16532260 0.20000000
      vertex 13.51761739 3.92183869 0.20000000
      vertex 13.48067361 3.98925795 0.20000000
    endloop
  endfacet
  facet normal 0.00000000 0.00000000 1.00000000
    outer loop
      vertex -7.18220230 -10.16532260 0.20000000
      vertex 13.48067361 3.98925795 0.20000000
      vertex 13.44270256 4.05610403 0.20000000
    endloop
  endfacet
  facet normal 0.00000000 0.00000000 1.00000000
    outer loop
      vertex -7.18220230 -10.16532260 0.20000000
      vertex 13.44270256 4.05610403 0.20000000
      vertex 13.40370326 4.12237861 0.20000000
    endloop
  endfacet
  facet normal 0.00000000 0.00000000 1.00000000
    outer loop
      vertex -7.18220230 -10.16532260 0.20000000
      vertex 13.40370326 4.12237861 0.20000000
      vertex 13.36367467 4.18808330 0.20000000
    endloop
  endfacet
  facet normal 0.00000000 0.00000000 1.00000000
    outer loop
      vertex -7.18220230 -10.16532260 0.20000000
      vertex 13.36367467 4.18808330 0.20000000
      vertex 13.32261564 4.25321966 0.20000000
    endloop
  endfacet
  facet normal 0.00000000 0.00000000 1.00000000
    outer loop
      vertex -7.18220230 -10.16532260 0.20000000
      vertex 13.32261564 4.25321966 0.20000000
      vertex 13.28052500 4.31778919 0.20000000
    endloop
  endfacet
  facet normal 0.00000000 0.00000000 1.00000000
    outer loop
      vertex -7.18220230 -10.16532260 0.20000000
      vertex 13.28052500 4.31778919 0.20000000
      vertex 13.23740148 4.38179333 0.20000000
    endloop
  endfacet
  facet normal 0.00000000 0.00000000 1.00000000
    outer loop
      vertex -7.18220230 -10.16532260 0.20000000
      vertex 13.23740148 4.38179333 0.20000000
      vertex 13.19324380 4.44523346 0.20000000
    endloop
  endfacet
  facet normal 0.00000000 0.00000000 1.00000000
    outer loop
      vertex -7.18220230 -10.16532260 0.20000000
      vertex 13.19324380 4.44523346 0.20000000
      vertex 13.14805058 4.50811087 0.20000000
    endloop
  endfacet
  facet normal 0.00000000 0.00000000 1.00000000
    outer loop
      vertex -7.18220230 -10.16532260 0.20000000
      vertex 13.14805058 4.50811087 0.20000000
      vertex 13.10182042 4.57042677 0.20000000
    endloop
  endfacet
  facet normal 0.00000000 0.00000000 1.00000000
    outer loop
      vertex -7.18220230 -10.16532260 0.20000000
      vertex 13.10182042 4.57042677 0.20000000
      vertex 13.05455189 4.63218232 0.20000000
    endloop
  endfacet
  facet normal 0.00000000 0.00000000 1.00000000
    outer loop
      vertex -7.18220230 -10.16532260 0.20000000
      vertex 13.05455189 4.63218232 0.20000000
      vertex 13.00624350 4.69337858 0.20000000
    endloop
  endfacet
  facet normal 0.00000000 0.00000000 1.00000000
    outer loop
      vertex -7.18220230 -10.16532260 0.20000000
      vertex 13.00624350 4.69337858 0.20000000
      vertex 12.95689375 4.75401651 0.20000000
    endloop
  endfacet
  facet normal 0.00000000 0.00000000 1.00000000
    outer loop
      vertex -7.18220230 -10.16532260 0.20000000
      vertex 12.95689375 4.75401651 0.20000000
      vertex 12.90650111 4.81409702 0.20000000
    endloop
  endfacet
  facet normal 0.00000000 0.00000000 1.00000000
    outer loop
      vertex -7.18220230 -10.16532260 0.20000000
      vertex 12.90650111 4.81409702 0.20000000
      vertex 12.85506405 4.87362091 0.20000000
    endloop
  endfacet
  facet normal 0.00000000 0.00000000 1.00000000
    outer loop
      vertex -7.18220230 -10.16532260 0.20000000
      vertex 12.85506405 4.87362091 0.20000000
      vertex 12.80258100 4.93258889 0.20000000
    endloop
  endfacet
  facet normal 0.00000000 0.00000000 1.00000000
    outer loop
      vertex -7.18220230 -10.16532260 0.20000000
      vertex 12.80258100 4.93258889 0.20000000
      vertex 12.74861226 4.99147972 0.20000000
    endloop
  endfacet
  facet normal 0.00000000 0.00000000 1.00000000
    outer loop
      vertex -7.18220230 -10.16532260 0.20000000
      vertex 12.74861226 4.99147972 0.20000000
      vertex 12.49505965 5.26417182 0.20000000
    endloop
  endfacet
  facet normal 0.00000000 0.00000000 1.00000000
    outer loop
      vertex -7.18220230 -10.16532260 0.20000000
      vertex 12.49505965 5.26417182 0.20000000
      vertex 12.43800494 5.32419111 0.20000000
    endloop
  endfacet
  facet normal 0.00000000 0.00000000 1.00000000
    outer loop
      vertex -7.18220230 -10.16532260 0.20000000
      vertex 12.43800494 5.32419111 0.20000000
      vertex 12.38088428 5.38164987 0.20000000
    endloop
  endfacet
  facet normal 0.00000000 0.00000000 1.00000000
    outer loop
      vertex -7.18220230 -10.16532260 0.20000000
      vertex 12.38088428 5.38164987 0.20000000
      vertex 12.32301948 5.43726806 0.20000000
    endloop
  endfacet
  facet normal 0.00000000 0.00000000 1.00000000
    outer loop
      vertex -7.18220230 -10.16532260 0.20000000
      vertex 12.32301948 5.43726806 0.20000000
      vertex 12.26441011 5.49105235 0.20000000
    endloop
  endfacet
  facet normal 0.00000000 0.00000000 1.00000000
    outer loop
      vertex -7.18220230 -10.16532260 0.20000000
      vertex 12.26441011 5.49105235 0.20000000
      vertex 12.20505513 5.54300962 0.20000000
    endloop
  endfacet
  facet normal 0.00000000 0.00000000 1.00000000
    outer loop
      vertex -7.18220230 -10.16532260 0.20000000
      vertex 12.20505513 5.54300962 0.20000000
      vertex 12.14495290 5.59314690 0.20000000
    endloop
  endfacet
  facet normal 0.00000000 0.00000000 1.00000000
    outer loop
      vertex -7.18220230 -10.16532260 0.20000000
      vertex 12.14495290 5.59314690 0.20000000
      vertex 12.08410110 5.64147131 0.20000000
    endloop
  endfacet
  facet normal 0.00000000 0.00000000 1.00000000
    outer loop
      vertex -7.18220230 -10.16532260 0.20000000
      vertex 12.08410110 5.64147131 0.20000000
      vertex 12.02249677 5.68799000 0.20000000
    endloop
  endfacet
  facet normal 0.00000000 0.00000000 1.00000000
    outer loop
      vertex -7.18220230 -10.16532260 0.20000000
      vertex 12.02249677 5.68799000 0.20000000
      vertex 11.96013626 5.73271007 0.20000000
    endloop
  endfacet
  facet normal 0.00000000 0.00000000 1.00000000
    outer loop
      vertex -7.18220230 -10.16532260 0.20000000
      vertex 11.96013626 5.73271007 0.20000000
      vertex 11.89701522 5.77563851 0.20000000
    endloop
  endfacet
  facet normal 0.00000000 0.00000000 1.00000000
    outer loop
      vertex -7.18220230 -10.16532260 0.20000000
      vertex 11.89701522 5.77563851 0.20000000
      vertex 11.83312868 5.81678211 0.20000000
    endloop
  endfacet
  facet normal 0.00000000 0.00000000 1.00000000
    outer loop
      vertex -7.18220230 -10.16532260 0.20000000
      vertex 11.83312868 5.81678211 0.20000000
      vertex 11.76847100 5.85614738 0.20000000
    endloop
  endfacet
  facet normal 0.00000000 0.00000000 1.00000000
    outer loop
      vertex -7.18220230 -10.16532260 0.20000000
      vertex 11.76847100 5.85614738 0.20000000
      vertex 11.70303593 5.89374052 0.20000000
    endloop
  endfacet
  facet normal 0.00000000 0.00000000 1.00000000
    outer loop
      vertex -7.18220230 -10.16532260 0.20000000
      vertex 11.70303593 5.89374052 0.20000000
      vertex 11.63681665 5.92956727 0.20000000
    endloop
  endfacet
  facet normal 0.00000000 0.00000000 1.00000000
    outer loop
      vertex -7.18220230 -10.16532260 0.20000000
      vertex 11.63681665 5.92956727 0.20000000
      vertex 11.56980585 5.96363292 0.20000000
    endloop
  endfacet
  facet normal 0.00000000 0.00000000 1.00000000
    outer loop
      vertex -7.18220230 -10.16532260 0.20000000
      vertex 11.56980585 5.96363292 0.20000000
      vertex 11.50199576 5.99594221 0.20000000
    endloop
  endfacet
  facet normal 0.00000000 0.00000000 1.00000000
    outer loop
      vertex -7.18220230 -10.16532260 0.20000000
      vertex 11.50199576 5.99594221 0.20000000
      vertex 11.43337824 6.02649927 0.20000000
    endloop
  endfacet
  facet normal 0.00000000 0.00000000 1.00000000
    outer loop
      vertex -7.18220230 -10.16532260 0.20000000
      vertex 11.43337824 6.02649927 0.20000000
      vertex 11.36394485 6.05530760 0.20000000
    endloop
  endfacet
  facet normal 0.00000000 0.00000000 1.00000000
    outer loop
      vertex -7.18220230 -10.16532260 0.20000000
      vertex 11.36394485 6.05530760 0.20000000
      vertex 11.29368694 6.08237003 0.20000000
    endloop
  endfacet
  facet normal 0.00000000 0.00000000 1.00000000
    outer loop
      vertex -7.18220230 -10.16532260 0.20000000
      vertex 11.29368694 6.08237003 0.20000000
      vertex 11.22259574 6.10768869 0.20000000
    endloop
  endfacet
  facet normal 0.00000000 0.00000000 1.00000000
    outer loop
      vertex -7.18220230 -10.16532260 0.20000000
      vertex 11.22259574 6.10768869 0.20000000
      vertex 11.15066246 6.13126503 0.20000000
    endloop
  endfacet
  facet normal 0.00000000 0.00000000 1.00000000
    outer loop
      vertex -7.18220230 -10.16532260 0.20000000
      vertex 11.15066246 6.13126503 0.20000000
      vertex 11.07787833 6.15309978 0.20000000
    endloop
  endfacet
  facet normal 0.00000000 0.00000000 1.00000000
    outer loop
      vertex -7.18220230 -10.16532260 0.20000000
      vertex 11.07787833 6.15309978 0.20000000
      vertex 11.00423474 6.17319298 0.20000000
    endloop
  endfacet
  facet normal 0.00000000 0.00000000 1.00000000
    outer loop
      vertex -7.18220230 -10.16532260 0.20000000
      vertex 11.00423474 6.17319298 0.20000000
      vertex 10.92972327 6.19154402 0.20000000
    endloop
  endfacet
  facet normal 0.00000000 0.00000000 1.00000000
    outer loop
      vertex -7.18220230 -10.16532260 0.20000000
      vertex 10.92972327 6.19154402 0.20000000
      vertex 10.85433582 6.20815164 0.20000000
    endloop
  endfacet
  facet normal 0.00000000 0.00000000 1.00000000
    outer loop
      vertex -7.18220230 -10.16532260 0.20000000
      vertex 10.85433582 6.20815164 0.20000000
      vertex 10.77806459 6.22301402 0.20000000
    endloop
  endfacet
  facet normal 0.00000000 0.00000000 1.00000000
    outer loop
      vertex -7.18220230 -10.16532260 0.20000000
      vertex 10.77806459 6.22301402 0.20000000
      vertex 10.70090224 6.23612876 0.20000000
    endloop
  endfacet
  facet normal 0.00000000 0.00000000 1.00000000
    outer loop
      vertex -7.18220230 -10.16532260 0.20000000
      vertex 10.70090224 6.23612876 0.20000000
      vertex 10.62284185 6.24749299 0.20000000
    endloop
  endfacet
  facet normal 0.00000000 0.00000000 1.00000000
    outer loop
      vertex -7.18220230 -10.16532260 0.20000000
      vertex 10.62284185 6.24749299 0.20000000
      vertex 10.54387699 6.25710341 0.20000000
    endloop
  endfacet
  facet normal 0.00000000 0.00000000 1.00000000
    outer loop
      vertex -7.18220230 -10.16532260 0.20000000
      vertex 10.54387699 6.25710341 0.20000000
      vertex 10.46400178 6.26495632 0.20000000
    endloop
  endfacet
  facet normal 0.00000000 0.00000000 1.00000000
    outer loop
      vertex -7.18220230 -10.16532260 0.20000000
      vertex 10.46400178 6.26495632 0.20000000
      vertex 10.38321085 6.27104773 0.20000000
    endloop
  endfacet
  facet normal 0.00000000 0.00000000 1.00000000
    outer loop
      vertex -7.18220230 -10.16532260 0.20000000
      vertex 10.38321085 6.27104773 0.20000000
      vertex 10.30051628 6.27542541 0.20000000
    endloop
  endfacet
  facet normal 0.00000000 0.00000000 1.00000000
    outer loop
      vertex -7.18220230 -10.16532260 0.20000000
      vertex 10.30051628 6.27542541 0.20000000
      vertex 9.21726446 6.32078771 0.20000000
    endloop
  endfacet
  facet normal 0.00000000 0.00000000 1.00000000
    outer loop
      vertex -7.18220230 -10.16532260 0.20000000
      vertex 9.21726446 6.32078771 0.20000000
      vertex 9.09481570 6.32456317 0.20000000
    endloop
  endfacet
  facet normal 0.00000000 0.00000000 1.00000000
    outer loop
      vertex -7.18220230 -10.16532260 0.20000000
      vertex 9.09481570 6.32456317 0.20000000
      vertex 8.97444081 6.32558337 0.20000000
    endloop
  endfacet
  facet normal 0.00000000 0.00000000 1.00000000
    outer loop
      vertex -7.18220230 -10.16532260 0.20000000
      vertex 8.97444081 6.32558337 0.20000000
      vertex 8.85515208 6.32388327 0.20000000
    endloop
  endfacet
  facet normal 0.00000000 0.00000000 1.00000000
    outer loop
      vertex -7.18220230 -10.16532260 0.20000000
      vertex 8.85515208 6.32388327 0.20000000
      vertex 8.73694454 6.31946728 0.20000000
    endloop
  endfacet
  facet normal 0.00000000 0.00000000 1.00000000
    outer loop
      vertex -7.18220230 -10.16532260 0.20000000
      vertex 8.73694454 6.31946728 0.20000000
      vertex 8.61981260 6.31233956 0.20000000
    endloop
  endfacet
  facet normal 0.00000000 0.00000000 1.00000000
    outer loop
      vertex -7.18220230 -10.16532260 0.20000000
      vertex 8.61981260 6.31233956 0.20000000
      vertex 8.50375018 6.30250393 0.20000000
    endloop
  endfacet
  facet normal 0.00000000 0.00000000 1.00000000
    outer loop
      vertex -7.18220230 -10.16532260 0.20000000
      vertex 8.50375018 6.30250393 0.20000000
      vertex 8.38875064 6.28996381 0.20000000
    endloop
  endfacet
  facet normal 0.00000000 0.00000000 1.00000000
    outer loop
      vertex -7.18220230 -10.16532260 0.20000000
      vertex 8.38875064 6.28996381 0.20000000
      vertex 8.27480686 6.27472218 0.20000000
    endloop
  endfacet
  facet normal 0.00000000 0.00000000 1.00000000
    outer loop
      vertex -7.18220230 -10.16532260 0.20000000
      vertex 8.27480686 6.27472218 0.20000000
      vertex 8.16191128 6.25678152 0.20000000
    endloop
  endfacet
  facet normal 0.00000000 0.00000000 1.00000000
    outer loop
      vertex -7.18220230 -10.16532260 0.20000000
      vertex 8.16191128 6.25678152 0.20000000
      vertex 8.05005592 6.23614374 0.20000000
    endloop
  endfacet
  facet normal 0.00000000 0.00000000 1.00000000
    outer loop
      vertex -7.18220230 -10.16532260 0.20000000
      vertex 8.05005592 6.23614374 0.20000000
      vertex 7.93923248 6.21281016 0.20000000
    endloop
  endfacet
  facet normal 0.00000000 0.00000000 1.00000000
    outer loop
      vertex -7.18220230 -10.16532260 0.20000000
      vertex 7.93923248 6.21281016 0.20000000
      vertex 7.82943241 6.18678144 0.20000000
    endloop
  endfacet
  facet normal 0.00000000 0.00000000 1.00000000
    outer loop
      vertex -7.18220230 -10.16532260 0.20000000
      vertex 7.82943241 6.18678144 0.20000000
      vertex 7.72064694 6.15805758 0.20000000
    endloop
  endfacet
  facet normal 0.00000000 0.00000000 1.00000000
    outer loop
      vertex -7.18220230 -10.16532260 0.20000000
      vertex 7.72064694 6.15805758 0.20000000
      vertex 7.61286720 6.12663790 0.20000000
    endloop
  endfacet
  facet normal 0.00000000 0.00000000 1.00000000
    outer loop
      vertex -7.18220230 -10.16532260 0.20000000
      vertex 7.61286720 6.12663790 0.20000000
      vertex 7.50608432 6.09252100 0.20000000
    endloop
  endfacet
  facet normal 0.00000000 0.00000000 1.00000000
    outer loop
      vertex -7.18220230 -10.16532260 0.20000000
      vertex 7.50608432 6.09252100 0.20000000
      vertex 7.40028945 6.05570479 0.20000000
    endloop
  endfacet
  facet normal 0.00000000 0.00000000 1.00000000
    outer loop
      vertex -7.18220230 -10.16532260 0.20000000
      vertex 7.40028945 6.05570479 0.20000000
      vertex 7.29547394 6.01618652 0.20000000
    endloop
  endfacet
  facet normal 0.00000000 0.00000000 1.00000000
    outer loop
      vertex -7.18220230 -10.16532260 0.20000000
      vertex 7.29547394 6.01618652 0.20000000
      vertex 7.19162934 5.97396274 0.20000000
    endloop
  endfacet
  facet normal 0.00000000 0.00000000 1.00000000
    outer loop
      vertex -7.18220230 -10.16532260 0.20000000
      vertex 7.19162934 5.97396274 0.20000000
      vertex 7.08874755 5.92902940 0.20000000
    endloop
  endfacet
  facet normal 0.00000000 0.00000000 1.00000000
    outer loop
      vertex -7.18220230 -10.16532260 0.20000000
      vertex 7.08874755 5.92902940 0.20000000
      vertex 6.98682084 5.88138188 0.20000000
    endloop
  endfacet
  facet normal 0.00000000 0.00000000 1.00000000
    outer loop
      vertex -7.18220230 -10.16532260 0.20000000
      vertex 6.98682084 5.88138188 0.20000000
      vertex 6.88584198 5.83101503 0.20000000
    endloop
  endfacet
  facet normal 0.00000000 0.00000000 1.00000000
    outer loop
      vertex -7.18220230 -10.16532260 0.20000000
      vertex 6.88584198 5.83101503 0.20000000
      vertex 6.78580423 5.77792324 0.20000000
    endloop
  endfacet
  facet normal 0.00000000 0.00000000 1.00000000
    outer loop
      vertex -7.18220230 -10.16532260 0.20000000
      vertex 6.78580423 5.77792324 0.20000000
      vertex 6.68670146 5.72210049 0.20000000
    endloop
  endfacet
  facet normal 0.00000000 0.00000000 1.00000000
    outer loop
      vertex -7.18220230 -10.16532260 0.20000000
      vertex 6.68670146 5.72210049 0.20000000
      vertex 6.58852811 5.66354048 0.20000000
    endloop
  endfacet
  facet normal 0.00000000 0.00000000 1.00000000
    outer loop
      vertex -7.18220230 -10.16532260 0.20000000
      vertex 6.58852811 5.66354048 0.20000000
      vertex 6.49127932 5.60223661 0.20000000
    endloop
  endfacet
  facet normal 0.00000000 0.00000000 1.00000000
    outer loop
      vertex -7.18220230 -10.16532260 0.20000000
      vertex 6.49127932 5.60223661 0.20000000
      vertex 6.39495085 5.53818215 0.20000000
    endloop
  endfacet
  facet normal 0.00000000 0.00000000 1.00000000
    outer loop
      vertex -7.18220230 -10.16532260 0.20000000
      vertex 6.39495085 5.53818215 0.20000000
      vertex 6.29953914 5.47137024 0.20000000
    endloop
  endfacet
  facet normal 0.00000000 0.00000000 1.00000000
    outer loop
      vertex -7.18220230 -10.16532260 0.20000000
      vertex 6.29953914 5.47137024 0.20000000
      vertex 6.20504130 5.40179401 0.20000000
    endloop
  endfacet
  facet normal 0.00000000 0.00000000 1.00000000
    outer loop
      vertex -7.18220230 -10.16532260 0.20000000
      vertex 6.20504130 5.40179401 0.20000000
      vertex 6.11145508 5.32944661 0.20000000
    endloop
  endfacet
  facet normal 0.00000000 0.00000000 1.00000000
    outer loop
      vertex -7.18220230 -10.16532260 0.20000000
      vertex 6.11145508 5.32944661 0.20000000
      vertex 6.01877889 5.25432129 0.20000000
    endloop
  endfacet
  facet normal 0.00000000 0.00000000 1.00000000
    outer loop
      vertex -7.18220230 -10.16532260 0.20000000
      vertex 6.01877889 5.25432129 0.20000000
      vertex 5.92701172 5.17641146 0.20000000
    endloop
  endfacet
  facet normal 0.00000000 0.00000000 1.00000000
    outer loop
      vertex -7.18220230 -10.16532260 0.20000000
      vertex 5.92701172 5.17641146 0.20000000
      vertex 5.83541763 5.09505745 0.20000000
    endloop
  endfacet
  facet normal 0.00000000 0.00000000 1.00000000
    outer loop
      vertex -7.18220230 -10.16532260 0.20000000
      vertex 5.83541763 5.09505745 0.20000000
      vertex 3.89829691 3.33590719 0.20000000
    endloop
  endfacet
  facet normal 0.00000000 0.00000000 1.00000000
    outer loop
      vertex -7.18220230 -10.16532260 0.20000000
      vertex 3.89829691 3.33590719 0.20000000
      vertex 3.74762789 3.20168026 0.20000000
    endloop
  endfacet
  facet normal 0.00000000 0.00000000 1.00000000
    outer loop
      vertex -7.18220230 -10.16532260 0.20000000
      vertex 3.74762789 3.20168026 0.20000000
      vertex 3.59464604 3.07058757 0.20000000
    endloop
  endfacet
  facet normal 0.00000000 0.00000000 1.00000000
    outer loop
      vertex -7.18220230 -10.16532260 0.20000000
      vertex 3.59464604 3.07058757 0.20000000
      vertex 3.43998901 2.94320034 0.20000000
    endloop
  endfacet
  facet normal 0.00000000 0.00000000 1.00000000
    outer loop
      vertex -7.18220230 -10.16532260 0.20000000
      vertex 3.43998901 2.94320034 0.20000000
      vertex 3.28365797 2.81952252 0.20000000
    endloop
  endfacet
  facet normal 0.00000000 0.00000000 1.00000000
    outer loop
      vertex -7.18220230 -10.16532260 0.20000000
      vertex 3.28365797 2.81952252 0.20000000
      vertex 3.12565435 2.69955810 0.20000000
    endloop
  endfacet
  facet normal 0.00000000 0.00000000 1.00000000
    outer loop
      vertex -7.18220230 -10.16532260 0.20000000
      vertex 3.12565435 2.69955810 0.20000000
      vertex 2.96597992 2.58331105 0.20000000
    endloop
  endfacet
  facet normal 0.00000000 0.00000000 1.00000000
    outer loop
      vertex -7.18220230 -10.16532260 0.20000000
      vertex 2.96597992 2.58331105 0.20000000
      vertex 2.80463676 2.47078533 0.20000000
    endloop
  endfacet
  facet normal 0.00000000 0.00000000 1.00000000
    outer loop
      vertex -7.18220230 -10.16532260 0.20000000
      vertex 2.80463676 2.47078533 0.20000000
      vertex 2.64162725 2.36198486 0.20000000
    endloop
  endfacet
  facet normal 0.00000000 0.00000000 1.00000000
    outer loop
      vertex -7.18220230 -10.16532260 0.20000000
      vertex 2.64162725 2.36198486 0.20000000
      vertex 2.47695409 2.25691345 0.20000000
    endloop
  endfacet
  facet normal 0.00000000 0.00000000 1.00000000
    outer loop
      vertex -7.18220230 -10.16532260 0.20000000
      vertex 2.47695409 2.25691345 0.20000000
      vertex 2.31062028 2.15557482 0.20000000
    endloop
  endfacet
  facet normal 0.00000000 0.00000000 1.00000000
    outer loop
      vertex -7.18220230 -10.16532260 0.20000000
      vertex 2.31062028 2.15557482 0.20000000
      vertex 2.14262913 2.05797254 0.20000000
    endloop
  endfacet
  facet normal 0.00000000 0.00000000 1.00000000
    outer loop
      vertex -7.18220230 -10.16532260 0.20000000
      vertex 2.14262913 2.05797254 0.20000000
      vertex 1.97298420 1.96411003 0.20000000
    endloop
  endfacet
  facet normal 0.00000000 0.00000000 1.00000000
    outer loop
      vertex -7.18220230 -10.16532260 0.20000000
      vertex 1.97298420 1.96411003 0.20000000
      vertex 1.80168933 1.87399049 0.20000000
    endloop
  endfacet
  facet normal 0.00000000 0.00000000 1.00000000
    outer loop
      vertex -7.18220230 -10.16532260 0.20000000
      vertex 1.80168933 1.87399049 0.20000000
      vertex 1.62874860 1.78761692 0.20000000
    endloop
  endfacet
  facet normal 0.00000000 0.00000000 1.00000000
    outer loop
      vertex -7.18220230 -10.16532260 0.20000000
      vertex 1.62874860 1.78761692 0.20000000
      vertex 1.45416630 1.70499206 0.20000000
    endloop
  endfacet
  facet normal 0.00000000 0.00000000 1.00000000
    outer loop
      vertex -7.18220230 -10.16532260 0.20000000
      vertex 1.45416630 1.70499206 0.20000000
      vertex 1.27794692 1.62611840 0.20000000
    endloop
  endfacet
  facet normal 0.00000000 0.00000000 1.00000000
    outer loop
      vertex -7.18220230 -10.16532260 0.20000000
      vertex 1.27794692 1.62611840 0.20000000
      vertex 1.10009510 1.55099814 0.20000000
    endloop
  endfacet
  facet normal 0.00000000 0.00000000 1.00000000
    outer loop
      vertex -7.18220230 -10.16532260 0.20000000
      vertex 1.10009510 1.55099814 0.20000000
      vertex 0.92061561 1.47963317 0.20000000
    endloop
  endfacet
  facet normal 0.00000000 0.00000000 1.00000000
    outer loop
      vertex -7.18220230 -10.16532260 0.20000000
      vertex 0.92061561 1.47963317 0.20000000
      vertex 0.73951332 1.41202508 0.20000000
    endloop
  endfacet
  facet normal 0.00000000 0.00000000 1.00000000
    outer loop
      vertex -7.18220230 -10.16532260 0.20000000
      vertex 0.73951332 1.41202508 0.20000000
      vertex 0.55679319 1.34817515 0.20000000
    endloop
  endfacet
  facet normal 0.00000000 0.00000000 1.00000000
    outer loop
      vertex -7.18220230 -10.16532260 0.20000000
      vertex 0.55679319 1.34817515 0.20000000
      vertex 0.37246016 1.28808430 0.20000000
    endloop
  endfacet
  facet normal 0.00000000 0.00000000 1.00000000
    outer loop
      vertex -7.18220230 -10.16532260 0.20000000
      vertex 0.37246016 1.28808430 0.20000000
      vertex 0.18651922 1.23175315 0.20000000
    endloop
  endfacet
  facet normal 0.00000000 0.00000000 1.00000000
    outer loop
      vertex -7.18220230 -10.16532260 0.20000000
      vertex 0.18651922 1.23175315 0.20000000
      vertex -0.00102471 1.17918201 0.20000000
    endloop
  endfacet
  facet normal 0.00000000 0.00000000 1.00000000
    outer loop
      vertex -7.18220230 -10.16532260 0.20000000
      vertex -0.00102471 1.17918201 0.20000000
      vertex -0.19016678 1.13037083 0.20000000
    endloop
  endfacet
  facet normal 0.00000000 0.00000000 1.00000000
    outer loop
      vertex -7.18220230 -10.16532260 0.20000000
      vertex -0.19016678 1.13037083 0.20000000
      vertex -0.38090220 1.08531929 0.20000000
    endloop
  endfacet
  facet normal 0.00000000 0.00000000 1.00000000
    outer loop
      vertex -7.18220230 -10.16532260 0.20000000
      vertex -0.38090220 1.08531929 0.20000000
      vertex -0.57322635 1.04402674 0.20000000
    endloop
  endfacet
  facet normal 0.00000000 0.00000000 1.00000000
    outer loop
      vertex -7.18220230 -10.16532260 0.20000000
      vertex -0.57322635 1.04402674 0.20000000
      vertex -0.76713474 1.00649228 0.20000000
    endloop
  endfacet
  facet normal 0.00000000 0.00000000 1.00000000
    outer loop
      vertex -7.18220230 -10.16532260 0.20000000
      vertex -0.76713474 1.00649228 0.20000000
      vertex -0.96262306 0.97271473 0.20000000
    endloop
  endfacet
  facet normal 0.00000000 0.00000000 1.00000000
    outer loop
      vertex -7.18220230 -10.16532260 0.20000000
      vertex -0.96262306 0.97271473 0.20000000
      vertex -1.15968720 0.94269265 0.20000000
    endloop
  endfacet
  facet normal 0.00000000 0.00000000 1.00000000
    outer loop
      vertex -7.18220230 -10.16532260 0.20000000
      vertex -1.15968720 0.94269265 0.20000000
      vertex -1.35832325 0.91642439 0.20000000
    endloop
  endfacet
  facet normal 0.00000000 0.00000000 1.00000000
    outer loop
      vertex -7.18220230 -10.16532260 0.20000000
      vertex -1.35832325 0.91642439 0.20000000
      vertex -1.55852754 0.89390809 0.20000000
    endloop
  endfacet
  facet normal 0.00000000 0.00000000 1.00000000
    outer loop
      vertex -7.18220230 -10.16532260 0.20000000
      vertex -1.55852754 0.89390809 0.20000000
      vertex -1.75944743 0.87522070 0.20000000
    endloop
  endfacet
  facet normal 0.00000000 0.00000000 1.00000000
    outer loop
      vertex -7.18220230 -10.16532260 0.20000000
      vertex -1.75944743 0.87522070 0.20000000
      vertex -3.12369740 0.76144541 0.20000000
    endloop
  endfacet
  facet normal 0.00000000 0.00000000 1.00000000
    outer loop
      vertex -7.18220230 -10.16532260 0.20000000
      vertex -3.12369740 0.76144541 0.20000000
      vertex -3.32733169 0.74655550 0.20000000
    endloop
  endfacet
  facet normal 0.00000000 0.00000000 1.00000000
    outer loop
      vertex -7.18220230 -10.16532260 0.20000000
      vertex -3.32733169 0.74655550 0.20000000
      vertex -3.53075773 0.73589892 0.20000000
    endloop
  endfacet
  facet normal 0.00000000 0.00000000 1.00000000
    outer loop
      vertex -7.18220230 -10.16532260 0.20000000
      vertex -3.53075773 0.73589892 0.20000000
      vertex -3.73306194 0.72954564 0.20000000
    endloop
  endfacet
  facet normal 0.00000000 0.00000000 1.00000000
    outer loop
      vertex -7.18220230 -10.16532260 0.20000000
      vertex -3.73306194 0.72954564 0.20000000
      vertex -3.93424033 0.72749897 0.20000000
    endloop
  endfacet
  facet normal 0.00000000 0.00000000 1.00000000
    outer loop
      vertex -7.18220230 -10.16532260 0.20000000
      vertex -3.93424033 0.72749897 0.20000000
      vertex -4.13428857 0.72976197 0.20000000
    endloop
  endfacet
  facet normal 0.00000000 0.00000000 1.00000000
    outer loop
      vertex -7.18220230 -10.16532260 0.20000000
      vertex -4.13428857 0.72976197 0.20000000
      vertex -4.33320195 0.73633750 0.20000000
    endloop
  endfacet
  facet normal 0.00000000 0.00000000 1.00000000
    outer loop
      vertex -7.18220230 -10.16532260 0.20000000
      vertex -4.33320195 0.73633750 0.20000000
      vertex -4.53097540 0.74722812 0.20000000
    endloop
  endfacet
  facet normal 0.00000000 0.00000000 1.00000000
    outer loop
      vertex -7.18220230 -10.16532260 0.20000000
      vertex -4.53097540 0.74722812 0.20000000
      vertex -4.72760357 0.76243609 0.20000000
    endloop
  endfacet
  facet normal 0.00000000 0.00000000 1.00000000
    outer loop
      vertex -7.18220230 -10.16532260 0.20000000
      vertex -4.72760357 0.76243609 0.20000000
      vertex -4.92308077 0.78196332 0.20000000
    endloop
  endfacet
  facet normal 0.00000000 0.00000000 1.00000000
    outer loop
      vertex -7.18220230 -10.16532260 0.20000000
      vertex -4.92308077 0.78196332 0.20000000
      vertex -5.11740108 0.80581136 0.20000000
    endloop
  endfacet
  facet normal 0.00000000 0.00000000 1.00000000
    outer loop
      vertex -7.18220230 -10.16532260 0.20000000
      vertex -5.11740108 0.80581136 0.20000000
      vertex -5.31055833 0.83398134 0.20000000
    endloop
  endfacet
  facet normal 0.00000000 0.00000000 1.00000000
    outer loop
      vertex -7.18220230 -10.16532260 0.20000000
      vertex -5.31055833 0.83398134 0.20000000
      vertex -5.50254621 0.86647398 0.20000000
    endloop
  endfacet
  facet normal 0.00000000 0.00000000 1.00000000
    outer loop
      vertex -7.18220230 -10.16532260 0.20000000
      vertex -5.50254621 0.86647398 0.20000000
      vertex -5.69335824 0.90328955 0.20000000
    endloop
  endfacet
  facet normal 0.00000000 0.00000000 1.00000000
    outer loop
      vertex -7.18220230 -10.16532260 0.20000000
      vertex -5.69335824 0.90328955 0.20000000
      vertex -5.88298786 0.94442786 0.20000000
    endloop
  endfacet
  facet normal 0.00000000 0.00000000 1.00000000
    outer loop
      vertex -7.18220230 -10.16532260 0.20000000
      vertex -5.88298786 0.94442786 0.20000000
      vertex -6.07142850 0.98988826 0.20000000
    endloop
  endfacet
  facet normal 0.00000000 0.00000000 1.00000000
    outer loop
      vertex -7.18220230 -10.16532260 0.20000000
      vertex -6.07142850 0.98988826 0.20000000
      vertex -6.25867358 1.03966966 0.20000000
    endloop
  endfacet
  facet normal 0.00000000 0.00000000 1.00000000
    outer loop
      vertex -7.18220230 -10.16532260 0.20000000
      vertex -6.25867358 1.03966966 0.20000000
      vertex -6.44471661 1.09377048 0.20000000
    endloop
  endfacet
  facet normal 0.00000000 0.00000000 1.00000000
    outer loop
      vertex -7.18220230 -10.16532260 0.20000000
      vertex -6.44471661 1.09377048 0.20000000
      vertex -6.62955122 1.15218871 0.20000000
    endloop
  endfacet
  facet normal 0.00000000 0.00000000 1.00000000
    outer loop
      vertex -7.18220230 -10.16532260 0.20000000
      vertex -6.62955122 1.15218871 0.20000000
      vertex -6.81317122 1.21492191 0.20000000
    endloop
  endfacet
  facet normal 0.00000000 0.00000000 1.00000000
    outer loop
      vertex -7.18220230 -10.16532260 0.20000000
      vertex -6.81317122 1.21492191 0.20000000
      vertex -6.99557062 1.28196722 0.20000000
    endloop
  endfacet
  facet normal 0.00000000 0.00000000 1.00000000
    outer loop
      vertex -7.18220230 -10.16532260 0.20000000
      vertex -6.99557062 1.28196722 0.20000000
      vertex -7.17674372 1.35332142 0.20000000
    endloop
  endfacet
  facet normal 0.00000000 -0.00000000 1.00000000
    outer loop
      vertex -7.18220230 -10.16532260 0.20000000
      vertex -7.17674372 1.35332142 0.20000000
      vertex -7.35668514 1.42898094 0.20000000
    endloop
  endfacet
  facet normal 0.00000000 0.00000000 1.00000000
    outer loop
      vertex -7.18220230 -10.16532260 0.20000000
      vertex -7.35668514 1.42898094 0.20000000
      vertex -7.53538980 1.50894189 0.20000000
    endloop
  endfacet
  facet normal 0.00000000 0.00000000 1.00000000
    outer loop
      vertex -7.18220230 -10.16532260 0.20000000
      vertex -7.53538980 1.50894189 0.20000000
      vertex -7.71285303 1.59320012 0.20000000
    endloop
  endfacet
  facet normal 0.00000000 0.00000000 1.00000000
    outer loop
      vertex -7.18220230 -10.16532260 0.20000000
      vertex -7.71285303 1.59320012 0.20000000
      vertex -7.88907056 1.68175125 0.20000000
    endloop
  endfacet
  facet normal 0.00000000 0.00000000 1.00000000
    outer loop
      vertex -7.18220230 -10.16532260 0.20000000
      vertex -7.88907056 1.68175125 0.20000000
      vertex -8.06403850 1.77459070 0.20000000
    endloop
  endfacet
  facet normal 0.00000000 0.00000000 1.00000000
    outer loop
      vertex -7.18220230 -10.16532260 0.20000000
      vertex -8.06403850 1.77459070 0.20000000
      vertex -8.23775343 1.87171377 0.20000000
    endloop
  endfacet
  facet normal 0.00000000 0.00000000 1.00000000
    outer loop
      vertex -7.18220230 -10.16532260 0.20000000
      vertex -8.23775343 1.87171377 0.20000000
      vertex -8.41021235 1.97311566 0.20000000
    endloop
  endfacet
  facet normal 0.00000000 0.00000000 1.00000000
    outer loop
      vertex -7.18220230 -10.16532260 0.20000000
      vertex -8.41021235 1.97311566 0.20000000
      vertex -8.58141269 2.07879148 0.20000000
    endloop
  endfacet
  facet normal 0.00000000 0.00000000 1.00000000
    outer loop
      vertex -7.18220230 -10.16532260 0.20000000
      vertex -8.58141269 2.07879148 0.20000000
      vertex -8.75135232 2.18873636 0.20000000
    endloop
  endfacet
  facet normal 0.00000000 0.00000000 1.00000000
    outer loop
      vertex -7.18220230 -10.16532260 0.20000000
      vertex -8.75135232 2.18873636 0.20000000
      vertex -8.92002954 2.30294544 0.20000000
    endloop
  endfacet
  facet normal 0.00000000 0.00000000 1.00000000
    outer loop
      vertex -7.18220230 -10.16532260 0.20000000
      vertex -8.92002954 2.30294544 0.20000000
      vertex -9.08669825 2.42088684 0.20000000
    endloop
  endfacet
  facet normal 0.00000000 0.00000000 1.00000000
    outer loop
      vertex -7.18220230 -10.16532260 0.20000000
      vertex -9.08669825 2.42088684 0.20000000
      vertex -10.84593521 3.69295746 0.20000000
    endloop
  endfacet
  facet normal 0.00000000 0.00000000 1.00000000
    outer loop
      vertex -7.18220230 -10.16532260 0.20000000
      vertex -10.84593521 3.69295746 0.20000000
      vertex -10.93740192 3.76034428 0.20000000
    endloop
  endfacet
  facet normal 0.00000000 0.00000000 1.00000000
    outer loop
      vertex -7.18220230 -10.16532260 0.20000000
      vertex -10.93740192 3.76034428 0.20000000
      vertex -11.02784121 3.82951415 0.20000000
    endloop
  endfacet
  facet normal 0.00000000 0.00000000 1.00000000
    outer loop
      vertex -7.18220230 -10.16532260 0.20000000
      vertex -11.02784121 3.82951415 0.20000000
      vertex -11.11660789 3.89999391 0.20000000
    endloop
  endfacet
  facet normal 0.00000000 0.00000000 1.00000000
    outer loop
      vertex -7.18220230 -10.16532260 0.20000000
      vertex -11.11660789 3.89999391 0.20000000
      vertex -11.20369868 3.97178315 0.20000000
    endloop
  endfacet
  facet normal 0.00000000 0.00000000 1.00000000
    outer loop
      vertex -7.18220230 -10.16532260 0.20000000
      vertex -11.20369868 3.97178315 0.20000000
      vertex -11.28911025 4.04488126 0.20000000
    endloop
  endfacet
  facet normal 0.00000000 0.00000000 1.00000000
    outer loop
      vertex -7.18220230 -10.16532260 0.20000000
      vertex -11.28911025 4.04488126 0.20000000
      vertex -11.37283924 4.11928738 0.20000000
    endloop
  endfacet
  facet normal 0.00000000 0.00000000 1.00000000
    outer loop
      vertex -7.18220230 -10.16532260 0.20000000
      vertex -11.37283924 4.11928738 0.20000000
      vertex -11.45488225 4.19500045 0.20000000
    endloop
  endfacet
  facet normal 0.00000000 0.00000000 1.00000000
    outer loop
      vertex -7.18220230 -10.16532260 0.20000000
      vertex -11.45488225 4.19500045 0.20000000
      vertex -11.53523591 4.27201917 0.20000000
    endloop
  endfacet
  facet normal 0.00000000 0.00000000 1.00000000
    outer loop
      vertex -7.18220230 -10.16532260 0.20000000
      vertex -11.53523591 4.27201917 0.20000000
      vertex -11.61389686 4.35034200 0.20000000
    endloop
  endfacet
  facet normal 0.00000000 0.00000000 1.00000000
    outer loop
      vertex -7.18220230 -10.16532260 0.20000000
      vertex -11.61389686 4.35034200 0.20000000
      vertex -11.69086178 4.42996719 0.20000000
    endloop
  endfacet
  facet normal 0.00000000 0.00000000 1.00000000
    outer loop
      vertex -7.18220230 -10.16532260 0.20000000
      vertex -11.69086178 4.42996719 0.20000000
      vertex -11.76612740 4.51089277 0.20000000
    endloop
  endfacet
  facet normal 0.00000000 0.00000000 1.00000000
    outer loop
      vertex -7.18220230 -10.16532260 0.20000000
      vertex -11.76612740 4.51089277 0.20000000
      vertex -11.83969055 4.59311651 0.20000000
    endloop
  endfacet
  facet normal 0.00000000 0.00000000 1.00000000
    outer loop
      vertex -7.18220230 -10.16532260 0.20000000
      vertex -11.83969055 4.59311651 0.20000000
      vertex -11.91154815 4.67663603 0.20000000
    endloop
  endfacet
  facet normal 0.00000000 0.00000000 1.00000000
    outer loop
      vertex -7.18220230 -10.16532260 0.20000000
      vertex -11.91154815 4.67663603 0.20000000
      vertex -11.98169725 4.76144870 0.20000000
    endloop
  endfacet
  facet normal 0.00000000 0.00000000 1.00000000
    outer loop
      vertex -7.18220230 -10.16532260 0.20000000
      vertex -11.98169725 4.76144870 0.20000000
      vertex -12.05013502 4.84755172 0.20000000
    endloop
  endfacet
  facet normal 0.00000000 0.00000000 1.00000000
    outer loop
      vertex -7.18220230 -10.16532260 0.20000000
      vertex -12.05013502 4.84755172 0.20000000
      vertex -12.11685882 4.93494213 0.20000000
    endloop
  endfacet
  facet normal 0.00000000 0.00000000 1.00000000
    outer loop
      vertex -7.18220230 -10.16532260 0.20000000
      vertex -12.11685882 4.93494213 0.20000000
      vertex -12.18186614 5.02361680 0.20000000
    endloop
  endfacet
  facet normal 0.00000000 0.00000000 1.00000000
    outer loop
      vertex -7.18220230 -10.16532260 0.20000000
      vertex -12.18186614 5.02361680 0.20000000
      vertex -12.24515470 5.11357245 0.20000000
    endloop
  endfacet
  facet normal 0.00000000 0.00000000 1.00000000
    outer loop
      vertex -7.18220230 -10.16532260 0.20000000
      vertex -12.24515470 5.11357245 0.20000000
      vertex -12.30672239 5.20480569 0.20000000
    endloop
  endfacet
  facet normal 0.00000000 0.00000000 1.00000000
    outer loop
      vertex -7.18220230 -10.16532260 0.20000000
      vertex -12.30672239 5.20480569 0.20000000
      vertex -12.36656731 5.29731304 0.20000000
    endloop
  endfacet
  facet normal 0.00000000 0.00000000 1.00000000
    outer loop
      vertex -7.18220230 -10.16532260 0.20000000
      vertex -12.36656731 5.29731304 0.20000000
      vertex -12.42468781 5.39109091 0.20000000
    endloop
  endfacet
  facet normal 0.00000000 0.00000000 1.00000000
    outer loop
      vertex -7.18220230 -10.16532260 0.20000000
      vertex -12.42468781 5.39109091 0.20000000
      vertex -12.48108243 5.48613568 0.20000000
    endloop
  endfacet
  facet normal 0.00000000 0.00000000 1.00000000
    outer loop
      vertex -7.18220230 -10.16532260 0.20000000
      vertex -12.48108243 5.48613568 0.20000000
      vertex -12.53574996 5.58244368 0.20000000
    endloop
  endfacet
  facet normal 0.00000000 0.00000000 1.00000000
    outer loop
      vertex -7.18220230 -10.16532260 0.20000000
      vertex -12.53574996 5.58244368 0.20000000
      vertex -12.58868942 5.68001122 0.20000000
    endloop
  endfacet
  facet normal 0.00000000 0.00000000 1.00000000
    outer loop
      vertex -7.18220230 -10.16532260 0.20000000
      vertex -12.58868942 5.68001122 0.20000000
      vertex -12.63990006 5.77883462 0.20000000
    endloop
  endfacet
  facet normal 0.00000000 0.00000000 1.00000000
    outer loop
      vertex -7.18220230 -10.16532260 0.20000000
      vertex -12.63990006 5.77883462 0.20000000
      vertex -12.68938136 5.87891022 0.20000000
    endloop
  endfacet
  facet normal 0.00000000 0.00000000 1.00000000
    outer loop
      vertex -7.18220230 -10.16532260 0.20000000
      vertex -12.68938136 5.87891022 0.20000000
      vertex -12.73713303 5.98023441 0.20000000
    endloop
  endfacet
  facet normal 0.00000000 0.00000000 1.00000000
    outer loop
      vertex -7.18220230 -10.16532260 0.20000000
      vertex -12.73713303 5.98023441 0.20000000
      vertex -12.78315499 6.08280365 0.20000000
    endloop
  endfacet
  facet normal 0.00000000 0.00000000 1.00000000
    outer loop
      vertex -7.18220230 -10.16532260 0.20000000
      vertex -12.78315499 6.08280365 0.20000000
      vertex -12.82744740 6.18661446 0.20000000
    endloop
  endfacet
  facet normal 0.00000000 0.00000000 1.00000000
    outer loop
      vertex -7.18220230 -10.16532260 0.20000000
      vertex -12.82744740 6.18661446 0.20000000
      vertex -12.87001058 6.29166347 0.20000000
    endloop
  endfacet
  facet normal 0.00000000 0.00000000 1.00000000
    outer loop
      vertex -7.18220230 -10.16532260 0.20000000
      vertex -12.87001058 6.29166347 0.20000000
      vertex -12.91084508 6.39794744 0.20000000
    endloop
  endfacet
  facet normal 0.00000000 0.00000000 1.00000000
    outer loop
      vertex -7.18220230 -10.16532260 0.20000000
      vertex -12.91084508 6.39794744 0.20000000
      vertex -12.94967905 6.50471384 0.20000000
    endloop
  endfacet
  facet normal 0.00000000 0.00000000 1.00000000
    outer loop
      vertex -14.20212113 10.00027348 0.20000000
      vertex -7.18220230 -10.16532260 0.20000000
      vertex -12.94967905 6.50471384 0.20000000
    endloop
  endfacet
  facet normal 0.00000000 0.00000000 1.00000000
    outer loop
      vertex -14.20212113 10.00027348 0.20000000
      vertex -12.94967905 6.50471384 0.20000000
      vertex -13.42692153 7.85410205 0.20000000
    endloop
  endfacet
  facet normal 0.00000000 0.00000000 1.00000000
    outer loop
      vertex -14.20212113 10.00027348 0.20000000
      vertex -13.42692153 7.85410205 0.20000000
      vertex -13.44270813 7.89924591 0.20000000
    endloop
  endfacet
  facet normal 0.00000000 0.00000000 1.00000000
    outer loop
      vertex -14.20212113 10.00027348 0.20000000
      vertex -13.44270813 7.89924591 0.20000000
      vertex -13.45826638 7.94476981 0.20000000
    endloop
  endfacet
  facet normal 0.00000000 0.00000000 1.00000000
    outer loop
      vertex -14.20212113 10.00027348 0.20000000
      vertex -13.45826638 7.94476981 0.20000000
      vertex -13.47349109 7.99037309 0.20000000
    endloop
  endfacet
  facet normal 0.00000000 0.00000000 1.00000000
    outer loop
      vertex -14.20212113 10.00027348 0.20000000
      vertex -13.47349109 7.99037309 0.20000000
      vertex -13.48838217 8.03605558 0.20000000
    endloop
  endfacet
  facet normal 0.00000000 0.00000000 1.00000000
    outer loop
      vertex -14.20212113 10.00027348 0.20000000
      vertex -13.48838217 8.03605558 0.20000000
      vertex -13.50293952 8.08181710 0.20000000
    endloop
  endfacet
  facet normal 0.00000000 0.00000000 1.00000000
    outer loop
      vertex -14.20212113 10.00027348 0.20000000
      vertex -13.50293952 8.08181710 0.20000000
      vertex -13.51716307 8.12765750 0.20000000
    endloop
  endfacet
  facet normal 0.00000000 0.00000000 1.00000000
    outer loop
      vertex -14.20212113 10.00027348 0.20000000
      vertex -13.51716307 8.12765750 0.20000000
      vertex -13.53105271 8.17357658 0.20000000
    endloop
  endfacet
  facet normal 0.00000000 0.00000000 1.00000000
    outer loop
      vertex -14.20212113 10.00027348 0.20000000
      vertex -13.53105271 8.17357658 0.20000000
      vertex -13.54460838 8.21957418 0.20000000
    endloop
  endfacet
  facet normal 0.00000000 0.00000000 1.00000000
    outer loop
      vertex -14.20212113 10.00027348 0.20000000
      vertex -13.54460838 8.21957418 0.20000000
      vertex -13.55782998 8.26565011 0.20000000
    endloop
  endfacet
  facet normal 0.00000000 0.00000000 1.00000000
    outer loop
      vertex -14.20212113 10.00027348 0.20000000
      vertex -13.55782998 8.26565011 0.20000000
      vertex -13.57071746 8.31180418 0.20000000
    endloop
  endfacet
  facet normal 0.00000000 0.00000000 1.00000000
    outer loop
      vertex -14.20212113 10.00027348 0.20000000
      vertex -13.57071746 8.31180418 0.20000000
      vertex -13.58327073 8.35803622 0.20000000
    endloop
  endfacet
  facet normal 0.00000000 0.00000000 1.00000000
    outer loop
      vertex -14.20212113 10.00027348 0.20000000
      vertex -13.58327073 8.35803622 0.20000000
      vertex -13.59548973 8.40434604 0.20000000
    endloop
  endfacet
  facet normal 0.00000000 0.00000000 1.00000000
    outer loop
      vertex -14.20212113 10.00027348 0.20000000
      vertex -13.59548973 8.40434604 0.20000000
      vertex -13.60737440 8.45073344 0.20000000
    endloop
  endfacet
  facet normal 0.00000000 0.00000000 1.00000000
    outer loop
      vertex -14.20212113 10.00027348 0.20000000
      vertex -13.60737440 8.45073344 0.20000000
      vertex -13.61892467 8.49719824 0.20000000
    endloop
  endfacet
  facet normal 0.00000000 0.00000000 1.00000000
    outer loop
      vertex -14.20212113 10.00027348 0.20000000
      vertex -13.61892467 8.49719824 0.20000000
      vertex -13.63014050 8.54374026 0.20000000
    endloop
  endfacet
  facet normal 0.00000000 0.00000000 1.00000000
    outer loop
      vertex -14.20212113 10.00027348 0.20000000
      vertex -13.63014050 8.54374026 0.20000000
      vertex -13.64102183 8.59035928 0.20000000
    endloop
  endfacet
  facet normal 0.00000000 0.00000000 1.00000000
    outer loop
      vertex -14.20212113 10.00027348 0.20000000
      vertex -13.64102183 8.59035928 0.20000000
      vertex -13.65156862 8.63705513 0.20000000
    endloop
  endfacet
  facet normal 0.00000000 0.00000000 1.00000000
    outer loop
      vertex -14.20212113 10.00027348 0.20000000
      vertex -13.65156862 8.63705513 0.20000000
      vertex -13.66178082 8.68382761 0.20000000
    endloop
  endfacet
  facet normal 0.00000000 0.00000000 1.00000000
    outer loop
      vertex -14.20212113 10.00027348 0.20000000
      vertex -13.66178082 8.68382761 0.20000000
      vertex -13.67165839 8.73067652 0.20000000
    endloop
  endfacet
  facet normal 0.00000000 0.00000000 1.00000000
    outer loop
      vertex -14.20212113 10.00027348 0.20000000
      vertex -13.67165839 8.73067652 0.20000000
      vertex -13.68120131 8.77760167 0.20000000
    endloop
  endfacet
  facet normal 0.00000000 0.00000000 1.00000000
    outer loop
      vertex -14.20212113 10.00027348 0.20000000
      vertex -13.68120131 8.77760167 0.20000000
      vertex -13.69040953 8.82460286 0.20000000
    endloop
  endfacet
  facet normal 0.00000000 0.00000000 1.00000000
    outer loop
      vertex -14.20212113 10.00027348 0.20000000
      vertex -13.69040953 8.82460286 0.20000000
      vertex -13.69928304 8.87167989 0.20000000
    endloop
  endfacet
  facet normal 0.00000000 0.00000000 1.00000000
    outer loop
      vertex -14.20212113 10.00027348 0.20000000
      vertex -13.69928304 8.87167989 0.20000000
      vertex -13.70782182 8.91883256 0.20000000
    endloop
  endfacet
  facet normal 0.00000000 0.00000000 1.00000000
    outer loop
      vertex -14.20212113 10.00027348 0.20000000
      vertex -13.70782182 8.91883256 0.20000000
      vertex -13.71602584 8.96606069 0.20000000
    endloop
  endfacet
  facet normal 0.00000000 0.00000000 1.00000000
    outer loop
      vertex -14.20212113 10.00027348 0.20000000
      vertex -13.71602584 8.96606069 0.20000000
      vertex -13.72389510 9.01336407 0.20000000
    endloop
  endfacet
  facet normal 0.00000000 0.00000000 1.00000000
    outer loop
      vertex -14.20212113 10.00027348 0.20000000
      vertex -13.72389510 9.01336407 0.20000000
      vertex -13.73142959 9.06074250 0.20000000
    endloop
  endfacet
  facet normal 0.00000000 0.00000000 1.00000000
    outer loop
      vertex -14.20212113 10.00027348 0.20000000
      vertex -13.73142959 9.06074250 0.20000000
      vertex -13.73862930 9.10819580 0.20000000
    endloop
  endfacet
  facet normal 0.00000000 0.00000000 1.00000000
    outer loop
      vertex -14.20212113 10.00027348 0.20000000
      vertex -13.73862930 9.10819580 0.20000000
      vertex -13.74549423 9.15572376 0.20000000
    endloop
  endfacet
  facet normal 0.00000000 0.00000000 1.00000000
    outer loop
      vertex -14.20212113 10.00027348 0.20000000
      vertex -13.74549423 9.15572376 0.20000000
      vertex -13.75202438 9.20332618 0.20000000
    endloop
  endfacet
  facet normal 0.00000000 0.00000000 1.00000000
    outer loop
      vertex -14.20212113 10.00027348 0.20000000
      vertex -13.75202438 9.20332618 0.20000000
      vertex -13.75821977 9.25100288 0.20000000
    endloop
  endfacet
  facet normal 0.00000000 0.00000000 1.00000000
    outer loop
      vertex -14.20212113 10.00027348 0.20000000
      vertex -13.75821977 9.25100288 0.20000000
      vertex -13.76408041 9.29875367 0.20000000
    endloop
  endfacet
  facet normal 0.00000000 0.00000000 1.00000000
    outer loop
      vertex -14.20212113 10.00027348 0.20000000
      vertex -13.76408041 9.29875367 0.20000000
      vertex -13.76956978 9.34626210 0.20000000
    endloop
  endfacet
  facet normal -0.00000000 0.00000000 1.00000000
    outer loop
      vertex -14.20212113 10.00027348 0.20000000
      vertex -13.76956978 9.34626210 0.20000000
      vertex -13.84792054 10.04607682 0.20000000
    endloop
  endfacet
  facet normal 0.00000000 0.00000000 1.00000000
    outer loop
      vertex -14.20212113 10.00027348 0.20000000
      vertex -13.84792054 10.04607682 0.20000000
      vertex -13.84989432 10.06148956 0.20000000
    endloop
  endfacet
  facet normal 0.00000000 0.00000000 1.00000000
    outer loop
      vertex -14.20212113 10.00027348 0.20000000
      vertex -13.84989432 10.06148956 0.20000000
      vertex -13.85199883 10.07447581 0.20000000
    endloop
  endfacet
  facet normal 0.00000000 0.00000000 1.00000000
    outer loop
      vertex -14.20212113 10.00027348 0.20000000
      vertex -13.85199883 10.07447581 0.20000000
      vertex -13.85436793 10.08640065 0.20000000
    endloop
  endfacet
  facet normal 0.00000000 0.00000000 1.00000000
    outer loop
      vertex -14.20212113 10.00027348 0.20000000
      vertex -13.85436793 10.08640065 0.20000000
      vertex -13.85695508 10.09726134 0.20000000
    endloop
  endfacet
  facet normal 0.00000000 0.00000000 1.00000000
    outer loop
      vertex -14.20212113 10.00027348 0.20000000
      vertex -13.85695508 10.09726134 0.20000000
      vertex -13.85970964 10.10706215 0.20000000
    endloop
  endfacet
  facet normal 0.00000000 0.00000000 1.00000000
    outer loop
      vertex -14.20212113 10.00027348 0.20000000
      vertex -13.85970964 10.10706215 0.20000000
      vertex -13.86550378 10.12354848 0.20000000
    endloop
  endfacet
  facet normal 0.00000000 0.00000000 1.00000000
    outer loop
      vertex -14.20212113 10.00027348 0.20000000
      vertex -13.86550378 10.12354848 0.20000000
      vertex -13.87131287 10.13611097 0.20000000
    endloop
  endfacet
  facet normal 0.00000000 0.00000000 1.00000000
    outer loop
      vertex -14.20212113 10.00027348 0.20000000
      vertex -13.87131287 10.13611097 0.20000000
      vertex -13.87676113 10.14523173 0.20000000
    endloop
  endfacet
  facet normal 0.00000000 0.00000000 1.00000000
    outer loop
      vertex -14.20212113 10.00027348 0.20000000
      vertex -13.87676113 10.14523173 0.20000000
      vertex -13.88392668 10.15408630 0.20000000
    endloop
  endfacet
  facet normal 0.00000000 0.00000000 1.00000000
    outer loop
      vertex -14.20212113 10.00027348 0.20000000
      vertex -13.88392668 10.15408630 0.20000000
      vertex -13.89326082 10.16145277 0.20000000
    endloop
  endfacet
  facet normal 0.00000000 0.00000000 1.00000000
    outer loop
      vertex -14.20212113 10.00027348 0.20000000
      vertex -13.89326082 10.16145277 0.20000000
      vertex -13.90353830 10.16636417 0.20000000
    endloop
  endfacet
  facet normal 0.00000000 0.00000000 1.00000000
    outer loop
      vertex -14.20212113 10.00027348 0.20000000
      vertex -13.90353830 10.16636417 0.20000000
      vertex -13.91367556 10.16954344 0.20000000
    endloop
  endfacet
  facet normal 0.00000000 0.00000000 1.00000000
    outer loop
      vertex -14.20212113 10.00027348 0.20000000
      vertex -13.91367556 10.16954344 0.20000000
      vertex -13.92724417 10.17227376 0.20000000
    endloop
  endfacet
  facet normal 0.00000000 0.00000000 1.00000000
    outer loop
      vertex -14.20212113 10.00027348 0.20000000
      vertex -13.92724417 10.17227376 0.20000000
      vertex -13.94462569 10.17407757 0.20000000
    endloop
  endfacet
  facet normal 0.00000000 0.00000000 1.00000000
    outer loop
      vertex -14.20212113 10.00027348 0.20000000
      vertex -13.94462569 10.17407757 0.20000000
      vertex -13.95479833 10.17447884 0.20000000
    endloop
  endfacet
  facet normal 0.00000000 0.00000000 1.00000000
    outer loop
      vertex -14.20212113 10.00027348 0.20000000
      vertex -13.95479833 10.17447884 0.20000000
      vertex -13.96596291 10.17447096 0.20000000
    endloop
  endfacet
  facet normal 0.00000000 0.00000000 1.00000000
    outer loop
      vertex -14.20212113 10.00027348 0.20000000
      vertex -13.96596291 10.17447096 0.20000000
      vertex -13.97811183 10.17400368 0.20000000
    endloop
  endfacet
  facet normal 0.00000000 0.00000000 1.00000000
    outer loop
      vertex -14.20212113 10.00027348 0.20000000
      vertex -13.97811183 10.17400368 0.20000000
      vertex -13.99123159 10.17303237 0.20000000
    endloop
  endfacet
  facet normal 0.00000000 0.00000000 1.00000000
    outer loop
      vertex -14.20212113 10.00027348 0.20000000
      vertex -13.99123159 10.17303237 0.20000000
      vertex -14.00668102 10.17136995 0.20000000
    endloop
  endfacet
  facet normal 0.00000000 0.00000000 1.00000000
    outer loop
      vertex -14.20212113 10.00027348 0.20000000
      vertex -14.00668102 10.17136995 0.20000000
      vertex -14.07541337 10.16286847 0.20000000
    endloop
  endfacet
  facet normal 0.00000000 0.00000000 1.00000000
    outer loop
      vertex -14.20212113 10.00027348 0.20000000
      vertex -14.07541337 10.16286847 0.20000000
      vertex -14.09080771 10.16071576 0.20000000
    endloop
  endfacet
  facet normal 0.00000000 0.00000000 1.00000000
    outer loop
      vertex -14.20212113 10.00027348 0.20000000
      vertex -14.09080771 10.16071576 0.20000000
      vertex -14.10378519 10.15845859 0.20000000
    endloop
  endfacet
  facet normal 0.00000000 0.00000000 1.00000000
    outer loop
      vertex -14.20212113 10.00027348 0.20000000
      vertex -14.10378519 10.15845859 0.20000000
      vertex -14.11571031 10.15594658 0.20000000
    endloop
  endfacet
  facet normal 0.00000000 0.00000000 1.00000000
    outer loop
      vertex -14.20212113 10.00027348 0.20000000
      vertex -14.11571031 10.15594658 0.20000000
      vertex -14.12658156 10.15322540 0.20000000
    endloop
  endfacet
  facet normal 0.00000000 0.00000000 1.00000000
    outer loop
      vertex -14.20212113 10.00027348 0.20000000
      vertex -14.12658156 10.15322540 0.20000000
      vertex -14.13640445 10.15034453 0.20000000
    endloop
  endfacet
  facet normal 0.00000000 0.00000000 1.00000000
    outer loop
      vertex -14.20212113 10.00027348 0.20000000
      vertex -14.13640445 10.15034453 0.20000000
      vertex -14.15297369 10.14431448 0.20000000
    endloop
  endfacet
  facet normal 0.00000000 0.00000000 1.00000000
    outer loop
      vertex -14.20212113 10.00027348 0.20000000
      vertex -14.15297369 10.14431448 0.20000000
      vertex -14.16567466 10.13827781 0.20000000
    endloop
  endfacet
  facet normal 0.00000000 0.00000000 1.00000000
    outer loop
      vertex -14.20212113 10.00027348 0.20000000
      vertex -14.16567466 10.13827781 0.20000000
      vertex -14.17498647 10.13259057 0.20000000
    endloop
  endfacet
  facet normal 0.00000000 0.00000000 1.00000000
    outer loop
      vertex -14.20212113 10.00027348 0.20000000
      vertex -14.17498647 10.13259057 0.20000000
      vertex -14.18418982 10.12500790 0.20000000
    endloop
  endfacet
  facet normal 0.00000000 0.00000000 1.00000000
    outer loop
      vertex -14.20212113 10.00027348 0.20000000
      vertex -14.18418982 10.12500790 0.20000000
      vertex -14.19198597 10.11500367 0.20000000
    endloop
  endfacet
  facet normal 0.00000000 0.00000000 1.00000000
    outer loop
      vertex -14.20212113 10.00027348 0.20000000
      vertex -14.19198597 10.11500367 0.20000000
      vertex -14.19709011 10.10422656 0.20000000
    endloop
  endfacet
  facet normal 0.00000000 0.00000000 1.00000000
    outer loop
      vertex -14.20212113 10.00027348 0.20000000
      vertex -14.19709011 10.10422656 0.20000000
      vertex -14.20032977 10.09380738 0.20000000
    endloop
  endfacet
  facet normal 0.00000000 -0.00000000 1.00000000
    outer loop
      vertex -14.20212113 10.00027348 0.20000000
      vertex -14.20032977 10.09380738 0.20000000
      vertex -14.20308019 10.08001640 0.20000000
    endloop
  endfacet
  facet normal 0.00000000 0.00000000 1.00000000
    outer loop
      vertex -14.20212113 10.00027348 0.20000000
      vertex -14.20308019 10.08001640 0.20000000
      vertex -14.20487903 10.06247601 0.20000000
    endloop
  endfacet
  facet normal 0.00000000 0.00000000 1.00000000
    outer loop
      vertex -14.20212113 10.00027348 0.20000000
      vertex -14.20487903 10.06247601 0.20000000
      vertex -14.20527251 10.05224695 0.20000000
    endloop
  endfacet
  facet normal 0.00000000 0.00000000 1.00000000
    outer loop
      vertex -14.20212113 10.00027348 0.20000000
      vertex -14.20527251 10.05224695 0.20000000
      vertex -14.20525499 10.04104031 0.20000000
    endloop
  endfacet
  facet normal 0.00000000 0.00000000 1.00000000
    outer loop
      vertex -14.20212113 10.00027348 0.20000000
      vertex -14.20525499 10.04104031 0.20000000
      vertex -14.20477714 10.02886286 0.20000000
    endloop
  endfacet
  facet normal 0.00000000 0.00000000 1.00000000
    outer loop
      vertex -14.20477714 10.02886286 0.20000000
      vertex -14.20379505 10.01572721 0.20000000
      vertex -14.20212113 10.00027348 0.20000000
    endloop
  endfacet
  facet normal 0.00000000 0.00000000 -1.00000000
    outer loop
      vertex -12.32359142 -5.04901732 0.00000000
      vertex -12.37862022 -4.65751328 0.00000000
      vertex -14.20212113 10.00027348 0.00000000
    endloop
  endfacet
  facet normal 0.00000000 0.00000000 -1.00000000
    outer loop
      vertex -12.25800338 -5.42449164 0.00000000
      vertex -12.32359142 -5.04901732 0.00000000
      vertex -14.20212113 10.00027348 0.00000000
    endloop
  endfacet
  facet normal 0.00000000 0.00000000 -1.00000000
    outer loop
      vertex -12.18170554 -5.78529954 0.00000000
      vertex -12.25800338 -5.42449164 0.00000000
      vertex -14.20212113 10.00027348 0.00000000
    endloop
  endfacet
  facet normal 0.00000000 0.00000000 -1.00000000
    outer loop
      vertex -12.09474453 -6.13143877 0.00000000
      vertex -12.18170554 -5.78529954 0.00000000
      vertex -14.20212113 10.00027348 0.00000000
    endloop
  endfacet
  facet normal 0.00000000 0.00000000 -1.00000000
    outer loop
      vertex -11.99717101 -6.46291420 0.00000000
      vertex -12.09474453 -6.13143877 0.00000000
      vertex -14.20212113 10.00027348 0.00000000
    endloop
  endfacet
  facet normal 0.00000000 0.00000000 -1.00000000
    outer loop
      vertex -11.88903876 -6.77973977 0.00000000
      vertex -11.99717101 -6.46291420 0.00000000
      vertex -14.20212113 10.00027348 0.00000000
    endloop
  endfacet
  facet normal 0.00000000 0.00000000 -1.00000000
    outer loop
      vertex -11.77040316 -7.08194055 0.00000000
      vertex -11.88903876 -6.77973977 0.00000000
      vertex -14.20212113 10.00027348 0.00000000
    endloop
  endfacet
  facet normal 0.00000000 0.00000000 -1.00000000
    outer loop
      vertex -11.64131893 -7.36955472 0.00000000
      vertex -11.77040316 -7.08194055 0.00000000
      vertex -14.20212113 10.00027348 0.00000000
    endloop
  endfacet
  facet normal 0.00000000 0.00000000 -1.00000000
    outer loop
      vertex -11.50183714 -7.64263524 0.00000000
      vertex -11.64131893 -7.36955472 0.00000000
      vertex -14.20212113 10.00027348 0.00000000
    endloop
  endfacet
  facet normal 0.00000000 0.00000000 -1.00000000
    outer loop
      vertex -11.35200144 -7.90125073 0.00000000
      vertex -11.50183714 -7.64263524 0.00000000
      vertex -14.20212113 10.00027348 0.00000000
    endloop
  endfacet
  facet normal 0.00000000 0.00000000 -1.00000000
    outer loop
      vertex -11.19184370 -8.14548541 0.00000000
      vertex -11.35200144 -7.90125073 0.00000000
      vertex -14.20212113 10.00027348 0.00000000
    endloop
  endfacet
  facet normal 0.00000000 0.00000000 -1.00000000
    outer loop
      vertex -11.02137951 -8.37543747 0.00000000
      vertex -11.19184370 -8.14548541 0.00000000
      vertex -14.20212113 10.00027348 0.00000000
    endloop
  endfacet
  facet normal 0.00000000 0.00000000 -1.00000000
    outer loop
      vertex -10.84060397 -8.59121586 0.00000000
      vertex -11.02137951 -8.37543747 0.00000000
      vertex -14.20212113 10.00027348 0.00000000
    endloop
  endfacet
  facet normal 0.00000000 0.00000000 -1.00000000
    outer loop
      vertex -10.64948856 -8.79293526 0.00000000
      vertex -10.84060397 -8.59121586 0.00000000
      vertex -14.20212113 10.00027348 0.00000000
    endloop
  endfacet
  facet normal 0.00000000 0.00000000 -1.00000000
    outer loop
      vertex -10.44797973 -8.98070985 0.00000000
      vertex -10.64948856 -8.79293526 0.00000000
      vertex -14.20212113 10.00027348 0.00000000
    endloop
  endfacet
  facet normal 0.00000000 0.00000000 -1.00000000
    outer loop
      vertex -10.23599968 -9.15464614 0.00000000
      vertex -10.44797973 -8.98070985 0.00000000
      vertex -14.20212113 10.00027348 0.00000000
    endloop
  endfacet
  facet normal 0.00000000 0.00000000 -1.00000000
    outer loop
      vertex -10.01344963 -9.31483619 0.00000000
      vertex -10.23599968 -9.15464614 0.00000000
      vertex -14.20212113 10.00027348 0.00000000
    endloop
  endfacet
  facet normal 0.00000000 0.00000000 -1.00000000
    outer loop
      vertex -9.78021526 -9.46135182 0.00000000
      vertex -10.01344963 -9.31483619 0.00000000
      vertex -14.20212113 10.00027348 0.00000000
    endloop
  endfacet
  facet normal 0.00000000 0.00000000 -1.00000000
    outer loop
      vertex -9.53617361 -9.59424084 0.00000000
      vertex -9.78021526 -9.46135182 0.00000000
      vertex -14.20212113 10.00027348 0.00000000
    endloop
  endfacet
  facet normal 0.00000000 0.00000000 -1.00000000
    outer loop
      vertex -9.28120061 -9.71352570 0.00000000
      vertex -9.53617361 -9.59424084 0.00000000
      vertex -14.20212113 10.00027348 0.00000000
    endloop
  endfacet
  facet normal 0.00000000 0.00000000 -1.00000000
    outer loop
      vertex -9.01517809 -9.81920450 0.00000000
      vertex -9.28120061 -9.71352570 0.00000000
      vertex -14.20212113 10.00027348 0.00000000
    endloop
  endfacet
  facet normal 0.00000000 0.00000000 -1.00000000
    outer loop
      vertex -8.73799949 -9.91125398 0.00000000
      vertex -9.01517809 -9.81920450 0.00000000
      vertex -14.20212113 10.00027348 0.00000000
    endloop
  endfacet
  facet normal 0.00000000 0.00000000 -1.00000000
    outer loop
      vertex -8.44957393 -9.98963387 0.00000000
      vertex -8.73799949 -9.91125398 0.00000000
      vertex -14.20212113 10.00027348 0.00000000
    endloop
  endfacet
  facet normal 0.00000000 0.00000000 -1.00000000
    outer loop
      vertex -8.14982821 -10.05429171 0.00000000
      vertex -8.44957393 -9.98963387 0.00000000
      vertex -14.20212113 10.00027348 0.00000000
    endloop
  endfacet
  facet normal 0.00000000 0.00000000 -1.00000000
    outer loop
      vertex -7.83870720 -10.10516771 0.00000000
      vertex -8.14982821 -10.05429171 0.00000000
      vertex -14.20212113 10.00027348 0.00000000
    endloop
  endfacet
  facet normal 0.00000000 0.00000000 -1.00000000
    outer loop
      vertex -7.51617284 -10.14219891 0.00000000
      vertex -7.83870720 -10.10516771 0.00000000
      vertex -14.20212113 10.00027348 0.00000000
    endloop
  endfacet
  facet normal 0.00000000 0.00000000 -1.00000000
    outer loop
      vertex -7.18220230 -10.16532260 0.00000000
      vertex -7.51617284 -10.14219891 0.00000000
      vertex -14.20212113 10.00027348 0.00000000
    endloop
  endfacet
  facet normal -0.00000000 0.00000000 -1.00000000
    outer loop
      vertex -6.47992300 -10.16961206 0.00000000
      vertex -6.83678557 -10.17447884 0.00000000
      vertex -7.18220230 -10.16532260 0.00000000
    endloop
  endfacet
  facet normal 0.00000000 0.00000000 -1.00000000
    outer loop
      vertex -6.11162289 -10.15067205 0.00000000
      vertex -6.47992300 -10.16961206 0.00000000
      vertex -7.18220230 -10.16532260 0.00000000
    endloop
  endfacet
  facet normal 0.00000000 0.00000000 -1.00000000
    outer loop
      vertex -5.73189937 -10.11761433 0.00000000
      vertex -6.11162289 -10.15067205 0.00000000
      vertex -7.18220230 -10.16532260 0.00000000
    endloop
  endfacet
  facet normal 0.00000000 0.00000000 -1.00000000
    outer loop
      vertex -5.33939624 -10.07023423 0.00000000
      vertex -5.73189937 -10.11761433 0.00000000
      vertex -7.18220230 -10.16532260 0.00000000
    endloop
  endfacet
  facet normal 0.00000000 0.00000000 -1.00000000
    outer loop
      vertex 0.44711081 -9.27835171 0.00000000
      vertex -5.33939624 -10.07023423 0.00000000
      vertex -7.18220230 -10.16532260 0.00000000
    endloop
  endfacet
  facet normal 0.00000000 0.00000000 -1.00000000
    outer loop
      vertex 0.57680044 -9.26043060 0.00000000
      vertex 0.44711081 -9.27835171 0.00000000
      vertex -7.18220230 -10.16532260 0.00000000
    endloop
  endfacet
  facet normal 0.00000000 0.00000000 -1.00000000
    outer loop
      vertex 0.70631244 -9.24218808 0.00000000
      vertex 0.57680044 -9.26043060 0.00000000
      vertex -7.18220230 -10.16532260 0.00000000
    endloop
  endfacet
  facet normal 0.00000000 0.00000000 -1.00000000
    outer loop
      vertex 0.83576358 -9.22360799 0.00000000
      vertex 0.70631244 -9.24218808 0.00000000
      vertex -7.18220230 -10.16532260 0.00000000
    endloop
  endfacet
  facet normal 0.00000000 0.00000000 -1.00000000
    outer loop
      vertex 0.96515387 -9.20469035 0.00000000
      vertex 0.83576358 -9.22360799 0.00000000
      vertex -7.18220230 -10.16532260 0.00000000
    endloop
  endfacet
  facet normal 0.00000000 0.00000000 -1.00000000
    outer loop
      vertex 1.09448333 -9.18543515 0.00000000
      vertex 0.96515387 -9.20469035 0.00000000
      vertex -7.18220230 -10.16532260 0.00000000
    endloop
  endfacet
  facet normal 0.00000000 0.00000000 -1.00000000
    outer loop
      vertex 1.22375196 -9.16584239 0.00000000
      vertex 1.09448333 -9.18543515 0.00000000
      vertex -7.18220230 -10.16532260 0.00000000
    endloop
  endfacet
  facet normal 0.00000000 0.00000000 -1.00000000
    outer loop
      vertex 1.35295977 -9.14591207 0.00000000
      vertex 1.22375196 -9.16584239 0.00000000
      vertex -7.18220230 -10.16532260 0.00000000
    endloop
  endfacet
  facet normal 0.00000000 0.00000000 -1.00000000
    outer loop
      vertex 1.48210678 -9.12564418 0.00000000
      vertex 1.35295977 -9.14591207 0.00000000
      vertex -7.18220230 -10.16532260 0.00000000
    endloop
  endfacet
  facet normal 0.00000000 0.00000000 -1.00000000
    outer loop
      vertex 1.61119298 -9.10503874 0.00000000
      vertex 1.48210678 -9.12564418 0.00000000
      vertex -7.18220230 -10.16532260 0.00000000
    endloop
  endfacet
  facet normal 0.00000000 0.00000000 -1.00000000
    outer loop
      vertex 1.74021840 -9.08409572 0.00000000
      vertex 1.61119298 -9.10503874 0.00000000
      vertex -7.18220230 -10.16532260 0.00000000
    endloop
  endfacet
  facet normal 0.00000000 0.00000000 -1.00000000
    outer loop
      vertex 1.86918304 -9.06281515 0.00000000
      vertex 1.74021840 -9.08409572 0.00000000
      vertex -7.18220230 -10.16532260 0.00000000
    endloop
  endfacet
  facet normal 0.00000000 0.00000000 -1.00000000
    outer loop
      vertex 1.99808691 -9.04119700 0.00000000
      vertex 1.86918304 -9.06281515 0.00000000
      vertex -7.18220230 -10.16532260 0.00000000
    endloop
  endfacet
  facet normal 0.00000000 0.00000000 -1.00000000
    outer loop
      vertex 2.12693002 -9.01924129 0.00000000
      vertex 1.99808691 -9.04119700 0.00000000
      vertex -7.18220230 -10.16532260 0.00000000
    endloop
  endfacet
  facet normal 0.00000000 0.00000000 -1.00000000
    outer loop
      vertex 2.25571239 -8.99694801 0.00000000
      vertex 2.12693002 -9.01924129 0.00000000
      vertex -7.18220230 -10.16532260 0.00000000
    endloop
  endfacet
  facet normal 0.00000000 0.00000000 -1.00000000
    outer loop
      vertex 2.38443401 -8.97431716 0.00000000
      vertex 2.25571239 -8.99694801 0.00000000
      vertex -7.18220230 -10.16532260 0.00000000
    endloop
  endfacet
  facet normal 0.00000000 0.00000000 -1.00000000
    outer loop
      vertex 2.51309490 -8.95134873 0.00000000
      vertex 2.38443401 -8.97431716 0.00000000
      vertex -7.18220230 -10.16532260 0.00000000
    endloop
  endfacet
  facet normal 0.00000000 0.00000000 -1.00000000
    outer loop
      vertex 2.64169507 -8.92804273 0.00000000
      vertex 2.51309490 -8.95134873 0.00000000
      vertex -7.18220230 -10.16532260 0.00000000
    endloop
  endfacet
  facet normal 0.00000000 0.00000000 -1.00000000
    outer loop
      vertex 2.77023453 -8.90439915 0.00000000
      vertex 2.64169507 -8.92804273 0.00000000
      vertex -7.18220230 -10.16532260 0.00000000
    endloop
  endfacet
  facet normal 0.00000000 0.00000000 -1.00000000
    outer loop
      vertex 2.89871329 -8.88041800 0.00000000
      vertex 2.77023453 -8.90439915 0.00000000
      vertex -7.18220230 -10.16532260 0.00000000
    endloop
  endfacet
  facet normal 0.00000000 0.00000000 -1.00000000
    outer loop
      vertex 3.02713136 -8.85609926 0.00000000
      vertex 2.89871329 -8.88041800 0.00000000
      vertex -7.18220230 -10.16532260 0.00000000
    endloop
  endfacet
  facet normal 0.00000000 0.00000000 -1.00000000
    outer loop
      vertex 3.15548874 -8.83144294 0.00000000
      vertex 3.02713136 -8.85609926 0.00000000
      vertex -7.18220230 -10.16532260 0.00000000
    endloop
  endfacet
  facet normal 0.00000000 0.00000000 -1.00000000
    outer loop
      vertex 3.28378546 -8.80644904 0.00000000
      vertex 3.15548874 -8.83144294 0.00000000
      vertex -7.18220230 -10.16532260 0.00000000
    endloop
  endfacet
  facet normal 0.00000000 0.00000000 -1.00000000
    outer loop
      vertex 3.41202150 -8.78111755 0.00000000
      vertex 3.28378546 -8.80644904 0.00000000
      vertex -7.18220230 -10.16532260 0.00000000
    endloop
  endfacet
  facet normal 0.00000000 0.00000000 -1.00000000
    outer loop
      vertex 3.54019690 -8.75544848 0.00000000
      vertex 3.41202150 -8.78111755 0.00000000
      vertex -7.18220230 -10.16532260 0.00000000
    endloop
  endfacet
  facet normal 0.00000000 0.00000000 -1.00000000
    outer loop
      vertex 3.66831165 -8.72944181 0.00000000
      vertex 3.54019690 -8.75544848 0.00000000
      vertex -7.18220230 -10.16532260 0.00000000
    endloop
  endfacet
  facet normal 0.00000000 0.00000000 -1.00000000
    outer loop
      vertex 3.79636576 -8.70309755 0.00000000
      vertex 3.66831165 -8.72944181 0.00000000
      vertex -7.18220230 -10.16532260 0.00000000
    endloop
  endfacet
  facet normal 0.00000000 0.00000000 -1.00000000
    outer loop
      vertex 3.92435925 -8.67641569 0.00000000
      vertex 3.79636576 -8.70309755 0.00000000
      vertex -7.18220230 -10.16532260 0.00000000
    endloop
  endfacet
  facet normal 0.00000000 0.00000000 -1.00000000
    outer loop
      vertex 4.05229213 -8.64939624 0.00000000
      vertex 3.92435925 -8.67641569 0.00000000
      vertex -7.18220230 -10.16532260 0.00000000
    endloop
  endfacet
  facet normal 0.00000000 0.00000000 -1.00000000
    outer loop
      vertex 4.18016440 -8.62203918 0.00000000
      vertex 4.05229213 -8.64939624 0.00000000
      vertex -7.18220230 -10.16532260 0.00000000
    endloop
  endfacet
  facet normal 0.00000000 0.00000000 -1.00000000
    outer loop
      vertex 4.30797607 -8.59434453 0.00000000
      vertex 4.18016440 -8.62203918 0.00000000
      vertex -7.18220230 -10.16532260 0.00000000
    endloop
  endfacet
  facet normal 0.00000000 0.00000000 -1.00000000
    outer loop
      vertex 4.43572715 -8.56631226 0.00000000
      vertex 4.30797607 -8.59434453 0.00000000
      vertex -7.18220230 -10.16532260 0.00000000
    endloop
  endfacet
  facet normal 0.00000000 0.00000000 -1.00000000
    outer loop
      vertex 4.56353273 -8.53791682 0.00000000
      vertex 4.43572715 -8.56631226 0.00000000
      vertex -7.18220230 -10.16532260 0.00000000
    endloop
  endfacet
  facet normal 0.00000000 0.00000000 -1.00000000
    outer loop
      vertex 10.28473806 -7.25893075 0.00000000
      vertex 4.56353273 -8.53791682 0.00000000
      vertex -7.18220230 -10.16532260 0.00000000
    endloop
  endfacet
  facet normal 0.00000000 0.00000000 -1.00000000
    outer loop
      vertex 10.33450094 -7.24698480 0.00000000
      vertex 10.28473806 -7.25893075 0.00000000
      vertex -7.18220230 -10.16532260 0.00000000
    endloop
  endfacet
  facet normal 0.00000000 0.00000000 -1.00000000
    outer loop
      vertex 10.38083342 -7.23425170 0.00000000
      vertex 10.33450094 -7.24698480 0.00000000
      vertex -7.18220230 -10.16532260 0.00000000
    endloop
  endfacet
  facet normal 0.00000000 0.00000000 -1.00000000
    outer loop
      vertex 10.42507463 -7.22044265 0.00000000
      vertex 10.38083342 -7.23425170 0.00000000
      vertex -7.18220230 -10.16532260 0.00000000
    endloop
  endfacet
  facet normal 0.00000000 0.00000000 -1.00000000
    outer loop
      vertex 10.46723364 -7.20559081 0.00000000
      vertex 10.42507463 -7.22044265 0.00000000
      vertex -7.18220230 -10.16532260 0.00000000
    endloop
  endfacet
  facet normal 0.00000000 0.00000000 -1.00000000
    outer loop
      vertex 10.50732533 -7.18973020 0.00000000
      vertex 10.46723364 -7.20559081 0.00000000
      vertex -7.18220230 -10.16532260 0.00000000
    endloop
  endfacet
  facet normal 0.00000000 0.00000000 -1.00000000
    outer loop
      vertex 10.54537128 -7.17289471 0.00000000
      vertex 10.50732533 -7.18973020 0.00000000
      vertex -7.18220230 -10.16532260 0.00000000
    endloop
  endfacet
  facet normal 0.00000000 0.00000000 -1.00000000
    outer loop
      vertex 10.58140054 -7.15511683 0.00000000
      vertex 10.54537128 -7.17289471 0.00000000
      vertex -7.18220230 -10.16532260 0.00000000
    endloop
  endfacet
  facet normal 0.00000000 0.00000000 -1.00000000
    outer loop
      vertex 10.61545021 -7.13642612 0.00000000
      vertex 10.58140054 -7.15511683 0.00000000
      vertex -7.18220230 -10.16532260 0.00000000
    endloop
  endfacet
  facet normal 0.00000000 0.00000000 -1.00000000
    outer loop
      vertex 10.64756570 -7.11684736 0.00000000
      vertex 10.61545021 -7.13642612 0.00000000
      vertex -7.18220230 -10.16532260 0.00000000
    endloop
  endfacet
  facet normal 0.00000000 0.00000000 -1.00000000
    outer loop
      vertex 10.67780044 -7.09639853 0.00000000
      vertex 10.64756570 -7.11684736 0.00000000
      vertex -7.18220230 -10.16532260 0.00000000
    endloop
  endfacet
  facet normal 0.00000000 0.00000000 -1.00000000
    outer loop
      vertex 10.70621514 -7.07508884 0.00000000
      vertex 10.67780044 -7.09639853 0.00000000
      vertex -7.18220230 -10.16532260 0.00000000
    endloop
  endfacet
  facet normal 0.00000000 0.00000000 -1.00000000
    outer loop
      vertex 10.73287626 -7.05291679 0.00000000
      vertex 10.70621514 -7.07508884 0.00000000
      vertex -7.18220230 -10.16532260 0.00000000
    endloop
  endfacet
  facet normal 0.00000000 0.00000000 -1.00000000
    outer loop
      vertex 10.75785392 -7.02986865 0.00000000
      vertex 10.73287626 -7.05291679 0.00000000
      vertex -7.18220230 -10.16532260 0.00000000
    endloop
  endfacet
  facet normal 0.00000000 0.00000000 -1.00000000
    outer loop
      vertex 10.78121921 -7.00591760 0.00000000
      vertex 10.75785392 -7.02986865 0.00000000
      vertex -7.18220230 -10.16532260 0.00000000
    endloop
  endfacet
  facet normal 0.00000000 0.00000000 -1.00000000
    outer loop
      vertex 10.80304110 -6.98102360 0.00000000
      vertex 10.78121921 -7.00591760 0.00000000
      vertex -7.18220230 -10.16532260 0.00000000
    endloop
  endfacet
  facet normal 0.00000000 0.00000000 -1.00000000
    outer loop
      vertex 10.82338320 -6.95513422 0.00000000
      vertex 10.80304110 -6.98102360 0.00000000
      vertex -7.18220230 -10.16532260 0.00000000
    endloop
  endfacet
  facet normal 0.00000000 0.00000000 -1.00000000
    outer loop
      vertex 10.84230082 -6.92818640 0.00000000
      vertex 10.82338320 -6.95513422 0.00000000
      vertex -7.18220230 -10.16532260 0.00000000
    endloop
  endfacet
  facet normal 0.00000000 0.00000000 -1.00000000
    outer loop
      vertex 10.85983836 -6.90010900 0.00000000
      vertex 10.84230082 -6.92818640 0.00000000
      vertex -7.18220230 -10.16532260 0.00000000
    endloop
  endfacet
  facet normal 0.00000000 0.00000000 -1.00000000
    outer loop
      vertex 10.87602767 -6.87082597 0.00000000
      vertex 10.85983836 -6.90010900 0.00000000
      vertex -7.18220230 -10.16532260 0.00000000
    endloop
  endfacet
  facet normal 0.00000000 0.00000000 -1.00000000
    outer loop
      vertex 10.89088719 -6.84025974 0.00000000
      vertex 10.87602767 -6.87082597 0.00000000
      vertex -7.18220230 -10.16532260 0.00000000
    endloop
  endfacet
  facet normal 0.00000000 0.00000000 -1.00000000
    outer loop
      vertex 10.90442209 -6.80833448 0.00000000
      vertex 10.89088719 -6.84025974 0.00000000
      vertex -7.18220230 -10.16532260 0.00000000
    endloop
  endfacet
  facet normal 0.00000000 0.00000000 -1.00000000
    outer loop
      vertex 10.91662527 -6.77497911 0.00000000
      vertex 10.90442209 -6.80833448 0.00000000
      vertex -7.18220230 -10.16532260 0.00000000
    endloop
  endfacet
  facet normal 0.00000000 0.00000000 -1.00000000
    outer loop
      vertex 10.92747897 -6.74012956 0.00000000
      vertex 10.91662527 -6.77497911 0.00000000
      vertex -7.18220230 -10.16532260 0.00000000
    endloop
  endfacet
  facet normal 0.00000000 0.00000000 -1.00000000
    outer loop
      vertex 10.93695689 -6.70373036 0.00000000
      vertex 10.92747897 -6.74012956 0.00000000
      vertex -7.18220230 -10.16532260 0.00000000
    endloop
  endfacet
  facet normal 0.00000000 0.00000000 -1.00000000
    outer loop
      vertex 10.94502636 -6.66573554 0.00000000
      vertex 10.93695689 -6.70373036 0.00000000
      vertex -7.18220230 -10.16532260 0.00000000
    endloop
  endfacet
  facet normal 0.00000000 0.00000000 -1.00000000
    outer loop
      vertex 10.95165056 -6.62610878 0.00000000
      vertex 10.94502636 -6.66573554 0.00000000
      vertex -7.18220230 -10.16532260 0.00000000
    endloop
  endfacet
  facet normal 0.00000000 0.00000000 -1.00000000
    outer loop
      vertex 10.95679050 -6.58482308 0.00000000
      vertex 10.95165056 -6.62610878 0.00000000
      vertex -7.18220230 -10.16532260 0.00000000
    endloop
  endfacet
  facet normal 0.00000000 0.00000000 -1.00000000
    outer loop
      vertex 10.96040668 -6.54186000 0.00000000
      vertex 10.95679050 -6.58482308 0.00000000
      vertex -7.18220230 -10.16532260 0.00000000
    endloop
  endfacet
  facet normal 0.00000000 0.00000000 -1.00000000
    outer loop
      vertex 10.96246041 -6.49720867 0.00000000
      vertex 10.96040668 -6.54186000 0.00000000
      vertex -7.18220230 -10.16532260 0.00000000
    endloop
  endfacet
  facet normal 0.00000000 0.00000000 -1.00000000
    outer loop
      vertex 10.96291484 -6.45086465 0.00000000
      vertex 10.96246041 -6.49720867 0.00000000
      vertex -7.18220230 -10.16532260 0.00000000
    endloop
  endfacet
  facet normal 0.00000000 -0.00000000 -1.00000000
    outer loop
      vertex 10.96173559 -6.40282883 0.00000000
      vertex 10.96291484 -6.45086465 0.00000000
      vertex -7.18220230 -10.16532260 0.00000000
    endloop
  endfacet
  facet normal 0.00000000 -0.00000000 -1.00000000
    outer loop
      vertex 10.95881275 -6.35173572 0.00000000
      vertex 10.96173559 -6.40282883 0.00000000
      vertex -7.18220230 -10.16532260 0.00000000
    endloop
  endfacet
  facet normal 0.00000000 -0.00000000 -1.00000000
    outer loop
      vertex 10.78450298 -3.96185706 0.00000000
      vertex 10.95881275 -6.35173572 0.00000000
      vertex -7.18220230 -10.16532260 0.00000000
    endloop
  endfacet
  facet normal 0.00000000 -0.00000000 -1.00000000
    outer loop
      vertex 10.77613832 -3.82263656 0.00000000
      vertex 10.78450298 -3.96185706 0.00000000
      vertex -7.18220230 -10.16532260 0.00000000
    endloop
  endfacet
  facet normal 0.00000000 -0.00000000 -1.00000000
    outer loop
      vertex 10.77142355 -3.68369054 0.00000000
      vertex 10.77613832 -3.82263656 0.00000000
      vertex -7.18220230 -10.16532260 0.00000000
    endloop
  endfacet
  facet normal 0.00000000 -0.00000000 -1.00000000
    outer loop
      vertex 10.77043631 -3.54615922 0.00000000
      vertex 10.77142355 -3.68369054 0.00000000
      vertex -7.18220230 -10.16532260 0.00000000
    endloop
  endfacet
  facet normal 0.00000000 0.00000000 -1.00000000
    outer loop
      vertex 10.77318592 -3.41004922 0.00000000
      vertex 10.77043631 -3.54615922 0.00000000
      vertex -7.18220230 -10.16532260 0.00000000
    endloop
  endfacet
  facet normal 0.00000000 0.00000000 -1.00000000
    outer loop
      vertex 10.77968143 -3.27536846 0.00000000
      vertex 10.77318592 -3.41004922 0.00000000
      vertex -7.18220230 -10.16532260 0.00000000
    endloop
  endfacet
  facet normal 0.00000000 0.00000000 -1.00000000
    outer loop
      vertex 10.78993141 -3.14212628 0.00000000
      vertex 10.77968143 -3.27536846 0.00000000
      vertex -7.18220230 -10.16532260 0.00000000
    endloop
  endfacet
  facet normal 0.00000000 0.00000000 -1.00000000
    outer loop
      vertex 10.80394383 -3.01033334 0.00000000
      vertex 10.78993141 -3.14212628 0.00000000
      vertex -7.18220230 -10.16532260 0.00000000
    endloop
  endfacet
  facet normal 0.00000000 0.00000000 -1.00000000
    outer loop
      vertex 10.82172584 -2.88000163 0.00000000
      vertex 10.80394383 -3.01033334 0.00000000
      vertex -7.18220230 -10.16532260 0.00000000
    endloop
  endfacet
  facet normal 0.00000000 0.00000000 -1.00000000
    outer loop
      vertex 10.84328359 -2.75114442 0.00000000
      vertex 10.82172584 -2.88000163 0.00000000
      vertex -7.18220230 -10.16532260 0.00000000
    endloop
  endfacet
  facet normal 0.00000000 0.00000000 -1.00000000
    outer loop
      vertex 10.86862206 -2.62377610 0.00000000
      vertex 10.84328359 -2.75114442 0.00000000
      vertex -7.18220230 -10.16532260 0.00000000
    endloop
  endfacet
  facet normal 0.00000000 0.00000000 -1.00000000
    outer loop
      vertex 10.89774491 -2.49791208 0.00000000
      vertex 10.86862206 -2.62377610 0.00000000
      vertex -7.18220230 -10.16532260 0.00000000
    endloop
  endfacet
  facet normal 0.00000000 0.00000000 -1.00000000
    outer loop
      vertex 10.93065432 -2.37356860 0.00000000
      vertex 10.89774491 -2.49791208 0.00000000
      vertex -7.18220230 -10.16532260 0.00000000
    endloop
  endfacet
  facet normal 0.00000000 0.00000000 -1.00000000
    outer loop
      vertex 10.96735085 -2.25076251 0.00000000
      vertex 10.93065432 -2.37356860 0.00000000
      vertex -7.18220230 -10.16532260 0.00000000
    endloop
  endfacet
  facet normal 0.00000000 0.00000000 -1.00000000
    outer loop
      vertex 11.00783340 -2.12951104 0.00000000
      vertex 10.96735085 -2.25076251 0.00000000
      vertex -7.18220230 -10.16532260 0.00000000
    endloop
  endfacet
  facet normal 0.00000000 0.00000000 -1.00000000
    outer loop
      vertex 11.05209917 -2.00983155 0.00000000
      vertex 11.00783340 -2.12951104 0.00000000
      vertex -7.18220230 -10.16532260 0.00000000
    endloop
  endfacet
  facet normal 0.00000000 0.00000000 -1.00000000
    outer loop
      vertex 11.10014361 -1.89174124 0.00000000
      vertex 11.05209917 -2.00983155 0.00000000
      vertex -7.18220230 -10.16532260 0.00000000
    endloop
  endfacet
  facet normal 0.00000000 0.00000000 -1.00000000
    outer loop
      vertex 11.15196051 -1.77525692 0.00000000
      vertex 11.10014361 -1.89174124 0.00000000
      vertex -7.18220230 -10.16532260 0.00000000
    endloop
  endfacet
  facet normal 0.00000000 0.00000000 -1.00000000
    outer loop
      vertex 11.20754207 -1.66039470 0.00000000
      vertex 11.15196051 -1.77525692 0.00000000
      vertex -7.18220230 -10.16532260 0.00000000
    endloop
  endfacet
  facet normal 0.00000000 0.00000000 -1.00000000
    outer loop
      vertex 11.26687904 -1.54716978 0.00000000
      vertex 11.20754207 -1.66039470 0.00000000
      vertex -7.18220230 -10.16532260 0.00000000
    endloop
  endfacet
  facet normal 0.00000000 0.00000000 -1.00000000
    outer loop
      vertex 11.32996084 -1.43559623 0.00000000
      vertex 11.26687904 -1.54716978 0.00000000
      vertex -7.18220230 -10.16532260 0.00000000
    endloop
  endfacet
  facet normal 0.00000000 0.00000000 -1.00000000
    outer loop
      vertex 11.39677583 -1.32568678 0.00000000
      vertex 11.32996084 -1.43559623 0.00000000
      vertex -7.18220230 -10.16532260 0.00000000
    endloop
  endfacet
  facet normal 0.00000000 0.00000000 -1.00000000
    outer loop
      vertex 11.46731146 -1.21745270 0.00000000
      vertex 11.39677583 -1.32568678 0.00000000
      vertex -7.18220230 -10.16532260 0.00000000
    endloop
  endfacet
  facet normal 0.00000000 0.00000000 -1.00000000
    outer loop
      vertex 11.54155451 -1.11090367 0.00000000
      vertex 11.46731146 -1.21745270 0.00000000
      vertex -7.18220230 -10.16532260 0.00000000
    endloop
  endfacet
  facet normal 0.00000000 0.00000000 -1.00000000
    outer loop
      vertex 11.61949136 -1.00604774 0.00000000
      vertex 11.54155451 -1.11090367 0.00000000
      vertex -7.18220230 -10.16532260 0.00000000
    endloop
  endfacet
  facet normal 0.00000000 0.00000000 -1.00000000
    outer loop
      vertex 11.70110816 -0.90289130 0.00000000
      vertex 11.61949136 -1.00604774 0.00000000
      vertex -7.18220230 -10.16532260 0.00000000
    endloop
  endfacet
  facet normal 0.00000000 0.00000000 -1.00000000
    outer loop
      vertex 11.78639110 -0.80143911 0.00000000
      vertex 11.70110816 -0.90289130 0.00000000
      vertex -7.18220230 -10.16532260 0.00000000
    endloop
  endfacet
  facet normal 0.00000000 0.00000000 -1.00000000
    outer loop
      vertex 11.87532658 -0.70169432 0.00000000
      vertex 11.78639110 -0.80143911 0.00000000
      vertex -7.18220230 -10.16532260 0.00000000
    endloop
  endfacet
  facet normal 0.00000000 0.00000000 -1.00000000
    outer loop
      vertex 11.96790138 -0.60365859 0.00000000
      vertex 11.87532658 -0.70169432 0.00000000
      vertex -7.18220230 -10.16532260 0.00000000
    endloop
  endfacet
  facet normal 0.00000000 0.00000000 -1.00000000
    outer loop
      vertex 12.06410284 -0.50733220 0.00000000
      vertex 11.96790138 -0.60365859 0.00000000
      vertex -7.18220230 -10.16532260 0.00000000
    endloop
  endfacet
  facet normal 0.00000000 0.00000000 -1.00000000
    outer loop
      vertex 12.16391896 -0.41271413 0.00000000
      vertex 12.06410284 -0.50733220 0.00000000
      vertex -7.18220230 -10.16532260 0.00000000
    endloop
  endfacet
  facet normal 0.00000000 0.00000000 -1.00000000
    outer loop
      vertex 12.26733853 -0.31980225 0.00000000
      vertex 12.16391896 -0.41271413 0.00000000
      vertex -7.18220230 -10.16532260 0.00000000
    endloop
  endfacet
  facet normal 0.00000000 0.00000000 -1.00000000
    outer loop
      vertex 12.37348586 -0.22933093 0.00000000
      vertex 12.26733853 -0.31980225 0.00000000
      vertex -7.18220230 -10.16532260 0.00000000
    endloop
  endfacet
  facet normal 0.00000000 0.00000000 -1.00000000
    outer loop
      vertex 13.79742970 0.95319879 0.00000000
      vertex 12.37348586 -0.22933093 0.00000000
      vertex -7.18220230 -10.16532260 0.00000000
    endloop
  endfacet
  facet normal 0.00000000 0.00000000 -1.00000000
    outer loop
      vertex 13.83326966 0.98384333 0.00000000
      vertex 13.79742970 0.95319879 0.00000000
      vertex -7.18220230 -10.16532260 0.00000000
    endloop
  endfacet
  facet normal 0.00000000 0.00000000 -1.00000000
    outer loop
      vertex 13.86643775 1.01394342 0.00000000
      vertex 13.83326966 0.98384333 0.00000000
      vertex -7.18220230 -10.16532260 0.00000000
    endloop
  endfacet
  facet normal 0.00000000 0.00000000 -1.00000000
    outer loop
      vertex 13.89791418 1.04431484 0.00000000
      vertex 13.86643775 1.01394342 0.00000000
      vertex -7.18220230 -10.16532260 0.00000000
    endloop
  endfacet
  facet normal 0.00000000 0.00000000 -1.00000000
    outer loop
      vertex 13.92771605 1.07494949 0.00000000
      vertex 13.89791418 1.04431484 0.00000000
      vertex -7.18220230 -10.16532260 0.00000000
    endloop
  endfacet
  facet normal 0.00000000 0.00000000 -1.00000000
    outer loop
      vertex 13.95586250 1.10584112 0.00000000
      vertex 13.92771605 1.07494949 0.00000000
      vertex -7.18220230 -10.16532260 0.00000000
    endloop
  endfacet
  facet normal 0.00000000 0.00000000 -1.00000000
    outer loop
      vertex 13.98237466 1.13698577 0.00000000
      vertex 13.95586250 1.10584112 0.00000000
      vertex -7.18220230 -10.16532260 0.00000000
    endloop
  endfacet
  facet normal 0.00000000 0.00000000 -1.00000000
    outer loop
      vertex 14.00727543 1.16838216 0.00000000
      vertex 13.98237466 1.13698577 0.00000000
      vertex -7.18220230 -10.16532260 0.00000000
    endloop
  endfacet
  facet normal 0.00000000 0.00000000 -1.00000000
    outer loop
      vertex 14.03058922 1.20003217 0.00000000
      vertex 14.00727543 1.16838216 0.00000000
      vertex -7.18220230 -10.16532260 0.00000000
    endloop
  endfacet
  facet normal 0.00000000 0.00000000 -1.00000000
    outer loop
      vertex 14.05234152 1.23194114 0.00000000
      vertex 14.03058922 1.20003217 0.00000000
      vertex -7.18220230 -10.16532260 0.00000000
    endloop
  endfacet
  facet normal 0.00000000 0.00000000 -1.00000000
    outer loop
      vertex 14.07255847 1.26411822 0.00000000
      vertex 14.05234152 1.23194114 0.00000000
      vertex -7.18220230 -10.16532260 0.00000000
    endloop
  endfacet
  facet normal 0.00000000 0.00000000 -1.00000000
    outer loop
      vertex 14.09126621 1.29657650 0.00000000
      vertex 14.07255847 1.26411822 0.00000000
      vertex -7.18220230 -10.16532260 0.00000000
    endloop
  endfacet
  facet normal 0.00000000 0.00000000 -1.00000000
    outer loop
      vertex 14.10849029 1.32933316 0.00000000
      vertex 14.09126621 1.29657650 0.00000000
      vertex -7.18220230 -10.16532260 0.00000000
    endloop
  endfacet
  facet normal 0.00000000 0.00000000 -1.00000000
    outer loop
      vertex 14.12425494 1.36240932 0.00000000
      vertex 14.10849029 1.32933316 0.00000000
      vertex -7.18220230 -10.16532260 0.00000000
    endloop
  endfacet
  facet normal 0.00000000 0.00000000 -1.00000000
    outer loop
      vertex 14.13858243 1.39582982 0.00000000
      vertex 14.12425494 1.36240932 0.00000000
      vertex -7.18220230 -10.16532260 0.00000000
    endloop
  endfacet
  facet normal 0.00000000 0.00000000 -1.00000000
    outer loop
      vertex 14.15149231 1.42962281 0.00000000
      vertex 14.13858243 1.39582982 0.00000000
      vertex -7.18220230 -10.16532260 0.00000000
    endloop
  endfacet
  facet normal 0.00000000 0.00000000 -1.00000000
    outer loop
      vertex 14.16300093 1.46381921 0.00000000
      vertex 14.15149231 1.42962281 0.00000000
      vertex -7.18220230 -10.16532260 0.00000000
    endloop
  endfacet
  facet normal 0.00000000 0.00000000 -1.00000000
    outer loop
      vertex 14.17312088 1.49845198 0.00000000
      vertex 14.16300093 1.46381921 0.00000000
      vertex -7.18220230 -10.16532260 0.00000000
    endloop
  endfacet
  facet normal 0.00000000 0.00000000 -1.00000000
    outer loop
      vertex 14.18186068 1.53355536 0.00000000
      vertex 14.17312088 1.49845198 0.00000000
      vertex -7.18220230 -10.16532260 0.00000000
    endloop
  endfacet
  facet normal 0.00000000 0.00000000 -1.00000000
    outer loop
      vertex 14.18922462 1.56916405 0.00000000
      vertex 14.18186068 1.53355536 0.00000000
      vertex -7.18220230 -10.16532260 0.00000000
    endloop
  endfacet
  facet normal 0.00000000 0.00000000 -1.00000000
    outer loop
      vertex 14.19521274 1.60531234 0.00000000
      vertex 14.18922462 1.56916405 0.00000000
      vertex -7.18220230 -10.16532260 0.00000000
    endloop
  endfacet
  facet normal 0.00000000 0.00000000 -1.00000000
    outer loop
      vertex 14.19982101 1.64203334 0.00000000
      vertex 14.19521274 1.60531234 0.00000000
      vertex -7.18220230 -10.16532260 0.00000000
    endloop
  endfacet
  facet normal 0.00000000 0.00000000 -1.00000000
    outer loop
      vertex 14.20304162 1.67935823 0.00000000
      vertex 14.19982101 1.64203334 0.00000000
      vertex -7.18220230 -10.16532260 0.00000000
    endloop
  endfacet
  facet normal 0.00000000 0.00000000 -1.00000000
    outer loop
      vertex 14.20486344 1.71731570 0.00000000
      vertex 14.20304162 1.67935823 0.00000000
      vertex -7.18220230 -10.16532260 0.00000000
    endloop
  endfacet
  facet normal 0.00000000 0.00000000 -1.00000000
    outer loop
      vertex 14.20527251 1.75593148 0.00000000
      vertex 14.20486344 1.71731570 0.00000000
      vertex -7.18220230 -10.16532260 0.00000000
    endloop
  endfacet
  facet normal 0.00000000 -0.00000000 -1.00000000
    outer loop
      vertex 14.20425263 1.79522799 0.00000000
      vertex 14.20527251 1.75593148 0.00000000
      vertex -7.18220230 -10.16532260 0.00000000
    endloop
  endfacet
  facet normal 0.00000000 -0.00000000 -1.00000000
    outer loop
      vertex 14.20178596 1.83522421 0.00000000
      vertex 14.20425263 1.79522799 0.00000000
      vertex -7.18220230 -10.16532260 0.00000000
    endloop
  endfacet
  facet normal 0.00000000 -0.00000000 -1.00000000
    outer loop
      vertex 14.19785352 1.87593562 0.00000000
      vertex 14.20178596 1.83522421 0.00000000
      vertex -7.18220230 -10.16532260 0.00000000
    endloop
  endfacet
  facet normal 0.00000000 -0.00000000 -1.00000000
    outer loop
      vertex 14.19243582 1.91737430 0.00000000
      vertex 14.19785352 1.87593562 0.00000000
      vertex -7.18220230 -10.16532260 0.00000000
    endloop
  endfacet
  facet normal 0.00000000 -0.00000000 -1.00000000
    outer loop
      vertex 14.18551326 1.95954907 0.00000000
      vertex 14.19243582 1.91737430 0.00000000
      vertex -7.18220230 -10.16532260 0.00000000
    endloop
  endfacet
  facet normal 0.00000000 -0.00000000 -1.00000000
    outer loop
      vertex 14.17706655 2.00246576 0.00000000
      vertex 14.18551326 1.95954907 0.00000000
      vertex -7.18220230 -10.16532260 0.00000000
    endloop
  endfacet
  facet normal 0.00000000 -0.00000000 -1.00000000
    outer loop
      vertex 14.16707705 2.04612749 0.00000000
      vertex 14.17706655 2.00246576 0.00000000
      vertex -7.18220230 -10.16532260 0.00000000
    endloop
  endfacet
  facet normal 0.00000000 -0.00000000 -1.00000000
    outer loop
      vertex 14.15520734 2.09176411 0.00000000
      vertex 14.16707705 2.04612749 0.00000000
      vertex -7.18220230 -10.16532260 0.00000000
    endloop
  endfacet
  facet normal 0.00000000 -0.00000000 -1.00000000
    outer loop
      vertex 13.94909132 2.83993329 0.00000000
      vertex 14.15520734 2.09176411 0.00000000
      vertex -7.18220230 -10.16532260 0.00000000
    endloop
  endfacet
  facet normal 0.00000000 -0.00000000 -1.00000000
    outer loop
      vertex 13.92731906 2.91678851 0.00000000
      vertex 13.94909132 2.83993329 0.00000000
      vertex -7.18220230 -10.16532260 0.00000000
    endloop
  endfacet
  facet normal 0.00000000 -0.00000000 -1.00000000
    outer loop
      vertex 13.90470088 2.99241993 0.00000000
      vertex 13.92731906 2.91678851 0.00000000
      vertex -7.18220230 -10.16532260 0.00000000
    endloop
  endfacet
  facet normal 0.00000000 -0.00000000 -1.00000000
    outer loop
      vertex 13.88106031 3.06745317 0.00000000
      vertex 13.90470088 2.99241993 0.00000000
      vertex -7.18220230 -10.16532260 0.00000000
    endloop
  endfacet
  facet normal 0.00000000 -0.00000000 -1.00000000
    outer loop
      vertex 13.85639755 3.14188995 0.00000000
      vertex 13.88106031 3.06745317 0.00000000
      vertex -7.18220230 -10.16532260 0.00000000
    endloop
  endfacet
  facet normal 0.00000000 -0.00000000 -1.00000000
    outer loop
      vertex 13.83071271 3.21573198 0.00000000
      vertex 13.85639755 3.14188995 0.00000000
      vertex -7.18220230 -10.16532260 0.00000000
    endloop
  endfacet
  facet normal 0.00000000 -0.00000000 -1.00000000
    outer loop
      vertex 13.80400585 3.28898105 0.00000000
      vertex 13.83071271 3.21573198 0.00000000
      vertex -7.18220230 -10.16532260 0.00000000
    endloop
  endfacet
  facet normal 0.00000000 -0.00000000 -1.00000000
    outer loop
      vertex 13.77627693 3.36163894 0.00000000
      vertex 13.80400585 3.28898105 0.00000000
      vertex -7.18220230 -10.16532260 0.00000000
    endloop
  endfacet
  facet normal 0.00000000 -0.00000000 -1.00000000
    outer loop
      vertex 13.74752580 3.43370746 0.00000000
      vertex 13.77627693 3.36163894 0.00000000
      vertex -7.18220230 -10.16532260 0.00000000
    endloop
  endfacet
  facet normal 0.00000000 -0.00000000 -1.00000000
    outer loop
      vertex 13.71775227 3.50518846 0.00000000
      vertex 13.74752580 3.43370746 0.00000000
      vertex -7.18220230 -10.16532260 0.00000000
    endloop
  endfacet
  facet normal 0.00000000 -0.00000000 -1.00000000
    outer loop
      vertex 13.68695603 3.57608375 0.00000000
      vertex 13.71775227 3.50518846 0.00000000
      vertex -7.18220230 -10.16532260 0.00000000
    endloop
  endfacet
  facet normal 0.00000000 -0.00000000 -1.00000000
    outer loop
      vertex 13.65513669 3.64639518 0.00000000
      vertex 13.68695603 3.57608375 0.00000000
      vertex -7.18220230 -10.16532260 0.00000000
    endloop
  endfacet
  facet normal 0.00000000 -0.00000000 -1.00000000
    outer loop
      vertex 13.62229376 3.71612458 0.00000000
      vertex 13.65513669 3.64639518 0.00000000
      vertex -7.18220230 -10.16532260 0.00000000
    endloop
  endfacet
  facet normal 0.00000000 -0.00000000 -1.00000000
    outer loop
      vertex 13.58842669 3.78527376 0.00000000
      vertex 13.62229376 3.71612458 0.00000000
      vertex -7.18220230 -10.16532260 0.00000000
    endloop
  endfacet
  facet normal 0.00000000 -0.00000000 -1.00000000
    outer loop
      vertex 13.55353481 3.85384454 0.00000000
      vertex 13.58842669 3.78527376 0.00000000
      vertex -7.18220230 -10.16532260 0.00000000
    endloop
  endfacet
  facet normal 0.00000000 -0.00000000 -1.00000000
    outer loop
      vertex 13.51761739 3.92183869 0.00000000
      vertex 13.55353481 3.85384454 0.00000000
      vertex -7.18220230 -10.16532260 0.00000000
    endloop
  endfacet
  facet normal 0.00000000 -0.00000000 -1.00000000
    outer loop
      vertex 13.48067361 3.98925795 0.00000000
      vertex 13.51761739 3.92183869 0.00000000
      vertex -7.18220230 -10.16532260 0.00000000
    endloop
  endfacet
  facet normal 0.00000000 -0.00000000 -1.00000000
    outer loop
      vertex 13.44270256 4.05610403 0.00000000
      vertex 13.48067361 3.98925795 0.00000000
      vertex -7.18220230 -10.16532260 0.00000000
    endloop
  endfacet
  facet normal 0.00000000 -0.00000000 -1.00000000
    outer loop
      vertex 13.40370326 4.12237861 0.00000000
      vertex 13.44270256 4.05610403 0.00000000
      vertex -7.18220230 -10.16532260 0.00000000
    endloop
  endfacet
  facet normal 0.00000000 -0.00000000 -1.00000000
    outer loop
      vertex 13.36367467 4.18808330 0.00000000
      vertex 13.40370326 4.12237861 0.00000000
      vertex -7.18220230 -10.16532260 0.00000000
    endloop
  endfacet
  facet normal 0.00000000 -0.00000000 -1.00000000
    outer loop
      vertex 13.32261564 4.25321966 0.00000000
      vertex 13.36367467 4.18808330 0.00000000
      vertex -7.18220230 -10.16532260 0.00000000
    endloop
  endfacet
  facet normal 0.00000000 -0.00000000 -1.00000000
    outer loop
      vertex 13.28052500 4.31778919 0.00000000
      vertex 13.32261564 4.25321966 0.00000000
      vertex -7.18220230 -10.16532260 0.00000000
    endloop
  endfacet
  facet normal 0.00000000 -0.00000000 -1.00000000
    outer loop
      vertex 13.23740148 4.38179333 0.00000000
      vertex 13.28052500 4.31778919 0.00000000
      vertex -7.18220230 -10.16532260 0.00000000
    endloop
  endfacet
  facet normal 0.00000000 -0.00000000 -1.00000000
    outer loop
      vertex 13.19324380 4.44523346 0.00000000
      vertex 13.23740148 4.38179333 0.00000000
      vertex -7.18220230 -10.16532260 0.00000000
    endloop
  endfacet
  facet normal 0.00000000 -0.00000000 -1.00000000
    outer loop
      vertex 13.14805058 4.50811087 0.00000000
      vertex 13.19324380 4.44523346 0.00000000
      vertex -7.18220230 -10.16532260 0.00000000
    endloop
  endfacet
  facet normal 0.00000000 -0.00000000 -1.00000000
    outer loop
      vertex 13.10182042 4.57042677 0.00000000
      vertex 13.14805058 4.50811087 0.00000000
      vertex -7.18220230 -10.16532260 0.00000000
    endloop
  endfacet
  facet normal 0.00000000 -0.00000000 -1.00000000
    outer loop
      vertex 13.05455189 4.63218232 0.00000000
      vertex 13.10182042 4.57042677 0.00000000
      vertex -7.18220230 -10.16532260 0.00000000
    endloop
  endfacet
  facet normal 0.00000000 -0.00000000 -1.00000000
    outer loop
      vertex 13.00624350 4.69337858 0.00000000
      vertex 13.05455189 4.63218232 0.00000000
      vertex -7.18220230 -10.16532260 0.00000000
    endloop
  endfacet
  facet normal 0.00000000 -0.00000000 -1.00000000
    outer loop
      vertex 12.95689375 4.75401651 0.00000000
      vertex 13.00624350 4.69337858 0.00000000
      vertex -7.18220230 -10.16532260 0.00000000
    endloop
  endfacet
  facet normal 0.00000000 -0.00000000 -1.00000000
    outer loop
      vertex 12.90650111 4.81409702 0.00000000
      vertex 12.95689375 4.75401651 0.00000000
      vertex -7.18220230 -10.16532260 0.00000000
    endloop
  endfacet
  facet normal 0.00000000 -0.00000000 -1.00000000
    outer loop
      vertex 12.85506405 4.87362091 0.00000000
      vertex 12.90650111 4.81409702 0.00000000
      vertex -7.18220230 -10.16532260 0.00000000
    endloop
  endfacet
  facet normal 0.00000000 -0.00000000 -1.00000000
    outer loop
      vertex 12.80258100 4.93258889 0.00000000
      vertex 12.85506405 4.87362091 0.00000000
      vertex -7.18220230 -10.16532260 0.00000000
    endloop
  endfacet
  facet normal 0.00000000 -0.00000000 -1.00000000
    outer loop
      vertex 12.74861226 4.99147972 0.00000000
      vertex 12.80258100 4.93258889 0.00000000
      vertex -7.18220230 -10.16532260 0.00000000
    endloop
  endfacet
  facet normal 0.00000000 -0.00000000 -1.00000000
    outer loop
      vertex 12.49505965 5.26417182 0.00000000
      vertex 12.74861226 4.99147972 0.00000000
      vertex -7.18220230 -10.16532260 0.00000000
    endloop
  endfacet
  facet normal 0.00000000 -0.00000000 -1.00000000
    outer loop
      vertex 12.43800494 5.32419111 0.00000000
      vertex 12.49505965 5.26417182 0.00000000
      vertex -7.18220230 -10.16532260 0.00000000
    endloop
  endfacet
  facet normal 0.00000000 -0.00000000 -1.00000000
    outer loop
      vertex 12.38088428 5.38164987 0.00000000
      vertex 12.43800494 5.32419111 0.00000000
      vertex -7.18220230 -10.16532260 0.00000000
    endloop
  endfacet
  facet normal 0.00000000 -0.00000000 -1.00000000
    outer loop
      vertex 12.32301948 5.43726806 0.00000000
      vertex 12.38088428 5.38164987 0.00000000
      vertex -7.18220230 -10.16532260 0.00000000
    endloop
  endfacet
  facet normal 0.00000000 -0.00000000 -1.00000000
    outer loop
      vertex 12.26441011 5.49105235 0.00000000
      vertex 12.32301948 5.43726806 0.00000000
      vertex -7.18220230 -10.16532260 0.00000000
    endloop
  endfacet
  facet normal 0.00000000 -0.00000000 -1.00000000
    outer loop
      vertex 12.20505513 5.54300962 0.00000000
      vertex 12.26441011 5.49105235 0.00000000
      vertex -7.18220230 -10.16532260 0.00000000
    endloop
  endfacet
  facet normal 0.00000000 -0.00000000 -1.00000000
    outer loop
      vertex 12.14495290 5.59314690 0.00000000
      vertex 12.20505513 5.54300962 0.00000000
      vertex -7.18220230 -10.16532260 0.00000000
    endloop
  endfacet
  facet normal 0.00000000 -0.00000000 -1.00000000
    outer loop
      vertex 12.08410110 5.64147131 0.00000000
      vertex 12.14495290 5.59314690 0.00000000
      vertex -7.18220230 -10.16532260 0.00000000
    endloop
  endfacet
  facet normal 0.00000000 -0.00000000 -1.00000000
    outer loop
      vertex 12.02249677 5.68799000 0.00000000
      vertex 12.08410110 5.64147131 0.00000000
      vertex -7.18220230 -10.16532260 0.00000000
    endloop
  endfacet
  facet normal 0.00000000 -0.00000000 -1.00000000
    outer loop
      vertex 11.96013626 5.73271007 0.00000000
      vertex 12.02249677 5.68799000 0.00000000
      vertex -7.18220230 -10.16532260 0.00000000
    endloop
  endfacet
  facet normal 0.00000000 -0.00000000 -1.00000000
    outer loop
      vertex 11.89701522 5.77563851 0.00000000
      vertex 11.96013626 5.73271007 0.00000000
      vertex -7.18220230 -10.16532260 0.00000000
    endloop
  endfacet
  facet normal 0.00000000 -0.00000000 -1.00000000
    outer loop
      vertex 11.83312868 5.81678211 0.00000000
      vertex 11.89701522 5.77563851 0.00000000
      vertex -7.18220230 -10.16532260 0.00000000
    endloop
  endfacet
  facet normal 0.00000000 -0.00000000 -1.00000000
    outer loop
      vertex 11.76847100 5.85614738 0.00000000
      vertex 11.83312868 5.81678211 0.00000000
      vertex -7.18220230 -10.16532260 0.00000000
    endloop
  endfacet
  facet normal 0.00000000 -0.00000000 -1.00000000
    outer loop
      vertex 11.70303593 5.89374052 0.00000000
      vertex 11.76847100 5.85614738 0.00000000
      vertex -7.18220230 -10.16532260 0.00000000
    endloop
  endfacet
  facet normal 0.00000000 -0.00000000 -1.00000000
    outer loop
      vertex 11.63681665 5.92956727 0.00000000
      vertex 11.70303593 5.89374052 0.00000000
      vertex -7.18220230 -10.16532260 0.00000000
    endloop
  endfacet
  facet normal 0.00000000 -0.00000000 -1.00000000
    outer loop
      vertex 11.56980585 5.96363292 0.00000000
      vertex 11.63681665 5.92956727 0.00000000
      vertex -7.18220230 -10.16532260 0.00000000
    endloop
  endfacet
  facet normal 0.00000000 -0.00000000 -1.00000000
    outer loop
      vertex 11.50199576 5.99594221 0.00000000
      vertex 11.56980585 5.96363292 0.00000000
      vertex -7.18220230 -10.16532260 0.00000000
    endloop
  endfacet
  facet normal 0.00000000 -0.00000000 -1.00000000
    outer loop
      vertex 11.43337824 6.02649927 0.00000000
      vertex 11.50199576 5.99594221 0.00000000
      vertex -7.18220230 -10.16532260 0.00000000
    endloop
  endfacet
  facet normal 0.00000000 -0.00000000 -1.00000000
    outer loop
      vertex 11.36394485 6.05530760 0.00000000
      vertex 11.43337824 6.02649927 0.00000000
      vertex -7.18220230 -10.16532260 0.00000000
    endloop
  endfacet
  facet normal 0.00000000 -0.00000000 -1.00000000
    outer loop
      vertex 11.29368694 6.08237003 0.00000000
      vertex 11.36394485 6.05530760 0.00000000
      vertex -7.18220230 -10.16532260 0.00000000
    endloop
  endfacet
  facet normal 0.00000000 -0.00000000 -1.00000000
    outer loop
      vertex 11.22259574 6.10768869 0.00000000
      vertex 11.29368694 6.08237003 0.00000000
      vertex -7.18220230 -10.16532260 0.00000000
    endloop
  endfacet
  facet normal 0.00000000 -0.00000000 -1.00000000
    outer loop
      vertex 11.15066246 6.13126503 0.00000000
      vertex 11.22259574 6.10768869 0.00000000
      vertex -7.18220230 -10.16532260 0.00000000
    endloop
  endfacet
  facet normal 0.00000000 -0.00000000 -1.00000000
    outer loop
      vertex 11.07787833 6.15309978 0.00000000
      vertex 11.15066246 6.13126503 0.00000000
      vertex -7.18220230 -10.16532260 0.00000000
    endloop
  endfacet
  facet normal 0.00000000 -0.00000000 -1.00000000
    outer loop
      vertex 11.00423474 6.17319298 0.00000000
      vertex 11.07787833 6.15309978 0.00000000
      vertex -7.18220230 -10.16532260 0.00000000
    endloop
  endfacet
  facet normal 0.00000000 -0.00000000 -1.00000000
    outer loop
      vertex 10.92972327 6.19154402 0.00000000
      vertex 11.00423474 6.17319298 0.00000000
      vertex -7.18220230 -10.16532260 0.00000000
    endloop
  endfacet
  facet normal 0.00000000 -0.00000000 -1.00000000
    outer loop
      vertex 10.85433582 6.20815164 0.00000000
      vertex 10.92972327 6.19154402 0.00000000
      vertex -7.18220230 -10.16532260 0.00000000
    endloop
  endfacet
  facet normal 0.00000000 -0.00000000 -1.00000000
    outer loop
      vertex 10.77806459 6.22301402 0.00000000
      vertex 10.85433582 6.20815164 0.00000000
      vertex -7.18220230 -10.16532260 0.00000000
    endloop
  endfacet
  facet normal 0.00000000 -0.00000000 -1.00000000
    outer loop
      vertex 10.70090224 6.23612876 0.00000000
      vertex 10.77806459 6.22301402 0.00000000
      vertex -7.18220230 -10.16532260 0.00000000
    endloop
  endfacet
  facet normal 0.00000000 -0.00000000 -1.00000000
    outer loop
      vertex 10.62284185 6.24749299 0.00000000
      vertex 10.70090224 6.23612876 0.00000000
      vertex -7.18220230 -10.16532260 0.00000000
    endloop
  endfacet
  facet normal 0.00000000 -0.00000000 -1.00000000
    outer loop
      vertex 10.54387699 6.25710341 0.00000000
      vertex 10.62284185 6.24749299 0.00000000
      vertex -7.18220230 -10.16532260 0.00000000
    endloop
  endfacet
  facet normal 0.00000000 -0.00000000 -1.00000000
    outer loop
      vertex 10.46400178 6.26495632 0.00000000
      vertex 10.54387699 6.25710341 0.00000000
      vertex -7.18220230 -10.16532260 0.00000000
    endloop
  endfacet
  facet normal 0.00000000 -0.00000000 -1.00000000
    outer loop
      vertex 10.38321085 6.27104773 0.00000000
      vertex 10.46400178 6.26495632 0.00000000
      vertex -7.18220230 -10.16532260 0.00000000
    endloop
  endfacet
  facet normal 0.00000000 -0.00000000 -1.00000000
    outer loop
      vertex 10.30051628 6.27542541 0.00000000
      vertex 10.38321085 6.27104773 0.00000000
      vertex -7.18220230 -10.16532260 0.00000000
    endloop
  endfacet
  facet normal 0.00000000 -0.00000000 -1.00000000
    outer loop
      vertex 9.21726446 6.32078771 0.00000000
      vertex 10.30051628 6.27542541 0.00000000
      vertex -7.18220230 -10.16532260 0.00000000
    endloop
  endfacet
  facet normal 0.00000000 -0.00000000 -1.00000000
    outer loop
      vertex 9.09481570 6.32456317 0.00000000
      vertex 9.21726446 6.32078771 0.00000000
      vertex -7.18220230 -10.16532260 0.00000000
    endloop
  endfacet
  facet normal 0.00000000 -0.00000000 -1.00000000
    outer loop
      vertex 8.97444081 6.32558337 0.00000000
      vertex 9.09481570 6.32456317 0.00000000
      vertex -7.18220230 -10.16532260 0.00000000
    endloop
  endfacet
  facet normal 0.00000000 -0.00000000 -1.00000000
    outer loop
      vertex 8.85515208 6.32388327 0.00000000
      vertex 8.97444081 6.32558337 0.00000000
      vertex -7.18220230 -10.16532260 0.00000000
    endloop
  endfacet
  facet normal 0.00000000 -0.00000000 -1.00000000
    outer loop
      vertex 8.73694454 6.31946728 0.00000000
      vertex 8.85515208 6.32388327 0.00000000
      vertex -7.18220230 -10.16532260 0.00000000
    endloop
  endfacet
  facet normal 0.00000000 -0.00000000 -1.00000000
    outer loop
      vertex 8.61981260 6.31233956 0.00000000
      vertex 8.73694454 6.31946728 0.00000000
      vertex -7.18220230 -10.16532260 0.00000000
    endloop
  endfacet
  facet normal 0.00000000 -0.00000000 -1.00000000
    outer loop
      vertex 8.50375018 6.30250393 0.00000000
      vertex 8.61981260 6.31233956 0.00000000
      vertex -7.18220230 -10.16532260 0.00000000
    endloop
  endfacet
  facet normal 0.00000000 -0.00000000 -1.00000000
    outer loop
      vertex 8.38875064 6.28996381 0.00000000
      vertex 8.50375018 6.30250393 0.00000000
      vertex -7.18220230 -10.16532260 0.00000000
    endloop
  endfacet
  facet normal 0.00000000 -0.00000000 -1.00000000
    outer loop
      vertex 8.27480686 6.27472218 0.00000000
      vertex 8.38875064 6.28996381 0.00000000
      vertex -7.18220230 -10.16532260 0.00000000
    endloop
  endfacet
  facet normal 0.00000000 -0.00000000 -1.00000000
    outer loop
      vertex 8.16191128 6.25678152 0.00000000
      vertex 8.27480686 6.27472218 0.00000000
      vertex -7.18220230 -10.16532260 0.00000000
    endloop
  endfacet
  facet normal 0.00000000 -0.00000000 -1.00000000
    outer loop
      vertex 8.05005592 6.23614374 0.00000000
      vertex 8.16191128 6.25678152 0.00000000
      vertex -7.18220230 -10.16532260 0.00000000
    endloop
  endfacet
  facet normal 0.00000000 -0.00000000 -1.00000000
    outer loop
      vertex 7.93923248 6.21281016 0.00000000
      vertex 8.05005592 6.23614374 0.00000000
      vertex -7.18220230 -10.16532260 0.00000000
    endloop
  endfacet
  facet normal 0.00000000 -0.00000000 -1.00000000
    outer loop
      vertex 7.82943241 6.18678144 0.00000000
      vertex 7.93923248 6.21281016 0.00000000
      vertex -7.18220230 -10.16532260 0.00000000
    endloop
  endfacet
  facet normal 0.00000000 -0.00000000 -1.00000000
    outer loop
      vertex 7.72064694 6.15805758 0.00000000
      vertex 7.82943241 6.18678144 0.00000000
      vertex -7.18220230 -10.16532260 0.00000000
    endloop
  endfacet
  facet normal 0.00000000 -0.00000000 -1.00000000
    outer loop
      vertex 7.61286720 6.12663790 0.00000000
      vertex 7.72064694 6.15805758 0.00000000
      vertex -7.18220230 -10.16532260 0.00000000
    endloop
  endfacet
  facet normal 0.00000000 -0.00000000 -1.00000000
    outer loop
      vertex 7.50608432 6.09252100 0.00000000
      vertex 7.61286720 6.12663790 0.00000000
      vertex -7.18220230 -10.16532260 0.00000000
    endloop
  endfacet
  facet normal 0.00000000 -0.00000000 -1.00000000
    outer loop
      vertex 7.40028945 6.05570479 0.00000000
      vertex 7.50608432 6.09252100 0.00000000
      vertex -7.18220230 -10.16532260 0.00000000
    endloop
  endfacet
  facet normal 0.00000000 -0.00000000 -1.00000000
    outer loop
      vertex 7.29547394 6.01618652 0.00000000
      vertex 7.40028945 6.05570479 0.00000000
      vertex -7.18220230 -10.16532260 0.00000000
    endloop
  endfacet
  facet normal 0.00000000 -0.00000000 -1.00000000
    outer loop
      vertex 7.19162934 5.97396274 0.00000000
      vertex 7.29547394 6.01618652 0.00000000
      vertex -7.18220230 -10.16532260 0.00000000
    endloop
  endfacet
  facet normal 0.00000000 -0.00000000 -1.00000000
    outer loop
      vertex 7.08874755 5.92902940 0.00000000
      vertex 7.19162934 5.97396274 0.00000000
      vertex -7.18220230 -10.16532260 0.00000000
    endloop
  endfacet
  facet normal 0.00000000 -0.00000000 -1.00000000
    outer loop
      vertex 6.98682084 5.88138188 0.00000000
      vertex 7.08874755 5.92902940 0.00000000
      vertex -7.18220230 -10.16532260 0.00000000
    endloop
  endfacet
  facet normal 0.00000000 -0.00000000 -1.00000000
    outer loop
      vertex 6.88584198 5.83101503 0.00000000
      vertex 6.98682084 5.88138188 0.00000000
      vertex -7.18220230 -10.16532260 0.00000000
    endloop
  endfacet
  facet normal 0.00000000 -0.00000000 -1.00000000
    outer loop
      vertex 6.78580423 5.77792324 0.00000000
      vertex 6.88584198 5.83101503 0.00000000
      vertex -7.18220230 -10.16532260 0.00000000
    endloop
  endfacet
  facet normal 0.00000000 -0.00000000 -1.00000000
    outer loop
      vertex 6.68670146 5.72210049 0.00000000
      vertex 6.78580423 5.77792324 0.00000000
      vertex -7.18220230 -10.16532260 0.00000000
    endloop
  endfacet
  facet normal 0.00000000 -0.00000000 -1.00000000
    outer loop
      vertex 6.58852811 5.66354048 0.00000000
      vertex 6.68670146 5.72210049 0.00000000
      vertex -7.18220230 -10.16532260 0.00000000
    endloop
  endfacet
  facet normal 0.00000000 -0.00000000 -1.00000000
    outer loop
      vertex 6.49127932 5.60223661 0.00000000
      vertex 6.58852811 5.66354048 0.00000000
      vertex -7.18220230 -10.16532260 0.00000000
    endloop
  endfacet
  facet normal 0.00000000 -0.00000000 -1.00000000
    outer loop
      vertex 6.39495085 5.53818215 0.00000000
      vertex 6.49127932 5.60223661 0.00000000
      vertex -7.18220230 -10.16532260 0.00000000
    endloop
  endfacet
  facet normal 0.00000000 -0.00000000 -1.00000000
    outer loop
      vertex 6.29953914 5.47137024 0.00000000
      vertex 6.39495085 5.53818215 0.00000000
      vertex -7.18220230 -10.16532260 0.00000000
    endloop
  endfacet
  facet normal 0.00000000 -0.00000000 -1.00000000
    outer loop
      vertex 6.20504130 5.40179401 0.00000000
      vertex 6.29953914 5.47137024 0.00000000
      vertex -7.18220230 -10.16532260 0.00000000
    endloop
  endfacet
  facet normal 0.00000000 -0.00000000 -1.00000000
    outer loop
      vertex 6.11145508 5.32944661 0.00000000
      vertex 6.20504130 5.40179401 0.00000000
      vertex -7.18220230 -10.16532260 0.00000000
    endloop
  endfacet
  facet normal 0.00000000 -0.00000000 -1.00000000
    outer loop
      vertex 6.01877889 5.25432129 0.00000000
      vertex 6.11145508 5.32944661 0.00000000
      vertex -7.18220230 -10.16532260 0.00000000
    endloop
  endfacet
  facet normal 0.00000000 -0.00000000 -1.00000000
    outer loop
      vertex 5.92701172 5.17641146 0.00000000
      vertex 6.01877889 5.25432129 0.00000000
      vertex -7.18220230 -10.16532260 0.00000000
    endloop
  endfacet
  facet normal 0.00000000 -0.00000000 -1.00000000
    outer loop
      vertex 5.83541763 5.09505745 0.00000000
      vertex 5.92701172 5.17641146 0.00000000
      vertex -7.18220230 -10.16532260 0.00000000
    endloop
  endfacet
  facet normal 0.00000000 -0.00000000 -1.00000000
    outer loop
      vertex 3.89829691 3.33590719 0.00000000
      vertex 5.83541763 5.09505745 0.00000000
      vertex -7.18220230 -10.16532260 0.00000000
    endloop
  endfacet
  facet normal 0.00000000 -0.00000000 -1.00000000
    outer loop
      vertex 3.74762789 3.20168026 0.00000000
      vertex 3.89829691 3.33590719 0.00000000
      vertex -7.18220230 -10.16532260 0.00000000
    endloop
  endfacet
  facet normal 0.00000000 -0.00000000 -1.00000000
    outer loop
      vertex 3.59464604 3.07058757 0.00000000
      vertex 3.74762789 3.20168026 0.00000000
      vertex -7.18220230 -10.16532260 0.00000000
    endloop
  endfacet
  facet normal 0.00000000 -0.00000000 -1.00000000
    outer loop
      vertex 3.43998901 2.94320034 0.00000000
      vertex 3.59464604 3.07058757 0.00000000
      vertex -7.18220230 -10.16532260 0.00000000
    endloop
  endfacet
  facet normal 0.00000000 -0.00000000 -1.00000000
    outer loop
      vertex 3.28365797 2.81952252 0.00000000
      vertex 3.43998901 2.94320034 0.00000000
      vertex -7.18220230 -10.16532260 0.00000000
    endloop
  endfacet
  facet normal 0.00000000 -0.00000000 -1.00000000
    outer loop
      vertex 3.12565435 2.69955810 0.00000000
      vertex 3.28365797 2.81952252 0.00000000
      vertex -7.18220230 -10.16532260 0.00000000
    endloop
  endfacet
  facet normal 0.00000000 -0.00000000 -1.00000000
    outer loop
      vertex 2.96597992 2.58331105 0.00000000
      vertex 3.12565435 2.69955810 0.00000000
      vertex -7.18220230 -10.16532260 0.00000000
    endloop
  endfacet
  facet normal 0.00000000 -0.00000000 -1.00000000
    outer loop
      vertex 2.80463676 2.47078533 0.00000000
      vertex 2.96597992 2.58331105 0.00000000
      vertex -7.18220230 -10.16532260 0.00000000
    endloop
  endfacet
  facet normal 0.00000000 -0.00000000 -1.00000000
    outer loop
      vertex 2.64162725 2.36198486 0.00000000
      vertex 2.80463676 2.47078533 0.00000000
      vertex -7.18220230 -10.16532260 0.00000000
    endloop
  endfacet
  facet normal 0.00000000 -0.00000000 -1.00000000
    outer loop
      vertex 2.47695409 2.25691345 0.00000000
      vertex 2.64162725 2.36198486 0.00000000
      vertex -7.18220230 -10.16532260 0.00000000
    endloop
  endfacet
  facet normal 0.00000000 -0.00000000 -1.00000000
    outer loop
      vertex 2.31062028 2.15557482 0.00000000
      vertex 2.47695409 2.25691345 0.00000000
      vertex -7.18220230 -10.16532260 0.00000000
    endloop
  endfacet
  facet normal 0.00000000 -0.00000000 -1.00000000
    outer loop
      vertex 2.14262913 2.05797254 0.00000000
      vertex 2.31062028 2.15557482 0.00000000
      vertex -7.18220230 -10.16532260 0.00000000
    endloop
  endfacet
  facet normal 0.00000000 -0.00000000 -1.00000000
    outer loop
      vertex 1.97298420 1.96411003 0.00000000
      vertex 2.14262913 2.05797254 0.00000000
      vertex -7.18220230 -10.16532260 0.00000000
    endloop
  endfacet
  facet normal 0.00000000 -0.00000000 -1.00000000
    outer loop
      vertex 1.80168933 1.87399049 0.00000000
      vertex 1.97298420 1.96411003 0.00000000
      vertex -7.18220230 -10.16532260 0.00000000
    endloop
  endfacet
  facet normal 0.00000000 -0.00000000 -1.00000000
    outer loop
      vertex 1.62874860 1.78761692 0.00000000
      vertex 1.80168933 1.87399049 0.00000000
      vertex -7.18220230 -10.16532260 0.00000000
    endloop
  endfacet
  facet normal 0.00000000 -0.00000000 -1.00000000
    outer loop
      vertex 1.45416630 1.70499206 0.00000000
      vertex 1.62874860 1.78761692 0.00000000
      vertex -7.18220230 -10.16532260 0.00000000
    endloop
  endfacet
  facet normal 0.00000000 -0.00000000 -1.00000000
    outer loop
      vertex 1.27794692 1.62611840 0.00000000
      vertex 1.45416630 1.70499206 0.00000000
      vertex -7.18220230 -10.16532260 0.00000000
    endloop
  endfacet
  facet normal 0.00000000 -0.00000000 -1.00000000
    outer loop
      vertex 1.10009510 1.55099814 0.00000000
      vertex 1.27794692 1.62611840 0.00000000
      vertex -7.18220230 -10.16532260 0.00000000
    endloop
  endfacet
  facet normal 0.00000000 -0.00000000 -1.00000000
    outer loop
      vertex 0.92061561 1.47963317 0.00000000
      vertex 1.10009510 1.55099814 0.00000000
      vertex -7.18220230 -10.16532260 0.00000000
    endloop
  endfacet
  facet normal 0.00000000 -0.00000000 -1.00000000
    outer loop
      vertex 0.73951332 1.41202508 0.00000000
      vertex 0.92061561 1.47963317 0.00000000
      vertex -7.18220230 -10.16532260 0.00000000
    endloop
  endfacet
  facet normal 0.00000000 -0.00000000 -1.00000000
    outer loop
      vertex 0.55679319 1.34817515 0.00000000
      vertex 0.73951332 1.41202508 0.00000000
      vertex -7.18220230 -10.16532260 0.00000000
    endloop
  endfacet
  facet normal 0.00000000 -0.00000000 -1.00000000
    outer loop
      vertex 0.37246016 1.28808430 0.00000000
      vertex 0.55679319 1.34817515 0.00000000
      vertex -7.18220230 -10.16532260 0.00000000
    endloop
  endfacet
  facet normal 0.00000000 -0.00000000 -1.00000000
    outer loop
      vertex 0.18651922 1.23175315 0.00000000
      vertex 0.37246016 1.28808430 0.00000000
      vertex -7.18220230 -10.16532260 0.00000000
    endloop
  endfacet
  facet normal 0.00000000 -0.00000000 -1.00000000
    outer loop
      vertex -0.00102471 1.17918201 0.00000000
      vertex 0.18651922 1.23175315 0.00000000
      vertex -7.18220230 -10.16532260 0.00000000
    endloop
  endfacet
  facet normal 0.00000000 -0.00000000 -1.00000000
    outer loop
      vertex -0.19016678 1.13037083 0.00000000
      vertex -0.00102471 1.17918201 0.00000000
      vertex -7.18220230 -10.16532260 0.00000000
    endloop
  endfacet
  facet normal 0.00000000 -0.00000000 -1.00000000
    outer loop
      vertex -0.38090220 1.08531929 0.00000000
      vertex -0.19016678 1.13037083 0.00000000
      vertex -7.18220230 -10.16532260 0.00000000
    endloop
  endfacet
  facet normal 0.00000000 -0.00000000 -1.00000000
    outer loop
      vertex -0.57322635 1.04402674 0.00000000
      vertex -0.38090220 1.08531929 0.00000000
      vertex -7.18220230 -10.16532260 0.00000000
    endloop
  endfacet
  facet normal 0.00000000 -0.00000000 -1.00000000
    outer loop
      vertex -0.76713474 1.00649228 0.00000000
      vertex -0.57322635 1.04402674 0.00000000
      vertex -7.18220230 -10.16532260 0.00000000
    endloop
  endfacet
  facet normal 0.00000000 -0.00000000 -1.00000000
    outer loop
      vertex -0.96262306 0.97271473 0.00000000
      vertex -0.76713474 1.00649228 0.00000000
      vertex -7.18220230 -10.16532260 0.00000000
    endloop
  endfacet
  facet normal 0.00000000 -0.00000000 -1.00000000
    outer loop
      vertex -1.15968720 0.94269265 0.00000000
      vertex -0.96262306 0.97271473 0.00000000
      vertex -7.18220230 -10.16532260 0.00000000
    endloop
  endfacet
  facet normal 0.00000000 -0.00000000 -1.00000000
    outer loop
      vertex -1.35832325 0.91642439 0.00000000
      vertex -1.15968720 0.94269265 0.00000000
      vertex -7.18220230 -10.16532260 0.00000000
    endloop
  endfacet
  facet normal 0.00000000 -0.00000000 -1.00000000
    outer loop
      vertex -1.55852754 0.89390809 0.00000000
      vertex -1.35832325 0.91642439 0.00000000
      vertex -7.18220230 -10.16532260 0.00000000
    endloop
  endfacet
  facet normal 0.00000000 -0.00000000 -1.00000000
    outer loop
      vertex -1.75944743 0.87522070 0.00000000
      vertex -1.55852754 0.89390809 0.00000000
      vertex -7.18220230 -10.16532260 0.00000000
    endloop
  endfacet
  facet normal 0.00000000 -0.00000000 -1.00000000
    outer loop
      vertex -3.12369740 0.76144541 0.00000000
      vertex -1.75944743 0.87522070 0.00000000
      vertex -7.18220230 -10.16532260 0.00000000
    endloop
  endfacet
  facet normal 0.00000000 -0.00000000 -1.00000000
    outer loop
      vertex -3.32733169 0.74655550 0.00000000
      vertex -3.12369740 0.76144541 0.00000000
      vertex -7.18220230 -10.16532260 0.00000000
    endloop
  endfacet
  facet normal 0.00000000 -0.00000000 -1.00000000
    outer loop
      vertex -3.53075773 0.73589892 0.00000000
      vertex -3.32733169 0.74655550 0.00000000
      vertex -7.18220230 -10.16532260 0.00000000
    endloop
  endfacet
  facet normal 0.00000000 -0.00000000 -1.00000000
    outer loop
      vertex -3.73306194 0.72954564 0.00000000
      vertex -3.53075773 0.73589892 0.00000000
      vertex -7.18220230 -10.16532260 0.00000000
    endloop
  endfacet
  facet normal 0.00000000 -0.00000000 -1.00000000
    outer loop
      vertex -3.93424033 0.72749897 0.00000000
      vertex -3.73306194 0.72954564 0.00000000
      vertex -7.18220230 -10.16532260 0.00000000
    endloop
  endfacet
  facet normal 0.00000000 -0.00000000 -1.00000000
    outer loop
      vertex -4.13428857 0.72976197 0.00000000
      vertex -3.93424033 0.72749897 0.00000000
      vertex -7.18220230 -10.16532260 0.00000000
    endloop
  endfacet
  facet normal 0.00000000 -0.00000000 -1.00000000
    outer loop
      vertex -4.33320195 0.73633750 0.00000000
      vertex -4.13428857 0.72976197 0.00000000
      vertex -7.18220230 -10.16532260 0.00000000
    endloop
  endfacet
  facet normal 0.00000000 -0.00000000 -1.00000000
    outer loop
      vertex -4.53097540 0.74722812 0.00000000
      vertex -4.33320195 0.73633750 0.00000000
      vertex -7.18220230 -10.16532260 0.00000000
    endloop
  endfacet
  facet normal 0.00000000 -0.00000000 -1.00000000
    outer loop
      vertex -4.72760357 0.76243609 0.00000000
      vertex -4.53097540 0.74722812 0.00000000
      vertex -7.18220230 -10.16532260 0.00000000
    endloop
  endfacet
  facet normal 0.00000000 -0.00000000 -1.00000000
    outer loop
      vertex -4.92308077 0.78196332 0.00000000
      vertex -4.72760357 0.76243609 0.00000000
      vertex -7.18220230 -10.16532260 0.00000000
    endloop
  endfacet
  facet normal 0.00000000 -0.00000000 -1.00000000
    outer loop
      vertex -5.11740108 0.80581136 0.00000000
      vertex -4.92308077 0.78196332 0.00000000
      vertex -7.18220230 -10.16532260 0.00000000
    endloop
  endfacet
  facet normal 0.00000000 -0.00000000 -1.00000000
    outer loop
      vertex -5.31055833 0.83398134 0.00000000
      vertex -5.11740108 0.80581136 0.00000000
      vertex -7.18220230 -10.16532260 0.00000000
    endloop
  endfacet
  facet normal 0.00000000 -0.00000000 -1.00000000
    outer loop
      vertex -5.50254621 0.86647398 0.00000000
      vertex -5.31055833 0.83398134 0.00000000
      vertex -7.18220230 -10.16532260 0.00000000
    endloop
  endfacet
  facet normal 0.00000000 -0.00000000 -1.00000000
    outer loop
      vertex -5.69335824 0.90328955 0.00000000
      vertex -5.50254621 0.86647398 0.00000000
      vertex -7.18220230 -10.16532260 0.00000000
    endloop
  endfacet
  facet normal 0.00000000 -0.00000000 -1.00000000
    outer loop
      vertex -5.88298786 0.94442786 0.00000000
      vertex -5.69335824 0.90328955 0.00000000
      vertex -7.18220230 -10.16532260 0.00000000
    endloop
  endfacet
  facet normal 0.00000000 -0.00000000 -1.00000000
    outer loop
      vertex -6.07142850 0.98988826 0.00000000
      vertex -5.88298786 0.94442786 0.00000000
      vertex -7.18220230 -10.16532260 0.00000000
    endloop
  endfacet
  facet normal 0.00000000 -0.00000000 -1.00000000
    outer loop
      vertex -6.25867358 1.03966966 0.00000000
      vertex -6.07142850 0.98988826 0.00000000
      vertex -7.18220230 -10.16532260 0.00000000
    endloop
  endfacet
  facet normal 0.00000000 -0.00000000 -1.00000000
    outer loop
      vertex -6.44471661 1.09377048 0.00000000
      vertex -6.25867358 1.03966966 0.00000000
      vertex -7.18220230 -10.16532260 0.00000000
    endloop
  endfacet
  facet normal 0.00000000 -0.00000000 -1.00000000
    outer loop
      vertex -6.62955122 1.15218871 0.00000000
      vertex -6.44471661 1.09377048 0.00000000
      vertex -7.18220230 -10.16532260 0.00000000
    endloop
  endfacet
  facet normal 0.00000000 -0.00000000 -1.00000000
    outer loop
      vertex -6.81317122 1.21492191 0.00000000
      vertex -6.62955122 1.15218871 0.00000000
      vertex -7.18220230 -10.16532260 0.00000000
    endloop
  endfacet
  facet normal 0.00000000 -0.00000000 -1.00000000
    outer loop
      vertex -6.99557062 1.28196722 0.00000000
      vertex -6.81317122 1.21492191 0.00000000
      vertex -7.18220230 -10.16532260 0.00000000
    endloop
  endfacet
  facet normal 0.00000000 -0.00000000 -1.00000000
    outer loop
      vertex -7.17674372 1.35332142 0.00000000
      vertex -6.99557062 1.28196722 0.00000000
      vertex -7.18220230 -10.16532260 0.00000000
    endloop
  endfacet
  facet normal 0.00000000 0.00000000 -1.00000000
    outer loop
      vertex -7.35668514 1.42898094 0.00000000
      vertex -7.17674372 1.35332142 0.00000000
      vertex -7.18220230 -10.16532260 0.00000000
    endloop
  endfacet
  facet normal 0.00000000 0.00000000 -1.00000000
    outer loop
      vertex -7.53538980 1.50894189 0.00000000
      vertex -7.35668514 1.42898094 0.00000000
      vertex -7.18220230 -10.16532260 0.00000000
    endloop
  endfacet
  facet normal 0.00000000 0.00000000 -1.00000000
    outer loop
      vertex -7.71285303 1.59320012 0.00000000
      vertex -7.53538980 1.50894189 0.00000000
      vertex -7.18220230 -10.16532260 0.00000000
    endloop
  endfacet
  facet normal 0.00000000 0.00000000 -1.00000000
    outer loop
      vertex -7.88907056 1.68175125 0.00000000
      vertex -7.71285303 1.59320012 0.00000000
      vertex -7.18220230 -10.16532260 0.00000000
    endloop
  endfacet
  facet normal 0.00000000 0.00000000 -1.00000000
    outer loop
      vertex -8.06403850 1.77459070 0.00000000
      vertex -7.88907056 1.68175125 0.00000000
      vertex -7.18220230 -10.16532260 0.00000000
    endloop
  endfacet
  facet normal 0.00000000 0.00000000 -1.00000000
    outer loop
      vertex -8.23775343 1.87171377 0.00000000
      vertex -8.06403850 1.77459070 0.00000000
      vertex -7.18220230 -10.16532260 0.00000000
    endloop
  endfacet
  facet normal 0.00000000 0.00000000 -1.00000000
    outer loop
      vertex -8.41021235 1.97311566 0.00000000
      vertex -8.23775343 1.87171377 0.00000000
      vertex -7.18220230 -10.16532260 0.00000000
    endloop
  endfacet
  facet normal 0.00000000 0.00000000 -1.00000000
    outer loop
      vertex -8.58141269 2.07879148 0.00000000
      vertex -8.41021235 1.97311566 0.00000000
      vertex -7.18220230 -10.16532260 0.00000000
    endloop
  endfacet
  facet normal 0.00000000 0.00000000 -1.00000000
    outer loop
      vertex -8.75135232 2.18873636 0.00000000
      vertex -8.58141269 2.07879148 0.00000000
      vertex -7.18220230 -10.16532260 0.00000000
    endloop
  endfacet
  facet normal 0.00000000 0.00000000 -1.00000000
    outer loop
      vertex -8.92002954 2.30294544 0.00000000
      vertex -8.75135232 2.18873636 0.00000000
      vertex -7.18220230 -10.16532260 0.00000000
    endloop
  endfacet
  facet normal 0.00000000 0.00000000 -1.00000000
    outer loop
      vertex -9.08669825 2.42088684 0.00000000
      vertex -8.92002954 2.30294544 0.00000000
      vertex -7.18220230 -10.16532260 0.00000000
    endloop
  endfacet
  facet normal 0.00000000 0.00000000 -1.00000000
    outer loop
      vertex -10.84593521 3.69295746 0.00000000
      vertex -9.08669825 2.42088684 0.00000000
      vertex -7.18220230 -10.16532260 0.00000000
    endloop
  endfacet
  facet normal 0.00000000 0.00000000 -1.00000000
    outer loop
      vertex -10.93740192 3.76034428 0.00000000
      vertex -10.84593521 3.69295746 0.00000000
      vertex -7.18220230 -10.16532260 0.00000000
    endloop
  endfacet
  facet normal 0.00000000 0.00000000 -1.00000000
    outer loop
      vertex -11.02784121 3.82951415 0.00000000
      vertex -10.93740192 3.76034428 0.00000000
      vertex -7.18220230 -10.16532260 0.00000000
    endloop
  endfacet
  facet normal 0.00000000 0.00000000 -1.00000000
    outer loop
      vertex -11.11660789 3.89999391 0.00000000
      vertex -11.02784121 3.82951415 0.00000000
      vertex -7.18220230 -10.16532260 0.00000000
    endloop
  endfacet
  facet normal 0.00000000 0.00000000 -1.00000000
    outer loop
      vertex -11.20369868 3.97178315 0.00000000
      vertex -11.11660789 3.89999391 0.00000000
      vertex -7.18220230 -10.16532260 0.00000000
    endloop
  endfacet
  facet normal 0.00000000 0.00000000 -1.00000000
    outer loop
      vertex -11.28911025 4.04488126 0.00000000
      vertex -11.20369868 3.97178315 0.00000000
      vertex -7.18220230 -10.16532260 0.00000000
    endloop
  endfacet
  facet normal 0.00000000 0.00000000 -1.00000000
    outer loop
      vertex -11.37283924 4.11928738 0.00000000
      vertex -11.28911025 4.04488126 0.00000000
      vertex -7.18220230 -10.16532260 0.00000000
    endloop
  endfacet
  facet normal 0.00000000 0.00000000 -1.00000000
    outer loop
      vertex -11.45488225 4.19500045 0.00000000
      vertex -11.37283924 4.11928738 0.00000000
      vertex -7.18220230 -10.16532260 0.00000000
    endloop
  endfacet
  facet normal 0.00000000 0.00000000 -1.00000000
    outer loop
      vertex -11.53523591 4.27201917 0.00000000
      vertex -11.45488225 4.19500045 0.00000000
      vertex -7.18220230 -10.16532260 0.00000000
    endloop
  endfacet
  facet normal 0.00000000 0.00000000 -1.00000000
    outer loop
      vertex -11.61389686 4.35034200 0.00000000
      vertex -11.53523591 4.27201917 0.00000000
      vertex -7.18220230 -10.16532260 0.00000000
    endloop
  endfacet
  facet normal 0.00000000 0.00000000 -1.00000000
    outer loop
      vertex -11.69086178 4.42996719 0.00000000
      vertex -11.61389686 4.35034200 0.00000000
      vertex -7.18220230 -10.16532260 0.00000000
    endloop
  endfacet
  facet normal 0.00000000 0.00000000 -1.00000000
    outer loop
      vertex -11.76612740 4.51089277 0.00000000
      vertex -11.69086178 4.42996719 0.00000000
      vertex -7.18220230 -10.16532260 0.00000000
    endloop
  endfacet
  facet normal 0.00000000 0.00000000 -1.00000000
    outer loop
      vertex -11.83969055 4.59311651 0.00000000
      vertex -11.76612740 4.51089277 0.00000000
      vertex -7.18220230 -10.16532260 0.00000000
    endloop
  endfacet
  facet normal 0.00000000 0.00000000 -1.00000000
    outer loop
      vertex -11.91154815 4.67663603 0.00000000
      vertex -11.83969055 4.59311651 0.00000000
      vertex -7.18220230 -10.16532260 0.00000000
    endloop
  endfacet
  facet normal 0.00000000 0.00000000 -1.00000000
    outer loop
      vertex -11.98169725 4.76144870 0.00000000
      vertex -11.91154815 4.67663603 0.00000000
      vertex -7.18220230 -10.16532260 0.00000000
    endloop
  endfacet
  facet normal 0.00000000 0.00000000 -1.00000000
    outer loop
      vertex -12.05013502 4.84755172 0.00000000
      vertex -11.98169725 4.76144870 0.00000000
      vertex -7.18220230 -10.16532260 0.00000000
    endloop
  endfacet
  facet normal 0.00000000 0.00000000 -1.00000000
    outer loop
      vertex -12.11685882 4.93494213 0.00000000
      vertex -12.05013502 4.84755172 0.00000000
      vertex -7.18220230 -10.16532260 0.00000000
    endloop
  endfacet
  facet normal 0.00000000 0.00000000 -1.00000000
    outer loop
      vertex -12.18186614 5.02361680 0.00000000
      vertex -12.11685882 4.93494213 0.00000000
      vertex -7.18220230 -10.16532260 0.00000000
    endloop
  endfacet
  facet normal 0.00000000 0.00000000 -1.00000000
    outer loop
      vertex -12.24515470 5.11357245 0.00000000
      vertex -12.18186614 5.02361680 0.00000000
      vertex -7.18220230 -10.16532260 0.00000000
    endloop
  endfacet
  facet normal 0.00000000 0.00000000 -1.00000000
    outer loop
      vertex -12.30672239 5.20480569 0.00000000
      vertex -12.24515470 5.11357245 0.00000000
      vertex -7.18220230 -10.16532260 0.00000000
    endloop
  endfacet
  facet normal 0.00000000 0.00000000 -1.00000000
    outer loop
      vertex -12.36656731 5.29731304 0.00000000
      vertex -12.30672239 5.20480569 0.00000000
      vertex -7.18220230 -10.16532260 0.00000000
    endloop
  endfacet
  facet normal 0.00000000 0.00000000 -1.00000000
    outer loop
      vertex -12.42468781 5.39109091 0.00000000
      vertex -12.36656731 5.29731304 0.00000000
      vertex -7.18220230 -10.16532260 0.00000000
    endloop
  endfacet
  facet normal 0.00000000 0.00000000 -1.00000000
    outer loop
      vertex -12.48108243 5.48613568 0.00000000
      vertex -12.42468781 5.39109091 0.00000000
      vertex -7.18220230 -10.16532260 0.00000000
    endloop
  endfacet
  facet normal 0.00000000 0.00000000 -1.00000000
    outer loop
      vertex -12.53574996 5.58244368 0.00000000
      vertex -12.48108243 5.48613568 0.00000000
      vertex -7.18220230 -10.16532260 0.00000000
    endloop
  endfacet
  facet normal 0.00000000 0.00000000 -1.00000000
    outer loop
      vertex -12.58868942 5.68001122 0.00000000
      vertex -12.53574996 5.58244368 0.00000000
      vertex -7.18220230 -10.16532260 0.00000000
    endloop
  endfacet
  facet normal 0.00000000 0.00000000 -1.00000000
    outer loop
      vertex -12.63990006 5.77883462 0.00000000
      vertex -12.58868942 5.68001122 0.00000000
      vertex -7.18220230 -10.16532260 0.00000000
    endloop
  endfacet
  facet normal 0.00000000 0.00000000 -1.00000000
    outer loop
      vertex -12.68938136 5.87891022 0.00000000
      vertex -12.63990006 5.77883462 0.00000000
      vertex -7.18220230 -10.16532260 0.00000000
    endloop
  endfacet
  facet normal 0.00000000 0.00000000 -1.00000000
    outer loop
      vertex -12.73713303 5.98023441 0.00000000
      vertex -12.68938136 5.87891022 0.00000000
      vertex -7.18220230 -10.16532260 0.00000000
    endloop
  endfacet
  facet normal 0.00000000 0.00000000 -1.00000000
    outer loop
      vertex -12.78315499 6.08280365 0.00000000
      vertex -12.73713303 5.98023441 0.00000000
      vertex -7.18220230 -10.16532260 0.00000000
    endloop
  endfacet
  facet normal 0.00000000 0.00000000 -1.00000000
    outer loop
      vertex -12.82744740 6.18661446 0.00000000
      vertex -12.78315499 6.08280365 0.00000000
      vertex -7.18220230 -10.16532260 0.00000000
    endloop
  endfacet
  facet normal 0.00000000 0.00000000 -1.00000000
    outer loop
      vertex -12.87001058 6.29166347 0.00000000
      vertex -12.82744740 6.18661446 0.00000000
      vertex -7.18220230 -10.16532260 0.00000000
    endloop
  endfacet
  facet normal 0.00000000 0.00000000 -1.00000000
    outer loop
      vertex -12.91084508 6.39794744 0.00000000
      vertex -12.87001058 6.29166347 0.00000000
      vertex -7.18220230 -10.16532260 0.00000000
    endloop
  endfacet
  facet normal 0.00000000 0.00000000 -1.00000000
    outer loop
      vertex -12.94967905 6.50471384 0.00000000
      vertex -12.91084508 6.39794744 0.00000000
      vertex -7.18220230 -10.16532260 0.00000000
    endloop
  endfacet
  facet normal -0.00000000 -0.00000000 -1.00000000
    outer loop
      vertex -12.94967905 6.50471384 0.00000000
      vertex -7.18220230 -10.16532260 0.00000000
      vertex -14.20212113 10.00027348 0.00000000
    endloop
  endfacet
  facet normal -0.00000000 -0.00000000 -1.00000000
    outer loop
      vertex -13.42692153 7.85410205 0.00000000
      vertex -12.94967905 6.50471384 0.00000000
      vertex -14.20212113 10.00027348 0.00000000
    endloop
  endfacet
  facet normal -0.00000000 -0.00000000 -1.00000000
    outer loop
      vertex -13.44270813 7.89924591 0.00000000
      vertex -13.42692153 7.85410205 0.00000000
      vertex -14.20212113 10.00027348 0.00000000
    endloop
  endfacet
  facet normal -0.00000000 -0.00000000 -1.00000000
    outer loop
      vertex -13.45826638 7.94476981 0.00000000
      vertex -13.44270813 7.89924591 0.00000000
      vertex -14.20212113 10.00027348 0.00000000
    endloop
  endfacet
  facet normal -0.00000000 -0.00000000 -1.00000000
    outer loop
      vertex -13.47349109 7.99037309 0.00000000
      vertex -13.45826638 7.94476981 0.00000000
      vertex -14.20212113 10.00027348 0.00000000
    endloop
  endfacet
  facet normal -0.00000000 -0.00000000 -1.00000000
    outer loop
      vertex -13.48838217 8.03605558 0.00000000
      vertex -13.47349109 7.99037309 0.00000000
      vertex -14.20212113 10.00027348 0.00000000
    endloop
  endfacet
  facet normal -0.00000000 -0.00000000 -1.00000000
    outer loop
      vertex -13.50293952 8.08181710 0.00000000
      vertex -13.48838217 8.03605558 0.00000000
      vertex -14.20212113 10.00027348 0.00000000
    endloop
  endfacet
  facet normal -0.00000000 -0.00000000 -1.00000000
    outer loop
      vertex -13.51716307 8.12765750 0.00000000
      vertex -13.50293952 8.08181710 0.00000000
      vertex -14.20212113 10.00027348 0.00000000
    endloop
  endfacet
  facet normal -0.00000000 -0.00000000 -1.00000000
    outer loop
      vertex -13.53105271 8.17357658 0.00000000
      vertex -13.51716307 8.12765750 0.00000000
      vertex -14.20212113 10.00027348 0.00000000
    endloop
  endfacet
  facet normal -0.00000000 -0.00000000 -1.00000000
    outer loop
      vertex -13.54460838 8.21957418 0.00000000
      vertex -13.53105271 8.17357658 0.00000000
      vertex -14.20212113 10.00027348 0.00000000
    endloop
  endfacet
  facet normal -0.00000000 -0.00000000 -1.00000000
    outer loop
      vertex -13.55782998 8.26565011 0.00000000
      vertex -13.54460838 8.21957418 0.00000000
      vertex -14.20212113 10.00027348 0.00000000
    endloop
  endfacet
  facet normal -0.00000000 -0.00000000 -1.00000000
    outer loop
      vertex -13.57071746 8.31180418 0.00000000
      vertex -13.55782998 8.26565011 0.00000000
      vertex -14.20212113 10.00027348 0.00000000
    endloop
  endfacet
  facet normal -0.00000000 -0.00000000 -1.00000000
    outer loop
      vertex -13.58327073 8.35803622 0.00000000
      vertex -13.57071746 8.31180418 0.00000000
      vertex -14.20212113 10.00027348 0.00000000
    endloop
  endfacet
  facet normal -0.00000000 -0.00000000 -1.00000000
    outer loop
      vertex -13.59548973 8.40434604 0.00000000
      vertex -13.58327073 8.35803622 0.00000000
      vertex -14.20212113 10.00027348 0.00000000
    endloop
  endfacet
  facet normal -0.00000000 -0.00000000 -1.00000000
    outer loop
      vertex -13.60737440 8.45073344 0.00000000
      vertex -13.59548973 8.40434604 0.00000000
      vertex -14.20212113 10.00027348 0.00000000
    endloop
  endfacet
  facet normal -0.00000000 -0.00000000 -1.00000000
    outer loop
      vertex -13.61892467 8.49719824 0.00000000
      vertex -13.60737440 8.45073344 0.00000000
      vertex -14.20212113 10.00027348 0.00000000
    endloop
  endfacet
  facet normal -0.00000000 -0.00000000 -1.00000000
    outer loop
      vertex -13.63014050 8.54374026 0.00000000
      vertex -13.61892467 8.49719824 0.00000000
      vertex -14.20212113 10.00027348 0.00000000
    endloop
  endfacet
  facet normal -0.00000000 -0.00000000 -1.00000000
    outer loop
      vertex -13.64102183 8.59035928 0.00000000
      vertex -13.63014050 8.54374026 0.00000000
      vertex -14.20212113 10.00027348 0.00000000
    endloop
  endfacet
  facet normal -0.00000000 -0.00000000 -1.00000000
    outer loop
      vertex -13.65156862 8.63705513 0.00000000
      vertex -13.64102183 8.59035928 0.00000000
      vertex -14.20212113 10.00027348 0.00000000
    endloop
  endfacet
  facet normal -0.00000000 -0.00000000 -1.00000000
    outer loop
      vertex -13.66178082 8.68382761 0.00000000
      vertex -13.65156862 8.63705513 0.00000000
      vertex -14.20212113 10.00027348 0.00000000
    endloop
  endfacet
  facet normal -0.00000000 -0.00000000 -1.00000000
    outer loop
      vertex -13.67165839 8.73067652 0.00000000
      vertex -13.66178082 8.68382761 0.00000000
      vertex -14.20212113 10.00027348 0.00000000
    endloop
  endfacet
  facet normal -0.00000000 -0.00000000 -1.00000000
    outer loop
      vertex -13.68120131 8.77760167 0.00000000
      vertex -13.67165839 8.73067652 0.00000000
      vertex -14.20212113 10.00027348 0.00000000
    endloop
  endfacet
  facet normal -0.00000000 -0.00000000 -1.00000000
    outer loop
      vertex -13.69040953 8.82460286 0.00000000
      vertex -13.68120131 8.77760167 0.00000000
      vertex -14.20212113 10.00027348 0.00000000
    endloop
  endfacet
  facet normal -0.00000000 -0.00000000 -1.00000000
    outer loop
      vertex -13.69928304 8.87167989 0.00000000
      vertex -13.69040953 8.82460286 0.00000000
      vertex -14.20212113 10.00027348 0.00000000
    endloop
  endfacet
  facet normal -0.00000000 -0.00000000 -1.00000000
    outer loop
      vertex -13.70782182 8.91883256 0.00000000
      vertex -13.69928304 8.87167989 0.00000000
      vertex -14.20212113 10.00027348 0.00000000
    endloop
  endfacet
  facet normal -0.00000000 -0.00000000 -1.00000000
    outer loop
      vertex -13.71602584 8.96606069 0.00000000
      vertex -13.70782182 8.91883256 0.00000000
      vertex -14.20212113 10.00027348 0.00000000
    endloop
  endfacet
  facet normal -0.00000000 -0.00000000 -1.00000000
    outer loop
      vertex -13.72389510 9.01336407 0.00000000
      vertex -13.71602584 8.96606069 0.00000000
      vertex -14.20212113 10.00027348 0.00000000
    endloop
  endfacet
  facet normal -0.00000000 -0.00000000 -1.00000000
    outer loop
      vertex -13.73142959 9.06074250 0.00000000
      vertex -13.72389510 9.01336407 0.00000000
      vertex -14.20212113 10.00027348 0.00000000
    endloop
  endfacet
  facet normal -0.00000000 -0.00000000 -1.00000000
    outer loop
      vertex -13.73862930 9.10819580 0.00000000
      vertex -13.73142959 9.06074250 0.00000000
      vertex -14.20212113 10.00027348 0.00000000
    endloop
  endfacet
  facet normal -0.00000000 -0.00000000 -1.00000000
    outer loop
      vertex -13.74549423 9.15572376 0.00000000
      vertex -13.73862930 9.10819580 0.00000000
      vertex -14.20212113 10.00027348 0.00000000
    endloop
  endfacet
  facet normal -0.00000000 -0.00000000 -1.00000000
    outer loop
      vertex -13.75202438 9.20332618 0.00000000
      vertex -13.74549423 9.15572376 0.00000000
      vertex -14.20212113 10.00027348 0.00000000
    endloop
  endfacet
  facet normal -0.00000000 -0.00000000 -1.00000000
    outer loop
      vertex -13.75821977 9.25100288 0.00000000
      vertex -13.75202438 9.20332618 0.00000000
      vertex -14.20212113 10.00027348 0.00000000
    endloop
  endfacet
  facet normal -0.00000000 -0.00000000 -1.00000000
    outer loop
      vertex -13.76408041 9.29875367 0.00000000
      vertex -13.75821977 9.25100288 0.00000000
      vertex -14.20212113 10.00027348 0.00000000
    endloop
  endfacet
  facet normal -0.00000000 -0.00000000 -1.00000000
    outer loop
      vertex -13.76956978 9.34626210 0.00000000
      vertex -13.76408041 9.29875367 0.00000000
      vertex -14.20212113 10.00027348 0.00000000
    endloop
  endfacet
  facet normal 0.00000000 -0.00000000 -1.00000000
    outer loop
      vertex -13.84792054 10.04607682 0.00000000
      vertex -13.76956978 9.34626210 0.00000000
      vertex -14.20212113 10.00027348 0.00000000
    endloop
  endfacet
  facet normal 0.00000000 -0.00000000 -1.00000000
    outer loop
      vertex -13.84989432 10.06148956 0.00000000
      vertex -13.84792054 10.04607682 0.00000000
      vertex -14.20212113 10.00027348 0.00000000
    endloop
  endfacet
  facet normal 0.00000000 -0.00000000 -1.00000000
    outer loop
      vertex -13.85199883 10.07447581 0.00000000
      vertex -13.84989432 10.06148956 0.00000000
      vertex -14.20212113 10.00027348 0.00000000
    endloop
  endfacet
  facet normal 0.00000000 -0.00000000 -1.00000000
    outer loop
      vertex -13.85436793 10.08640065 0.00000000
      vertex -13.85199883 10.07447581 0.00000000
      vertex -14.20212113 10.00027348 0.00000000
    endloop
  endfacet
  facet normal 0.00000000 -0.00000000 -1.00000000
    outer loop
      vertex -13.85695508 10.09726134 0.00000000
      vertex -13.85436793 10.08640065 0.00000000
      vertex -14.20212113 10.00027348 0.00000000
    endloop
  endfacet
  facet normal 0.00000000 -0.00000000 -1.00000000
    outer loop
      vertex -13.85970964 10.10706215 0.00000000
      vertex -13.85695508 10.09726134 0.00000000
      vertex -14.20212113 10.00027348 0.00000000
    endloop
  endfacet
  facet normal 0.00000000 -0.00000000 -1.00000000
    outer loop
      vertex -13.86550378 10.12354848 0.00000000
      vertex -13.85970964 10.10706215 0.00000000
      vertex -14.20212113 10.00027348 0.00000000
    endloop
  endfacet
  facet normal 0.00000000 -0.00000000 -1.00000000
    outer loop
      vertex -13.87131287 10.13611097 0.00000000
      vertex -13.86550378 10.12354848 0.00000000
      vertex -14.20212113 10.00027348 0.00000000
    endloop
  endfacet
  facet normal 0.00000000 -0.00000000 -1.00000000
    outer loop
      vertex -13.87676113 10.14523173 0.00000000
      vertex -13.87131287 10.13611097 0.00000000
      vertex -14.20212113 10.00027348 0.00000000
    endloop
  endfacet
  facet normal 0.00000000 -0.00000000 -1.00000000
    outer loop
      vertex -13.88392668 10.15408630 0.00000000
      vertex -13.87676113 10.14523173 0.00000000
      vertex -14.20212113 10.00027348 0.00000000
    endloop
  endfacet
  facet normal 0.00000000 -0.00000000 -1.00000000
    outer loop
      vertex -13.89326082 10.16145277 0.00000000
      vertex -13.88392668 10.15408630 0.00000000
      vertex -14.20212113 10.00027348 0.00000000
    endloop
  endfacet
  facet normal 0.00000000 -0.00000000 -1.00000000
    outer loop
      vertex -13.90353830 10.16636417 0.00000000
      vertex -13.89326082 10.16145277 0.00000000
      vertex -14.20212113 10.00027348 0.00000000
    endloop
  endfacet
  facet normal 0.00000000 -0.00000000 -1.00000000
    outer loop
      vertex -13.91367556 10.16954344 0.00000000
      vertex -13.90353830 10.16636417 0.00000000
      vertex -14.20212113 10.00027348 0.00000000
    endloop
  endfacet
  facet normal 0.00000000 -0.00000000 -1.00000000
    outer loop
      vertex -13.92724417 10.17227376 0.00000000
      vertex -13.91367556 10.16954344 0.00000000
      vertex -14.20212113 10.00027348 0.00000000
    endloop
  endfacet
  facet normal 0.00000000 -0.00000000 -1.00000000
    outer loop
      vertex -13.94462569 10.17407757 0.00000000
      vertex -13.92724417 10.17227376 0.00000000
      vertex -14.20212113 10.00027348 0.00000000
    endloop
  endfacet
  facet normal 0.00000000 -0.00000000 -1.00000000
    outer loop
      vertex -13.95479833 10.17447884 0.00000000
      vertex -13.94462569 10.17407757 0.00000000
      vertex -14.20212113 10.00027348 0.00000000
    endloop
  endfacet
  facet normal 0.00000000 -0.00000000 -1.00000000
    outer loop
      vertex -13.96596291 10.17447096 0.00000000
      vertex -13.95479833 10.17447884 0.00000000
      vertex -14.20212113 10.00027348 0.00000000
    endloop
  endfacet
  facet normal 0.00000000 -0.00000000 -1.00000000
    outer loop
      vertex -13.97811183 10.17400368 0.00000000
      vertex -13.96596291 10.17447096 0.00000000
      vertex -14.20212113 10.00027348 0.00000000
    endloop
  endfacet
  facet normal 0.00000000 -0.00000000 -1.00000000
    outer loop
      vertex -13.99123159 10.17303237 0.00000000
      vertex -13.97811183 10.17400368 0.00000000
      vertex -14.20212113 10.00027348 0.00000000
    endloop
  endfacet
  facet normal 0.00000000 -0.00000000 -1.00000000
    outer loop
      vertex -14.00668102 10.17136995 0.00000000
      vertex -13.99123159 10.17303237 0.00000000
      vertex -14.20212113 10.00027348 0.00000000
    endloop
  endfacet
  facet normal 0.00000000 -0.00000000 -1.00000000
    outer loop
      vertex -14.07541337 10.16286847 0.00000000
      vertex -14.00668102 10.17136995 0.00000000
      vertex -14.20212113 10.00027348 0.00000000
    endloop
  endfacet
  facet normal 0.00000000 -0.00000000 -1.00000000
    outer loop
      vertex -14.09080771 10.16071576 0.00000000
      vertex -14.07541337 10.16286847 0.00000000
      vertex -14.20212113 10.00027348 0.00000000
    endloop
  endfacet
  facet normal 0.00000000 -0.00000000 -1.00000000
    outer loop
      vertex -14.10378519 10.15845859 0.00000000
      vertex -14.09080771 10.16071576 0.00000000
      vertex -14.20212113 10.00027348 0.00000000
    endloop
  endfacet
  facet normal 0.00000000 -0.00000000 -1.00000000
    outer loop
      vertex -14.11571031 10.15594658 0.00000000
      vertex -14.10378519 10.15845859 0.00000000
      vertex -14.20212113 10.00027348 0.00000000
    endloop
  endfacet
  facet normal 0.00000000 -0.00000000 -1.00000000
    outer loop
      vertex -14.12658156 10.15322540 0.00000000
      vertex -14.11571031 10.15594658 0.00000000
      vertex -14.20212113 10.00027348 0.00000000
    endloop
  endfacet
  facet normal 0.00000000 -0.00000000 -1.00000000
    outer loop
      vertex -14.13640445 10.15034453 0.00000000
      vertex -14.12658156 10.15322540 0.00000000
      vertex -14.20212113 10.00027348 0.00000000
    endloop
  endfacet
  facet normal 0.00000000 -0.00000000 -1.00000000
    outer loop
      vertex -14.15297369 10.14431448 0.00000000
      vertex -14.13640445 10.15034453 0.00000000
      vertex -14.20212113 10.00027348 0.00000000
    endloop
  endfacet
  facet normal 0.00000000 -0.00000000 -1.00000000
    outer loop
      vertex -14.16567466 10.13827781 0.00000000
      vertex -14.15297369 10.14431448 0.00000000
      vertex -14.20212113 10.00027348 0.00000000
    endloop
  endfacet
  facet normal 0.00000000 -0.00000000 -1.00000000
    outer loop
      vertex -14.17498647 10.13259057 0.00000000
      vertex -14.16567466 10.13827781 0.00000000
      vertex -14.20212113 10.00027348 0.00000000
    endloop
  endfacet
  facet normal 0.00000000 -0.00000000 -1.00000000
    outer loop
      vertex -14.18418982 10.12500790 0.00000000
      vertex -14.17498647 10.13259057 0.00000000
      vertex -14.20212113 10.00027348 0.00000000
    endloop
  endfacet
  facet normal 0.00000000 -0.00000000 -1.00000000
    outer loop
      vertex -14.19198597 10.11500367 0.00000000
      vertex -14.18418982 10.12500790 0.00000000
      vertex -14.20212113 10.00027348 0.00000000
    endloop
  endfacet
  facet normal 0.00000000 -0.00000000 -1.00000000
    outer loop
      vertex -14.19709011 10.10422656 0.00000000
      vertex -14.19198597 10.11500367 0.00000000
      vertex -14.20212113 10.00027348 0.00000000
    endloop
  endfacet
  facet normal 0.00000000 -0.00000000 -1.00000000
    outer loop
      vertex -14.20032977 10.09380738 0.00000000
      vertex -14.19709011 10.10422656 0.00000000
      vertex -14.20212113 10.00027348 0.00000000
    endloop
  endfacet
  facet normal 0.00000000 0.00000000 -1.00000000
    outer loop
      vertex -14.20308019 10.08001640 0.00000000
      vertex -14.20032977 10.09380738 0.00000000
      vertex -14.20212113 10.00027348 0.00000000
    endloop
  endfacet
  facet normal 0.00000000 0.00000000 -1.00000000
    outer loop
      vertex -14.20487903 10.06247601 0.00000000
      vertex -14.20308019 10.08001640 0.00000000
      vertex -14.20212113 10.00027348 0.00000000
    endloop
  endfacet
  facet normal 0.00000000 0.00000000 -1.00000000
    outer loop
      vertex -14.20527251 10.05224695 0.00000000
      vertex -14.20487903 10.06247601 0.00000000
      vertex -14.20212113 10.00027348 0.00000000
    endloop
  endfacet
  facet normal 0.00000000 0.00000000 -1.00000000
    outer loop
      vertex -14.20525499 10.04104031 0.00000000
      vertex -14.20527251 10.05224695 0.00000000
      vertex -14.20212113 10.00027348 0.00000000
    endloop
  endfacet
  facet normal 0.00000000 0.00000000 -1.00000000
    outer loop
      vertex -14.20477714 10.02886286 0.00000000
      vertex -14.20525499 10.04104031 0.00000000
      vertex -14.20212113 10.00027348 0.00000000
    endloop
  endfacet
  facet normal 0.00000000 0.00000000 -1.00000000
    outer loop
      vertex -14.20212113 10.00027348 0.00000000
      vertex -14.20379505 10.01572721 0.00000000
      vertex -14.20477714 10.02886286 0.00000000
    endloop
  endfacet
  facet normal 0.99026580 0.13918922 0.00000000
    outer loop
      vertex -12.37862022 -4.65751328 0.20000000
      vertex -12.32359142 -5.04901732 0.20000000
      vertex -12.32359142 -5.04901732 0.00000000
    endloop
  endfacet
  facet normal 0.99026580 0.13918922 0.00000000
    outer loop
      vertex -12.37862022 -4.65751328 0.20000000
      vertex -12.32359142 -5.04901732 0.00000000
      vertex -12.37862022 -4.65751328 0.00000000
    endloop
  endfacet
  facet normal 0.98508386 0.17207493 0.00000000
    outer loop
      vertex -12.32359142 -5.04901732 0.20000000
      vertex -12.25800338 -5.42449164 0.20000000
      vertex -12.25800338 -5.42449164 0.00000000
    endloop
  endfacet
  facet normal 0.98508386 0.17207493 0.00000000
    outer loop
      vertex -12.32359142 -5.04901732 0.20000000
      vertex -12.25800338 -5.42449164 0.00000000
      vertex -12.32359142 -5.04901732 0.00000000
    endloop
  endfacet
  facet normal 0.97836448 0.20688874 0.00000000
    outer loop
      vertex -12.25800338 -5.42449164 0.20000000
      vertex -12.18170554 -5.78529954 0.20000000
      vertex -12.18170554 -5.78529954 0.00000000
    endloop
  endfacet
  facet normal 0.97836448 0.20688874 0.00000000
    outer loop
      vertex -12.25800338 -5.42449164 0.20000000
      vertex -12.18170554 -5.78529954 0.00000000
      vertex -12.25800338 -5.42449164 0.00000000
    endloop
  endfacet
  facet normal 0.96986086 0.24365940 0.00000000
    outer loop
      vertex -12.18170554 -5.78529954 0.20000000
      vertex -12.09474453 -6.13143877 0.20000000
      vertex -12.09474453 -6.13143877 0.00000000
    endloop
  endfacet
  facet normal 0.96986086 0.24365940 0.00000000
    outer loop
      vertex -12.18170554 -5.78529954 0.20000000
      vertex -12.09474453 -6.13143877 0.00000000
      vertex -12.18170554 -5.78529954 0.00000000
    endloop
  endfacet
  facet normal 0.95930222 0.28238139 0.00000000
    outer loop
      vertex -12.09474453 -6.13143877 0.20000000
      vertex -11.99717101 -6.46291420 0.20000000
      vertex -11.99717101 -6.46291420 0.00000000
    endloop
  endfacet
  facet normal 0.95930222 0.28238139 0.00000000
    outer loop
      vertex -12.09474453 -6.13143877 0.20000000
      vertex -11.99717101 -6.46291420 0.00000000
      vertex -12.09474453 -6.13143877 0.00000000
    endloop
  endfacet
  facet normal 0.94639743 0.32300450 0.00000000
    outer loop
      vertex -11.99717101 -6.46291420 0.20000000
      vertex -11.88903876 -6.77973977 0.20000000
      vertex -11.88903876 -6.77973977 0.00000000
    endloop
  endfacet
  facet normal 0.94639743 0.32300450 0.00000000
    outer loop
      vertex -11.99717101 -6.46291420 0.20000000
      vertex -11.88903876 -6.77973977 0.00000000
      vertex -11.99717101 -6.46291420 0.00000000
    endloop
  endfacet
  facet normal 0.93084175 0.36542254 0.00000000
    outer loop
      vertex -11.88903876 -6.77973977 0.20000000
      vertex -11.77040316 -7.08194055 0.20000000
      vertex -11.77040316 -7.08194055 0.00000000
    endloop
  endfacet
  facet normal 0.93084175 0.36542254 0.00000000
    outer loop
      vertex -11.88903876 -6.77973977 0.20000000
      vertex -11.77040316 -7.08194055 0.00000000
      vertex -11.88903876 -6.77973977 0.00000000
    endloop
  endfacet
  facet normal 0.91232721 0.40946193 0.00000000
    outer loop
      vertex -11.77040316 -7.08194055 0.20000000
      vertex -11.64131893 -7.36955472 0.20000000
      vertex -11.64131893 -7.36955472 0.00000000
    endloop
  endfacet
  facet normal 0.91232721 0.40946193 0.00000000
    outer loop
      vertex -11.77040316 -7.08194055 0.20000000
      vertex -11.64131893 -7.36955472 0.00000000
      vertex -11.77040316 -7.08194055 0.00000000
    endloop
  endfacet
  facet normal 0.89055716 0.45487135 0.00000000
    outer loop
      vertex -11.64131893 -7.36955472 0.20000000
      vertex -11.50183714 -7.64263524 0.20000000
      vertex -11.50183714 -7.64263524 0.00000000
    endloop
  endfacet
  facet normal 0.89055716 0.45487135 0.00000000
    outer loop
      vertex -11.64131893 -7.36955472 0.20000000
      vertex -11.50183714 -7.64263524 0.00000000
      vertex -11.64131893 -7.36955472 0.00000000
    endloop
  endfacet
  facet normal 0.86526529 0.50131425 0.00000000
    outer loop
      vertex -11.50183714 -7.64263524 0.20000000
      vertex -11.35200144 -7.90125073 0.20000000
      vertex -11.35200144 -7.90125073 0.00000000
    endloop
  endfacet
  facet normal 0.86526529 0.50131425 0.00000000
    outer loop
      vertex -11.50183714 -7.64263524 0.20000000
      vertex -11.35200144 -7.90125073 0.00000000
      vertex -11.50183714 -7.64263524 0.00000000
    endloop
  endfacet
  facet normal 0.83623832 0.54836618 0.00000000
    outer loop
      vertex -11.35200144 -7.90125073 0.20000000
      vertex -11.19184370 -8.14548541 0.20000000
      vertex -11.19184370 -8.14548541 0.00000000
    endloop
  endfacet
  facet normal 0.83623832 0.54836618 0.00000000
    outer loop
      vertex -11.35200144 -7.90125073 0.20000000
      vertex -11.19184370 -8.14548541 0.00000000
      vertex -11.35200144 -7.90125073 0.00000000
    endloop
  endfacet
  facet normal 0.80334104 0.59551925 0.00000000
    outer loop
      vertex -11.19184370 -8.14548541 0.20000000
      vertex -11.02137951 -8.37543747 0.20000000
      vertex -11.02137951 -8.37543747 0.00000000
    endloop
  endfacet
  facet normal 0.80334104 0.59551925 0.00000000
    outer loop
      vertex -11.19184370 -8.14548541 0.20000000
      vertex -11.02137951 -8.37543747 0.00000000
      vertex -11.19184370 -8.14548541 0.00000000
    endloop
  endfacet
  facet normal 0.76654103 0.64219533 0.00000000
    outer loop
      vertex -11.02137951 -8.37543747 0.20000000
      vertex -10.84060397 -8.59121586 0.20000000
      vertex -10.84060397 -8.59121586 0.00000000
    endloop
  endfacet
  facet normal 0.76654103 0.64219533 0.00000000
    outer loop
      vertex -11.02137951 -8.37543747 0.20000000
      vertex -10.84060397 -8.59121586 0.00000000
      vertex -11.02137951 -8.37543747 0.00000000
    endloop
  endfacet
  facet normal 0.72592967 0.68776894 0.00000000
    outer loop
      vertex -10.84060397 -8.59121586 0.20000000
      vertex -10.64948856 -8.79293526 0.20000000
      vertex -10.64948856 -8.79293526 0.00000000
    endloop
  endfacet
  facet normal 0.72592967 0.68776894 0.00000000
    outer loop
      vertex -10.84060397 -8.59121586 0.20000000
      vertex -10.64948856 -8.79293526 0.00000000
      vertex -10.84060397 -8.59121586 0.00000000
    endloop
  endfacet
  facet normal 0.68173530 0.73159892 0.00000000
    outer loop
      vertex -10.64948856 -8.79293526 0.20000000
      vertex -10.44797973 -8.98070985 0.20000000
      vertex -10.44797973 -8.98070985 0.00000000
    endloop
  endfacet
  facet normal 0.68173530 0.73159892 0.00000000
    outer loop
      vertex -10.64948856 -8.79293526 0.20000000
      vertex -10.44797973 -8.98070985 0.00000000
      vertex -10.64948856 -8.79293526 0.00000000
    endloop
  endfacet
  facet normal 0.63432521 0.77306632 0.00000000
    outer loop
      vertex -10.44797973 -8.98070985 0.20000000
      vertex -10.23599968 -9.15464614 0.20000000
      vertex -10.23599968 -9.15464614 0.00000000
    endloop
  endfacet
  facet normal 0.63432521 0.77306632 0.00000000
    outer loop
      vertex -10.44797973 -8.98070985 0.20000000
      vertex -10.23599968 -9.15464614 0.00000000
      vertex -10.44797973 -8.98070985 0.00000000
    endloop
  endfacet
  facet normal 0.58419427 0.81161385 0.00000000
    outer loop
      vertex -10.23599968 -9.15464614 0.20000000
      vertex -10.01344963 -9.31483619 0.20000000
      vertex -10.01344963 -9.31483619 0.00000000
    endloop
  endfacet
  facet normal 0.58419427 0.81161385 0.00000000
    outer loop
      vertex -10.23599968 -9.15464614 0.20000000
      vertex -10.01344963 -9.31483619 0.00000000
      vertex -10.23599968 -9.15464614 0.00000000
    endloop
  endfacet
  facet normal 0.53194034 0.84678184 0.00000000
    outer loop
      vertex -10.01344963 -9.31483619 0.20000000
      vertex -9.78021526 -9.46135182 0.20000000
      vertex -9.78021526 -9.46135182 0.00000000
    endloop
  endfacet
  facet normal 0.53194034 0.84678184 0.00000000
    outer loop
      vertex -10.01344963 -9.31483619 0.20000000
      vertex -9.78021526 -9.46135182 0.00000000
      vertex -10.01344963 -9.31483619 0.00000000
    endloop
  endfacet
  facet normal 0.47822907 0.87823514 0.00000000
    outer loop
      vertex -9.78021526 -9.46135182 0.20000000
      vertex -9.53617361 -9.59424084 0.20000000
      vertex -9.53617361 -9.59424084 0.00000000
    endloop
  endfacet
  facet normal 0.47822907 0.87823514 0.00000000
    outer loop
      vertex -9.78021526 -9.46135182 0.20000000
      vertex -9.53617361 -9.59424084 0.00000000
      vertex -9.78021526 -9.46135182 0.00000000
    endloop
  endfacet
  facet normal 0.42375302 0.90577777 0.00000000
    outer loop
      vertex -9.53617361 -9.59424084 0.20000000
      vertex -9.28120061 -9.71352570 0.20000000
      vertex -9.28120061 -9.71352570 0.00000000
    endloop
  endfacet
  facet normal 0.42375302 0.90577777 0.00000000
    outer loop
      vertex -9.53617361 -9.59424084 0.20000000
      vertex -9.28120061 -9.71352570 0.00000000
      vertex -9.53617361 -9.59424084 0.00000000
    endloop
  endfacet
  facet normal 0.36919049 0.92935374 0.00000000
    outer loop
      vertex -9.28120061 -9.71352570 0.20000000
      vertex -9.01517809 -9.81920450 0.20000000
      vertex -9.01517809 -9.81920450 0.00000000
    endloop
  endfacet
  facet normal 0.36919049 0.92935374 0.00000000
    outer loop
      vertex -9.28120061 -9.71352570 0.20000000
      vertex -9.01517809 -9.81920450 0.00000000
      vertex -9.28120061 -9.71352570 0.00000000
    endloop
  endfacet
  facet normal 0.31516943 0.94903542 0.00000000
    outer loop
      vertex -9.01517809 -9.81920450 0.20000000
      vertex -8.73799949 -9.91125398 0.20000000
      vertex -8.73799949 -9.91125398 0.00000000
    endloop
  endfacet
  facet normal 0.31516943 0.94903542 0.00000000
    outer loop
      vertex -9.01517809 -9.81920450 0.20000000
      vertex -8.73799949 -9.91125398 0.00000000
      vertex -9.01517809 -9.81920450 0.00000000
    endloop
  endfacet
  facet normal 0.26224025 0.96500262 0.00000000
    outer loop
      vertex -8.73799949 -9.91125398 0.20000000
      vertex -8.44957393 -9.98963387 0.20000000
      vertex -8.44957393 -9.98963387 0.00000000
    endloop
  endfacet
  facet normal 0.26224025 0.96500262 0.00000000
    outer loop
      vertex -8.73799949 -9.91125398 0.20000000
      vertex -8.44957393 -9.98963387 0.00000000
      vertex -8.73799949 -9.91125398 0.00000000
    endloop
  endfacet
  facet normal 0.21085907 0.97751647 0.00000000
    outer loop
      vertex -8.44957393 -9.98963387 0.20000000
      vertex -8.14982821 -10.05429171 0.20000000
      vertex -8.14982821 -10.05429171 0.00000000
    endloop
  endfacet
  facet normal 0.21085907 0.97751647 0.00000000
    outer loop
      vertex -8.44957393 -9.98963387 0.20000000
      vertex -8.14982821 -10.05429171 0.00000000
      vertex -8.44957393 -9.98963387 0.00000000
    endloop
  endfacet
  facet normal 0.16138133 0.98689213 0.00000000
    outer loop
      vertex -8.14982821 -10.05429171 0.20000000
      vertex -7.83870720 -10.10516771 0.20000000
      vertex -7.83870720 -10.10516771 0.00000000
    endloop
  endfacet
  facet normal 0.16138133 0.98689213 0.00000000
    outer loop
      vertex -8.14982821 -10.05429171 0.20000000
      vertex -7.83870720 -10.10516771 0.00000000
      vertex -8.14982821 -10.05429171 0.00000000
    endloop
  endfacet
  facet normal 0.11406386 0.99347342 0.00000000
    outer loop
      vertex -7.83870720 -10.10516771 0.20000000
      vertex -7.51617284 -10.14219891 0.20000000
      vertex -7.51617284 -10.14219891 0.00000000
    endloop
  endfacet
  facet normal 0.11406386 0.99347342 0.00000000
    outer loop
      vertex -7.83870720 -10.10516771 0.20000000
      vertex -7.51617284 -10.14219891 0.00000000
      vertex -7.83870720 -10.10516771 0.00000000
    endloop
  endfacet
  facet normal 0.06907336 0.99761158 0.00000000
    outer loop
      vertex -7.51617284 -10.14219891 0.20000000
      vertex -7.18220230 -10.16532260 0.20000000
      vertex -7.18220230 -10.16532260 0.00000000
    endloop
  endfacet
  facet normal 0.06907336 0.99761158 0.00000000
    outer loop
      vertex -7.51617284 -10.14219891 0.20000000
      vertex -7.18220230 -10.16532260 0.00000000
      vertex -7.51617284 -10.14219891 0.00000000
    endloop
  endfacet
  facet normal 0.02649849 0.99964885 0.00000000
    outer loop
      vertex -7.18220230 -10.16532260 0.20000000
      vertex -6.83678557 -10.17447884 0.20000000
      vertex -6.83678557 -10.17447884 0.00000000
    endloop
  endfacet
  facet normal 0.02649849 0.99964885 0.00000000
    outer loop
      vertex -7.18220230 -10.16532260 0.20000000
      vertex -6.83678557 -10.17447884 0.00000000
      vertex -7.18220230 -10.16532260 0.00000000
    endloop
  endfacet
  facet normal -0.01363642 0.99990702 0.00000000
    outer loop
      vertex -6.83678557 -10.17447884 0.20000000
      vertex -6.47992300 -10.16961206 0.20000000
      vertex -6.47992300 -10.16961206 0.00000000
    endloop
  endfacet
  facet normal -0.01363642 0.99990702 0.00000000
    outer loop
      vertex -6.83678557 -10.17447884 0.20000000
      vertex -6.47992300 -10.16961206 0.00000000
      vertex -6.83678557 -10.17447884 0.00000000
    endloop
  endfacet
  facet normal -0.05135761 0.99868033 0.00000000
    outer loop
      vertex -6.47992300 -10.16961206 0.20000000
      vertex -6.11162289 -10.15067205 0.20000000
      vertex -6.11162289 -10.15067205 0.00000000
    endloop
  endfacet
  facet normal -0.05135761 0.99868033 0.00000000
    outer loop
      vertex -6.47992300 -10.16961206 0.20000000
      vertex -6.11162289 -10.15067205 0.00000000
      vertex -6.47992300 -10.16961206 0.00000000
    endloop
  endfacet
  facet normal -0.08672930 0.99623191 0.00000000
    outer loop
      vertex -6.11162289 -10.15067205 0.20000000
      vertex -5.73189937 -10.11761433 0.20000000
      vertex -5.73189937 -10.11761433 0.00000000
    endloop
  endfacet
  facet normal -0.08672930 0.99623191 0.00000000
    outer loop
      vertex -6.11162289 -10.15067205 0.20000000
      vertex -5.73189937 -10.11761433 0.00000000
      vertex -6.11162289 -10.15067205 0.00000000
    endloop
  endfacet
  facet normal -0.11984269 0.99279289 0.00000000
    outer loop
      vertex -5.73189937 -10.11761433 0.20000000
      vertex -5.33939624 -10.07023423 0.20000000
      vertex -5.33939624 -10.07023423 0.00000000
    endloop
  endfacet
  facet normal -0.11984269 0.99279289 0.00000000
    outer loop
      vertex -5.73189937 -10.11761433 0.20000000
      vertex -5.33939624 -10.07023423 0.00000000
      vertex -5.73189937 -10.11761433 0.00000000
    endloop
  endfacet
  facet normal -0.13558610 0.99076557 0.00000000
    outer loop
      vertex -5.33939624 -10.07023423 0.20000000
      vertex 0.44711081 -9.27835171 0.20000000
      vertex 0.44711081 -9.27835171 0.00000000
    endloop
  endfacet
  facet normal -0.13558610 0.99076557 0.00000000
    outer loop
      vertex -5.33939624 -10.07023423 0.20000000
      vertex 0.44711081 -9.27835171 0.00000000
      vertex -5.33939624 -10.07023423 0.00000000
    endloop
  endfacet
  facet normal -0.13688384 0.99058711 0.00000000
    outer loop
      vertex 0.44711081 -9.27835171 0.20000000
      vertex 0.57680044 -9.26043060 0.20000000
      vertex 0.57680044 -9.26043060 0.00000000
    endloop
  endfacet
  facet normal -0.13688384 0.99058711 0.00000000
    outer loop
      vertex 0.44711081 -9.27835171 0.20000000
      vertex 0.57680044 -9.26043060 0.00000000
      vertex 0.44711081 -9.27835171 0.00000000
    endloop
  endfacet
  facet normal -0.13947901 0.99022503 0.00000000
    outer loop
      vertex 0.57680044 -9.26043060 0.20000000
      vertex 0.70631244 -9.24218808 0.20000000
      vertex 0.70631244 -9.24218808 0.00000000
    endloop
  endfacet
  facet normal -0.13947901 0.99022503 0.00000000
    outer loop
      vertex 0.57680044 -9.26043060 0.20000000
      vertex 0.70631244 -9.24218808 0.00000000
      vertex 0.57680044 -9.26043060 0.00000000
    endloop
  endfacet
  facet normal -0.14207374 0.98985608 0.00000000
    outer loop
      vertex 0.70631244 -9.24218808 0.20000000
      vertex 0.83576358 -9.22360799 0.20000000
      vertex 0.83576358 -9.22360799 0.00000000
    endloop
  endfacet
  facet normal -0.14207374 0.98985608 0.00000000
    outer loop
      vertex 0.70631244 -9.24218808 0.20000000
      vertex 0.83576358 -9.22360799 0.00000000
      vertex 0.70631244 -9.24218808 0.00000000
    endloop
  endfacet
  facet normal -0.14466798 0.98948025 0.00000000
    outer loop
      vertex 0.83576358 -9.22360799 0.20000000
      vertex 0.96515387 -9.20469035 0.20000000
      vertex 0.96515387 -9.20469035 0.00000000
    endloop
  endfacet
  facet normal -0.14466798 0.98948025 0.00000000
    outer loop
      vertex 0.83576358 -9.22360799 0.20000000
      vertex 0.96515387 -9.20469035 0.00000000
      vertex 0.83576358 -9.22360799 0.00000000
    endloop
  endfacet
  facet normal -0.14726167 0.98909757 0.00000000
    outer loop
      vertex 0.96515387 -9.20469035 0.20000000
      vertex 1.09448333 -9.18543515 0.20000000
      vertex 1.09448333 -9.18543515 0.00000000
    endloop
  endfacet
  facet normal -0.14726167 0.98909757 0.00000000
    outer loop
      vertex 0.96515387 -9.20469035 0.20000000
      vertex 1.09448333 -9.18543515 0.00000000
      vertex 0.96515387 -9.20469035 0.00000000
    endloop
  endfacet
  facet normal -0.14985476 0.98870802 0.00000000
    outer loop
      vertex 1.09448333 -9.18543515 0.20000000
      vertex 1.22375196 -9.16584239 0.20000000
      vertex 1.22375196 -9.16584239 0.00000000
    endloop
  endfacet
  facet normal -0.14985476 0.98870802 0.00000000
    outer loop
      vertex 1.09448333 -9.18543515 0.20000000
      vertex 1.22375196 -9.16584239 0.00000000
      vertex 1.09448333 -9.18543515 0.00000000
    endloop
  endfacet
  facet normal -0.15244720 0.98831162 0.00000000
    outer loop
      vertex 1.22375196 -9.16584239 0.20000000
      vertex 1.35295977 -9.14591207 0.20000000
      vertex 1.35295977 -9.14591207 0.00000000
    endloop
  endfacet
  facet normal -0.15244720 0.98831162 0.00000000
    outer loop
      vertex 1.22375196 -9.16584239 0.20000000
      vertex 1.35295977 -9.14591207 0.00000000
      vertex 1.22375196 -9.16584239 0.00000000
    endloop
  endfacet
  facet normal -0.15503892 0.98790836 0.00000000
    outer loop
      vertex 1.35295977 -9.14591207 0.20000000
      vertex 1.48210678 -9.12564418 0.20000000
      vertex 1.48210678 -9.12564418 0.00000000
    endloop
  endfacet
  facet normal -0.15503892 0.98790836 0.00000000
    outer loop
      vertex 1.35295977 -9.14591207 0.20000000
      vertex 1.48210678 -9.12564418 0.00000000
      vertex 1.35295977 -9.14591207 0.00000000
    endloop
  endfacet
  facet normal -0.15762988 0.98749826 0.00000000
    outer loop
      vertex 1.48210678 -9.12564418 0.20000000
      vertex 1.61119298 -9.10503874 0.20000000
      vertex 1.61119298 -9.10503874 0.00000000
    endloop
  endfacet
  facet normal -0.15762988 0.98749826 0.00000000
    outer loop
      vertex 1.48210678 -9.12564418 0.20000000
      vertex 1.61119298 -9.10503874 0.00000000
      vertex 1.48210678 -9.12564418 0.00000000
    endloop
  endfacet
  facet normal -0.16022002 0.98708133 0.00000000
    outer loop
      vertex 1.61119298 -9.10503874 0.20000000
      vertex 1.74021840 -9.08409572 0.20000000
      vertex 1.74021840 -9.08409572 0.00000000
    endloop
  endfacet
  facet normal -0.16022002 0.98708133 0.00000000
    outer loop
      vertex 1.61119298 -9.10503874 0.20000000
      vertex 1.74021840 -9.08409572 0.00000000
      vertex 1.61119298 -9.10503874 0.00000000
    endloop
  endfacet
  facet normal -0.16280930 0.98665756 0.00000000
    outer loop
      vertex 1.74021840 -9.08409572 0.20000000
      vertex 1.86918304 -9.06281515 0.20000000
      vertex 1.86918304 -9.06281515 0.00000000
    endloop
  endfacet
  facet normal -0.16280930 0.98665756 0.00000000
    outer loop
      vertex 1.74021840 -9.08409572 0.20000000
      vertex 1.86918304 -9.06281515 0.00000000
      vertex 1.74021840 -9.08409572 0.00000000
    endloop
  endfacet
  facet normal -0.16539764 0.98622696 0.00000000
    outer loop
      vertex 1.86918304 -9.06281515 0.20000000
      vertex 1.99808691 -9.04119700 0.20000000
      vertex 1.99808691 -9.04119700 0.00000000
    endloop
  endfacet
  facet normal -0.16539764 0.98622696 0.00000000
    outer loop
      vertex 1.86918304 -9.06281515 0.20000000
      vertex 1.99808691 -9.04119700 0.00000000
      vertex 1.86918304 -9.06281515 0.00000000
    endloop
  endfacet
  facet normal -0.16798501 0.98578955 0.00000000
    outer loop
      vertex 1.99808691 -9.04119700 0.20000000
      vertex 2.12693002 -9.01924129 0.20000000
      vertex 2.12693002 -9.01924129 0.00000000
    endloop
  endfacet
  facet normal -0.16798501 0.98578955 0.00000000
    outer loop
      vertex 1.99808691 -9.04119700 0.20000000
      vertex 2.12693002 -9.01924129 0.00000000
      vertex 1.99808691 -9.04119700 0.00000000
    endloop
  endfacet
  facet normal -0.17057135 0.98534533 0.00000000
    outer loop
      vertex 2.12693002 -9.01924129 0.20000000
      vertex 2.25571239 -8.99694801 0.20000000
      vertex 2.25571239 -8.99694801 0.00000000
    endloop
  endfacet
  facet normal -0.17057135 0.98534533 0.00000000
    outer loop
      vertex 2.12693002 -9.01924129 0.20000000
      vertex 2.25571239 -8.99694801 0.00000000
      vertex 2.12693002 -9.01924129 0.00000000
    endloop
  endfacet
  facet normal -0.17315660 0.98489430 0.00000000
    outer loop
      vertex 2.25571239 -8.99694801 0.20000000
      vertex 2.38443401 -8.97431716 0.20000000
      vertex 2.38443401 -8.97431716 0.00000000
    endloop
  endfacet
  facet normal -0.17315660 0.98489430 0.00000000
    outer loop
      vertex 2.25571239 -8.99694801 0.20000000
      vertex 2.38443401 -8.97431716 0.00000000
      vertex 2.25571239 -8.99694801 0.00000000
    endloop
  endfacet
  facet normal -0.17574071 0.98443649 0.00000000
    outer loop
      vertex 2.38443401 -8.97431716 0.20000000
      vertex 2.51309490 -8.95134873 0.20000000
      vertex 2.51309490 -8.95134873 0.00000000
    endloop
  endfacet
  facet normal -0.17574071 0.98443649 0.00000000
    outer loop
      vertex 2.38443401 -8.97431716 0.20000000
      vertex 2.51309490 -8.95134873 0.00000000
      vertex 2.38443401 -8.97431716 0.00000000
    endloop
  endfacet
  facet normal -0.17832363 0.98397189 0.00000000
    outer loop
      vertex 2.51309490 -8.95134873 0.20000000
      vertex 2.64169507 -8.92804273 0.20000000
      vertex 2.64169507 -8.92804273 0.00000000
    endloop
  endfacet
  facet normal -0.17832363 0.98397189 0.00000000
    outer loop
      vertex 2.51309490 -8.95134873 0.20000000
      vertex 2.64169507 -8.92804273 0.00000000
      vertex 2.51309490 -8.95134873 0.00000000
    endloop
  endfacet
  facet normal -0.18090531 0.98350052 0.00000000
    outer loop
      vertex 2.64169507 -8.92804273 0.20000000
      vertex 2.77023453 -8.90439915 0.20000000
      vertex 2.77023453 -8.90439915 0.00000000
    endloop
  endfacet
  facet normal -0.18090531 0.98350052 0.00000000
    outer loop
      vertex 2.64169507 -8.92804273 0.20000000
      vertex 2.77023453 -8.90439915 0.00000000
      vertex 2.64169507 -8.92804273 0.00000000
    endloop
  endfacet
  facet normal -0.18348568 0.98302238 0.00000000
    outer loop
      vertex 2.77023453 -8.90439915 0.20000000
      vertex 2.89871329 -8.88041800 0.20000000
      vertex 2.89871329 -8.88041800 0.00000000
    endloop
  endfacet
  facet normal -0.18348568 0.98302238 0.00000000
    outer loop
      vertex 2.77023453 -8.90439915 0.20000000
      vertex 2.89871329 -8.88041800 0.00000000
      vertex 2.77023453 -8.90439915 0.00000000
    endloop
  endfacet
  facet normal -0.18606470 0.98253749 0.00000000
    outer loop
      vertex 2.89871329 -8.88041800 0.20000000
      vertex 3.02713136 -8.85609926 0.20000000
      vertex 3.02713136 -8.85609926 0.00000000
    endloop
  endfacet
  facet normal -0.18606470 0.98253749 0.00000000
    outer loop
      vertex 2.89871329 -8.88041800 0.20000000
      vertex 3.02713136 -8.85609926 0.00000000
      vertex 2.89871329 -8.88041800 0.00000000
    endloop
  endfacet
  facet normal -0.18864232 0.98204586 0.00000000
    outer loop
      vertex 3.02713136 -8.85609926 0.20000000
      vertex 3.15548874 -8.83144294 0.20000000
      vertex 3.15548874 -8.83144294 0.00000000
    endloop
  endfacet
  facet normal -0.18864232 0.98204586 0.00000000
    outer loop
      vertex 3.02713136 -8.85609926 0.20000000
      vertex 3.15548874 -8.83144294 0.00000000
      vertex 3.02713136 -8.85609926 0.00000000
    endloop
  endfacet
  facet normal -0.19121848 0.98154750 0.00000000
    outer loop
      vertex 3.15548874 -8.83144294 0.20000000
      vertex 3.28378546 -8.80644904 0.20000000
      vertex 3.28378546 -8.80644904 0.00000000
    endloop
  endfacet
  facet normal -0.19121848 0.98154750 0.00000000
    outer loop
      vertex 3.15548874 -8.83144294 0.20000000
      vertex 3.28378546 -8.80644904 0.00000000
      vertex 3.15548874 -8.83144294 0.00000000
    endloop
  endfacet
  facet normal -0.19379312 0.98104242 0.00000000
    outer loop
      vertex 3.28378546 -8.80644904 0.20000000
      vertex 3.41202150 -8.78111755 0.20000000
      vertex 3.41202150 -8.78111755 0.00000000
    endloop
  endfacet
  facet normal -0.19379312 0.98104242 0.00000000
    outer loop
      vertex 3.28378546 -8.80644904 0.20000000
      vertex 3.41202150 -8.78111755 0.00000000
      vertex 3.28378546 -8.80644904 0.00000000
    endloop
  endfacet
  facet normal -0.19636620 0.98053063 0.00000000
    outer loop
      vertex 3.41202150 -8.78111755 0.20000000
      vertex 3.54019690 -8.75544848 0.20000000
      vertex 3.54019690 -8.75544848 0.00000000
    endloop
  endfacet
  facet normal -0.19636620 0.98053063 0.00000000
    outer loop
      vertex 3.41202150 -8.78111755 0.20000000
      vertex 3.54019690 -8.75544848 0.00000000
      vertex 3.41202150 -8.78111755 0.00000000
    endloop
  endfacet
  facet normal -0.19893767 0.98001214 0.00000000
    outer loop
      vertex 3.54019690 -8.75544848 0.20000000
      vertex 3.66831165 -8.72944181 0.20000000
      vertex 3.66831165 -8.72944181 0.00000000
    endloop
  endfacet
  facet normal -0.19893767 0.98001214 0.00000000
    outer loop
      vertex 3.54019690 -8.75544848 0.20000000
      vertex 3.66831165 -8.72944181 0.00000000
      vertex 3.54019690 -8.75544848 0.00000000
    endloop
  endfacet
  facet normal -0.20150746 0.97948698 0.00000000
    outer loop
      vertex 3.66831165 -8.72944181 0.20000000
      vertex 3.79636576 -8.70309755 0.20000000
      vertex 3.79636576 -8.70309755 0.00000000
    endloop
  endfacet
  facet normal -0.20150746 0.97948698 0.00000000
    outer loop
      vertex 3.66831165 -8.72944181 0.20000000
      vertex 3.79636576 -8.70309755 0.00000000
      vertex 3.66831165 -8.72944181 0.00000000
    endloop
  endfacet
  facet normal -0.20407554 0.97895514 0.00000000
    outer loop
      vertex 3.79636576 -8.70309755 0.20000000
      vertex 3.92435925 -8.67641569 0.20000000
      vertex 3.92435925 -8.67641569 0.00000000
    endloop
  endfacet
  facet normal -0.20407554 0.97895514 0.00000000
    outer loop
      vertex 3.79636576 -8.70309755 0.20000000
      vertex 3.92435925 -8.67641569 0.00000000
      vertex 3.79636576 -8.70309755 0.00000000
    endloop
  endfacet
  facet normal -0.20664184 0.97841666 0.00000000
    outer loop
      vertex 3.92435925 -8.67641569 0.20000000
      vertex 4.05229213 -8.64939624 0.20000000
      vertex 4.05229213 -8.64939624 0.00000000
    endloop
  endfacet
  facet normal -0.20664184 0.97841666 0.00000000
    outer loop
      vertex 3.92435925 -8.67641569 0.20000000
      vertex 4.05229213 -8.64939624 0.00000000
      vertex 3.92435925 -8.67641569 0.00000000
    endloop
  endfacet
  facet normal -0.20920631 0.97787153 0.00000000
    outer loop
      vertex 4.05229213 -8.64939624 0.20000000
      vertex 4.18016440 -8.62203918 0.20000000
      vertex 4.18016440 -8.62203918 0.00000000
    endloop
  endfacet
  facet normal -0.20920631 0.97787153 0.00000000
    outer loop
      vertex 4.05229213 -8.64939624 0.20000000
      vertex 4.18016440 -8.62203918 0.00000000
      vertex 4.05229213 -8.64939624 0.00000000
    endloop
  endfacet
  facet normal -0.21176890 0.97731977 0.00000000
    outer loop
      vertex 4.18016440 -8.62203918 0.20000000
      vertex 4.30797607 -8.59434453 0.20000000
      vertex 4.30797607 -8.59434453 0.00000000
    endloop
  endfacet
  facet normal -0.21176890 0.97731977 0.00000000
    outer loop
      vertex 4.18016440 -8.62203918 0.20000000
      vertex 4.30797607 -8.59434453 0.00000000
      vertex 4.18016440 -8.62203918 0.00000000
    endloop
  endfacet
  facet normal -0.21432956 0.97676140 0.00000000
    outer loop
      vertex 4.30797607 -8.59434453 0.20000000
      vertex 4.43572715 -8.56631226 0.20000000
      vertex 4.43572715 -8.56631226 0.00000000
    endloop
  endfacet
  facet normal -0.21432956 0.97676140 0.00000000
    outer loop
      vertex 4.30797607 -8.59434453 0.20000000
      vertex 4.43572715 -8.56631226 0.00000000
      vertex 4.30797607 -8.59434453 0.00000000
    endloop
  endfacet
  facet normal -0.21688824 0.97619644 0.00000000
    outer loop
      vertex 4.43572715 -8.56631226 0.20000000
      vertex 4.56353273 -8.53791682 0.20000000
      vertex 4.56353273 -8.53791682 0.00000000
    endloop
  endfacet
  facet normal -0.21688824 0.97619644 0.00000000
    outer loop
      vertex 4.43572715 -8.56631226 0.20000000
      vertex 4.56353273 -8.53791682 0.00000000
      vertex 4.43572715 -8.56631226 0.00000000
    endloop
  endfacet
  facet normal -0.21816682 0.97591149 0.00000000
    outer loop
      vertex 4.56353273 -8.53791682 0.20000000
      vertex 10.28473806 -7.25893075 0.20000000
      vertex 10.28473806 -7.25893075 0.00000000
    endloop
  endfacet
  facet normal -0.21816682 0.97591149 0.00000000
    outer loop
      vertex 4.56353273 -8.53791682 0.20000000
      vertex 10.28473806 -7.25893075 0.00000000
      vertex 4.56353273 -8.53791682 0.00000000
    endloop
  endfacet
  facet normal -0.23342591 0.97237459 0.00000000
    outer loop
      vertex 10.28473806 -7.25893075 0.20000000
      vertex 10.33450094 -7.24698480 0.20000000
      vertex 10.33450094 -7.24698480 0.00000000
    endloop
  endfacet
  facet normal -0.23342591 0.97237459 0.00000000
    outer loop
      vertex 10.28473806 -7.25893075 0.20000000
      vertex 10.33450094 -7.24698480 0.00000000
      vertex 10.28473806 -7.25893075 0.00000000
    endloop
  endfacet
  facet normal -0.26499516 0.96424974 0.00000000
    outer loop
      vertex 10.33450094 -7.24698480 0.20000000
      vertex 10.38083342 -7.23425170 0.20000000
      vertex 10.38083342 -7.23425170 0.00000000
    endloop
  endfacet
  facet normal -0.26499516 0.96424974 0.00000000
    outer loop
      vertex 10.33450094 -7.24698480 0.20000000
      vertex 10.38083342 -7.23425170 0.00000000
      vertex 10.33450094 -7.24698480 0.00000000
    endloop
  endfacet
  facet normal -0.29795410 0.95458020 0.00000000
    outer loop
      vertex 10.38083342 -7.23425170 0.20000000
      vertex 10.42507463 -7.22044265 0.20000000
      vertex 10.42507463 -7.22044265 0.00000000
    endloop
  endfacet
  facet normal -0.29795410 0.95458020 0.00000000
    outer loop
      vertex 10.38083342 -7.23425170 0.20000000
      vertex 10.42507463 -7.22044265 0.00000000
      vertex 10.38083342 -7.23425170 0.00000000
    endloop
  endfacet
  facet normal -0.33226678 0.94318545 0.00000000
    outer loop
      vertex 10.42507463 -7.22044265 0.20000000
      vertex 10.46723364 -7.20559081 0.20000000
      vertex 10.46723364 -7.20559081 0.00000000
    endloop
  endfacet
  facet normal -0.33226678 0.94318545 0.00000000
    outer loop
      vertex 10.42507463 -7.22044265 0.20000000
      vertex 10.46723364 -7.20559081 0.00000000
      vertex 10.42507463 -7.22044265 0.00000000
    endloop
  endfacet
  facet normal -0.36786761 0.92987818 0.00000000
    outer loop
      vertex 10.46723364 -7.20559081 0.20000000
      vertex 10.50732533 -7.18973020 0.20000000
      vertex 10.50732533 -7.18973020 0.00000000
    endloop
  endfacet
  facet normal -0.36786761 0.92987818 0.00000000
    outer loop
      vertex 10.46723364 -7.20559081 0.20000000
      vertex 10.50732533 -7.18973020 0.00000000
      vertex 10.46723364 -7.20559081 0.00000000
    endloop
  endfacet
  facet normal -0.40465630 0.91446885 0.00000000
    outer loop
      vertex 10.50732533 -7.18973020 0.20000000
      vertex 10.54537128 -7.17289471 0.20000000
      vertex 10.54537128 -7.17289471 0.00000000
    endloop
  endfacet
  facet normal -0.40465630 0.91446885 0.00000000
    outer loop
      vertex 10.50732533 -7.18973020 0.20000000
      vertex 10.54537128 -7.17289471 0.00000000
      vertex 10.50732533 -7.18973020 0.00000000
    endloop
  endfacet
  facet normal -0.44249310 0.89677191 0.00000000
    outer loop
      vertex 10.54537128 -7.17289471 0.20000000
      vertex 10.58140054 -7.15511683 0.20000000
      vertex 10.58140054 -7.15511683 0.00000000
    endloop
  endfacet
  facet normal -0.44249310 0.89677191 0.00000000
    outer loop
      vertex 10.54537128 -7.17289471 0.20000000
      vertex 10.58140054 -7.15511683 0.00000000
      vertex 10.54537128 -7.17289471 0.00000000
    endloop
  endfacet
  facet normal -0.48119489 0.87661364 0.00000000
    outer loop
      vertex 10.58140054 -7.15511683 0.20000000
      vertex 10.61545021 -7.13642612 0.20000000
      vertex 10.61545021 -7.13642612 0.00000000
    endloop
  endfacet
  facet normal -0.48119489 0.87661364 0.00000000
    outer loop
      vertex 10.58140054 -7.15511683 0.20000000
      vertex 10.61545021 -7.13642612 0.00000000
      vertex 10.58140054 -7.15511683 0.00000000
    endloop
  endfacet
  facet normal -0.52053288 0.85384162 0.00000000
    outer loop
      vertex 10.61545021 -7.13642612 0.20000000
      vertex 10.64756570 -7.11684736 0.20000000
      vertex 10.64756570 -7.11684736 0.00000000
    endloop
  endfacet
  facet normal -0.52053288 0.85384162 0.00000000
    outer loop
      vertex 10.61545021 -7.13642612 0.20000000
      vertex 10.64756570 -7.11684736 0.00000000
      vertex 10.61545021 -7.13642612 0.00000000
    endloop
  endfacet
  facet normal -0.56023245 0.82833544 0.00000000
    outer loop
      vertex 10.64756570 -7.11684736 0.20000000
      vertex 10.67780044 -7.09639853 0.20000000
      vertex 10.67780044 -7.09639853 0.00000000
    endloop
  endfacet
  facet normal -0.56023245 0.82833544 0.00000000
    outer loop
      vertex 10.64756570 -7.11684736 0.20000000
      vertex 10.67780044 -7.09639853 0.00000000
      vertex 10.64756570 -7.11684736 0.00000000
    endloop
  endfacet
  facet normal -0.59997596 0.80001803 0.00000000
    outer loop
      vertex 10.67780044 -7.09639853 0.20000000
      vertex 10.70621514 -7.07508884 0.20000000
      vertex 10.70621514 -7.07508884 0.00000000
    endloop
  endfacet
  facet normal -0.59997596 0.80001803 0.00000000
    outer loop
      vertex 10.67780044 -7.09639853 0.20000000
      vertex 10.70621514 -7.07508884 0.00000000
      vertex 10.67780044 -7.09639853 0.00000000
    endloop
  endfacet
  facet normal -0.63940900 0.76886678 0.00000000
    outer loop
      vertex 10.70621514 -7.07508884 0.20000000
      vertex 10.73287626 -7.05291679 0.20000000
      vertex 10.73287626 -7.05291679 0.00000000
    endloop
  endfacet
  facet normal -0.63940900 0.76886678 0.00000000
    outer loop
      vertex 10.70621514 -7.07508884 0.20000000
      vertex 10.73287626 -7.05291679 0.00000000
      vertex 10.70621514 -7.07508884 0.00000000
    endloop
  endfacet
  facet normal -0.67815039 0.73492316 0.00000000
    outer loop
      vertex 10.73287626 -7.05291679 0.20000000
      vertex 10.75785392 -7.02986865 0.20000000
      vertex 10.75785392 -7.02986865 0.00000000
    endloop
  endfacet
  facet normal -0.67815039 0.73492316 0.00000000
    outer loop
      vertex 10.73287626 -7.05291679 0.20000000
      vertex 10.75785392 -7.02986865 0.00000000
      vertex 10.73287626 -7.05291679 0.00000000
    endloop
  endfacet
  facet normal -0.71580561 0.69829960 0.00000000
    outer loop
      vertex 10.75785392 -7.02986865 0.20000000
      vertex 10.78121921 -7.00591760 0.20000000
      vertex 10.78121921 -7.00591760 0.00000000
    endloop
  endfacet
  facet normal -0.71580561 0.69829960 0.00000000
    outer loop
      vertex 10.75785392 -7.02986865 0.20000000
      vertex 10.78121921 -7.00591760 0.00000000
      vertex 10.75785392 -7.02986865 0.00000000
    endloop
  endfacet
  facet normal -0.75198303 0.65918247 0.00000000
    outer loop
      vertex 10.78121921 -7.00591760 0.20000000
      vertex 10.80304110 -6.98102360 0.20000000
      vertex 10.80304110 -6.98102360 0.00000000
    endloop
  endfacet
  facet normal -0.75198303 0.65918247 0.00000000
    outer loop
      vertex 10.78121921 -7.00591760 0.20000000
      vertex 10.80304110 -6.98102360 0.00000000
      vertex 10.78121921 -7.00591760 0.00000000
    endloop
  endfacet
  facet normal -0.78631167 0.61783004 0.00000000
    outer loop
      vertex 10.80304110 -6.98102360 0.20000000
      vertex 10.82338320 -6.95513422 0.20000000
      vertex 10.82338320 -6.95513422 0.00000000
    endloop
  endfacet
  facet normal -0.78631167 0.61783004 0.00000000
    outer loop
      vertex 10.80304110 -6.98102360 0.20000000
      vertex 10.82338320 -6.95513422 0.00000000
      vertex 10.80304110 -6.98102360 0.00000000
    endloop
  endfacet
  facet normal -0.81845876 0.57456528 0.00000000
    outer loop
      vertex 10.82338320 -6.95513422 0.20000000
      vertex 10.84230082 -6.92818640 0.20000000
      vertex 10.84230082 -6.92818640 0.00000000
    endloop
  endfacet
  facet normal -0.81845876 0.57456528 0.00000000
    outer loop
      vertex 10.82338320 -6.95513422 0.20000000
      vertex 10.84230082 -6.92818640 0.00000000
      vertex 10.82338320 -6.95513422 0.00000000
    endloop
  endfacet
  facet normal -0.84814532 0.52976364 0.00000000
    outer loop
      vertex 10.84230082 -6.92818640 0.20000000
      vertex 10.85983836 -6.90010900 0.20000000
      vertex 10.85983836 -6.90010900 0.00000000
    endloop
  endfacet
  facet normal -0.84814532 0.52976364 0.00000000
    outer loop
      vertex 10.84230082 -6.92818640 0.20000000
      vertex 10.85983836 -6.90010900 0.00000000
      vertex 10.84230082 -6.92818640 0.00000000
    endloop
  endfacet
  facet normal -0.87515817 0.48383694 0.00000000
    outer loop
      vertex 10.85983836 -6.90010900 0.20000000
      vertex 10.87602767 -6.87082597 0.20000000
      vertex 10.87602767 -6.87082597 0.00000000
    endloop
  endfacet
  facet normal -0.87515817 0.48383694 0.00000000
    outer loop
      vertex 10.85983836 -6.90010900 0.20000000
      vertex 10.87602767 -6.87082597 0.00000000
      vertex 10.85983836 -6.90010900 0.00000000
    endloop
  endfacet
  facet normal -0.89935706 0.43721491 0.00000000
    outer loop
      vertex 10.87602767 -6.87082597 0.20000000
      vertex 10.89088719 -6.84025974 0.20000000
      vertex 10.89088719 -6.84025974 0.00000000
    endloop
  endfacet
  facet normal -0.89935706 0.43721491 0.00000000
    outer loop
      vertex 10.87602767 -6.87082597 0.20000000
      vertex 10.89088719 -6.84025974 0.00000000
      vertex 10.87602767 -6.87082597 0.00000000
    endloop
  endfacet
  facet normal -0.92067659 0.39032629 0.00000000
    outer loop
      vertex 10.89088719 -6.84025974 0.20000000
      vertex 10.90442209 -6.80833448 0.20000000
      vertex 10.90442209 -6.80833448 0.00000000
    endloop
  endfacet
  facet normal -0.92067659 0.39032629 0.00000000
    outer loop
      vertex 10.89088719 -6.84025974 0.20000000
      vertex 10.90442209 -6.80833448 0.00000000
      vertex 10.89088719 -6.84025974 0.00000000
    endloop
  endfacet
  facet normal -0.93912295 0.34358127 0.00000000
    outer loop
      vertex 10.90442209 -6.80833448 0.20000000
      vertex 10.91662527 -6.77497911 0.20000000
      vertex 10.91662527 -6.77497911 0.00000000
    endloop
  endfacet
  facet normal -0.93912295 0.34358127 0.00000000
    outer loop
      vertex 10.90442209 -6.80833448 0.20000000
      vertex 10.91662527 -6.77497911 0.00000000
      vertex 10.90442209 -6.80833448 0.00000000
    endloop
  endfacet
  facet normal -0.95476643 0.29735678 0.00000000
    outer loop
      vertex 10.91662527 -6.77497911 0.20000000
      vertex 10.92747897 -6.74012956 0.20000000
      vertex 10.92747897 -6.74012956 0.00000000
    endloop
  endfacet
  facet normal -0.95476643 0.29735678 0.00000000
    outer loop
      vertex 10.91662527 -6.77497911 0.20000000
      vertex 10.92747897 -6.74012956 0.00000000
      vertex 10.91662527 -6.77497911 0.00000000
    endloop
  endfacet
  facet normal -0.96773098 0.25198562 0.00000000
    outer loop
      vertex 10.92747897 -6.74012956 0.20000000
      vertex 10.93695689 -6.70373036 0.20000000
      vertex 10.93695689 -6.70373036 0.00000000
    endloop
  endfacet
  facet normal -0.96773098 0.25198562 0.00000000
    outer loop
      vertex 10.92747897 -6.74012956 0.20000000
      vertex 10.93695689 -6.70373036 0.00000000
      vertex 10.92747897 -6.74012956 0.00000000
    endloop
  endfacet
  facet normal -0.97818202 0.20774969 0.00000000
    outer loop
      vertex 10.93695689 -6.70373036 0.20000000
      vertex 10.94502636 -6.66573554 0.20000000
      vertex 10.94502636 -6.66573554 0.00000000
    endloop
  endfacet
  facet normal -0.97818202 0.20774969 0.00000000
    outer loop
      vertex 10.93695689 -6.70373036 0.20000000
      vertex 10.94502636 -6.66573554 0.00000000
      vertex 10.93695689 -6.70373036 0.00000000
    endloop
  endfacet
  facet normal -0.98631411 0.16487716 0.00000000
    outer loop
      vertex 10.94502636 -6.66573554 0.20000000
      vertex 10.95165056 -6.62610878 0.20000000
      vertex 10.95165056 -6.62610878 0.00000000
    endloop
  endfacet
  facet normal -0.98631411 0.16487716 0.00000000
    outer loop
      vertex 10.94502636 -6.66573554 0.20000000
      vertex 10.95165056 -6.62610878 0.00000000
      vertex 10.94502636 -6.66573554 0.00000000
    endloop
  endfacet
  facet normal -0.99233920 0.12354312 0.00000000
    outer loop
      vertex 10.95165056 -6.62610878 0.20000000
      vertex 10.95679050 -6.58482308 0.20000000
      vertex 10.95679050 -6.58482308 0.00000000
    endloop
  endfacet
  facet normal -0.99233920 0.12354312 0.00000000
    outer loop
      vertex 10.95165056 -6.62610878 0.20000000
      vertex 10.95679050 -6.58482308 0.00000000
      vertex 10.95165056 -6.62610878 0.00000000
    endloop
  endfacet
  facet normal -0.99647647 0.08387275 0.00000000
    outer loop
      vertex 10.95679050 -6.58482308 0.20000000
      vertex 10.96040668 -6.54186000 0.20000000
      vertex 10.96040668 -6.54186000 0.00000000
    endloop
  endfacet
  facet normal -0.99647647 0.08387275 0.00000000
    outer loop
      vertex 10.95679050 -6.58482308 0.20000000
      vertex 10.96040668 -6.54186000 0.00000000
      vertex 10.95679050 -6.58482308 0.00000000
    endloop
  endfacet
  facet normal -0.99894391 0.04594632 0.00000000
    outer loop
      vertex 10.96040668 -6.54186000 0.20000000
      vertex 10.96246041 -6.49720867 0.20000000
      vertex 10.96246041 -6.49720867 0.00000000
    endloop
  endfacet
  facet normal -0.99894391 0.04594632 0.00000000
    outer loop
      vertex 10.96040668 -6.54186000 0.20000000
      vertex 10.96246041 -6.49720867 0.00000000
      vertex 10.96040668 -6.54186000 0.00000000
    endloop
  endfacet
  facet normal -0.99995193 0.00980515 0.00000000
    outer loop
      vertex 10.96246041 -6.49720867 0.20000000
      vertex 10.96291484 -6.45086465 0.20000000
      vertex 10.96291484 -6.45086465 0.00000000
    endloop
  endfacet
  facet normal -0.99995193 0.00980515 0.00000000
    outer loop
      vertex 10.96246041 -6.49720867 0.20000000
      vertex 10.96291484 -6.45086465 0.00000000
      vertex 10.96246041 -6.49720867 0.00000000
    endloop
  endfacet
  facet normal -0.99969880 -0.02454202 0.00000000
    outer loop
      vertex 10.96291484 -6.45086465 0.20000000
      vertex 10.96173559 -6.40282883 0.20000000
      vertex 10.96173559 -6.40282883 0.00000000
    endloop
  endfacet
  facet normal -0.99969880 -0.02454202 -0.00000000
    outer loop
      vertex 10.96291484 -6.45086465 0.20000000
      vertex 10.96173559 -6.40282883 0.00000000
      vertex 10.96291484 -6.45086465 0.00000000
    endloop
  endfacet
  facet normal -0.99836773 -0.05711285 0.00000000
    outer loop
      vertex 10.96173559 -6.40282883 0.20000000
      vertex 10.95881275 -6.35173572 0.20000000
      vertex 10.95881275 -6.35173572 0.00000000
    endloop
  endfacet
  facet normal -0.99836773 -0.05711285 -0.00000000
    outer loop
      vertex 10.96173559 -6.40282883 0.20000000
      vertex 10.95881275 -6.35173572 0.00000000
      vertex 10.96173559 -6.40282883 0.00000000
    endloop
  endfacet
  facet normal -0.99735069 -0.07274343 0.00000000
    outer loop
      vertex 10.95881275 -6.35173572 0.20000000
      vertex 10.78450298 -3.96185706 0.20000000
      vertex 10.78450298 -3.96185706 0.00000000
    endloop
  endfacet
  facet normal -0.99735069 -0.07274343 -0.00000000
    outer loop
      vertex 10.95881275 -6.35173572 0.20000000
      vertex 10.78450298 -3.96185706 0.00000000
      vertex 10.95881275 -6.35173572 0.00000000
    endloop
  endfacet
  facet normal -0.99819994 -0.05997394 0.00000000
    outer loop
      vertex 10.78450298 -3.96185706 0.20000000
      vertex 10.77613832 -3.82263656 0.20000000
      vertex 10.77613832 -3.82263656 0.00000000
    endloop
  endfacet
  facet normal -0.99819994 -0.05997394 -0.00000000
    outer loop
      vertex 10.78450298 -3.96185706 0.20000000
      vertex 10.77613832 -3.82263656 0.00000000
      vertex 10.78450298 -3.96185706 0.00000000
    endloop
  endfacet
  facet normal -0.99942479 -0.03391287 0.00000000
    outer loop
      vertex 10.77613832 -3.82263656 0.20000000
      vertex 10.77142355 -3.68369054 0.20000000
      vertex 10.77142355 -3.68369054 0.00000000
    endloop
  endfacet
  facet normal -0.99942479 -0.03391287 -0.00000000
    outer loop
      vertex 10.77613832 -3.82263656 0.20000000
      vertex 10.77142355 -3.68369054 0.00000000
      vertex 10.77613832 -3.82263656 0.00000000
    endloop
  endfacet
  facet normal -0.99997424 -0.00717811 0.00000000
    outer loop
      vertex 10.77142355 -3.68369054 0.20000000
      vertex 10.77043631 -3.54615922 0.20000000
      vertex 10.77043631 -3.54615922 0.00000000
    endloop
  endfacet
  facet normal -0.99997424 -0.00717811 -0.00000000
    outer loop
      vertex 10.77142355 -3.68369054 0.20000000
      vertex 10.77043631 -3.54615922 0.00000000
      vertex 10.77142355 -3.68369054 0.00000000
    endloop
  endfacet
  facet normal -0.99979601 0.02019728 0.00000000
    outer loop
      vertex 10.77043631 -3.54615922 0.20000000
      vertex 10.77318592 -3.41004922 0.20000000
      vertex 10.77318592 -3.41004922 0.00000000
    endloop
  endfacet
  facet normal -0.99979601 0.02019728 0.00000000
    outer loop
      vertex 10.77043631 -3.54615922 0.20000000
      vertex 10.77318592 -3.41004922 0.00000000
      vertex 10.77043631 -3.54615922 0.00000000
    endloop
  endfacet
  facet normal -0.99883901 0.04817291 0.00000000
    outer loop
      vertex 10.77318592 -3.41004922 0.20000000
      vertex 10.77968143 -3.27536846 0.20000000
      vertex 10.77968143 -3.27536846 0.00000000
    endloop
  endfacet
  facet normal -0.99883901 0.04817291 0.00000000
    outer loop
      vertex 10.77318592 -3.41004922 0.20000000
      vertex 10.77968143 -3.27536846 0.00000000
      vertex 10.77318592 -3.41004922 0.00000000
    endloop
  endfacet
  facet normal -0.99705415 0.07670084 0.00000000
    outer loop
      vertex 10.77968143 -3.27536846 0.20000000
      vertex 10.78993141 -3.14212628 0.20000000
      vertex 10.78993141 -3.14212628 0.00000000
    endloop
  endfacet
  facet normal -0.99705415 0.07670084 0.00000000
    outer loop
      vertex 10.77968143 -3.27536846 0.20000000
      vertex 10.78993141 -3.14212628 0.00000000
      vertex 10.77968143 -3.27536846 0.00000000
    endloop
  endfacet
  facet normal -0.99439534 0.10572558 0.00000000
    outer loop
      vertex 10.78993141 -3.14212628 0.20000000
      vertex 10.80394383 -3.01033334 0.20000000
      vertex 10.80394383 -3.01033334 0.00000000
    endloop
  endfacet
  facet normal -0.99439534 0.10572558 0.00000000
    outer loop
      vertex 10.78993141 -3.14212628 0.20000000
      vertex 10.80394383 -3.01033334 0.00000000
      vertex 10.78993141 -3.14212628 0.00000000
    endloop
  endfacet
  facet normal -0.99082050 0.13518412 0.00000000
    outer loop
      vertex 10.80394383 -3.01033334 0.20000000
      vertex 10.82172584 -2.88000163 0.20000000
      vertex 10.82172584 -2.88000163 0.00000000
    endloop
  endfacet
  facet normal -0.99082050 0.13518412 0.00000000
    outer loop
      vertex 10.80394383 -3.01033334 0.20000000
      vertex 10.82172584 -2.88000163 0.00000000
      vertex 10.80394383 -3.01033334 0.00000000
    endloop
  endfacet
  facet normal -0.98629252 0.16500626 0.00000000
    outer loop
      vertex 10.82172584 -2.88000163 0.20000000
      vertex 10.84328359 -2.75114442 0.20000000
      vertex 10.84328359 -2.75114442 0.00000000
    endloop
  endfacet
  facet normal -0.98629252 0.16500626 0.00000000
    outer loop
      vertex 10.82172584 -2.88000163 0.20000000
      vertex 10.84328359 -2.75114442 0.00000000
      vertex 10.82172584 -2.88000163 0.00000000
    endloop
  endfacet
  facet normal -0.98078036 0.19511508 0.00000000
    outer loop
      vertex 10.84328359 -2.75114442 0.20000000
      vertex 10.86862206 -2.62377610 0.20000000
      vertex 10.86862206 -2.62377610 0.00000000
    endloop
  endfacet
  facet normal -0.98078036 0.19511508 0.00000000
    outer loop
      vertex 10.84328359 -2.75114442 0.20000000
      vertex 10.86862206 -2.62377610 0.00000000
      vertex 10.84328359 -2.75114442 0.00000000
    endloop
  endfacet
  facet normal -0.97425991 0.22542764 0.00000000
    outer loop
      vertex 10.86862206 -2.62377610 0.20000000
      vertex 10.89774491 -2.49791208 0.20000000
      vertex 10.89774491 -2.49791208 0.00000000
    endloop
  endfacet
  facet normal -0.97425991 0.22542764 0.00000000
    outer loop
      vertex 10.86862206 -2.62377610 0.20000000
      vertex 10.89774491 -2.49791208 0.00000000
      vertex 10.86862206 -2.62377610 0.00000000
    endloop
  endfacet
  facet normal -0.96671494 0.25585588 0.00000000
    outer loop
      vertex 10.89774491 -2.49791208 0.20000000
      vertex 10.93065432 -2.37356860 0.20000000
      vertex 10.93065432 -2.37356860 0.00000000
    endloop
  endfacet
  facet normal -0.96671494 0.25585588 0.00000000
    outer loop
      vertex 10.89774491 -2.49791208 0.20000000
      vertex 10.93065432 -2.37356860 0.00000000
      vertex 10.89774491 -2.49791208 0.00000000
    endloop
  endfacet
  facet normal -0.95813773 0.28630769 0.00000000
    outer loop
      vertex 10.93065432 -2.37356860 0.20000000
      vertex 10.96735085 -2.25076251 0.20000000
      vertex 10.96735085 -2.25076251 0.00000000
    endloop
  endfacet
  facet normal -0.95813773 0.28630769 0.00000000
    outer loop
      vertex 10.93065432 -2.37356860 0.20000000
      vertex 10.96735085 -2.25076251 0.00000000
      vertex 10.93065432 -2.37356860 0.00000000
    endloop
  endfacet
  facet normal -0.94852970 0.31668818 0.00000000
    outer loop
      vertex 10.96735085 -2.25076251 0.20000000
      vertex 11.00783340 -2.12951104 0.20000000
      vertex 11.00783340 -2.12951104 0.00000000
    endloop
  endfacet
  facet normal -0.94852970 0.31668818 0.00000000
    outer loop
      vertex 10.96735085 -2.25076251 0.20000000
      vertex 11.00783340 -2.12951104 0.00000000
      vertex 10.96735085 -2.25076251 0.00000000
    endloop
  endfacet
  facet normal -0.93790174 0.34690103 0.00000000
    outer loop
      vertex 11.00783340 -2.12951104 0.20000000
      vertex 11.05209917 -2.00983155 0.20000000
      vertex 11.05209917 -2.00983155 0.00000000
    endloop
  endfacet
  facet normal -0.93790174 0.34690103 0.00000000
    outer loop
      vertex 11.00783340 -2.12951104 0.20000000
      vertex 11.05209917 -2.00983155 0.00000000
      vertex 11.00783340 -2.12951104 0.00000000
    endloop
  endfacet
  facet normal -0.92627430 0.37684999 0.00000000
    outer loop
      vertex 11.05209917 -2.00983155 0.20000000
      vertex 11.10014361 -1.89174124 0.20000000
      vertex 11.10014361 -1.89174124 0.00000000
    endloop
  endfacet
  facet normal -0.92627430 0.37684999 0.00000000
    outer loop
      vertex 11.05209917 -2.00983155 0.20000000
      vertex 11.10014361 -1.89174124 0.00000000
      vertex 11.05209917 -2.00983155 0.00000000
    endloop
  endfacet
  facet normal -0.91367732 0.40644034 0.00000000
    outer loop
      vertex 11.10014361 -1.89174124 0.20000000
      vertex 11.15196051 -1.77525692 0.20000000
      vertex 11.15196051 -1.77525692 0.00000000
    endloop
  endfacet
  facet normal -0.91367732 0.40644034 0.00000000
    outer loop
      vertex 11.10014361 -1.89174124 0.20000000
      vertex 11.15196051 -1.77525692 0.00000000
      vertex 11.10014361 -1.89174124 0.00000000
    endloop
  endfacet
  facet normal -0.90014982 0.43558042 0.00000000
    outer loop
      vertex 11.15196051 -1.77525692 0.20000000
      vertex 11.20754207 -1.66039470 0.20000000
      vertex 11.20754207 -1.66039470 0.00000000
    endloop
  endfacet
  facet normal -0.90014982 0.43558042 0.00000000
    outer loop
      vertex 11.15196051 -1.77525692 0.20000000
      vertex 11.20754207 -1.66039470 0.00000000
      vertex 11.15196051 -1.77525692 0.00000000
    endloop
  endfacet
  facet normal -0.88573932 0.46418300 0.00000000
    outer loop
      vertex 11.20754207 -1.66039470 0.20000000
      vertex 11.26687904 -1.54716978 0.20000000
      vertex 11.26687904 -1.54716978 0.00000000
    endloop
  endfacet
  facet normal -0.88573932 0.46418300 0.00000000
    outer loop
      vertex 11.20754207 -1.66039470 0.20000000
      vertex 11.26687904 -1.54716978 0.00000000
      vertex 11.20754207 -1.66039470 0.00000000
    endloop
  endfacet
  facet normal -0.87050102 0.49216661 0.00000000
    outer loop
      vertex 11.26687904 -1.54716978 0.20000000
      vertex 11.32996084 -1.43559623 0.20000000
      vertex 11.32996084 -1.43559623 0.00000000
    endloop
  endfacet
  facet normal -0.87050102 0.49216661 0.00000000
    outer loop
      vertex 11.26687904 -1.54716978 0.20000000
      vertex 11.32996084 -1.43559623 0.00000000
      vertex 11.26687904 -1.54716978 0.00000000
    endloop
  endfacet
  facet normal -0.85449680 0.51945665 0.00000000
    outer loop
      vertex 11.32996084 -1.43559623 0.20000000
      vertex 11.39677583 -1.32568678 0.20000000
      vertex 11.39677583 -1.32568678 0.00000000
    endloop
  endfacet
  facet normal -0.85449680 0.51945665 0.00000000
    outer loop
      vertex 11.32996084 -1.43559623 0.20000000
      vertex 11.39677583 -1.32568678 0.00000000
      vertex 11.32996084 -1.43559623 0.00000000
    endloop
  endfacet
  facet normal -0.83779409 0.54598633 0.00000000
    outer loop
      vertex 11.39677583 -1.32568678 0.20000000
      vertex 11.46731146 -1.21745270 0.20000000
      vertex 11.46731146 -1.21745270 0.00000000
    endloop
  endfacet
  facet normal -0.83779409 0.54598633 0.00000000
    outer loop
      vertex 11.39677583 -1.32568678 0.20000000
      vertex 11.46731146 -1.21745270 0.00000000
      vertex 11.39677583 -1.32568678 0.00000000
    endloop
  endfacet
  facet normal -0.82046459 0.57169734 0.00000000
    outer loop
      vertex 11.46731146 -1.21745270 0.20000000
      vertex 11.54155451 -1.11090367 0.20000000
      vertex 11.54155451 -1.11090367 0.00000000
    endloop
  endfacet
  facet normal -0.82046459 0.57169734 0.00000000
    outer loop
      vertex 11.46731146 -1.21745270 0.20000000
      vertex 11.54155451 -1.11090367 0.00000000
      vertex 11.46731146 -1.21745270 0.00000000
    endloop
  endfacet
  facet normal -0.80258307 0.59654037 0.00000000
    outer loop
      vertex 11.54155451 -1.11090367 0.20000000
      vertex 11.61949136 -1.00604774 0.20000000
      vertex 11.61949136 -1.00604774 0.00000000
    endloop
  endfacet
  facet normal -0.80258307 0.59654037 0.00000000
    outer loop
      vertex 11.54155451 -1.11090367 0.20000000
      vertex 11.61949136 -1.00604774 0.00000000
      vertex 11.54155451 -1.11090367 0.00000000
    endloop
  endfacet
  facet normal -0.78422600 0.62047529 0.00000000
    outer loop
      vertex 11.61949136 -1.00604774 0.20000000
      vertex 11.70110816 -0.90289130 0.20000000
      vertex 11.70110816 -0.90289130 0.00000000
    endloop
  endfacet
  facet normal -0.78422600 0.62047529 0.00000000
    outer loop
      vertex 11.61949136 -1.00604774 0.20000000
      vertex 11.70110816 -0.90289130 0.00000000
      vertex 11.61949136 -1.00604774 0.00000000
    endloop
  endfacet
  facet normal -0.76547035 0.64347117 0.00000000
    outer loop
      vertex 11.70110816 -0.90289130 0.20000000
      vertex 11.78639110 -0.80143911 0.20000000
      vertex 11.78639110 -0.80143911 0.00000000
    endloop
  endfacet
  facet normal -0.76547035 0.64347117 0.00000000
    outer loop
      vertex 11.70110816 -0.90289130 0.20000000
      vertex 11.78639110 -0.80143911 0.00000000
      vertex 11.70110816 -0.90289130 0.00000000
    endloop
  endfacet
  facet normal -0.74639242 0.66550609 0.00000000
    outer loop
      vertex 11.78639110 -0.80143911 0.20000000
      vertex 11.87532658 -0.70169432 0.20000000
      vertex 11.87532658 -0.70169432 0.00000000
    endloop
  endfacet
  facet normal -0.74639242 0.66550609 0.00000000
    outer loop
      vertex 11.78639110 -0.80143911 0.20000000
      vertex 11.87532658 -0.70169432 0.00000000
      vertex 11.78639110 -0.80143911 0.00000000
    endloop
  endfacet
  facet normal -0.72706682 0.68656671 0.00000000
    outer loop
      vertex 11.87532658 -0.70169432 0.20000000
      vertex 11.96790138 -0.60365859 0.20000000
      vertex 11.96790138 -0.60365859 0.00000000
    endloop
  endfacet
  facet normal -0.72706682 0.68656671 0.00000000
    outer loop
      vertex 11.87532658 -0.70169432 0.20000000
      vertex 11.96790138 -0.60365859 0.00000000
      vertex 11.87532658 -0.70169432 0.00000000
    endloop
  endfacet
  facet normal -0.70756548 0.70664778 0.00000000
    outer loop
      vertex 11.96790138 -0.60365859 0.20000000
      vertex 12.06410284 -0.50733220 0.20000000
      vertex 12.06410284 -0.50733220 0.00000000
    endloop
  endfacet
  facet normal -0.70756548 0.70664778 0.00000000
    outer loop
      vertex 11.96790138 -0.60365859 0.20000000
      vertex 12.06410284 -0.50733220 0.00000000
      vertex 11.96790138 -0.60365859 0.00000000
    endloop
  endfacet
  facet normal -0.68795699 0.72575146 0.00000000
    outer loop
      vertex 12.06410284 -0.50733220 0.20000000
      vertex 12.16391896 -0.41271413 0.20000000
      vertex 12.16391896 -0.41271413 0.00000000
    endloop
  endfacet
  facet normal -0.68795699 0.72575146 0.00000000
    outer loop
      vertex 12.06410284 -0.50733220 0.20000000
      vertex 12.16391896 -0.41271413 0.00000000
      vertex 12.06410284 -0.50733220 0.00000000
    endloop
  endfacet
  facet normal -0.66830587 0.74388660 0.00000000
    outer loop
      vertex 12.16391896 -0.41271413 0.20000000
      vertex 12.26733853 -0.31980225 0.20000000
      vertex 12.26733853 -0.31980225 0.00000000
    endloop
  endfacet
  facet normal -0.66830587 0.74388660 0.00000000
    outer loop
      vertex 12.16391896 -0.41271413 0.20000000
      vertex 12.26733853 -0.31980225 0.00000000
      vertex 12.16391896 -0.41271413 0.00000000
    endloop
  endfacet
  facet normal -0.64867219 0.76106793 0.00000000
    outer loop
      vertex 12.26733853 -0.31980225 0.20000000
      vertex 12.37348586 -0.22933093 0.20000000
      vertex 12.37348586 -0.22933093 0.00000000
    endloop
  endfacet
  facet normal -0.64867219 0.76106793 0.00000000
    outer loop
      vertex 12.26733853 -0.31980225 0.20000000
      vertex 12.37348586 -0.22933093 0.00000000
      vertex 12.26733853 -0.31980225 0.00000000
    endloop
  endfacet
  facet normal -0.63887935 0.76930694 0.00000000
    outer loop
      vertex 12.37348586 -0.22933093 0.20000000
      vertex 13.79742970 0.95319879 0.20000000
      vertex 13.79742970 0.95319879 0.00000000
    endloop
  endfacet
  facet normal -0.63887935 0.76930694 0.00000000
    outer loop
      vertex 12.37348586 -0.22933093 0.20000000
      vertex 13.79742970 0.95319879 0.00000000
      vertex 12.37348586 -0.22933093 0.00000000
    endloop
  endfacet
  facet normal -0.64986884 0.76004637 0.00000000
    outer loop
      vertex 13.79742970 0.95319879 0.20000000
      vertex 13.83326966 0.98384333 0.20000000
      vertex 13.83326966 0.98384333 0.00000000
    endloop
  endfacet
  facet normal -0.64986884 0.76004637 0.00000000
    outer loop
      vertex 13.79742970 0.95319879 0.20000000
      vertex 13.83326966 0.98384333 0.00000000
      vertex 13.79742970 0.95319879 0.00000000
    endloop
  endfacet
  facet normal -0.67202818 0.74052558 0.00000000
    outer loop
      vertex 13.83326966 0.98384333 0.20000000
      vertex 13.86643775 1.01394342 0.20000000
      vertex 13.86643775 1.01394342 0.00000000
    endloop
  endfacet
  facet normal -0.67202818 0.74052558 0.00000000
    outer loop
      vertex 13.83326966 0.98384333 0.20000000
      vertex 13.86643775 1.01394342 0.00000000
      vertex 13.83326966 0.98384333 0.00000000
    endloop
  endfacet
  facet normal -0.69436232 0.71962558 0.00000000
    outer loop
      vertex 13.86643775 1.01394342 0.20000000
      vertex 13.89791418 1.04431484 0.20000000
      vertex 13.89791418 1.04431484 0.00000000
    endloop
  endfacet
  facet normal -0.69436232 0.71962558 0.00000000
    outer loop
      vertex 13.86643775 1.01394342 0.20000000
      vertex 13.89791418 1.04431484 0.00000000
      vertex 13.86643775 1.01394342 0.00000000
    endloop
  endfacet
  facet normal -0.71678230 0.69729702 0.00000000
    outer loop
      vertex 13.89791418 1.04431484 0.20000000
      vertex 13.92771605 1.07494949 0.20000000
      vertex 13.92771605 1.07494949 0.00000000
    endloop
  endfacet
  facet normal -0.71678230 0.69729702 0.00000000
    outer loop
      vertex 13.89791418 1.04431484 0.20000000
      vertex 13.92771605 1.07494949 0.00000000
      vertex 13.89791418 1.04431484 0.00000000
    endloop
  endfacet
  facet normal -0.73918751 0.67349968 0.00000000
    outer loop
      vertex 13.92771605 1.07494949 0.20000000
      vertex 13.95586250 1.10584112 0.20000000
      vertex 13.95586250 1.10584112 0.00000000
    endloop
  endfacet
  facet normal -0.73918751 0.67349968 0.00000000
    outer loop
      vertex 13.92771605 1.07494949 0.20000000
      vertex 13.95586250 1.10584112 0.00000000
      vertex 13.92771605 1.07494949 0.00000000
    endloop
  endfacet
  facet normal -0.76146604 0.64820481 0.00000000
    outer loop
      vertex 13.95586250 1.10584112 0.20000000
      vertex 13.98237466 1.13698577 0.20000000
      vertex 13.98237466 1.13698577 0.00000000
    endloop
  endfacet
  facet normal -0.76146604 0.64820481 0.00000000
    outer loop
      vertex 13.95586250 1.10584112 0.20000000
      vertex 13.98237466 1.13698577 0.00000000
      vertex 13.95586250 1.10584112 0.00000000
    endloop
  endfacet
  facet normal -0.78349545 0.62139752 0.00000000
    outer loop
      vertex 13.98237466 1.13698577 0.20000000
      vertex 14.00727543 1.16838216 0.20000000
      vertex 14.00727543 1.16838216 0.00000000
    endloop
  endfacet
  facet normal -0.78349545 0.62139752 0.00000000
    outer loop
      vertex 13.98237466 1.13698577 0.20000000
      vertex 14.00727543 1.16838216 0.00000000
      vertex 13.98237466 1.13698577 0.00000000
    endloop
  endfacet
  facet normal -0.80514416 0.59307915 0.00000000
    outer loop
      vertex 14.00727543 1.16838216 0.20000000
      vertex 14.03058922 1.20003217 0.20000000
      vertex 14.03058922 1.20003217 0.00000000
    endloop
  endfacet
  facet normal -0.80514416 0.59307915 0.00000000
    outer loop
      vertex 14.00727543 1.16838216 0.20000000
      vertex 14.03058922 1.20003217 0.00000000
      vertex 14.00727543 1.16838216 0.00000000
    endloop
  endfacet
  facet normal -0.82627326 0.56326947 0.00000000
    outer loop
      vertex 14.03058922 1.20003217 0.20000000
      vertex 14.05234152 1.23194114 0.20000000
      vertex 14.05234152 1.23194114 0.00000000
    endloop
  endfacet
  facet normal -0.82627326 0.56326947 0.00000000
    outer loop
      vertex 14.03058922 1.20003217 0.20000000
      vertex 14.05234152 1.23194114 0.00000000
      vertex 14.03058922 1.20003217 0.00000000
    endloop
  endfacet
  facet normal -0.84673900 0.53200852 0.00000000
    outer loop
      vertex 14.05234152 1.23194114 0.20000000
      vertex 14.07255847 1.26411822 0.20000000
      vertex 14.07255847 1.26411822 0.00000000
    endloop
  endfacet
  facet normal -0.84673900 0.53200852 0.00000000
    outer loop
      vertex 14.05234152 1.23194114 0.20000000
      vertex 14.07255847 1.26411822 0.00000000
      vertex 14.05234152 1.23194114 0.00000000
    endloop
  endfacet
  facet normal -0.86639573 0.49935803 0.00000000
    outer loop
      vertex 14.07255847 1.26411822 0.20000000
      vertex 14.09126621 1.29657650 0.20000000
      vertex 14.09126621 1.29657650 0.00000000
    endloop
  endfacet
  facet normal -0.86639573 0.49935803 0.00000000
    outer loop
      vertex 14.07255847 1.26411822 0.20000000
      vertex 14.09126621 1.29657650 0.00000000
      vertex 14.07255847 1.26411822 0.00000000
    endloop
  endfacet
  facet normal -0.88509934 0.46540214 0.00000000
    outer loop
      vertex 14.09126621 1.29657650 0.20000000
      vertex 14.10849029 1.32933316 0.20000000
      vertex 14.10849029 1.32933316 0.00000000
    endloop
  endfacet
  facet normal -0.88509934 0.46540214 0.00000000
    outer loop
      vertex 14.09126621 1.29657650 0.20000000
      vertex 14.10849029 1.32933316 0.00000000
      vertex 14.09126621 1.29657650 0.00000000
    endloop
  endfacet
  facet normal -0.90271102 0.43024738 0.00000000
    outer loop
      vertex 14.10849029 1.32933316 0.20000000
      vertex 14.12425494 1.36240932 0.20000000
      vertex 14.12425494 1.36240932 0.00000000
    endloop
  endfacet
  facet normal -0.90271102 0.43024738 0.00000000
    outer loop
      vertex 14.10849029 1.32933316 0.20000000
      vertex 14.12425494 1.36240932 0.00000000
      vertex 14.10849029 1.32933316 0.00000000
    endloop
  endfacet
  facet normal -0.91910110 0.39402179 0.00000000
    outer loop
      vertex 14.12425494 1.36240932 0.20000000
      vertex 14.13858243 1.39582982 0.20000000
      vertex 14.13858243 1.39582982 0.00000000
    endloop
  endfacet
  facet normal -0.91910110 0.39402179 0.00000000
    outer loop
      vertex 14.12425494 1.36240932 0.20000000
      vertex 14.13858243 1.39582982 0.00000000
      vertex 14.12425494 1.36240932 0.00000000
    endloop
  endfacet
  facet normal -0.93415290 0.35687304 0.00000000
    outer loop
      vertex 14.13858243 1.39582982 0.20000000
      vertex 14.15149231 1.42962281 0.20000000
      vertex 14.15149231 1.42962281 0.00000000
    endloop
  endfacet
  facet normal -0.93415290 0.35687304 0.00000000
    outer loop
      vertex 14.13858243 1.39582982 0.20000000
      vertex 14.15149231 1.42962281 0.00000000
      vertex 14.13858243 1.39582982 0.00000000
    endloop
  endfacet
  facet normal -0.94776623 0.31896580 0.00000000
    outer loop
      vertex 14.15149231 1.42962281 0.20000000
      vertex 14.16300093 1.46381921 0.20000000
      vertex 14.16300093 1.46381921 0.00000000
    endloop
  endfacet
  facet normal -0.94776623 0.31896580 0.00000000
    outer loop
      vertex 14.15149231 1.42962281 0.20000000
      vertex 14.16300093 1.46381921 0.00000000
      vertex 14.15149231 1.42962281 0.00000000
    endloop
  endfacet
  facet normal -0.95986040 0.28047819 0.00000000
    outer loop
      vertex 14.16300093 1.46381921 0.20000000
      vertex 14.17312088 1.49845198 0.20000000
      vertex 14.17312088 1.49845198 0.00000000
    endloop
  endfacet
  facet normal -0.95986040 0.28047819 0.00000000
    outer loop
      vertex 14.16300093 1.46381921 0.20000000
      vertex 14.17312088 1.49845198 0.00000000
      vertex 14.16300093 1.46381921 0.00000000
    endloop
  endfacet
  facet normal -0.97037650 0.24159770 0.00000000
    outer loop
      vertex 14.17312088 1.49845198 0.20000000
      vertex 14.18186068 1.53355536 0.20000000
      vertex 14.18186068 1.53355536 0.00000000
    endloop
  endfacet
  facet normal -0.97037650 0.24159770 0.00000000
    outer loop
      vertex 14.17312088 1.49845198 0.20000000
      vertex 14.18186068 1.53355536 0.00000000
      vertex 14.17312088 1.49845198 0.00000000
    endloop
  endfacet
  facet normal -0.97927884 0.20251657 0.00000000
    outer loop
      vertex 14.18186068 1.53355536 0.20000000
      vertex 14.18922462 1.56916405 0.20000000
      vertex 14.18922462 1.56916405 0.00000000
    endloop
  endfacet
  facet normal -0.97927884 0.20251657 0.00000000
    outer loop
      vertex 14.18186068 1.53355536 0.20000000
      vertex 14.18922462 1.56916405 0.00000000
      vertex 14.18186068 1.53355536 0.00000000
    endloop
  endfacet
  facet normal -0.98655540 0.16342718 0.00000000
    outer loop
      vertex 14.18922462 1.56916405 0.20000000
      vertex 14.19521274 1.60531234 0.20000000
      vertex 14.19521274 1.60531234 0.00000000
    endloop
  endfacet
  facet normal -0.98655540 0.16342718 0.00000000
    outer loop
      vertex 14.18922462 1.56916405 0.20000000
      vertex 14.19521274 1.60531234 0.00000000
      vertex 14.18922462 1.56916405 0.00000000
    endloop
  endfacet
  facet normal -0.99221742 0.12451742 0.00000000
    outer loop
      vertex 14.19521274 1.60531234 0.20000000
      vertex 14.19982101 1.64203334 0.20000000
      vertex 14.19982101 1.64203334 0.00000000
    endloop
  endfacet
  facet normal -0.99221742 0.12451742 0.00000000
    outer loop
      vertex 14.19521274 1.60531234 0.20000000
      vertex 14.19982101 1.64203334 0.00000000
      vertex 14.19521274 1.60531234 0.00000000
    endloop
  endfacet
  facet normal -0.99629803 0.08596646 0.00000000
    outer loop
      vertex 14.19982101 1.64203334 0.20000000
      vertex 14.20304162 1.67935823 0.20000000
      vertex 14.20304162 1.67935823 0.00000000
    endloop
  endfacet
  facet normal -0.99629803 0.08596646 0.00000000
    outer loop
      vertex 14.19982101 1.64203334 0.20000000
      vertex 14.20304162 1.67935823 0.00000000
      vertex 14.19982101 1.64203334 0.00000000
    endloop
  endfacet
  facet normal -0.99885016 0.04794110 0.00000000
    outer loop
      vertex 14.20304162 1.67935823 0.20000000
      vertex 14.20486344 1.71731570 0.20000000
      vertex 14.20486344 1.71731570 0.00000000
    endloop
  endfacet
  facet normal -0.99885016 0.04794110 0.00000000
    outer loop
      vertex 14.20304162 1.67935823 0.20000000
      vertex 14.20486344 1.71731570 0.00000000
      vertex 14.20304162 1.67935823 0.00000000
    endloop
  endfacet
  facet normal -0.99994389 0.01059278 0.00000000
    outer loop
      vertex 14.20486344 1.71731570 0.20000000
      vertex 14.20527251 1.75593148 0.20000000
      vertex 14.20527251 1.75593148 0.00000000
    endloop
  endfacet
  facet normal -0.99994389 0.01059278 0.00000000
    outer loop
      vertex 14.20486344 1.71731570 0.20000000
      vertex 14.20527251 1.75593148 0.00000000
      vertex 14.20486344 1.71731570 0.00000000
    endloop
  endfacet
  facet normal -0.99966338 -0.02594457 0.00000000
    outer loop
      vertex 14.20527251 1.75593148 0.20000000
      vertex 14.20425263 1.79522799 0.20000000
      vertex 14.20425263 1.79522799 0.00000000
    endloop
  endfacet
  facet normal -0.99966338 -0.02594457 -0.00000000
    outer loop
      vertex 14.20527251 1.75593148 0.20000000
      vertex 14.20425263 1.79522799 0.00000000
      vertex 14.20527251 1.75593148 0.00000000
    endloop
  endfacet
  facet normal -0.99810364 -0.06155585 0.00000000
    outer loop
      vertex 14.20425263 1.79522799 0.20000000
      vertex 14.20178596 1.83522421 0.20000000
      vertex 14.20178596 1.83522421 0.00000000
    endloop
  endfacet
  facet normal -0.99810364 -0.06155585 -0.00000000
    outer loop
      vertex 14.20425263 1.79522799 0.20000000
      vertex 14.20178596 1.83522421 0.00000000
      vertex 14.20425263 1.79522799 0.00000000
    endloop
  endfacet
  facet normal -0.99536730 -0.09614542 0.00000000
    outer loop
      vertex 14.20178596 1.83522421 0.20000000
      vertex 14.19785352 1.87593562 0.20000000
      vertex 14.19785352 1.87593562 0.00000000
    endloop
  endfacet
  facet normal -0.99536730 -0.09614542 -0.00000000
    outer loop
      vertex 14.20178596 1.83522421 0.20000000
      vertex 14.19785352 1.87593562 0.00000000
      vertex 14.20178596 1.83522421 0.00000000
    endloop
  endfacet
  facet normal -0.99156153 -0.12963690 0.00000000
    outer loop
      vertex 14.19785352 1.87593562 0.20000000
      vertex 14.19243582 1.91737430 0.20000000
      vertex 14.19243582 1.91737430 0.00000000
    endloop
  endfacet
  facet normal -0.99156153 -0.12963690 -0.00000000
    outer loop
      vertex 14.19785352 1.87593562 0.20000000
      vertex 14.19243582 1.91737430 0.00000000
      vertex 14.19785352 1.87593562 0.00000000
    endloop
  endfacet
  facet normal -0.98679528 -0.16197248 0.00000000
    outer loop
      vertex 14.19243582 1.91737430 0.20000000
      vertex 14.18551326 1.95954907 0.20000000
      vertex 14.18551326 1.95954907 0.00000000
    endloop
  endfacet
  facet normal -0.98679528 -0.16197248 -0.00000000
    outer loop
      vertex 14.19243582 1.91737430 0.20000000
      vertex 14.18551326 1.95954907 0.00000000
      vertex 14.19243582 1.91737430 0.00000000
    endloop
  endfacet
  facet normal -0.98117677 -0.19311173 0.00000000
    outer loop
      vertex 14.18551326 1.95954907 0.20000000
      vertex 14.17706655 2.00246576 0.20000000
      vertex 14.17706655 2.00246576 0.00000000
    endloop
  endfacet
  facet normal -0.98117677 -0.19311173 -0.00000000
    outer loop
      vertex 14.18551326 1.95954907 0.20000000
      vertex 14.17706655 2.00246576 0.00000000
      vertex 14.18551326 1.95954907 0.00000000
    endloop
  endfacet
  facet normal -0.97481156 -0.22303008 0.00000000
    outer loop
      vertex 14.17706655 2.00246576 0.20000000
      vertex 14.16707705 2.04612749 0.20000000
      vertex 14.16707705 2.04612749 0.00000000
    endloop
  endfacet
  facet normal -0.97481156 -0.22303008 -0.00000000
    outer loop
      vertex 14.17706655 2.00246576 0.20000000
      vertex 14.16707705 2.04612749 0.00000000
      vertex 14.17706655 2.00246576 0.00000000
    endloop
  endfacet
  facet normal -0.96780085 -0.25171714 0.00000000
    outer loop
      vertex 14.16707705 2.04612749 0.20000000
      vertex 14.15520734 2.09176411 0.20000000
      vertex 14.15520734 2.09176411 0.00000000
    endloop
  endfacet
  facet normal -0.96780085 -0.25171714 -0.00000000
    outer loop
      vertex 14.16707705 2.04612749 0.20000000
      vertex 14.15520734 2.09176411 0.00000000
      vertex 14.16707705 2.04612749 0.00000000
    endloop
  endfacet
  facet normal -0.96408356 -0.26559910 0.00000000
    outer loop
      vertex 14.15520734 2.09176411 0.20000000
      vertex 13.94909132 2.83993329 0.20000000
      vertex 13.94909132 2.83993329 0.00000000
    endloop
  endfacet
  facet normal -0.96408356 -0.26559910 -0.00000000
    outer loop
      vertex 14.15520734 2.09176411 0.20000000
      vertex 13.94909132 2.83993329 0.00000000
      vertex 14.15520734 2.09176411 0.00000000
    endloop
  endfacet
  facet normal -0.96213783 -0.27256337 0.00000000
    outer loop
      vertex 13.94909132 2.83993329 0.20000000
      vertex 13.92731906 2.91678851 0.20000000
      vertex 13.92731906 2.91678851 0.00000000
    endloop
  endfacet
  facet normal -0.96213783 -0.27256337 -0.00000000
    outer loop
      vertex 13.94909132 2.83993329 0.20000000
      vertex 13.92731906 2.91678851 0.00000000
      vertex 13.94909132 2.83993329 0.00000000
    endloop
  endfacet
  facet normal -0.95807434 -0.28651972 0.00000000
    outer loop
      vertex 13.92731906 2.91678851 0.20000000
      vertex 13.90470088 2.99241993 0.20000000
      vertex 13.90470088 2.99241993 0.00000000
    endloop
  endfacet
  facet normal -0.95807434 -0.28651972 -0.00000000
    outer loop
      vertex 13.92731906 2.91678851 0.20000000
      vertex 13.90470088 2.99241993 0.00000000
      vertex 13.92731906 2.91678851 0.00000000
    endloop
  endfacet
  facet normal -0.95378007 -0.30050554 0.00000000
    outer loop
      vertex 13.90470088 2.99241993 0.20000000
      vertex 13.88106031 3.06745317 0.20000000
      vertex 13.88106031 3.06745317 0.00000000
    endloop
  endfacet
  facet normal -0.95378007 -0.30050554 -0.00000000
    outer loop
      vertex 13.90470088 2.99241993 0.20000000
      vertex 13.88106031 3.06745317 0.00000000
      vertex 13.90470088 2.99241993 0.00000000
    endloop
  endfacet
  facet normal -0.94925367 -0.31451148 0.00000000
    outer loop
      vertex 13.88106031 3.06745317 0.20000000
      vertex 13.85639755 3.14188995 0.20000000
      vertex 13.85639755 3.14188995 0.00000000
    endloop
  endfacet
  facet normal -0.94925367 -0.31451148 -0.00000000
    outer loop
      vertex 13.88106031 3.06745317 0.20000000
      vertex 13.85639755 3.14188995 0.00000000
      vertex 13.88106031 3.06745317 0.00000000
    endloop
  endfacet
  facet normal -0.94449423 -0.32852801 0.00000000
    outer loop
      vertex 13.85639755 3.14188995 0.20000000
      vertex 13.83071271 3.21573198 0.20000000
      vertex 13.83071271 3.21573198 0.00000000
    endloop
  endfacet
  facet normal -0.94449423 -0.32852801 -0.00000000
    outer loop
      vertex 13.85639755 3.14188995 0.20000000
      vertex 13.83071271 3.21573198 0.00000000
      vertex 13.85639755 3.14188995 0.00000000
    endloop
  endfacet
  facet normal -0.93950128 -0.34254538 0.00000000
    outer loop
      vertex 13.83071271 3.21573198 0.20000000
      vertex 13.80400585 3.28898105 0.20000000
      vertex 13.80400585 3.28898105 0.00000000
    endloop
  endfacet
  facet normal -0.93950128 -0.34254538 -0.00000000
    outer loop
      vertex 13.83071271 3.21573198 0.20000000
      vertex 13.80400585 3.28898105 0.00000000
      vertex 13.83071271 3.21573198 0.00000000
    endloop
  endfacet
  facet normal -0.93427483 -0.35655369 0.00000000
    outer loop
      vertex 13.80400585 3.28898105 0.20000000
      vertex 13.77627693 3.36163894 0.20000000
      vertex 13.77627693 3.36163894 0.00000000
    endloop
  endfacet
  facet normal -0.93427483 -0.35655369 -0.00000000
    outer loop
      vertex 13.80400585 3.28898105 0.20000000
      vertex 13.77627693 3.36163894 0.00000000
      vertex 13.80400585 3.28898105 0.00000000
    endloop
  endfacet
  facet normal -0.92881534 -0.37054293 0.00000000
    outer loop
      vertex 13.77627693 3.36163894 0.20000000
      vertex 13.74752580 3.43370746 0.20000000
      vertex 13.74752580 3.43370746 0.00000000
    endloop
  endfacet
  facet normal -0.92881534 -0.37054293 -0.00000000
    outer loop
      vertex 13.77627693 3.36163894 0.20000000
      vertex 13.74752580 3.43370746 0.00000000
      vertex 13.77627693 3.36163894 0.00000000
    endloop
  endfacet
  facet normal -0.92312375 -0.38450297 0.00000000
    outer loop
      vertex 13.74752580 3.43370746 0.20000000
      vertex 13.71775227 3.50518846 0.20000000
      vertex 13.71775227 3.50518846 0.00000000
    endloop
  endfacet
  facet normal -0.92312375 -0.38450297 -0.00000000
    outer loop
      vertex 13.74752580 3.43370746 0.20000000
      vertex 13.71775227 3.50518846 0.00000000
      vertex 13.74752580 3.43370746 0.00000000
    endloop
  endfacet
  facet normal -0.91720151 -0.39842363 0.00000000
    outer loop
      vertex 13.71775227 3.50518846 0.20000000
      vertex 13.68695603 3.57608375 0.20000000
      vertex 13.68695603 3.57608375 0.00000000
    endloop
  endfacet
  facet normal -0.91720151 -0.39842363 -0.00000000
    outer loop
      vertex 13.71775227 3.50518846 0.20000000
      vertex 13.68695603 3.57608375 0.00000000
      vertex 13.71775227 3.50518846 0.00000000
    endloop
  endfacet
  facet normal -0.91105053 -0.41229471 0.00000000
    outer loop
      vertex 13.68695603 3.57608375 0.20000000
      vertex 13.65513669 3.64639518 0.20000000
      vertex 13.65513669 3.64639518 0.00000000
    endloop
  endfacet
  facet normal -0.91105053 -0.41229471 -0.00000000
    outer loop
      vertex 13.68695603 3.57608375 0.20000000
      vertex 13.65513669 3.64639518 0.00000000
      vertex 13.68695603 3.57608375 0.00000000
    endloop
  endfacet
  facet normal -0.90467324 -0.42610601 0.00000000
    outer loop
      vertex 13.65513669 3.64639518 0.20000000
      vertex 13.62229376 3.71612458 0.20000000
      vertex 13.62229376 3.71612458 0.00000000
    endloop
  endfacet
  facet normal -0.90467324 -0.42610601 -0.00000000
    outer loop
      vertex 13.65513669 3.64639518 0.20000000
      vertex 13.62229376 3.71612458 0.00000000
      vertex 13.65513669 3.64639518 0.00000000
    endloop
  endfacet
  facet normal -0.89807254 -0.43984738 0.00000000
    outer loop
      vertex 13.62229376 3.71612458 0.20000000
      vertex 13.58842669 3.78527376 0.20000000
      vertex 13.58842669 3.78527376 0.00000000
    endloop
  endfacet
  facet normal -0.89807254 -0.43984738 -0.00000000
    outer loop
      vertex 13.62229376 3.71612458 0.20000000
      vertex 13.58842669 3.78527376 0.00000000
      vertex 13.62229376 3.71612458 0.00000000
    endloop
  endfacet
  facet normal -0.89125182 -0.45350876 0.00000000
    outer loop
      vertex 13.58842669 3.78527376 0.20000000
      vertex 13.55353481 3.85384454 0.20000000
      vertex 13.55353481 3.85384454 0.00000000
    endloop
  endfacet
  facet normal -0.89125182 -0.45350876 -0.00000000
    outer loop
      vertex 13.58842669 3.78527376 0.20000000
      vertex 13.55353481 3.85384454 0.00000000
      vertex 13.58842669 3.78527376 0.00000000
    endloop
  endfacet
  facet normal -0.88421496 -0.46708018 0.00000000
    outer loop
      vertex 13.55353481 3.85384454 0.20000000
      vertex 13.51761739 3.92183869 0.20000000
      vertex 13.51761739 3.92183869 0.00000000
    endloop
  endfacet
  facet normal -0.88421496 -0.46708018 -0.00000000
    outer loop
      vertex 13.55353481 3.85384454 0.20000000
      vertex 13.51761739 3.92183869 0.00000000
      vertex 13.55353481 3.85384454 0.00000000
    endloop
  endfacet
  facet normal -0.87696631 -0.48055187 0.00000000
    outer loop
      vertex 13.51761739 3.92183869 0.20000000
      vertex 13.48067361 3.98925795 0.20000000
      vertex 13.48067361 3.98925795 0.00000000
    endloop
  endfacet
  facet normal -0.87696631 -0.48055187 -0.00000000
    outer loop
      vertex 13.51761739 3.92183869 0.20000000
      vertex 13.48067361 3.98925795 0.00000000
      vertex 13.51761739 3.92183869 0.00000000
    endloop
  endfacet
  facet normal -0.86951064 -0.49391421 0.00000000
    outer loop
      vertex 13.48067361 3.98925795 0.20000000
      vertex 13.44270256 4.05610403 0.20000000
      vertex 13.44270256 4.05610403 0.00000000
    endloop
  endfacet
  facet normal -0.86951064 -0.49391421 -0.00000000
    outer loop
      vertex 13.48067361 3.98925795 0.20000000
      vertex 13.44270256 4.05610403 0.00000000
      vertex 13.48067361 3.98925795 0.00000000
    endloop
  endfacet
  facet normal -0.86185321 -0.50715781 0.00000000
    outer loop
      vertex 13.44270256 4.05610403 0.20000000
      vertex 13.40370326 4.12237861 0.20000000
      vertex 13.40370326 4.12237861 0.00000000
    endloop
  endfacet
  facet normal -0.86185321 -0.50715781 -0.00000000
    outer loop
      vertex 13.44270256 4.05610403 0.20000000
      vertex 13.40370326 4.12237861 0.00000000
      vertex 13.44270256 4.05610403 0.00000000
    endloop
  endfacet
  facet normal -0.85399966 -0.52027356 0.00000000
    outer loop
      vertex 13.40370326 4.12237861 0.20000000
      vertex 13.36367467 4.18808330 0.20000000
      vertex 13.36367467 4.18808330 0.00000000
    endloop
  endfacet
  facet normal -0.85399966 -0.52027356 -0.00000000
    outer loop
      vertex 13.40370326 4.12237861 0.20000000
      vertex 13.36367467 4.18808330 0.00000000
      vertex 13.40370326 4.12237861 0.00000000
    endloop
  endfacet
  facet normal -0.84595606 -0.53325261 0.00000000
    outer loop
      vertex 13.36367467 4.18808330 0.20000000
      vertex 13.32261564 4.25321966 0.20000000
      vertex 13.32261564 4.25321966 0.00000000
    endloop
  endfacet
  facet normal -0.84595606 -0.53325261 -0.00000000
    outer loop
      vertex 13.36367467 4.18808330 0.20000000
      vertex 13.32261564 4.25321966 0.00000000
      vertex 13.36367467 4.18808330 0.00000000
    endloop
  endfacet
  facet normal -0.83772883 -0.54608644 0.00000000
    outer loop
      vertex 13.32261564 4.25321966 0.20000000
      vertex 13.28052500 4.31778919 0.20000000
      vertex 13.28052500 4.31778919 0.00000000
    endloop
  endfacet
  facet normal -0.83772883 -0.54608644 -0.00000000
    outer loop
      vertex 13.32261564 4.25321966 0.20000000
      vertex 13.28052500 4.31778919 0.00000000
      vertex 13.32261564 4.25321966 0.00000000
    endloop
  endfacet
  facet normal -0.82932477 -0.55876688 0.00000000
    outer loop
      vertex 13.28052500 4.31778919 0.20000000
      vertex 13.23740148 4.38179333 0.20000000
      vertex 13.23740148 4.38179333 0.00000000
    endloop
  endfacet
  facet normal -0.82932477 -0.55876688 -0.00000000
    outer loop
      vertex 13.28052500 4.31778919 0.20000000
      vertex 13.23740148 4.38179333 0.00000000
      vertex 13.28052500 4.31778919 0.00000000
    endloop
  endfacet
  facet normal -0.82075098 -0.57128612 0.00000000
    outer loop
      vertex 13.23740148 4.38179333 0.20000000
      vertex 13.19324380 4.44523346 0.20000000
      vertex 13.19324380 4.44523346 0.00000000
    endloop
  endfacet
  facet normal -0.82075098 -0.57128612 -0.00000000
    outer loop
      vertex 13.23740148 4.38179333 0.20000000
      vertex 13.19324380 4.44523346 0.00000000
      vertex 13.23740148 4.38179333 0.00000000
    endloop
  endfacet
  facet normal -0.81201486 -0.58363676 0.00000000
    outer loop
      vertex 13.19324380 4.44523346 0.20000000
      vertex 13.14805058 4.50811087 0.20000000
      vertex 13.14805058 4.50811087 0.00000000
    endloop
  endfacet
  facet normal -0.81201486 -0.58363676 -0.00000000
    outer loop
      vertex 13.19324380 4.44523346 0.20000000
      vertex 13.14805058 4.50811087 0.00000000
      vertex 13.19324380 4.44523346 0.00000000
    endloop
  endfacet
  facet normal -0.80312410 -0.59581178 0.00000000
    outer loop
      vertex 13.14805058 4.50811087 0.20000000
      vertex 13.10182042 4.57042677 0.20000000
      vertex 13.10182042 4.57042677 0.00000000
    endloop
  endfacet
  facet normal -0.80312410 -0.59581178 -0.00000000
    outer loop
      vertex 13.14805058 4.50811087 0.20000000
      vertex 13.10182042 4.57042677 0.00000000
      vertex 13.14805058 4.50811087 0.00000000
    endloop
  endfacet
  facet normal -0.79408660 -0.60780463 0.00000000
    outer loop
      vertex 13.10182042 4.57042677 0.20000000
      vertex 13.05455189 4.63218232 0.20000000
      vertex 13.05455189 4.63218232 0.00000000
    endloop
  endfacet
  facet normal -0.79408660 -0.60780463 -0.00000000
    outer loop
      vertex 13.10182042 4.57042677 0.20000000
      vertex 13.05455189 4.63218232 0.00000000
      vertex 13.10182042 4.57042677 0.00000000
    endloop
  endfacet
  facet normal -0.78491048 -0.61960918 0.00000000
    outer loop
      vertex 13.05455189 4.63218232 0.20000000
      vertex 13.00624350 4.69337858 0.20000000
      vertex 13.00624350 4.69337858 0.00000000
    endloop
  endfacet
  facet normal -0.78491048 -0.61960918 -0.00000000
    outer loop
      vertex 13.05455189 4.63218232 0.20000000
      vertex 13.00624350 4.69337858 0.00000000
      vertex 13.05455189 4.63218232 0.00000000
    endloop
  endfacet
  facet normal -0.77560402 -0.63121978 0.00000000
    outer loop
      vertex 13.00624350 4.69337858 0.20000000
      vertex 12.95689375 4.75401651 0.20000000
      vertex 12.95689375 4.75401651 0.00000000
    endloop
  endfacet
  facet normal -0.77560402 -0.63121978 -0.00000000
    outer loop
      vertex 13.00624350 4.69337858 0.20000000
      vertex 12.95689375 4.75401651 0.00000000
      vertex 13.00624350 4.69337858 0.00000000
    endloop
  endfacet
  facet normal -0.76617564 -0.64263122 0.00000000
    outer loop
      vertex 12.95689375 4.75401651 0.20000000
      vertex 12.90650111 4.81409702 0.20000000
      vertex 12.90650111 4.81409702 0.00000000
    endloop
  endfacet
  facet normal -0.76617564 -0.64263122 -0.00000000
    outer loop
      vertex 12.95689375 4.75401651 0.20000000
      vertex 12.90650111 4.81409702 0.00000000
      vertex 12.95689375 4.75401651 0.00000000
    endloop
  endfacet
  facet normal -0.75663388 -0.65383879 0.00000000
    outer loop
      vertex 12.90650111 4.81409702 0.20000000
      vertex 12.85506405 4.87362091 0.20000000
      vertex 12.85506405 4.87362091 0.00000000
    endloop
  endfacet
  facet normal -0.75663388 -0.65383879 -0.00000000
    outer loop
      vertex 12.90650111 4.81409702 0.20000000
      vertex 12.85506405 4.87362091 0.00000000
      vertex 12.90650111 4.81409702 0.00000000
    endloop
  endfacet
  facet normal -0.74698735 -0.66483825 0.00000000
    outer loop
      vertex 12.85506405 4.87362091 0.20000000
      vertex 12.80258100 4.93258889 0.20000000
      vertex 12.80258100 4.93258889 0.00000000
    endloop
  endfacet
  facet normal -0.74698735 -0.66483825 -0.00000000
    outer loop
      vertex 12.85506405 4.87362091 0.20000000
      vertex 12.80258100 4.93258889 0.00000000
      vertex 12.85506405 4.87362091 0.00000000
    endloop
  endfacet
  facet normal -0.73724468 -0.67562584 0.00000000
    outer loop
      vertex 12.80258100 4.93258889 0.20000000
      vertex 12.74861226 4.99147972 0.20000000
      vertex 12.74861226 4.99147972 0.00000000
    endloop
  endfacet
  facet normal -0.73724468 -0.67562584 -0.00000000
    outer loop
      vertex 12.80258100 4.93258889 0.20000000
      vertex 12.74861226 4.99147972 0.00000000
      vertex 12.80258100 4.93258889 0.00000000
    endloop
  endfacet
  facet normal -0.73234001 -0.68093914 0.00000000
    outer loop
      vertex 12.74861226 4.99147972 0.20000000
      vertex 12.49505965 5.26417182 0.20000000
      vertex 12.49505965 5.26417182 0.00000000
    endloop
  endfacet
  facet normal -0.73234001 -0.68093914 -0.00000000
    outer loop
      vertex 12.74861226 4.99147972 0.20000000
      vertex 12.49505965 5.26417182 0.00000000
      vertex 12.74861226 4.99147972 0.00000000
    endloop
  endfacet
  facet normal -0.72478001 -0.68898036 0.00000000
    outer loop
      vertex 12.49505965 5.26417182 0.20000000
      vertex 12.43800494 5.32419111 0.20000000
      vertex 12.43800494 5.32419111 0.00000000
    endloop
  endfacet
  facet normal -0.72478001 -0.68898036 -0.00000000
    outer loop
      vertex 12.49505965 5.26417182 0.20000000
      vertex 12.43800494 5.32419111 0.00000000
      vertex 12.49505965 5.26417182 0.00000000
    endloop
  endfacet
  facet normal -0.70919018 -0.70501722 0.00000000
    outer loop
      vertex 12.43800494 5.32419111 0.20000000
      vertex 12.38088428 5.38164987 0.20000000
      vertex 12.38088428 5.38164987 0.00000000
    endloop
  endfacet
  facet normal -0.70919018 -0.70501722 -0.00000000
    outer loop
      vertex 12.43800494 5.32419111 0.20000000
      vertex 12.38088428 5.38164987 0.00000000
      vertex 12.43800494 5.32419111 0.00000000
    endloop
  endfacet
  facet normal -0.69297248 -0.72096404 0.00000000
    outer loop
      vertex 12.38088428 5.38164987 0.20000000
      vertex 12.32301948 5.43726806 0.20000000
      vertex 12.32301948 5.43726806 0.00000000
    endloop
  endfacet
  facet normal -0.69297248 -0.72096404 -0.00000000
    outer loop
      vertex 12.38088428 5.38164987 0.20000000
      vertex 12.32301948 5.43726806 0.00000000
      vertex 12.38088428 5.38164987 0.00000000
    endloop
  endfacet
  facet normal -0.67612778 -0.73678438 0.00000000
    outer loop
      vertex 12.32301948 5.43726806 0.20000000
      vertex 12.26441011 5.49105235 0.20000000
      vertex 12.26441011 5.49105235 0.00000000
    endloop
  endfacet
  facet normal -0.67612778 -0.73678438 -0.00000000
    outer loop
      vertex 12.32301948 5.43726806 0.20000000
      vertex 12.26441011 5.49105235 0.00000000
      vertex 12.32301948 5.43726806 0.00000000
    endloop
  endfacet
  facet normal -0.65866017 -0.75244055 0.00000000
    outer loop
      vertex 12.26441011 5.49105235 0.20000000
      vertex 12.20505513 5.54300962 0.20000000
      vertex 12.20505513 5.54300962 0.00000000
    endloop
  endfacet
  facet normal -0.65866017 -0.75244055 -0.00000000
    outer loop
      vertex 12.26441011 5.49105235 0.20000000
      vertex 12.20505513 5.54300962 0.00000000
      vertex 12.26441011 5.49105235 0.00000000
    endloop
  endfacet
  facet normal -0.64057707 -0.76789389 0.00000000
    outer loop
      vertex 12.20505513 5.54300962 0.20000000
      vertex 12.14495290 5.59314690 0.20000000
      vertex 12.14495290 5.59314690 0.00000000
    endloop
  endfacet
  facet normal -0.64057707 -0.76789389 -0.00000000
    outer loop
      vertex 12.20505513 5.54300962 0.20000000
      vertex 12.14495290 5.59314690 0.00000000
      vertex 12.20505513 5.54300962 0.00000000
    endloop
  endfacet
  facet normal -0.62188947 -0.78310503 0.00000000
    outer loop
      vertex 12.14495290 5.59314690 0.20000000
      vertex 12.08410110 5.64147131 0.20000000
      vertex 12.08410110 5.64147131 0.00000000
    endloop
  endfacet
  facet normal -0.62188947 -0.78310503 -0.00000000
    outer loop
      vertex 12.14495290 5.59314690 0.20000000
      vertex 12.08410110 5.64147131 0.00000000
      vertex 12.14495290 5.59314690 0.00000000
    endloop
  endfacet
  facet normal -0.60261203 -0.79803430 0.00000000
    outer loop
      vertex 12.08410110 5.64147131 0.20000000
      vertex 12.02249677 5.68799000 0.20000000
      vertex 12.02249677 5.68799000 0.00000000
    endloop
  endfacet
  facet normal -0.60261203 -0.79803430 -0.00000000
    outer loop
      vertex 12.08410110 5.64147131 0.20000000
      vertex 12.02249677 5.68799000 0.00000000
      vertex 12.08410110 5.64147131 0.00000000
    endloop
  endfacet
  facet normal -0.58276314 -0.81264206 0.00000000
    outer loop
      vertex 12.02249677 5.68799000 0.20000000
      vertex 11.96013626 5.73271007 0.20000000
      vertex 11.96013626 5.73271007 0.00000000
    endloop
  endfacet
  facet normal -0.58276314 -0.81264206 -0.00000000
    outer loop
      vertex 12.02249677 5.68799000 0.20000000
      vertex 11.96013626 5.73271007 0.00000000
      vertex 12.02249677 5.68799000 0.00000000
    endloop
  endfacet
  facet normal -0.56236499 -0.82688912 0.00000000
    outer loop
      vertex 11.96013626 5.73271007 0.20000000
      vertex 11.89701522 5.77563851 0.20000000
      vertex 11.89701522 5.77563851 0.00000000
    endloop
  endfacet
  facet normal -0.56236499 -0.82688912 -0.00000000
    outer loop
      vertex 11.96013626 5.73271007 0.20000000
      vertex 11.89701522 5.77563851 0.00000000
      vertex 11.96013626 5.73271007 0.00000000
    endloop
  endfacet
  facet normal -0.54144348 -0.84073715 0.00000000
    outer loop
      vertex 11.89701522 5.77563851 0.20000000
      vertex 11.83312868 5.81678211 0.20000000
      vertex 11.83312868 5.81678211 0.00000000
    endloop
  endfacet
  facet normal -0.54144348 -0.84073715 -0.00000000
    outer loop
      vertex 11.89701522 5.77563851 0.20000000
      vertex 11.83312868 5.81678211 0.00000000
      vertex 11.89701522 5.77563851 0.00000000
    endloop
  endfacet
  facet normal -0.52002816 -0.85414912 0.00000000
    outer loop
      vertex 11.83312868 5.81678211 0.20000000
      vertex 11.76847100 5.85614738 0.20000000
      vertex 11.76847100 5.85614738 0.00000000
    endloop
  endfacet
  facet normal -0.52002816 -0.85414912 -0.00000000
    outer loop
      vertex 11.83312868 5.81678211 0.20000000
      vertex 11.76847100 5.85614738 0.00000000
      vertex 11.83312868 5.81678211 0.00000000
    endloop
  endfacet
  facet normal -0.49815209 -0.86708967 0.00000000
    outer loop
      vertex 11.76847100 5.85614738 0.20000000
      vertex 11.70303593 5.89374052 0.20000000
      vertex 11.70303593 5.89374052 0.00000000
    endloop
  endfacet
  facet normal -0.49815209 -0.86708967 -0.00000000
    outer loop
      vertex 11.76847100 5.85614738 0.20000000
      vertex 11.70303593 5.89374052 0.00000000
      vertex 11.76847100 5.85614738 0.00000000
    endloop
  endfacet
  facet normal -0.47585159 -0.87952559 0.00000000
    outer loop
      vertex 11.70303593 5.89374052 0.20000000
      vertex 11.63681665 5.92956727 0.20000000
      vertex 11.63681665 5.92956727 0.00000000
    endloop
  endfacet
  facet normal -0.47585159 -0.87952559 -0.00000000
    outer loop
      vertex 11.70303593 5.89374052 0.20000000
      vertex 11.63681665 5.92956727 0.00000000
      vertex 11.70303593 5.89374052 0.00000000
    endloop
  endfacet
  facet normal -0.45316597 -0.89142616 0.00000000
    outer loop
      vertex 11.63681665 5.92956727 0.20000000
      vertex 11.56980585 5.96363292 0.20000000
      vertex 11.56980585 5.96363292 0.00000000
    endloop
  endfacet
  facet normal -0.45316597 -0.89142616 -0.00000000
    outer loop
      vertex 11.63681665 5.92956727 0.20000000
      vertex 11.56980585 5.96363292 0.00000000
      vertex 11.63681665 5.92956727 0.00000000
    endloop
  endfacet
  facet normal -0.43013722 -0.90276352 0.00000000
    outer loop
      vertex 11.56980585 5.96363292 0.20000000
      vertex 11.50199576 5.99594221 0.20000000
      vertex 11.50199576 5.99594221 0.00000000
    endloop
  endfacet
  facet normal -0.43013722 -0.90276352 -0.00000000
    outer loop
      vertex 11.56980585 5.96363292 0.20000000
      vertex 11.50199576 5.99594221 0.00000000
      vertex 11.56980585 5.96363292 0.00000000
    endloop
  endfacet
  facet normal -0.40680961 -0.91351297 0.00000000
    outer loop
      vertex 11.50199576 5.99594221 0.20000000
      vertex 11.43337824 6.02649927 0.20000000
      vertex 11.43337824 6.02649927 0.00000000
    endloop
  endfacet
  facet normal -0.40680961 -0.91351297 -0.00000000
    outer loop
      vertex 11.50199576 5.99594221 0.20000000
      vertex 11.43337824 6.02649927 0.00000000
      vertex 11.50199576 5.99594221 0.00000000
    endloop
  endfacet
  facet normal -0.38322925 -0.92365326 0.00000000
    outer loop
      vertex 11.43337824 6.02649927 0.20000000
      vertex 11.36394485 6.05530760 0.20000000
      vertex 11.36394485 6.05530760 0.00000000
    endloop
  endfacet
  facet normal -0.38322925 -0.92365326 -0.00000000
    outer loop
      vertex 11.43337824 6.02649927 0.20000000
      vertex 11.36394485 6.05530760 0.00000000
      vertex 11.43337824 6.02649927 0.00000000
    endloop
  endfacet
  facet normal -0.35944367 -0.93316678 0.00000000
    outer loop
      vertex 11.36394485 6.05530760 0.20000000
      vertex 11.29368694 6.08237003 0.20000000
      vertex 11.29368694 6.08237003 0.00000000
    endloop
  endfacet
  facet normal -0.35944367 -0.93316678 -0.00000000
    outer loop
      vertex 11.36394485 6.05530760 0.20000000
      vertex 11.29368694 6.08237003 0.00000000
      vertex 11.36394485 6.05530760 0.00000000
    endloop
  endfacet
  facet normal -0.33550134 -0.94203973 0.00000000
    outer loop
      vertex 11.29368694 6.08237003 0.20000000
      vertex 11.22259574 6.10768869 0.20000000
      vertex 11.22259574 6.10768869 0.00000000
    endloop
  endfacet
  facet normal -0.33550134 -0.94203973 -0.00000000
    outer loop
      vertex 11.29368694 6.08237003 0.20000000
      vertex 11.22259574 6.10768869 0.00000000
      vertex 11.29368694 6.08237003 0.00000000
    endloop
  endfacet
  facet normal -0.31145114 -0.95026217 0.00000000
    outer loop
      vertex 11.22259574 6.10768869 0.20000000
      vertex 11.15066246 6.13126503 0.20000000
      vertex 11.15066246 6.13126503 0.00000000
    endloop
  endfacet
  facet normal -0.31145114 -0.95026217 -0.00000000
    outer loop
      vertex 11.22259574 6.10768869 0.20000000
      vertex 11.15066246 6.13126503 0.00000000
      vertex 11.22259574 6.10768869 0.00000000
    endloop
  endfacet
  facet normal -0.28734194 -0.95782807 0.00000000
    outer loop
      vertex 11.15066246 6.13126503 0.20000000
      vertex 11.07787833 6.15309978 0.20000000
      vertex 11.07787833 6.15309978 0.00000000
    endloop
  endfacet
  facet normal -0.28734194 -0.95782807 -0.00000000
    outer loop
      vertex 11.15066246 6.13126503 0.20000000
      vertex 11.07787833 6.15309978 0.00000000
      vertex 11.15066246 6.13126503 0.00000000
    endloop
  endfacet
  facet normal -0.26322207 -0.96473527 0.00000000
    outer loop
      vertex 11.07787833 6.15309978 0.20000000
      vertex 11.00423474 6.17319298 0.20000000
      vertex 11.00423474 6.17319298 0.00000000
    endloop
  endfacet
  facet normal -0.26322207 -0.96473527 -0.00000000
    outer loop
      vertex 11.07787833 6.15309978 0.20000000
      vertex 11.00423474 6.17319298 0.00000000
      vertex 11.07787833 6.15309978 0.00000000
    endloop
  endfacet
  facet normal -0.23913889 -0.97098537 0.00000000
    outer loop
      vertex 11.00423474 6.17319298 0.20000000
      vertex 10.92972327 6.19154402 0.20000000
      vertex 10.92972327 6.19154402 0.00000000
    endloop
  endfacet
  facet normal -0.23913889 -0.97098537 -0.00000000
    outer loop
      vertex 11.00423474 6.17319298 0.20000000
      vertex 10.92972327 6.19154402 0.00000000
      vertex 11.00423474 6.17319298 0.00000000
    endloop
  endfacet
  facet normal -0.21513837 -0.97658358 0.00000000
    outer loop
      vertex 10.92972327 6.19154402 0.20000000
      vertex 10.85433582 6.20815164 0.20000000
      vertex 10.85433582 6.20815164 0.00000000
    endloop
  endfacet
  facet normal -0.21513837 -0.97658358 -0.00000000
    outer loop
      vertex 10.92972327 6.19154402 0.20000000
      vertex 10.85433582 6.20815164 0.00000000
      vertex 10.92972327 6.19154402 0.00000000
    endloop
  endfacet
  facet normal -0.19126471 -0.98153849 0.00000000
    outer loop
      vertex 10.85433582 6.20815164 0.20000000
      vertex 10.77806459 6.22301402 0.20000000
      vertex 10.77806459 6.22301402 0.00000000
    endloop
  endfacet
  facet normal -0.19126471 -0.98153849 -0.00000000
    outer loop
      vertex 10.85433582 6.20815164 0.20000000
      vertex 10.77806459 6.22301402 0.00000000
      vertex 10.85433582 6.20815164 0.00000000
    endloop
  endfacet
  facet normal -0.16755999 -0.98586188 0.00000000
    outer loop
      vertex 10.77806459 6.22301402 0.20000000
      vertex 10.70090224 6.23612876 0.20000000
      vertex 10.70090224 6.23612876 0.00000000
    endloop
  endfacet
  facet normal -0.16755999 -0.98586188 -0.00000000
    outer loop
      vertex 10.77806459 6.22301402 0.20000000
      vertex 10.70090224 6.23612876 0.00000000
      vertex 10.77806459 6.22301402 0.00000000
    endloop
  endfacet
  facet normal -0.14406391 -0.98956839 0.00000000
    outer loop
      vertex 10.70090224 6.23612876 0.20000000
      vertex 10.62284185 6.24749299 0.20000000
      vertex 10.62284185 6.24749299 0.00000000
    endloop
  endfacet
  facet normal -0.14406391 -0.98956839 -0.00000000
    outer loop
      vertex 10.70090224 6.23612876 0.20000000
      vertex 10.62284185 6.24749299 0.00000000
      vertex 10.70090224 6.23612876 0.00000000
    endloop
  endfacet
  facet normal -0.12081351 -0.99267522 0.00000000
    outer loop
      vertex 10.62284185 6.24749299 0.20000000
      vertex 10.54387699 6.25710341 0.20000000
      vertex 10.54387699 6.25710341 0.00000000
    endloop
  endfacet
  facet normal -0.12081351 -0.99267522 -0.00000000
    outer loop
      vertex 10.62284185 6.24749299 0.20000000
      vertex 10.54387699 6.25710341 0.00000000
      vertex 10.62284185 6.24749299 0.00000000
    endloop
  endfacet
  facet normal -0.09784303 -0.99520186 0.00000000
    outer loop
      vertex 10.54387699 6.25710341 0.20000000
      vertex 10.46400178 6.26495632 0.20000000
      vertex 10.46400178 6.26495632 0.00000000
    endloop
  endfacet
  facet normal -0.09784303 -0.99520186 -0.00000000
    outer loop
      vertex 10.54387699 6.25710341 0.20000000
      vertex 10.46400178 6.26495632 0.00000000
      vertex 10.54387699 6.25710341 0.00000000
    endloop
  endfacet
  facet normal -0.07518376 -0.99716970 0.00000000
    outer loop
      vertex 10.46400178 6.26495632 0.20000000
      vertex 10.38321085 6.27104773 0.20000000
      vertex 10.38321085 6.27104773 0.00000000
    endloop
  endfacet
  facet normal -0.07518376 -0.99716970 -0.00000000
    outer loop
      vertex 10.46400178 6.26495632 0.20000000
      vertex 10.38321085 6.27104773 0.00000000
      vertex 10.46400178 6.26495632 0.00000000
    endloop
  endfacet
  facet normal -0.05286397 -0.99860172 0.00000000
    outer loop
      vertex 10.38321085 6.27104773 0.20000000
      vertex 10.30051628 6.27542541 0.20000000
      vertex 10.30051628 6.27542541 0.00000000
    endloop
  endfacet
  facet normal -0.05286397 -0.99860172 -0.00000000
    outer loop
      vertex 10.38321085 6.27104773 0.20000000
      vertex 10.30051628 6.27542541 0.00000000
      vertex 10.38321085 6.27104773 0.00000000
    endloop
  endfacet
  facet normal -0.04183938 -0.99912435 0.00000000
    outer loop
      vertex 10.30051628 6.27542541 0.20000000
      vertex 9.21726446 6.32078771 0.20000000
      vertex 9.21726446 6.32078771 0.00000000
    endloop
  endfacet
  facet normal -0.04183938 -0.99912435 -0.00000000
    outer loop
      vertex 10.30051628 6.27542541 0.20000000
      vertex 9.21726446 6.32078771 0.00000000
      vertex 10.30051628 6.27542541 0.00000000
    endloop
  endfacet
  facet normal -0.03081828 -0.99952500 0.00000000
    outer loop
      vertex 9.21726446 6.32078771 0.20000000
      vertex 9.09481570 6.32456317 0.20000000
      vertex 9.09481570 6.32456317 0.00000000
    endloop
  endfacet
  facet normal -0.03081828 -0.99952500 -0.00000000
    outer loop
      vertex 9.21726446 6.32078771 0.20000000
      vertex 9.09481570 6.32456317 0.00000000
      vertex 9.21726446 6.32078771 0.00000000
    endloop
  endfacet
  facet normal -0.00847489 -0.99996409 0.00000000
    outer loop
      vertex 9.09481570 6.32456317 0.20000000
      vertex 8.97444081 6.32558337 0.20000000
      vertex 8.97444081 6.32558337 0.00000000
    endloop
  endfacet
  facet normal -0.00847489 -0.99996409 -0.00000000
    outer loop
      vertex 9.09481570 6.32456317 0.20000000
      vertex 8.97444081 6.32558337 0.00000000
      vertex 9.09481570 6.32456317 0.00000000
    endloop
  endfacet
  facet normal 0.01425056 -0.99989846 0.00000000
    outer loop
      vertex 8.97444081 6.32558337 0.20000000
      vertex 8.85515208 6.32388327 0.20000000
      vertex 8.85515208 6.32388327 0.00000000
    endloop
  endfacet
  facet normal 0.01425056 -0.99989846 0.00000000
    outer loop
      vertex 8.97444081 6.32558337 0.20000000
      vertex 8.85515208 6.32388327 0.00000000
      vertex 8.97444081 6.32558337 0.00000000
    endloop
  endfacet
  facet normal 0.03733187 -0.99930292 0.00000000
    outer loop
      vertex 8.85515208 6.32388327 0.20000000
      vertex 8.73694454 6.31946728 0.20000000
      vertex 8.73694454 6.31946728 0.00000000
    endloop
  endfacet
  facet normal 0.03733187 -0.99930292 0.00000000
    outer loop
      vertex 8.85515208 6.32388327 0.20000000
      vertex 8.73694454 6.31946728 0.00000000
      vertex 8.85515208 6.32388327 0.00000000
    endloop
  endfacet
  facet normal 0.06073971 -0.99815364 0.00000000
    outer loop
      vertex 8.73694454 6.31946728 0.20000000
      vertex 8.61981260 6.31233956 0.20000000
      vertex 8.61981260 6.31233956 0.00000000
    endloop
  endfacet
  facet normal 0.06073971 -0.99815364 0.00000000
    outer loop
      vertex 8.73694454 6.31946728 0.20000000
      vertex 8.61981260 6.31233956 0.00000000
      vertex 8.73694454 6.31946728 0.00000000
    endloop
  endfacet
  facet normal 0.08444168 -0.99642842 0.00000000
    outer loop
      vertex 8.61981260 6.31233956 0.20000000
      vertex 8.50375018 6.30250393 0.20000000
      vertex 8.50375018 6.30250393 0.00000000
    endloop
  endfacet
  facet normal 0.08444168 -0.99642842 0.00000000
    outer loop
      vertex 8.61981260 6.31233956 0.20000000
      vertex 8.50375018 6.30250393 0.00000000
      vertex 8.61981260 6.31233956 0.00000000
    endloop
  endfacet
  facet normal 0.10840236 -0.99410710 0.00000000
    outer loop
      vertex 8.50375018 6.30250393 0.20000000
      vertex 8.38875064 6.28996381 0.20000000
      vertex 8.38875064 6.28996381 0.00000000
    endloop
  endfacet
  facet normal 0.10840236 -0.99410710 0.00000000
    outer loop
      vertex 8.50375018 6.30250393 0.20000000
      vertex 8.38875064 6.28996381 0.00000000
      vertex 8.50375018 6.30250393 0.00000000
    endloop
  endfacet
  facet normal 0.13258355 -0.99117183 0.00000000
    outer loop
      vertex 8.38875064 6.28996381 0.20000000
      vertex 8.27480686 6.27472218 0.20000000
      vertex 8.27480686 6.27472218 0.00000000
    endloop
  endfacet
  facet normal 0.13258355 -0.99117183 0.00000000
    outer loop
      vertex 8.38875064 6.28996381 0.20000000
      vertex 8.27480686 6.27472218 0.00000000
      vertex 8.38875064 6.28996381 0.00000000
    endloop
  endfacet
  facet normal 0.15694439 -0.98760744 0.00000000
    outer loop
      vertex 8.27480686 6.27472218 0.20000000
      vertex 8.16191128 6.25678152 0.20000000
      vertex 8.16191128 6.25678152 0.00000000
    endloop
  endfacet
  facet normal 0.15694439 -0.98760744 0.00000000
    outer loop
      vertex 8.27480686 6.27472218 0.20000000
      vertex 8.16191128 6.25678152 0.00000000
      vertex 8.27480686 6.27472218 0.00000000
    endloop
  endfacet
  facet normal 0.18144170 -0.98340170 0.00000000
    outer loop
      vertex 8.16191128 6.25678152 0.20000000
      vertex 8.05005592 6.23614374 0.20000000
      vertex 8.05005592 6.23614374 0.00000000
    endloop
  endfacet
  facet normal 0.18144170 -0.98340170 0.00000000
    outer loop
      vertex 8.16191128 6.25678152 0.20000000
      vertex 8.05005592 6.23614374 0.00000000
      vertex 8.16191128 6.25678152 0.00000000
    endloop
  endfacet
  facet normal 0.20603023 -0.97854563 0.00000000
    outer loop
      vertex 8.05005592 6.23614374 0.20000000
      vertex 7.93923248 6.21281016 0.20000000
      vertex 7.93923248 6.21281016 0.00000000
    endloop
  endfacet
  facet normal 0.20603023 -0.97854563 0.00000000
    outer loop
      vertex 8.05005592 6.23614374 0.20000000
      vertex 7.93923248 6.21281016 0.00000000
      vertex 8.05005592 6.23614374 0.00000000
    endloop
  endfacet
  facet normal 0.23066307 -0.97303368 0.00000000
    outer loop
      vertex 7.93923248 6.21281016 0.20000000
      vertex 7.82943241 6.18678144 0.20000000
      vertex 7.82943241 6.18678144 0.00000000
    endloop
  endfacet
  facet normal 0.23066307 -0.97303368 0.00000000
    outer loop
      vertex 7.93923248 6.21281016 0.20000000
      vertex 7.82943241 6.18678144 0.00000000
      vertex 7.93923248 6.21281016 0.00000000
    endloop
  endfacet
  facet normal 0.25529202 -0.96686399 0.00000000
    outer loop
      vertex 7.82943241 6.18678144 0.20000000
      vertex 7.72064694 6.15805758 0.20000000
      vertex 7.72064694 6.15805758 0.00000000
    endloop
  endfacet
  facet normal 0.25529202 -0.96686399 0.00000000
    outer loop
      vertex 7.82943241 6.18678144 0.20000000
      vertex 7.72064694 6.15805758 0.00000000
      vertex 7.82943241 6.18678144 0.00000000
    endloop
  endfacet
  facet normal 0.27986805 -0.96003847 0.00000000
    outer loop
      vertex 7.72064694 6.15805758 0.20000000
      vertex 7.61286720 6.12663790 0.20000000
      vertex 7.61286720 6.12663790 0.00000000
    endloop
  endfacet
  facet normal 0.27986805 -0.96003847 0.00000000
    outer loop
      vertex 7.72064694 6.15805758 0.20000000
      vertex 7.61286720 6.12663790 0.00000000
      vertex 7.72064694 6.15805758 0.00000000
    endloop
  endfacet
  facet normal 0.30434177 -0.95256291 0.00000000
    outer loop
      vertex 7.61286720 6.12663790 0.20000000
      vertex 7.50608432 6.09252100 0.20000000
      vertex 7.50608432 6.09252100 0.00000000
    endloop
  endfacet
  facet normal 0.30434177 -0.95256291 0.00000000
    outer loop
      vertex 7.61286720 6.12663790 0.20000000
      vertex 7.50608432 6.09252100 0.00000000
      vertex 7.61286720 6.12663790 0.00000000
    endloop
  endfacet
  facet normal 0.32866388 -0.94444696 0.00000000
    outer loop
      vertex 7.50608432 6.09252100 0.20000000
      vertex 7.40028945 6.05570479 0.20000000
      vertex 7.40028945 6.05570479 0.00000000
    endloop
  endfacet
  facet normal 0.32866388 -0.94444696 0.00000000
    outer loop
      vertex 7.50608432 6.09252100 0.20000000
      vertex 7.40028945 6.05570479 0.00000000
      vertex 7.50608432 6.09252100 0.00000000
    endloop
  endfacet
  facet normal 0.35278571 -0.93570414 0.00000000
    outer loop
      vertex 7.40028945 6.05570479 0.20000000
      vertex 7.29547394 6.01618652 0.20000000
      vertex 7.29547394 6.01618652 0.00000000
    endloop
  endfacet
  facet normal 0.35278571 -0.93570414 0.00000000
    outer loop
      vertex 7.40028945 6.05570479 0.20000000
      vertex 7.29547394 6.01618652 0.00000000
      vertex 7.40028945 6.05570479 0.00000000
    endloop
  endfacet
  facet normal 0.37665966 -0.92635171 0.00000000
    outer loop
      vertex 7.29547394 6.01618652 0.20000000
      vertex 7.19162934 5.97396274 0.20000000
      vertex 7.19162934 5.97396274 0.00000000
    endloop
  endfacet
  facet normal 0.37665966 -0.92635171 0.00000000
    outer loop
      vertex 7.29547394 6.01618652 0.20000000
      vertex 7.19162934 5.97396274 0.00000000
      vertex 7.29547394 6.01618652 0.00000000
    endloop
  endfacet
  facet normal 0.40023971 -0.91641048 0.00000000
    outer loop
      vertex 7.19162934 5.97396274 0.20000000
      vertex 7.08874755 5.92902940 0.20000000
      vertex 7.08874755 5.92902940 0.00000000
    endloop
  endfacet
  facet normal 0.40023971 -0.91641048 0.00000000
    outer loop
      vertex 7.19162934 5.97396274 0.20000000
      vertex 7.08874755 5.92902940 0.00000000
      vertex 7.19162934 5.97396274 0.00000000
    endloop
  endfacet
  facet normal 0.42348182 -0.90590460 0.00000000
    outer loop
      vertex 7.08874755 5.92902940 0.20000000
      vertex 6.98682084 5.88138188 0.20000000
      vertex 6.98682084 5.88138188 0.00000000
    endloop
  endfacet
  facet normal 0.42348182 -0.90590460 0.00000000
    outer loop
      vertex 7.08874755 5.92902940 0.20000000
      vertex 6.98682084 5.88138188 0.00000000
      vertex 7.08874755 5.92902940 0.00000000
    endloop
  endfacet
  facet normal 0.44634435 -0.89486129 0.00000000
    outer loop
      vertex 6.98682084 5.88138188 0.20000000
      vertex 6.88584198 5.83101503 0.20000000
      vertex 6.88584198 5.83101503 0.00000000
    endloop
  endfacet
  facet normal 0.44634435 -0.89486129 0.00000000
    outer loop
      vertex 6.98682084 5.88138188 0.20000000
      vertex 6.88584198 5.83101503 0.00000000
      vertex 6.98682084 5.88138188 0.00000000
    endloop
  endfacet
  facet normal 0.46878844 -0.88331048 0.00000000
    outer loop
      vertex 6.88584198 5.83101503 0.20000000
      vertex 6.78580423 5.77792324 0.20000000
      vertex 6.78580423 5.77792324 0.00000000
    endloop
  endfacet
  facet normal 0.46878844 -0.88331048 0.00000000
    outer loop
      vertex 6.88584198 5.83101503 0.20000000
      vertex 6.78580423 5.77792324 0.00000000
      vertex 6.88584198 5.83101503 0.00000000
    endloop
  endfacet
  facet normal 0.49077828 -0.87128450 0.00000000
    outer loop
      vertex 6.78580423 5.77792324 0.20000000
      vertex 6.68670146 5.72210049 0.20000000
      vertex 6.68670146 5.72210049 0.00000000
    endloop
  endfacet
  facet normal 0.49077828 -0.87128450 0.00000000
    outer loop
      vertex 6.78580423 5.77792324 0.20000000
      vertex 6.68670146 5.72210049 0.00000000
      vertex 6.78580423 5.77792324 0.00000000
    endloop
  endfacet
  facet normal 0.51228140 -0.85881766 0.00000000
    outer loop
      vertex 6.68670146 5.72210049 0.20000000
      vertex 6.58852811 5.66354048 0.20000000
      vertex 6.58852811 5.66354048 0.00000000
    endloop
  endfacet
  facet normal 0.51228140 -0.85881766 0.00000000
    outer loop
      vertex 6.68670146 5.72210049 0.20000000
      vertex 6.58852811 5.66354048 0.00000000
      vertex 6.68670146 5.72210049 0.00000000
    endloop
  endfacet
  facet normal 0.53326883 -0.84594584 0.00000000
    outer loop
      vertex 6.58852811 5.66354048 0.20000000
      vertex 6.49127932 5.60223661 0.20000000
      vertex 6.49127932 5.60223661 0.00000000
    endloop
  endfacet
  facet normal 0.53326883 -0.84594584 0.00000000
    outer loop
      vertex 6.58852811 5.66354048 0.20000000
      vertex 6.49127932 5.60223661 0.00000000
      vertex 6.58852811 5.66354048 0.00000000
    endloop
  endfacet
  facet normal 0.55371522 -0.83270611 0.00000000
    outer loop
      vertex 6.49127932 5.60223661 0.20000000
      vertex 6.39495085 5.53818215 0.20000000
      vertex 6.39495085 5.53818215 0.00000000
    endloop
  endfacet
  facet normal 0.55371522 -0.83270611 0.00000000
    outer loop
      vertex 6.49127932 5.60223661 0.20000000
      vertex 6.39495085 5.53818215 0.00000000
      vertex 6.49127932 5.60223661 0.00000000
    endloop
  endfacet
  facet normal 0.57359895 -0.81913628 0.00000000
    outer loop
      vertex 6.39495085 5.53818215 0.20000000
      vertex 6.29953914 5.47137024 0.20000000
      vertex 6.29953914 5.47137024 0.00000000
    endloop
  endfacet
  facet normal 0.57359895 -0.81913628 0.00000000
    outer loop
      vertex 6.39495085 5.53818215 0.20000000
      vertex 6.29953914 5.47137024 0.00000000
      vertex 6.39495085 5.53818215 0.00000000
    endloop
  endfacet
  facet normal 0.59290210 -0.80527455 0.00000000
    outer loop
      vertex 6.29953914 5.47137024 0.20000000
      vertex 6.20504130 5.40179401 0.20000000
      vertex 6.20504130 5.40179401 0.00000000
    endloop
  endfacet
  facet normal 0.59290210 -0.80527455 0.00000000
    outer loop
      vertex 6.29953914 5.47137024 0.20000000
      vertex 6.20504130 5.40179401 0.00000000
      vertex 6.29953914 5.47137024 0.00000000
    endloop
  endfacet
  facet normal 0.61161043 -0.79115907 0.00000000
    outer loop
      vertex 6.20504130 5.40179401 0.20000000
      vertex 6.11145508 5.32944661 0.20000000
      vertex 6.11145508 5.32944661 0.00000000
    endloop
  endfacet
  facet normal 0.61161043 -0.79115907 0.00000000
    outer loop
      vertex 6.20504130 5.40179401 0.20000000
      vertex 6.11145508 5.32944661 0.00000000
      vertex 6.20504130 5.40179401 0.00000000
    endloop
  endfacet
  facet normal 0.62971326 -0.77682766 0.00000000
    outer loop
      vertex 6.11145508 5.32944661 0.20000000
      vertex 6.01877889 5.25432129 0.20000000
      vertex 6.01877889 5.25432129 0.00000000
    endloop
  endfacet
  facet normal 0.62971326 -0.77682766 0.00000000
    outer loop
      vertex 6.11145508 5.32944661 0.20000000
      vertex 6.01877889 5.25432129 0.00000000
      vertex 6.11145508 5.32944661 0.00000000
    endloop
  endfacet
  facet normal 0.64720334 -0.76231741 0.00000000
    outer loop
      vertex 6.01877889 5.25432129 0.20000000
      vertex 5.92701172 5.17641146 0.20000000
      vertex 5.92701172 5.17641146 0.00000000
    endloop
  endfacet
  facet normal 0.64720334 -0.76231741 0.00000000
    outer loop
      vertex 6.01877889 5.25432129 0.20000000
      vertex 5.92701172 5.17641146 0.00000000
      vertex 6.01877889 5.25432129 0.00000000
    endloop
  endfacet
  facet normal 0.66407671 -0.74766445 0.00000000
    outer loop
      vertex 5.92701172 5.17641146 0.20000000
      vertex 5.83541763 5.09505745 0.20000000
      vertex 5.83541763 5.09505745 0.00000000
    endloop
  endfacet
  facet normal 0.66407671 -0.74766445 0.00000000
    outer loop
      vertex 5.92701172 5.17641146 0.20000000
      vertex 5.83541763 5.09505745 0.00000000
      vertex 5.92701172 5.17641146 0.00000000
    endloop
  endfacet
  facet normal 0.67228172 -0.74029540 0.00000000
    outer loop
      vertex 5.83541763 5.09505745 0.20000000
      vertex 3.89829691 3.33590719 0.20000000
      vertex 3.89829691 3.33590719 0.00000000
    endloop
  endfacet
  facet normal 0.67228172 -0.74029540 0.00000000
    outer loop
      vertex 5.83541763 5.09505745 0.20000000
      vertex 3.89829691 3.33590719 0.00000000
      vertex 5.83541763 5.09505745 0.00000000
    endloop
  endfacet
  facet normal 0.66519091 -0.74667332 0.00000000
    outer loop
      vertex 3.89829691 3.33590719 0.20000000
      vertex 3.74762789 3.20168026 0.20000000
      vertex 3.74762789 3.20168026 0.00000000
    endloop
  endfacet
  facet normal 0.66519091 -0.74667332 0.00000000
    outer loop
      vertex 3.89829691 3.33590719 0.20000000
      vertex 3.74762789 3.20168026 0.00000000
      vertex 3.89829691 3.33590719 0.00000000
    endloop
  endfacet
  facet normal 0.65069232 -0.75934149 0.00000000
    outer loop
      vertex 3.74762789 3.20168026 0.20000000
      vertex 3.59464604 3.07058757 0.20000000
      vertex 3.59464604 3.07058757 0.00000000
    endloop
  endfacet
  facet normal 0.65069232 -0.75934149 0.00000000
    outer loop
      vertex 3.74762789 3.20168026 0.20000000
      vertex 3.59464604 3.07058757 0.00000000
      vertex 3.74762789 3.20168026 0.00000000
    endloop
  endfacet
  facet normal 0.63577453 -0.77187482 0.00000000
    outer loop
      vertex 3.59464604 3.07058757 0.20000000
      vertex 3.43998901 2.94320034 0.20000000
      vertex 3.43998901 2.94320034 0.00000000
    endloop
  endfacet
  facet normal 0.63577453 -0.77187482 0.00000000
    outer loop
      vertex 3.59464604 3.07058757 0.20000000
      vertex 3.43998901 2.94320034 0.00000000
      vertex 3.59464604 3.07058757 0.00000000
    endloop
  endfacet
  facet normal 0.62044307 -0.78425149 0.00000000
    outer loop
      vertex 3.43998901 2.94320034 0.20000000
      vertex 3.28365797 2.81952252 0.20000000
      vertex 3.28365797 2.81952252 0.00000000
    endloop
  endfacet
  facet normal 0.62044307 -0.78425149 0.00000000
    outer loop
      vertex 3.43998901 2.94320034 0.20000000
      vertex 3.28365797 2.81952252 0.00000000
      vertex 3.43998901 2.94320034 0.00000000
    endloop
  endfacet
  facet normal 0.60470514 -0.79644943 0.00000000
    outer loop
      vertex 3.28365797 2.81952252 0.20000000
      vertex 3.12565435 2.69955810 0.20000000
      vertex 3.12565435 2.69955810 0.00000000
    endloop
  endfacet
  facet normal 0.60470514 -0.79644943 0.00000000
    outer loop
      vertex 3.28365797 2.81952252 0.20000000
      vertex 3.12565435 2.69955810 0.00000000
      vertex 3.28365797 2.81952252 0.00000000
    endloop
  endfacet
  facet normal 0.58856965 -0.80844651 0.00000000
    outer loop
      vertex 3.12565435 2.69955810 0.20000000
      vertex 2.96597992 2.58331105 0.20000000
      vertex 2.96597992 2.58331105 0.00000000
    endloop
  endfacet
  facet normal 0.58856965 -0.80844651 0.00000000
    outer loop
      vertex 3.12565435 2.69955810 0.20000000
      vertex 2.96597992 2.58331105 0.00000000
      vertex 3.12565435 2.69955810 0.00000000
    endloop
  endfacet
  facet normal 0.57204727 -0.82022066 0.00000000
    outer loop
      vertex 2.96597992 2.58331105 0.20000000
      vertex 2.80463676 2.47078533 0.20000000
      vertex 2.80463676 2.47078533 0.00000000
    endloop
  endfacet
  facet normal 0.57204727 -0.82022066 0.00000000
    outer loop
      vertex 2.96597992 2.58331105 0.20000000
      vertex 2.80463676 2.47078533 0.00000000
      vertex 2.96597992 2.58331105 0.00000000
    endloop
  endfacet
  facet normal 0.55515039 -0.83174999 0.00000000
    outer loop
      vertex 2.80463676 2.47078533 0.20000000
      vertex 2.64162725 2.36198486 0.20000000
      vertex 2.64162725 2.36198486 0.00000000
    endloop
  endfacet
  facet normal 0.55515039 -0.83174999 0.00000000
    outer loop
      vertex 2.80463676 2.47078533 0.20000000
      vertex 2.64162725 2.36198486 0.00000000
      vertex 2.80463676 2.47078533 0.00000000
    endloop
  endfacet
  facet normal 0.53789316 -0.84301302 0.00000000
    outer loop
      vertex 2.64162725 2.36198486 0.20000000
      vertex 2.47695409 2.25691345 0.20000000
      vertex 2.47695409 2.25691345 0.00000000
    endloop
  endfacet
  facet normal 0.53789316 -0.84301302 0.00000000
    outer loop
      vertex 2.64162725 2.36198486 0.20000000
      vertex 2.47695409 2.25691345 0.00000000
      vertex 2.64162725 2.36198486 0.00000000
    endloop
  endfacet
  facet normal 0.52029143 -0.85398878 0.00000000
    outer loop
      vertex 2.47695409 2.25691345 0.20000000
      vertex 2.31062028 2.15557482 0.20000000
      vertex 2.31062028 2.15557482 0.00000000
    endloop
  endfacet
  facet normal 0.52029143 -0.85398878 0.00000000
    outer loop
      vertex 2.47695409 2.25691345 0.20000000
      vertex 2.31062028 2.15557482 0.00000000
      vertex 2.47695409 2.25691345 0.00000000
    endloop
  endfacet
  facet normal 0.50236270 -0.86465699 0.00000000
    outer loop
      vertex 2.31062028 2.15557482 0.20000000
      vertex 2.14262913 2.05797254 0.20000000
      vertex 2.14262913 2.05797254 0.00000000
    endloop
  endfacet
  facet normal 0.50236270 -0.86465699 0.00000000
    outer loop
      vertex 2.31062028 2.15557482 0.20000000
      vertex 2.14262913 2.05797254 0.00000000
      vertex 2.31062028 2.15557482 0.00000000
    endloop
  endfacet
  facet normal 0.48412608 -0.87499825 0.00000000
    outer loop
      vertex 2.14262913 2.05797254 0.20000000
      vertex 1.97298420 1.96411003 0.20000000
      vertex 1.97298420 1.96411003 0.00000000
    endloop
  endfacet
  facet normal 0.48412608 -0.87499825 0.00000000
    outer loop
      vertex 2.14262913 2.05797254 0.20000000
      vertex 1.97298420 1.96411003 0.00000000
      vertex 2.14262913 2.05797254 0.00000000
    endloop
  endfacet
  facet normal 0.46560218 -0.88499413 0.00000000
    outer loop
      vertex 1.97298420 1.96411003 0.20000000
      vertex 1.80168933 1.87399049 0.20000000
      vertex 1.80168933 1.87399049 0.00000000
    endloop
  endfacet
  facet normal 0.46560218 -0.88499413 0.00000000
    outer loop
      vertex 1.97298420 1.96411003 0.20000000
      vertex 1.80168933 1.87399049 0.00000000
      vertex 1.97298420 1.96411003 0.00000000
    endloop
  endfacet
  facet normal 0.44681298 -0.89462739 0.00000000
    outer loop
      vertex 1.80168933 1.87399049 0.20000000
      vertex 1.62874860 1.78761692 0.20000000
      vertex 1.62874860 1.78761692 0.00000000
    endloop
  endfacet
  facet normal 0.44681298 -0.89462739 0.00000000
    outer loop
      vertex 1.80168933 1.87399049 0.20000000
      vertex 1.62874860 1.78761692 0.00000000
      vertex 1.80168933 1.87399049 0.00000000
    endloop
  endfacet
  facet normal 0.42778177 -0.90388205 0.00000000
    outer loop
      vertex 1.62874860 1.78761692 0.20000000
      vertex 1.45416630 1.70499206 0.20000000
      vertex 1.45416630 1.70499206 0.00000000
    endloop
  endfacet
  facet normal 0.42778177 -0.90388205 0.00000000
    outer loop
      vertex 1.62874860 1.78761692 0.20000000
      vertex 1.45416630 1.70499206 0.00000000
      vertex 1.62874860 1.78761692 0.00000000
    endloop
  endfacet
  facet normal 0.40853295 -0.91274357 0.00000000
    outer loop
      vertex 1.45416630 1.70499206 0.20000000
      vertex 1.27794692 1.62611840 0.20000000
      vertex 1.27794692 1.62611840 0.00000000
    endloop
  endfacet
  facet normal 0.40853295 -0.91274357 0.00000000
    outer loop
      vertex 1.45416630 1.70499206 0.20000000
      vertex 1.27794692 1.62611840 0.00000000
      vertex 1.45416630 1.70499206 0.00000000
    endloop
  endfacet
  facet normal 0.38909191 -0.92119894 0.00000000
    outer loop
      vertex 1.27794692 1.62611840 0.20000000
      vertex 1.10009510 1.55099814 0.20000000
      vertex 1.10009510 1.55099814 0.00000000
    endloop
  endfacet
  facet normal 0.38909191 -0.92119894 0.00000000
    outer loop
      vertex 1.27794692 1.62611840 0.20000000
      vertex 1.10009510 1.55099814 0.00000000
      vertex 1.27794692 1.62611840 0.00000000
    endloop
  endfacet
  facet normal 0.36948485 -0.92923676 0.00000000
    outer loop
      vertex 1.10009510 1.55099814 0.20000000
      vertex 0.92061561 1.47963317 0.20000000
      vertex 0.92061561 1.47963317 0.00000000
    endloop
  endfacet
  facet normal 0.36948485 -0.92923676 0.00000000
    outer loop
      vertex 1.10009510 1.55099814 0.20000000
      vertex 0.92061561 1.47963317 0.00000000
      vertex 1.10009510 1.55099814 0.00000000
    endloop
  endfacet
  facet normal 0.34973858 -0.93684733 0.00000000
    outer loop
      vertex 0.92061561 1.47963317 0.20000000
      vertex 0.73951332 1.41202508 0.20000000
      vertex 0.73951332 1.41202508 0.00000000
    endloop
  endfacet
  facet normal 0.34973858 -0.93684733 0.00000000
    outer loop
      vertex 0.92061561 1.47963317 0.20000000
      vertex 0.73951332 1.41202508 0.00000000
      vertex 0.92061561 1.47963317 0.00000000
    endloop
  endfacet
  facet normal 0.32988041 -0.94402273 0.00000000
    outer loop
      vertex 0.73951332 1.41202508 0.20000000
      vertex 0.55679319 1.34817515 0.20000000
      vertex 0.55679319 1.34817515 0.00000000
    endloop
  endfacet
  facet normal 0.32988041 -0.94402273 0.00000000
    outer loop
      vertex 0.73951332 1.41202508 0.20000000
      vertex 0.55679319 1.34817515 0.00000000
      vertex 0.73951332 1.41202508 0.00000000
    endloop
  endfacet
  facet normal 0.30993786 -0.95075681 0.00000000
    outer loop
      vertex 0.55679319 1.34817515 0.20000000
      vertex 0.37246016 1.28808430 0.20000000
      vertex 0.37246016 1.28808430 0.00000000
    endloop
  endfacet
  facet normal 0.30993786 -0.95075681 0.00000000
    outer loop
      vertex 0.55679319 1.34817515 0.20000000
      vertex 0.37246016 1.28808430 0.00000000
      vertex 0.55679319 1.34817515 0.00000000
    endloop
  endfacet
  facet normal 0.28993858 -0.95704525 0.00000000
    outer loop
      vertex 0.37246016 1.28808430 0.20000000
      vertex 0.18651922 1.23175315 0.20000000
      vertex 0.18651922 1.23175315 0.00000000
    endloop
  endfacet
  facet normal 0.28993858 -0.95704525 0.00000000
    outer loop
      vertex 0.37246016 1.28808430 0.20000000
      vertex 0.18651922 1.23175315 0.00000000
      vertex 0.37246016 1.28808430 0.00000000
    endloop
  endfacet
  facet normal 0.26991007 -0.96288554 0.00000000
    outer loop
      vertex 0.18651922 1.23175315 0.20000000
      vertex -0.00102471 1.17918201 0.20000000
      vertex -0.00102471 1.17918201 0.00000000
    endloop
  endfacet
  facet normal 0.26991007 -0.96288554 0.00000000
    outer loop
      vertex 0.18651922 1.23175315 0.20000000
      vertex -0.00102471 1.17918201 0.00000000
      vertex 0.18651922 1.23175315 0.00000000
    endloop
  endfacet
  facet normal 0.24987956 -0.96827692 0.00000000
    outer loop
      vertex -0.00102471 1.17918201 0.20000000
      vertex -0.19016678 1.13037083 0.20000000
      vertex -0.19016678 1.13037083 0.00000000
    endloop
  endfacet
  facet normal 0.24987956 -0.96827692 0.00000000
    outer loop
      vertex -0.00102471 1.17918201 0.20000000
      vertex -0.19016678 1.13037083 0.00000000
      vertex -0.00102471 1.17918201 0.00000000
    endloop
  endfacet
  facet normal 0.22987383 -0.97322044 0.00000000
    outer loop
      vertex -0.19016678 1.13037083 0.20000000
      vertex -0.38090220 1.08531929 0.20000000
      vertex -0.38090220 1.08531929 0.00000000
    endloop
  endfacet
  facet normal 0.22987383 -0.97322044 0.00000000
    outer loop
      vertex -0.19016678 1.13037083 0.20000000
      vertex -0.38090220 1.08531929 0.00000000
      vertex -0.19016678 1.13037083 0.00000000
    endloop
  endfacet
  facet normal 0.20991901 -0.97771878 0.00000000
    outer loop
      vertex -0.38090220 1.08531929 0.20000000
      vertex -0.57322635 1.04402674 0.20000000
      vertex -0.57322635 1.04402674 0.00000000
    endloop
  endfacet
  facet normal 0.20991901 -0.97771878 0.00000000
    outer loop
      vertex -0.38090220 1.08531929 0.20000000
      vertex -0.57322635 1.04402674 0.00000000
      vertex -0.38090220 1.08531929 0.00000000
    endloop
  endfacet
  facet normal 0.19004047 -0.98177626 0.00000000
    outer loop
      vertex -0.57322635 1.04402674 0.20000000
      vertex -0.76713474 1.00649228 0.20000000
      vertex -0.76713474 1.00649228 0.00000000
    endloop
  endfacet
  facet normal 0.19004047 -0.98177626 0.00000000
    outer loop
      vertex -0.57322635 1.04402674 0.20000000
      vertex -0.76713474 1.00649228 0.00000000
      vertex -0.57322635 1.04402674 0.00000000
    endloop
  endfacet
  facet normal 0.17026266 -0.98539871 0.00000000
    outer loop
      vertex -0.76713474 1.00649228 0.20000000
      vertex -0.96262306 0.97271473 0.20000000
      vertex -0.96262306 0.97271473 0.00000000
    endloop
  endfacet
  facet normal 0.17026266 -0.98539871 0.00000000
    outer loop
      vertex -0.76713474 1.00649228 0.20000000
      vertex -0.96262306 0.97271473 0.00000000
      vertex -0.76713474 1.00649228 0.00000000
    endloop
  endfacet
  facet normal 0.15060900 -0.98859341 0.00000000
    outer loop
      vertex -0.96262306 0.97271473 0.20000000
      vertex -1.15968720 0.94269265 0.20000000
      vertex -1.15968720 0.94269265 0.00000000
    endloop
  endfacet
  facet normal 0.15060900 -0.98859341 0.00000000
    outer loop
      vertex -0.96262306 0.97271473 0.20000000
      vertex -1.15968720 0.94269265 0.00000000
      vertex -0.96262306 0.97271473 0.00000000
    endloop
  endfacet
  facet normal 0.13110177 -0.99136892 0.00000000
    outer loop
      vertex -1.15968720 0.94269265 0.20000000
      vertex -1.35832325 0.91642439 0.20000000
      vertex -1.35832325 0.91642439 0.00000000
    endloop
  endfacet
  facet normal 0.13110177 -0.99136892 0.00000000
    outer loop
      vertex -1.15968720 0.94269265 0.20000000
      vertex -1.35832325 0.91642439 0.00000000
      vertex -1.15968720 0.94269265 0.00000000
    endloop
  endfacet
  facet normal 0.11176200 -0.99373500 0.00000000
    outer loop
      vertex -1.35832325 0.91642439 0.20000000
      vertex -1.55852754 0.89390809 0.20000000
      vertex -1.55852754 0.89390809 0.00000000
    endloop
  endfacet
  facet normal 0.11176200 -0.99373500 0.00000000
    outer loop
      vertex -1.35832325 0.91642439 0.20000000
      vertex -1.55852754 0.89390809 0.00000000
      vertex -1.35832325 0.91642439 0.00000000
    endloop
  endfacet
  facet normal 0.09260944 -0.99570251 0.00000000
    outer loop
      vertex -1.55852754 0.89390809 0.20000000
      vertex -1.75944743 0.87522070 0.20000000
      vertex -1.75944743 0.87522070 0.00000000
    endloop
  endfacet
  facet normal 0.09260944 -0.99570251 0.00000000
    outer loop
      vertex -1.55852754 0.89390809 0.20000000
      vertex -1.75944743 0.87522070 0.00000000
      vertex -1.55852754 0.89390809 0.00000000
    endloop
  endfacet
  facet normal 0.08310916 -0.99654045 0.00000000
    outer loop
      vertex -1.75944743 0.87522070 0.20000000
      vertex -3.12369740 0.76144541 0.20000000
      vertex -3.12369740 0.76144541 0.00000000
    endloop
  endfacet
  facet normal 0.08310916 -0.99654045 0.00000000
    outer loop
      vertex -1.75944743 0.87522070 0.20000000
      vertex -3.12369740 0.76144541 0.00000000
      vertex -1.75944743 0.87522070 0.00000000
    endloop
  endfacet
  facet normal 0.07292615 -0.99733734 0.00000000
    outer loop
      vertex -3.12369740 0.76144541 0.20000000
      vertex -3.32733169 0.74655550 0.20000000
      vertex -3.32733169 0.74655550 0.00000000
    endloop
  endfacet
  facet normal 0.07292615 -0.99733734 0.00000000
    outer loop
      vertex -3.12369740 0.76144541 0.20000000
      vertex -3.32733169 0.74655550 0.00000000
      vertex -3.12369740 0.76144541 0.00000000
    endloop
  endfacet
  facet normal 0.05231383 -0.99863069 0.00000000
    outer loop
      vertex -3.32733169 0.74655550 0.20000000
      vertex -3.53075773 0.73589892 0.20000000
      vertex -3.53075773 0.73589892 0.00000000
    endloop
  endfacet
  facet normal 0.05231383 -0.99863069 0.00000000
    outer loop
      vertex -3.32733169 0.74655550 0.20000000
      vertex -3.53075773 0.73589892 0.00000000
      vertex -3.32733169 0.74655550 0.00000000
    endloop
  endfacet
  facet normal 0.03138908 -0.99950724 0.00000000
    outer loop
      vertex -3.53075773 0.73589892 0.20000000
      vertex -3.73306194 0.72954564 0.20000000
      vertex -3.73306194 0.72954564 0.00000000
    endloop
  endfacet
  facet normal 0.03138908 -0.99950724 0.00000000
    outer loop
      vertex -3.53075773 0.73589892 0.20000000
      vertex -3.73306194 0.72954564 0.00000000
      vertex -3.53075773 0.73589892 0.00000000
    endloop
  endfacet
  facet normal 0.01017291 -0.99994825 0.00000000
    outer loop
      vertex -3.73306194 0.72954564 0.20000000
      vertex -3.93424033 0.72749897 0.20000000
      vertex -3.93424033 0.72749897 0.00000000
    endloop
  endfacet
  facet normal 0.01017291 -0.99994825 0.00000000
    outer loop
      vertex -3.73306194 0.72954564 0.20000000
      vertex -3.93424033 0.72749897 0.00000000
      vertex -3.73306194 0.72954564 0.00000000
    endloop
  endfacet
  facet normal -0.01131157 -0.99993602 0.00000000
    outer loop
      vertex -3.93424033 0.72749897 0.20000000
      vertex -4.13428857 0.72976197 0.20000000
      vertex -4.13428857 0.72976197 0.00000000
    endloop
  endfacet
  facet normal -0.01131157 -0.99993602 -0.00000000
    outer loop
      vertex -3.93424033 0.72749897 0.20000000
      vertex -4.13428857 0.72976197 0.00000000
      vertex -3.93424033 0.72749897 0.00000000
    endloop
  endfacet
  facet normal -0.03303920 -0.99945406 0.00000000
    outer loop
      vertex -4.13428857 0.72976197 0.20000000
      vertex -4.33320195 0.73633750 0.20000000
      vertex -4.33320195 0.73633750 0.00000000
    endloop
  endfacet
  facet normal -0.03303920 -0.99945406 -0.00000000
    outer loop
      vertex -4.13428857 0.72976197 0.20000000
      vertex -4.33320195 0.73633750 0.00000000
      vertex -4.13428857 0.72976197 0.00000000
    endloop
  endfacet
  facet normal -0.05498284 -0.99848730 0.00000000
    outer loop
      vertex -4.33320195 0.73633750 0.20000000
      vertex -4.53097540 0.74722812 0.20000000
      vertex -4.53097540 0.74722812 0.00000000
    endloop
  endfacet
  facet normal -0.05498284 -0.99848730 -0.00000000
    outer loop
      vertex -4.33320195 0.73633750 0.20000000
      vertex -4.53097540 0.74722812 0.00000000
      vertex -4.33320195 0.73633750 0.00000000
    endloop
  endfacet
  facet normal -0.07711350 -0.99702232 0.00000000
    outer loop
      vertex -4.53097540 0.74722812 0.20000000
      vertex -4.72760357 0.76243609 0.20000000
      vertex -4.72760357 0.76243609 0.00000000
    endloop
  endfacet
  facet normal -0.07711350 -0.99702232 -0.00000000
    outer loop
      vertex -4.53097540 0.74722812 0.20000000
      vertex -4.72760357 0.76243609 0.00000000
      vertex -4.53097540 0.74722812 0.00000000
    endloop
  endfacet
  facet normal -0.09940047 -0.99504751 0.00000000
    outer loop
      vertex -4.72760357 0.76243609 0.20000000
      vertex -4.92308077 0.78196332 0.20000000
      vertex -4.92308077 0.78196332 0.00000000
    endloop
  endfacet
  facet normal -0.09940047 -0.99504751 -0.00000000
    outer loop
      vertex -4.72760357 0.76243609 0.20000000
      vertex -4.92308077 0.78196332 0.00000000
      vertex -4.72760357 0.76243609 0.00000000
    endloop
  endfacet
  facet normal -0.12181150 -0.99255325 0.00000000
    outer loop
      vertex -4.92308077 0.78196332 0.20000000
      vertex -5.11740108 0.80581136 0.20000000
      vertex -5.11740108 0.80581136 0.00000000
    endloop
  endfacet
  facet normal -0.12181150 -0.99255325 -0.00000000
    outer loop
      vertex -4.92308077 0.78196332 0.20000000
      vertex -5.11740108 0.80581136 0.00000000
      vertex -4.92308077 0.78196332 0.00000000
    endloop
  endfacet
  facet normal -0.14431298 -0.98953209 0.00000000
    outer loop
      vertex -5.11740108 0.80581136 0.20000000
      vertex -5.31055833 0.83398134 0.20000000
      vertex -5.31055833 0.83398134 0.00000000
    endloop
  endfacet
  facet normal -0.14431298 -0.98953209 -0.00000000
    outer loop
      vertex -5.11740108 0.80581136 0.20000000
      vertex -5.31055833 0.83398134 0.00000000
      vertex -5.11740108 0.80581136 0.00000000
    endloop
  endfacet
  facet normal -0.16687019 -0.98597887 0.00000000
    outer loop
      vertex -5.31055833 0.83398134 0.20000000
      vertex -5.50254621 0.86647398 0.20000000
      vertex -5.50254621 0.86647398 0.00000000
    endloop
  endfacet
  facet normal -0.16687019 -0.98597887 -0.00000000
    outer loop
      vertex -5.31055833 0.83398134 0.20000000
      vertex -5.50254621 0.86647398 0.00000000
      vertex -5.31055833 0.83398134 0.00000000
    endloop
  endfacet
  facet normal -0.18944753 -0.98189085 0.00000000
    outer loop
      vertex -5.50254621 0.86647398 0.20000000
      vertex -5.69335824 0.90328955 0.20000000
      vertex -5.69335824 0.90328955 0.00000000
    endloop
  endfacet
  facet normal -0.18944753 -0.98189085 -0.00000000
    outer loop
      vertex -5.50254621 0.86647398 0.20000000
      vertex -5.69335824 0.90328955 0.00000000
      vertex -5.50254621 0.86647398 0.00000000
    endloop
  endfacet
  facet normal -0.21200877 -0.97726776 0.00000000
    outer loop
      vertex -5.69335824 0.90328955 0.20000000
      vertex -5.88298786 0.94442786 0.20000000
      vertex -5.88298786 0.94442786 0.00000000
    endloop
  endfacet
  facet normal -0.21200877 -0.97726776 -0.00000000
    outer loop
      vertex -5.69335824 0.90328955 0.20000000
      vertex -5.88298786 0.94442786 0.00000000
      vertex -5.69335824 0.90328955 0.00000000
    endloop
  endfacet
  facet normal -0.23451738 -0.97211193 0.00000000
    outer loop
      vertex -5.88298786 0.94442786 0.20000000
      vertex -6.07142850 0.98988826 0.20000000
      vertex -6.07142850 0.98988826 0.00000000
    endloop
  endfacet
  facet normal -0.23451738 -0.97211193 -0.00000000
    outer loop
      vertex -5.88298786 0.94442786 0.20000000
      vertex -6.07142850 0.98988826 0.00000000
      vertex -5.88298786 0.94442786 0.00000000
    endloop
  endfacet
  facet normal -0.25693678 -0.96642821 0.00000000
    outer loop
      vertex -6.07142850 0.98988826 0.20000000
      vertex -6.25867358 1.03966966 0.20000000
      vertex -6.25867358 1.03966966 0.00000000
    endloop
  endfacet
  facet normal -0.25693678 -0.96642821 -0.00000000
    outer loop
      vertex -6.07142850 0.98988826 0.20000000
      vertex -6.25867358 1.03966966 0.00000000
      vertex -6.07142850 0.98988826 0.00000000
    endloop
  endfacet
  facet normal -0.27923062 -0.96022407 0.00000000
    outer loop
      vertex -6.25867358 1.03966966 0.20000000
      vertex -6.44471661 1.09377048 0.20000000
      vertex -6.44471661 1.09377048 0.00000000
    endloop
  endfacet
  facet normal -0.27923062 -0.96022407 -0.00000000
    outer loop
      vertex -6.25867358 1.03966966 0.20000000
      vertex -6.44471661 1.09377048 0.00000000
      vertex -6.25867358 1.03966966 0.00000000
    endloop
  endfacet
  facet normal -0.30136312 -0.95350945 0.00000000
    outer loop
      vertex -6.44471661 1.09377048 0.20000000
      vertex -6.62955122 1.15218871 0.20000000
      vertex -6.62955122 1.15218871 0.00000000
    endloop
  endfacet
  facet normal -0.30136312 -0.95350945 -0.00000000
    outer loop
      vertex -6.44471661 1.09377048 0.20000000
      vertex -6.62955122 1.15218871 0.00000000
      vertex -6.44471661 1.09377048 0.00000000
    endloop
  endfacet
  facet normal -0.32329933 -0.94629675 0.00000000
    outer loop
      vertex -6.62955122 1.15218871 0.20000000
      vertex -6.81317122 1.21492191 0.20000000
      vertex -6.81317122 1.21492191 0.00000000
    endloop
  endfacet
  facet normal -0.32329933 -0.94629675 -0.00000000
    outer loop
      vertex -6.62955122 1.15218871 0.20000000
      vertex -6.81317122 1.21492191 0.00000000
      vertex -6.62955122 1.15218871 0.00000000
    endloop
  endfacet
  facet normal -0.34500540 -0.93860070 0.00000000
    outer loop
      vertex -6.81317122 1.21492191 0.20000000
      vertex -6.99557062 1.28196722 0.20000000
      vertex -6.99557062 1.28196722 0.00000000
    endloop
  endfacet
  facet normal -0.34500540 -0.93860070 -0.00000000
    outer loop
      vertex -6.81317122 1.21492191 0.20000000
      vertex -6.99557062 1.28196722 0.00000000
      vertex -6.81317122 1.21492191 0.00000000
    endloop
  endfacet
  facet normal -0.36644885 -0.93043820 0.00000000
    outer loop
      vertex -6.99557062 1.28196722 0.20000000
      vertex -7.17674372 1.35332142 0.20000000
      vertex -7.17674372 1.35332142 0.00000000
    endloop
  endfacet
  facet normal -0.36644885 -0.93043820 -0.00000000
    outer loop
      vertex -6.99557062 1.28196722 0.20000000
      vertex -7.17674372 1.35332142 0.00000000
      vertex -6.99557062 1.28196722 0.00000000
    endloop
  endfacet
  facet normal -0.38759880 -0.92182817 0.00000000
    outer loop
      vertex -7.17674372 1.35332142 0.20000000
      vertex -7.35668514 1.42898094 0.20000000
      vertex -7.35668514 1.42898094 0.00000000
    endloop
  endfacet
  facet normal -0.38759880 -0.92182817 -0.00000000
    outer loop
      vertex -7.17674372 1.35332142 0.20000000
      vertex -7.35668514 1.42898094 0.00000000
      vertex -7.17674372 1.35332142 0.00000000
    endloop
  endfacet
  facet normal -0.40842618 -0.91279135 0.00000000
    outer loop
      vertex -7.35668514 1.42898094 0.20000000
      vertex -7.53538980 1.50894189 0.20000000
      vertex -7.53538980 1.50894189 0.00000000
    endloop
  endfacet
  facet normal -0.40842618 -0.91279135 -0.00000000
    outer loop
      vertex -7.35668514 1.42898094 0.20000000
      vertex -7.53538980 1.50894189 0.00000000
      vertex -7.35668514 1.42898094 0.00000000
    endloop
  endfacet
  facet normal -0.42890394 -0.90335011 0.00000000
    outer loop
      vertex -7.53538980 1.50894189 0.20000000
      vertex -7.71285303 1.59320012 0.20000000
      vertex -7.71285303 1.59320012 0.00000000
    endloop
  endfacet
  facet normal -0.42890394 -0.90335011 -0.00000000
    outer loop
      vertex -7.53538980 1.50894189 0.20000000
      vertex -7.71285303 1.59320012 0.00000000
      vertex -7.53538980 1.50894189 0.00000000
    endloop
  endfacet
  facet normal -0.44900714 -0.89352817 0.00000000
    outer loop
      vertex -7.71285303 1.59320012 0.20000000
      vertex -7.88907056 1.68175125 0.20000000
      vertex -7.88907056 1.68175125 0.00000000
    endloop
  endfacet
  facet normal -0.44900714 -0.89352817 -0.00000000
    outer loop
      vertex -7.71285303 1.59320012 0.20000000
      vertex -7.88907056 1.68175125 0.00000000
      vertex -7.71285303 1.59320012 0.00000000
    endloop
  endfacet
  facet normal -0.46871313 -0.88335044 0.00000000
    outer loop
      vertex -7.88907056 1.68175125 0.20000000
      vertex -8.06403850 1.77459070 0.20000000
      vertex -8.06403850 1.77459070 0.00000000
    endloop
  endfacet
  facet normal -0.46871313 -0.88335044 -0.00000000
    outer loop
      vertex -7.88907056 1.68175125 0.20000000
      vertex -8.06403850 1.77459070 0.00000000
      vertex -7.88907056 1.68175125 0.00000000
    endloop
  endfacet
  facet normal -0.48800162 -0.87284272 0.00000000
    outer loop
      vertex -8.06403850 1.77459070 0.20000000
      vertex -8.23775343 1.87171377 0.20000000
      vertex -8.23775343 1.87171377 0.00000000
    endloop
  endfacet
  facet normal -0.48800162 -0.87284272 -0.00000000
    outer loop
      vertex -8.06403850 1.77459070 0.20000000
      vertex -8.23775343 1.87171377 0.00000000
      vertex -8.06403850 1.77459070 0.00000000
    endloop
  endfacet
  facet normal -0.50685472 -0.86203149 0.00000000
    outer loop
      vertex -8.23775343 1.87171377 0.20000000
      vertex -8.41021235 1.97311566 0.20000000
      vertex -8.41021235 1.97311566 0.00000000
    endloop
  endfacet
  facet normal -0.50685472 -0.86203149 -0.00000000
    outer loop
      vertex -8.23775343 1.87171377 0.20000000
      vertex -8.41021235 1.97311566 0.00000000
      vertex -8.23775343 1.87171377 0.00000000
    endloop
  endfacet
  facet normal -0.52525698 -0.85094366 0.00000000
    outer loop
      vertex -8.41021235 1.97311566 0.20000000
      vertex -8.58141269 2.07879148 0.20000000
      vertex -8.58141269 2.07879148 0.00000000
    endloop
  endfacet
  facet normal -0.52525698 -0.85094366 -0.00000000
    outer loop
      vertex -8.41021235 1.97311566 0.20000000
      vertex -8.58141269 2.07879148 0.00000000
      vertex -8.41021235 1.97311566 0.00000000
    endloop
  endfacet
  facet normal -0.54319536 -0.83960634 0.00000000
    outer loop
      vertex -8.58141269 2.07879148 0.20000000
      vertex -8.75135232 2.18873636 0.20000000
      vertex -8.75135232 2.18873636 0.00000000
    endloop
  endfacet
  facet normal -0.54319536 -0.83960634 -0.00000000
    outer loop
      vertex -8.58141269 2.07879148 0.20000000
      vertex -8.75135232 2.18873636 0.00000000
      vertex -8.58141269 2.07879148 0.00000000
    endloop
  endfacet
  facet normal -0.56065922 -0.82804664 0.00000000
    outer loop
      vertex -8.75135232 2.18873636 0.20000000
      vertex -8.92002954 2.30294544 0.20000000
      vertex -8.92002954 2.30294544 0.00000000
    endloop
  endfacet
  facet normal -0.56065922 -0.82804664 -0.00000000
    outer loop
      vertex -8.75135232 2.18873636 0.20000000
      vertex -8.92002954 2.30294544 0.00000000
      vertex -8.75135232 2.18873636 0.00000000
    endloop
  endfacet
  facet normal -0.57764027 -0.81629144 0.00000000
    outer loop
      vertex -8.92002954 2.30294544 0.20000000
      vertex -9.08669825 2.42088684 0.20000000
      vertex -9.08669825 2.42088684 0.00000000
    endloop
  endfacet
  facet normal -0.57764027 -0.81629144 -0.00000000
    outer loop
      vertex -8.92002954 2.30294544 0.20000000
      vertex -9.08669825 2.42088684 0.00000000
      vertex -8.92002954 2.30294544 0.00000000
    endloop
  endfacet
  facet normal -0.58594775 -0.81034883 0.00000000
    outer loop
      vertex -9.08669825 2.42088684 0.20000000
      vertex -10.84593521 3.69295746 0.20000000
      vertex -10.84593521 3.69295746 0.00000000
    endloop
  endfacet
  facet normal -0.58594775 -0.81034883 -0.00000000
    outer loop
      vertex -9.08669825 2.42088684 0.20000000
      vertex -10.84593521 3.69295746 0.00000000
      vertex -9.08669825 2.42088684 0.00000000
    endloop
  endfacet
  facet normal -0.59314367 -0.80509663 0.00000000
    outer loop
      vertex -10.84593521 3.69295746 0.20000000
      vertex -10.93740192 3.76034428 0.20000000
      vertex -10.93740192 3.76034428 0.00000000
    endloop
  endfacet
  facet normal -0.59314367 -0.80509663 -0.00000000
    outer loop
      vertex -10.84593521 3.69295746 0.20000000
      vertex -10.93740192 3.76034428 0.00000000
      vertex -10.84593521 3.69295746 0.00000000
    endloop
  endfacet
  facet normal -0.60750782 -0.79431369 0.00000000
    outer loop
      vertex -10.93740192 3.76034428 0.20000000
      vertex -11.02784121 3.82951415 0.20000000
      vertex -11.02784121 3.82951415 0.00000000
    endloop
  endfacet
  facet normal -0.60750782 -0.79431369 -0.00000000
    outer loop
      vertex -10.93740192 3.76034428 0.20000000
      vertex -11.02784121 3.82951415 0.00000000
      vertex -10.93740192 3.76034428 0.00000000
    endloop
  endfacet
  facet normal -0.62182031 -0.78315994 0.00000000
    outer loop
      vertex -11.02784121 3.82951415 0.20000000
      vertex -11.11660789 3.89999391 0.20000000
      vertex -11.11660789 3.89999391 0.00000000
    endloop
  endfacet
  facet normal -0.62182031 -0.78315994 -0.00000000
    outer loop
      vertex -11.02784121 3.82951415 0.20000000
      vertex -11.11660789 3.89999391 0.00000000
      vertex -11.02784121 3.82951415 0.00000000
    endloop
  endfacet
  facet normal -0.63606311 -0.77163704 0.00000000
    outer loop
      vertex -11.11660789 3.89999391 0.20000000
      vertex -11.20369868 3.97178315 0.20000000
      vertex -11.20369868 3.97178315 0.00000000
    endloop
  endfacet
  facet normal -0.63606311 -0.77163704 -0.00000000
    outer loop
      vertex -11.11660789 3.89999391 0.20000000
      vertex -11.20369868 3.97178315 0.00000000
      vertex -11.11660789 3.89999391 0.00000000
    endloop
  endfacet
  facet normal -0.65021784 -0.75974783 0.00000000
    outer loop
      vertex -11.20369868 3.97178315 0.20000000
      vertex -11.28911025 4.04488126 0.20000000
      vertex -11.28911025 4.04488126 0.00000000
    endloop
  endfacet
  facet normal -0.65021784 -0.75974783 -0.00000000
    outer loop
      vertex -11.20369868 3.97178315 0.20000000
      vertex -11.28911025 4.04488126 0.00000000
      vertex -11.20369868 3.97178315 0.00000000
    endloop
  endfacet
  facet normal -0.66426588 -0.74749638 0.00000000
    outer loop
      vertex -11.28911025 4.04488126 0.20000000
      vertex -11.37283924 4.11928738 0.20000000
      vertex -11.37283924 4.11928738 0.00000000
    endloop
  endfacet
  facet normal -0.66426588 -0.74749638 -0.00000000
    outer loop
      vertex -11.28911025 4.04488126 0.20000000
      vertex -11.37283924 4.11928738 0.00000000
      vertex -11.28911025 4.04488126 0.00000000
    endloop
  endfacet
  facet normal -0.67818848 -0.73488801 0.00000000
    outer loop
      vertex -11.37283924 4.11928738 0.20000000
      vertex -11.45488225 4.19500045 0.20000000
      vertex -11.45488225 4.19500045 0.00000000
    endloop
  endfacet
  facet normal -0.67818848 -0.73488801 -0.00000000
    outer loop
      vertex -11.37283924 4.11928738 0.20000000
      vertex -11.45488225 4.19500045 0.00000000
      vertex -11.37283924 4.11928738 0.00000000
    endloop
  endfacet
  facet normal -0.69196682 -0.72192930 0.00000000
    outer loop
      vertex -11.45488225 4.19500045 0.20000000
      vertex -11.53523591 4.27201917 0.20000000
      vertex -11.53523591 4.27201917 0.00000000
    endloop
  endfacet
  facet normal -0.69196682 -0.72192930 -0.00000000
    outer loop
      vertex -11.45488225 4.19500045 0.20000000
      vertex -11.53523591 4.27201917 0.00000000
      vertex -11.45488225 4.19500045 0.00000000
    endloop
  endfacet
  facet normal -0.70558216 -0.70862812 0.00000000
    outer loop
      vertex -11.53523591 4.27201917 0.20000000
      vertex -11.61389686 4.35034200 0.20000000
      vertex -11.61389686 4.35034200 0.00000000
    endloop
  endfacet
  facet normal -0.70558216 -0.70862812 -0.00000000
    outer loop
      vertex -11.53523591 4.27201917 0.20000000
      vertex -11.61389686 4.35034200 0.00000000
      vertex -11.53523591 4.27201917 0.00000000
    endloop
  endfacet
  facet normal -0.71901593 -0.69499359 0.00000000
    outer loop
      vertex -11.61389686 4.35034200 0.20000000
      vertex -11.69086178 4.42996719 0.20000000
      vertex -11.69086178 4.42996719 0.00000000
    endloop
  endfacet
  facet normal -0.71901593 -0.69499359 -0.00000000
    outer loop
      vertex -11.61389686 4.35034200 0.20000000
      vertex -11.69086178 4.42996719 0.00000000
      vertex -11.61389686 4.35034200 0.00000000
    endloop
  endfacet
  facet normal -0.73224982 -0.68103612 0.00000000
    outer loop
      vertex -11.69086178 4.42996719 0.20000000
      vertex -11.76612740 4.51089277 0.20000000
      vertex -11.76612740 4.51089277 0.00000000
    endloop
  endfacet
  facet normal -0.73224982 -0.68103612 -0.00000000
    outer loop
      vertex -11.69086178 4.42996719 0.20000000
      vertex -11.76612740 4.51089277 0.00000000
      vertex -11.69086178 4.42996719 0.00000000
    endloop
  endfacet
  facet normal -0.74526594 -0.66676734 0.00000000
    outer loop
      vertex -11.76612740 4.51089277 0.20000000
      vertex -11.83969055 4.59311651 0.20000000
      vertex -11.83969055 4.59311651 0.00000000
    endloop
  endfacet
  facet normal -0.74526594 -0.66676734 -0.00000000
    outer loop
      vertex -11.76612740 4.51089277 0.20000000
      vertex -11.83969055 4.59311651 0.00000000
      vertex -11.76612740 4.51089277 0.00000000
    endloop
  endfacet
  facet normal -0.75804689 -0.65220005 0.00000000
    outer loop
      vertex -11.83969055 4.59311651 0.20000000
      vertex -11.91154815 4.67663603 0.20000000
      vertex -11.91154815 4.67663603 0.00000000
    endloop
  endfacet
  facet normal -0.75804689 -0.65220005 -0.00000000
    outer loop
      vertex -11.83969055 4.59311651 0.20000000
      vertex -11.91154815 4.67663603 0.00000000
      vertex -11.83969055 4.59311651 0.00000000
    endloop
  endfacet
  facet normal -0.77057591 -0.63734823 0.00000000
    outer loop
      vertex -11.91154815 4.67663603 0.20000000
      vertex -11.98169725 4.76144870 0.20000000
      vertex -11.98169725 4.76144870 0.00000000
    endloop
  endfacet
  facet normal -0.77057591 -0.63734823 -0.00000000
    outer loop
      vertex -11.91154815 4.67663603 0.20000000
      vertex -11.98169725 4.76144870 0.00000000
      vertex -11.91154815 4.67663603 0.00000000
    endloop
  endfacet
  facet normal -0.78283694 -0.62222691 0.00000000
    outer loop
      vertex -11.98169725 4.76144870 0.20000000
      vertex -12.05013502 4.84755172 0.20000000
      vertex -12.05013502 4.84755172 0.00000000
    endloop
  endfacet
  facet normal -0.78283694 -0.62222691 -0.00000000
    outer loop
      vertex -11.98169725 4.76144870 0.20000000
      vertex -12.05013502 4.84755172 0.00000000
      vertex -11.98169725 4.76144870 0.00000000
    endloop
  endfacet
  facet normal -0.79481475 -0.60685213 0.00000000
    outer loop
      vertex -12.05013502 4.84755172 0.20000000
      vertex -12.11685882 4.93494213 0.20000000
      vertex -12.11685882 4.93494213 0.00000000
    endloop
  endfacet
  facet normal -0.79481475 -0.60685213 -0.00000000
    outer loop
      vertex -12.05013502 4.84755172 0.20000000
      vertex -12.11685882 4.93494213 0.00000000
      vertex -12.05013502 4.84755172 0.00000000
    endloop
  endfacet
  facet normal -0.80649504 -0.59124086 0.00000000
    outer loop
      vertex -12.11685882 4.93494213 0.20000000
      vertex -12.18186614 5.02361680 0.20000000
      vertex -12.18186614 5.02361680 0.00000000
    endloop
  endfacet
  facet normal -0.80649504 -0.59124086 -0.00000000
    outer loop
      vertex -12.11685882 4.93494213 0.20000000
      vertex -12.18186614 5.02361680 0.00000000
      vertex -12.11685882 4.93494213 0.00000000
    endloop
  endfacet
  facet normal -0.81786447 -0.57541090 0.00000000
    outer loop
      vertex -12.18186614 5.02361680 0.20000000
      vertex -12.24515470 5.11357245 0.20000000
      vertex -12.24515470 5.11357245 0.00000000
    endloop
  endfacet
  facet normal -0.81786447 -0.57541090 -0.00000000
    outer loop
      vertex -12.18186614 5.02361680 0.20000000
      vertex -12.24515470 5.11357245 0.00000000
      vertex -12.18186614 5.02361680 0.00000000
    endloop
  endfacet
  facet normal -0.82891083 -0.55938076 0.00000000
    outer loop
      vertex -12.24515470 5.11357245 0.20000000
      vertex -12.30672239 5.20480569 0.20000000
      vertex -12.30672239 5.20480569 0.00000000
    endloop
  endfacet
  facet normal -0.82891083 -0.55938076 -0.00000000
    outer loop
      vertex -12.24515470 5.11357245 0.20000000
      vertex -12.30672239 5.20480569 0.00000000
      vertex -12.24515470 5.11357245 0.00000000
    endloop
  endfacet
  facet normal -0.83962301 -0.54316959 0.00000000
    outer loop
      vertex -12.30672239 5.20480569 0.20000000
      vertex -12.36656731 5.29731304 0.20000000
      vertex -12.36656731 5.29731304 0.00000000
    endloop
  endfacet
  facet normal -0.83962301 -0.54316959 -0.00000000
    outer loop
      vertex -12.30672239 5.20480569 0.20000000
      vertex -12.36656731 5.29731304 0.00000000
      vertex -12.30672239 5.20480569 0.00000000
    endloop
  endfacet
  facet normal -0.84999112 -0.52679702 0.00000000
    outer loop
      vertex -12.36656731 5.29731304 0.20000000
      vertex -12.42468781 5.39109091 0.20000000
      vertex -12.42468781 5.39109091 0.00000000
    endloop
  endfacet
  facet normal -0.84999112 -0.52679702 -0.00000000
    outer loop
      vertex -12.36656731 5.29731304 0.20000000
      vertex -12.42468781 5.39109091 0.00000000
      vertex -12.36656731 5.29731304 0.00000000
    endloop
  endfacet
  facet normal -0.86000649 -0.51028309 0.00000000
    outer loop
      vertex -12.42468781 5.39109091 0.20000000
      vertex -12.48108243 5.48613568 0.20000000
      vertex -12.48108243 5.48613568 0.00000000
    endloop
  endfacet
  facet normal -0.86000649 -0.51028309 -0.00000000
    outer loop
      vertex -12.42468781 5.39109091 0.20000000
      vertex -12.48108243 5.48613568 0.00000000
      vertex -12.42468781 5.39109091 0.00000000
    endloop
  endfacet
  facet normal -0.86966175 -0.49364810 0.00000000
    outer loop
      vertex -12.48108243 5.48613568 0.20000000
      vertex -12.53574996 5.58244368 0.20000000
      vertex -12.53574996 5.58244368 0.00000000
    endloop
  endfacet
  facet normal -0.86966175 -0.49364810 -0.00000000
    outer loop
      vertex -12.48108243 5.48613568 0.20000000
      vertex -12.53574996 5.58244368 0.00000000
      vertex -12.48108243 5.48613568 0.00000000
    endloop
  endfacet
  facet normal -0.87895077 -0.47691251 0.00000000
    outer loop
      vertex -12.53574996 5.58244368 0.20000000
      vertex -12.58868942 5.68001122 0.20000000
      vertex -12.58868942 5.68001122 0.00000000
    endloop
  endfacet
  facet normal -0.87895077 -0.47691251 -0.00000000
    outer loop
      vertex -12.53574996 5.58244368 0.20000000
      vertex -12.58868942 5.68001122 0.00000000
      vertex -12.53574996 5.58244368 0.00000000
    endloop
  endfacet
  facet normal -0.88786877 -0.46009679 0.00000000
    outer loop
      vertex -12.58868942 5.68001122 0.20000000
      vertex -12.63990006 5.77883462 0.20000000
      vertex -12.63990006 5.77883462 0.00000000
    endloop
  endfacet
  facet normal -0.88786877 -0.46009679 -0.00000000
    outer loop
      vertex -12.58868942 5.68001122 0.20000000
      vertex -12.63990006 5.77883462 0.00000000
      vertex -12.58868942 5.68001122 0.00000000
    endloop
  endfacet
  facet normal -0.89641221 -0.44322134 0.00000000
    outer loop
      vertex -12.63990006 5.77883462 0.20000000
      vertex -12.68938136 5.87891022 0.20000000
      vertex -12.68938136 5.87891022 0.00000000
    endloop
  endfacet
  facet normal -0.89641221 -0.44322134 -0.00000000
    outer loop
      vertex -12.63990006 5.77883462 0.20000000
      vertex -12.68938136 5.87891022 0.00000000
      vertex -12.63990006 5.77883462 0.00000000
    endloop
  endfacet
  facet normal -0.90457884 -0.42630638 0.00000000
    outer loop
      vertex -12.68938136 5.87891022 0.20000000
      vertex -12.73713303 5.98023441 0.20000000
      vertex -12.73713303 5.98023441 0.00000000
    endloop
  endfacet
  facet normal -0.90457884 -0.42630638 -0.00000000
    outer loop
      vertex -12.68938136 5.87891022 0.20000000
      vertex -12.73713303 5.98023441 0.00000000
      vertex -12.68938136 5.87891022 0.00000000
    endloop
  endfacet
  facet normal -0.91236765 -0.40937180 0.00000000
    outer loop
      vertex -12.73713303 5.98023441 0.20000000
      vertex -12.78315499 6.08280365 0.20000000
      vertex -12.78315499 6.08280365 0.00000000
    endloop
  endfacet
  facet normal -0.91236765 -0.40937180 -0.00000000
    outer loop
      vertex -12.73713303 5.98023441 0.20000000
      vertex -12.78315499 6.08280365 0.00000000
      vertex -12.73713303 5.98023441 0.00000000
    endloop
  endfacet
  facet normal -0.91977884 -0.39243711 0.00000000
    outer loop
      vertex -12.78315499 6.08280365 0.20000000
      vertex -12.82744740 6.18661446 0.20000000
      vertex -12.82744740 6.18661446 0.00000000
    endloop
  endfacet
  facet normal -0.91977884 -0.39243711 -0.00000000
    outer loop
      vertex -12.78315499 6.08280365 0.20000000
      vertex -12.82744740 6.18661446 0.00000000
      vertex -12.78315499 6.08280365 0.00000000
    endloop
  endfacet
  facet normal -0.92681376 -0.37552131 0.00000000
    outer loop
      vertex -12.82744740 6.18661446 0.20000000
      vertex -12.87001058 6.29166347 0.20000000
      vertex -12.87001058 6.29166347 0.00000000
    endloop
  endfacet
  facet normal -0.92681376 -0.37552131 -0.00000000
    outer loop
      vertex -12.82744740 6.18661446 0.20000000
      vertex -12.87001058 6.29166347 0.00000000
      vertex -12.82744740 6.18661446 0.00000000
    endloop
  endfacet
  facet normal -0.93347487 -0.35864282 0.00000000
    outer loop
      vertex -12.87001058 6.29166347 0.20000000
      vertex -12.91084508 6.39794744 0.20000000
      vertex -12.91084508 6.39794744 0.00000000
    endloop
  endfacet
  facet normal -0.93347487 -0.35864282 -0.00000000
    outer loop
      vertex -12.87001058 6.29166347 0.20000000
      vertex -12.91084508 6.39794744 0.00000000
      vertex -12.87001058 6.29166347 0.00000000
    endloop
  endfacet
  facet normal -0.93976565 -0.34181943 0.00000000
    outer loop
      vertex -12.91084508 6.39794744 0.20000000
      vertex -12.94967905 6.50471384 0.20000000
      vertex -12.94967905 6.50471384 0.00000000
    endloop
  endfacet
  facet normal -0.93976565 -0.34181943 -0.00000000
    outer loop
      vertex -12.91084508 6.39794744 0.20000000
      vertex -12.94967905 6.50471384 0.00000000
      vertex -12.91084508 6.39794744 0.00000000
    endloop
  endfacet
  facet normal -0.94277353 -0.33343375 0.00000000
    outer loop
      vertex -12.94967905 6.50471384 0.20000000
      vertex -13.42692153 7.85410205 0.20000000
      vertex -13.42692153 7.85410205 0.00000000
    endloop
  endfacet
  facet normal -0.94277353 -0.33343375 -0.00000000
    outer loop
      vertex -12.94967905 6.50471384 0.20000000
      vertex -13.42692153 7.85410205 0.00000000
      vertex -12.94967905 6.50471384 0.00000000
    endloop
  endfacet
  facet normal -0.94394796 -0.33009429 0.00000000
    outer loop
      vertex -13.42692153 7.85410205 0.20000000
      vertex -13.44270813 7.89924591 0.20000000
      vertex -13.44270813 7.89924591 0.00000000
    endloop
  endfacet
  facet normal -0.94394796 -0.33009429 -0.00000000
    outer loop
      vertex -13.42692153 7.85410205 0.20000000
      vertex -13.44270813 7.89924591 0.00000000
      vertex -13.42692153 7.85410205 0.00000000
    endloop
  endfacet
  facet normal -0.94626401 -0.32339516 0.00000000
    outer loop
      vertex -13.44270813 7.89924591 0.20000000
      vertex -13.45826638 7.94476981 0.20000000
      vertex -13.45826638 7.94476981 0.00000000
    endloop
  endfacet
  facet normal -0.94626401 -0.32339516 -0.00000000
    outer loop
      vertex -13.44270813 7.89924591 0.20000000
      vertex -13.45826638 7.94476981 0.00000000
      vertex -13.44270813 7.89924591 0.00000000
    endloop
  endfacet
  facet normal -0.94853582 -0.31666986 0.00000000
    outer loop
      vertex -13.45826638 7.94476981 0.20000000
      vertex -13.47349109 7.99037309 0.20000000
      vertex -13.47349109 7.99037309 0.00000000
    endloop
  endfacet
  facet normal -0.94853582 -0.31666986 -0.00000000
    outer loop
      vertex -13.45826638 7.94476981 0.20000000
      vertex -13.47349109 7.99037309 0.00000000
      vertex -13.45826638 7.94476981 0.00000000
    endloop
  endfacet
  facet normal -0.95076286 -0.30991931 0.00000000
    outer loop
      vertex -13.47349109 7.99037309 0.20000000
      vertex -13.48838217 8.03605558 0.20000000
      vertex -13.48838217 8.03605558 0.00000000
    endloop
  endfacet
  facet normal -0.95076286 -0.30991931 -0.00000000
    outer loop
      vertex -13.47349109 7.99037309 0.20000000
      vertex -13.48838217 8.03605558 0.00000000
      vertex -13.47349109 7.99037309 0.00000000
    endloop
  endfacet
  facet normal -0.95294461 -0.30314446 0.00000000
    outer loop
      vertex -13.48838217 8.03605558 0.20000000
      vertex -13.50293952 8.08181710 0.20000000
      vertex -13.50293952 8.08181710 0.00000000
    endloop
  endfacet
  facet normal -0.95294461 -0.30314446 -0.00000000
    outer loop
      vertex -13.48838217 8.03605558 0.20000000
      vertex -13.50293952 8.08181710 0.00000000
      vertex -13.48838217 8.03605558 0.00000000
    endloop
  endfacet
  facet normal -0.95508057 -0.29634627 0.00000000
    outer loop
      vertex -13.50293952 8.08181710 0.20000000
      vertex -13.51716307 8.12765750 0.20000000
      vertex -13.51716307 8.12765750 0.00000000
    endloop
  endfacet
  facet normal -0.95508057 -0.29634627 -0.00000000
    outer loop
      vertex -13.50293952 8.08181710 0.20000000
      vertex -13.51716307 8.12765750 0.00000000
      vertex -13.50293952 8.08181710 0.00000000
    endloop
  endfacet
  facet normal -0.95717024 -0.28952570 0.00000000
    outer loop
      vertex -13.51716307 8.12765750 0.20000000
      vertex -13.53105271 8.17357658 0.20000000
      vertex -13.53105271 8.17357658 0.00000000
    endloop
  endfacet
  facet normal -0.95717024 -0.28952570 -0.00000000
    outer loop
      vertex -13.51716307 8.12765750 0.20000000
      vertex -13.53105271 8.17357658 0.00000000
      vertex -13.51716307 8.12765750 0.00000000
    endloop
  endfacet
  facet normal -0.95921317 -0.28268374 0.00000000
    outer loop
      vertex -13.53105271 8.17357658 0.20000000
      vertex -13.54460838 8.21957418 0.20000000
      vertex -13.54460838 8.21957418 0.00000000
    endloop
  endfacet
  facet normal -0.95921317 -0.28268374 -0.00000000
    outer loop
      vertex -13.53105271 8.17357658 0.20000000
      vertex -13.54460838 8.21957418 0.00000000
      vertex -13.53105271 8.17357658 0.00000000
    endloop
  endfacet
  facet normal -0.96120891 -0.27582139 0.00000000
    outer loop
      vertex -13.54460838 8.21957418 0.20000000
      vertex -13.55782998 8.26565011 0.20000000
      vertex -13.55782998 8.26565011 0.00000000
    endloop
  endfacet
  facet normal -0.96120891 -0.27582139 -0.00000000
    outer loop
      vertex -13.54460838 8.21957418 0.20000000
      vertex -13.55782998 8.26565011 0.00000000
      vertex -13.54460838 8.21957418 0.00000000
    endloop
  endfacet
  facet normal -0.96315703 -0.26893966 0.00000000
    outer loop
      vertex -13.55782998 8.26565011 0.20000000
      vertex -13.57071746 8.31180418 0.20000000
      vertex -13.57071746 8.31180418 0.00000000
    endloop
  endfacet
  facet normal -0.96315703 -0.26893966 -0.00000000
    outer loop
      vertex -13.55782998 8.26565011 0.20000000
      vertex -13.57071746 8.31180418 0.00000000
      vertex -13.55782998 8.26565011 0.00000000
    endloop
  endfacet
  facet normal -0.96505713 -0.26203956 0.00000000
    outer loop
      vertex -13.57071746 8.31180418 0.20000000
      vertex -13.58327073 8.35803622 0.20000000
      vertex -13.58327073 8.35803622 0.00000000
    endloop
  endfacet
  facet normal -0.96505713 -0.26203956 -0.00000000
    outer loop
      vertex -13.57071746 8.31180418 0.20000000
      vertex -13.58327073 8.35803622 0.00000000
      vertex -13.57071746 8.31180418 0.00000000
    endloop
  endfacet
  facet normal -0.96690883 -0.25512214 0.00000000
    outer loop
      vertex -13.58327073 8.35803622 0.20000000
      vertex -13.59548973 8.40434604 0.20000000
      vertex -13.59548973 8.40434604 0.00000000
    endloop
  endfacet
  facet normal -0.96690883 -0.25512214 -0.00000000
    outer loop
      vertex -13.58327073 8.35803622 0.20000000
      vertex -13.59548973 8.40434604 0.00000000
      vertex -13.58327073 8.35803622 0.00000000
    endloop
  endfacet
  facet normal -0.96871178 -0.24818843 0.00000000
    outer loop
      vertex -13.59548973 8.40434604 0.20000000
      vertex -13.60737440 8.45073344 0.20000000
      vertex -13.60737440 8.45073344 0.00000000
    endloop
  endfacet
  facet normal -0.96871178 -0.24818843 -0.00000000
    outer loop
      vertex -13.59548973 8.40434604 0.20000000
      vertex -13.60737440 8.45073344 0.00000000
      vertex -13.59548973 8.40434604 0.00000000
    endloop
  endfacet
  facet normal -0.97046562 -0.24123947 0.00000000
    outer loop
      vertex -13.60737440 8.45073344 0.20000000
      vertex -13.61892467 8.49719824 0.20000000
      vertex -13.61892467 8.49719824 0.00000000
    endloop
  endfacet
  facet normal -0.97046562 -0.24123947 -0.00000000
    outer loop
      vertex -13.60737440 8.45073344 0.20000000
      vertex -13.61892467 8.49719824 0.00000000
      vertex -13.60737440 8.45073344 0.00000000
    endloop
  endfacet
  facet normal -0.97217005 -0.23427634 0.00000000
    outer loop
      vertex -13.61892467 8.49719824 0.20000000
      vertex -13.63014050 8.54374026 0.20000000
      vertex -13.63014050 8.54374026 0.00000000
    endloop
  endfacet
  facet normal -0.97217005 -0.23427634 -0.00000000
    outer loop
      vertex -13.61892467 8.49719824 0.20000000
      vertex -13.63014050 8.54374026 0.00000000
      vertex -13.61892467 8.49719824 0.00000000
    endloop
  endfacet
  facet normal -0.97382476 -0.22730009 0.00000000
    outer loop
      vertex -13.63014050 8.54374026 0.20000000
      vertex -13.64102183 8.59035928 0.20000000
      vertex -13.64102183 8.59035928 0.00000000
    endloop
  endfacet
  facet normal -0.97382476 -0.22730009 -0.00000000
    outer loop
      vertex -13.63014050 8.54374026 0.20000000
      vertex -13.64102183 8.59035928 0.00000000
      vertex -13.63014050 8.54374026 0.00000000
    endloop
  endfacet
  facet normal -0.97542950 -0.22031179 0.00000000
    outer loop
      vertex -13.64102183 8.59035928 0.20000000
      vertex -13.65156862 8.63705513 0.20000000
      vertex -13.65156862 8.63705513 0.00000000
    endloop
  endfacet
  facet normal -0.97542950 -0.22031179 -0.00000000
    outer loop
      vertex -13.64102183 8.59035928 0.20000000
      vertex -13.65156862 8.63705513 0.00000000
      vertex -13.64102183 8.59035928 0.00000000
    endloop
  endfacet
  facet normal -0.97698401 -0.21331253 0.00000000
    outer loop
      vertex -13.65156862 8.63705513 0.20000000
      vertex -13.66178082 8.68382761 0.20000000
      vertex -13.66178082 8.68382761 0.00000000
    endloop
  endfacet
  facet normal -0.97698401 -0.21331253 -0.00000000
    outer loop
      vertex -13.65156862 8.63705513 0.20000000
      vertex -13.66178082 8.68382761 0.00000000
      vertex -13.65156862 8.63705513 0.00000000
    endloop
  endfacet
  facet normal -0.97848808 -0.20630338 0.00000000
    outer loop
      vertex -13.66178082 8.68382761 0.20000000
      vertex -13.67165839 8.73067652 0.20000000
      vertex -13.67165839 8.73067652 0.00000000
    endloop
  endfacet
  facet normal -0.97848808 -0.20630338 -0.00000000
    outer loop
      vertex -13.66178082 8.68382761 0.20000000
      vertex -13.67165839 8.73067652 0.00000000
      vertex -13.66178082 8.68382761 0.00000000
    endloop
  endfacet
  facet normal -0.97994148 -0.19928544 0.00000000
    outer loop
      vertex -13.67165839 8.73067652 0.20000000
      vertex -13.68120131 8.77760167 0.20000000
      vertex -13.68120131 8.77760167 0.00000000
    endloop
  endfacet
  facet normal -0.97994148 -0.19928544 -0.00000000
    outer loop
      vertex -13.67165839 8.73067652 0.20000000
      vertex -13.68120131 8.77760167 0.00000000
      vertex -13.67165839 8.73067652 0.00000000
    endloop
  endfacet
  facet normal -0.98134406 -0.19225979 0.00000000
    outer loop
      vertex -13.68120131 8.77760167 0.20000000
      vertex -13.69040953 8.82460286 0.20000000
      vertex -13.69040953 8.82460286 0.00000000
    endloop
  endfacet
  facet normal -0.98134406 -0.19225979 -0.00000000
    outer loop
      vertex -13.68120131 8.77760167 0.20000000
      vertex -13.69040953 8.82460286 0.00000000
      vertex -13.68120131 8.77760167 0.00000000
    endloop
  endfacet
  facet normal -0.98269566 -0.18522752 0.00000000
    outer loop
      vertex -13.69040953 8.82460286 0.20000000
      vertex -13.69928304 8.87167989 0.20000000
      vertex -13.69928304 8.87167989 0.00000000
    endloop
  endfacet
  facet normal -0.98269566 -0.18522752 -0.00000000
    outer loop
      vertex -13.69040953 8.82460286 0.20000000
      vertex -13.69928304 8.87167989 0.00000000
      vertex -13.69040953 8.82460286 0.00000000
    endloop
  endfacet
  facet normal -0.98399615 -0.17818974 0.00000000
    outer loop
      vertex -13.69928304 8.87167989 0.20000000
      vertex -13.70782182 8.91883256 0.20000000
      vertex -13.70782182 8.91883256 0.00000000
    endloop
  endfacet
  facet normal -0.98399615 -0.17818974 -0.00000000
    outer loop
      vertex -13.69928304 8.87167989 0.20000000
      vertex -13.70782182 8.91883256 0.00000000
      vertex -13.69928304 8.87167989 0.00000000
    endloop
  endfacet
  facet normal -0.98524541 -0.17114753 0.00000000
    outer loop
      vertex -13.70782182 8.91883256 0.20000000
      vertex -13.71602584 8.96606069 0.20000000
      vertex -13.71602584 8.96606069 0.00000000
    endloop
  endfacet
  facet normal -0.98524541 -0.17114753 -0.00000000
    outer loop
      vertex -13.70782182 8.91883256 0.20000000
      vertex -13.71602584 8.96606069 0.00000000
      vertex -13.70782182 8.91883256 0.00000000
    endloop
  endfacet
  facet normal -0.98644338 -0.16410198 0.00000000
    outer loop
      vertex -13.71602584 8.96606069 0.20000000
      vertex -13.72389510 9.01336407 0.20000000
      vertex -13.72389510 9.01336407 0.00000000
    endloop
  endfacet
  facet normal -0.98644338 -0.16410198 -0.00000000
    outer loop
      vertex -13.71602584 8.96606069 0.20000000
      vertex -13.72389510 9.01336407 0.00000000
      vertex -13.71602584 8.96606069 0.00000000
    endloop
  endfacet
  facet normal -0.98758998 -0.15705420 0.00000000
    outer loop
      vertex -13.72389510 9.01336407 0.20000000
      vertex -13.73142959 9.06074250 0.20000000
      vertex -13.73142959 9.06074250 0.00000000
    endloop
  endfacet
  facet normal -0.98758998 -0.15705420 -0.00000000
    outer loop
      vertex -13.72389510 9.01336407 0.20000000
      vertex -13.73142959 9.06074250 0.00000000
      vertex -13.72389510 9.01336407 0.00000000
    endloop
  endfacet
  facet normal -0.98868520 -0.15000527 0.00000000
    outer loop
      vertex -13.73142959 9.06074250 0.20000000
      vertex -13.73862930 9.10819580 0.20000000
      vertex -13.73862930 9.10819580 0.00000000
    endloop
  endfacet
  facet normal -0.98868520 -0.15000527 -0.00000000
    outer loop
      vertex -13.73142959 9.06074250 0.20000000
      vertex -13.73862930 9.10819580 0.00000000
      vertex -13.73142959 9.06074250 0.00000000
    endloop
  endfacet
  facet normal -0.98972900 -0.14295628 0.00000000
    outer loop
      vertex -13.73862930 9.10819580 0.20000000
      vertex -13.74549423 9.15572376 0.20000000
      vertex -13.74549423 9.15572376 0.00000000
    endloop
  endfacet
  facet normal -0.98972900 -0.14295628 -0.00000000
    outer loop
      vertex -13.73862930 9.10819580 0.20000000
      vertex -13.74549423 9.15572376 0.00000000
      vertex -13.73862930 9.10819580 0.00000000
    endloop
  endfacet
  facet normal -0.99072142 -0.13590832 0.00000000
    outer loop
      vertex -13.74549423 9.15572376 0.20000000
      vertex -13.75202438 9.20332618 0.20000000
      vertex -13.75202438 9.20332618 0.00000000
    endloop
  endfacet
  facet normal -0.99072142 -0.13590832 -0.00000000
    outer loop
      vertex -13.74549423 9.15572376 0.20000000
      vertex -13.75202438 9.20332618 0.00000000
      vertex -13.74549423 9.15572376 0.00000000
    endloop
  endfacet
  facet normal -0.99166247 -0.12886247 0.00000000
    outer loop
      vertex -13.75202438 9.20332618 0.20000000
      vertex -13.75821977 9.25100288 0.20000000
      vertex -13.75821977 9.25100288 0.00000000
    endloop
  endfacet
  facet normal -0.99166247 -0.12886247 -0.00000000
    outer loop
      vertex -13.75202438 9.20332618 0.20000000
      vertex -13.75821977 9.25100288 0.00000000
      vertex -13.75202438 9.20332618 0.00000000
    endloop
  endfacet
  facet normal -0.99255223 -0.12181981 0.00000000
    outer loop
      vertex -13.75821977 9.25100288 0.20000000
      vertex -13.76408041 9.29875367 0.20000000
      vertex -13.76408041 9.29875367 0.00000000
    endloop
  endfacet
  facet normal -0.99255223 -0.12181981 -0.00000000
    outer loop
      vertex -13.75821977 9.25100288 0.20000000
      vertex -13.76408041 9.29875367 0.00000000
      vertex -13.75821977 9.25100288 0.00000000
    endloop
  endfacet
  facet normal -0.99339077 -0.11478140 0.00000000
    outer loop
      vertex -13.76408041 9.29875367 0.20000000
      vertex -13.76956978 9.34626210 0.20000000
      vertex -13.76956978 9.34626210 0.00000000
    endloop
  endfacet
  facet normal -0.99339077 -0.11478140 -0.00000000
    outer loop
      vertex -13.76408041 9.29875367 0.20000000
      vertex -13.76956978 9.34626210 0.00000000
      vertex -13.76408041 9.29875367 0.00000000
    endloop
  endfacet
  facet normal -0.99379087 -0.11126412 0.00000000
    outer loop
      vertex -13.76956978 9.34626210 0.20000000
      vertex -13.84792054 10.04607682 0.20000000
      vertex -13.84792054 10.04607682 0.00000000
    endloop
  endfacet
  facet normal -0.99379087 -0.11126412 -0.00000000
    outer loop
      vertex -13.76956978 9.34626210 0.20000000
      vertex -13.84792054 10.04607682 0.00000000
      vertex -13.76956978 9.34626210 0.00000000
    endloop
  endfacet
  facet normal -0.99189959 -0.12702441 0.00000000
    outer loop
      vertex -13.84792054 10.04607682 0.20000000
      vertex -13.84989432 10.06148956 0.20000000
      vertex -13.84989432 10.06148956 0.00000000
    endloop
  endfacet
  facet normal -0.99189959 -0.12702441 -0.00000000
    outer loop
      vertex -13.84792054 10.04607682 0.20000000
      vertex -13.84989432 10.06148956 0.00000000
      vertex -13.84792054 10.04607682 0.00000000
    endloop
  endfacet
  facet normal -0.98712186 -0.15997009 0.00000000
    outer loop
      vertex -13.84989432 10.06148956 0.20000000
      vertex -13.85199883 10.07447581 0.20000000
      vertex -13.85199883 10.07447581 0.00000000
    endloop
  endfacet
  facet normal -0.98712186 -0.15997009 -0.00000000
    outer loop
      vertex -13.84989432 10.06148956 0.20000000
      vertex -13.85199883 10.07447581 0.00000000
      vertex -13.84989432 10.06148956 0.00000000
    endloop
  endfacet
  facet normal -0.98083088 -0.19486094 0.00000000
    outer loop
      vertex -13.85199883 10.07447581 0.20000000
      vertex -13.85436793 10.08640065 0.20000000
      vertex -13.85436793 10.08640065 0.00000000
    endloop
  endfacet
  facet normal -0.98083088 -0.19486094 -0.00000000
    outer loop
      vertex -13.85199883 10.07447581 0.20000000
      vertex -13.85436793 10.08640065 0.00000000
      vertex -13.85199883 10.07447581 0.00000000
    endloop
  endfacet
  facet normal -0.97278050 -0.23172850 0.00000000
    outer loop
      vertex -13.85436793 10.08640065 0.20000000
      vertex -13.85695508 10.09726134 0.20000000
      vertex -13.85695508 10.09726134 0.00000000
    endloop
  endfacet
  facet normal -0.97278050 -0.23172850 -0.00000000
    outer loop
      vertex -13.85436793 10.08640065 0.20000000
      vertex -13.85695508 10.09726134 0.00000000
      vertex -13.85436793 10.08640065 0.00000000
    endloop
  endfacet
  facet normal -0.96270021 -0.27057032 0.00000000
    outer loop
      vertex -13.85695508 10.09726134 0.20000000
      vertex -13.85970964 10.10706215 0.20000000
      vertex -13.85970964 10.10706215 0.00000000
    endloop
  endfacet
  facet normal -0.96270021 -0.27057032 -0.00000000
    outer loop
      vertex -13.85695508 10.09726134 0.20000000
      vertex -13.85970964 10.10706215 0.00000000
      vertex -13.85695508 10.09726134 0.00000000
    endloop
  endfacet
  facet normal -0.94343074 -0.33156966 0.00000000
    outer loop
      vertex -13.85970964 10.10706215 0.20000000
      vertex -13.86550378 10.12354848 0.20000000
      vertex -13.86550378 10.12354848 0.00000000
    endloop
  endfacet
  facet normal -0.94343074 -0.33156966 -0.00000000
    outer loop
      vertex -13.85970964 10.10706215 0.20000000
      vertex -13.86550378 10.12354848 0.00000000
      vertex -13.85970964 10.10706215 0.00000000
    endloop
  endfacet
  facet normal -0.90765604 -0.41971480 0.00000000
    outer loop
      vertex -13.86550378 10.12354848 0.20000000
      vertex -13.87131287 10.13611097 0.20000000
      vertex -13.87131287 10.13611097 0.00000000
    endloop
  endfacet
  facet normal -0.90765604 -0.41971480 -0.00000000
    outer loop
      vertex -13.86550378 10.12354848 0.20000000
      vertex -13.87131287 10.13611097 0.00000000
      vertex -13.86550378 10.12354848 0.00000000
    endloop
  endfacet
  facet normal -0.85849615 -0.51282001 0.00000000
    outer loop
      vertex -13.87131287 10.13611097 0.20000000
      vertex -13.87676113 10.14523173 0.20000000
      vertex -13.87676113 10.14523173 0.00000000
    endloop
  endfacet
  facet normal -0.85849615 -0.51282001 -0.00000000
    outer loop
      vertex -13.87131287 10.13611097 0.20000000
      vertex -13.87676113 10.14523173 0.00000000
      vertex -13.87131287 10.13611097 0.00000000
    endloop
  endfacet
  facet normal -0.77734929 -0.62906922 0.00000000
    outer loop
      vertex -13.87676113 10.14523173 0.20000000
      vertex -13.88392668 10.15408630 0.20000000
      vertex -13.88392668 10.15408630 0.00000000
    endloop
  endfacet
  facet normal -0.77734929 -0.62906922 -0.00000000
    outer loop
      vertex -13.87676113 10.14523173 0.20000000
      vertex -13.88392668 10.15408630 0.00000000
      vertex -13.87676113 10.14523173 0.00000000
    endloop
  endfacet
  facet normal -0.61951000 -0.78498876 0.00000000
    outer loop
      vertex -13.88392668 10.15408630 0.20000000
      vertex -13.89326082 10.16145277 0.20000000
      vertex -13.89326082 10.16145277 0.00000000
    endloop
  endfacet
  facet normal -0.61951000 -0.78498876 -0.00000000
    outer loop
      vertex -13.88392668 10.15408630 0.20000000
      vertex -13.89326082 10.16145277 0.00000000
      vertex -13.88392668 10.15408630 0.00000000
    endloop
  endfacet
  facet normal -0.43117586 -0.90226791 0.00000000
    outer loop
      vertex -13.89326082 10.16145277 0.20000000
      vertex -13.90353830 10.16636417 0.20000000
      vertex -13.90353830 10.16636417 0.00000000
    endloop
  endfacet
  facet normal -0.43117586 -0.90226791 -0.00000000
    outer loop
      vertex -13.89326082 10.16145277 0.20000000
      vertex -13.90353830 10.16636417 0.00000000
      vertex -13.89326082 10.16145277 0.00000000
    endloop
  endfacet
  facet normal -0.29925021 -0.95417468 0.00000000
    outer loop
      vertex -13.90353830 10.16636417 0.20000000
      vertex -13.91367556 10.16954344 0.20000000
      vertex -13.91367556 10.16954344 0.00000000
    endloop
  endfacet
  facet normal -0.29925021 -0.95417468 -0.00000000
    outer loop
      vertex -13.90353830 10.16636417 0.20000000
      vertex -13.91367556 10.16954344 0.00000000
      vertex -13.90353830 10.16636417 0.00000000
    endloop
  endfacet
  facet normal -0.19726904 -0.98034939 0.00000000
    outer loop
      vertex -13.91367556 10.16954344 0.20000000
      vertex -13.92724417 10.17227376 0.20000000
      vertex -13.92724417 10.17227376 0.00000000
    endloop
  endfacet
  facet normal -0.19726904 -0.98034939 -0.00000000
    outer loop
      vertex -13.91367556 10.16954344 0.20000000
      vertex -13.92724417 10.17227376 0.00000000
      vertex -13.91367556 10.16954344 0.00000000
    endloop
  endfacet
  facet normal -0.10322303 -0.99465824 0.00000000
    outer loop
      vertex -13.92724417 10.17227376 0.20000000
      vertex -13.94462569 10.17407757 0.20000000
      vertex -13.94462569 10.17407757 0.00000000
    endloop
  endfacet
  facet normal -0.10322303 -0.99465824 -0.00000000
    outer loop
      vertex -13.92724417 10.17227376 0.20000000
      vertex -13.94462569 10.17407757 0.00000000
      vertex -13.92724417 10.17227376 0.00000000
    endloop
  endfacet
  facet normal -0.03941553 -0.99922291 0.00000000
    outer loop
      vertex -13.94462569 10.17407757 0.20000000
      vertex -13.95479833 10.17447884 0.20000000
      vertex -13.95479833 10.17447884 0.00000000
    endloop
  endfacet
  facet normal -0.03941553 -0.99922291 -0.00000000
    outer loop
      vertex -13.94462569 10.17407757 0.20000000
      vertex -13.95479833 10.17447884 0.00000000
      vertex -13.94462569 10.17407757 0.00000000
    endloop
  endfacet
  facet normal 0.00070548 -0.99999975 0.00000000
    outer loop
      vertex -13.95479833 10.17447884 0.20000000
      vertex -13.96596291 10.17447096 0.20000000
      vertex -13.96596291 10.17447096 0.00000000
    endloop
  endfacet
  facet normal 0.00070548 -0.99999975 0.00000000
    outer loop
      vertex -13.95479833 10.17447884 0.20000000
      vertex -13.96596291 10.17447096 0.00000000
      vertex -13.95479833 10.17447884 0.00000000
    endloop
  endfacet
  facet normal 0.03843451 -0.99926112 0.00000000
    outer loop
      vertex -13.96596291 10.17447096 0.20000000
      vertex -13.97811183 10.17400368 0.20000000
      vertex -13.97811183 10.17400368 0.00000000
    endloop
  endfacet
  facet normal 0.03843451 -0.99926112 0.00000000
    outer loop
      vertex -13.96596291 10.17447096 0.20000000
      vertex -13.97811183 10.17400368 0.00000000
      vertex -13.96596291 10.17447096 0.00000000
    endloop
  endfacet
  facet normal 0.07383205 -0.99727069 0.00000000
    outer loop
      vertex -13.97811183 10.17400368 0.20000000
      vertex -13.99123159 10.17303237 0.20000000
      vertex -13.99123159 10.17303237 0.00000000
    endloop
  endfacet
  facet normal 0.07383205 -0.99727069 0.00000000
    outer loop
      vertex -13.97811183 10.17400368 0.20000000
      vertex -13.99123159 10.17303237 0.00000000
      vertex -13.97811183 10.17400368 0.00000000
    endloop
  endfacet
  facet normal 0.10698599 -0.99426053 0.00000000
    outer loop
      vertex -13.99123159 10.17303237 0.20000000
      vertex -14.00668102 10.17136995 0.20000000
      vertex -14.00668102 10.17136995 0.00000000
    endloop
  endfacet
  facet normal 0.10698599 -0.99426053 0.00000000
    outer loop
      vertex -13.99123159 10.17303237 0.20000000
      vertex -14.00668102 10.17136995 0.00000000
      vertex -13.99123159 10.17303237 0.00000000
    endloop
  endfacet
  facet normal 0.12275427 -0.99243710 0.00000000
    outer loop
      vertex -14.00668102 10.17136995 0.20000000
      vertex -14.07541337 10.16286847 0.20000000
      vertex -14.07541337 10.16286847 0.00000000
    endloop
  endfacet
  facet normal 0.12275427 -0.99243710 0.00000000
    outer loop
      vertex -14.00668102 10.17136995 0.20000000
      vertex -14.07541337 10.16286847 0.00000000
      vertex -14.00668102 10.17136995 0.00000000
    endloop
  endfacet
  facet normal 0.13848997 -0.99036384 0.00000000
    outer loop
      vertex -14.07541337 10.16286847 0.20000000
      vertex -14.09080771 10.16071576 0.20000000
      vertex -14.09080771 10.16071576 0.00000000
    endloop
  endfacet
  facet normal 0.13848997 -0.99036384 0.00000000
    outer loop
      vertex -14.07541337 10.16286847 0.20000000
      vertex -14.09080771 10.16071576 0.00000000
      vertex -14.07541337 10.16286847 0.00000000
    endloop
  endfacet
  facet normal 0.17135721 -0.98520897 0.00000000
    outer loop
      vertex -14.09080771 10.16071576 0.20000000
      vertex -14.10378519 10.15845859 0.20000000
      vertex -14.10378519 10.15845859 0.00000000
    endloop
  endfacet
  facet normal 0.17135721 -0.98520897 0.00000000
    outer loop
      vertex -14.09080771 10.16071576 0.20000000
      vertex -14.10378519 10.15845859 0.00000000
      vertex -14.09080771 10.16071576 0.00000000
    endloop
  endfacet
  facet normal 0.20612517 -0.97852563 0.00000000
    outer loop
      vertex -14.10378519 10.15845859 0.20000000
      vertex -14.11571031 10.15594658 0.20000000
      vertex -14.11571031 10.15594658 0.00000000
    endloop
  endfacet
  facet normal 0.20612517 -0.97852563 0.00000000
    outer loop
      vertex -14.10378519 10.15845859 0.20000000
      vertex -14.11571031 10.15594658 0.00000000
      vertex -14.10378519 10.15845859 0.00000000
    endloop
  endfacet
  facet normal 0.24281852 -0.97007173 0.00000000
    outer loop
      vertex -14.11571031 10.15594658 0.20000000
      vertex -14.12658156 10.15322540 0.20000000
      vertex -14.12658156 10.15322540 0.00000000
    endloop
  endfacet
  facet normal 0.24281852 -0.97007173 0.00000000
    outer loop
      vertex -14.11571031 10.15594658 0.20000000
      vertex -14.12658156 10.15322540 0.00000000
      vertex -14.11571031 10.15594658 0.00000000
    endloop
  endfacet
  facet normal 0.28142791 -0.95958237 0.00000000
    outer loop
      vertex -14.12658156 10.15322540 0.20000000
      vertex -14.13640445 10.15034453 0.20000000
      vertex -14.13640445 10.15034453 0.00000000
    endloop
  endfacet
  facet normal 0.28142791 -0.95958237 0.00000000
    outer loop
      vertex -14.12658156 10.15322540 0.20000000
      vertex -14.13640445 10.15034453 0.00000000
      vertex -14.12658156 10.15322540 0.00000000
    endloop
  endfacet
  facet normal 0.34198684 -0.93970474 0.00000000
    outer loop
      vertex -14.13640445 10.15034453 0.20000000
      vertex -14.15297369 10.14431448 0.20000000
      vertex -14.15297369 10.14431448 0.00000000
    endloop
  endfacet
  facet normal 0.34198684 -0.93970474 0.00000000
    outer loop
      vertex -14.13640445 10.15034453 0.20000000
      vertex -14.15297369 10.14431448 0.00000000
      vertex -14.13640445 10.15034453 0.00000000
    endloop
  endfacet
  facet normal 0.42927238 -0.90317508 0.00000000
    outer loop
      vertex -14.15297369 10.14431448 0.20000000
      vertex -14.16567466 10.13827781 0.20000000
      vertex -14.16567466 10.13827781 0.00000000
    endloop
  endfacet
  facet normal 0.42927238 -0.90317508 0.00000000
    outer loop
      vertex -14.15297369 10.14431448 0.20000000
      vertex -14.16567466 10.13827781 0.00000000
      vertex -14.15297369 10.14431448 0.00000000
    endloop
  endfacet
  facet normal 0.52122827 -0.85341730 0.00000000
    outer loop
      vertex -14.16567466 10.13827781 0.20000000
      vertex -14.17498647 10.13259057 0.20000000
      vertex -14.17498647 10.13259057 0.00000000
    endloop
  endfacet
  facet normal 0.52122827 -0.85341730 0.00000000
    outer loop
      vertex -14.16567466 10.13827781 0.20000000
      vertex -14.17498647 10.13259057 0.00000000
      vertex -14.16567466 10.13827781 0.00000000
    endloop
  endfacet
  facet normal 0.63587930 -0.77178852 0.00000000
    outer loop
      vertex -14.17498647 10.13259057 0.20000000
      vertex -14.18418982 10.12500790 0.20000000
      vertex -14.18418982 10.12500790 0.00000000
    endloop
  endfacet
  facet normal 0.63587930 -0.77178852 0.00000000
    outer loop
      vertex -14.17498647 10.13259057 0.20000000
      vertex -14.18418982 10.12500790 0.00000000
      vertex -14.17498647 10.13259057 0.00000000
    endloop
  endfacet
  facet normal 0.78877591 -0.61468087 0.00000000
    outer loop
      vertex -14.18418982 10.12500790 0.20000000
      vertex -14.19198597 10.11500367 0.20000000
      vertex -14.19198597 10.11500367 0.00000000
    endloop
  endfacet
  facet normal 0.78877591 -0.61468087 0.00000000
    outer loop
      vertex -14.18418982 10.12500790 0.20000000
      vertex -14.19198597 10.11500367 0.00000000
      vertex -14.18418982 10.12500790 0.00000000
    endloop
  endfacet
  facet normal 0.90376380 -0.42803154 0.00000000
    outer loop
      vertex -14.19198597 10.11500367 0.20000000
      vertex -14.19709011 10.10422656 0.20000000
      vertex -14.19709011 10.10422656 0.00000000
    endloop
  endfacet
  facet normal 0.90376380 -0.42803154 0.00000000
    outer loop
      vertex -14.19198597 10.11500367 0.20000000
      vertex -14.19709011 10.10422656 0.00000000
      vertex -14.19198597 10.11500367 0.00000000
    endloop
  endfacet
  facet normal 0.95490524 -0.29691072 0.00000000
    outer loop
      vertex -14.19709011 10.10422656 0.20000000
      vertex -14.20032977 10.09380738 0.20000000
      vertex -14.20032977 10.09380738 0.00000000
    endloop
  endfacet
  facet normal 0.95490524 -0.29691072 0.00000000
    outer loop
      vertex -14.19709011 10.10422656 0.20000000
      vertex -14.20032977 10.09380738 0.00000000
      vertex -14.19709011 10.10422656 0.00000000
    endloop
  endfacet
  facet normal 0.98068688 -0.19558437 0.00000000
    outer loop
      vertex -14.20032977 10.09380738 0.20000000
      vertex -14.20308019 10.08001640 0.20000000
      vertex -14.20308019 10.08001640 0.00000000
    endloop
  endfacet
  facet normal 0.98068688 -0.19558437 0.00000000
    outer loop
      vertex -14.20032977 10.09380738 0.20000000
      vertex -14.20308019 10.08001640 0.00000000
      vertex -14.20032977 10.09380738 0.00000000
    endloop
  endfacet
  facet normal 0.99478246 -0.10201890 0.00000000
    outer loop
      vertex -14.20308019 10.08001640 0.20000000
      vertex -14.20487903 10.06247601 0.20000000
      vertex -14.20487903 10.06247601 0.00000000
    endloop
  endfacet
  facet normal 0.99478246 -0.10201890 0.00000000
    outer loop
      vertex -14.20308019 10.08001640 0.20000000
      vertex -14.20487903 10.06247601 0.00000000
      vertex -14.20308019 10.08001640 0.00000000
    endloop
  endfacet
  facet normal 0.99926096 -0.03843866 0.00000000
    outer loop
      vertex -14.20487903 10.06247601 0.20000000
      vertex -14.20527251 10.05224695 0.20000000
      vertex -14.20527251 10.05224695 0.00000000
    endloop
  endfacet
  facet normal 0.99926096 -0.03843866 0.00000000
    outer loop
      vertex -14.20487903 10.06247601 0.20000000
      vertex -14.20527251 10.05224695 0.00000000
      vertex -14.20487903 10.06247601 0.00000000
    endloop
  endfacet
  facet normal 0.99999878 0.00156343 0.00000000
    outer loop
      vertex -14.20527251 10.05224695 0.20000000
      vertex -14.20525499 10.04104031 0.20000000
      vertex -14.20525499 10.04104031 0.00000000
    endloop
  endfacet
  facet normal 0.99999878 0.00156343 0.00000000
    outer loop
      vertex -14.20527251 10.05224695 0.20000000
      vertex -14.20525499 10.04104031 0.00000000
      vertex -14.20527251 10.05224695 0.00000000
    endloop
  endfacet
  facet normal 0.99923098 0.03921022 0.00000000
    outer loop
      vertex -14.20525499 10.04104031 0.20000000
      vertex -14.20477714 10.02886286 0.20000000
      vertex -14.20477714 10.02886286 0.00000000
    endloop
  endfacet
  facet normal 0.99923098 0.03921022 0.00000000
    outer loop
      vertex -14.20525499 10.04104031 0.20000000
      vertex -14.20477714 10.02886286 0.00000000
      vertex -14.20525499 10.04104031 0.00000000
    endloop
  endfacet
  facet normal 0.99721673 0.07455737 0.00000000
    outer loop
      vertex -14.20477714 10.02886286 0.20000000
      vertex -14.20379505 10.01572721 0.20000000
      vertex -14.20379505 10.01572721 0.00000000
    endloop
  endfacet
  facet normal 0.99721673 0.07455737 0.00000000
    outer loop
      vertex -14.20477714 10.02886286 0.20000000
      vertex -14.20379505 10.01572721 0.00000000
      vertex -14.20477714 10.02886286 0.00000000
    endloop
  endfacet
  facet normal 0.99418474 0.10768795 0.00000000
    outer loop
      vertex -14.20379505 10.01572721 0.20000000
      vertex -14.20212113 10.00027348 0.20000000
      vertex -14.20212113 10.00027348 0.00000000
    endloop
  endfacet
  facet normal 0.99418474 0.10768795 0.00000000
    outer loop
      vertex -14.20379505 10.01572721 0.20000000
      vertex -14.20212113 10.00027348 0.00000000
      vertex -14.20379505 10.01572721 0.00000000
    endloop
  endfacet
  facet normal 0.99235039 0.12345328 0.00000000
    outer loop
      vertex -14.20212113 10.00027348 0.20000000
      vertex -12.37862022 -4.65751328 0.20000000
      vertex -12.37862022 -4.65751328 0.00000000
    endloop
  endfacet
  facet normal 0.99235039 0.12345328 0.00000000
    outer loop
      vertex -14.20212113 10.00027348 0.20000000
      vertex -12.37862022 -4.65751328 0.00000000
      vertex -14.20212113 10.00027348 0.00000000
    endloop
  endfacet
  facet normal 0.00000000 0.00000000 -1.00000000
    outer loop
      vertex -12.32359142 -5.04901732 0.20000000
      vertex -12.37862022 -4.65751328 0.20000000
      vertex -14.20212113 10.00027348 0.20000000
    endloop
  endfacet
  facet normal 0.00000000 0.00000000 -1.00000000
    outer loop
      vertex -12.25800338 -5.42449164 0.20000000
      vertex -12.32359142 -5.04901732 0.20000000
      vertex -14.20212113 10.00027348 0.20000000
    endloop
  endfacet
  facet normal 0.00000000 0.00000000 -1.00000000
    outer loop
      vertex -12.18170554 -5.78529954 0.20000000
      vertex -12.25800338 -5.42449164 0.20000000
      vertex -14.20212113 10.00027348 0.20000000
    endloop
  endfacet
  facet normal 0.00000000 0.00000000 -1.00000000
    outer loop
      vertex -12.09474453 -6.13143877 0.20000000
      vertex -12.18170554 -5.78529954 0.20000000
      vertex -14.20212113 10.00027348 0.20000000
    endloop
  endfacet
  facet normal 0.00000000 0.00000000 -1.00000000
    outer loop
      vertex -11.99717101 -6.46291420 0.20000000
      vertex -12.09474453 -6.13143877 0.20000000
      vertex -14.20212113 10.00027348 0.20000000
    endloop
  endfacet
  facet normal 0.00000000 0.00000000 -1.00000000
    outer loop
      vertex -11.88903876 -6.77973977 0.20000000
      vertex -11.99717101 -6.46291420 0.20000000
      vertex -14.20212113 10.00027348 0.20000000
    endloop
  endfacet
  facet normal 0.00000000 0.00000000 -1.00000000
    outer loop
      vertex -11.77040316 -7.08194055 0.20000000
      vertex -11.88903876 -6.77973977 0.20000000
      vertex -14.20212113 10.00027348 0.20000000
    endloop
  endfacet
  facet normal 0.00000000 0.00000000 -1.00000000
    outer loop
      vertex -11.64131893 -7.36955472 0.20000000
      vertex -11.77040316 -7.08194055 0.20000000
      vertex -14.20212113 10.00027348 0.20000000
    endloop
  endfacet
  facet normal 0.00000000 0.00000000 -1.00000000
    outer loop
      vertex -11.50183714 -7.64263524 0.20000000
      vertex -11.64131893 -7.36955472 0.20000000
      vertex -14.20212113 10.00027348 0.20000000
    endloop
  endfacet
  facet normal 0.00000000 0.00000000 -1.00000000
    outer loop
      vertex -11.35200144 -7.90125073 0.20000000
      vertex -11.50183714 -7.64263524 0.20000000
      vertex -14.20212113 10.00027348 0.20000000
    endloop
  endfacet
  facet normal 0.00000000 0.00000000 -1.00000000
    outer loop
      vertex -11.19184370 -8.14548541 0.20000000
      vertex -11.35200144 -7.90125073 0.20000000
      vertex -14.20212113 10.00027348 0.20000000
    endloop
  endfacet
  facet normal 0.00000000 0.00000000 -1.00000000
    outer loop
      vertex -11.02137951 -8.37543747 0.20000000
      vertex -11.19184370 -8.14548541 0.20000000
      vertex -14.20212113 10.00027348 0.20000000
    endloop
  endfacet
  facet normal 0.00000000 0.00000000 -1.00000000
    outer loop
      vertex -10.84060397 -8.59121586 0.20000000
      vertex -11.02137951 -8.37543747 0.20000000
      vertex -14.20212113 10.00027348 0.20000000
    endloop
  endfacet
  facet normal 0.00000000 0.00000000 -1.00000000
    outer loop
      vertex -10.64948856 -8.79293526 0.20000000
      vertex -10.84060397 -8.59121586 0.20000000
      vertex -14.20212113 10.00027348 0.20000000
    endloop
  endfacet
  facet normal 0.00000000 0.00000000 -1.00000000
    outer loop
      vertex -10.44797973 -8.98070985 0.20000000
      vertex -10.64948856 -8.79293526 0.20000000
      vertex -14.20212113 10.00027348 0.20000000
    endloop
  endfacet
  facet normal 0.00000000 0.00000000 -1.00000000
    outer loop
      vertex -10.23599968 -9.15464614 0.20000000
      vertex -10.44797973 -8.98070985 0.20000000
      vertex -14.20212113 10.00027348 0.20000000
    endloop
  endfacet
  facet normal 0.00000000 0.00000000 -1.00000000
    outer loop
      vertex -10.01344963 -9.31483619 0.20000000
      vertex -10.23599968 -9.15464614 0.20000000
      vertex -14.20212113 10.00027348 0.20000000
    endloop
  endfacet
  facet normal 0.00000000 0.00000000 -1.00000000
    outer loop
      vertex -9.78021526 -9.46135182 0.20000000
      vertex -10.01344963 -9.31483619 0.20000000
      vertex -14.20212113 10.00027348 0.20000000
    endloop
  endfacet
  facet normal 0.00000000 0.00000000 -1.00000000
    outer loop
      vertex -9.53617361 -9.59424084 0.20000000
      vertex -9.78021526 -9.46135182 0.20000000
      vertex -14.20212113 10.00027348 0.20000000
    endloop
  endfacet
  facet normal 0.00000000 0.00000000 -1.00000000
    outer loop
      vertex -9.28120061 -9.71352570 0.20000000
      vertex -9.53617361 -9.59424084 0.20000000
      vertex -14.20212113 10.00027348 0.20000000
    endloop
  endfacet
  facet normal 0.00000000 0.00000000 -1.00000000
    outer loop
      vertex -9.01517809 -9.81920450 0.20000000
      vertex -9.28120061 -9.71352570 0.20000000
      vertex -14.20212113 10.00027348 0.20000000
    endloop
  endfacet
  facet normal 0.00000000 0.00000000 -1.00000000
    outer loop
      vertex -8.73799949 -9.91125398 0.20000000
      vertex -9.01517809 -9.81920450 0.20000000
      vertex -14.20212113 10.00027348 0.20000000
    endloop
  endfacet
  facet normal 0.00000000 0.00000000 -1.00000000
    outer loop
      vertex -8.44957393 -9.98963387 0.20000000
      vertex -8.73799949 -9.91125398 0.20000000
      vertex -14.20212113 10.00027348 0.20000000
    endloop
  endfacet
  facet normal 0.00000000 0.00000000 -1.00000000
    outer loop
      vertex -8.14982821 -10.05429171 0.20000000
      vertex -8.44957393 -9.98963387 0.20000000
      vertex -14.20212113 10.00027348 0.20000000
    endloop
  endfacet
  facet normal 0.00000000 0.00000000 -1.00000000
    outer loop
      vertex -7.83870720 -10.10516771 0.20000000
      vertex -8.14982821 -10.05429171 0.20000000
      vertex -14.20212113 10.00027348 0.20000000
    endloop
  endfacet
  facet normal 0.00000000 0.00000000 -1.00000000
    outer loop
      vertex -7.51617284 -10.14219891 0.20000000
      vertex -7.83870720 -10.10516771 0.20000000
      vertex -14.20212113 10.00027348 0.20000000
    endloop
  endfacet
  facet normal 0.00000000 0.00000000 -1.00000000
    outer loop
      vertex -7.18220230 -10.16532260 0.20000000
      vertex -7.51617284 -10.14219891 0.20000000
      vertex -14.20212113 10.00027348 0.20000000
    endloop
  endfacet
  facet normal -0.00000000 0.00000000 -1.00000000
    outer loop
      vertex -6.47992300 -10.16961206 0.20000000
      vertex -6.83678557 -10.17447884 0.20000000
      vertex -7.18220230 -10.16532260 0.20000000
    endloop
  endfacet
  facet normal 0.00000000 0.00000000 -1.00000000
    outer loop
      vertex -6.11162289 -10.15067205 0.20000000
      vertex -6.47992300 -10.16961206 0.20000000
      vertex -7.18220230 -10.16532260 0.20000000
    endloop
  endfacet
  facet normal 0.00000000 0.00000000 -1.00000000
    outer loop
      vertex -5.73189937 -10.11761433 0.20000000
      vertex -6.11162289 -10.15067205 0.20000000
      vertex -7.18220230 -10.16532260 0.20000000
    endloop
  endfacet
  facet normal 0.00000000 0.00000000 -1.00000000
    outer loop
      vertex -5.33939624 -10.07023423 0.20000000
      vertex -5.73189937 -10.11761433 0.20000000
      vertex -7.18220230 -10.16532260 0.20000000
    endloop
  endfacet
  facet normal 0.00000000 0.00000000 -1.00000000
    outer loop
      vertex 0.44711081 -9.27835171 0.20000000
      vertex -5.33939624 -10.07023423 0.20000000
      vertex -7.18220230 -10.16532260 0.20000000
    endloop
  endfacet
  facet normal 0.00000000 0.00000000 -1.00000000
    outer loop
      vertex 0.57680044 -9.26043060 0.20000000
      vertex 0.44711081 -9.27835171 0.20000000
      vertex -7.18220230 -10.16532260 0.20000000
    endloop
  endfacet
  facet normal 0.00000000 0.00000000 -1.00000000
    outer loop
      vertex 0.70631244 -9.24218808 0.20000000
      vertex 0.57680044 -9.26043060 0.20000000
      vertex -7.18220230 -10.16532260 0.20000000
    endloop
  endfacet
  facet normal 0.00000000 0.00000000 -1.00000000
    outer loop
      vertex 0.83576358 -9.22360799 0.20000000
      vertex 0.70631244 -9.24218808 0.20000000
      vertex -7.18220230 -10.16532260 0.20000000
    endloop
  endfacet
  facet normal 0.00000000 0.00000000 -1.00000000
    outer loop
      vertex 0.96515387 -9.20469035 0.20000000
      vertex 0.83576358 -9.22360799 0.20000000
      vertex -7.18220230 -10.16532260 0.20000000
    endloop
  endfacet
  facet normal 0.00000000 0.00000000 -1.00000000
    outer loop
      vertex 1.09448333 -9.18543515 0.20000000
      vertex 0.96515387 -9.20469035 0.20000000
      vertex -7.18220230 -10.16532260 0.20000000
    endloop
  endfacet
  facet normal 0.00000000 0.00000000 -1.00000000
    outer loop
      vertex 1.22375196 -9.16584239 0.20000000
      vertex 1.09448333 -9.18543515 0.20000000
      vertex -7.18220230 -10.16532260 0.20000000
    endloop
  endfacet
  facet normal 0.00000000 0.00000000 -1.00000000
    outer loop
      vertex 1.35295977 -9.14591207 0.20000000
      vertex 1.22375196 -9.16584239 0.20000000
      vertex -7.18220230 -10.16532260 0.20000000
    endloop
  endfacet
  facet normal 0.00000000 0.00000000 -1.00000000
    outer loop
      vertex 1.48210678 -9.12564418 0.20000000
      vertex 1.35295977 -9.14591207 0.20000000
      vertex -7.18220230 -10.16532260 0.20000000
    endloop
  endfacet
  facet normal 0.00000000 0.00000000 -1.00000000
    outer loop
      vertex 1.61119298 -9.10503874 0.20000000
      vertex 1.48210678 -9.12564418 0.20000000
      vertex -7.18220230 -10.16532260 0.20000000
    endloop
  endfacet
  facet normal 0.00000000 0.00000000 -1.00000000
    outer loop
      vertex 1.74021840 -9.08409572 0.20000000
      vertex 1.61119298 -9.10503874 0.20000000
      vertex -7.18220230 -10.16532260 0.20000000
    endloop
  endfacet
  facet normal 0.00000000 0.00000000 -1.00000000
    outer loop
      vertex 1.86918304 -9.06281515 0.20000000
      vertex 1.74021840 -9.08409572 0.20000000
      vertex -7.18220230 -10.16532260 0.20000000
    endloop
  endfacet
  facet normal 0.00000000 0.00000000 -1.00000000
    outer loop
      vertex 1.99808691 -9.04119700 0.20000000
      vertex 1.86918304 -9.06281515 0.20000000
      vertex -7.18220230 -10.16532260 0.20000000
    endloop
  endfacet
  facet normal 0.00000000 0.00000000 -1.00000000
    outer loop
      vertex 2.12693002 -9.01924129 0.20000000
      vertex 1.99808691 -9.04119700 0.20000000
      vertex -7.18220230 -10.16532260 0.20000000
    endloop
  endfacet
  facet normal 0.00000000 0.00000000 -1.00000000
    outer loop
      vertex 2.25571239 -8.99694801 0.20000000
      vertex 2.12693002 -9.01924129 0.20000000
      vertex -7.18220230 -10.16532260 0.20000000
    endloop
  endfacet
  facet normal 0.00000000 0.00000000 -1.00000000
    outer loop
      vertex 2.38443401 -8.97431716 0.20000000
      vertex 2.25571239 -8.99694801 0.20000000
      vertex -7.18220230 -10.16532260 0.20000000
    endloop
  endfacet
  facet normal 0.00000000 0.00000000 -1.00000000
    outer loop
      vertex 2.51309490 -8.95134873 0.20000000
      vertex 2.38443401 -8.97431716 0.20000000
      vertex -7.18220230 -10.16532260 0.20000000
    endloop
  endfacet
  facet normal 0.00000000 0.00000000 -1.00000000
    outer loop
      vertex 2.64169507 -8.92804273 0.20000000
      vertex 2.51309490 -8.95134873 0.20000000
      vertex -7.18220230 -10.16532260 0.20000000
    endloop
  endfacet
  facet normal 0.00000000 0.00000000 -1.00000000
    outer loop
      vertex 2.77023453 -8.90439915 0.20000000
      vertex 2.64169507 -8.92804273 0.20000000
      vertex -7.18220230 -10.16532260 0.20000000
    endloop
  endfacet
  facet normal 0.00000000 0.00000000 -1.00000000
    outer loop
      vertex 2.89871329 -8.88041800 0.20000000
      vertex 2.77023453 -8.90439915 0.20000000
      vertex -7.18220230 -10.16532260 0.20000000
    endloop
  endfacet
  facet normal 0.00000000 0.00000000 -1.00000000
    outer loop
      vertex 3.02713136 -8.85609926 0.20000000
      vertex 2.89871329 -8.88041800 0.20000000
      vertex -7.18220230 -10.16532260 0.20000000
    endloop
  endfacet
  facet normal 0.00000000 0.00000000 -1.00000000
    outer loop
      vertex 3.15548874 -8.83144294 0.20000000
      vertex 3.02713136 -8.85609926 0.20000000
      vertex -7.18220230 -10.16532260 0.20000000
    endloop
  endfacet
  facet normal 0.00000000 0.00000000 -1.00000000
    outer loop
      vertex 3.28378546 -8.80644904 0.20000000
      vertex 3.15548874 -8.83144294 0.20000000
      vertex -7.18220230 -10.16532260 0.20000000
    endloop
  endfacet
  facet normal 0.00000000 0.00000000 -1.00000000
    outer loop
      vertex 3.41202150 -8.78111755 0.20000000
      vertex 3.28378546 -8.80644904 0.20000000
      vertex -7.18220230 -10.16532260 0.20000000
    endloop
  endfacet
  facet normal 0.00000000 0.00000000 -1.00000000
    outer loop
      vertex 3.54019690 -8.75544848 0.20000000
      vertex 3.41202150 -8.78111755 0.20000000
      vertex -7.18220230 -10.16532260 0.20000000
    endloop
  endfacet
  facet normal 0.00000000 0.00000000 -1.00000000
    outer loop
      vertex 3.66831165 -8.72944181 0.20000000
      vertex 3.54019690 -8.75544848 0.20000000
      vertex -7.18220230 -10.16532260 0.20000000
    endloop
  endfacet
  facet normal 0.00000000 0.00000000 -1.00000000
    outer loop
      vertex 3.79636576 -8.70309755 0.20000000
      vertex 3.66831165 -8.72944181 0.20000000
      vertex -7.18220230 -10.16532260 0.20000000
    endloop
  endfacet
  facet normal 0.00000000 0.00000000 -1.00000000
    outer loop
      vertex 3.92435925 -8.67641569 0.20000000
      vertex 3.79636576 -8.70309755 0.20000000
      vertex -7.18220230 -10.16532260 0.20000000
    endloop
  endfacet
  facet normal 0.00000000 0.00000000 -1.00000000
    outer loop
      vertex 4.05229213 -8.64939624 0.20000000
      vertex 3.92435925 -8.67641569 0.20000000
      vertex -7.18220230 -10.16532260 0.20000000
    endloop
  endfacet
  facet normal 0.00000000 0.00000000 -1.00000000
    outer loop
      vertex 4.18016440 -8.62203918 0.20000000
      vertex 4.05229213 -8.64939624 0.20000000
      vertex -7.18220230 -10.16532260 0.20000000
    endloop
  endfacet
  facet normal 0.00000000 0.00000000 -1.00000000
    outer loop
      vertex 4.30797607 -8.59434453 0.20000000
      vertex 4.18016440 -8.62203918 0.20000000
      vertex -7.18220230 -10.16532260 0.20000000
    endloop
  endfacet
  facet normal 0.00000000 0.00000000 -1.00000000
    outer loop
      vertex 4.43572715 -8.56631226 0.20000000
      vertex 4.30797607 -8.59434453 0.20000000
      vertex -7.18220230 -10.16532260 0.20000000
    endloop
  endfacet
  facet normal 0.00000000 0.00000000 -1.00000000
    outer loop
      vertex 4.56353273 -8.53791682 0.20000000
      vertex 4.43572715 -8.56631226 0.20000000
      vertex -7.18220230 -10.16532260 0.20000000
    endloop
  endfacet
  facet normal 0.00000000 0.00000000 -1.00000000
    outer loop
      vertex 10.28473806 -7.25893075 0.20000000
      vertex 4.56353273 -8.53791682 0.20000000
      vertex -7.18220230 -10.16532260 0.20000000
    endloop
  endfacet
  facet normal 0.00000000 0.00000000 -1.00000000
    outer loop
      vertex 10.33450094 -7.24698480 0.20000000
      vertex 10.28473806 -7.25893075 0.20000000
      vertex -7.18220230 -10.16532260 0.20000000
    endloop
  endfacet
  facet normal 0.00000000 0.00000000 -1.00000000
    outer loop
      vertex 10.38083342 -7.23425170 0.20000000
      vertex 10.33450094 -7.24698480 0.20000000
      vertex -7.18220230 -10.16532260 0.20000000
    endloop
  endfacet
  facet normal 0.00000000 0.00000000 -1.00000000
    outer loop
      vertex 10.42507463 -7.22044265 0.20000000
      vertex 10.38083342 -7.23425170 0.20000000
      vertex -7.18220230 -10.16532260 0.20000000
    endloop
  endfacet
  facet normal 0.00000000 0.00000000 -1.00000000
    outer loop
      vertex 10.46723364 -7.20559081 0.20000000
      vertex 10.42507463 -7.22044265 0.20000000
      vertex -7.18220230 -10.16532260 0.20000000
    endloop
  endfacet
  facet normal 0.00000000 0.00000000 -1.00000000
    outer loop
      vertex 10.50732533 -7.18973020 0.20000000
      vertex 10.46723364 -7.20559081 0.20000000
      vertex -7.18220230 -10.16532260 0.20000000
    endloop
  endfacet
  facet normal 0.00000000 0.00000000 -1.00000000
    outer loop
      vertex 10.54537128 -7.17289471 0.20000000
      vertex 10.50732533 -7.18973020 0.20000000
      vertex -7.18220230 -10.16532260 0.20000000
    endloop
  endfacet
  facet normal 0.00000000 0.00000000 -1.00000000
    outer loop
      vertex 10.58140054 -7.15511683 0.20000000
      vertex 10.54537128 -7.17289471 0.20000000
      vertex -7.18220230 -10.16532260 0.20000000
    endloop
  endfacet
  facet normal 0.00000000 0.00000000 -1.00000000
    outer loop
      vertex 10.61545021 -7.13642612 0.20000000
      vertex 10.58140054 -7.15511683 0.20000000
      vertex -7.18220230 -10.16532260 0.20000000
    endloop
  endfacet
  facet normal 0.00000000 0.00000000 -1.00000000
    outer loop
      vertex 10.64756570 -7.11684736 0.20000000
      vertex 10.61545021 -7.13642612 0.20000000
      vertex -7.18220230 -10.16532260 0.20000000
    endloop
  endfacet
  facet normal 0.00000000 0.00000000 -1.00000000
    outer loop
      vertex 10.67780044 -7.09639853 0.20000000
      vertex 10.64756570 -7.11684736 0.20000000
      vertex -7.18220230 -10.16532260 0.20000000
    endloop
  endfacet
  facet normal 0.00000000 0.00000000 -1.00000000
    outer loop
      vertex 10.70621514 -7.07508884 0.20000000
      vertex 10.67780044 -7.09639853 0.20000000
      vertex -7.18220230 -10.16532260 0.20000000
    endloop
  endfacet
  facet normal 0.00000000 0.00000000 -1.00000000
    outer loop
      vertex 10.73287626 -7.05291679 0.20000000
      vertex 10.70621514 -7.07508884 0.20000000
      vertex -7.18220230 -10.16532260 0.20000000
    endloop
  endfacet
  facet normal 0.00000000 0.00000000 -1.00000000
    outer loop
      vertex 10.75785392 -7.02986865 0.20000000
      vertex 10.73287626 -7.05291679 0.20000000
      vertex -7.18220230 -10.16532260 0.20000000
    endloop
  endfacet
  facet normal 0.00000000 0.00000000 -1.00000000
    outer loop
      vertex 10.78121921 -7.00591760 0.20000000
      vertex 10.75785392 -7.02986865 0.20000000
      vertex -7.18220230 -10.16532260 0.20000000
    endloop
  endfacet
  facet normal 0.00000000 0.00000000 -1.00000000
    outer loop
      vertex 10.80304110 -6.98102360 0.20000000
      vertex 10.78121921 -7.00591760 0.20000000
      vertex -7.18220230 -10.16532260 0.20000000
    endloop
  endfacet
  facet normal 0.00000000 0.00000000 -1.00000000
    outer loop
      vertex 10.82338320 -6.95513422 0.20000000
      vertex 10.80304110 -6.98102360 0.20000000
      vertex -7.18220230 -10.16532260 0.20000000
    endloop
  endfacet
  facet normal 0.00000000 0.00000000 -1.00000000
    outer loop
      vertex 10.84230082 -6.92818640 0.20000000
      vertex 10.82338320 -6.95513422 0.20000000
      vertex -7.18220230 -10.16532260 0.20000000
    endloop
  endfacet
  facet normal 0.00000000 0.00000000 -1.00000000
    outer loop
      vertex 10.85983836 -6.90010900 0.20000000
      vertex 10.84230082 -6.92818640 0.20000000
      vertex -7.18220230 -10.16532260 0.20000000
    endloop
  endfacet
  facet normal 0.00000000 0.00000000 -1.00000000
    outer loop
      vertex 10.87602767 -6.87082597 0.20000000
      vertex 10.85983836 -6.90010900 0.20000000
      vertex -7.18220230 -10.16532260 0.20000000
    endloop
  endfacet
  facet normal 0.00000000 0.00000000 -1.00000000
    outer loop
      vertex 10.89088719 -6.84025974 0.20000000
      vertex 10.87602767 -6.87082597 0.20000000
      vertex -7.18220230 -10.16532260 0.20000000
    endloop
  endfacet
  facet normal 0.00000000 0.00000000 -1.00000000
    outer loop
      vertex 10.90442209 -6.80833448 0.20000000
      vertex 10.89088719 -6.84025974 0.20000000
      vertex -7.18220230 -10.16532260 0.20000000
    endloop
  endfacet
  facet normal 0.00000000 0.00000000 -1.00000000
    outer loop
      vertex 10.91662527 -6.77497911 0.20000000
      vertex 10.90442209 -6.80833448 0.20000000
      vertex -7.18220230 -10.16532260 0.20000000
    endloop
  endfacet
  facet normal 0.00000000 0.00000000 -1.00000000
    outer loop
      vertex 10.92747897 -6.74012956 0.20000000
      vertex 10.91662527 -6.77497911 0.20000000
      vertex -7.18220230 -10.16532260 0.20000000
    endloop
  endfacet
  facet normal 0.00000000 0.00000000 -1.00000000
    outer loop
      vertex 10.93695689 -6.70373036 0.20000000
      vertex 10.92747897 -6.74012956 0.20000000
      vertex -7.18220230 -10.16532260 0.20000000
    endloop
  endfacet
  facet normal 0.00000000 0.00000000 -1.00000000
    outer loop
      vertex 10.94502636 -6.66573554 0.20000000
      vertex 10.93695689 -6.70373036 0.20000000
      vertex -7.18220230 -10.16532260 0.20000000
    endloop
  endfacet
  facet normal 0.00000000 0.00000000 -1.00000000
    outer loop
      vertex 10.95165056 -6.62610878 0.20000000
      vertex 10.94502636 -6.66573554 0.20000000
      vertex -7.18220230 -10.16532260 0.20000000
    endloop
  endfacet
  facet normal 0.00000000 0.00000000 -1.00000000
    outer loop
      vertex 10.95679050 -6.58482308 0.20000000
      vertex 10.95165056 -6.62610878 0.20000000
      vertex -7.18220230 -10.16532260 0.20000000
    endloop
  endfacet
  facet normal 0.00000000 0.00000000 -1.00000000
    outer loop
      vertex 10.96040668 -6.54186000 0.20000000
      vertex 10.95679050 -6.58482308 0.20000000
      vertex -7.18220230 -10.16532260 0.20000000
    endloop
  endfacet
  facet normal 0.00000000 0.00000000 -1.00000000
    outer loop
      vertex 10.96246041 -6.49720867 0.20000000
      vertex 10.96040668 -6.54186000 0.20000000
      vertex -7.18220230 -10.16532260 0.20000000
    endloop
  endfacet
  facet normal 0.00000000 0.00000000 -1.00000000
    outer loop
      vertex 10.96291484 -6.45086465 0.20000000
      vertex 10.96246041 -6.49720867 0.20000000
      vertex -7.18220230 -10.16532260 0.20000000
    endloop
  endfacet
  facet normal 0.00000000 -0.00000000 -1.00000000
    outer loop
      vertex 10.96173559 -6.40282883 0.20000000
      vertex 10.96291484 -6.45086465 0.20000000
      vertex -7.18220230 -10.16532260 0.20000000
    endloop
  endfacet
  facet normal 0.00000000 -0.00000000 -1.00000000
    outer loop
      vertex 10.95881275 -6.35173572 0.20000000
      vertex 10.96173559 -6.40282883 0.20000000
      vertex -7.18220230 -10.16532260 0.20000000
    endloop
  endfacet
  facet normal 0.00000000 -0.00000000 -1.00000000
    outer loop
      vertex 10.78450298 -3.96185706 0.20000000
      vertex 10.95881275 -6.35173572 0.20000000
      vertex -7.18220230 -10.16532260 0.20000000
    endloop
  endfacet
  facet normal 0.00000000 -0.00000000 -1.00000000
    outer loop
      vertex 10.77613832 -3.82263656 0.20000000
      vertex 10.78450298 -3.96185706 0.20000000
      vertex -7.18220230 -10.16532260 0.20000000
    endloop
  endfacet
  facet normal 0.00000000 -0.00000000 -1.00000000
    outer loop
      vertex 10.77142355 -3.68369054 0.20000000
      vertex 10.77613832 -3.82263656 0.20000000
      vertex -7.18220230 -10.16532260 0.20000000
    endloop
  endfacet
  facet normal 0.00000000 -0.00000000 -1.00000000
    outer loop
      vertex 10.77043631 -3.54615922 0.20000000
      vertex 10.77142355 -3.68369054 0.20000000
      vertex -7.18220230 -10.16532260 0.20000000
    endloop
  endfacet
  facet normal 0.00000000 0.00000000 -1.00000000
    outer loop
      vertex 10.77318592 -3.41004922 0.20000000
      vertex 10.77043631 -3.54615922 0.20000000
      vertex -7.18220230 -10.16532260 0.20000000
    endloop
  endfacet
  facet normal 0.00000000 0.00000000 -1.00000000
    outer loop
      vertex 10.77968143 -3.27536846 0.20000000
      vertex 10.77318592 -3.41004922 0.20000000
      vertex -7.18220230 -10.16532260 0.20000000
    endloop
  endfacet
  facet normal 0.00000000 0.00000000 -1.00000000
    outer loop
      vertex 10.78993141 -3.14212628 0.20000000
      vertex 10.77968143 -3.27536846 0.20000000
      vertex -7.18220230 -10.16532260 0.20000000
    endloop
  endfacet
  facet normal 0.00000000 0.00000000 -1.00000000
    outer loop
      vertex 10.80394383 -3.01033334 0.20000000
      vertex 10.78993141 -3.14212628 0.20000000
      vertex -7.18220230 -10.16532260 0.20000000
    endloop
  endfacet
  facet normal 0.00000000 0.00000000 -1.00000000
    outer loop
      vertex 10.82172584 -2.88000163 0.20000000
      vertex 10.80394383 -3.01033334 0.20000000
      vertex -7.18220230 -10.16532260 0.20000000
    endloop
  endfacet
  facet normal 0.00000000 0.00000000 -1.00000000
    outer loop
      vertex 10.84328359 -2.75114442 0.20000000
      vertex 10.82172584 -2.88000163 0.20000000
      vertex -7.18220230 -10.16532260 0.20000000
    endloop
  endfacet
  facet normal 0.00000000 0.00000000 -1.00000000
    outer loop
      vertex 10.86862206 -2.62377610 0.20000000
      vertex 10.84328359 -2.75114442 0.20000000
      vertex -7.18220230 -10.16532260 0.20000000
    endloop
  endfacet
  facet normal 0.00000000 0.00000000 -1.00000000
    outer loop
      vertex 10.89774491 -2.49791208 0.20000000
      vertex 10.86862206 -2.62377610 0.20000000
      vertex -7.18220230 -10.16532260 0.20000000
    endloop
  endfacet
  facet normal 0.00000000 0.00000000 -1.00000000
    outer loop
      vertex 10.93065432 -2.37356860 0.20000000
      vertex 10.89774491 -2.49791208 0.20000000
      vertex -7.18220230 -10.16532260 0.20000000
    endloop
  endfacet
  facet normal 0.00000000 0.00000000 -1.00000000
    outer loop
      vertex 10.96735085 -2.25076251 0.20000000
      vertex 10.93065432 -2.37356860 0.20000000
      vertex -7.18220230 -10.16532260 0.20000000
    endloop
  endfacet
  facet normal 0.00000000 0.00000000 -1.00000000
    outer loop
      vertex 11.00783340 -2.12951104 0.20000000
      vertex 10.96735085 -2.25076251 0.20000000
      vertex -7.18220230 -10.16532260 0.20000000
    endloop
  endfacet
  facet normal 0.00000000 0.00000000 -1.00000000
    outer loop
      vertex 11.05209917 -2.00983155 0.20000000
      vertex 11.00783340 -2.12951104 0.20000000
      vertex -7.18220230 -10.16532260 0.20000000
    endloop
  endfacet
  facet normal 0.00000000 0.00000000 -1.00000000
    outer loop
      vertex 11.10014361 -1.89174124 0.20000000
      vertex 11.05209917 -2.00983155 0.20000000
      vertex -7.18220230 -10.16532260 0.20000000
    endloop
  endfacet
  facet normal 0.00000000 0.00000000 -1.00000000
    outer loop
      vertex 11.15196051 -1.77525692 0.20000000
      vertex 11.10014361 -1.89174124 0.20000000
      vertex -7.18220230 -10.16532260 0.20000000
    endloop
  endfacet
  facet normal 0.00000000 0.00000000 -1.00000000
    outer loop
      vertex 11.20754207 -1.66039470 0.20000000
      vertex 11.15196051 -1.77525692 0.20000000
      vertex -7.18220230 -10.16532260 0.20000000
    endloop
  endfacet
  facet normal 0.00000000 0.00000000 -1.00000000
    outer loop
      vertex 11.26687904 -1.54716978 0.20000000
      vertex 11.20754207 -1.66039470 0.20000000
      vertex -7.18220230 -10.16532260 0.20000000
    endloop
  endfacet
  facet normal 0.00000000 0.00000000 -1.00000000
    outer loop
      vertex 11.32996084 -1.43559623 0.20000000
      vertex 11.26687904 -1.54716978 0.20000000
      vertex -7.18220230 -10.16532260 0.20000000
    endloop
  endfacet
  facet normal 0.00000000 0.00000000 -1.00000000
    outer loop
      vertex 11.39677583 -1.32568678 0.20000000
      vertex 11.32996084 -1.43559623 0.20000000
      vertex -7.18220230 -10.16532260 0.20000000
    endloop
  endfacet
  facet normal 0.00000000 0.00000000 -1.00000000
    outer loop
      vertex 11.46731146 -1.21745270 0.20000000
      vertex 11.39677583 -1.32568678 0.20000000
      vertex -7.18220230 -10.16532260 0.20000000
    endloop
  endfacet
  facet normal 0.00000000 0.00000000 -1.00000000
    outer loop
      vertex 11.54155451 -1.11090367 0.20000000
      vertex 11.46731146 -1.21745270 0.20000000
      vertex -7.18220230 -10.16532260 0.20000000
    endloop
  endfacet
  facet normal 0.00000000 0.00000000 -1.00000000
    outer loop
      vertex 11.61949136 -1.00604774 0.20000000
      vertex 11.54155451 -1.11090367 0.20000000
      vertex -7.18220230 -10.16532260 0.20000000
    endloop
  endfacet
  facet normal 0.00000000 0.00000000 -1.00000000
    outer loop
      vertex 11.70110816 -0.90289130 0.20000000
      vertex 11.61949136 -1.00604774 0.20000000
      vertex -7.18220230 -10.16532260 0.20000000
    endloop
  endfacet
  facet normal 0.00000000 0.00000000 -1.00000000
    outer loop
      vertex 11.78639110 -0.80143911 0.20000000
      vertex 11.70110816 -0.90289130 0.20000000
      vertex -7.18220230 -10.16532260 0.20000000
    endloop
  endfacet
  facet normal 0.00000000 0.00000000 -1.00000000
    outer loop
      vertex 11.87532658 -0.70169432 0.20000000
      vertex 11.78639110 -0.80143911 0.20000000
      vertex -7.18220230 -10.16532260 0.20000000
    endloop
  endfacet
  facet normal 0.00000000 0.00000000 -1.00000000
    outer loop
      vertex 11.96790138 -0.60365859 0.20000000
      vertex 11.87532658 -0.70169432 0.20000000
      vertex -7.18220230 -10.16532260 0.20000000
    endloop
  endfacet
  facet normal 0.00000000 0.00000000 -1.00000000
    outer loop
      vertex 12.06410284 -0.50733220 0.20000000
      vertex 11.96790138 -0.60365859 0.20000000
      vertex -7.18220230 -10.16532260 0.20000000
    endloop
  endfacet
  facet normal 0.00000000 0.00000000 -1.00000000
    outer loop
      vertex 12.16391896 -0.41271413 0.20000000
      vertex 12.06410284 -0.50733220 0.20000000
      vertex -7.18220230 -10.16532260 0.20000000
    endloop
  endfacet
  facet normal 0.00000000 0.00000000 -1.00000000
    outer loop
      vertex 12.26733853 -0.31980225 0.20000000
      vertex 12.16391896 -0.41271413 0.20000000
      vertex -7.18220230 -10.16532260 0.20000000
    endloop
  endfacet
  facet normal 0.00000000 0.00000000 -1.00000000
    outer loop
      vertex 12.37348586 -0.22933093 0.20000000
      vertex 12.26733853 -0.31980225 0.20000000
      vertex -7.18220230 -10.16532260 0.20000000
    endloop
  endfacet
  facet normal 0.00000000 0.00000000 -1.00000000
    outer loop
      vertex 13.79742970 0.95319879 0.20000000
      vertex 12.37348586 -0.22933093 0.20000000
      vertex -7.18220230 -10.16532260 0.20000000
    endloop
  endfacet
  facet normal 0.00000000 0.00000000 -1.00000000
    outer loop
      vertex 13.83326966 0.98384333 0.20000000
      vertex 13.79742970 0.95319879 0.20000000
      vertex -7.18220230 -10.16532260 0.20000000
    endloop
  endfacet
  facet normal 0.00000000 0.00000000 -1.00000000
    outer loop
      vertex 13.86643775 1.01394342 0.20000000
      vertex 13.83326966 0.98384333 0.20000000
      vertex -7.18220230 -10.16532260 0.20000000
    endloop
  endfacet
  facet normal 0.00000000 0.00000000 -1.00000000
    outer loop
      vertex 13.89791418 1.04431484 0.20000000
      vertex 13.86643775 1.01394342 0.20000000
      vertex -7.18220230 -10.16532260 0.20000000
    endloop
  endfacet
  facet normal 0.00000000 0.00000000 -1.00000000
    outer loop
      vertex 13.92771605 1.07494949 0.20000000
      vertex 13.89791418 1.04431484 0.20000000
      vertex -7.18220230 -10.16532260 0.20000000
    endloop
  endfacet
  facet normal 0.00000000 0.00000000 -1.00000000
    outer loop
      vertex 13.95586250 1.10584112 0.20000000
      vertex 13.92771605 1.07494949 0.20000000
      vertex -7.18220230 -10.16532260 0.20000000
    endloop
  endfacet
  facet normal 0.00000000 0.00000000 -1.00000000
    outer loop
      vertex 13.98237466 1.13698577 0.20000000
      vertex 13.95586250 1.10584112 0.20000000
      vertex -7.18220230 -10.16532260 0.20000000
    endloop
  endfacet
  facet normal 0.00000000 0.00000000 -1.00000000
    outer loop
      vertex 14.00727543 1.16838216 0.20000000
      vertex 13.98237466 1.13698577 0.20000000
      vertex -7.18220230 -10.16532260 0.20000000
    endloop
  endfacet
  facet normal 0.00000000 0.00000000 -1.00000000
    outer loop
      vertex 14.03058922 1.20003217 0.20000000
      vertex 14.00727543 1.16838216 0.20000000
      vertex -7.18220230 -10.16532260 0.20000000
    endloop
  endfacet
  facet normal 0.00000000 0.00000000 -1.00000000
    outer loop
      vertex 14.05234152 1.23194114 0.20000000
      vertex 14.03058922 1.20003217 0.20000000
      vertex -7.18220230 -10.16532260 0.20000000
    endloop
  endfacet
  facet normal 0.00000000 0.00000000 -1.00000000
    outer loop
      vertex 14.07255847 1.26411822 0.20000000
      vertex 14.05234152 1.23194114 0.20000000
      vertex -7.18220230 -10.16532260 0.20000000
    endloop
  endfacet
  facet normal 0.00000000 0.00000000 -1.00000000
    outer loop
      vertex 14.09126621 1.29657650 0.20000000
      vertex 14.07255847 1.26411822 0.20000000
      vertex -7.18220230 -10.16532260 0.20000000
    endloop
  endfacet
  facet normal 0.00000000 0.00000000 -1.00000000
    outer loop
      vertex 14.10849029 1.32933316 0.20000000
      vertex 14.09126621 1.29657650 0.20000000
      vertex -7.18220230 -10.16532260 0.20000000
    endloop
  endfacet
  facet normal 0.00000000 0.00000000 -1.00000000
    outer loop
      vertex 14.12425494 1.36240932 0.20000000
      vertex 14.10849029 1.32933316 0.20000000
      vertex -7.18220230 -10.16532260 0.20000000
    endloop
  endfacet
  facet normal 0.00000000 0.00000000 -1.00000000
    outer loop
      vertex 14.13858243 1.39582982 0.20000000
      vertex 14.12425494 1.36240932 0.20000000
      vertex -7.18220230 -10.16532260 0.20000000
    endloop
  endfacet
  facet normal 0.00000000 0.00000000 -1.00000000
    outer loop
      vertex 14.15149231 1.42962281 0.20000000
      vertex 14.13858243 1.39582982 0.20000000
      vertex -7.18220230 -10.16532260 0.20000000
    endloop
  endfacet
  facet normal 0.00000000 0.00000000 -1.00000000
    outer loop
      vertex 14.16300093 1.46381921 0.20000000
      vertex 14.15149231 1.42962281 0.20000000
      vertex -7.18220230 -10.16532260 0.20000000
    endloop
  endfacet
  facet normal 0.00000000 0.00000000 -1.00000000
    outer loop
      vertex 14.17312088 1.49845198 0.20000000
      vertex 14.16300093 1.46381921 0.20000000
      vertex -7.18220230 -10.16532260 0.20000000
    endloop
  endfacet
  facet normal 0.00000000 0.00000000 -1.00000000
    outer loop
      vertex 14.18186068 1.53355536 0.20000000
      vertex 14.17312088 1.49845198 0.20000000
      vertex -7.18220230 -10.16532260 0.20000000
    endloop
  endfacet
  facet normal 0.00000000 0.00000000 -1.00000000
    outer loop
      vertex 14.18922462 1.56916405 0.20000000
      vertex 14.18186068 1.53355536 0.20000000
      vertex -7.18220230 -10.16532260 0.20000000
    endloop
  endfacet
  facet normal 0.00000000 0.00000000 -1.00000000
    outer loop
      vertex 14.19521274 1.60531234 0.20000000
      vertex 14.18922462 1.56916405 0.20000000
      vertex -7.18220230 -10.16532260 0.20000000
    endloop
  endfacet
  facet normal 0.00000000 0.00000000 -1.00000000
    outer loop
      vertex 14.19982101 1.64203334 0.20000000
      vertex 14.19521274 1.60531234 0.20000000
      vertex -7.18220230 -10.16532260 0.20000000
    endloop
  endfacet
  facet normal 0.00000000 0.00000000 -1.00000000
    outer loop
      vertex 14.20304162 1.67935823 0.20000000
      vertex 14.19982101 1.64203334 0.20000000
      vertex -7.18220230 -10.16532260 0.20000000
    endloop
  endfacet
  facet normal 0.00000000 0.00000000 -1.00000000
    outer loop
      vertex 14.20486344 1.71731570 0.20000000
      vertex 14.20304162 1.67935823 0.20000000
      vertex -7.18220230 -10.16532260 0.20000000
    endloop
  endfacet
  facet normal 0.00000000 0.00000000 -1.00000000
    outer loop
      vertex 14.20527251 1.75593148 0.20000000
      vertex 14.20486344 1.71731570 0.20000000
      vertex -7.18220230 -10.16532260 0.20000000
    endloop
  endfacet
  facet normal 0.00000000 -0.00000000 -1.00000000
    outer loop
      vertex 14.20425263 1.79522799 0.20000000
      vertex 14.20527251 1.75593148 0.20000000
      vertex -7.18220230 -10.16532260 0.20000000
    endloop
  endfacet
  facet normal 0.00000000 -0.00000000 -1.00000000
    outer loop
      vertex 14.20178596 1.83522421 0.20000000
      vertex 14.20425263 1.79522799 0.20000000
      vertex -7.18220230 -10.16532260 0.20000000
    endloop
  endfacet
  facet normal 0.00000000 -0.00000000 -1.00000000
    outer loop
      vertex 14.19785352 1.87593562 0.20000000
      vertex 14.20178596 1.83522421 0.20000000
      vertex -7.18220230 -10.16532260 0.20000000
    endloop
  endfacet
  facet normal 0.00000000 -0.00000000 -1.00000000
    outer loop
      vertex 14.19243582 1.91737430 0.20000000
      vertex 14.19785352 1.87593562 0.20000000
      vertex -7.18220230 -10.16532260 0.20000000
    endloop
  endfacet
  facet normal 0.00000000 -0.00000000 -1.00000000
    outer loop
      vertex 14.18551326 1.95954907 0.20000000
      vertex 14.19243582 1.91737430 0.20000000
      vertex -7.18220230 -10.16532260 0.20000000
    endloop
  endfacet
  facet normal 0.00000000 -0.00000000 -1.00000000
    outer loop
      vertex 14.17706655 2.00246576 0.20000000
      vertex 14.18551326 1.95954907 0.20000000
      vertex -7.18220230 -10.16532260 0.20000000
    endloop
  endfacet
  facet normal 0.00000000 -0.00000000 -1.00000000
    outer loop
      vertex 14.16707705 2.04612749 0.20000000
      vertex 14.17706655 2.00246576 0.20000000
      vertex -7.18220230 -10.16532260 0.20000000
    endloop
  endfacet
  facet normal 0.00000000 -0.00000000 -1.00000000
    outer loop
      vertex 14.15520734 2.09176411 0.20000000
      vertex 14.16707705 2.04612749 0.20000000
      vertex -7.18220230 -10.16532260 0.20000000
    endloop
  endfacet
  facet normal 0.00000000 -0.00000000 -1.00000000
    outer loop
      vertex 13.94909132 2.83993329 0.20000000
      vertex 14.15520734 2.09176411 0.20000000
      vertex -7.18220230 -10.16532260 0.20000000
    endloop
  endfacet
  facet normal 0.00000000 -0.00000000 -1.00000000
    outer loop
      vertex 13.92731906 2.91678851 0.20000000
      vertex 13.94909132 2.83993329 0.20000000
      vertex -7.18220230 -10.16532260 0.20000000
    endloop
  endfacet
  facet normal 0.00000000 -0.00000000 -1.00000000
    outer loop
      vertex 13.90470088 2.99241993 0.20000000
      vertex 13.92731906 2.91678851 0.20000000
      vertex -7.18220230 -10.16532260 0.20000000
    endloop
  endfacet
  facet normal 0.00000000 -0.00000000 -1.00000000
    outer loop
      vertex 13.88106031 3.06745317 0.20000000
      vertex 13.90470088 2.99241993 0.20000000
      vertex -7.18220230 -10.16532260 0.20000000
    endloop
  endfacet
  facet normal 0.00000000 -0.00000000 -1.00000000
    outer loop
      vertex 13.85639755 3.14188995 0.20000000
      vertex 13.88106031 3.06745317 0.20000000
      vertex -7.18220230 -10.16532260 0.20000000
    endloop
  endfacet
  facet normal 0.00000000 -0.00000000 -1.00000000
    outer loop
      vertex 13.83071271 3.21573198 0.20000000
      vertex 13.85639755 3.14188995 0.20000000
      vertex -7.18220230 -10.16532260 0.20000000
    endloop
  endfacet
  facet normal 0.00000000 -0.00000000 -1.00000000
    outer loop
      vertex 13.80400585 3.28898105 0.20000000
      vertex 13.83071271 3.21573198 0.20000000
      vertex -7.18220230 -10.16532260 0.20000000
    endloop
  endfacet
  facet normal 0.00000000 -0.00000000 -1.00000000
    outer loop
      vertex 13.77627693 3.36163894 0.20000000
      vertex 13.80400585 3.28898105 0.20000000
      vertex -7.18220230 -10.16532260 0.20000000
    endloop
  endfacet
  facet normal 0.00000000 -0.00000000 -1.00000000
    outer loop
      vertex 13.74752580 3.43370746 0.20000000
      vertex 13.77627693 3.36163894 0.20000000
      vertex -7.18220230 -10.16532260 0.20000000
    endloop
  endfacet
  facet normal 0.00000000 -0.00000000 -1.00000000
    outer loop
      vertex 13.71775227 3.50518846 0.20000000
      vertex 13.74752580 3.43370746 0.20000000
      vertex -7.18220230 -10.16532260 0.20000000
    endloop
  endfacet
  facet normal 0.00000000 -0.00000000 -1.00000000
    outer loop
      vertex 13.68695603 3.57608375 0.20000000
      vertex 13.71775227 3.50518846 0.20000000
      vertex -7.18220230 -10.16532260 0.20000000
    endloop
  endfacet
  facet normal 0.00000000 -0.00000000 -1.00000000
    outer loop
      vertex 13.65513669 3.64639518 0.20000000
      vertex 13.68695603 3.57608375 0.20000000
      vertex -7.18220230 -10.16532260 0.20000000
    endloop
  endfacet
  facet normal 0.00000000 -0.00000000 -1.00000000
    outer loop
      vertex 13.62229376 3.71612458 0.20000000
      vertex 13.65513669 3.64639518 0.20000000
      vertex -7.18220230 -10.16532260 0.20000000
    endloop
  endfacet
  facet normal 0.00000000 -0.00000000 -1.00000000
    outer loop
      vertex 13.58842669 3.78527376 0.20000000
      vertex 13.62229376 3.71612458 0.20000000
      vertex -7.18220230 -10.16532260 0.20000000
    endloop
  endfacet
  facet normal 0.00000000 -0.00000000 -1.00000000
    outer loop
      vertex 13.55353481 3.85384454 0.20000000
      vertex 13.58842669 3.78527376 0.20000000
      vertex -7.18220230 -10.16532260 0.20000000
    endloop
  endfacet
  facet normal 0.00000000 -0.00000000 -1.00000000
    outer loop
      vertex 13.51761739 3.92183869 0.20000000
      vertex 13.55353481 3.85384454 0.20000000
      vertex -7.18220230 -10.16532260 0.20000000
    endloop
  endfacet
  facet normal 0.00000000 -0.00000000 -1.00000000
    outer loop
      vertex 13.48067361 3.98925795 0.20000000
      vertex 13.51761739 3.92183869 0.20000000
      vertex -7.18220230 -10.16532260 0.20000000
    endloop
  endfacet
  facet normal 0.00000000 -0.00000000 -1.00000000
    outer loop
      vertex 13.44270256 4.05610403 0.20000000
      vertex 13.48067361 3.98925795 0.20000000
      vertex -7.18220230 -10.16532260 0.20000000
    endloop
  endfacet
  facet normal 0.00000000 -0.00000000 -1.00000000
    outer loop
      vertex 13.40370326 4.12237861 0.20000000
      vertex 13.44270256 4.05610403 0.20000000
      vertex -7.18220230 -10.16532260 0.20000000
    endloop
  endfacet
  facet normal 0.00000000 -0.00000000 -1.00000000
    outer loop
      vertex 13.36367467 4.18808330 0.20000000
      vertex 13.40370326 4.12237861 0.20000000
      vertex -7.18220230 -10.16532260 0.20000000
    endloop
  endfacet
  facet normal 0.00000000 -0.00000000 -1.00000000
    outer loop
      vertex 13.32261564 4.25321966 0.20000000
      vertex 13.36367467 4.18808330 0.20000000
      vertex -7.18220230 -10.16532260 0.20000000
    endloop
  endfacet
  facet normal 0.00000000 -0.00000000 -1.00000000
    outer loop
      vertex 13.28052500 4.31778919 0.20000000
      vertex 13.32261564 4.25321966 0.20000000
      vertex -7.18220230 -10.16532260 0.20000000
    endloop
  endfacet
  facet normal 0.00000000 -0.00000000 -1.00000000
    outer loop
      vertex 13.23740148 4.38179333 0.20000000
      vertex 13.28052500 4.31778919 0.20000000
      vertex -7.18220230 -10.16532260 0.20000000
    endloop
  endfacet
  facet normal 0.00000000 -0.00000000 -1.00000000
    outer loop
      vertex 13.19324380 4.44523346 0.20000000
      vertex 13.23740148 4.38179333 0.20000000
      vertex -7.18220230 -10.16532260 0.20000000
    endloop
  endfacet
  facet normal 0.00000000 -0.00000000 -1.00000000
    outer loop
      vertex 13.14805058 4.50811087 0.20000000
      vertex 13.19324380 4.44523346 0.20000000
      vertex -7.18220230 -10.16532260 0.20000000
    endloop
  endfacet
  facet normal 0.00000000 -0.00000000 -1.00000000
    outer loop
      vertex 13.10182042 4.57042677 0.20000000
      vertex 13.14805058 4.50811087 0.20000000
      vertex -7.18220230 -10.16532260 0.20000000
    endloop
  endfacet
  facet normal 0.00000000 -0.00000000 -1.00000000
    outer loop
      vertex 13.05455189 4.63218232 0.20000000
      vertex 13.10182042 4.57042677 0.20000000
      vertex -7.18220230 -10.16532260 0.20000000
    endloop
  endfacet
  facet normal 0.00000000 -0.00000000 -1.00000000
    outer loop
      vertex 13.00624350 4.69337858 0.20000000
      vertex 13.05455189 4.63218232 0.20000000
      vertex -7.18220230 -10.16532260 0.20000000
    endloop
  endfacet
  facet normal 0.00000000 -0.00000000 -1.00000000
    outer loop
      vertex 12.95689375 4.75401651 0.20000000
      vertex 13.00624350 4.69337858 0.20000000
      vertex -7.18220230 -10.16532260 0.20000000
    endloop
  endfacet
  facet normal 0.00000000 -0.00000000 -1.00000000
    outer loop
      vertex 12.90650111 4.81409702 0.20000000
      vertex 12.95689375 4.75401651 0.20000000
      vertex -7.18220230 -10.16532260 0.20000000
    endloop
  endfacet
  facet normal 0.00000000 -0.00000000 -1.00000000
    outer loop
      vertex 12.85506405 4.87362091 0.20000000
      vertex 12.90650111 4.81409702 0.20000000
      vertex -7.18220230 -10.16532260 0.20000000
    endloop
  endfacet
  facet normal 0.00000000 -0.00000000 -1.00000000
    outer loop
      vertex 12.80258100 4.93258889 0.20000000
      vertex 12.85506405 4.87362091 0.20000000
      vertex -7.18220230 -10.16532260 0.20000000
    endloop
  endfacet
  facet normal 0.00000000 -0.00000000 -1.00000000
    outer loop
      vertex 12.74861226 4.99147972 0.20000000
      vertex 12.80258100 4.93258889 0.20000000
      vertex -7.18220230 -10.16532260 0.20000000
    endloop
  endfacet
  facet normal 0.00000000 -0.00000000 -1.00000000
    outer loop
      vertex 12.49505965 5.26417182 0.20000000
      vertex 12.74861226 4.99147972 0.20000000
      vertex -7.18220230 -10.16532260 0.20000000
    endloop
  endfacet
  facet normal 0.00000000 -0.00000000 -1.00000000
    outer loop
      vertex 12.43800494 5.32419111 0.20000000
      vertex 12.49505965 5.26417182 0.20000000
      vertex -7.18220230 -10.16532260 0.20000000
    endloop
  endfacet
  facet normal 0.00000000 -0.00000000 -1.00000000
    outer loop
      vertex 12.38088428 5.38164987 0.20000000
      vertex 12.43800494 5.32419111 0.20000000
      vertex -7.18220230 -10.16532260 0.20000000
    endloop
  endfacet
  facet normal 0.00000000 -0.00000000 -1.00000000
    outer loop
      vertex 12.32301948 5.43726806 0.20000000
      vertex 12.38088428 5.38164987 0.20000000
      vertex -7.18220230 -10.16532260 0.20000000
    endloop
  endfacet
  facet normal 0.00000000 -0.00000000 -1.00000000
    outer loop
      vertex 12.26441011 5.49105235 0.20000000
      vertex 12.32301948 5.43726806 0.20000000
      vertex -7.18220230 -10.16532260 0.20000000
    endloop
  endfacet
  facet normal 0.00000000 -0.00000000 -1.00000000
    outer loop
      vertex 12.20505513 5.54300962 0.20000000
      vertex 12.26441011 5.49105235 0.20000000
      vertex -7.18220230 -10.16532260 0.20000000
    endloop
  endfacet
  facet normal 0.00000000 -0.00000000 -1.00000000
    outer loop
      vertex 12.14495290 5.59314690 0.20000000
      vertex 12.20505513 5.54300962 0.20000000
      vertex -7.18220230 -10.16532260 0.20000000
    endloop
  endfacet
  facet normal 0.00000000 -0.00000000 -1.00000000
    outer loop
      vertex 12.08410110 5.64147131 0.20000000
      vertex 12.14495290 5.59314690 0.20000000
      vertex -7.18220230 -10.16532260 0.20000000
    endloop
  endfacet
  facet normal 0.00000000 -0.00000000 -1.00000000
    outer loop
      vertex 12.02249677 5.68799000 0.20000000
      vertex 12.08410110 5.64147131 0.20000000
      vertex -7.18220230 -10.16532260 0.20000000
    endloop
  endfacet
  facet normal 0.00000000 -0.00000000 -1.00000000
    outer loop
      vertex 11.96013626 5.73271007 0.20000000
      vertex 12.02249677 5.68799000 0.20000000
      vertex -7.18220230 -10.16532260 0.20000000
    endloop
  endfacet
  facet normal 0.00000000 -0.00000000 -1.00000000
    outer loop
      vertex 11.89701522 5.77563851 0.20000000
      vertex 11.96013626 5.73271007 0.20000000
      vertex -7.18220230 -10.16532260 0.20000000
    endloop
  endfacet
  facet normal 0.00000000 -0.00000000 -1.00000000
    outer loop
      vertex 11.83312868 5.81678211 0.20000000
      vertex 11.89701522 5.77563851 0.20000000
      vertex -7.18220230 -10.16532260 0.20000000
    endloop
  endfacet
  facet normal 0.00000000 -0.00000000 -1.00000000
    outer loop
      vertex 11.76847100 5.85614738 0.20000000
      vertex 11.83312868 5.81678211 0.20000000
      vertex -7.18220230 -10.16532260 0.20000000
    endloop
  endfacet
  facet normal 0.00000000 -0.00000000 -1.00000000
    outer loop
      vertex 11.70303593 5.89374052 0.20000000
      vertex 11.76847100 5.85614738 0.20000000
      vertex -7.18220230 -10.16532260 0.20000000
    endloop
  endfacet
  facet normal 0.00000000 -0.00000000 -1.00000000
    outer loop
      vertex 11.63681665 5.92956727 0.20000000
      vertex 11.70303593 5.89374052 0.20000000
      vertex -7.18220230 -10.16532260 0.20000000
    endloop
  endfacet
  facet normal 0.00000000 -0.00000000 -1.00000000
    outer loop
      vertex 11.56980585 5.96363292 0.20000000
      vertex 11.63681665 5.92956727 0.20000000
      vertex -7.18220230 -10.16532260 0.20000000
    endloop
  endfacet
  facet normal 0.00000000 -0.00000000 -1.00000000
    outer loop
      vertex 11.50199576 5.99594221 0.20000000
      vertex 11.56980585 5.96363292 0.20000000
      vertex -7.18220230 -10.16532260 0.20000000
    endloop
  endfacet
  facet normal 0.00000000 -0.00000000 -1.00000000
    outer loop
      vertex 11.43337824 6.02649927 0.20000000
      vertex 11.50199576 5.99594221 0.20000000
      vertex -7.18220230 -10.16532260 0.20000000
    endloop
  endfacet
  facet normal 0.00000000 -0.00000000 -1.00000000
    outer loop
      vertex 11.36394485 6.05530760 0.20000000
      vertex 11.43337824 6.02649927 0.20000000
      vertex -7.18220230 -10.16532260 0.20000000
    endloop
  endfacet
  facet normal 0.00000000 -0.00000000 -1.00000000
    outer loop
      vertex 11.29368694 6.08237003 0.20000000
      vertex 11.36394485 6.05530760 0.20000000
      vertex -7.18220230 -10.16532260 0.20000000
    endloop
  endfacet
  facet normal 0.00000000 -0.00000000 -1.00000000
    outer loop
      vertex 11.22259574 6.10768869 0.20000000
      vertex 11.29368694 6.08237003 0.20000000
      vertex -7.18220230 -10.16532260 0.20000000
    endloop
  endfacet
  facet normal 0.00000000 -0.00000000 -1.00000000
    outer loop
      vertex 11.15066246 6.13126503 0.20000000
      vertex 11.22259574 6.10768869 0.20000000
      vertex -7.18220230 -10.16532260 0.20000000
    endloop
  endfacet
  facet normal 0.00000000 -0.00000000 -1.00000000
    outer loop
      vertex 11.07787833 6.15309978 0.20000000
      vertex 11.15066246 6.13126503 0.20000000
      vertex -7.18220230 -10.16532260 0.20000000
    endloop
  endfacet
  facet normal 0.00000000 -0.00000000 -1.00000000
    outer loop
      vertex 11.00423474 6.17319298 0.20000000
      vertex 11.07787833 6.15309978 0.20000000
      vertex -7.18220230 -10.16532260 0.20000000
    endloop
  endfacet
  facet normal 0.00000000 -0.00000000 -1.00000000
    outer loop
      vertex 10.92972327 6.19154402 0.20000000
      vertex 11.00423474 6.17319298 0.20000000
      vertex -7.18220230 -10.16532260 0.20000000
    endloop
  endfacet
  facet normal 0.00000000 -0.00000000 -1.00000000
    outer loop
      vertex 10.85433582 6.20815164 0.20000000
      vertex 10.92972327 6.19154402 0.20000000
      vertex -7.18220230 -10.16532260 0.20000000
    endloop
  endfacet
  facet normal 0.00000000 -0.00000000 -1.00000000
    outer loop
      vertex 10.77806459 6.22301402 0.20000000
      vertex 10.85433582 6.20815164 0.20000000
      vertex -7.18220230 -10.16532260 0.20000000
    endloop
  endfacet
  facet normal 0.00000000 -0.00000000 -1.00000000
    outer loop
      vertex 10.70090224 6.23612876 0.20000000
      vertex 10.77806459 6.22301402 0.20000000
      vertex -7.18220230 -10.16532260 0.20000000
    endloop
  endfacet
  facet normal 0.00000000 -0.00000000 -1.00000000
    outer loop
      vertex 10.62284185 6.24749299 0.20000000
      vertex 10.70090224 6.23612876 0.20000000
      vertex -7.18220230 -10.16532260 0.20000000
    endloop
  endfacet
  facet normal 0.00000000 -0.00000000 -1.00000000
    outer loop
      vertex 10.54387699 6.25710341 0.20000000
      vertex 10.62284185 6.24749299 0.20000000
      vertex -7.18220230 -10.16532260 0.20000000
    endloop
  endfacet
  facet normal 0.00000000 -0.00000000 -1.00000000
    outer loop
      vertex 10.46400178 6.26495632 0.20000000
      vertex 10.54387699 6.25710341 0.20000000
      vertex -7.18220230 -10.16532260 0.20000000
    endloop
  endfacet
  facet normal 0.00000000 -0.00000000 -1.00000000
    outer loop
      vertex 10.38321085 6.27104773 0.20000000
      vertex 10.46400178 6.26495632 0.20000000
      vertex -7.18220230 -10.16532260 0.20000000
    endloop
  endfacet
  facet normal 0.00000000 -0.00000000 -1.00000000
    outer loop
      vertex 10.30051628 6.27542541 0.20000000
      vertex 10.38321085 6.27104773 0.20000000
      vertex -7.18220230 -10.16532260 0.20000000
    endloop
  endfacet
  facet normal 0.00000000 -0.00000000 -1.00000000
    outer loop
      vertex 9.21726446 6.32078771 0.20000000
      vertex 10.30051628 6.27542541 0.20000000
      vertex -7.18220230 -10.16532260 0.20000000
    endloop
  endfacet
  facet normal 0.00000000 -0.00000000 -1.00000000
    outer loop
      vertex 9.09481570 6.32456317 0.20000000
      vertex 9.21726446 6.32078771 0.20000000
      vertex -7.18220230 -10.16532260 0.20000000
    endloop
  endfacet
  facet normal 0.00000000 -0.00000000 -1.00000000
    outer loop
      vertex 8.97444081 6.32558337 0.20000000
      vertex 9.09481570 6.32456317 0.20000000
      vertex -7.18220230 -10.16532260 0.20000000
    endloop
  endfacet
  facet normal 0.00000000 -0.00000000 -1.00000000
    outer loop
      vertex 8.85515208 6.32388327 0.20000000
      vertex 8.97444081 6.32558337 0.20000000
      vertex -7.18220230 -10.16532260 0.20000000
    endloop
  endfacet
  facet normal 0.00000000 -0.00000000 -1.00000000
    outer loop
      vertex 8.73694454 6.31946728 0.20000000
      vertex 8.85515208 6.32388327 0.20000000
      vertex -7.18220230 -10.16532260 0.20000000
    endloop
  endfacet
  facet normal 0.00000000 -0.00000000 -1.00000000
    outer loop
      vertex 8.61981260 6.31233956 0.20000000
      vertex 8.73694454 6.31946728 0.20000000
      vertex -7.18220230 -10.16532260 0.20000000
    endloop
  endfacet
  facet normal 0.00000000 -0.00000000 -1.00000000
    outer loop
      vertex 8.50375018 6.30250393 0.20000000
      vertex 8.61981260 6.31233956 0.20000000
      vertex -7.18220230 -10.16532260 0.20000000
    endloop
  endfacet
  facet normal 0.00000000 -0.00000000 -1.00000000
    outer loop
      vertex 8.38875064 6.28996381 0.20000000
      vertex 8.50375018 6.30250393 0.20000000
      vertex -7.18220230 -10.16532260 0.20000000
    endloop
  endfacet
  facet normal 0.00000000 -0.00000000 -1.00000000
    outer loop
      vertex 8.27480686 6.27472218 0.20000000
      vertex 8.38875064 6.28996381 0.20000000
      vertex -7.18220230 -10.16532260 0.20000000
    endloop
  endfacet
  facet normal 0.00000000 -0.00000000 -1.00000000
    outer loop
      vertex 8.16191128 6.25678152 0.20000000
      vertex 8.27480686 6.27472218 0.20000000
      vertex -7.18220230 -10.16532260 0.20000000
    endloop
  endfacet
  facet normal 0.00000000 -0.00000000 -1.00000000
    outer loop
      vertex 8.05005592 6.23614374 0.20000000
      vertex 8.16191128 6.25678152 0.20000000
      vertex -7.18220230 -10.16532260 0.20000000
    endloop
  endfacet
  facet normal 0.00000000 -0.00000000 -1.00000000
    outer loop
      vertex 7.93923248 6.21281016 0.20000000
      vertex 8.05005592 6.23614374 0.20000000
      vertex -7.18220230 -10.16532260 0.20000000
    endloop
  endfacet
  facet normal 0.00000000 -0.00000000 -1.00000000
    outer loop
      vertex 7.82943241 6.18678144 0.20000000
      vertex 7.93923248 6.21281016 0.20000000
      vertex -7.18220230 -10.16532260 0.20000000
    endloop
  endfacet
  facet normal 0.00000000 -0.00000000 -1.00000000
    outer loop
      vertex 7.72064694 6.15805758 0.20000000
      vertex 7.82943241 6.18678144 0.20000000
      vertex -7.18220230 -10.16532260 0.20000000
    endloop
  endfacet
  facet normal 0.00000000 -0.00000000 -1.00000000
    outer loop
      vertex 7.61286720 6.12663790 0.20000000
      vertex 7.72064694 6.15805758 0.20000000
      vertex -7.18220230 -10.16532260 0.20000000
    endloop
  endfacet
  facet normal 0.00000000 -0.00000000 -1.00000000
    outer loop
      vertex 7.50608432 6.09252100 0.20000000
      vertex 7.61286720 6.12663790 0.20000000
      vertex -7.18220230 -10.16532260 0.20000000
    endloop
  endfacet
  facet normal 0.00000000 -0.00000000 -1.00000000
    outer loop
      vertex 7.40028945 6.05570479 0.20000000
      vertex 7.50608432 6.09252100 0.20000000
      vertex -7.18220230 -10.16532260 0.20000000
    endloop
  endfacet
  facet normal 0.00000000 -0.00000000 -1.00000000
    outer loop
      vertex 7.29547394 6.01618652 0.20000000
      vertex 7.40028945 6.05570479 0.20000000
      vertex -7.18220230 -10.16532260 0.20000000
    endloop
  endfacet
  facet normal 0.00000000 -0.00000000 -1.00000000
    outer loop
      vertex 7.19162934 5.97396274 0.20000000
      vertex 7.29547394 6.01618652 0.20000000
      vertex -7.18220230 -10.16532260 0.20000000
    endloop
  endfacet
  facet normal 0.00000000 -0.00000000 -1.00000000
    outer loop
      vertex 7.08874755 5.92902940 0.20000000
      vertex 7.19162934 5.97396274 0.20000000
      vertex -7.18220230 -10.16532260 0.20000000
    endloop
  endfacet
  facet normal 0.00000000 -0.00000000 -1.00000000
    outer loop
      vertex 6.98682084 5.88138188 0.20000000
      vertex 7.08874755 5.92902940 0.20000000
      vertex -7.18220230 -10.16532260 0.20000000
    endloop
  endfacet
  facet normal 0.00000000 -0.00000000 -1.00000000
    outer loop
      vertex 6.88584198 5.83101503 0.20000000
      vertex 6.98682084 5.88138188 0.20000000
      vertex -7.18220230 -10.16532260 0.20000000
    endloop
  endfacet
  facet normal 0.00000000 -0.00000000 -1.00000000
    outer loop
      vertex 6.78580423 5.77792324 0.20000000
      vertex 6.88584198 5.83101503 0.20000000
      vertex -7.18220230 -10.16532260 0.20000000
    endloop
  endfacet
  facet normal 0.00000000 -0.00000000 -1.00000000
    outer loop
      vertex 6.68670146 5.72210049 0.20000000
      vertex 6.78580423 5.77792324 0.20000000
      vertex -7.18220230 -10.16532260 0.20000000
    endloop
  endfacet
  facet normal 0.00000000 -0.00000000 -1.00000000
    outer loop
      vertex 6.58852811 5.66354048 0.20000000
      vertex 6.68670146 5.72210049 0.20000000
      vertex -7.18220230 -10.16532260 0.20000000
    endloop
  endfacet
  facet normal 0.00000000 -0.00000000 -1.00000000
    outer loop
      vertex 6.49127932 5.60223661 0.20000000
      vertex 6.58852811 5.66354048 0.20000000
      vertex -7.18220230 -10.16532260 0.20000000
    endloop
  endfacet
  facet normal 0.00000000 -0.00000000 -1.00000000
    outer loop
      vertex 6.39495085 5.53818215 0.20000000
      vertex 6.49127932 5.60223661 0.20000000
      vertex -7.18220230 -10.16532260 0.20000000
    endloop
  endfacet
  facet normal 0.00000000 -0.00000000 -1.00000000
    outer loop
      vertex 6.29953914 5.47137024 0.20000000
      vertex 6.39495085 5.53818215 0.20000000
      vertex -7.18220230 -10.16532260 0.20000000
    endloop
  endfacet
  facet normal 0.00000000 -0.00000000 -1.00000000
    outer loop
      vertex 6.20504130 5.40179401 0.20000000
      vertex 6.29953914 5.47137024 0.20000000
      vertex -7.18220230 -10.16532260 0.20000000
    endloop
  endfacet
  facet normal 0.00000000 -0.00000000 -1.00000000
    outer loop
      vertex 6.11145508 5.32944661 0.20000000
      vertex 6.20504130 5.40179401 0.20000000
      vertex -7.18220230 -10.16532260 0.20000000
    endloop
  endfacet
  facet normal 0.00000000 -0.00000000 -1.00000000
    outer loop
      vertex 6.01877889 5.25432129 0.20000000
      vertex 6.11145508 5.32944661 0.20000000
      vertex -7.18220230 -10.16532260 0.20000000
    endloop
  endfacet
  facet normal 0.00000000 -0.00000000 -1.00000000
    outer loop
      vertex 5.92701172 5.17641146 0.20000000
      vertex 6.01877889 5.25432129 0.20000000
      vertex -7.18220230 -10.16532260 0.20000000
    endloop
  endfacet
  facet normal 0.00000000 -0.00000000 -1.00000000
    outer loop
      vertex 5.83541763 5.09505745 0.20000000
      vertex 5.92701172 5.17641146 0.20000000
      vertex -7.18220230 -10.16532260 0.20000000
    endloop
  endfacet
  facet normal 0.00000000 -0.00000000 -1.00000000
    outer loop
      vertex 3.89829691 3.33590719 0.20000000
      vertex 5.83541763 5.09505745 0.20000000
      vertex -7.18220230 -10.16532260 0.20000000
    endloop
  endfacet
  facet normal 0.00000000 -0.00000000 -1.00000000
    outer loop
      vertex 3.74762789 3.20168026 0.20000000
      vertex 3.89829691 3.33590719 0.20000000
      vertex -7.18220230 -10.16532260 0.20000000
    endloop
  endfacet
  facet normal 0.00000000 -0.00000000 -1.00000000
    outer loop
      vertex 3.59464604 3.07058757 0.20000000
      vertex 3.74762789 3.20168026 0.20000000
      vertex -7.18220230 -10.16532260 0.20000000
    endloop
  endfacet
  facet normal 0.00000000 -0.00000000 -1.00000000
    outer loop
      vertex 3.43998901 2.94320034 0.20000000
      vertex 3.59464604 3.07058757 0.20000000
      vertex -7.18220230 -10.16532260 0.20000000
    endloop
  endfacet
  facet normal 0.00000000 -0.00000000 -1.00000000
    outer loop
      vertex 3.28365797 2.81952252 0.20000000
      vertex 3.43998901 2.94320034 0.20000000
      vertex -7.18220230 -10.16532260 0.20000000
    endloop
  endfacet
  facet normal 0.00000000 -0.00000000 -1.00000000
    outer loop
      vertex 3.12565435 2.69955810 0.20000000
      vertex 3.28365797 2.81952252 0.20000000
      vertex -7.18220230 -10.16532260 0.20000000
    endloop
  endfacet
  facet normal 0.00000000 -0.00000000 -1.00000000
    outer loop
      vertex 2.96597992 2.58331105 0.20000000
      vertex 3.12565435 2.69955810 0.20000000
      vertex -7.18220230 -10.16532260 0.20000000
    endloop
  endfacet
  facet normal 0.00000000 -0.00000000 -1.00000000
    outer loop
      vertex 2.80463676 2.47078533 0.20000000
      vertex 2.96597992 2.58331105 0.20000000
      vertex -7.18220230 -10.16532260 0.20000000
    endloop
  endfacet
  facet normal 0.00000000 -0.00000000 -1.00000000
    outer loop
      vertex 2.64162725 2.36198486 0.20000000
      vertex 2.80463676 2.47078533 0.20000000
      vertex -7.18220230 -10.16532260 0.20000000
    endloop
  endfacet
  facet normal 0.00000000 -0.00000000 -1.00000000
    outer loop
      vertex 2.47695409 2.25691345 0.20000000
      vertex 2.64162725 2.36198486 0.20000000
      vertex -7.18220230 -10.16532260 0.20000000
    endloop
  endfacet
  facet normal 0.00000000 -0.00000000 -1.00000000
    outer loop
      vertex 2.31062028 2.15557482 0.20000000
      vertex 2.47695409 2.25691345 0.20000000
      vertex -7.18220230 -10.16532260 0.20000000
    endloop
  endfacet
  facet normal 0.00000000 -0.00000000 -1.00000000
    outer loop
      vertex 2.14262913 2.05797254 0.20000000
      vertex 2.31062028 2.15557482 0.20000000
      vertex -7.18220230 -10.16532260 0.20000000
    endloop
  endfacet
  facet normal 0.00000000 -0.00000000 -1.00000000
    outer loop
      vertex 1.97298420 1.96411003 0.20000000
      vertex 2.14262913 2.05797254 0.20000000
      vertex -7.18220230 -10.16532260 0.20000000
    endloop
  endfacet
  facet normal 0.00000000 -0.00000000 -1.00000000
    outer loop
      vertex 1.80168933 1.87399049 0.20000000
      vertex 1.97298420 1.96411003 0.20000000
      vertex -7.18220230 -10.16532260 0.20000000
    endloop
  endfacet
  facet normal 0.00000000 -0.00000000 -1.00000000
    outer loop
      vertex 1.62874860 1.78761692 0.20000000
      vertex 1.80168933 1.87399049 0.20000000
      vertex -7.18220230 -10.16532260 0.20000000
    endloop
  endfacet
  facet normal 0.00000000 -0.00000000 -1.00000000
    outer loop
      vertex 1.45416630 1.70499206 0.20000000
      vertex 1.62874860 1.78761692 0.20000000
      vertex -7.18220230 -10.16532260 0.20000000
    endloop
  endfacet
  facet normal 0.00000000 -0.00000000 -1.00000000
    outer loop
      vertex 1.27794692 1.62611840 0.20000000
      vertex 1.45416630 1.70499206 0.20000000
      vertex -7.18220230 -10.16532260 0.20000000
    endloop
  endfacet
  facet normal 0.00000000 -0.00000000 -1.00000000
    outer loop
      vertex 1.10009510 1.55099814 0.20000000
      vertex 1.27794692 1.62611840 0.20000000
      vertex -7.18220230 -10.16532260 0.20000000
    endloop
  endfacet
  facet normal 0.00000000 -0.00000000 -1.00000000
    outer loop
      vertex 0.92061561 1.47963317 0.20000000
      vertex 1.10009510 1.55099814 0.20000000
      vertex -7.18220230 -10.16532260 0.20000000
    endloop
  endfacet
  facet normal 0.00000000 -0.00000000 -1.00000000
    outer loop
      vertex 0.73951332 1.41202508 0.20000000
      vertex 0.92061561 1.47963317 0.20000000
      vertex -7.18220230 -10.16532260 0.20000000
    endloop
  endfacet
  facet normal 0.00000000 -0.00000000 -1.00000000
    outer loop
      vertex 0.55679319 1.34817515 0.20000000
      vertex 0.73951332 1.41202508 0.20000000
      vertex -7.18220230 -10.16532260 0.20000000
    endloop
  endfacet
  facet normal 0.00000000 -0.00000000 -1.00000000
    outer loop
      vertex 0.37246016 1.28808430 0.20000000
      vertex 0.55679319 1.34817515 0.20000000
      vertex -7.18220230 -10.16532260 0.20000000
    endloop
  endfacet
  facet normal 0.00000000 -0.00000000 -1.00000000
    outer loop
      vertex 0.18651922 1.23175315 0.20000000
      vertex 0.37246016 1.28808430 0.20000000
      vertex -7.18220230 -10.16532260 0.20000000
    endloop
  endfacet
  facet normal 0.00000000 -0.00000000 -1.00000000
    outer loop
      vertex -0.00102471 1.17918201 0.20000000
      vertex 0.18651922 1.23175315 0.20000000
      vertex -7.18220230 -10.16532260 0.20000000
    endloop
  endfacet
  facet normal 0.00000000 -0.00000000 -1.00000000
    outer loop
      vertex -0.19016678 1.13037083 0.20000000
      vertex -0.00102471 1.17918201 0.20000000
      vertex -7.18220230 -10.16532260 0.20000000
    endloop
  endfacet
  facet normal 0.00000000 -0.00000000 -1.00000000
    outer loop
      vertex -0.38090220 1.08531929 0.20000000
      vertex -0.19016678 1.13037083 0.20000000
      vertex -7.18220230 -10.16532260 0.20000000
    endloop
  endfacet
  facet normal 0.00000000 -0.00000000 -1.00000000
    outer loop
      vertex -0.57322635 1.04402674 0.20000000
      vertex -0.38090220 1.08531929 0.20000000
      vertex -7.18220230 -10.16532260 0.20000000
    endloop
  endfacet
  facet normal 0.00000000 -0.00000000 -1.00000000
    outer loop
      vertex -0.76713474 1.00649228 0.20000000
      vertex -0.57322635 1.04402674 0.20000000
      vertex -7.18220230 -10.16532260 0.20000000
    endloop
  endfacet
  facet normal 0.00000000 -0.00000000 -1.00000000
    outer loop
      vertex -0.96262306 0.97271473 0.20000000
      vertex -0.76713474 1.00649228 0.20000000
      vertex -7.18220230 -10.16532260 0.20000000
    endloop
  endfacet
  facet normal 0.00000000 -0.00000000 -1.00000000
    outer loop
      vertex -1.15968720 0.94269265 0.20000000
      vertex -0.96262306 0.97271473 0.20000000
      vertex -7.18220230 -10.16532260 0.20000000
    endloop
  endfacet
  facet normal 0.00000000 -0.00000000 -1.00000000
    outer loop
      vertex -1.35832325 0.91642439 0.20000000
      vertex -1.15968720 0.94269265 0.20000000
      vertex -7.18220230 -10.16532260 0.20000000
    endloop
  endfacet
  facet normal 0.00000000 -0.00000000 -1.00000000
    outer loop
      vertex -1.55852754 0.89390809 0.20000000
      vertex -1.35832325 0.91642439 0.20000000
      vertex -7.18220230 -10.16532260 0.20000000
    endloop
  endfacet
  facet normal 0.00000000 -0.00000000 -1.00000000
    outer loop
      vertex -1.75944743 0.87522070 0.20000000
      vertex -1.55852754 0.89390809 0.20000000
      vertex -7.18220230 -10.16532260 0.20000000
    endloop
  endfacet
  facet normal 0.00000000 -0.00000000 -1.00000000
    outer loop
      vertex -3.12369740 0.76144541 0.20000000
      vertex -1.75944743 0.87522070 0.20000000
      vertex -7.18220230 -10.16532260 0.20000000
    endloop
  endfacet
  facet normal 0.00000000 -0.00000000 -1.00000000
    outer loop
      vertex -3.32733169 0.74655550 0.20000000
      vertex -3.12369740 0.76144541 0.20000000
      vertex -7.18220230 -10.16532260 0.20000000
    endloop
  endfacet
  facet normal 0.00000000 -0.00000000 -1.00000000
    outer loop
      vertex -3.53075773 0.73589892 0.20000000
      vertex -3.32733169 0.74655550 0.20000000
      vertex -7.18220230 -10.16532260 0.20000000
    endloop
  endfacet
  facet normal 0.00000000 -0.00000000 -1.00000000
    outer loop
      vertex -3.73306194 0.72954564 0.20000000
      vertex -3.53075773 0.73589892 0.20000000
      vertex -7.18220230 -10.16532260 0.20000000
    endloop
  endfacet
  facet normal 0.00000000 -0.00000000 -1.00000000
    outer loop
      vertex -3.93424033 0.72749897 0.20000000
      vertex -3.73306194 0.72954564 0.20000000
      vertex -7.18220230 -10.16532260 0.20000000
    endloop
  endfacet
  facet normal 0.00000000 -0.00000000 -1.00000000
    outer loop
      vertex -4.13428857 0.72976197 0.20000000
      vertex -3.93424033 0.72749897 0.20000000
      vertex -7.18220230 -10.16532260 0.20000000
    endloop
  endfacet
  facet normal 0.00000000 -0.00000000 -1.00000000
    outer loop
      vertex -4.33320195 0.73633750 0.20000000
      vertex -4.13428857 0.72976197 0.20000000
      vertex -7.18220230 -10.16532260 0.20000000
    endloop
  endfacet
  facet normal 0.00000000 -0.00000000 -1.00000000
    outer loop
      vertex -4.53097540 0.74722812 0.20000000
      vertex -4.33320195 0.73633750 0.20000000
      vertex -7.18220230 -10.16532260 0.20000000
    endloop
  endfacet
  facet normal 0.00000000 -0.00000000 -1.00000000
    outer loop
      vertex -4.72760357 0.76243609 0.20000000
      vertex -4.53097540 0.74722812 0.20000000
      vertex -7.18220230 -10.16532260 0.20000000
    endloop
  endfacet
  facet normal 0.00000000 -0.00000000 -1.00000000
    outer loop
      vertex -4.92308077 0.78196332 0.20000000
      vertex -4.72760357 0.76243609 0.20000000
      vertex -7.18220230 -10.16532260 0.20000000
    endloop
  endfacet
  facet normal 0.00000000 -0.00000000 -1.00000000
    outer loop
      vertex -5.11740108 0.80581136 0.20000000
      vertex -4.92308077 0.78196332 0.20000000
      vertex -7.18220230 -10.16532260 0.20000000
    endloop
  endfacet
  facet normal 0.00000000 -0.00000000 -1.00000000
    outer loop
      vertex -5.31055833 0.83398134 0.20000000
      vertex -5.11740108 0.80581136 0.20000000
      vertex -7.18220230 -10.16532260 0.20000000
    endloop
  endfacet
  facet normal 0.00000000 -0.00000000 -1.00000000
    outer loop
      vertex -5.50254621 0.86647398 0.20000000
      vertex -5.31055833 0.83398134 0.20000000
      vertex -7.18220230 -10.16532260 0.20000000
    endloop
  endfacet
  facet normal 0.00000000 -0.00000000 -1.00000000
    outer loop
      vertex -5.69335824 0.90328955 0.20000000
      vertex -5.50254621 0.86647398 0.20000000
      vertex -7.18220230 -10.16532260 0.20000000
    endloop
  endfacet
  facet normal 0.00000000 -0.00000000 -1.00000000
    outer loop
      vertex -5.88298786 0.94442786 0.20000000
      vertex -5.69335824 0.90328955 0.20000000
      vertex -7.18220230 -10.16532260 0.20000000
    endloop
  endfacet
  facet normal 0.00000000 -0.00000000 -1.00000000
    outer loop
      vertex -6.07142850 0.98988826 0.20000000
      vertex -5.88298786 0.94442786 0.20000000
      vertex -7.18220230 -10.16532260 0.20000000
    endloop
  endfacet
  facet normal 0.00000000 -0.00000000 -1.00000000
    outer loop
      vertex -6.25867358 1.03966966 0.20000000
      vertex -6.07142850 0.98988826 0.20000000
      vertex -7.18220230 -10.16532260 0.20000000
    endloop
  endfacet
  facet normal 0.00000000 -0.00000000 -1.00000000
    outer loop
      vertex -6.44471661 1.09377048 0.20000000
      vertex -6.25867358 1.03966966 0.20000000
      vertex -7.18220230 -10.16532260 0.20000000
    endloop
  endfacet
  facet normal 0.00000000 -0.00000000 -1.00000000
    outer loop
      vertex -6.62955122 1.15218871 0.20000000
      vertex -6.44471661 1.09377048 0.20000000
      vertex -7.18220230 -10.16532260 0.20000000
    endloop
  endfacet
  facet normal 0.00000000 -0.00000000 -1.00000000
    outer loop
      vertex -6.81317122 1.21492191 0.20000000
      vertex -6.62955122 1.15218871 0.20000000
      vertex -7.18220230 -10.16532260 0.20000000
    endloop
  endfacet
  facet normal 0.00000000 -0.00000000 -1.00000000
    outer loop
      vertex -6.99557062 1.28196722 0.20000000
      vertex -6.81317122 1.21492191 0.20000000
      vertex -7.18220230 -10.16532260 0.20000000
    endloop
  endfacet
  facet normal 0.00000000 -0.00000000 -1.00000000
    outer loop
      vertex -7.17674372 1.35332142 0.20000000
      vertex -6.99557062 1.28196722 0.20000000
      vertex -7.18220230 -10.16532260 0.20000000
    endloop
  endfacet
  facet normal 0.00000000 0.00000000 -1.00000000
    outer loop
      vertex -7.35668514 1.42898094 0.20000000
      vertex -7.17674372 1.35332142 0.20000000
      vertex -7.18220230 -10.16532260 0.20000000
    endloop
  endfacet
  facet normal 0.00000000 0.00000000 -1.00000000
    outer loop
      vertex -7.53538980 1.50894189 0.20000000
      vertex -7.35668514 1.42898094 0.20000000
      vertex -7.18220230 -10.16532260 0.20000000
    endloop
  endfacet
  facet normal 0.00000000 0.00000000 -1.00000000
    outer loop
      vertex -7.71285303 1.59320012 0.20000000
      vertex -7.53538980 1.50894189 0.20000000
      vertex -7.18220230 -10.16532260 0.20000000
    endloop
  endfacet
  facet normal 0.00000000 0.00000000 -1.00000000
    outer loop
      vertex -7.88907056 1.68175125 0.20000000
      vertex -7.71285303 1.59320012 0.20000000
      vertex -7.18220230 -10.16532260 0.20000000
    endloop
  endfacet
  facet normal 0.00000000 0.00000000 -1.00000000
    outer loop
      vertex -8.06403850 1.77459070 0.20000000
      vertex -7.88907056 1.68175125 0.20000000
      vertex -7.18220230 -10.16532260 0.20000000
    endloop
  endfacet
  facet normal 0.00000000 0.00000000 -1.00000000
    outer loop
      vertex -8.23775343 1.87171377 0.20000000
      vertex -8.06403850 1.77459070 0.20000000
      vertex -7.18220230 -10.16532260 0.20000000
    endloop
  endfacet
  facet normal 0.00000000 0.00000000 -1.00000000
    outer loop
      vertex -8.41021235 1.97311566 0.20000000
      vertex -8.23775343 1.87171377 0.20000000
      vertex -7.18220230 -10.16532260 0.20000000
    endloop
  endfacet
  facet normal 0.00000000 0.00000000 -1.00000000
    outer loop
      vertex -8.58141269 2.07879148 0.20000000
      vertex -8.41021235 1.97311566 0.20000000
      vertex -7.18220230 -10.16532260 0.20000000
    endloop
  endfacet
  facet normal 0.00000000 0.00000000 -1.00000000
    outer loop
      vertex -8.75135232 2.18873636 0.20000000
      vertex -8.58141269 2.07879148 0.20000000
      vertex -7.18220230 -10.16532260 0.20000000
    endloop
  endfacet
  facet normal 0.00000000 0.00000000 -1.00000000
    outer loop
      vertex -8.92002954 2.30294544 0.20000000
      vertex -8.75135232 2.18873636 0.20000000
      vertex -7.18220230 -10.16532260 0.20000000
    endloop
  endfacet
  facet normal 0.00000000 0.00000000 -1.00000000
    outer loop
      vertex -9.08669825 2.42088684 0.20000000
      vertex -8.92002954 2.30294544 0.20000000
      vertex -7.18220230 -10.16532260 0.20000000
    endloop
  endfacet
  facet normal 0.00000000 0.00000000 -1.00000000
    outer loop
      vertex -10.84593521 3.69295746 0.20000000
      vertex -9.08669825 2.42088684 0.20000000
      vertex -7.18220230 -10.16532260 0.20000000
    endloop
  endfacet
  facet normal 0.00000000 0.00000000 -1.00000000
    outer loop
      vertex -10.93740192 3.76034428 0.20000000
      vertex -10.84593521 3.69295746 0.20000000
      vertex -7.18220230 -10.16532260 0.20000000
    endloop
  endfacet
  facet normal 0.00000000 0.00000000 -1.00000000
    outer loop
      vertex -11.02784121 3.82951415 0.20000000
      vertex -10.93740192 3.76034428 0.20000000
      vertex -7.18220230 -10.16532260 0.20000000
    endloop
  endfacet
  facet normal 0.00000000 0.00000000 -1.00000000
    outer loop
      vertex -11.11660789 3.89999391 0.20000000
      vertex -11.02784121 3.82951415 0.20000000
      vertex -7.18220230 -10.16532260 0.20000000
    endloop
  endfacet
  facet normal 0.00000000 0.00000000 -1.00000000
    outer loop
      vertex -11.20369868 3.97178315 0.20000000
      vertex -11.11660789 3.89999391 0.20000000
      vertex -7.18220230 -10.16532260 0.20000000
    endloop
  endfacet
  facet normal 0.00000000 0.00000000 -1.00000000
    outer loop
      vertex -11.28911025 4.04488126 0.20000000
      vertex -11.20369868 3.97178315 0.20000000
      vertex -7.18220230 -10.16532260 0.20000000
    endloop
  endfacet
  facet normal 0.00000000 0.00000000 -1.00000000
    outer loop
      vertex -11.37283924 4.11928738 0.20000000
      vertex -11.28911025 4.04488126 0.20000000
      vertex -7.18220230 -10.16532260 0.20000000
    endloop
  endfacet
  facet normal 0.00000000 0.00000000 -1.00000000
    outer loop
      vertex -11.45488225 4.19500045 0.20000000
      vertex -11.37283924 4.11928738 0.20000000
      vertex -7.18220230 -10.16532260 0.20000000
    endloop
  endfacet
  facet normal 0.00000000 0.00000000 -1.00000000
    outer loop
      vertex -11.53523591 4.27201917 0.20000000
      vertex -11.45488225 4.19500045 0.20000000
      vertex -7.18220230 -10.16532260 0.20000000
    endloop
  endfacet
  facet normal 0.00000000 0.00000000 -1.00000000
    outer loop
      vertex -11.61389686 4.35034200 0.20000000
      vertex -11.53523591 4.27201917 0.20000000
      vertex -7.18220230 -10.16532260 0.20000000
    endloop
  endfacet
  facet normal 0.00000000 0.00000000 -1.00000000
    outer loop
      vertex -11.69086178 4.42996719 0.20000000
      vertex -11.61389686 4.35034200 0.20000000
      vertex -7.18220230 -10.16532260 0.20000000
    endloop
  endfacet
  facet normal 0.00000000 0.00000000 -1.00000000
    outer loop
      vertex -11.76612740 4.51089277 0.20000000
      vertex -11.69086178 4.42996719 0.20000000
      vertex -7.18220230 -10.16532260 0.20000000
    endloop
  endfacet
  facet normal 0.00000000 0.00000000 -1.00000000
    outer loop
      vertex -11.83969055 4.59311651 0.20000000
      vertex -11.76612740 4.51089277 0.20000000
      vertex -7.18220230 -10.16532260 0.20000000
    endloop
  endfacet
  facet normal 0.00000000 0.00000000 -1.00000000
    outer loop
      vertex -11.91154815 4.67663603 0.20000000
      vertex -11.83969055 4.59311651 0.20000000
      vertex -7.18220230 -10.16532260 0.20000000
    endloop
  endfacet
  facet normal 0.00000000 0.00000000 -1.00000000
    outer loop
      vertex -11.98169725 4.76144870 0.20000000
      vertex -11.91154815 4.67663603 0.20000000
      vertex -7.18220230 -10.16532260 0.20000000
    endloop
  endfacet
  facet normal 0.00000000 0.00000000 -1.00000000
    outer loop
      vertex -12.05013502 4.84755172 0.20000000
      vertex -11.98169725 4.76144870 0.20000000
      vertex -7.18220230 -10.16532260 0.20000000
    endloop
  endfacet
  facet normal 0.00000000 0.00000000 -1.00000000
    outer loop
      vertex -12.11685882 4.93494213 0.20000000
      vertex -12.05013502 4.84755172 0.20000000
      vertex -7.18220230 -10.16532260 0.20000000
    endloop
  endfacet
  facet normal 0.00000000 0.00000000 -1.00000000
    outer loop
      vertex -12.18186614 5.02361680 0.20000000
      vertex -12.11685882 4.93494213 0.20000000
      vertex -7.18220230 -10.16532260 0.20000000
    endloop
  endfacet
  facet normal 0.00000000 0.00000000 -1.00000000
    outer loop
      vertex -12.24515470 5.11357245 0.20000000
      vertex -12.18186614 5.02361680 0.20000000
      vertex -7.18220230 -10.16532260 0.20000000
    endloop
  endfacet
  facet normal 0.00000000 0.00000000 -1.00000000
    outer loop
      vertex -12.30672239 5.20480569 0.20000000
      vertex -12.24515470 5.11357245 0.20000000
      vertex -7.18220230 -10.16532260 0.20000000
    endloop
  endfacet
  facet normal 0.00000000 0.00000000 -1.00000000
    outer loop
      vertex -12.36656731 5.29731304 0.20000000
      vertex -12.30672239 5.20480569 0.20000000
      vertex -7.18220230 -10.16532260 0.20000000
    endloop
  endfacet
  facet normal 0.00000000 0.00000000 -1.00000000
    outer loop
      vertex -12.42468781 5.39109091 0.20000000
      vertex -12.36656731 5.29731304 0.20000000
      vertex -7.18220230 -10.16532260 0.20000000
    endloop
  endfacet
  facet normal 0.00000000 0.00000000 -1.00000000
    outer loop
      vertex -12.48108243 5.48613568 0.20000000
      vertex -12.42468781 5.39109091 0.20000000
      vertex -7.18220230 -10.16532260 0.20000000
    endloop
  endfacet
  facet normal 0.00000000 0.00000000 -1.00000000
    outer loop
      vertex -12.53574996 5.58244368 0.20000000
      vertex -12.48108243 5.48613568 0.20000000
      vertex -7.18220230 -10.16532260 0.20000000
    endloop
  endfacet
  facet normal 0.00000000 0.00000000 -1.00000000
    outer loop
      vertex -12.58868942 5.68001122 0.20000000
      vertex -12.53574996 5.58244368 0.20000000
      vertex -7.18220230 -10.16532260 0.20000000
    endloop
  endfacet
  facet normal 0.00000000 0.00000000 -1.00000000
    outer loop
      vertex -12.63990006 5.77883462 0.20000000
      vertex -12.58868942 5.68001122 0.20000000
      vertex -7.18220230 -10.16532260 0.20000000
    endloop
  endfacet
  facet normal 0.00000000 0.00000000 -1.00000000
    outer loop
      vertex -12.68938136 5.87891022 0.20000000
      vertex -12.63990006 5.77883462 0.20000000
      vertex -7.18220230 -10.16532260 0.20000000
    endloop
  endfacet
  facet normal 0.00000000 0.00000000 -1.00000000
    outer loop
      vertex -12.73713303 5.98023441 0.20000000
      vertex -12.68938136 5.87891022 0.20000000
      vertex -7.18220230 -10.16532260 0.20000000
    endloop
  endfacet
  facet normal 0.00000000 0.00000000 -1.00000000
    outer loop
      vertex -12.78315499 6.08280365 0.20000000
      vertex -12.73713303 5.98023441 0.20000000
      vertex -7.18220230 -10.16532260 0.20000000
    endloop
  endfacet
  facet normal 0.00000000 0.00000000 -1.00000000
    outer loop
      vertex -12.82744740 6.18661446 0.20000000
      vertex -12.78315499 6.08280365 0.20000000
      vertex -7.18220230 -10.16532260 0.20000000
    endloop
  endfacet
  facet normal 0.00000000 0.00000000 -1.00000000
    outer loop
      vertex -12.87001058 6.29166347 0.20000000
      vertex -12.82744740 6.18661446 0.20000000
      vertex -7.18220230 -10.16532260 0.20000000
    endloop
  endfacet
  facet normal 0.00000000 0.00000000 -1.00000000
    outer loop
      vertex -12.91084508 6.39794744 0.20000000
      vertex -12.87001058 6.29166347 0.20000000
      vertex -7.18220230 -10.16532260 0.20000000
    endloop
  endfacet
  facet normal 0.00000000 0.00000000 -1.00000000
    outer loop
      vertex -12.94967905 6.50471384 0.20000000
      vertex -12.91084508 6.39794744 0.20000000
      vertex -7.18220230 -10.16532260 0.20000000
    endloop
  endfacet
  facet normal -0.00000000 -0.00000000 -1.00000000
    outer loop
      vertex -12.94967905 6.50471384 0.20000000
      vertex -7.18220230 -10.16532260 0.20000000
      vertex -14.20212113 10.00027348 0.20000000
    endloop
  endfacet
  facet normal -0.00000000 -0.00000000 -1.00000000
    outer loop
      vertex -13.42692153 7.85410205 0.20000000
      vertex -12.94967905 6.50471384 0.20000000
      vertex -14.20212113 10.00027348 0.20000000
    endloop
  endfacet
  facet normal -0.00000000 -0.00000000 -1.00000000
    outer loop
      vertex -13.44270813 7.89924591 0.20000000
      vertex -13.42692153 7.85410205 0.20000000
      vertex -14.20212113 10.00027348 0.20000000
    endloop
  endfacet
  facet normal -0.00000000 -0.00000000 -1.00000000
    outer loop
      vertex -13.45826638 7.94476981 0.20000000
      vertex -13.44270813 7.89924591 0.20000000
      vertex -14.20212113 10.00027348 0.20000000
    endloop
  endfacet
  facet normal -0.00000000 -0.00000000 -1.00000000
    outer loop
      vertex -13.47349109 7.99037309 0.20000000
      vertex -13.45826638 7.94476981 0.20000000
      vertex -14.20212113 10.00027348 0.20000000
    endloop
  endfacet
  facet normal -0.00000000 -0.00000000 -1.00000000
    outer loop
      vertex -13.48838217 8.03605558 0.20000000
      vertex -13.47349109 7.99037309 0.20000000
      vertex -14.20212113 10.00027348 0.20000000
    endloop
  endfacet
  facet normal -0.00000000 -0.00000000 -1.00000000
    outer loop
      vertex -13.50293952 8.08181710 0.20000000
      vertex -13.48838217 8.03605558 0.20000000
      vertex -14.20212113 10.00027348 0.20000000
    endloop
  endfacet
  facet normal -0.00000000 -0.00000000 -1.00000000
    outer loop
      vertex -13.51716307 8.12765750 0.20000000
      vertex -13.50293952 8.08181710 0.20000000
      vertex -14.20212113 10.00027348 0.20000000
    endloop
  endfacet
  facet normal -0.00000000 -0.00000000 -1.00000000
    outer loop
      vertex -13.53105271 8.17357658 0.20000000
      vertex -13.51716307 8.12765750 0.20000000
      vertex -14.20212113 10.00027348 0.20000000
    endloop
  endfacet
  facet normal -0.00000000 -0.00000000 -1.00000000
    outer loop
      vertex -13.54460838 8.21957418 0.20000000
      vertex -13.53105271 8.17357658 0.20000000
      vertex -14.20212113 10.00027348 0.20000000
    endloop
  endfacet
  facet normal -0.00000000 -0.00000000 -1.00000000
    outer loop
      vertex -13.55782998 8.26565011 0.20000000
      vertex -13.54460838 8.21957418 0.20000000
      vertex -14.20212113 10.00027348 0.20000000
    endloop
  endfacet
  facet normal -0.00000000 -0.00000000 -1.00000000
    outer loop
      vertex -13.57071746 8.31180418 0.20000000
      vertex -13.55782998 8.26565011 0.20000000
      vertex -14.20212113 10.00027348 0.20000000
    endloop
  endfacet
  facet normal -0.00000000 -0.00000000 -1.00000000
    outer loop
      vertex -13.58327073 8.35803622 0.20000000
      vertex -13.57071746 8.31180418 0.20000000
      vertex -14.20212113 10.00027348 0.20000000
    endloop
  endfacet
  facet normal -0.00000000 -0.00000000 -1.00000000
    outer loop
      vertex -13.59548973 8.40434604 0.20000000
      vertex -13.58327073 8.35803622 0.20000000
      vertex -14.20212113 10.00027348 0.20000000
    endloop
  endfacet
  facet normal -0.00000000 -0.00000000 -1.00000000
    outer loop
      vertex -13.60737440 8.45073344 0.20000000
      vertex -13.59548973 8.40434604 0.20000000
      vertex -14.20212113 10.00027348 0.20000000
    endloop
  endfacet
  facet normal -0.00000000 -0.00000000 -1.00000000
    outer loop
      vertex -13.61892467 8.49719824 0.20000000
      vertex -13.60737440 8.45073344 0.20000000
      vertex -14.20212113 10.00027348 0.20000000
    endloop
  endfacet
  facet normal -0.00000000 -0.00000000 -1.00000000
    outer loop
      vertex -13.63014050 8.54374026 0.20000000
      vertex -13.61892467 8.49719824 0.20000000
      vertex -14.20212113 10.00027348 0.20000000
    endloop
  endfacet
  facet normal -0.00000000 -0.00000000 -1.00000000
    outer loop
      vertex -13.64102183 8.59035928 0.20000000
      vertex -13.63014050 8.54374026 0.20000000
      vertex -14.20212113 10.00027348 0.20000000
    endloop
  endfacet
  facet normal -0.00000000 -0.00000000 -1.00000000
    outer loop
      vertex -13.65156862 8.63705513 0.20000000
      vertex -13.64102183 8.59035928 0.20000000
      vertex -14.20212113 10.00027348 0.20000000
    endloop
  endfacet
  facet normal -0.00000000 -0.00000000 -1.00000000
    outer loop
      vertex -13.66178082 8.68382761 0.20000000
      vertex -13.65156862 8.63705513 0.20000000
      vertex -14.20212113 10.00027348 0.20000000
    endloop
  endfacet
  facet normal -0.00000000 -0.00000000 -1.00000000
    outer loop
      vertex -13.67165839 8.73067652 0.20000000
      vertex -13.66178082 8.68382761 0.20000000
      vertex -14.20212113 10.00027348 0.20000000
    endloop
  endfacet
  facet normal -0.00000000 -0.00000000 -1.00000000
    outer loop
      vertex -13.68120131 8.77760167 0.20000000
      vertex -13.67165839 8.73067652 0.20000000
      vertex -14.20212113 10.00027348 0.20000000
    endloop
  endfacet
  facet normal -0.00000000 -0.00000000 -1.00000000
    outer loop
      vertex -13.69040953 8.82460286 0.20000000
      vertex -13.68120131 8.77760167 0.20000000
      vertex -14.20212113 10.00027348 0.20000000
    endloop
  endfacet
  facet normal -0.00000000 -0.00000000 -1.00000000
    outer loop
      vertex -13.69928304 8.87167989 0.20000000
      vertex -13.69040953 8.82460286 0.20000000
      vertex -14.20212113 10.00027348 0.20000000
    endloop
  endfacet
  facet normal -0.00000000 -0.00000000 -1.00000000
    outer loop
      vertex -13.70782182 8.91883256 0.20000000
      vertex -13.69928304 8.87167989 0.20000000
      vertex -14.20212113 10.00027348 0.20000000
    endloop
  endfacet
  facet normal -0.00000000 -0.00000000 -1.00000000
    outer loop
      vertex -13.71602584 8.96606069 0.20000000
      vertex -13.70782182 8.91883256 0.20000000
      vertex -14.20212113 10.00027348 0.20000000
    endloop
  endfacet
  facet normal -0.00000000 -0.00000000 -1.00000000
    outer loop
      vertex -13.72389510 9.01336407 0.20000000
      vertex -13.71602584 8.96606069 0.20000000
      vertex -14.20212113 10.00027348 0.20000000
    endloop
  endfacet
  facet normal -0.00000000 -0.00000000 -1.00000000
    outer loop
      vertex -13.73142959 9.06074250 0.20000000
      vertex -13.72389510 9.01336407 0.20000000
      vertex -14.20212113 10.00027348 0.20000000
    endloop
  endfacet
  facet normal -0.00000000 -0.00000000 -1.00000000
    outer loop
      vertex -13.73862930 9.10819580 0.20000000
      vertex -13.73142959 9.06074250 0.20000000
      vertex -14.20212113 10.00027348 0.20000000
    endloop
  endfacet
  facet normal -0.00000000 -0.00000000 -1.00000000
    outer loop
      vertex -13.74549423 9.15572376 0.20000000
      vertex -13.73862930 9.10819580 0.20000000
      vertex -14.20212113 10.00027348 0.20000000
    endloop
  endfacet
  facet normal -0.00000000 -0.00000000 -1.00000000
    outer loop
      vertex -13.75202438 9.20332618 0.20000000
      vertex -13.74549423 9.15572376 0.20000000
      vertex -14.20212113 10.00027348 0.20000000
    endloop
  endfacet
  facet normal -0.00000000 -0.00000000 -1.00000000
    outer loop
      vertex -13.75821977 9.25100288 0.20000000
      vertex -13.75202438 9.20332618 0.20000000
      vertex -14.20212113 10.00027348 0.20000000
    endloop
  endfacet
  facet normal -0.00000000 -0.00000000 -1.00000000
    outer loop
      vertex -13.76408041 9.29875367 0.20000000
      vertex -13.75821977 9.25100288 0.20000000
      vertex -14.20212113 10.00027348 0.20000000
    endloop
  endfacet
  facet normal -0.00000000 -0.00000000 -1.00000000
    outer loop
      vertex -13.76956978 9.34626210 0.20000000
      vertex -13.76408041 9.29875367 0.20000000
      vertex -14.20212113 10.00027348 0.20000000
    endloop
  endfacet
  facet normal 0.00000000 -0.00000000 -1.00000000
    outer loop
      vertex -13.84792054 10.04607682 0.20000000
      vertex -13.76956978 9.34626210 0.20000000
      vertex -14.20212113 10.00027348 0.20000000
    endloop
  endfacet
  facet normal 0.00000000 -0.00000000 -1.00000000
    outer loop
      vertex -13.84989432 10.06148956 0.20000000
      vertex -13.84792054 10.04607682 0.20000000
      vertex -14.20212113 10.00027348 0.20000000
    endloop
  endfacet
  facet normal 0.00000000 -0.00000000 -1.00000000
    outer loop
      vertex -13.85199883 10.07447581 0.20000000
      vertex -13.84989432 10.06148956 0.20000000
      vertex -14.20212113 10.00027348 0.20000000
    endloop
  endfacet
  facet normal 0.00000000 -0.00000000 -1.00000000
    outer loop
      vertex -13.85436793 10.08640065 0.20000000
      vertex -13.85199883 10.07447581 0.20000000
      vertex -14.20212113 10.00027348 0.20000000
    endloop
  endfacet
  facet normal 0.00000000 -0.00000000 -1.00000000
    outer loop
      vertex -13.85695508 10.09726134 0.20000000
      vertex -13.85436793 10.08640065 0.20000000
      vertex -14.20212113 10.00027348 0.20000000
    endloop
  endfacet
  facet normal 0.00000000 -0.00000000 -1.00000000
    outer loop
      vertex -13.85970964 10.10706215 0.20000000
      vertex -13.85695508 10.09726134 0.20000000
      vertex -14.20212113 10.00027348 0.20000000
    endloop
  endfacet
  facet normal 0.00000000 -0.00000000 -1.00000000
    outer loop
      vertex -13.86550378 10.12354848 0.20000000
      vertex -13.85970964 10.10706215 0.20000000
      vertex -14.20212113 10.00027348 0.20000000
    endloop
  endfacet
  facet normal 0.00000000 -0.00000000 -1.00000000
    outer loop
      vertex -13.87131287 10.13611097 0.20000000
      vertex -13.86550378 10.12354848 0.20000000
      vertex -14.20212113 10.00027348 0.20000000
    endloop
  endfacet
  facet normal 0.00000000 -0.00000000 -1.00000000
    outer loop
      vertex -13.87676113 10.14523173 0.20000000
      vertex -13.87131287 10.13611097 0.20000000
      vertex -14.20212113 10.00027348 0.20000000
    endloop
  endfacet
  facet normal 0.00000000 -0.00000000 -1.00000000
    outer loop
      vertex -13.88392668 10.15408630 0.20000000
      vertex -13.87676113 10.14523173 0.20000000
      vertex -14.20212113 10.00027348 0.20000000
    endloop
  endfacet
  facet normal 0.00000000 -0.00000000 -1.00000000
    outer loop
      vertex -13.89326082 10.16145277 0.20000000
      vertex -13.88392668 10.15408630 0.20000000
      vertex -14.20212113 10.00027348 0.20000000
    endloop
  endfacet
  facet normal 0.00000000 -0.00000000 -1.00000000
    outer loop
      vertex -13.90353830 10.16636417 0.20000000
      vertex -13.89326082 10.16145277 0.20000000
      vertex -14.20212113 10.00027348 0.20000000
    endloop
  endfacet
  facet normal 0.00000000 -0.00000000 -1.00000000
    outer loop
      vertex -13.91367556 10.16954344 0.20000000
      vertex -13.90353830 10.16636417 0.20000000
      vertex -14.20212113 10.00027348 0.20000000
    endloop
  endfacet
  facet normal 0.00000000 -0.00000000 -1.00000000
    outer loop
      vertex -13.92724417 10.17227376 0.20000000
      vertex -13.91367556 10.16954344 0.20000000
      vertex -14.20212113 10.00027348 0.20000000
    endloop
  endfacet
  facet normal 0.00000000 -0.00000000 -1.00000000
    outer loop
      vertex -13.94462569 10.17407757 0.20000000
      vertex -13.92724417 10.17227376 0.20000000
      vertex -14.20212113 10.00027348 0.20000000
    endloop
  endfacet
  facet normal 0.00000000 -0.00000000 -1.00000000
    outer loop
      vertex -13.95479833 10.17447884 0.20000000
      vertex -13.94462569 10.17407757 0.20000000
      vertex -14.20212113 10.00027348 0.20000000
    endloop
  endfacet
  facet normal 0.00000000 -0.00000000 -1.00000000
    outer loop
      vertex -13.96596291 10.17447096 0.20000000
      vertex -13.95479833 10.17447884 0.20000000
      vertex -14.20212113 10.00027348 0.20000000
    endloop
  endfacet
  facet normal 0.00000000 -0.00000000 -1.00000000
    outer loop
      vertex -13.97811183 10.17400368 0.20000000
      vertex -13.96596291 10.17447096 0.20000000
      vertex -14.20212113 10.00027348 0.20000000
    endloop
  endfacet
  facet normal 0.00000000 -0.00000000 -1.00000000
    outer loop
      vertex -13.99123159 10.17303237 0.20000000
      vertex -13.97811183 10.17400368 0.20000000
      vertex -14.20212113 10.00027348 0.20000000
    endloop
  endfacet
  facet normal 0.00000000 -0.00000000 -1.00000000
    outer loop
      vertex -14.00668102 10.17136995 0.20000000
      vertex -13.99123159 10.17303237 0.20000000
      vertex -14.20212113 10.00027348 0.20000000
    endloop
  endfacet
  facet normal 0.00000000 -0.00000000 -1.00000000
    outer loop
      vertex -14.07541337 10.16286847 0.20000000
      vertex -14.00668102 10.17136995 0.20000000
      vertex -14.20212113 10.00027348 0.20000000
    endloop
  endfacet
  facet normal 0.00000000 -0.00000000 -1.00000000
    outer loop
      vertex -14.09080771 10.16071576 0.20000000
      vertex -14.07541337 10.16286847 0.20000000
      vertex -14.20212113 10.00027348 0.20000000
    endloop
  endfacet
  facet normal 0.00000000 -0.00000000 -1.00000000
    outer loop
      vertex -14.10378519 10.15845859 0.20000000
      vertex -14.09080771 10.16071576 0.20000000
      vertex -14.20212113 10.00027348 0.20000000
    endloop
  endfacet
  facet normal 0.00000000 -0.00000000 -1.00000000
    outer loop
      vertex -14.11571031 10.15594658 0.20000000
      vertex -14.10378519 10.15845859 0.20000000
      vertex -14.20212113 10.00027348 0.20000000
    endloop
  endfacet
  facet normal 0.00000000 -0.00000000 -1.00000000
    outer loop
      vertex -14.12658156 10.15322540 0.20000000
      vertex -14.11571031 10.15594658 0.20000000
      vertex -14.20212113 10.00027348 0.20000000
    endloop
  endfacet
  facet normal 0.00000000 -0.00000000 -1.00000000
    outer loop
      vertex -14.13640445 10.15034453 0.20000000
      vertex -14.12658156 10.15322540 0.20000000
      vertex -14.20212113 10.00027348 0.20000000
    endloop
  endfacet
  facet normal 0.00000000 -0.00000000 -1.00000000
    outer loop
      vertex -14.15297369 10.14431448 0.20000000
      vertex -14.13640445 10.15034453 0.20000000
      vertex -14.20212113 10.00027348 0.20000000
    endloop
  endfacet
  facet normal 0.00000000 -0.00000000 -1.00000000
    outer loop
      vertex -14.16567466 10.13827781 0.20000000
      vertex -14.15297369 10.14431448 0.20000000
      vertex -14.20212113 10.00027348 0.20000000
    endloop
  endfacet
  facet normal 0.00000000 -0.00000000 -1.00000000
    outer loop
      vertex -14.17498647 10.13259057 0.20000000
      vertex -14.16567466 10.13827781 0.20000000
      vertex -14.20212113 10.00027348 0.20000000
    endloop
  endfacet
  facet normal 0.00000000 -0.00000000 -1.00000000
    outer loop
      vertex -14.18418982 10.12500790 0.20000000
      vertex -14.17498647 10.13259057 0.20000000
      vertex -14.20212113 10.00027348 0.20000000
    endloop
  endfacet
  facet normal 0.00000000 -0.00000000 -1.00000000
    outer loop
      vertex -14.19198597 10.11500367 0.20000000
      vertex -14.18418982 10.12500790 0.20000000
      vertex -14.20212113 10.00027348 0.20000000
    endloop
  endfacet
  facet normal 0.00000000 -0.00000000 -1.00000000
    outer loop
      vertex -14.19709011 10.10422656 0.20000000
      vertex -14.19198597 10.11500367 0.20000000
      vertex -14.20212113 10.00027348 0.20000000
    endloop
  endfacet
  facet normal 0.00000000 -0.00000000 -1.00000000
    outer loop
      vertex -14.20032977 10.09380738 0.20000000
      vertex -14.19709011 10.10422656 0.20000000
      vertex -14.20212113 10.00027348 0.20000000
    endloop
  endfacet
  facet normal 0.00000000 0.00000000 -1.00000000
    outer loop
      vertex -14.20308019 10.08001640 0.20000000
      vertex -14.20032977 10.09380738 0.20000000
      vertex -14.20212113 10.00027348 0.20000000
    endloop
  endfacet
  facet normal 0.00000000 0.00000000 -1.00000000
    outer loop
      vertex -14.20487903 10.06247601 0.20000000
      vertex -14.20308019 10.08001640 0.20000000
      vertex -14.20212113 10.00027348 0.20000000
    endloop
  endfacet
  facet normal 0.00000000 0.00000000 -1.00000000
    outer loop
      vertex -14.20527251 10.05224695 0.20000000
      vertex -14.20487903 10.06247601 0.20000000
      vertex -14.20212113 10.00027348 0.20000000
    endloop
  endfacet
  facet normal 0.00000000 0.00000000 -1.00000000
    outer loop
      vertex -14.20525499 10.04104031 0.20000000
      vertex -14.20527251 10.05224695 0.20000000
      vertex -14.20212113 10.00027348 0.20000000
    endloop
  endfacet
  facet normal 0.00000000 0.00000000 -1.00000000
    outer loop
      vertex -14.20477714 10.02886286 0.20000000
      vertex -14.20525499 10.04104031 0.20000000
      vertex -14.20212113 10.00027348 0.20000000
    endloop
  endfacet
  facet normal 0.00000000 0.00000000 -1.00000000
    outer loop
      vertex -14.20212113 10.00027348 0.20000000
      vertex -14.20379505 10.01572721 0.20000000
      vertex -14.20477714 10.02886286 0.20000000
    endloop
  endfacet
  facet normal 0.00000000 0.00000000 1.00000000
    outer loop
      vertex -14.20212113 10.00027348 0.00000000
      vertex -12.37862022 -4.65751328 0.00000000
      vertex -12.32359142 -5.04901732 0.00000000
    endloop
  endfacet
  facet normal 0.00000000 0.00000000 1.00000000
    outer loop
      vertex -14.20212113 10.00027348 0.00000000
      vertex -12.32359142 -5.04901732 0.00000000
      vertex -12.25800338 -5.42449164 0.00000000
    endloop
  endfacet
  facet normal 0.00000000 0.00000000 1.00000000
    outer loop
      vertex -14.20212113 10.00027348 0.00000000
      vertex -12.25800338 -5.42449164 0.00000000
      vertex -12.18170554 -5.78529954 0.00000000
    endloop
  endfacet
  facet normal 0.00000000 0.00000000 1.00000000
    outer loop
      vertex -14.20212113 10.00027348 0.00000000
      vertex -12.18170554 -5.78529954 0.00000000
      vertex -12.09474453 -6.13143877 0.00000000
    endloop
  endfacet
  facet normal 0.00000000 0.00000000 1.00000000
    outer loop
      vertex -14.20212113 10.00027348 0.00000000
      vertex -12.09474453 -6.13143877 0.00000000
      vertex -11.99717101 -6.46291420 0.00000000
    endloop
  endfacet
  facet normal 0.00000000 0.00000000 1.00000000
    outer loop
      vertex -14.20212113 10.00027348 0.00000000
      vertex -11.99717101 -6.46291420 0.00000000
      vertex -11.88903876 -6.77973977 0.00000000
    endloop
  endfacet
  facet normal 0.00000000 0.00000000 1.00000000
    outer loop
      vertex -14.20212113 10.00027348 0.00000000
      vertex -11.88903876 -6.77973977 0.00000000
      vertex -11.77040316 -7.08194055 0.00000000
    endloop
  endfacet
  facet normal 0.00000000 0.00000000 1.00000000
    outer loop
      vertex -14.20212113 10.00027348 0.00000000
      vertex -11.77040316 -7.08194055 0.00000000
      vertex -11.64131893 -7.36955472 0.00000000
    endloop
  endfacet
  facet normal 0.00000000 0.00000000 1.00000000
    outer loop
      vertex -14.20212113 10.00027348 0.00000000
      vertex -11.64131893 -7.36955472 0.00000000
      vertex -11.50183714 -7.64263524 0.00000000
    endloop
  endfacet
  facet normal 0.00000000 0.00000000 1.00000000
    outer loop
      vertex -14.20212113 10.00027348 0.00000000
      vertex -11.50183714 -7.64263524 0.00000000
      vertex -11.35200144 -7.90125073 0.00000000
    endloop
  endfacet
  facet normal 0.00000000 0.00000000 1.00000000
    outer loop
      vertex -14.20212113 10.00027348 0.00000000
      vertex -11.35200144 -7.90125073 0.00000000
      vertex -11.19184370 -8.14548541 0.00000000
    endloop
  endfacet
  facet normal 0.00000000 0.00000000 1.00000000
    outer loop
      vertex -14.20212113 10.00027348 0.00000000
      vertex -11.19184370 -8.14548541 0.00000000
      vertex -11.02137951 -8.37543747 0.00000000
    endloop
  endfacet
  facet normal 0.00000000 0.00000000 1.00000000
    outer loop
      vertex -14.20212113 10.00027348 0.00000000
      vertex -11.02137951 -8.37543747 0.00000000
      vertex -10.84060397 -8.59121586 0.00000000
    endloop
  endfacet
  facet normal 0.00000000 0.00000000 1.00000000
    outer loop
      vertex -14.20212113 10.00027348 0.00000000
      vertex -10.84060397 -8.59121586 0.00000000
      vertex -10.64948856 -8.79293526 0.00000000
    endloop
  endfacet
  facet normal 0.00000000 0.00000000 1.00000000
    outer loop
      vertex -14.20212113 10.00027348 0.00000000
      vertex -10.64948856 -8.79293526 0.00000000
      vertex -10.44797973 -8.98070985 0.00000000
    endloop
  endfacet
  facet normal 0.00000000 0.00000000 1.00000000
    outer loop
      vertex -14.20212113 10.00027348 0.00000000
      vertex -10.44797973 -8.98070985 0.00000000
      vertex -10.23599968 -9.15464614 0.00000000
    endloop
  endfacet
  facet normal 0.00000000 0.00000000 1.00000000
    outer loop
      vertex -14.20212113 10.00027348 0.00000000
      vertex -10.23599968 -9.15464614 0.00000000
      vertex -10.01344963 -9.31483619 0.00000000
    endloop
  endfacet
  facet normal 0.00000000 0.00000000 1.00000000
    outer loop
      vertex -14.20212113 10.00027348 0.00000000
      vertex -10.01344963 -9.31483619 0.00000000
      vertex -9.78021526 -9.46135182 0.00000000
    endloop
  endfacet
  facet normal 0.00000000 0.00000000 1.00000000
    outer loop
      vertex -14.20212113 10.00027348 0.00000000
      vertex -9.78021526 -9.46135182 0.00000000
      vertex -9.53617361 -9.59424084 0.00000000
    endloop
  endfacet
  facet normal 0.00000000 0.00000000 1.00000000
    outer loop
      vertex -14.20212113 10.00027348 0.00000000
      vertex -9.53617361 -9.59424084 0.00000000
      vertex -9.28120061 -9.71352570 0.00000000
    endloop
  endfacet
  facet normal 0.00000000 0.00000000 1.00000000
    outer loop
      vertex -14.20212113 10.00027348 0.00000000
      vertex -9.28120061 -9.71352570 0.00000000
      vertex -9.01517809 -9.81920450 0.00000000
    endloop
  endfacet
  facet normal 0.00000000 0.00000000 1.00000000
    outer loop
      vertex -14.20212113 10.00027348 0.00000000
      vertex -9.01517809 -9.81920450 0.00000000
      vertex -8.73799949 -9.91125398 0.00000000
    endloop
  endfacet
  facet normal 0.00000000 0.00000000 1.00000000
    outer loop
      vertex -14.20212113 10.00027348 0.00000000
      vertex -8.73799949 -9.91125398 0.00000000
      vertex -8.44957393 -9.98963387 0.00000000
    endloop
  endfacet
  facet normal 0.00000000 0.00000000 1.00000000
    outer loop
      vertex -14.20212113 10.00027348 0.00000000
      vertex -8.44957393 -9.98963387 0.00000000
      vertex -8.14982821 -10.05429171 0.00000000
    endloop
  endfacet
  facet normal 0.00000000 0.00000000 1.00000000
    outer loop
      vertex -14.20212113 10.00027348 0.00000000
      vertex -8.14982821 -10.05429171 0.00000000
      vertex -7.83870720 -10.10516771 0.00000000
    endloop
  endfacet
  facet normal 0.00000000 0.00000000 1.00000000
    outer loop
      vertex -14.20212113 10.00027348 0.00000000
      vertex -7.83870720 -10.10516771 0.00000000
      vertex -7.51617284 -10.14219891 0.00000000
    endloop
  endfacet
  facet normal 0.00000000 0.00000000 1.00000000
    outer loop
      vertex -14.20212113 10.00027348 0.00000000
      vertex -7.51617284 -10.14219891 0.00000000
      vertex -7.18220230 -10.16532260 0.00000000
    endloop
  endfacet
  facet normal 0.00000000 0.00000000 1.00000000
    outer loop
      vertex -7.18220230 -10.16532260 0.00000000
      vertex -6.83678557 -10.17447884 0.00000000
      vertex -6.47992300 -10.16961206 0.00000000
    endloop
  endfacet
  facet normal -0.00000000 0.00000000 1.00000000
    outer loop
      vertex -7.18220230 -10.16532260 0.00000000
      vertex -6.47992300 -10.16961206 0.00000000
      vertex -6.11162289 -10.15067205 0.00000000
    endloop
  endfacet
  facet normal 0.00000000 0.00000000 1.00000000
    outer loop
      vertex -7.18220230 -10.16532260 0.00000000
      vertex -6.11162289 -10.15067205 0.00000000
      vertex -5.73189937 -10.11761433 0.00000000
    endloop
  endfacet
  facet normal 0.00000000 0.00000000 1.00000000
    outer loop
      vertex -7.18220230 -10.16532260 0.00000000
      vertex -5.73189937 -10.11761433 0.00000000
      vertex -5.33939624 -10.07023423 0.00000000
    endloop
  endfacet
  facet normal 0.00000000 0.00000000 1.00000000
    outer loop
      vertex -7.18220230 -10.16532260 0.00000000
      vertex -5.33939624 -10.07023423 0.00000000
      vertex 0.44711081 -9.27835171 0.00000000
    endloop
  endfacet
  facet normal 0.00000000 0.00000000 1.00000000
    outer loop
      vertex -7.18220230 -10.16532260 0.00000000
      vertex 0.44711081 -9.27835171 0.00000000
      vertex 0.57680044 -9.26043060 0.00000000
    endloop
  endfacet
  facet normal 0.00000000 0.00000000 1.00000000
    outer loop
      vertex -7.18220230 -10.16532260 0.00000000
      vertex 0.57680044 -9.26043060 0.00000000
      vertex 0.70631244 -9.24218808 0.00000000
    endloop
  endfacet
  facet normal 0.00000000 0.00000000 1.00000000
    outer loop
      vertex -7.18220230 -10.16532260 0.00000000
      vertex 0.70631244 -9.24218808 0.00000000
      vertex 0.83576358 -9.22360799 0.00000000
    endloop
  endfacet
  facet normal 0.00000000 0.00000000 1.00000000
    outer loop
      vertex -7.18220230 -10.16532260 0.00000000
      vertex 0.83576358 -9.22360799 0.00000000
      vertex 0.96515387 -9.20469035 0.00000000
    endloop
  endfacet
  facet normal 0.00000000 0.00000000 1.00000000
    outer loop
      vertex -7.18220230 -10.16532260 0.00000000
      vertex 0.96515387 -9.20469035 0.00000000
      vertex 1.09448333 -9.18543515 0.00000000
    endloop
  endfacet
  facet normal 0.00000000 0.00000000 1.00000000
    outer loop
      vertex -7.18220230 -10.16532260 0.00000000
      vertex 1.09448333 -9.18543515 0.00000000
      vertex 1.22375196 -9.16584239 0.00000000
    endloop
  endfacet
  facet normal 0.00000000 0.00000000 1.00000000
    outer loop
      vertex -7.18220230 -10.16532260 0.00000000
      vertex 1.22375196 -9.16584239 0.00000000
      vertex 1.35295977 -9.14591207 0.00000000
    endloop
  endfacet
  facet normal 0.00000000 0.00000000 1.00000000
    outer loop
      vertex -7.18220230 -10.16532260 0.00000000
      vertex 1.35295977 -9.14591207 0.00000000
      vertex 1.48210678 -9.12564418 0.00000000
    endloop
  endfacet
  facet normal 0.00000000 0.00000000 1.00000000
    outer loop
      vertex -7.18220230 -10.16532260 0.00000000
      vertex 1.48210678 -9.12564418 0.00000000
      vertex 1.61119298 -9.10503874 0.00000000
    endloop
  endfacet
  facet normal 0.00000000 0.00000000 1.00000000
    outer loop
      vertex -7.18220230 -10.16532260 0.00000000
      vertex 1.61119298 -9.10503874 0.00000000
      vertex 1.74021840 -9.08409572 0.00000000
    endloop
  endfacet
  facet normal 0.00000000 0.00000000 1.00000000
    outer loop
      vertex -7.18220230 -10.16532260 0.00000000
      vertex 1.74021840 -9.08409572 0.00000000
      vertex 1.86918304 -9.06281515 0.00000000
    endloop
  endfacet
  facet normal 0.00000000 0.00000000 1.00000000
    outer loop
      vertex -7.18220230 -10.16532260 0.00000000
      vertex 1.86918304 -9.06281515 0.00000000
      vertex 1.99808691 -9.04119700 0.00000000
    endloop
  endfacet
  facet normal 0.00000000 0.00000000 1.00000000
    outer loop
      vertex -7.18220230 -10.16532260 0.00000000
      vertex 1.99808691 -9.04119700 0.00000000
      vertex 2.12693002 -9.01924129 0.00000000
    endloop
  endfacet
  facet normal 0.00000000 0.00000000 1.00000000
    outer loop
      vertex -7.18220230 -10.16532260 0.00000000
      vertex 2.12693002 -9.01924129 0.00000000
      vertex 2.25571239 -8.99694801 0.00000000
    endloop
  endfacet
  facet normal 0.00000000 0.00000000 1.00000000
    outer loop
      vertex -7.18220230 -10.16532260 0.00000000
      vertex 2.25571239 -8.99694801 0.00000000
      vertex 2.38443401 -8.97431716 0.00000000
    endloop
  endfacet
  facet normal 0.00000000 0.00000000 1.00000000
    outer loop
      vertex -7.18220230 -10.16532260 0.00000000
      vertex 2.38443401 -8.97431716 0.00000000
      vertex 2.51309490 -8.95134873 0.00000000
    endloop
  endfacet
  facet normal 0.00000000 0.00000000 1.00000000
    outer loop
      vertex -7.18220230 -10.16532260 0.00000000
      vertex 2.51309490 -8.95134873 0.00000000
      vertex 2.64169507 -8.92804273 0.00000000
    endloop
  endfacet
  facet normal 0.00000000 0.00000000 1.00000000
    outer loop
      vertex -7.18220230 -10.16532260 0.00000000
      vertex 2.64169507 -8.92804273 0.00000000
      vertex 2.77023453 -8.90439915 0.00000000
    endloop
  endfacet
  facet normal 0.00000000 0.00000000 1.00000000
    outer loop
      vertex -7.18220230 -10.16532260 0.00000000
      vertex 2.77023453 -8.90439915 0.00000000
      vertex 2.89871329 -8.88041800 0.00000000
    endloop
  endfacet
  facet normal 0.00000000 0.00000000 1.00000000
    outer loop
      vertex -7.18220230 -10.16532260 0.00000000
      vertex 2.89871329 -8.88041800 0.00000000
      vertex 3.02713136 -8.85609926 0.00000000
    endloop
  endfacet
  facet normal 0.00000000 0.00000000 1.00000000
    outer loop
      vertex -7.18220230 -10.16532260 0.00000000
      vertex 3.02713136 -8.85609926 0.00000000
      vertex 3.15548874 -8.83144294 0.00000000
    endloop
  endfacet
  facet normal 0.00000000 0.00000000 1.00000000
    outer loop
      vertex -7.18220230 -10.16532260 0.00000000
      vertex 3.15548874 -8.83144294 0.00000000
      vertex 3.28378546 -8.80644904 0.00000000
    endloop
  endfacet
  facet normal 0.00000000 0.00000000 1.00000000
    outer loop
      vertex -7.18220230 -10.16532260 0.00000000
      vertex 3.28378546 -8.80644904 0.00000000
      vertex 3.41202150 -8.78111755 0.00000000
    endloop
  endfacet
  facet normal 0.00000000 0.00000000 1.00000000
    outer loop
      vertex -7.18220230 -10.16532260 0.00000000
      vertex 3.41202150 -8.78111755 0.00000000
      vertex 3.54019690 -8.75544848 0.00000000
    endloop
  endfacet
  facet normal 0.00000000 0.00000000 1.00000000
    outer loop
      vertex -7.18220230 -10.16532260 0.00000000
      vertex 3.54019690 -8.75544848 0.00000000
      vertex 3.66831165 -8.72944181 0.00000000
    endloop
  endfacet
  facet normal 0.00000000 0.00000000 1.00000000
    outer loop
      vertex -7.18220230 -10.16532260 0.00000000
      vertex 3.66831165 -8.72944181 0.00000000
      vertex 3.79636576 -8.70309755 0.00000000
    endloop
  endfacet
  facet normal 0.00000000 0.00000000 1.00000000
    outer loop
      vertex -7.18220230 -10.16532260 0.00000000
      vertex 3.79636576 -8.70309755 0.00000000
      vertex 3.92435925 -8.67641569 0.00000000
    endloop
  endfacet
  facet normal 0.00000000 0.00000000 1.00000000
    outer loop
      vertex -7.18220230 -10.16532260 0.00000000
      vertex 3.92435925 -8.67641569 0.00000000
      vertex 4.05229213 -8.64939624 0.00000000
    endloop
  endfacet
  facet normal 0.00000000 0.00000000 1.00000000
    outer loop
      vertex -7.18220230 -10.16532260 0.00000000
      vertex 4.05229213 -8.64939624 0.00000000
      vertex 4.18016440 -8.62203918 0.00000000
    endloop
  endfacet
  facet normal 0.00000000 0.00000000 1.00000000
    outer loop
      vertex -7.18220230 -10.16532260 0.00000000
      vertex 4.18016440 -8.62203918 0.00000000
      vertex 4.30797607 -8.59434453 0.00000000
    endloop
  endfacet
  facet normal 0.00000000 0.00000000 1.00000000
    outer loop
      vertex -7.18220230 -10.16532260 0.00000000
      vertex 4.30797607 -8.59434453 0.00000000
      vertex 4.43572715 -8.56631226 0.00000000
    endloop
  endfacet
  facet normal 0.00000000 0.00000000 1.00000000
    outer loop
      vertex -7.18220230 -10.16532260 0.00000000
      vertex 4.43572715 -8.56631226 0.00000000
      vertex 4.56353273 -8.53791682 0.00000000
    endloop
  endfacet
  facet normal 0.00000000 0.00000000 1.00000000
    outer loop
      vertex -7.18220230 -10.16532260 0.00000000
      vertex 4.56353273 -8.53791682 0.00000000
      vertex 10.28473806 -7.25893075 0.00000000
    endloop
  endfacet
  facet normal 0.00000000 0.00000000 1.00000000
    outer loop
      vertex -7.18220230 -10.16532260 0.00000000
      vertex 10.28473806 -7.25893075 0.00000000
      vertex 10.33450094 -7.24698480 0.00000000
    endloop
  endfacet
  facet normal 0.00000000 0.00000000 1.00000000
    outer loop
      vertex -7.18220230 -10.16532260 0.00000000
      vertex 10.33450094 -7.24698480 0.00000000
      vertex 10.38083342 -7.23425170 0.00000000
    endloop
  endfacet
  facet normal 0.00000000 0.00000000 1.00000000
    outer loop
      vertex -7.18220230 -10.16532260 0.00000000
      vertex 10.38083342 -7.23425170 0.00000000
      vertex 10.42507463 -7.22044265 0.00000000
    endloop
  endfacet
  facet normal 0.00000000 0.00000000 1.00000000
    outer loop
      vertex -7.18220230 -10.16532260 0.00000000
      vertex 10.42507463 -7.22044265 0.00000000
      vertex 10.46723364 -7.20559081 0.00000000
    endloop
  endfacet
  facet normal 0.00000000 0.00000000 1.00000000
    outer loop
      vertex -7.18220230 -10.16532260 0.00000000
      vertex 10.46723364 -7.20559081 0.00000000
      vertex 10.50732533 -7.18973020 0.00000000
    endloop
  endfacet
  facet normal 0.00000000 0.00000000 1.00000000
    outer loop
      vertex -7.18220230 -10.16532260 0.00000000
      vertex 10.50732533 -7.18973020 0.00000000
      vertex 10.54537128 -7.17289471 0.00000000
    endloop
  endfacet
  facet normal 0.00000000 0.00000000 1.00000000
    outer loop
      vertex -7.18220230 -10.16532260 0.00000000
      vertex 10.54537128 -7.17289471 0.00000000
      vertex 10.58140054 -7.15511683 0.00000000
    endloop
  endfacet
  facet normal 0.00000000 0.00000000 1.00000000
    outer loop
      vertex -7.18220230 -10.16532260 0.00000000
      vertex 10.58140054 -7.15511683 0.00000000
      vertex 10.61545021 -7.13642612 0.00000000
    endloop
  endfacet
  facet normal 0.00000000 0.00000000 1.00000000
    outer loop
      vertex -7.18220230 -10.16532260 0.00000000
      vertex 10.61545021 -7.13642612 0.00000000
      vertex 10.64756570 -7.11684736 0.00000000
    endloop
  endfacet
  facet normal 0.00000000 0.00000000 1.00000000
    outer loop
      vertex -7.18220230 -10.16532260 0.00000000
      vertex 10.64756570 -7.11684736 0.00000000
      vertex 10.67780044 -7.09639853 0.00000000
    endloop
  endfacet
  facet normal 0.00000000 0.00000000 1.00000000
    outer loop
      vertex -7.18220230 -10.16532260 0.00000000
      vertex 10.67780044 -7.09639853 0.00000000
      vertex 10.70621514 -7.07508884 0.00000000
    endloop
  endfacet
  facet normal 0.00000000 0.00000000 1.00000000
    outer loop
      vertex -7.18220230 -10.16532260 0.00000000
      vertex 10.70621514 -7.07508884 0.00000000
      vertex 10.73287626 -7.05291679 0.00000000
    endloop
  endfacet
  facet normal 0.00000000 0.00000000 1.00000000
    outer loop
      vertex -7.18220230 -10.16532260 0.00000000
      vertex 10.73287626 -7.05291679 0.00000000
      vertex 10.75785392 -7.02986865 0.00000000
    endloop
  endfacet
  facet normal 0.00000000 0.00000000 1.00000000
    outer loop
      vertex -7.18220230 -10.16532260 0.00000000
      vertex 10.75785392 -7.02986865 0.00000000
      vertex 10.78121921 -7.00591760 0.00000000
    endloop
  endfacet
  facet normal 0.00000000 0.00000000 1.00000000
    outer loop
      vertex -7.18220230 -10.16532260 0.00000000
      vertex 10.78121921 -7.00591760 0.00000000
      vertex 10.80304110 -6.98102360 0.00000000
    endloop
  endfacet
  facet normal 0.00000000 0.00000000 1.00000000
    outer loop
      vertex -7.18220230 -10.16532260 0.00000000
      vertex 10.80304110 -6.98102360 0.00000000
      vertex 10.82338320 -6.95513422 0.00000000
    endloop
  endfacet
  facet normal 0.00000000 0.00000000 1.00000000
    outer loop
      vertex -7.18220230 -10.16532260 0.00000000
      vertex 10.82338320 -6.95513422 0.00000000
      vertex 10.84230082 -6.92818640 0.00000000
    endloop
  endfacet
  facet normal 0.00000000 0.00000000 1.00000000
    outer loop
      vertex -7.18220230 -10.16532260 0.00000000
      vertex 10.84230082 -6.92818640 0.00000000
      vertex 10.85983836 -6.90010900 0.00000000
    endloop
  endfacet
  facet normal 0.00000000 0.00000000 1.00000000
    outer loop
      vertex -7.18220230 -10.16532260 0.00000000
      vertex 10.85983836 -6.90010900 0.00000000
      vertex 10.87602767 -6.87082597 0.00000000
    endloop
  endfacet
  facet normal 0.00000000 0.00000000 1.00000000
    outer loop
      vertex -7.18220230 -10.16532260 0.00000000
      vertex 10.87602767 -6.87082597 0.00000000
      vertex 10.89088719 -6.84025974 0.00000000
    endloop
  endfacet
  facet normal 0.00000000 0.00000000 1.00000000
    outer loop
      vertex -7.18220230 -10.16532260 0.00000000
      vertex 10.89088719 -6.84025974 0.00000000
      vertex 10.90442209 -6.80833448 0.00000000
    endloop
  endfacet
  facet normal 0.00000000 0.00000000 1.00000000
    outer loop
      vertex -7.18220230 -10.16532260 0.00000000
      vertex 10.90442209 -6.80833448 0.00000000
      vertex 10.91662527 -6.77497911 0.00000000
    endloop
  endfacet
  facet normal 0.00000000 0.00000000 1.00000000
    outer loop
      vertex -7.18220230 -10.16532260 0.00000000
      vertex 10.91662527 -6.77497911 0.00000000
      vertex 10.92747897 -6.74012956 0.00000000
    endloop
  endfacet
  facet normal 0.00000000 0.00000000 1.00000000
    outer loop
      vertex -7.18220230 -10.16532260 0.00000000
      vertex 10.92747897 -6.74012956 0.00000000
      vertex 10.93695689 -6.70373036 0.00000000
    endloop
  endfacet
  facet normal 0.00000000 0.00000000 1.00000000
    outer loop
      vertex -7.18220230 -10.16532260 0.00000000
      vertex 10.93695689 -6.70373036 0.00000000
      vertex 10.94502636 -6.66573554 0.00000000
    endloop
  endfacet
  facet normal 0.00000000 0.00000000 1.00000000
    outer loop
      vertex -7.18220230 -10.16532260 0.00000000
      vertex 10.94502636 -6.66573554 0.00000000
      vertex 10.95165056 -6.62610878 0.00000000
    endloop
  endfacet
  facet normal 0.00000000 0.00000000 1.00000000
    outer loop
      vertex -7.18220230 -10.16532260 0.00000000
      vertex 10.95165056 -6.62610878 0.00000000
      vertex 10.95679050 -6.58482308 0.00000000
    endloop
  endfacet
  facet normal 0.00000000 0.00000000 1.00000000
    outer loop
      vertex -7.18220230 -10.16532260 0.00000000
      vertex 10.95679050 -6.58482308 0.00000000
      vertex 10.96040668 -6.54186000 0.00000000
    endloop
  endfacet
  facet normal 0.00000000 0.00000000 1.00000000
    outer loop
      vertex -7.18220230 -10.16532260 0.00000000
      vertex 10.96040668 -6.54186000 0.00000000
      vertex 10.96246041 -6.49720867 0.00000000
    endloop
  endfacet
  facet normal 0.00000000 0.00000000 1.00000000
    outer loop
      vertex -7.18220230 -10.16532260 0.00000000
      vertex 10.96246041 -6.49720867 0.00000000
      vertex 10.96291484 -6.45086465 0.00000000
    endloop
  endfacet
  facet normal 0.00000000 0.00000000 1.00000000
    outer loop
      vertex -7.18220230 -10.16532260 0.00000000
      vertex 10.96291484 -6.45086465 0.00000000
      vertex 10.96173559 -6.40282883 0.00000000
    endloop
  endfacet
  facet normal 0.00000000 0.00000000 1.00000000
    outer loop
      vertex -7.18220230 -10.16532260 0.00000000
      vertex 10.96173559 -6.40282883 0.00000000
      vertex 10.95881275 -6.35173572 0.00000000
    endloop
  endfacet
  facet normal 0.00000000 0.00000000 1.00000000
    outer loop
      vertex -7.18220230 -10.16532260 0.00000000
      vertex 10.95881275 -6.35173572 0.00000000
      vertex 10.78450298 -3.96185706 0.00000000
    endloop
  endfacet
  facet normal 0.00000000 0.00000000 1.00000000
    outer loop
      vertex -7.18220230 -10.16532260 0.00000000
      vertex 10.78450298 -3.96185706 0.00000000
      vertex 10.77613832 -3.82263656 0.00000000
    endloop
  endfacet
  facet normal 0.00000000 0.00000000 1.00000000
    outer loop
      vertex -7.18220230 -10.16532260 0.00000000
      vertex 10.77613832 -3.82263656 0.00000000
      vertex 10.77142355 -3.68369054 0.00000000
    endloop
  endfacet
  facet normal 0.00000000 0.00000000 1.00000000
    outer loop
      vertex -7.18220230 -10.16532260 0.00000000
      vertex 10.77142355 -3.68369054 0.00000000
      vertex 10.77043631 -3.54615922 0.00000000
    endloop
  endfacet
  facet normal 0.00000000 0.00000000 1.00000000
    outer loop
      vertex -7.18220230 -10.16532260 0.00000000
      vertex 10.77043631 -3.54615922 0.00000000
      vertex 10.77318592 -3.41004922 0.00000000
    endloop
  endfacet
  facet normal 0.00000000 0.00000000 1.00000000
    outer loop
      vertex -7.18220230 -10.16532260 0.00000000
      vertex 10.77318592 -3.41004922 0.00000000
      vertex 10.77968143 -3.27536846 0.00000000
    endloop
  endfacet
  facet normal 0.00000000 0.00000000 1.00000000
    outer loop
      vertex -7.18220230 -10.16532260 0.00000000
      vertex 10.77968143 -3.27536846 0.00000000
      vertex 10.78993141 -3.14212628 0.00000000
    endloop
  endfacet
  facet normal 0.00000000 0.00000000 1.00000000
    outer loop
      vertex -7.18220230 -10.16532260 0.00000000
      vertex 10.78993141 -3.14212628 0.00000000
      vertex 10.80394383 -3.01033334 0.00000000
    endloop
  endfacet
  facet normal 0.00000000 0.00000000 1.00000000
    outer loop
      vertex -7.18220230 -10.16532260 0.00000000
      vertex 10.80394383 -3.01033334 0.00000000
      vertex 10.82172584 -2.88000163 0.00000000
    endloop
  endfacet
  facet normal 0.00000000 0.00000000 1.00000000
    outer loop
      vertex -7.18220230 -10.16532260 0.00000000
      vertex 10.82172584 -2.88000163 0.00000000
      vertex 10.84328359 -2.75114442 0.00000000
    endloop
  endfacet
  facet normal 0.00000000 0.00000000 1.00000000
    outer loop
      vertex -7.18220230 -10.16532260 0.00000000
      vertex 10.84328359 -2.75114442 0.00000000
      vertex 10.86862206 -2.62377610 0.00000000
    endloop
  endfacet
  facet normal 0.00000000 0.00000000 1.00000000
    outer loop
      vertex -7.18220230 -10.16532260 0.00000000
      vertex 10.86862206 -2.62377610 0.00000000
      vertex 10.89774491 -2.49791208 0.00000000
    endloop
  endfacet
  facet normal 0.00000000 0.00000000 1.00000000
    outer loop
      vertex -7.18220230 -10.16532260 0.00000000
      vertex 10.89774491 -2.49791208 0.00000000
      vertex 10.93065432 -2.37356860 0.00000000
    endloop
  endfacet
  facet normal 0.00000000 0.00000000 1.00000000
    outer loop
      vertex -7.18220230 -10.16532260 0.00000000
      vertex 10.93065432 -2.37356860 0.00000000
      vertex 10.96735085 -2.25076251 0.00000000
    endloop
  endfacet
  facet normal 0.00000000 0.00000000 1.00000000
    outer loop
      vertex -7.18220230 -10.16532260 0.00000000
      vertex 10.96735085 -2.25076251 0.00000000
      vertex 11.00783340 -2.12951104 0.00000000
    endloop
  endfacet
  facet normal 0.00000000 0.00000000 1.00000000
    outer loop
      vertex -7.18220230 -10.16532260 0.00000000
      vertex 11.00783340 -2.12951104 0.00000000
      vertex 11.05209917 -2.00983155 0.00000000
    endloop
  endfacet
  facet normal 0.00000000 0.00000000 1.00000000
    outer loop
      vertex -7.18220230 -10.16532260 0.00000000
      vertex 11.05209917 -2.00983155 0.00000000
      vertex 11.10014361 -1.89174124 0.00000000
    endloop
  endfacet
  facet normal 0.00000000 0.00000000 1.00000000
    outer loop
      vertex -7.18220230 -10.16532260 0.00000000
      vertex 11.10014361 -1.89174124 0.00000000
      vertex 11.15196051 -1.77525692 0.00000000
    endloop
  endfacet
  facet normal 0.00000000 0.00000000 1.00000000
    outer loop
      vertex -7.18220230 -10.16532260 0.00000000
      vertex 11.15196051 -1.77525692 0.00000000
      vertex 11.20754207 -1.66039470 0.00000000
    endloop
  endfacet
  facet normal 0.00000000 0.00000000 1.00000000
    outer loop
      vertex -7.18220230 -10.16532260 0.00000000
      vertex 11.20754207 -1.66039470 0.00000000
      vertex 11.26687904 -1.54716978 0.00000000
    endloop
  endfacet
  facet normal 0.00000000 0.00000000 1.00000000
    outer loop
      vertex -7.18220230 -10.16532260 0.00000000
      vertex 11.26687904 -1.54716978 0.00000000
      vertex 11.32996084 -1.43559623 0.00000000
    endloop
  endfacet
  facet normal 0.00000000 0.00000000 1.00000000
    outer loop
      vertex -7.18220230 -10.16532260 0.00000000
      vertex 11.32996084 -1.43559623 0.00000000
      vertex 11.39677583 -1.32568678 0.00000000
    endloop
  endfacet
  facet normal 0.00000000 0.00000000 1.00000000
    outer loop
      vertex -7.18220230 -10.16532260 0.00000000
      vertex 11.39677583 -1.32568678 0.00000000
      vertex 11.46731146 -1.21745270 0.00000000
    endloop
  endfacet
  facet normal 0.00000000 0.00000000 1.00000000
    outer loop
      vertex -7.18220230 -10.16532260 0.00000000
      vertex 11.46731146 -1.21745270 0.00000000
      vertex 11.54155451 -1.11090367 0.00000000
    endloop
  endfacet
  facet normal 0.00000000 0.00000000 1.00000000
    outer loop
      vertex -7.18220230 -10.16532260 0.00000000
      vertex 11.54155451 -1.11090367 0.00000000
      vertex 11.61949136 -1.00604774 0.00000000
    endloop
  endfacet
  facet normal 0.00000000 0.00000000 1.00000000
    outer loop
      vertex -7.18220230 -10.16532260 0.00000000
      vertex 11.61949136 -1.00604774 0.00000000
      vertex 11.70110816 -0.90289130 0.00000000
    endloop
  endfacet
  facet normal 0.00000000 0.00000000 1.00000000
    outer loop
      vertex -7.18220230 -10.16532260 0.00000000
      vertex 11.70110816 -0.90289130 0.00000000
      vertex 11.78639110 -0.80143911 0.00000000
    endloop
  endfacet
  facet normal 0.00000000 0.00000000 1.00000000
    outer loop
      vertex -7.18220230 -10.16532260 0.00000000
      vertex 11.78639110 -0.80143911 0.00000000
      vertex 11.87532658 -0.70169432 0.00000000
    endloop
  endfacet
  facet normal 0.00000000 0.00000000 1.00000000
    outer loop
      vertex -7.18220230 -10.16532260 0.00000000
      vertex 11.87532658 -0.70169432 0.00000000
      vertex 11.96790138 -0.60365859 0.00000000
    endloop
  endfacet
  facet normal 0.00000000 0.00000000 1.00000000
    outer loop
      vertex -7.18220230 -10.16532260 0.00000000
      vertex 11.96790138 -0.60365859 0.00000000
      vertex 12.06410284 -0.50733220 0.00000000
    endloop
  endfacet
  facet normal 0.00000000 0.00000000 1.00000000
    outer loop
      vertex -7.18220230 -10.16532260 0.00000000
      vertex 12.06410284 -0.50733220 0.00000000
      vertex 12.16391896 -0.41271413 0.00000000
    endloop
  endfacet
  facet normal 0.00000000 0.00000000 1.00000000
    outer loop
      vertex -7.18220230 -10.16532260 0.00000000
      vertex 12.16391896 -0.41271413 0.00000000
      vertex 12.26733853 -0.31980225 0.00000000
    endloop
  endfacet
  facet normal 0.00000000 0.00000000 1.00000000
    outer loop
      vertex -7.18220230 -10.16532260 0.00000000
      vertex 12.26733853 -0.31980225 0.00000000
      vertex 12.37348586 -0.22933093 0.00000000
    endloop
  endfacet
  facet normal 0.00000000 0.00000000 1.00000000
    outer loop
      vertex -7.18220230 -10.16532260 0.00000000
      vertex 12.37348586 -0.22933093 0.00000000
      vertex 13.79742970 0.95319879 0.00000000
    endloop
  endfacet
  facet normal 0.00000000 0.00000000 1.00000000
    outer loop
      vertex -7.18220230 -10.16532260 0.00000000
      vertex 13.79742970 0.95319879 0.00000000
      vertex 13.83326966 0.98384333 0.00000000
    endloop
  endfacet
  facet normal 0.00000000 0.00000000 1.00000000
    outer loop
      vertex -7.18220230 -10.16532260 0.00000000
      vertex 13.83326966 0.98384333 0.00000000
      vertex 13.86643775 1.01394342 0.00000000
    endloop
  endfacet
  facet normal 0.00000000 0.00000000 1.00000000
    outer loop
      vertex -7.18220230 -10.16532260 0.00000000
      vertex 13.86643775 1.01394342 0.00000000
      vertex 13.89791418 1.04431484 0.00000000
    endloop
  endfacet
  facet normal 0.00000000 0.00000000 1.00000000
    outer loop
      vertex -7.18220230 -10.16532260 0.00000000
      vertex 13.89791418 1.04431484 0.00000000
      vertex 13.92771605 1.07494949 0.00000000
    endloop
  endfacet
  facet normal 0.00000000 0.00000000 1.00000000
    outer loop
      vertex -7.18220230 -10.16532260 0.00000000
      vertex 13.92771605 1.07494949 0.00000000
      vertex 13.95586250 1.10584112 0.00000000
    endloop
  endfacet
  facet normal 0.00000000 0.00000000 1.00000000
    outer loop
      vertex -7.18220230 -10.16532260 0.00000000
      vertex 13.95586250 1.10584112 0.00000000
      vertex 13.98237466 1.13698577 0.00000000
    endloop
  endfacet
  facet normal 0.00000000 0.00000000 1.00000000
    outer loop
      vertex -7.18220230 -10.16532260 0.00000000
      vertex 13.98237466 1.13698577 0.00000000
      vertex 14.00727543 1.16838216 0.00000000
    endloop
  endfacet
  facet normal 0.00000000 0.00000000 1.00000000
    outer loop
      vertex -7.18220230 -10.16532260 0.00000000
      vertex 14.00727543 1.16838216 0.00000000
      vertex 14.03058922 1.20003217 0.00000000
    endloop
  endfacet
  facet normal 0.00000000 0.00000000 1.00000000
    outer loop
      vertex -7.18220230 -10.16532260 0.00000000
      vertex 14.03058922 1.20003217 0.00000000
      vertex 14.05234152 1.23194114 0.00000000
    endloop
  endfacet
  facet normal 0.00000000 0.00000000 1.00000000
    outer loop
      vertex -7.18220230 -10.16532260 0.00000000
      vertex 14.05234152 1.23194114 0.00000000
      vertex 14.07255847 1.26411822 0.00000000
    endloop
  endfacet
  facet normal 0.00000000 0.00000000 1.00000000
    outer loop
      vertex -7.18220230 -10.16532260 0.00000000
      vertex 14.07255847 1.26411822 0.00000000
      vertex 14.09126621 1.29657650 0.00000000
    endloop
  endfacet
  facet normal 0.00000000 0.00000000 1.00000000
    outer loop
      vertex -7.18220230 -10.16532260 0.00000000
      vertex 14.09126621 1.29657650 0.00000000
      vertex 14.10849029 1.32933316 0.00000000
    endloop
  endfacet
  facet normal 0.00000000 0.00000000 1.00000000
    outer loop
      vertex -7.18220230 -10.16532260 0.00000000
      vertex 14.10849029 1.32933316 0.00000000
      vertex 14.12425494 1.36240932 0.00000000
    endloop
  endfacet
  facet normal 0.00000000 0.00000000 1.00000000
    outer loop
      vertex -7.18220230 -10.16532260 0.00000000
      vertex 14.12425494 1.36240932 0.00000000
      vertex 14.13858243 1.39582982 0.00000000
    endloop
  endfacet
  facet normal 0.00000000 0.00000000 1.00000000
    outer loop
      vertex -7.18220230 -10.16532260 0.00000000
      vertex 14.13858243 1.39582982 0.00000000
      vertex 14.15149231 1.42962281 0.00000000
    endloop
  endfacet
  facet normal 0.00000000 0.00000000 1.00000000
    outer loop
      vertex -7.18220230 -10.16532260 0.00000000
      vertex 14.15149231 1.42962281 0.00000000
      vertex 14.16300093 1.46381921 0.00000000
    endloop
  endfacet
  facet normal 0.00000000 0.00000000 1.00000000
    outer loop
      vertex -7.18220230 -10.16532260 0.00000000
      vertex 14.16300093 1.46381921 0.00000000
      vertex 14.17312088 1.49845198 0.00000000
    endloop
  endfacet
  facet normal 0.00000000 0.00000000 1.00000000
    outer loop
      vertex -7.18220230 -10.16532260 0.00000000
      vertex 14.17312088 1.49845198 0.00000000
      vertex 14.18186068 1.53355536 0.00000000
    endloop
  endfacet
  facet normal 0.00000000 0.00000000 1.00000000
    outer loop
      vertex -7.18220230 -10.16532260 0.00000000
      vertex 14.18186068 1.53355536 0.00000000
      vertex 14.18922462 1.56916405 0.00000000
    endloop
  endfacet
  facet normal 0.00000000 0.00000000 1.00000000
    outer loop
      vertex -7.18220230 -10.16532260 0.00000000
      vertex 14.18922462 1.56916405 0.00000000
      vertex 14.19521274 1.60531234 0.00000000
    endloop
  endfacet
  facet normal 0.00000000 0.00000000 1.00000000
    outer loop
      vertex -7.18220230 -10.16532260 0.00000000
      vertex 14.19521274 1.60531234 0.00000000
      vertex 14.19982101 1.64203334 0.00000000
    endloop
  endfacet
  facet normal 0.00000000 0.00000000 1.00000000
    outer loop
      vertex -7.18220230 -10.16532260 0.00000000
      vertex 14.19982101 1.64203334 0.00000000
      vertex 14.20304162 1.67935823 0.00000000
    endloop
  endfacet
  facet normal 0.00000000 0.00000000 1.00000000
    outer loop
      vertex -7.18220230 -10.16532260 0.00000000
      vertex 14.20304162 1.67935823 0.00000000
      vertex 14.20486344 1.71731570 0.00000000
    endloop
  endfacet
  facet normal 0.00000000 0.00000000 1.00000000
    outer loop
      vertex -7.18220230 -10.16532260 0.00000000
      vertex 14.20486344 1.71731570 0.00000000
      vertex 14.20527251 1.75593148 0.00000000
    endloop
  endfacet
  facet normal 0.00000000 0.00000000 1.00000000
    outer loop
      vertex -7.18220230 -10.16532260 0.00000000
      vertex 14.20527251 1.75593148 0.00000000
      vertex 14.20425263 1.79522799 0.00000000
    endloop
  endfacet
  facet normal 0.00000000 0.00000000 1.00000000
    outer loop
      vertex -7.18220230 -10.16532260 0.00000000
      vertex 14.20425263 1.79522799 0.00000000
      vertex 14.20178596 1.83522421 0.00000000
    endloop
  endfacet
  facet normal 0.00000000 0.00000000 1.00000000
    outer loop
      vertex -7.18220230 -10.16532260 0.00000000
      vertex 14.20178596 1.83522421 0.00000000
      vertex 14.19785352 1.87593562 0.00000000
    endloop
  endfacet
  facet normal 0.00000000 0.00000000 1.00000000
    outer loop
      vertex -7.18220230 -10.16532260 0.00000000
      vertex 14.19785352 1.87593562 0.00000000
      vertex 14.19243582 1.91737430 0.00000000
    endloop
  endfacet
  facet normal 0.00000000 0.00000000 1.00000000
    outer loop
      vertex -7.18220230 -10.16532260 0.00000000
      vertex 14.19243582 1.91737430 0.00000000
      vertex 14.18551326 1.95954907 0.00000000
    endloop
  endfacet
  facet normal 0.00000000 0.00000000 1.00000000
    outer loop
      vertex -7.18220230 -10.16532260 0.00000000
      vertex 14.18551326 1.95954907 0.00000000
      vertex 14.17706655 2.00246576 0.00000000
    endloop
  endfacet
  facet normal 0.00000000 0.00000000 1.00000000
    outer loop
      vertex -7.18220230 -10.16532260 0.00000000
      vertex 14.17706655 2.00246576 0.00000000
      vertex 14.16707705 2.04612749 0.00000000
    endloop
  endfacet
  facet normal 0.00000000 0.00000000 1.00000000
    outer loop
      vertex -7.18220230 -10.16532260 0.00000000
      vertex 14.16707705 2.04612749 0.00000000
      vertex 14.15520734 2.09176411 0.00000000
    endloop
  endfacet
  facet normal 0.00000000 0.00000000 1.00000000
    outer loop
      vertex -7.18220230 -10.16532260 0.00000000
      vertex 14.15520734 2.09176411 0.00000000
      vertex 13.94909132 2.83993329 0.00000000
    endloop
  endfacet
  facet normal 0.00000000 0.00000000 1.00000000
    outer loop
      vertex -7.18220230 -10.16532260 0.00000000
      vertex 13.94909132 2.83993329 0.00000000
      vertex 13.92731906 2.91678851 0.00000000
    endloop
  endfacet
  facet normal 0.00000000 0.00000000 1.00000000
    outer loop
      vertex -7.18220230 -10.16532260 0.00000000
      vertex 13.92731906 2.91678851 0.00000000
      vertex 13.90470088 2.99241993 0.00000000
    endloop
  endfacet
  facet normal 0.00000000 0.00000000 1.00000000
    outer loop
      vertex -7.18220230 -10.16532260 0.00000000
      vertex 13.90470088 2.99241993 0.00000000
      vertex 13.88106031 3.06745317 0.00000000
    endloop
  endfacet
  facet normal 0.00000000 0.00000000 1.00000000
    outer loop
      vertex -7.18220230 -10.16532260 0.00000000
      vertex 13.88106031 3.06745317 0.00000000
      vertex 13.85639755 3.14188995 0.00000000
    endloop
  endfacet
  facet normal 0.00000000 0.00000000 1.00000000
    outer loop
      vertex -7.18220230 -10.16532260 0.00000000
      vertex 13.85639755 3.14188995 0.00000000
      vertex 13.83071271 3.21573198 0.00000000
    endloop
  endfacet
  facet normal 0.00000000 0.00000000 1.00000000
    outer loop
      vertex -7.18220230 -10.16532260 0.00000000
      vertex 13.83071271 3.21573198 0.00000000
      vertex 13.80400585 3.28898105 0.00000000
    endloop
  endfacet
  facet normal 0.00000000 0.00000000 1.00000000
    outer loop
      vertex -7.18220230 -10.16532260 0.00000000
      vertex 13.80400585 3.28898105 0.00000000
      vertex 13.77627693 3.36163894 0.00000000
    endloop
  endfacet
  facet normal 0.00000000 0.00000000 1.00000000
    outer loop
      vertex -7.18220230 -10.16532260 0.00000000
      vertex 13.77627693 3.36163894 0.00000000
      vertex 13.74752580 3.43370746 0.00000000
    endloop
  endfacet
  facet normal 0.00000000 0.00000000 1.00000000
    outer loop
      vertex -7.18220230 -10.16532260 0.00000000
      vertex 13.74752580 3.43370746 0.00000000
      vertex 13.71775227 3.50518846 0.00000000
    endloop
  endfacet
  facet normal 0.00000000 0.00000000 1.00000000
    outer loop
      vertex -7.18220230 -10.16532260 0.00000000
      vertex 13.71775227 3.50518846 0.00000000
      vertex 13.68695603 3.57608375 0.00000000
    endloop
  endfacet
  facet normal 0.00000000 0.00000000 1.00000000
    outer loop
      vertex -7.18220230 -10.16532260 0.00000000
      vertex 13.68695603 3.57608375 0.00000000
      vertex 13.65513669 3.64639518 0.00000000
    endloop
  endfacet
  facet normal 0.00000000 0.00000000 1.00000000
    outer loop
      vertex -7.18220230 -10.16532260 0.00000000
      vertex 13.65513669 3.64639518 0.00000000
      vertex 13.62229376 3.71612458 0.00000000
    endloop
  endfacet
  facet normal 0.00000000 0.00000000 1.00000000
    outer loop
      vertex -7.18220230 -10.16532260 0.00000000
      vertex 13.62229376 3.71612458 0.00000000
      vertex 13.58842669 3.78527376 0.00000000
    endloop
  endfacet
  facet normal 0.00000000 0.00000000 1.00000000
    outer loop
      vertex -7.18220230 -10.16532260 0.00000000
      vertex 13.58842669 3.78527376 0.00000000
      vertex 13.55353481 3.85384454 0.00000000
    endloop
  endfacet
  facet normal 0.00000000 0.00000000 1.00000000
    outer loop
      vertex -7.18220230 -10.16532260 0.00000000
      vertex 13.55353481 3.85384454 0.00000000
      vertex 13.51761739 3.92183869 0.00000000
    endloop
  endfacet
  facet normal 0.00000000 0.00000000 1.00000000
    outer loop
      vertex -7.18220230 -10.16532260 0.00000000
      vertex 13.51761739 3.92183869 0.00000000
      vertex 13.48067361 3.98925795 0.00000000
    endloop
  endfacet
  facet normal 0.00000000 0.00000000 1.00000000
    outer loop
      vertex -7.18220230 -10.16532260 0.00000000
      vertex 13.48067361 3.98925795 0.00000000
      vertex 13.44270256 4.05610403 0.00000000
    endloop
  endfacet
  facet normal 0.00000000 0.00000000 1.00000000
    outer loop
      vertex -7.18220230 -10.16532260 0.00000000
      vertex 13.44270256 4.05610403 0.00000000
      vertex 13.40370326 4.12237861 0.00000000
    endloop
  endfacet
  facet normal 0.00000000 0.00000000 1.00000000
    outer loop
      vertex -7.18220230 -10.16532260 0.00000000
      vertex 13.40370326 4.12237861 0.00000000
      vertex 13.36367467 4.18808330 0.00000000
    endloop
  endfacet
  facet normal 0.00000000 0.00000000 1.00000000
    outer loop
      vertex -7.18220230 -10.16532260 0.00000000
      vertex 13.36367467 4.18808330 0.00000000
      vertex 13.32261564 4.25321966 0.00000000
    endloop
  endfacet
  facet normal 0.00000000 0.00000000 1.00000000
    outer loop
      vertex -7.18220230 -10.16532260 0.00000000
      vertex 13.32261564 4.25321966 0.00000000
      vertex 13.28052500 4.31778919 0.00000000
    endloop
  endfacet
  facet normal 0.00000000 0.00000000 1.00000000
    outer loop
      vertex -7.18220230 -10.16532260 0.00000000
      vertex 13.28052500 4.31778919 0.00000000
      vertex 13.23740148 4.38179333 0.00000000
    endloop
  endfacet
  facet normal 0.00000000 0.00000000 1.00000000
    outer loop
      vertex -7.18220230 -10.16532260 0.00000000
      vertex 13.23740148 4.38179333 0.00000000
      vertex 13.19324380 4.44523346 0.00000000
    endloop
  endfacet
  facet normal 0.00000000 0.00000000 1.00000000
    outer loop
      vertex -7.18220230 -10.16532260 0.00000000
      vertex 13.19324380 4.44523346 0.00000000
      vertex 13.14805058 4.50811087 0.00000000
    endloop
  endfacet
  facet normal 0.00000000 0.00000000 1.00000000
    outer loop
      vertex -7.18220230 -10.16532260 0.00000000
      vertex 13.14805058 4.50811087 0.00000000
      vertex 13.10182042 4.57042677 0.00000000
    endloop
  endfacet
  facet normal 0.00000000 0.00000000 1.00000000
    outer loop
      vertex -7.18220230 -10.16532260 0.00000000
      vertex 13.10182042 4.57042677 0.00000000
      vertex 13.05455189 4.63218232 0.00000000
    endloop
  endfacet
  facet normal 0.00000000 0.00000000 1.00000000
    outer loop
      vertex -7.18220230 -10.16532260 0.00000000
      vertex 13.05455189 4.63218232 0.00000000
      vertex 13.00624350 4.69337858 0.00000000
    endloop
  endfacet
  facet normal 0.00000000 0.00000000 1.00000000
    outer loop
      vertex -7.18220230 -10.16532260 0.00000000
      vertex 13.00624350 4.69337858 0.00000000
      vertex 12.95689375 4.75401651 0.00000000
    endloop
  endfacet
  facet normal 0.00000000 0.00000000 1.00000000
    outer loop
      vertex -7.18220230 -10.16532260 0.00000000
      vertex 12.95689375 4.75401651 0.00000000
      vertex 12.90650111 4.81409702 0.00000000
    endloop
  endfacet
  facet normal 0.00000000 0.00000000 1.00000000
    outer loop
      vertex -7.18220230 -10.16532260 0.00000000
      vertex 12.90650111 4.81409702 0.00000000
      vertex 12.85506405 4.87362091 0.00000000
    endloop
  endfacet
  facet normal 0.00000000 0.00000000 1.00000000
    outer loop
      vertex -7.18220230 -10.16532260 0.00000000
      vertex 12.85506405 4.87362091 0.00000000
      vertex 12.80258100 4.93258889 0.00000000
    endloop
  endfacet
  facet normal 0.00000000 0.00000000 1.00000000
    outer loop
      vertex -7.18220230 -10.16532260 0.00000000
      vertex 12.80258100 4.93258889 0.00000000
      vertex 12.74861226 4.99147972 0.00000000
    endloop
  endfacet
  facet normal 0.00000000 0.00000000 1.00000000
    outer loop
      vertex -7.18220230 -10.16532260 0.00000000
      vertex 12.74861226 4.99147972 0.00000000
      vertex 12.49505965 5.26417182 0.00000000
    endloop
  endfacet
  facet normal 0.00000000 0.00000000 1.00000000
    outer loop
      vertex -7.18220230 -10.16532260 0.00000000
      vertex 12.49505965 5.26417182 0.00000000
      vertex 12.43800494 5.32419111 0.00000000
    endloop
  endfacet
  facet normal 0.00000000 0.00000000 1.00000000
    outer loop
      vertex -7.18220230 -10.16532260 0.00000000
      vertex 12.43800494 5.32419111 0.00000000
      vertex 12.38088428 5.38164987 0.00000000
    endloop
  endfacet
  facet normal 0.00000000 0.00000000 1.00000000
    outer loop
      vertex -7.18220230 -10.16532260 0.00000000
      vertex 12.38088428 5.38164987 0.00000000
      vertex 12.32301948 5.43726806 0.00000000
    endloop
  endfacet
  facet normal 0.00000000 0.00000000 1.00000000
    outer loop
      vertex -7.18220230 -10.16532260 0.00000000
      vertex 12.32301948 5.43726806 0.00000000
      vertex 12.26441011 5.49105235 0.00000000
    endloop
  endfacet
  facet normal 0.00000000 0.00000000 1.00000000
    outer loop
      vertex -7.18220230 -10.16532260 0.00000000
      vertex 12.26441011 5.49105235 0.00000000
      vertex 12.20505513 5.54300962 0.00000000
    endloop
  endfacet
  facet normal 0.00000000 0.00000000 1.00000000
    outer loop
      vertex -7.18220230 -10.16532260 0.00000000
      vertex 12.20505513 5.54300962 0.00000000
      vertex 12.14495290 5.59314690 0.00000000
    endloop
  endfacet
  facet normal 0.00000000 0.00000000 1.00000000
    outer loop
      vertex -7.18220230 -10.16532260 0.00000000
      vertex 12.14495290 5.59314690 0.00000000
      vertex 12.08410110 5.64147131 0.00000000
    endloop
  endfacet
  facet normal 0.00000000 0.00000000 1.00000000
    outer loop
      vertex -7.18220230 -10.16532260 0.00000000
      vertex 12.08410110 5.64147131 0.00000000
      vertex 12.02249677 5.68799000 0.00000000
    endloop
  endfacet
  facet normal 0.00000000 0.00000000 1.00000000
    outer loop
      vertex -7.18220230 -10.16532260 0.00000000
      vertex 12.02249677 5.68799000 0.00000000
      vertex 11.96013626 5.73271007 0.00000000
    endloop
  endfacet
  facet normal 0.00000000 0.00000000 1.00000000
    outer loop
      vertex -7.18220230 -10.16532260 0.00000000
      vertex 11.96013626 5.73271007 0.00000000
      vertex 11.89701522 5.77563851 0.00000000
    endloop
  endfacet
  facet normal 0.00000000 0.00000000 1.00000000
    outer loop
      vertex -7.18220230 -10.16532260 0.00000000
      vertex 11.89701522 5.77563851 0.00000000
      vertex 11.83312868 5.81678211 0.00000000
    endloop
  endfacet
  facet normal 0.00000000 0.00000000 1.00000000
    outer loop
      vertex -7.18220230 -10.16532260 0.00000000
      vertex 11.83312868 5.81678211 0.00000000
      vertex 11.76847100 5.85614738 0.00000000
    endloop
  endfacet
  facet normal 0.00000000 0.00000000 1.00000000
    outer loop
      vertex -7.18220230 -10.16532260 0.00000000
      vertex 11.76847100 5.85614738 0.00000000
      vertex 11.70303593 5.89374052 0.00000000
    endloop
  endfacet
  facet normal 0.00000000 0.00000000 1.00000000
    outer loop
      vertex -7.18220230 -10.16532260 0.00000000
      vertex 11.70303593 5.89374052 0.00000000
      vertex 11.63681665 5.92956727 0.00000000
    endloop
  endfacet
  facet normal 0.00000000 0.00000000 1.00000000
    outer loop
      vertex -7.18220230 -10.16532260 0.00000000
      vertex 11.63681665 5.92956727 0.00000000
      vertex 11.56980585 5.96363292 0.00000000
    endloop
  endfacet
  facet normal 0.00000000 0.00000000 1.00000000
    outer loop
      vertex -7.18220230 -10.16532260 0.00000000
      vertex 11.56980585 5.96363292 0.00000000
      vertex 11.50199576 5.99594221 0.00000000
    endloop
  endfacet
  facet normal 0.00000000 0.00000000 1.00000000
    outer loop
      vertex -7.18220230 -10.16532260 0.00000000
      vertex 11.50199576 5.99594221 0.00000000
      vertex 11.43337824 6.02649927 0.00000000
    endloop
  endfacet
  facet normal 0.00000000 0.00000000 1.00000000
    outer loop
      vertex -7.18220230 -10.16532260 0.00000000
      vertex 11.43337824 6.02649927 0.00000000
      vertex 11.36394485 6.05530760 0.00000000
    endloop
  endfacet
  facet normal 0.00000000 0.00000000 1.00000000
    outer loop
      vertex -7.18220230 -10.16532260 0.00000000
      vertex 11.36394485 6.05530760 0.00000000
      vertex 11.29368694 6.08237003 0.00000000
    endloop
  endfacet
  facet normal 0.00000000 0.00000000 1.00000000
    outer loop
      vertex -7.18220230 -10.16532260 0.00000000
      vertex 11.29368694 6.08237003 0.00000000
      vertex 11.22259574 6.10768869 0.00000000
    endloop
  endfacet
  facet normal 0.00000000 0.00000000 1.00000000
    outer loop
      vertex -7.18220230 -10.16532260 0.00000000
      vertex 11.22259574 6.10768869 0.00000000
      vertex 11.15066246 6.13126503 0.00000000
    endloop
  endfacet
  facet normal 0.00000000 0.00000000 1.00000000
    outer loop
      vertex -7.18220230 -10.16532260 0.00000000
      vertex 11.15066246 6.13126503 0.00000000
      vertex 11.07787833 6.15309978 0.00000000
    endloop
  endfacet
  facet normal 0.00000000 0.00000000 1.00000000
    outer loop
      vertex -7.18220230 -10.16532260 0.00000000
      vertex 11.07787833 6.15309978 0.00000000
      vertex 11.00423474 6.17319298 0.00000000
    endloop
  endfacet
  facet normal 0.00000000 0.00000000 1.00000000
    outer loop
      vertex -7.18220230 -10.16532260 0.00000000
      vertex 11.00423474 6.17319298 0.00000000
      vertex 10.92972327 6.19154402 0.00000000
    endloop
  endfacet
  facet normal 0.00000000 0.00000000 1.00000000
    outer loop
      vertex -7.18220230 -10.16532260 0.00000000
      vertex 10.92972327 6.19154402 0.00000000
      vertex 10.85433582 6.20815164 0.00000000
    endloop
  endfacet
  facet normal 0.00000000 0.00000000 1.00000000
    outer loop
      vertex -7.18220230 -10.16532260 0.00000000
      vertex 10.85433582 6.20815164 0.00000000
      vertex 10.77806459 6.22301402 0.00000000
    endloop
  endfacet
  facet normal 0.00000000 0.00000000 1.00000000
    outer loop
      vertex -7.18220230 -10.16532260 0.00000000
      vertex 10.77806459 6.22301402 0.00000000
      vertex 10.70090224 6.23612876 0.00000000
    endloop
  endfacet
  facet normal 0.00000000 0.00000000 1.00000000
    outer loop
      vertex -7.18220230 -10.16532260 0.00000000
      vertex 10.70090224 6.23612876 0.00000000
      vertex 10.62284185 6.24749299 0.00000000
    endloop
  endfacet
  facet normal 0.00000000 0.00000000 1.00000000
    outer loop
      vertex -7.18220230 -10.16532260 0.00000000
      vertex 10.62284185 6.24749299 0.00000000
      vertex 10.54387699 6.25710341 0.00000000
    endloop
  endfacet
  facet normal 0.00000000 0.00000000 1.00000000
    outer loop
      vertex -7.18220230 -10.16532260 0.00000000
      vertex 10.54387699 6.25710341 0.00000000
      vertex 10.46400178 6.26495632 0.00000000
    endloop
  endfacet
  facet normal 0.00000000 0.00000000 1.00000000
    outer loop
      vertex -7.18220230 -10.16532260 0.00000000
      vertex 10.46400178 6.26495632 0.00000000
      vertex 10.38321085 6.27104773 0.00000000
    endloop
  endfacet
  facet normal 0.00000000 0.00000000 1.00000000
    outer loop
      vertex -7.18220230 -10.16532260 0.00000000
      vertex 10.38321085 6.27104773 0.00000000
      vertex 10.30051628 6.27542541 0.00000000
    endloop
  endfacet
  facet normal 0.00000000 0.00000000 1.00000000
    outer loop
      vertex -7.18220230 -10.16532260 0.00000000
      vertex 10.30051628 6.27542541 0.00000000
      vertex 9.21726446 6.32078771 0.00000000
    endloop
  endfacet
  facet normal 0.00000000 0.00000000 1.00000000
    outer loop
      vertex -7.18220230 -10.16532260 0.00000000
      vertex 9.21726446 6.32078771 0.00000000
      vertex 9.09481570 6.32456317 0.00000000
    endloop
  endfacet
  facet normal 0.00000000 0.00000000 1.00000000
    outer loop
      vertex -7.18220230 -10.16532260 0.00000000
      vertex 9.09481570 6.32456317 0.00000000
      vertex 8.97444081 6.32558337 0.00000000
    endloop
  endfacet
  facet normal 0.00000000 0.00000000 1.00000000
    outer loop
      vertex -7.18220230 -10.16532260 0.00000000
      vertex 8.97444081 6.32558337 0.00000000
      vertex 8.85515208 6.32388327 0.00000000
    endloop
  endfacet
  facet normal 0.00000000 0.00000000 1.00000000
    outer loop
      vertex -7.18220230 -10.16532260 0.00000000
      vertex 8.85515208 6.32388327 0.00000000
      vertex 8.73694454 6.31946728 0.00000000
    endloop
  endfacet
  facet normal 0.00000000 0.00000000 1.00000000
    outer loop
      vertex -7.18220230 -10.16532260 0.00000000
      vertex 8.73694454 6.31946728 0.00000000
      vertex 8.61981260 6.31233956 0.00000000
    endloop
  endfacet
  facet normal 0.00000000 0.00000000 1.00000000
    outer loop
      vertex -7.18220230 -10.16532260 0.00000000
      vertex 8.61981260 6.31233956 0.00000000
      vertex 8.50375018 6.30250393 0.00000000
    endloop
  endfacet
  facet normal 0.00000000 0.00000000 1.00000000
    outer loop
      vertex -7.18220230 -10.16532260 0.00000000
      vertex 8.50375018 6.30250393 0.00000000
      vertex 8.38875064 6.28996381 0.00000000
    endloop
  endfacet
  facet normal 0.00000000 0.00000000 1.00000000
    outer loop
      vertex -7.18220230 -10.16532260 0.00000000
      vertex 8.38875064 6.28996381 0.00000000
      vertex 8.27480686 6.27472218 0.00000000
    endloop
  endfacet
  facet normal 0.00000000 0.00000000 1.00000000
    outer loop
      vertex -7.18220230 -10.16532260 0.00000000
      vertex 8.27480686 6.27472218 0.00000000
      vertex 8.16191128 6.25678152 0.00000000
    endloop
  endfacet
  facet normal 0.00000000 0.00000000 1.00000000
    outer loop
      vertex -7.18220230 -10.16532260 0.00000000
      vertex 8.16191128 6.25678152 0.00000000
      vertex 8.05005592 6.23614374 0.00000000
    endloop
  endfacet
  facet normal 0.00000000 0.00000000 1.00000000
    outer loop
      vertex -7.18220230 -10.16532260 0.00000000
      vertex 8.05005592 6.23614374 0.00000000
      vertex 7.93923248 6.21281016 0.00000000
    endloop
  endfacet
  facet normal 0.00000000 0.00000000 1.00000000
    outer loop
      vertex -7.18220230 -10.16532260 0.00000000
      vertex 7.93923248 6.21281016 0.00000000
      vertex 7.82943241 6.18678144 0.00000000
    endloop
  endfacet
  facet normal 0.00000000 0.00000000 1.00000000
    outer loop
      vertex -7.18220230 -10.16532260 0.00000000
      vertex 7.82943241 6.18678144 0.00000000
      vertex 7.72064694 6.15805758 0.00000000
    endloop
  endfacet
  facet normal 0.00000000 0.00000000 1.00000000
    outer loop
      vertex -7.18220230 -10.16532260 0.00000000
      vertex 7.72064694 6.15805758 0.00000000
      vertex 7.61286720 6.12663790 0.00000000
    endloop
  endfacet
  facet normal 0.00000000 0.00000000 1.00000000
    outer loop
      vertex -7.18220230 -10.16532260 0.00000000
      vertex 7.61286720 6.12663790 0.00000000
      vertex 7.50608432 6.09252100 0.00000000
    endloop
  endfacet
  facet normal 0.00000000 0.00000000 1.00000000
    outer loop
      vertex -7.18220230 -10.16532260 0.00000000
      vertex 7.50608432 6.09252100 0.00000000
      vertex 7.40028945 6.05570479 0.00000000
    endloop
  endfacet
  facet normal 0.00000000 0.00000000 1.00000000
    outer loop
      vertex -7.18220230 -10.16532260 0.00000000
      vertex 7.40028945 6.05570479 0.00000000
      vertex 7.29547394 6.01618652 0.00000000
    endloop
  endfacet
  facet normal 0.00000000 0.00000000 1.00000000
    outer loop
      vertex -7.18220230 -10.16532260 0.00000000
      vertex 7.29547394 6.01618652 0.00000000
      vertex 7.19162934 5.97396274 0.00000000
    endloop
  endfacet
  facet normal 0.00000000 0.00000000 1.00000000
    outer loop
      vertex -7.18220230 -10.16532260 0.00000000
      vertex 7.19162934 5.97396274 0.00000000
      vertex 7.08874755 5.92902940 0.00000000
    endloop
  endfacet
  facet normal 0.00000000 0.00000000 1.00000000
    outer loop
      vertex -7.18220230 -10.16532260 0.00000000
      vertex 7.08874755 5.92902940 0.00000000
      vertex 6.98682084 5.88138188 0.00000000
    endloop
  endfacet
  facet normal 0.00000000 0.00000000 1.00000000
    outer loop
      vertex -7.18220230 -10.16532260 0.00000000
      vertex 6.98682084 5.88138188 0.00000000
      vertex 6.88584198 5.83101503 0.00000000
    endloop
  endfacet
  facet normal 0.00000000 0.00000000 1.00000000
    outer loop
      vertex -7.18220230 -10.16532260 0.00000000
      vertex 6.88584198 5.83101503 0.00000000
      vertex 6.78580423 5.77792324 0.00000000
    endloop
  endfacet
  facet normal 0.00000000 0.00000000 1.00000000
    outer loop
      vertex -7.18220230 -10.16532260 0.00000000
      vertex 6.78580423 5.77792324 0.00000000
      vertex 6.68670146 5.72210049 0.00000000
    endloop
  endfacet
  facet normal 0.00000000 0.00000000 1.00000000
    outer loop
      vertex -7.18220230 -10.16532260 0.00000000
      vertex 6.68670146 5.72210049 0.00000000
      vertex 6.58852811 5.66354048 0.00000000
    endloop
  endfacet
  facet normal 0.00000000 0.00000000 1.00000000
    outer loop
      vertex -7.18220230 -10.16532260 0.00000000
      vertex 6.58852811 5.66354048 0.00000000
      vertex 6.49127932 5.60223661 0.00000000
    endloop
  endfacet
  facet normal 0.00000000 0.00000000 1.00000000
    outer loop
      vertex -7.18220230 -10.16532260 0.00000000
      vertex 6.49127932 5.60223661 0.00000000
      vertex 6.39495085 5.53818215 0.00000000
    endloop
  endfacet
  facet normal 0.00000000 0.00000000 1.00000000
    outer loop
      vertex -7.18220230 -10.16532260 0.00000000
      vertex 6.39495085 5.53818215 0.00000000
      vertex 6.29953914 5.47137024 0.00000000
    endloop
  endfacet
  facet normal 0.00000000 0.00000000 1.00000000
    outer loop
      vertex -7.18220230 -10.16532260 0.00000000
      vertex 6.29953914 5.47137024 0.00000000
      vertex 6.20504130 5.40179401 0.00000000
    endloop
  endfacet
  facet normal 0.00000000 0.00000000 1.00000000
    outer loop
      vertex -7.18220230 -10.16532260 0.00000000
      vertex 6.20504130 5.40179401 0.00000000
      vertex 6.11145508 5.32944661 0.00000000
    endloop
  endfacet
  facet normal 0.00000000 0.00000000 1.00000000
    outer loop
      vertex -7.18220230 -10.16532260 0.00000000
      vertex 6.11145508 5.32944661 0.00000000
      vertex 6.01877889 5.25432129 0.00000000
    endloop
  endfacet
  facet normal 0.00000000 0.00000000 1.00000000
    outer loop
      vertex -7.18220230 -10.16532260 0.00000000
      vertex 6.01877889 5.25432129 0.00000000
      vertex 5.92701172 5.17641146 0.00000000
    endloop
  endfacet
  facet normal 0.00000000 0.00000000 1.00000000
    outer loop
      vertex -7.18220230 -10.16532260 0.00000000
      vertex 5.92701172 5.17641146 0.00000000
      vertex 5.83541763 5.09505745 0.00000000
    endloop
  endfacet
  facet normal 0.00000000 0.00000000 1.00000000
    outer loop
      vertex -7.18220230 -10.16532260 0.00000000
      vertex 5.83541763 5.09505745 0.00000000
      vertex 3.89829691 3.33590719 0.00000000
    endloop
  endfacet
  facet normal 0.00000000 0.00000000 1.00000000
    outer loop
      vertex -7.18220230 -10.16532260 0.00000000
      vertex 3.89829691 3.33590719 0.00000000
      vertex 3.74762789 3.20168026 0.00000000
    endloop
  endfacet
  facet normal 0.00000000 0.00000000 1.00000000
    outer loop
      vertex -7.18220230 -10.16532260 0.00000000
      vertex 3.74762789 3.20168026 0.00000000
      vertex 3.59464604 3.07058757 0.00000000
    endloop
  endfacet
  facet normal 0.00000000 0.00000000 1.00000000
    outer loop
      vertex -7.18220230 -10.16532260 0.00000000
      vertex 3.59464604 3.07058757 0.00000000
      vertex 3.43998901 2.94320034 0.00000000
    endloop
  endfacet
  facet normal 0.00000000 0.00000000 1.00000000
    outer loop
      vertex -7.18220230 -10.16532260 0.00000000
      vertex 3.43998901 2.94320034 0.00000000
      vertex 3.28365797 2.81952252 0.00000000
    endloop
  endfacet
  facet normal 0.00000000 0.00000000 1.00000000
    outer loop
      vertex -7.18220230 -10.16532260 0.00000000
      vertex 3.28365797 2.81952252 0.00000000
      vertex 3.12565435 2.69955810 0.00000000
    endloop
  endfacet
  facet normal 0.00000000 0.00000000 1.00000000
    outer loop
      vertex -7.18220230 -10.16532260 0.00000000
      vertex 3.12565435 2.69955810 0.00000000
      vertex 2.96597992 2.58331105 0.00000000
    endloop
  endfacet
  facet normal 0.00000000 0.00000000 1.00000000
    outer loop
      vertex -7.18220230 -10.16532260 0.00000000
      vertex 2.96597992 2.58331105 0.00000000
      vertex 2.80463676 2.47078533 0.00000000
    endloop
  endfacet
  facet normal 0.00000000 0.00000000 1.00000000
    outer loop
      vertex -7.18220230 -10.16532260 0.00000000
      vertex 2.80463676 2.47078533 0.00000000
      vertex 2.64162725 2.36198486 0.00000000
    endloop
  endfacet
  facet normal 0.00000000 0.00000000 1.00000000
    outer loop
      vertex -7.18220230 -10.16532260 0.00000000
      vertex 2.64162725 2.36198486 0.00000000
      vertex 2.47695409 2.25691345 0.00000000
    endloop
  endfacet
  facet normal 0.00000000 0.00000000 1.00000000
    outer loop
      vertex -7.18220230 -10.16532260 0.00000000
      vertex 2.47695409 2.25691345 0.00000000
      vertex 2.31062028 2.15557482 0.00000000
    endloop
  endfacet
  facet normal 0.00000000 0.00000000 1.00000000
    outer loop
      vertex -7.18220230 -10.16532260 0.00000000
      vertex 2.31062028 2.15557482 0.00000000
      vertex 2.14262913 2.05797254 0.00000000
    endloop
  endfacet
  facet normal 0.00000000 0.00000000 1.00000000
    outer loop
      vertex -7.18220230 -10.16532260 0.00000000
      vertex 2.14262913 2.05797254 0.00000000
      vertex 1.97298420 1.96411003 0.00000000
    endloop
  endfacet
  facet normal 0.00000000 0.00000000 1.00000000
    outer loop
      vertex -7.18220230 -10.16532260 0.00000000
      vertex 1.97298420 1.96411003 0.00000000
      vertex 1.80168933 1.87399049 0.00000000
    endloop
  endfacet
  facet normal 0.00000000 0.00000000 1.00000000
    outer loop
      vertex -7.18220230 -10.16532260 0.00000000
      vertex 1.80168933 1.87399049 0.00000000
      vertex 1.62874860 1.78761692 0.00000000
    endloop
  endfacet
  facet normal 0.00000000 0.00000000 1.00000000
    outer loop
      vertex -7.18220230 -10.16532260 0.00000000
      vertex 1.62874860 1.78761692 0.00000000
      vertex 1.45416630 1.70499206 0.00000000
    endloop
  endfacet
  facet normal 0.00000000 0.00000000 1.00000000
    outer loop
      vertex -7.18220230 -10.16532260 0.00000000
      vertex 1.45416630 1.70499206 0.00000000
      vertex 1.27794692 1.62611840 0.00000000
    endloop
  endfacet
  facet normal 0.00000000 0.00000000 1.00000000
    outer loop
      vertex -7.18220230 -10.16532260 0.00000000
      vertex 1.27794692 1.62611840 0.00000000
      vertex 1.10009510 1.55099814 0.00000000
    endloop
  endfacet
  facet normal 0.00000000 0.00000000 1.00000000
    outer loop
      vertex -7.18220230 -10.16532260 0.00000000
      vertex 1.10009510 1.55099814 0.00000000
      vertex 0.92061561 1.47963317 0.00000000
    endloop
  endfacet
  facet normal 0.00000000 0.00000000 1.00000000
    outer loop
      vertex -7.18220230 -10.16532260 0.00000000
      vertex 0.92061561 1.47963317 0.00000000
      vertex 0.73951332 1.41202508 0.00000000
    endloop
  endfacet
  facet normal 0.00000000 0.00000000 1.00000000
    outer loop
      vertex -7.18220230 -10.16532260 0.00000000
      vertex 0.73951332 1.41202508 0.00000000
      vertex 0.55679319 1.34817515 0.00000000
    endloop
  endfacet
  facet normal 0.00000000 0.00000000 1.00000000
    outer loop
      vertex -7.18220230 -10.16532260 0.00000000
      vertex 0.55679319 1.34817515 0.00000000
      vertex 0.37246016 1.28808430 0.00000000
    endloop
  endfacet
  facet normal 0.00000000 0.00000000 1.00000000
    outer loop
      vertex -7.18220230 -10.16532260 0.00000000
      vertex 0.37246016 1.28808430 0.00000000
      vertex 0.18651922 1.23175315 0.00000000
    endloop
  endfacet
  facet normal 0.00000000 0.00000000 1.00000000
    outer loop
      vertex -7.18220230 -10.16532260 0.00000000
      vertex 0.18651922 1.23175315 0.00000000
      vertex -0.00102471 1.17918201 0.00000000
    endloop
  endfacet
  facet normal 0.00000000 0.00000000 1.00000000
    outer loop
      vertex -7.18220230 -10.16532260 0.00000000
      vertex -0.00102471 1.17918201 0.00000000
      vertex -0.19016678 1.13037083 0.00000000
    endloop
  endfacet
  facet normal 0.00000000 0.00000000 1.00000000
    outer loop
      vertex -7.18220230 -10.16532260 0.00000000
      vertex -0.19016678 1.13037083 0.00000000
      vertex -0.38090220 1.08531929 0.00000000
    endloop
  endfacet
  facet normal 0.00000000 0.00000000 1.00000000
    outer loop
      vertex -7.18220230 -10.16532260 0.00000000
      vertex -0.38090220 1.08531929 0.00000000
      vertex -0.57322635 1.04402674 0.00000000
    endloop
  endfacet
  facet normal 0.00000000 0.00000000 1.00000000
    outer loop
      vertex -7.18220230 -10.16532260 0.00000000
      vertex -0.57322635 1.04402674 0.00000000
      vertex -0.76713474 1.00649228 0.00000000
    endloop
  endfacet
  facet normal 0.00000000 0.00000000 1.00000000
    outer loop
      vertex -7.18220230 -10.16532260 0.00000000
      vertex -0.76713474 1.00649228 0.00000000
      vertex -0.96262306 0.97271473 0.00000000
    endloop
  endfacet
  facet normal 0.00000000 0.00000000 1.00000000
    outer loop
      vertex -7.18220230 -10.16532260 0.00000000
      vertex -0.96262306 0.97271473 0.00000000
      vertex -1.15968720 0.94269265 0.00000000
    endloop
  endfacet
  facet normal 0.00000000 0.00000000 1.00000000
    outer loop
      vertex -7.18220230 -10.16532260 0.00000000
      vertex -1.15968720 0.94269265 0.00000000
      vertex -1.35832325 0.91642439 0.00000000
    endloop
  endfacet
  facet normal 0.00000000 0.00000000 1.00000000
    outer loop
      vertex -7.18220230 -10.16532260 0.00000000
      vertex -1.35832325 0.91642439 0.00000000
      vertex -1.55852754 0.89390809 0.00000000
    endloop
  endfacet
  facet normal 0.00000000 0.00000000 1.00000000
    outer loop
      vertex -7.18220230 -10.16532260 0.00000000
      vertex -1.55852754 0.89390809 0.00000000
      vertex -1.75944743 0.87522070 0.00000000
    endloop
  endfacet
  facet normal 0.00000000 0.00000000 1.00000000
    outer loop
      vertex -7.18220230 -10.16532260 0.00000000
      vertex -1.75944743 0.87522070 0.00000000
      vertex -3.12369740 0.76144541 0.00000000
    endloop
  endfacet
  facet normal 0.00000000 0.00000000 1.00000000
    outer loop
      vertex -7.18220230 -10.16532260 0.00000000
      vertex -3.12369740 0.76144541 0.00000000
      vertex -3.32733169 0.74655550 0.00000000
    endloop
  endfacet
  facet normal 0.00000000 0.00000000 1.00000000
    outer loop
      vertex -7.18220230 -10.16532260 0.00000000
      vertex -3.32733169 0.74655550 0.00000000
      vertex -3.53075773 0.73589892 0.00000000
    endloop
  endfacet
  facet normal 0.00000000 0.00000000 1.00000000
    outer loop
      vertex -7.18220230 -10.16532260 0.00000000
      vertex -3.53075773 0.73589892 0.00000000
      vertex -3.73306194 0.72954564 0.00000000
    endloop
  endfacet
  facet normal 0.00000000 0.00000000 1.00000000
    outer loop
      vertex -7.18220230 -10.16532260 0.00000000
      vertex -3.73306194 0.72954564 0.00000000
      vertex -3.93424033 0.72749897 0.00000000
    endloop
  endfacet
  facet normal 0.00000000 0.00000000 1.00000000
    outer loop
      vertex -7.18220230 -10.16532260 0.00000000
      vertex -3.93424033 0.72749897 0.00000000
      vertex -4.13428857 0.72976197 0.00000000
    endloop
  endfacet
  facet normal 0.00000000 0.00000000 1.00000000
    outer loop
      vertex -7.18220230 -10.16532260 0.00000000
      vertex -4.13428857 0.72976197 0.00000000
      vertex -4.33320195 0.73633750 0.00000000
    endloop
  endfacet
  facet normal 0.00000000 0.00000000 1.00000000
    outer loop
      vertex -7.18220230 -10.16532260 0.00000000
      vertex -4.33320195 0.73633750 0.00000000
      vertex -4.53097540 0.74722812 0.00000000
    endloop
  endfacet
  facet normal 0.00000000 0.00000000 1.00000000
    outer loop
      vertex -7.18220230 -10.16532260 0.00000000
      vertex -4.53097540 0.74722812 0.00000000
      vertex -4.72760357 0.76243609 0.00000000
    endloop
  endfacet
  facet normal 0.00000000 0.00000000 1.00000000
    outer loop
      vertex -7.18220230 -10.16532260 0.00000000
      vertex -4.72760357 0.76243609 0.00000000
      vertex -4.92308077 0.78196332 0.00000000
    endloop
  endfacet
  facet normal 0.00000000 0.00000000 1.00000000
    outer loop
      vertex -7.18220230 -10.16532260 0.00000000
      vertex -4.92308077 0.78196332 0.00000000
      vertex -5.11740108 0.80581136 0.00000000
    endloop
  endfacet
  facet normal 0.00000000 0.00000000 1.00000000
    outer loop
      vertex -7.18220230 -10.16532260 0.00000000
      vertex -5.11740108 0.80581136 0.00000000
      vertex -5.31055833 0.83398134 0.00000000
    endloop
  endfacet
  facet normal 0.00000000 0.00000000 1.00000000
    outer loop
      vertex -7.18220230 -10.16532260 0.00000000
      vertex -5.31055833 0.83398134 0.00000000
      vertex -5.50254621 0.86647398 0.00000000
    endloop
  endfacet
  facet normal 0.00000000 0.00000000 1.00000000
    outer loop
      vertex -7.18220230 -10.16532260 0.00000000
      vertex -5.50254621 0.86647398 0.00000000
      vertex -5.69335824 0.90328955 0.00000000
    endloop
  endfacet
  facet normal 0.00000000 0.00000000 1.00000000
    outer loop
      vertex -7.18220230 -10.16532260 0.00000000
      vertex -5.69335824 0.90328955 0.00000000
      vertex -5.88298786 0.94442786 0.00000000
    endloop
  endfacet
  facet normal 0.00000000 0.00000000 1.00000000
    outer loop
      vertex -7.18220230 -10.16532260 0.00000000
      vertex -5.88298786 0.94442786 0.00000000
      vertex -6.07142850 0.98988826 0.00000000
    endloop
  endfacet
  facet normal 0.00000000 0.00000000 1.00000000
    outer loop
      vertex -7.18220230 -10.16532260 0.00000000
      vertex -6.07142850 0.98988826 0.00000000
      vertex -6.25867358 1.03966966 0.00000000
    endloop
  endfacet
  facet normal 0.00000000 0.00000000 1.00000000
    outer loop
      vertex -7.18220230 -10.16532260 0.00000000
      vertex -6.25867358 1.03966966 0.00000000
      vertex -6.44471661 1.09377048 0.00000000
    endloop
  endfacet
  facet normal 0.00000000 0.00000000 1.00000000
    outer loop
      vertex -7.18220230 -10.16532260 0.00000000
      vertex -6.44471661 1.09377048 0.00000000
      vertex -6.62955122 1.15218871 0.00000000
    endloop
  endfacet
  facet normal 0.00000000 0.00000000 1.00000000
    outer loop
      vertex -7.18220230 -10.16532260 0.00000000
      vertex -6.62955122 1.15218871 0.00000000
      vertex -6.81317122 1.21492191 0.00000000
    endloop
  endfacet
  facet normal 0.00000000 0.00000000 1.00000000
    outer loop
      vertex -7.18220230 -10.16532260 0.00000000
      vertex -6.81317122 1.21492191 0.00000000
      vertex -6.99557062 1.28196722 0.00000000
    endloop
  endfacet
  facet normal 0.00000000 0.00000000 1.00000000
    outer loop
      vertex -7.18220230 -10.16532260 0.00000000
      vertex -6.99557062 1.28196722 0.00000000
      vertex -7.17674372 1.35332142 0.00000000
    endloop
  endfacet
  facet normal 0.00000000 -0.00000000 1.00000000
    outer loop
      vertex -7.18220230 -10.16532260 0.00000000
      vertex -7.17674372 1.35332142 0.00000000
      vertex -7.35668514 1.42898094 0.00000000
    endloop
  endfacet
  facet normal 0.00000000 0.00000000 1.00000000
    outer loop
      vertex -7.18220230 -10.16532260 0.00000000
      vertex -7.35668514 1.42898094 0.00000000
      vertex -7.53538980 1.50894189 0.00000000
    endloop
  endfacet
  facet normal 0.00000000 0.00000000 1.00000000
    outer loop
      vertex -7.18220230 -10.16532260 0.00000000
      vertex -7.53538980 1.50894189 0.00000000
      vertex -7.71285303 1.59320012 0.00000000
    endloop
  endfacet
  facet normal 0.00000000 0.00000000 1.00000000
    outer loop
      vertex -7.18220230 -10.16532260 0.00000000
      vertex -7.71285303 1.59320012 0.00000000
      vertex -7.88907056 1.68175125 0.00000000
    endloop
  endfacet
  facet normal 0.00000000 0.00000000 1.00000000
    outer loop
      vertex -7.18220230 -10.16532260 0.00000000
      vertex -7.88907056 1.68175125 0.00000000
      vertex -8.06403850 1.77459070 0.00000000
    endloop
  endfacet
  facet normal 0.00000000 0.00000000 1.00000000
    outer loop
      vertex -7.18220230 -10.16532260 0.00000000
      vertex -8.06403850 1.77459070 0.00000000
      vertex -8.23775343 1.87171377 0.00000000
    endloop
  endfacet
  facet normal 0.00000000 0.00000000 1.00000000
    outer loop
      vertex -7.18220230 -10.16532260 0.00000000
      vertex -8.23775343 1.87171377 0.00000000
      vertex -8.41021235 1.97311566 0.00000000
    endloop
  endfacet
  facet normal 0.00000000 0.00000000 1.00000000
    outer loop
      vertex -7.18220230 -10.16532260 0.00000000
      vertex -8.41021235 1.97311566 0.00000000
      vertex -8.58141269 2.07879148 0.00000000
    endloop
  endfacet
  facet normal 0.00000000 0.00000000 1.00000000
    outer loop
      vertex -7.18220230 -10.16532260 0.00000000
      vertex -8.58141269 2.07879148 0.00000000
      vertex -8.75135232 2.18873636 0.00000000
    endloop
  endfacet
  facet normal 0.00000000 0.00000000 1.00000000
    outer loop
      vertex -7.18220230 -10.16532260 0.00000000
      vertex -8.75135232 2.18873636 0.00000000
      vertex -8.92002954 2.30294544 0.00000000
    endloop
  endfacet
  facet normal 0.00000000 0.00000000 1.00000000
    outer loop
      vertex -7.18220230 -10.16532260 0.00000000
      vertex -8.92002954 2.30294544 0.00000000
      vertex -9.08669825 2.42088684 0.00000000
    endloop
  endfacet
  facet normal 0.00000000 0.00000000 1.00000000
    outer loop
      vertex -7.18220230 -10.16532260 0.00000000
      vertex -9.08669825 2.42088684 0.00000000
      vertex -10.84593521 3.69295746 0.00000000
    endloop
  endfacet
  facet normal 0.00000000 0.00000000 1.00000000
    outer loop
      vertex -7.18220230 -10.16532260 0.00000000
      vertex -10.84593521 3.69295746 0.00000000
      vertex -10.93740192 3.76034428 0.00000000
    endloop
  endfacet
  facet normal 0.00000000 0.00000000 1.00000000
    outer loop
      vertex -7.18220230 -10.16532260 0.00000000
      vertex -10.93740192 3.76034428 0.00000000
      vertex -11.02784121 3.82951415 0.00000000
    endloop
  endfacet
  facet normal 0.00000000 0.00000000 1.00000000
    outer loop
      vertex -7.18220230 -10.16532260 0.00000000
      vertex -11.02784121 3.82951415 0.00000000
      vertex -11.11660789 3.89999391 0.00000000
    endloop
  endfacet
  facet normal 0.00000000 0.00000000 1.00000000
    outer loop
      vertex -7.18220230 -10.16532260 0.00000000
      vertex -11.11660789 3.89999391 0.00000000
      vertex -11.20369868 3.97178315 0.00000000
    endloop
  endfacet
  facet normal 0.00000000 0.00000000 1.00000000
    outer loop
      vertex -7.18220230 -10.16532260 0.00000000
      vertex -11.20369868 3.97178315 0.00000000
      vertex -11.28911025 4.04488126 0.00000000
    endloop
  endfacet
  facet normal 0.00000000 0.00000000 1.00000000
    outer loop
      vertex -7.18220230 -10.16532260 0.00000000
      vertex -11.28911025 4.04488126 0.00000000
      vertex -11.37283924 4.11928738 0.00000000
    endloop
  endfacet
  facet normal 0.00000000 0.00000000 1.00000000
    outer loop
      vertex -7.18220230 -10.16532260 0.00000000
      vertex -11.37283924 4.11928738 0.00000000
      vertex -11.45488225 4.19500045 0.00000000
    endloop
  endfacet
  facet normal 0.00000000 0.00000000 1.00000000
    outer loop
      vertex -7.18220230 -10.16532260 0.00000000
      vertex -11.45488225 4.19500045 0.00000000
      vertex -11.53523591 4.27201917 0.00000000
    endloop
  endfacet
  facet normal 0.00000000 0.00000000 1.00000000
    outer loop
      vertex -7.18220230 -10.16532260 0.00000000
      vertex -11.53523591 4.27201917 0.00000000
      vertex -11.61389686 4.35034200 0.00000000
    endloop
  endfacet
  facet normal 0.00000000 0.00000000 1.00000000
    outer loop
      vertex -7.18220230 -10.16532260 0.00000000
      vertex -11.61389686 4.35034200 0.00000000
      vertex -11.69086178 4.42996719 0.00000000
    endloop
  endfacet
  facet normal 0.00000000 0.00000000 1.00000000
    outer loop
      vertex -7.18220230 -10.16532260 0.00000000
      vertex -11.69086178 4.42996719 0.00000000
      vertex -11.76612740 4.51089277 0.00000000
    endloop
  endfacet
  facet normal 0.00000000 0.00000000 1.00000000
    outer loop
      vertex -7.18220230 -10.16532260 0.00000000
      vertex -11.76612740 4.51089277 0.00000000
      vertex -11.83969055 4.59311651 0.00000000
    endloop
  endfacet
  facet normal 0.00000000 0.00000000 1.00000000
    outer loop
      vertex -7.18220230 -10.16532260 0.00000000
      vertex -11.83969055 4.59311651 0.00000000
      vertex -11.91154815 4.67663603 0.00000000
    endloop
  endfacet
  facet normal 0.00000000 0.00000000 1.00000000
    outer loop
      vertex -7.18220230 -10.16532260 0.00000000
      vertex -11.91154815 4.67663603 0.00000000
      vertex -11.98169725 4.76144870 0.00000000
    endloop
  endfacet
  facet normal 0.00000000 0.00000000 1.00000000
    outer loop
      vertex -7.18220230 -10.16532260 0.00000000
      vertex -11.98169725 4.76144870 0.00000000
      vertex -12.05013502 4.84755172 0.00000000
    endloop
  endfacet
  facet normal 0.00000000 0.00000000 1.00000000
    outer loop
      vertex -7.18220230 -10.16532260 0.00000000
      vertex -12.05013502 4.84755172 0.00000000
      vertex -12.11685882 4.93494213 0.00000000
    endloop
  endfacet
  facet normal 0.00000000 0.00000000 1.00000000
    outer loop
      vertex -7.18220230 -10.16532260 0.00000000
      vertex -12.11685882 4.93494213 0.00000000
      vertex -12.18186614 5.02361680 0.00000000
    endloop
  endfacet
  facet normal 0.00000000 0.00000000 1.00000000
    outer loop
      vertex -7.18220230 -10.16532260 0.00000000
      vertex -12.18186614 5.02361680 0.00000000
      vertex -12.24515470 5.11357245 0.00000000
    endloop
  endfacet
  facet normal 0.00000000 0.00000000 1.00000000
    outer loop
      vertex -7.18220230 -10.16532260 0.00000000
      vertex -12.24515470 5.11357245 0.00000000
      vertex -12.30672239 5.20480569 0.00000000
    endloop
  endfacet
  facet normal 0.00000000 0.00000000 1.00000000
    outer loop
      vertex -7.18220230 -10.16532260 0.00000000
      vertex -12.30672239 5.20480569 0.00000000
      vertex -12.36656731 5.29731304 0.00000000
    endloop
  endfacet
  facet normal 0.00000000 0.00000000 1.00000000
    outer loop
      vertex -7.18220230 -10.16532260 0.00000000
      vertex -12.36656731 5.29731304 0.00000000
      vertex -12.42468781 5.39109091 0.00000000
    endloop
  endfacet
  facet normal 0.00000000 0.00000000 1.00000000
    outer loop
      vertex -7.18220230 -10.16532260 0.00000000
      vertex -12.42468781 5.39109091 0.00000000
      vertex -12.48108243 5.48613568 0.00000000
    endloop
  endfacet
  facet normal 0.00000000 0.00000000 1.00000000
    outer loop
      vertex -7.18220230 -10.16532260 0.00000000
      vertex -12.48108243 5.48613568 0.00000000
      vertex -12.53574996 5.58244368 0.00000000
    endloop
  endfacet
  facet normal 0.00000000 0.00000000 1.00000000
    outer loop
      vertex -7.18220230 -10.16532260 0.00000000
      vertex -12.53574996 5.58244368 0.00000000
      vertex -12.58868942 5.68001122 0.00000000
    endloop
  endfacet
  facet normal 0.00000000 0.00000000 1.00000000
    outer loop
      vertex -7.18220230 -10.16532260 0.00000000
      vertex -12.58868942 5.68001122 0.00000000
      vertex -12.63990006 5.77883462 0.00000000
    endloop
  endfacet
  facet normal 0.00000000 0.00000000 1.00000000
    outer loop
      vertex -7.18220230 -10.16532260 0.00000000
      vertex -12.63990006 5.77883462 0.00000000
      vertex -12.68938136 5.87891022 0.00000000
    endloop
  endfacet
  facet normal 0.00000000 0.00000000 1.00000000
    outer loop
      vertex -7.18220230 -10.16532260 0.00000000
      vertex -12.68938136 5.87891022 0.00000000
      vertex -12.73713303 5.98023441 0.00000000
    endloop
  endfacet
  facet normal 0.00000000 0.00000000 1.00000000
    outer loop
      vertex -7.18220230 -10.16532260 0.00000000
      vertex -12.73713303 5.98023441 0.00000000
      vertex -12.78315499 6.08280365 0.00000000
    endloop
  endfacet
  facet normal 0.00000000 0.00000000 1.00000000
    outer loop
      vertex -7.18220230 -10.16532260 0.00000000
      vertex -12.78315499 6.08280365 0.00000000
      vertex -12.82744740 6.18661446 0.00000000
    endloop
  endfacet
  facet normal 0.00000000 0.00000000 1.00000000
    outer loop
      vertex -7.18220230 -10.16532260 0.00000000
      vertex -12.82744740 6.18661446 0.00000000
      vertex -12.87001058 6.29166347 0.00000000
    endloop
  endfacet
  facet normal 0.00000000 0.00000000 1.00000000
    outer loop
      vertex -7.18220230 -10.16532260 0.00000000
      vertex -12.87001058 6.29166347 0.00000000
      vertex -12.91084508 6.39794744 0.00000000
    endloop
  endfacet
  facet normal 0.00000000 0.00000000 1.00000000
    outer loop
      vertex -7.18220230 -10.16532260 0.00000000
      vertex -12.91084508 6.39794744 0.00000000
      vertex -12.94967905 6.50471384 0.00000000
    endloop
  endfacet
  facet normal 0.00000000 0.00000000 1.00000000
    outer loop
      vertex -14.20212113 10.00027348 0.00000000
      vertex -7.18220230 -10.16532260 0.00000000
      vertex -12.94967905 6.50471384 0.00000000
    endloop
  endfacet
  facet normal 0.00000000 0.00000000 1.00000000
    outer loop
      vertex -14.20212113 10.00027348 0.00000000
      vertex -12.94967905 6.50471384 0.00000000
      vertex -13.42692153 7.85410205 0.00000000
    endloop
  endfacet
  facet normal 0.00000000 0.00000000 1.00000000
    outer loop
      vertex -14.20212113 10.00027348 0.00000000
      vertex -13.42692153 7.85410205 0.00000000
      vertex -13.44270813 7.89924591 0.00000000
    endloop
  endfacet
  facet normal 0.00000000 0.00000000 1.00000000
    outer loop
      vertex -14.20212113 10.00027348 0.00000000
      vertex -13.44270813 7.89924591 0.00000000
      vertex -13.45826638 7.94476981 0.00000000
    endloop
  endfacet
  facet normal 0.00000000 0.00000000 1.00000000
    outer loop
      vertex -14.20212113 10.00027348 0.00000000
      vertex -13.45826638 7.94476981 0.00000000
      vertex -13.47349109 7.99037309 0.00000000
    endloop
  endfacet
  facet normal 0.00000000 0.00000000 1.00000000
    outer loop
      vertex -14.20212113 10.00027348 0.00000000
      vertex -13.47349109 7.99037309 0.00000000
      vertex -13.48838217 8.03605558 0.00000000
    endloop
  endfacet
  facet normal 0.00000000 0.00000000 1.00000000
    outer loop
      vertex -14.20212113 10.00027348 0.00000000
      vertex -13.48838217 8.03605558 0.00000000
      vertex -13.50293952 8.08181710 0.00000000
    endloop
  endfacet
  facet normal 0.00000000 0.00000000 1.00000000
    outer loop
      vertex -14.20212113 10.00027348 0.00000000
      vertex -13.50293952 8.08181710 0.00000000
      vertex -13.51716307 8.12765750 0.00000000
    endloop
  endfacet
  facet normal 0.00000000 0.00000000 1.00000000
    outer loop
      vertex -14.20212113 10.00027348 0.00000000
      vertex -13.51716307 8.12765750 0.00000000
      vertex -13.53105271 8.17357658 0.00000000
    endloop
  endfacet
  facet normal 0.00000000 0.00000000 1.00000000
    outer loop
      vertex -14.20212113 10.00027348 0.00000000
      vertex -13.53105271 8.17357658 0.00000000
      vertex -13.54460838 8.21957418 0.00000000
    endloop
  endfacet
  facet normal 0.00000000 0.00000000 1.00000000
    outer loop
      vertex -14.20212113 10.00027348 0.00000000
      vertex -13.54460838 8.21957418 0.00000000
      vertex -13.55782998 8.26565011 0.00000000
    endloop
  endfacet
  facet normal 0.00000000 0.00000000 1.00000000
    outer loop
      vertex -14.20212113 10.00027348 0.00000000
      vertex -13.55782998 8.26565011 0.00000000
      vertex -13.57071746 8.31180418 0.00000000
    endloop
  endfacet
  facet normal 0.00000000 0.00000000 1.00000000
    outer loop
      vertex -14.20212113 10.00027348 0.00000000
      vertex -13.57071746 8.31180418 0.00000000
      vertex -13.58327073 8.35803622 0.00000000
    endloop
  endfacet
  facet normal 0.00000000 0.00000000 1.00000000
    outer loop
      vertex -14.20212113 10.00027348 0.00000000
      vertex -13.58327073 8.35803622 0.00000000
      vertex -13.59548973 8.40434604 0.00000000
    endloop
  endfacet
  facet normal 0.00000000 0.00000000 1.00000000
    outer loop
      vertex -14.20212113 10.00027348 0.00000000
      vertex -13.59548973 8.40434604 0.00000000
      vertex -13.60737440 8.45073344 0.00000000
    endloop
  endfacet
  facet normal 0.00000000 0.00000000 1.00000000
    outer loop
      vertex -14.20212113 10.00027348 0.00000000
      vertex -13.60737440 8.45073344 0.00000000
      vertex -13.61892467 8.49719824 0.00000000
    endloop
  endfacet
  facet normal 0.00000000 0.00000000 1.00000000
    outer loop
      vertex -14.20212113 10.00027348 0.00000000
      vertex -13.61892467 8.49719824 0.00000000
      vertex -13.63014050 8.54374026 0.00000000
    endloop
  endfacet
  facet normal 0.00000000 0.00000000 1.00000000
    outer loop
      vertex -14.20212113 10.00027348 0.00000000
      vertex -13.63014050 8.54374026 0.00000000
      vertex -13.64102183 8.59035928 0.00000000
    endloop
  endfacet
  facet normal 0.00000000 0.00000000 1.00000000
    outer loop
      vertex -14.20212113 10.00027348 0.00000000
      vertex -13.64102183 8.59035928 0.00000000
      vertex -13.65156862 8.63705513 0.00000000
    endloop
  endfacet
  facet normal 0.00000000 0.00000000 1.00000000
    outer loop
      vertex -14.20212113 10.00027348 0.00000000
      vertex -13.65156862 8.63705513 0.00000000
      vertex -13.66178082 8.68382761 0.00000000
    endloop
  endfacet
  facet normal 0.00000000 0.00000000 1.00000000
    outer loop
      vertex -14.20212113 10.00027348 0.00000000
      vertex -13.66178082 8.68382761 0.00000000
      vertex -13.67165839 8.73067652 0.00000000
    endloop
  endfacet
  facet normal 0.00000000 0.00000000 1.00000000
    outer loop
      vertex -14.20212113 10.00027348 0.00000000
      vertex -13.67165839 8.73067652 0.00000000
      vertex -13.68120131 8.77760167 0.00000000
    endloop
  endfacet
  facet normal 0.00000000 0.00000000 1.00000000
    outer loop
      vertex -14.20212113 10.00027348 0.00000000
      vertex -13.68120131 8.77760167 0.00000000
      vertex -13.69040953 8.82460286 0.00000000
    endloop
  endfacet
  facet normal 0.00000000 0.00000000 1.00000000
    outer loop
      vertex -14.20212113 10.00027348 0.00000000
      vertex -13.69040953 8.82460286 0.00000000
      vertex -13.69928304 8.87167989 0.00000000
    endloop
  endfacet
  facet normal 0.00000000 0.00000000 1.00000000
    outer loop
      vertex -14.20212113 10.00027348 0.00000000
      vertex -13.69928304 8.87167989 0.00000000
      vertex -13.70782182 8.91883256 0.00000000
    endloop
  endfacet
  facet normal 0.00000000 0.00000000 1.00000000
    outer loop
      vertex -14.20212113 10.00027348 0.00000000
      vertex -13.70782182 8.91883256 0.00000000
      vertex -13.71602584 8.96606069 0.00000000
    endloop
  endfacet
  facet normal 0.00000000 0.00000000 1.00000000
    outer loop
      vertex -14.20212113 10.00027348 0.00000000
      vertex -13.71602584 8.96606069 0.00000000
      vertex -13.72389510 9.01336407 0.00000000
    endloop
  endfacet
  facet normal 0.00000000 0.00000000 1.00000000
    outer loop
      vertex -14.20212113 10.00027348 0.00000000
      vertex -13.72389510 9.01336407 0.00000000
      vertex -13.73142959 9.06074250 0.00000000
    endloop
  endfacet
  facet normal 0.00000000 0.00000000 1.00000000
    outer loop
      vertex -14.20212113 10.00027348 0.00000000
      vertex -13.73142959 9.06074250 0.00000000
      vertex -13.73862930 9.10819580 0.00000000
    endloop
  endfacet
  facet normal 0.00000000 0.00000000 1.00000000
    outer loop
      vertex -14.20212113 10.00027348 0.00000000
      vertex -13.73862930 9.10819580 0.00000000
      vertex -13.74549423 9.15572376 0.00000000
    endloop
  endfacet
  facet normal 0.00000000 0.00000000 1.00000000
    outer loop
      vertex -14.20212113 10.00027348 0.00000000
      vertex -13.74549423 9.15572376 0.00000000
      vertex -13.75202438 9.20332618 0.00000000
    endloop
  endfacet
  facet normal 0.00000000 0.00000000 1.00000000
    outer loop
      vertex -14.20212113 10.00027348 0.00000000
      vertex -13.75202438 9.20332618 0.00000000
      vertex -13.75821977 9.25100288 0.00000000
    endloop
  endfacet
  facet normal 0.00000000 0.00000000 1.00000000
    outer loop
      vertex -14.20212113 10.00027348 0.00000000
      vertex -13.75821977 9.25100288 0.00000000
      vertex -13.76408041 9.29875367 0.00000000
    endloop
  endfacet
  facet normal 0.00000000 0.00000000 1.00000000
    outer loop
      vertex -14.20212113 10.00027348 0.00000000
      vertex -13.76408041 9.29875367 0.00000000
      vertex -13.76956978 9.34626210 0.00000000
    endloop
  endfacet
  facet normal -0.00000000 0.00000000 1.00000000
    outer loop
      vertex -14.20212113 10.00027348 0.00000000
      vertex -13.76956978 9.34626210 0.00000000
      vertex -13.84792054 10.04607682 0.00000000
    endloop
  endfacet
  facet normal 0.00000000 0.00000000 1.00000000
    outer loop
      vertex -14.20212113 10.00027348 0.00000000
      vertex -13.84792054 10.04607682 0.00000000
      vertex -13.84989432 10.06148956 0.00000000
    endloop
  endfacet
  facet normal 0.00000000 0.00000000 1.00000000
    outer loop
      vertex -14.20212113 10.00027348 0.00000000
      vertex -13.84989432 10.06148956 0.00000000
      vertex -13.85199883 10.07447581 0.00000000
    endloop
  endfacet
  facet normal 0.00000000 0.00000000 1.00000000
    outer loop
      vertex -14.20212113 10.00027348 0.00000000
      vertex -13.85199883 10.07447581 0.00000000
      vertex -13.85436793 10.08640065 0.00000000
    endloop
  endfacet
  facet normal 0.00000000 0.00000000 1.00000000
    outer loop
      vertex -14.20212113 10.00027348 0.00000000
      vertex -13.85436793 10.08640065 0.00000000
      vertex -13.85695508 10.09726134 0.00000000
    endloop
  endfacet
  facet normal 0.00000000 0.00000000 1.00000000
    outer loop
      vertex -14.20212113 10.00027348 0.00000000
      vertex -13.85695508 10.09726134 0.00000000
      vertex -13.85970964 10.10706215 0.00000000
    endloop
  endfacet
  facet normal 0.00000000 0.00000000 1.00000000
    outer loop
      vertex -14.20212113 10.00027348 0.00000000
      vertex -13.85970964 10.10706215 0.00000000
      vertex -13.86550378 10.12354848 0.00000000
    endloop
  endfacet
  facet normal 0.00000000 0.00000000 1.00000000
    outer loop
      vertex -14.20212113 10.00027348 0.00000000
      vertex -13.86550378 10.12354848 0.00000000
      vertex -13.87131287 10.13611097 0.00000000
    endloop
  endfacet
  facet normal 0.00000000 0.00000000 1.00000000
    outer loop
      vertex -14.20212113 10.00027348 0.00000000
      vertex -13.87131287 10.13611097 0.00000000
      vertex -13.87676113 10.14523173 0.00000000
    endloop
  endfacet
  facet normal 0.00000000 0.00000000 1.00000000
    outer loop
      vertex -14.20212113 10.00027348 0.00000000
      vertex -13.87676113 10.14523173 0.00000000
      vertex -13.88392668 10.15408630 0.00000000
    endloop
  endfacet
  facet normal 0.00000000 0.00000000 1.00000000
    outer loop
      vertex -14.20212113 10.00027348 0.00000000
      vertex -13.88392668 10.15408630 0.00000000
      vertex -13.89326082 10.16145277 0.00000000
    endloop
  endfacet
  facet normal 0.00000000 0.00000000 1.00000000
    outer loop
      vertex -14.20212113 10.00027348 0.00000000
      vertex -13.89326082 10.16145277 0.00000000
      vertex -13.90353830 10.16636417 0.00000000
    endloop
  endfacet
  facet normal 0.00000000 0.00000000 1.00000000
    outer loop
      vertex -14.20212113 10.00027348 0.00000000
      vertex -13.90353830 10.16636417 0.00000000
      vertex -13.91367556 10.16954344 0.00000000
    endloop
  endfacet
  facet normal 0.00000000 0.00000000 1.00000000
    outer loop
      vertex -14.20212113 10.00027348 0.00000000
      vertex -13.91367556 10.16954344 0.00000000
      vertex -13.92724417 10.17227376 0.00000000
    endloop
  endfacet
  facet normal 0.00000000 0.00000000 1.00000000
    outer loop
      vertex -14.20212113 10.00027348 0.00000000
      vertex -13.92724417 10.17227376 0.00000000
      vertex -13.94462569 10.17407757 0.00000000
    endloop
  endfacet
  facet normal 0.00000000 0.00000000 1.00000000
    outer loop
      vertex -14.20212113 10.00027348 0.00000000
      vertex -13.94462569 10.17407757 0.00000000
      vertex -13.95479833 10.17447884 0.00000000
    endloop
  endfacet
  facet normal 0.00000000 0.00000000 1.00000000
    outer loop
      vertex -14.20212113 10.00027348 0.00000000
      vertex -13.95479833 10.17447884 0.00000000
      vertex -13.96596291 10.17447096 0.00000000
    endloop
  endfacet
  facet normal 0.00000000 0.00000000 1.00000000
    outer loop
      vertex -14.20212113 10.00027348 0.00000000
      vertex -13.96596291 10.17447096 0.00000000
      vertex -13.97811183 10.17400368 0.00000000
    endloop
  endfacet
  facet normal 0.00000000 0.00000000 1.00000000
    outer loop
      vertex -14.20212113 10.00027348 0.00000000
      vertex -13.97811183 10.17400368 0.00000000
      vertex -13.99123159 10.17303237 0.00000000
    endloop
  endfacet
  facet normal 0.00000000 0.00000000 1.00000000
    outer loop
      vertex -14.20212113 10.00027348 0.00000000
      vertex -13.99123159 10.17303237 0.00000000
      vertex -14.00668102 10.17136995 0.00000000
    endloop
  endfacet
  facet normal 0.00000000 0.00000000 1.00000000
    outer loop
      vertex -14.20212113 10.00027348 0.00000000
      vertex -14.00668102 10.17136995 0.00000000
      vertex -14.07541337 10.16286847 0.00000000
    endloop
  endfacet
  facet normal 0.00000000 0.00000000 1.00000000
    outer loop
      vertex -14.20212113 10.00027348 0.00000000
      vertex -14.07541337 10.16286847 0.00000000
      vertex -14.09080771 10.16071576 0.00000000
    endloop
  endfacet
  facet normal 0.00000000 0.00000000 1.00000000
    outer loop
      vertex -14.20212113 10.00027348 0.00000000
      vertex -14.09080771 10.16071576 0.00000000
      vertex -14.10378519 10.15845859 0.00000000
    endloop
  endfacet
  facet normal 0.00000000 0.00000000 1.00000000
    outer loop
      vertex -14.20212113 10.00027348 0.00000000
      vertex -14.10378519 10.15845859 0.00000000
      vertex -14.11571031 10.15594658 0.00000000
    endloop
  endfacet
  facet normal 0.00000000 0.00000000 1.00000000
    outer loop
      vertex -14.20212113 10.00027348 0.00000000
      vertex -14.11571031 10.15594658 0.00000000
      vertex -14.12658156 10.15322540 0.00000000
    endloop
  endfacet
  facet normal 0.00000000 0.00000000 1.00000000
    outer loop
      vertex -14.20212113 10.00027348 0.00000000
      vertex -14.12658156 10.15322540 0.00000000
      vertex -14.13640445 10.15034453 0.00000000
    endloop
  endfacet
  facet normal 0.00000000 0.00000000 1.00000000
    outer loop
      vertex -14.20212113 10.00027348 0.00000000
      vertex -14.13640445 10.15034453 0.00000000
      vertex -14.15297369 10.14431448 0.00000000
    endloop
  endfacet
  facet normal 0.00000000 0.00000000 1.00000000
    outer loop
      vertex -14.20212113 10.00027348 0.00000000
      vertex -14.15297369 10.14431448 0.00000000
      vertex -14.16567466 10.13827781 0.00000000
    endloop
  endfacet
  facet normal 0.00000000 0.00000000 1.00000000
    outer loop
      vertex -14.20212113 10.00027348 0.00000000
      vertex -14.16567466 10.13827781 0.00000000
      vertex -14.17498647 10.13259057 0.00000000
    endloop
  endfacet
  facet normal 0.00000000 0.00000000 1.00000000
    outer loop
      vertex -14.20212113 10.00027348 0.00000000
      vertex -14.17498647 10.13259057 0.00000000
      vertex -14.18418982 10.12500790 0.00000000
    endloop
  endfacet
  facet normal 0.00000000 0.00000000 1.00000000
    outer loop
      vertex -14.20212113 10.00027348 0.00000000
      vertex -14.18418982 10.12500790 0.00000000
      vertex -14.19198597 10.11500367 0.00000000
    endloop
  endfacet
  facet normal 0.00000000 0.00000000 1.00000000
    outer loop
      vertex -14.20212113 10.00027348 0.00000000
      vertex -14.19198597 10.11500367 0.00000000
      vertex -14.19709011 10.10422656 0.00000000
    endloop
  endfacet
  facet normal 0.00000000 0.00000000 1.00000000
    outer loop
      vertex -14.20212113 10.00027348 0.00000000
      vertex -14.19709011 10.10422656 0.00000000
      vertex -14.20032977 10.09380738 0.00000000
    endloop
  endfacet
  facet normal 0.00000000 -0.00000000 1.00000000
    outer loop
      vertex -14.20212113 10.00027348 0.00000000
      vertex -14.20032977 10.09380738 0.00000000
      vertex -14.20308019 10.08001640 0.00000000
    endloop
  endfacet
  facet normal 0.00000000 0.00000000 1.00000000
    outer loop
      vertex -14.20212113 10.00027348 0.00000000
      vertex -14.20308019 10.08001640 0.00000000
      vertex -14.20487903 10.06247601 0.00000000
    endloop
  endfacet
  facet normal 0.00000000 0.00000000 1.00000000
    outer loop
      vertex -14.20212113 10.00027348 0.00000000
      vertex -14.20487903 10.06247601 0.00000000
      vertex -14.20527251 10.05224695 0.00000000
    endloop
  endfacet
  facet normal 0.00000000 0.00000000 1.00000000
    outer loop
      vertex -14.20212113 10.00027348 0.00000000
      vertex -14.20527251 10.05224695 0.00000000
      vertex -14.20525499 10.04104031 0.00000000
    endloop
  endfacet
  facet normal 0.00000000 0.00000000 1.00000000
    outer loop
      vertex -14.20212113 10.00027348 0.00000000
      vertex -14.20525499 10.04104031 0.00000000
      vertex -14.20477714 10.02886286 0.00000000
    endloop
  endfacet
  facet normal 0.00000000 0.00000000 1.00000000
    outer loop
      vertex -14.20477714 10.02886286 0.00000000
      vertex -14.20379505 10.01572721 0.00000000
      vertex -14.20212113 10.00027348 0.00000000
    endloop
  endfacet
  facet normal -0.99026580 -0.13918922 0.00000000
    outer loop
      vertex -12.32359142 -5.04901732 0.00000000
      vertex -12.32359142 -5.04901732 0.20000000
      vertex -12.37862022 -4.65751328 0.20000000
    endloop
  endfacet
  facet normal -0.99026580 -0.13918922 0.00000000
    outer loop
      vertex -12.37862022 -4.65751328 0.00000000
      vertex -12.32359142 -5.04901732 0.00000000
      vertex -12.37862022 -4.65751328 0.20000000
    endloop
  endfacet
  facet normal -0.98508386 -0.17207493 0.00000000
    outer loop
      vertex -12.25800338 -5.42449164 0.00000000
      vertex -12.25800338 -5.42449164 0.20000000
      vertex -12.32359142 -5.04901732 0.20000000
    endloop
  endfacet
  facet normal -0.98508386 -0.17207493 0.00000000
    outer loop
      vertex -12.32359142 -5.04901732 0.00000000
      vertex -12.25800338 -5.42449164 0.00000000
      vertex -12.32359142 -5.04901732 0.20000000
    endloop
  endfacet
  facet normal -0.97836448 -0.20688874 0.00000000
    outer loop
      vertex -12.18170554 -5.78529954 0.00000000
      vertex -12.18170554 -5.78529954 0.20000000
      vertex -12.25800338 -5.42449164 0.20000000
    endloop
  endfacet
  facet normal -0.97836448 -0.20688874 0.00000000
    outer loop
      vertex -12.25800338 -5.42449164 0.00000000
      vertex -12.18170554 -5.78529954 0.00000000
      vertex -12.25800338 -5.42449164 0.20000000
    endloop
  endfacet
  facet normal -0.96986086 -0.24365940 0.00000000
    outer loop
      vertex -12.09474453 -6.13143877 0.00000000
      vertex -12.09474453 -6.13143877 0.20000000
      vertex -12.18170554 -5.78529954 0.20000000
    endloop
  endfacet
  facet normal -0.96986086 -0.24365940 0.00000000
    outer loop
      vertex -12.18170554 -5.78529954 0.00000000
      vertex -12.09474453 -6.13143877 0.00000000
      vertex -12.18170554 -5.78529954 0.20000000
    endloop
  endfacet
  facet normal -0.95930222 -0.28238139 0.00000000
    outer loop
      vertex -11.99717101 -6.46291420 0.00000000
      vertex -11.99717101 -6.46291420 0.20000000
      vertex -12.09474453 -6.13143877 0.20000000
    endloop
  endfacet
  facet normal -0.95930222 -0.28238139 0.00000000
    outer loop
      vertex -12.09474453 -6.13143877 0.00000000
      vertex -11.99717101 -6.46291420 0.00000000
      vertex -12.09474453 -6.13143877 0.20000000
    endloop
  endfacet
  facet normal -0.94639743 -0.32300450 0.00000000
    outer loop
      vertex -11.88903876 -6.77973977 0.00000000
      vertex -11.88903876 -6.77973977 0.20000000
      vertex -11.99717101 -6.46291420 0.20000000
    endloop
  endfacet
  facet normal -0.94639743 -0.32300450 0.00000000
    outer loop
      vertex -11.99717101 -6.46291420 0.00000000
      vertex -11.88903876 -6.77973977 0.00000000
      vertex -11.99717101 -6.46291420 0.20000000
    endloop
  endfacet
  facet normal -0.93084175 -0.36542254 0.00000000
    outer loop
      vertex -11.77040316 -7.08194055 0.00000000
      vertex -11.77040316 -7.08194055 0.20000000
      vertex -11.88903876 -6.77973977 0.20000000
    endloop
  endfacet
  facet normal -0.93084175 -0.36542254 0.00000000
    outer loop
      vertex -11.88903876 -6.77973977 0.00000000
      vertex -11.77040316 -7.08194055 0.00000000
      vertex -11.88903876 -6.77973977 0.20000000
    endloop
  endfacet
  facet normal -0.91232721 -0.40946193 0.00000000
    outer loop
      vertex -11.64131893 -7.36955472 0.00000000
      vertex -11.64131893 -7.36955472 0.20000000
      vertex -11.77040316 -7.08194055 0.20000000
    endloop
  endfacet
  facet normal -0.91232721 -0.40946193 0.00000000
    outer loop
      vertex -11.77040316 -7.08194055 0.00000000
      vertex -11.64131893 -7.36955472 0.00000000
      vertex -11.77040316 -7.08194055 0.20000000
    endloop
  endfacet
  facet normal -0.89055716 -0.45487135 0.00000000
    outer loop
      vertex -11.50183714 -7.64263524 0.00000000
      vertex -11.50183714 -7.64263524 0.20000000
      vertex -11.64131893 -7.36955472 0.20000000
    endloop
  endfacet
  facet normal -0.89055716 -0.45487135 0.00000000
    outer loop
      vertex -11.64131893 -7.36955472 0.00000000
      vertex -11.50183714 -7.64263524 0.00000000
      vertex -11.64131893 -7.36955472 0.20000000
    endloop
  endfacet
  facet normal -0.86526529 -0.50131425 0.00000000
    outer loop
      vertex -11.35200144 -7.90125073 0.00000000
      vertex -11.35200144 -7.90125073 0.20000000
      vertex -11.50183714 -7.64263524 0.20000000
    endloop
  endfacet
  facet normal -0.86526529 -0.50131425 0.00000000
    outer loop
      vertex -11.50183714 -7.64263524 0.00000000
      vertex -11.35200144 -7.90125073 0.00000000
      vertex -11.50183714 -7.64263524 0.20000000
    endloop
  endfacet
  facet normal -0.83623832 -0.54836618 0.00000000
    outer loop
      vertex -11.19184370 -8.14548541 0.00000000
      vertex -11.19184370 -8.14548541 0.20000000
      vertex -11.35200144 -7.90125073 0.20000000
    endloop
  endfacet
  facet normal -0.83623832 -0.54836618 0.00000000
    outer loop
      vertex -11.35200144 -7.90125073 0.00000000
      vertex -11.19184370 -8.14548541 0.00000000
      vertex -11.35200144 -7.90125073 0.20000000
    endloop
  endfacet
  facet normal -0.80334104 -0.59551925 0.00000000
    outer loop
      vertex -11.02137951 -8.37543747 0.00000000
      vertex -11.02137951 -8.37543747 0.20000000
      vertex -11.19184370 -8.14548541 0.20000000
    endloop
  endfacet
  facet normal -0.80334104 -0.59551925 0.00000000
    outer loop
      vertex -11.19184370 -8.14548541 0.00000000
      vertex -11.02137951 -8.37543747 0.00000000
      vertex -11.19184370 -8.14548541 0.20000000
    endloop
  endfacet
  facet normal -0.76654103 -0.64219533 0.00000000
    outer loop
      vertex -10.84060397 -8.59121586 0.00000000
      vertex -10.84060397 -8.59121586 0.20000000
      vertex -11.02137951 -8.37543747 0.20000000
    endloop
  endfacet
  facet normal -0.76654103 -0.64219533 0.00000000
    outer loop
      vertex -11.02137951 -8.37543747 0.00000000
      vertex -10.84060397 -8.59121586 0.00000000
      vertex -11.02137951 -8.37543747 0.20000000
    endloop
  endfacet
  facet normal -0.72592967 -0.68776894 0.00000000
    outer loop
      vertex -10.64948856 -8.79293526 0.00000000
      vertex -10.64948856 -8.79293526 0.20000000
      vertex -10.84060397 -8.59121586 0.20000000
    endloop
  endfacet
  facet normal -0.72592967 -0.68776894 0.00000000
    outer loop
      vertex -10.84060397 -8.59121586 0.00000000
      vertex -10.64948856 -8.79293526 0.00000000
      vertex -10.84060397 -8.59121586 0.20000000
    endloop
  endfacet
  facet normal -0.68173530 -0.73159892 0.00000000
    outer loop
      vertex -10.44797973 -8.98070985 0.00000000
      vertex -10.44797973 -8.98070985 0.20000000
      vertex -10.64948856 -8.79293526 0.20000000
    endloop
  endfacet
  facet normal -0.68173530 -0.73159892 0.00000000
    outer loop
      vertex -10.64948856 -8.79293526 0.00000000
      vertex -10.44797973 -8.98070985 0.00000000
      vertex -10.64948856 -8.79293526 0.20000000
    endloop
  endfacet
  facet normal -0.63432521 -0.77306632 0.00000000
    outer loop
      vertex -10.23599968 -9.15464614 0.00000000
      vertex -10.23599968 -9.15464614 0.20000000
      vertex -10.44797973 -8.98070985 0.20000000
    endloop
  endfacet
  facet normal -0.63432521 -0.77306632 0.00000000
    outer loop
      vertex -10.44797973 -8.98070985 0.00000000
      vertex -10.23599968 -9.15464614 0.00000000
      vertex -10.44797973 -8.98070985 0.20000000
    endloop
  endfacet
  facet normal -0.58419427 -0.81161385 0.00000000
    outer loop
      vertex -10.01344963 -9.31483619 0.00000000
      vertex -10.01344963 -9.31483619 0.20000000
      vertex -10.23599968 -9.15464614 0.20000000
    endloop
  endfacet
  facet normal -0.58419427 -0.81161385 0.00000000
    outer loop
      vertex -10.23599968 -9.15464614 0.00000000
      vertex -10.01344963 -9.31483619 0.00000000
      vertex -10.23599968 -9.15464614 0.20000000
    endloop
  endfacet
  facet normal -0.53194034 -0.84678184 0.00000000
    outer loop
      vertex -9.78021526 -9.46135182 0.00000000
      vertex -9.78021526 -9.46135182 0.20000000
      vertex -10.01344963 -9.31483619 0.20000000
    endloop
  endfacet
  facet normal -0.53194034 -0.84678184 0.00000000
    outer loop
      vertex -10.01344963 -9.31483619 0.00000000
      vertex -9.78021526 -9.46135182 0.00000000
      vertex -10.01344963 -9.31483619 0.20000000
    endloop
  endfacet
  facet normal -0.47822907 -0.87823514 0.00000000
    outer loop
      vertex -9.53617361 -9.59424084 0.00000000
      vertex -9.53617361 -9.59424084 0.20000000
      vertex -9.78021526 -9.46135182 0.20000000
    endloop
  endfacet
  facet normal -0.47822907 -0.87823514 0.00000000
    outer loop
      vertex -9.78021526 -9.46135182 0.00000000
      vertex -9.53617361 -9.59424084 0.00000000
      vertex -9.78021526 -9.46135182 0.20000000
    endloop
  endfacet
  facet normal -0.42375302 -0.90577777 0.00000000
    outer loop
      vertex -9.28120061 -9.71352570 0.00000000
      vertex -9.28120061 -9.71352570 0.20000000
      vertex -9.53617361 -9.59424084 0.20000000
    endloop
  endfacet
  facet normal -0.42375302 -0.90577777 0.00000000
    outer loop
      vertex -9.53617361 -9.59424084 0.00000000
      vertex -9.28120061 -9.71352570 0.00000000
      vertex -9.53617361 -9.59424084 0.20000000
    endloop
  endfacet
  facet normal -0.36919049 -0.92935374 0.00000000
    outer loop
      vertex -9.01517809 -9.81920450 0.00000000
      vertex -9.01517809 -9.81920450 0.20000000
      vertex -9.28120061 -9.71352570 0.20000000
    endloop
  endfacet
  facet normal -0.36919049 -0.92935374 0.00000000
    outer loop
      vertex -9.28120061 -9.71352570 0.00000000
      vertex -9.01517809 -9.81920450 0.00000000
      vertex -9.28120061 -9.71352570 0.20000000
    endloop
  endfacet
  facet normal -0.31516943 -0.94903542 0.00000000
    outer loop
      vertex -8.73799949 -9.91125398 0.00000000
      vertex -8.73799949 -9.91125398 0.20000000
      vertex -9.01517809 -9.81920450 0.20000000
    endloop
  endfacet
  facet normal -0.31516943 -0.94903542 0.00000000
    outer loop
      vertex -9.01517809 -9.81920450 0.00000000
      vertex -8.73799949 -9.91125398 0.00000000
      vertex -9.01517809 -9.81920450 0.20000000
    endloop
  endfacet
  facet normal -0.26224025 -0.96500262 0.00000000
    outer loop
      vertex -8.44957393 -9.98963387 0.00000000
      vertex -8.44957393 -9.98963387 0.20000000
      vertex -8.73799949 -9.91125398 0.20000000
    endloop
  endfacet
  facet normal -0.26224025 -0.96500262 0.00000000
    outer loop
      vertex -8.73799949 -9.91125398 0.00000000
      vertex -8.44957393 -9.98963387 0.00000000
      vertex -8.73799949 -9.91125398 0.20000000
    endloop
  endfacet
  facet normal -0.21085907 -0.97751647 0.00000000
    outer loop
      vertex -8.14982821 -10.05429171 0.00000000
      vertex -8.14982821 -10.05429171 0.20000000
      vertex -8.44957393 -9.98963387 0.20000000
    endloop
  endfacet
  facet normal -0.21085907 -0.97751647 0.00000000
    outer loop
      vertex -8.44957393 -9.98963387 0.00000000
      vertex -8.14982821 -10.05429171 0.00000000
      vertex -8.44957393 -9.98963387 0.20000000
    endloop
  endfacet
  facet normal -0.16138133 -0.98689213 0.00000000
    outer loop
      vertex -7.83870720 -10.10516771 0.00000000
      vertex -7.83870720 -10.10516771 0.20000000
      vertex -8.14982821 -10.05429171 0.20000000
    endloop
  endfacet
  facet normal -0.16138133 -0.98689213 0.00000000
    outer loop
      vertex -8.14982821 -10.05429171 0.00000000
      vertex -7.83870720 -10.10516771 0.00000000
      vertex -8.14982821 -10.05429171 0.20000000
    endloop
  endfacet
  facet normal -0.11406386 -0.99347342 0.00000000
    outer loop
      vertex -7.51617284 -10.14219891 0.00000000
      vertex -7.51617284 -10.14219891 0.20000000
      vertex -7.83870720 -10.10516771 0.20000000
    endloop
  endfacet
  facet normal -0.11406386 -0.99347342 0.00000000
    outer loop
      vertex -7.83870720 -10.10516771 0.00000000
      vertex -7.51617284 -10.14219891 0.00000000
      vertex -7.83870720 -10.10516771 0.20000000
    endloop
  endfacet
  facet normal -0.06907336 -0.99761158 0.00000000
    outer loop
      vertex -7.18220230 -10.16532260 0.00000000
      vertex -7.18220230 -10.16532260 0.20000000
      vertex -7.51617284 -10.14219891 0.20000000
    endloop
  endfacet
  facet normal -0.06907336 -0.99761158 0.00000000
    outer loop
      vertex -7.51617284 -10.14219891 0.00000000
      vertex -7.18220230 -10.16532260 0.00000000
      vertex -7.51617284 -10.14219891 0.20000000
    endloop
  endfacet
  facet normal -0.02649849 -0.99964885 0.00000000
    outer loop
      vertex -6.83678557 -10.17447884 0.00000000
      vertex -6.83678557 -10.17447884 0.20000000
      vertex -7.18220230 -10.16532260 0.20000000
    endloop
  endfacet
  facet normal -0.02649849 -0.99964885 0.00000000
    outer loop
      vertex -7.18220230 -10.16532260 0.00000000
      vertex -6.83678557 -10.17447884 0.00000000
      vertex -7.18220230 -10.16532260 0.20000000
    endloop
  endfacet
  facet normal 0.01363642 -0.99990702 0.00000000
    outer loop
      vertex -6.47992300 -10.16961206 0.00000000
      vertex -6.47992300 -10.16961206 0.20000000
      vertex -6.83678557 -10.17447884 0.20000000
    endloop
  endfacet
  facet normal 0.01363642 -0.99990702 0.00000000
    outer loop
      vertex -6.83678557 -10.17447884 0.00000000
      vertex -6.47992300 -10.16961206 0.00000000
      vertex -6.83678557 -10.17447884 0.20000000
    endloop
  endfacet
  facet normal 0.05135761 -0.99868033 0.00000000
    outer loop
      vertex -6.11162289 -10.15067205 0.00000000
      vertex -6.11162289 -10.15067205 0.20000000
      vertex -6.47992300 -10.16961206 0.20000000
    endloop
  endfacet
  facet normal 0.05135761 -0.99868033 0.00000000
    outer loop
      vertex -6.47992300 -10.16961206 0.00000000
      vertex -6.11162289 -10.15067205 0.00000000
      vertex -6.47992300 -10.16961206 0.20000000
    endloop
  endfacet
  facet normal 0.08672930 -0.99623191 0.00000000
    outer loop
      vertex -5.73189937 -10.11761433 0.00000000
      vertex -5.73189937 -10.11761433 0.20000000
      vertex -6.11162289 -10.15067205 0.20000000
    endloop
  endfacet
  facet normal 0.08672930 -0.99623191 0.00000000
    outer loop
      vertex -6.11162289 -10.15067205 0.00000000
      vertex -5.73189937 -10.11761433 0.00000000
      vertex -6.11162289 -10.15067205 0.20000000
    endloop
  endfacet
  facet normal 0.11984269 -0.99279289 0.00000000
    outer loop
      vertex -5.33939624 -10.07023423 0.00000000
      vertex -5.33939624 -10.07023423 0.20000000
      vertex -5.73189937 -10.11761433 0.20000000
    endloop
  endfacet
  facet normal 0.11984269 -0.99279289 0.00000000
    outer loop
      vertex -5.73189937 -10.11761433 0.00000000
      vertex -5.33939624 -10.07023423 0.00000000
      vertex -5.73189937 -10.11761433 0.20000000
    endloop
  endfacet
  facet normal 0.13558610 -0.99076557 0.00000000
    outer loop
      vertex 0.44711081 -9.27835171 0.00000000
      vertex 0.44711081 -9.27835171 0.20000000
      vertex -5.33939624 -10.07023423 0.20000000
    endloop
  endfacet
  facet normal 0.13558610 -0.99076557 0.00000000
    outer loop
      vertex -5.33939624 -10.07023423 0.00000000
      vertex 0.44711081 -9.27835171 0.00000000
      vertex -5.33939624 -10.07023423 0.20000000
    endloop
  endfacet
  facet normal 0.13688384 -0.99058711 0.00000000
    outer loop
      vertex 0.57680044 -9.26043060 0.00000000
      vertex 0.57680044 -9.26043060 0.20000000
      vertex 0.44711081 -9.27835171 0.20000000
    endloop
  endfacet
  facet normal 0.13688384 -0.99058711 0.00000000
    outer loop
      vertex 0.44711081 -9.27835171 0.00000000
      vertex 0.57680044 -9.26043060 0.00000000
      vertex 0.44711081 -9.27835171 0.20000000
    endloop
  endfacet
  facet normal 0.13947901 -0.99022503 0.00000000
    outer loop
      vertex 0.70631244 -9.24218808 0.00000000
      vertex 0.70631244 -9.24218808 0.20000000
      vertex 0.57680044 -9.26043060 0.20000000
    endloop
  endfacet
  facet normal 0.13947901 -0.99022503 0.00000000
    outer loop
      vertex 0.57680044 -9.26043060 0.00000000
      vertex 0.70631244 -9.24218808 0.00000000
      vertex 0.57680044 -9.26043060 0.20000000
    endloop
  endfacet
  facet normal 0.14207374 -0.98985608 0.00000000
    outer loop
      vertex 0.83576358 -9.22360799 0.00000000
      vertex 0.83576358 -9.22360799 0.20000000
      vertex 0.70631244 -9.24218808 0.20000000
    endloop
  endfacet
  facet normal 0.14207374 -0.98985608 0.00000000
    outer loop
      vertex 0.70631244 -9.24218808 0.00000000
      vertex 0.83576358 -9.22360799 0.00000000
      vertex 0.70631244 -9.24218808 0.20000000
    endloop
  endfacet
  facet normal 0.14466798 -0.98948025 0.00000000
    outer loop
      vertex 0.96515387 -9.20469035 0.00000000
      vertex 0.96515387 -9.20469035 0.20000000
      vertex 0.83576358 -9.22360799 0.20000000
    endloop
  endfacet
  facet normal 0.14466798 -0.98948025 0.00000000
    outer loop
      vertex 0.83576358 -9.22360799 0.00000000
      vertex 0.96515387 -9.20469035 0.00000000
      vertex 0.83576358 -9.22360799 0.20000000
    endloop
  endfacet
  facet normal 0.14726167 -0.98909757 0.00000000
    outer loop
      vertex 1.09448333 -9.18543515 0.00000000
      vertex 1.09448333 -9.18543515 0.20000000
      vertex 0.96515387 -9.20469035 0.20000000
    endloop
  endfacet
  facet normal 0.14726167 -0.98909757 0.00000000
    outer loop
      vertex 0.96515387 -9.20469035 0.00000000
      vertex 1.09448333 -9.18543515 0.00000000
      vertex 0.96515387 -9.20469035 0.20000000
    endloop
  endfacet
  facet normal 0.14985476 -0.98870802 0.00000000
    outer loop
      vertex 1.22375196 -9.16584239 0.00000000
      vertex 1.22375196 -9.16584239 0.20000000
      vertex 1.09448333 -9.18543515 0.20000000
    endloop
  endfacet
  facet normal 0.14985476 -0.98870802 0.00000000
    outer loop
      vertex 1.09448333 -9.18543515 0.00000000
      vertex 1.22375196 -9.16584239 0.00000000
      vertex 1.09448333 -9.18543515 0.20000000
    endloop
  endfacet
  facet normal 0.15244720 -0.98831162 0.00000000
    outer loop
      vertex 1.35295977 -9.14591207 0.00000000
      vertex 1.35295977 -9.14591207 0.20000000
      vertex 1.22375196 -9.16584239 0.20000000
    endloop
  endfacet
  facet normal 0.15244720 -0.98831162 0.00000000
    outer loop
      vertex 1.22375196 -9.16584239 0.00000000
      vertex 1.35295977 -9.14591207 0.00000000
      vertex 1.22375196 -9.16584239 0.20000000
    endloop
  endfacet
  facet normal 0.15503892 -0.98790836 0.00000000
    outer loop
      vertex 1.48210678 -9.12564418 0.00000000
      vertex 1.48210678 -9.12564418 0.20000000
      vertex 1.35295977 -9.14591207 0.20000000
    endloop
  endfacet
  facet normal 0.15503892 -0.98790836 0.00000000
    outer loop
      vertex 1.35295977 -9.14591207 0.00000000
      vertex 1.48210678 -9.12564418 0.00000000
      vertex 1.35295977 -9.14591207 0.20000000
    endloop
  endfacet
  facet normal 0.15762988 -0.98749826 0.00000000
    outer loop
      vertex 1.61119298 -9.10503874 0.00000000
      vertex 1.61119298 -9.10503874 0.20000000
      vertex 1.48210678 -9.12564418 0.20000000
    endloop
  endfacet
  facet normal 0.15762988 -0.98749826 0.00000000
    outer loop
      vertex 1.48210678 -9.12564418 0.00000000
      vertex 1.61119298 -9.10503874 0.00000000
      vertex 1.48210678 -9.12564418 0.20000000
    endloop
  endfacet
  facet normal 0.16022002 -0.98708133 0.00000000
    outer loop
      vertex 1.74021840 -9.08409572 0.00000000
      vertex 1.74021840 -9.08409572 0.20000000
      vertex 1.61119298 -9.10503874 0.20000000
    endloop
  endfacet
  facet normal 0.16022002 -0.98708133 0.00000000
    outer loop
      vertex 1.61119298 -9.10503874 0.00000000
      vertex 1.74021840 -9.08409572 0.00000000
      vertex 1.61119298 -9.10503874 0.20000000
    endloop
  endfacet
  facet normal 0.16280930 -0.98665756 0.00000000
    outer loop
      vertex 1.86918304 -9.06281515 0.00000000
      vertex 1.86918304 -9.06281515 0.20000000
      vertex 1.74021840 -9.08409572 0.20000000
    endloop
  endfacet
  facet normal 0.16280930 -0.98665756 0.00000000
    outer loop
      vertex 1.74021840 -9.08409572 0.00000000
      vertex 1.86918304 -9.06281515 0.00000000
      vertex 1.74021840 -9.08409572 0.20000000
    endloop
  endfacet
  facet normal 0.16539764 -0.98622696 0.00000000
    outer loop
      vertex 1.99808691 -9.04119700 0.00000000
      vertex 1.99808691 -9.04119700 0.20000000
      vertex 1.86918304 -9.06281515 0.20000000
    endloop
  endfacet
  facet normal 0.16539764 -0.98622696 0.00000000
    outer loop
      vertex 1.86918304 -9.06281515 0.00000000
      vertex 1.99808691 -9.04119700 0.00000000
      vertex 1.86918304 -9.06281515 0.20000000
    endloop
  endfacet
  facet normal 0.16798501 -0.98578955 0.00000000
    outer loop
      vertex 2.12693002 -9.01924129 0.00000000
      vertex 2.12693002 -9.01924129 0.20000000
      vertex 1.99808691 -9.04119700 0.20000000
    endloop
  endfacet
  facet normal 0.16798501 -0.98578955 0.00000000
    outer loop
      vertex 1.99808691 -9.04119700 0.00000000
      vertex 2.12693002 -9.01924129 0.00000000
      vertex 1.99808691 -9.04119700 0.20000000
    endloop
  endfacet
  facet normal 0.17057135 -0.98534533 0.00000000
    outer loop
      vertex 2.25571239 -8.99694801 0.00000000
      vertex 2.25571239 -8.99694801 0.20000000
      vertex 2.12693002 -9.01924129 0.20000000
    endloop
  endfacet
  facet normal 0.17057135 -0.98534533 0.00000000
    outer loop
      vertex 2.12693002 -9.01924129 0.00000000
      vertex 2.25571239 -8.99694801 0.00000000
      vertex 2.12693002 -9.01924129 0.20000000
    endloop
  endfacet
  facet normal 0.17315660 -0.98489430 0.00000000
    outer loop
      vertex 2.38443401 -8.97431716 0.00000000
      vertex 2.38443401 -8.97431716 0.20000000
      vertex 2.25571239 -8.99694801 0.20000000
    endloop
  endfacet
  facet normal 0.17315660 -0.98489430 0.00000000
    outer loop
      vertex 2.25571239 -8.99694801 0.00000000
      vertex 2.38443401 -8.97431716 0.00000000
      vertex 2.25571239 -8.99694801 0.20000000
    endloop
  endfacet
  facet normal 0.17574071 -0.98443649 0.00000000
    outer loop
      vertex 2.51309490 -8.95134873 0.00000000
      vertex 2.51309490 -8.95134873 0.20000000
      vertex 2.38443401 -8.97431716 0.20000000
    endloop
  endfacet
  facet normal 0.17574071 -0.98443649 0.00000000
    outer loop
      vertex 2.38443401 -8.97431716 0.00000000
      vertex 2.51309490 -8.95134873 0.00000000
      vertex 2.38443401 -8.97431716 0.20000000
    endloop
  endfacet
  facet normal 0.17832363 -0.98397189 0.00000000
    outer loop
      vertex 2.64169507 -8.92804273 0.00000000
      vertex 2.64169507 -8.92804273 0.20000000
      vertex 2.51309490 -8.95134873 0.20000000
    endloop
  endfacet
  facet normal 0.17832363 -0.98397189 0.00000000
    outer loop
      vertex 2.51309490 -8.95134873 0.00000000
      vertex 2.64169507 -8.92804273 0.00000000
      vertex 2.51309490 -8.95134873 0.20000000
    endloop
  endfacet
  facet normal 0.18090531 -0.98350052 0.00000000
    outer loop
      vertex 2.77023453 -8.90439915 0.00000000
      vertex 2.77023453 -8.90439915 0.20000000
      vertex 2.64169507 -8.92804273 0.20000000
    endloop
  endfacet
  facet normal 0.18090531 -0.98350052 0.00000000
    outer loop
      vertex 2.64169507 -8.92804273 0.00000000
      vertex 2.77023453 -8.90439915 0.00000000
      vertex 2.64169507 -8.92804273 0.20000000
    endloop
  endfacet
  facet normal 0.18348568 -0.98302238 0.00000000
    outer loop
      vertex 2.89871329 -8.88041800 0.00000000
      vertex 2.89871329 -8.88041800 0.20000000
      vertex 2.77023453 -8.90439915 0.20000000
    endloop
  endfacet
  facet normal 0.18348568 -0.98302238 0.00000000
    outer loop
      vertex 2.77023453 -8.90439915 0.00000000
      vertex 2.89871329 -8.88041800 0.00000000
      vertex 2.77023453 -8.90439915 0.20000000
    endloop
  endfacet
  facet normal 0.18606470 -0.98253749 0.00000000
    outer loop
      vertex 3.02713136 -8.85609926 0.00000000
      vertex 3.02713136 -8.85609926 0.20000000
      vertex 2.89871329 -8.88041800 0.20000000
    endloop
  endfacet
  facet normal 0.18606470 -0.98253749 0.00000000
    outer loop
      vertex 2.89871329 -8.88041800 0.00000000
      vertex 3.02713136 -8.85609926 0.00000000
      vertex 2.89871329 -8.88041800 0.20000000
    endloop
  endfacet
  facet normal 0.18864232 -0.98204586 0.00000000
    outer loop
      vertex 3.15548874 -8.83144294 0.00000000
      vertex 3.15548874 -8.83144294 0.20000000
      vertex 3.02713136 -8.85609926 0.20000000
    endloop
  endfacet
  facet normal 0.18864232 -0.98204586 0.00000000
    outer loop
      vertex 3.02713136 -8.85609926 0.00000000
      vertex 3.15548874 -8.83144294 0.00000000
      vertex 3.02713136 -8.85609926 0.20000000
    endloop
  endfacet
  facet normal 0.19121848 -0.98154750 0.00000000
    outer loop
      vertex 3.28378546 -8.80644904 0.00000000
      vertex 3.28378546 -8.80644904 0.20000000
      vertex 3.15548874 -8.83144294 0.20000000
    endloop
  endfacet
  facet normal 0.19121848 -0.98154750 0.00000000
    outer loop
      vertex 3.15548874 -8.83144294 0.00000000
      vertex 3.28378546 -8.80644904 0.00000000
      vertex 3.15548874 -8.83144294 0.20000000
    endloop
  endfacet
  facet normal 0.19379312 -0.98104242 0.00000000
    outer loop
      vertex 3.41202150 -8.78111755 0.00000000
      vertex 3.41202150 -8.78111755 0.20000000
      vertex 3.28378546 -8.80644904 0.20000000
    endloop
  endfacet
  facet normal 0.19379312 -0.98104242 0.00000000
    outer loop
      vertex 3.28378546 -8.80644904 0.00000000
      vertex 3.41202150 -8.78111755 0.00000000
      vertex 3.28378546 -8.80644904 0.20000000
    endloop
  endfacet
  facet normal 0.19636620 -0.98053063 0.00000000
    outer loop
      vertex 3.54019690 -8.75544848 0.00000000
      vertex 3.54019690 -8.75544848 0.20000000
      vertex 3.41202150 -8.78111755 0.20000000
    endloop
  endfacet
  facet normal 0.19636620 -0.98053063 0.00000000
    outer loop
      vertex 3.41202150 -8.78111755 0.00000000
      vertex 3.54019690 -8.75544848 0.00000000
      vertex 3.41202150 -8.78111755 0.20000000
    endloop
  endfacet
  facet normal 0.19893767 -0.98001214 0.00000000
    outer loop
      vertex 3.66831165 -8.72944181 0.00000000
      vertex 3.66831165 -8.72944181 0.20000000
      vertex 3.54019690 -8.75544848 0.20000000
    endloop
  endfacet
  facet normal 0.19893767 -0.98001214 0.00000000
    outer loop
      vertex 3.54019690 -8.75544848 0.00000000
      vertex 3.66831165 -8.72944181 0.00000000
      vertex 3.54019690 -8.75544848 0.20000000
    endloop
  endfacet
  facet normal 0.20150746 -0.97948698 0.00000000
    outer loop
      vertex 3.79636576 -8.70309755 0.00000000
      vertex 3.79636576 -8.70309755 0.20000000
      vertex 3.66831165 -8.72944181 0.20000000
    endloop
  endfacet
  facet normal 0.20150746 -0.97948698 0.00000000
    outer loop
      vertex 3.66831165 -8.72944181 0.00000000
      vertex 3.79636576 -8.70309755 0.00000000
      vertex 3.66831165 -8.72944181 0.20000000
    endloop
  endfacet
  facet normal 0.20407554 -0.97895514 0.00000000
    outer loop
      vertex 3.92435925 -8.67641569 0.00000000
      vertex 3.92435925 -8.67641569 0.20000000
      vertex 3.79636576 -8.70309755 0.20000000
    endloop
  endfacet
  facet normal 0.20407554 -0.97895514 0.00000000
    outer loop
      vertex 3.79636576 -8.70309755 0.00000000
      vertex 3.92435925 -8.67641569 0.00000000
      vertex 3.79636576 -8.70309755 0.20000000
    endloop
  endfacet
  facet normal 0.20664184 -0.97841666 0.00000000
    outer loop
      vertex 4.05229213 -8.64939624 0.00000000
      vertex 4.05229213 -8.64939624 0.20000000
      vertex 3.92435925 -8.67641569 0.20000000
    endloop
  endfacet
  facet normal 0.20664184 -0.97841666 0.00000000
    outer loop
      vertex 3.92435925 -8.67641569 0.00000000
      vertex 4.05229213 -8.64939624 0.00000000
      vertex 3.92435925 -8.67641569 0.20000000
    endloop
  endfacet
  facet normal 0.20920631 -0.97787153 0.00000000
    outer loop
      vertex 4.18016440 -8.62203918 0.00000000
      vertex 4.18016440 -8.62203918 0.20000000
      vertex 4.05229213 -8.64939624 0.20000000
    endloop
  endfacet
  facet normal 0.20920631 -0.97787153 0.00000000
    outer loop
      vertex 4.05229213 -8.64939624 0.00000000
      vertex 4.18016440 -8.62203918 0.00000000
      vertex 4.05229213 -8.64939624 0.20000000
    endloop
  endfacet
  facet normal 0.21176890 -0.97731977 0.00000000
    outer loop
      vertex 4.30797607 -8.59434453 0.00000000
      vertex 4.30797607 -8.59434453 0.20000000
      vertex 4.18016440 -8.62203918 0.20000000
    endloop
  endfacet
  facet normal 0.21176890 -0.97731977 0.00000000
    outer loop
      vertex 4.18016440 -8.62203918 0.00000000
      vertex 4.30797607 -8.59434453 0.00000000
      vertex 4.18016440 -8.62203918 0.20000000
    endloop
  endfacet
  facet normal 0.21432956 -0.97676140 0.00000000
    outer loop
      vertex 4.43572715 -8.56631226 0.00000000
      vertex 4.43572715 -8.56631226 0.20000000
      vertex 4.30797607 -8.59434453 0.20000000
    endloop
  endfacet
  facet normal 0.21432956 -0.97676140 0.00000000
    outer loop
      vertex 4.30797607 -8.59434453 0.00000000
      vertex 4.43572715 -8.56631226 0.00000000
      vertex 4.30797607 -8.59434453 0.20000000
    endloop
  endfacet
  facet normal 0.21688824 -0.97619644 0.00000000
    outer loop
      vertex 4.56353273 -8.53791682 0.00000000
      vertex 4.56353273 -8.53791682 0.20000000
      vertex 4.43572715 -8.56631226 0.20000000
    endloop
  endfacet
  facet normal 0.21688824 -0.97619644 0.00000000
    outer loop
      vertex 4.43572715 -8.56631226 0.00000000
      vertex 4.56353273 -8.53791682 0.00000000
      vertex 4.43572715 -8.56631226 0.20000000
    endloop
  endfacet
  facet normal 0.21816682 -0.97591149 0.00000000
    outer loop
      vertex 10.28473806 -7.25893075 0.00000000
      vertex 10.28473806 -7.25893075 0.20000000
      vertex 4.56353273 -8.53791682 0.20000000
    endloop
  endfacet
  facet normal 0.21816682 -0.97591149 0.00000000
    outer loop
      vertex 4.56353273 -8.53791682 0.00000000
      vertex 10.28473806 -7.25893075 0.00000000
      vertex 4.56353273 -8.53791682 0.20000000
    endloop
  endfacet
  facet normal 0.23342591 -0.97237459 0.00000000
    outer loop
      vertex 10.33450094 -7.24698480 0.00000000
      vertex 10.33450094 -7.24698480 0.20000000
      vertex 10.28473806 -7.25893075 0.20000000
    endloop
  endfacet
  facet normal 0.23342591 -0.97237459 0.00000000
    outer loop
      vertex 10.28473806 -7.25893075 0.00000000
      vertex 10.33450094 -7.24698480 0.00000000
      vertex 10.28473806 -7.25893075 0.20000000
    endloop
  endfacet
  facet normal 0.26499516 -0.96424974 0.00000000
    outer loop
      vertex 10.38083342 -7.23425170 0.00000000
      vertex 10.38083342 -7.23425170 0.20000000
      vertex 10.33450094 -7.24698480 0.20000000
    endloop
  endfacet
  facet normal 0.26499516 -0.96424974 0.00000000
    outer loop
      vertex 10.33450094 -7.24698480 0.00000000
      vertex 10.38083342 -7.23425170 0.00000000
      vertex 10.33450094 -7.24698480 0.20000000
    endloop
  endfacet
  facet normal 0.29795410 -0.95458020 0.00000000
    outer loop
      vertex 10.42507463 -7.22044265 0.00000000
      vertex 10.42507463 -7.22044265 0.20000000
      vertex 10.38083342 -7.23425170 0.20000000
    endloop
  endfacet
  facet normal 0.29795410 -0.95458020 0.00000000
    outer loop
      vertex 10.38083342 -7.23425170 0.00000000
      vertex 10.42507463 -7.22044265 0.00000000
      vertex 10.38083342 -7.23425170 0.20000000
    endloop
  endfacet
  facet normal 0.33226678 -0.94318545 0.00000000
    outer loop
      vertex 10.46723364 -7.20559081 0.00000000
      vertex 10.46723364 -7.20559081 0.20000000
      vertex 10.42507463 -7.22044265 0.20000000
    endloop
  endfacet
  facet normal 0.33226678 -0.94318545 0.00000000
    outer loop
      vertex 10.42507463 -7.22044265 0.00000000
      vertex 10.46723364 -7.20559081 0.00000000
      vertex 10.42507463 -7.22044265 0.20000000
    endloop
  endfacet
  facet normal 0.36786761 -0.92987818 0.00000000
    outer loop
      vertex 10.50732533 -7.18973020 0.00000000
      vertex 10.50732533 -7.18973020 0.20000000
      vertex 10.46723364 -7.20559081 0.20000000
    endloop
  endfacet
  facet normal 0.36786761 -0.92987818 0.00000000
    outer loop
      vertex 10.46723364 -7.20559081 0.00000000
      vertex 10.50732533 -7.18973020 0.00000000
      vertex 10.46723364 -7.20559081 0.20000000
    endloop
  endfacet
  facet normal 0.40465630 -0.91446885 0.00000000
    outer loop
      vertex 10.54537128 -7.17289471 0.00000000
      vertex 10.54537128 -7.17289471 0.20000000
      vertex 10.50732533 -7.18973020 0.20000000
    endloop
  endfacet
  facet normal 0.40465630 -0.91446885 0.00000000
    outer loop
      vertex 10.50732533 -7.18973020 0.00000000
      vertex 10.54537128 -7.17289471 0.00000000
      vertex 10.50732533 -7.18973020 0.20000000
    endloop
  endfacet
  facet normal 0.44249310 -0.89677191 0.00000000
    outer loop
      vertex 10.58140054 -7.15511683 0.00000000
      vertex 10.58140054 -7.15511683 0.20000000
      vertex 10.54537128 -7.17289471 0.20000000
    endloop
  endfacet
  facet normal 0.44249310 -0.89677191 0.00000000
    outer loop
      vertex 10.54537128 -7.17289471 0.00000000
      vertex 10.58140054 -7.15511683 0.00000000
      vertex 10.54537128 -7.17289471 0.20000000
    endloop
  endfacet
  facet normal 0.48119489 -0.87661364 0.00000000
    outer loop
      vertex 10.61545021 -7.13642612 0.00000000
      vertex 10.61545021 -7.13642612 0.20000000
      vertex 10.58140054 -7.15511683 0.20000000
    endloop
  endfacet
  facet normal 0.48119489 -0.87661364 0.00000000
    outer loop
      vertex 10.58140054 -7.15511683 0.00000000
      vertex 10.61545021 -7.13642612 0.00000000
      vertex 10.58140054 -7.15511683 0.20000000
    endloop
  endfacet
  facet normal 0.52053288 -0.85384162 0.00000000
    outer loop
      vertex 10.64756570 -7.11684736 0.00000000
      vertex 10.64756570 -7.11684736 0.20000000
      vertex 10.61545021 -7.13642612 0.20000000
    endloop
  endfacet
  facet normal 0.52053288 -0.85384162 0.00000000
    outer loop
      vertex 10.61545021 -7.13642612 0.00000000
      vertex 10.64756570 -7.11684736 0.00000000
      vertex 10.61545021 -7.13642612 0.20000000
    endloop
  endfacet
  facet normal 0.56023245 -0.82833544 0.00000000
    outer loop
      vertex 10.67780044 -7.09639853 0.00000000
      vertex 10.67780044 -7.09639853 0.20000000
      vertex 10.64756570 -7.11684736 0.20000000
    endloop
  endfacet
  facet normal 0.56023245 -0.82833544 0.00000000
    outer loop
      vertex 10.64756570 -7.11684736 0.00000000
      vertex 10.67780044 -7.09639853 0.00000000
      vertex 10.64756570 -7.11684736 0.20000000
    endloop
  endfacet
  facet normal 0.59997596 -0.80001803 0.00000000
    outer loop
      vertex 10.70621514 -7.07508884 0.00000000
      vertex 10.70621514 -7.07508884 0.20000000
      vertex 10.67780044 -7.09639853 0.20000000
    endloop
  endfacet
  facet normal 0.59997596 -0.80001803 0.00000000
    outer loop
      vertex 10.67780044 -7.09639853 0.00000000
      vertex 10.70621514 -7.07508884 0.00000000
      vertex 10.67780044 -7.09639853 0.20000000
    endloop
  endfacet
  facet normal 0.63940900 -0.76886678 0.00000000
    outer loop
      vertex 10.73287626 -7.05291679 0.00000000
      vertex 10.73287626 -7.05291679 0.20000000
      vertex 10.70621514 -7.07508884 0.20000000
    endloop
  endfacet
  facet normal 0.63940900 -0.76886678 0.00000000
    outer loop
      vertex 10.70621514 -7.07508884 0.00000000
      vertex 10.73287626 -7.05291679 0.00000000
      vertex 10.70621514 -7.07508884 0.20000000
    endloop
  endfacet
  facet normal 0.67815039 -0.73492316 0.00000000
    outer loop
      vertex 10.75785392 -7.02986865 0.00000000
      vertex 10.75785392 -7.02986865 0.20000000
      vertex 10.73287626 -7.05291679 0.20000000
    endloop
  endfacet
  facet normal 0.67815039 -0.73492316 0.00000000
    outer loop
      vertex 10.73287626 -7.05291679 0.00000000
      vertex 10.75785392 -7.02986865 0.00000000
      vertex 10.73287626 -7.05291679 0.20000000
    endloop
  endfacet
  facet normal 0.71580561 -0.69829960 0.00000000
    outer loop
      vertex 10.78121921 -7.00591760 0.00000000
      vertex 10.78121921 -7.00591760 0.20000000
      vertex 10.75785392 -7.02986865 0.20000000
    endloop
  endfacet
  facet normal 0.71580561 -0.69829960 0.00000000
    outer loop
      vertex 10.75785392 -7.02986865 0.00000000
      vertex 10.78121921 -7.00591760 0.00000000
      vertex 10.75785392 -7.02986865 0.20000000
    endloop
  endfacet
  facet normal 0.75198303 -0.65918247 0.00000000
    outer loop
      vertex 10.80304110 -6.98102360 0.00000000
      vertex 10.80304110 -6.98102360 0.20000000
      vertex 10.78121921 -7.00591760 0.20000000
    endloop
  endfacet
  facet normal 0.75198303 -0.65918247 0.00000000
    outer loop
      vertex 10.78121921 -7.00591760 0.00000000
      vertex 10.80304110 -6.98102360 0.00000000
      vertex 10.78121921 -7.00591760 0.20000000
    endloop
  endfacet
  facet normal 0.78631167 -0.61783004 0.00000000
    outer loop
      vertex 10.82338320 -6.95513422 0.00000000
      vertex 10.82338320 -6.95513422 0.20000000
      vertex 10.80304110 -6.98102360 0.20000000
    endloop
  endfacet
  facet normal 0.78631167 -0.61783004 0.00000000
    outer loop
      vertex 10.80304110 -6.98102360 0.00000000
      vertex 10.82338320 -6.95513422 0.00000000
      vertex 10.80304110 -6.98102360 0.20000000
    endloop
  endfacet
  facet normal 0.81845876 -0.57456528 0.00000000
    outer loop
      vertex 10.84230082 -6.92818640 0.00000000
      vertex 10.84230082 -6.92818640 0.20000000
      vertex 10.82338320 -6.95513422 0.20000000
    endloop
  endfacet
  facet normal 0.81845876 -0.57456528 0.00000000
    outer loop
      vertex 10.82338320 -6.95513422 0.00000000
      vertex 10.84230082 -6.92818640 0.00000000
      vertex 10.82338320 -6.95513422 0.20000000
    endloop
  endfacet
  facet normal 0.84814532 -0.52976364 0.00000000
    outer loop
      vertex 10.85983836 -6.90010900 0.00000000
      vertex 10.85983836 -6.90010900 0.20000000
      vertex 10.84230082 -6.92818640 0.20000000
    endloop
  endfacet
  facet normal 0.84814532 -0.52976364 0.00000000
    outer loop
      vertex 10.84230082 -6.92818640 0.00000000
      vertex 10.85983836 -6.90010900 0.00000000
      vertex 10.84230082 -6.92818640 0.20000000
    endloop
  endfacet
  facet normal 0.87515817 -0.48383694 0.00000000
    outer loop
      vertex 10.87602767 -6.87082597 0.00000000
      vertex 10.87602767 -6.87082597 0.20000000
      vertex 10.85983836 -6.90010900 0.20000000
    endloop
  endfacet
  facet normal 0.87515817 -0.48383694 0.00000000
    outer loop
      vertex 10.85983836 -6.90010900 0.00000000
      vertex 10.87602767 -6.87082597 0.00000000
      vertex 10.85983836 -6.90010900 0.20000000
    endloop
  endfacet
  facet normal 0.89935706 -0.43721491 0.00000000
    outer loop
      vertex 10.89088719 -6.84025974 0.00000000
      vertex 10.89088719 -6.84025974 0.20000000
      vertex 10.87602767 -6.87082597 0.20000000
    endloop
  endfacet
  facet normal 0.89935706 -0.43721491 0.00000000
    outer loop
      vertex 10.87602767 -6.87082597 0.00000000
      vertex 10.89088719 -6.84025974 0.00000000
      vertex 10.87602767 -6.87082597 0.20000000
    endloop
  endfacet
  facet normal 0.92067659 -0.39032629 0.00000000
    outer loop
      vertex 10.90442209 -6.80833448 0.00000000
      vertex 10.90442209 -6.80833448 0.20000000
      vertex 10.89088719 -6.84025974 0.20000000
    endloop
  endfacet
  facet normal 0.92067659 -0.39032629 0.00000000
    outer loop
      vertex 10.89088719 -6.84025974 0.00000000
      vertex 10.90442209 -6.80833448 0.00000000
      vertex 10.89088719 -6.84025974 0.20000000
    endloop
  endfacet
  facet normal 0.93912295 -0.34358127 0.00000000
    outer loop
      vertex 10.91662527 -6.77497911 0.00000000
      vertex 10.91662527 -6.77497911 0.20000000
      vertex 10.90442209 -6.80833448 0.20000000
    endloop
  endfacet
  facet normal 0.93912295 -0.34358127 0.00000000
    outer loop
      vertex 10.90442209 -6.80833448 0.00000000
      vertex 10.91662527 -6.77497911 0.00000000
      vertex 10.90442209 -6.80833448 0.20000000
    endloop
  endfacet
  facet normal 0.95476643 -0.29735678 0.00000000
    outer loop
      vertex 10.92747897 -6.74012956 0.00000000
      vertex 10.92747897 -6.74012956 0.20000000
      vertex 10.91662527 -6.77497911 0.20000000
    endloop
  endfacet
  facet normal 0.95476643 -0.29735678 0.00000000
    outer loop
      vertex 10.91662527 -6.77497911 0.00000000
      vertex 10.92747897 -6.74012956 0.00000000
      vertex 10.91662527 -6.77497911 0.20000000
    endloop
  endfacet
  facet normal 0.96773098 -0.25198562 0.00000000
    outer loop
      vertex 10.93695689 -6.70373036 0.00000000
      vertex 10.93695689 -6.70373036 0.20000000
      vertex 10.92747897 -6.74012956 0.20000000
    endloop
  endfacet
  facet normal 0.96773098 -0.25198562 0.00000000
    outer loop
      vertex 10.92747897 -6.74012956 0.00000000
      vertex 10.93695689 -6.70373036 0.00000000
      vertex 10.92747897 -6.74012956 0.20000000
    endloop
  endfacet
  facet normal 0.97818202 -0.20774969 0.00000000
    outer loop
      vertex 10.94502636 -6.66573554 0.00000000
      vertex 10.94502636 -6.66573554 0.20000000
      vertex 10.93695689 -6.70373036 0.20000000
    endloop
  endfacet
  facet normal 0.97818202 -0.20774969 0.00000000
    outer loop
      vertex 10.93695689 -6.70373036 0.00000000
      vertex 10.94502636 -6.66573554 0.00000000
      vertex 10.93695689 -6.70373036 0.20000000
    endloop
  endfacet
  facet normal 0.98631411 -0.16487716 0.00000000
    outer loop
      vertex 10.95165056 -6.62610878 0.00000000
      vertex 10.95165056 -6.62610878 0.20000000
      vertex 10.94502636 -6.66573554 0.20000000
    endloop
  endfacet
  facet normal 0.98631411 -0.16487716 0.00000000
    outer loop
      vertex 10.94502636 -6.66573554 0.00000000
      vertex 10.95165056 -6.62610878 0.00000000
      vertex 10.94502636 -6.66573554 0.20000000
    endloop
  endfacet
  facet normal 0.99233920 -0.12354312 0.00000000
    outer loop
      vertex 10.95679050 -6.58482308 0.00000000
      vertex 10.95679050 -6.58482308 0.20000000
      vertex 10.95165056 -6.62610878 0.20000000
    endloop
  endfacet
  facet normal 0.99233920 -0.12354312 0.00000000
    outer loop
      vertex 10.95165056 -6.62610878 0.00000000
      vertex 10.95679050 -6.58482308 0.00000000
      vertex 10.95165056 -6.62610878 0.20000000
    endloop
  endfacet
  facet normal 0.99647647 -0.08387275 0.00000000
    outer loop
      vertex 10.96040668 -6.54186000 0.00000000
      vertex 10.96040668 -6.54186000 0.20000000
      vertex 10.95679050 -6.58482308 0.20000000
    endloop
  endfacet
  facet normal 0.99647647 -0.08387275 0.00000000
    outer loop
      vertex 10.95679050 -6.58482308 0.00000000
      vertex 10.96040668 -6.54186000 0.00000000
      vertex 10.95679050 -6.58482308 0.20000000
    endloop
  endfacet
  facet normal 0.99894391 -0.04594632 0.00000000
    outer loop
      vertex 10.96246041 -6.49720867 0.00000000
      vertex 10.96246041 -6.49720867 0.20000000
      vertex 10.96040668 -6.54186000 0.20000000
    endloop
  endfacet
  facet normal 0.99894391 -0.04594632 0.00000000
    outer loop
      vertex 10.96040668 -6.54186000 0.00000000
      vertex 10.96246041 -6.49720867 0.00000000
      vertex 10.96040668 -6.54186000 0.20000000
    endloop
  endfacet
  facet normal 0.99995193 -0.00980515 0.00000000
    outer loop
      vertex 10.96291484 -6.45086465 0.00000000
      vertex 10.96291484 -6.45086465 0.20000000
      vertex 10.96246041 -6.49720867 0.20000000
    endloop
  endfacet
  facet normal 0.99995193 -0.00980515 0.00000000
    outer loop
      vertex 10.96246041 -6.49720867 0.00000000
      vertex 10.96291484 -6.45086465 0.00000000
      vertex 10.96246041 -6.49720867 0.20000000
    endloop
  endfacet
  facet normal 0.99969880 0.02454202 -0.00000000
    outer loop
      vertex 10.96173559 -6.40282883 0.00000000
      vertex 10.96173559 -6.40282883 0.20000000
      vertex 10.96291484 -6.45086465 0.20000000
    endloop
  endfacet
  facet normal 0.99969880 0.02454202 -0.00000000
    outer loop
      vertex 10.96291484 -6.45086465 0.00000000
      vertex 10.96173559 -6.40282883 0.00000000
      vertex 10.96291484 -6.45086465 0.20000000
    endloop
  endfacet
  facet normal 0.99836773 0.05711285 -0.00000000
    outer loop
      vertex 10.95881275 -6.35173572 0.00000000
      vertex 10.95881275 -6.35173572 0.20000000
      vertex 10.96173559 -6.40282883 0.20000000
    endloop
  endfacet
  facet normal 0.99836773 0.05711285 -0.00000000
    outer loop
      vertex 10.96173559 -6.40282883 0.00000000
      vertex 10.95881275 -6.35173572 0.00000000
      vertex 10.96173559 -6.40282883 0.20000000
    endloop
  endfacet
  facet normal 0.99735069 0.07274343 -0.00000000
    outer loop
      vertex 10.78450298 -3.96185706 0.00000000
      vertex 10.78450298 -3.96185706 0.20000000
      vertex 10.95881275 -6.35173572 0.20000000
    endloop
  endfacet
  facet normal 0.99735069 0.07274343 -0.00000000
    outer loop
      vertex 10.95881275 -6.35173572 0.00000000
      vertex 10.78450298 -3.96185706 0.00000000
      vertex 10.95881275 -6.35173572 0.20000000
    endloop
  endfacet
  facet normal 0.99819994 0.05997394 -0.00000000
    outer loop
      vertex 10.77613832 -3.82263656 0.00000000
      vertex 10.77613832 -3.82263656 0.20000000
      vertex 10.78450298 -3.96185706 0.20000000
    endloop
  endfacet
  facet normal 0.99819994 0.05997394 -0.00000000
    outer loop
      vertex 10.78450298 -3.96185706 0.00000000
      vertex 10.77613832 -3.82263656 0.00000000
      vertex 10.78450298 -3.96185706 0.20000000
    endloop
  endfacet
  facet normal 0.99942479 0.03391287 -0.00000000
    outer loop
      vertex 10.77142355 -3.68369054 0.00000000
      vertex 10.77142355 -3.68369054 0.20000000
      vertex 10.77613832 -3.82263656 0.20000000
    endloop
  endfacet
  facet normal 0.99942479 0.03391287 -0.00000000
    outer loop
      vertex 10.77613832 -3.82263656 0.00000000
      vertex 10.77142355 -3.68369054 0.00000000
      vertex 10.77613832 -3.82263656 0.20000000
    endloop
  endfacet
  facet normal 0.99997424 0.00717811 -0.00000000
    outer loop
      vertex 10.77043631 -3.54615922 0.00000000
      vertex 10.77043631 -3.54615922 0.20000000
      vertex 10.77142355 -3.68369054 0.20000000
    endloop
  endfacet
  facet normal 0.99997424 0.00717811 -0.00000000
    outer loop
      vertex 10.77142355 -3.68369054 0.00000000
      vertex 10.77043631 -3.54615922 0.00000000
      vertex 10.77142355 -3.68369054 0.20000000
    endloop
  endfacet
  facet normal 0.99979601 -0.02019728 0.00000000
    outer loop
      vertex 10.77318592 -3.41004922 0.00000000
      vertex 10.77318592 -3.41004922 0.20000000
      vertex 10.77043631 -3.54615922 0.20000000
    endloop
  endfacet
  facet normal 0.99979601 -0.02019728 0.00000000
    outer loop
      vertex 10.77043631 -3.54615922 0.00000000
      vertex 10.77318592 -3.41004922 0.00000000
      vertex 10.77043631 -3.54615922 0.20000000
    endloop
  endfacet
  facet normal 0.99883901 -0.04817291 0.00000000
    outer loop
      vertex 10.77968143 -3.27536846 0.00000000
      vertex 10.77968143 -3.27536846 0.20000000
      vertex 10.77318592 -3.41004922 0.20000000
    endloop
  endfacet
  facet normal 0.99883901 -0.04817291 0.00000000
    outer loop
      vertex 10.77318592 -3.41004922 0.00000000
      vertex 10.77968143 -3.27536846 0.00000000
      vertex 10.77318592 -3.41004922 0.20000000
    endloop
  endfacet
  facet normal 0.99705415 -0.07670084 0.00000000
    outer loop
      vertex 10.78993141 -3.14212628 0.00000000
      vertex 10.78993141 -3.14212628 0.20000000
      vertex 10.77968143 -3.27536846 0.20000000
    endloop
  endfacet
  facet normal 0.99705415 -0.07670084 0.00000000
    outer loop
      vertex 10.77968143 -3.27536846 0.00000000
      vertex 10.78993141 -3.14212628 0.00000000
      vertex 10.77968143 -3.27536846 0.20000000
    endloop
  endfacet
  facet normal 0.99439534 -0.10572558 0.00000000
    outer loop
      vertex 10.80394383 -3.01033334 0.00000000
      vertex 10.80394383 -3.01033334 0.20000000
      vertex 10.78993141 -3.14212628 0.20000000
    endloop
  endfacet
  facet normal 0.99439534 -0.10572558 0.00000000
    outer loop
      vertex 10.78993141 -3.14212628 0.00000000
      vertex 10.80394383 -3.01033334 0.00000000
      vertex 10.78993141 -3.14212628 0.20000000
    endloop
  endfacet
  facet normal 0.99082050 -0.13518412 0.00000000
    outer loop
      vertex 10.82172584 -2.88000163 0.00000000
      vertex 10.82172584 -2.88000163 0.20000000
      vertex 10.80394383 -3.01033334 0.20000000
    endloop
  endfacet
  facet normal 0.99082050 -0.13518412 0.00000000
    outer loop
      vertex 10.80394383 -3.01033334 0.00000000
      vertex 10.82172584 -2.88000163 0.00000000
      vertex 10.80394383 -3.01033334 0.20000000
    endloop
  endfacet
  facet normal 0.98629252 -0.16500626 0.00000000
    outer loop
      vertex 10.84328359 -2.75114442 0.00000000
      vertex 10.84328359 -2.75114442 0.20000000
      vertex 10.82172584 -2.88000163 0.20000000
    endloop
  endfacet
  facet normal 0.98629252 -0.16500626 0.00000000
    outer loop
      vertex 10.82172584 -2.88000163 0.00000000
      vertex 10.84328359 -2.75114442 0.00000000
      vertex 10.82172584 -2.88000163 0.20000000
    endloop
  endfacet
  facet normal 0.98078036 -0.19511508 0.00000000
    outer loop
      vertex 10.86862206 -2.62377610 0.00000000
      vertex 10.86862206 -2.62377610 0.20000000
      vertex 10.84328359 -2.75114442 0.20000000
    endloop
  endfacet
  facet normal 0.98078036 -0.19511508 0.00000000
    outer loop
      vertex 10.84328359 -2.75114442 0.00000000
      vertex 10.86862206 -2.62377610 0.00000000
      vertex 10.84328359 -2.75114442 0.20000000
    endloop
  endfacet
  facet normal 0.97425991 -0.22542764 0.00000000
    outer loop
      vertex 10.89774491 -2.49791208 0.00000000
      vertex 10.89774491 -2.49791208 0.20000000
      vertex 10.86862206 -2.62377610 0.20000000
    endloop
  endfacet
  facet normal 0.97425991 -0.22542764 0.00000000
    outer loop
      vertex 10.86862206 -2.62377610 0.00000000
      vertex 10.89774491 -2.49791208 0.00000000
      vertex 10.86862206 -2.62377610 0.20000000
    endloop
  endfacet
  facet normal 0.96671494 -0.25585588 0.00000000
    outer loop
      vertex 10.93065432 -2.37356860 0.00000000
      vertex 10.93065432 -2.37356860 0.20000000
      vertex 10.89774491 -2.49791208 0.20000000
    endloop
  endfacet
  facet normal 0.96671494 -0.25585588 0.00000000
    outer loop
      vertex 10.89774491 -2.49791208 0.00000000
      vertex 10.93065432 -2.37356860 0.00000000
      vertex 10.89774491 -2.49791208 0.20000000
    endloop
  endfacet
  facet normal 0.95813773 -0.28630769 0.00000000
    outer loop
      vertex 10.96735085 -2.25076251 0.00000000
      vertex 10.96735085 -2.25076251 0.20000000
      vertex 10.93065432 -2.37356860 0.20000000
    endloop
  endfacet
  facet normal 0.95813773 -0.28630769 0.00000000
    outer loop
      vertex 10.93065432 -2.37356860 0.00000000
      vertex 10.96735085 -2.25076251 0.00000000
      vertex 10.93065432 -2.37356860 0.20000000
    endloop
  endfacet
  facet normal 0.94852970 -0.31668818 0.00000000
    outer loop
      vertex 11.00783340 -2.12951104 0.00000000
      vertex 11.00783340 -2.12951104 0.20000000
      vertex 10.96735085 -2.25076251 0.20000000
    endloop
  endfacet
  facet normal 0.94852970 -0.31668818 0.00000000
    outer loop
      vertex 10.96735085 -2.25076251 0.00000000
      vertex 11.00783340 -2.12951104 0.00000000
      vertex 10.96735085 -2.25076251 0.20000000
    endloop
  endfacet
  facet normal 0.93790174 -0.34690103 0.00000000
    outer loop
      vertex 11.05209917 -2.00983155 0.00000000
      vertex 11.05209917 -2.00983155 0.20000000
      vertex 11.00783340 -2.12951104 0.20000000
    endloop
  endfacet
  facet normal 0.93790174 -0.34690103 0.00000000
    outer loop
      vertex 11.00783340 -2.12951104 0.00000000
      vertex 11.05209917 -2.00983155 0.00000000
      vertex 11.00783340 -2.12951104 0.20000000
    endloop
  endfacet
  facet normal 0.92627430 -0.37684999 0.00000000
    outer loop
      vertex 11.10014361 -1.89174124 0.00000000
      vertex 11.10014361 -1.89174124 0.20000000
      vertex 11.05209917 -2.00983155 0.20000000
    endloop
  endfacet
  facet normal 0.92627430 -0.37684999 0.00000000
    outer loop
      vertex 11.05209917 -2.00983155 0.00000000
      vertex 11.10014361 -1.89174124 0.00000000
      vertex 11.05209917 -2.00983155 0.20000000
    endloop
  endfacet
  facet normal 0.91367732 -0.40644034 0.00000000
    outer loop
      vertex 11.15196051 -1.77525692 0.00000000
      vertex 11.15196051 -1.77525692 0.20000000
      vertex 11.10014361 -1.89174124 0.20000000
    endloop
  endfacet
  facet normal 0.91367732 -0.40644034 0.00000000
    outer loop
      vertex 11.10014361 -1.89174124 0.00000000
      vertex 11.15196051 -1.77525692 0.00000000
      vertex 11.10014361 -1.89174124 0.20000000
    endloop
  endfacet
  facet normal 0.90014982 -0.43558042 0.00000000
    outer loop
      vertex 11.20754207 -1.66039470 0.00000000
      vertex 11.20754207 -1.66039470 0.20000000
      vertex 11.15196051 -1.77525692 0.20000000
    endloop
  endfacet
  facet normal 0.90014982 -0.43558042 0.00000000
    outer loop
      vertex 11.15196051 -1.77525692 0.00000000
      vertex 11.20754207 -1.66039470 0.00000000
      vertex 11.15196051 -1.77525692 0.20000000
    endloop
  endfacet
  facet normal 0.88573932 -0.46418300 0.00000000
    outer loop
      vertex 11.26687904 -1.54716978 0.00000000
      vertex 11.26687904 -1.54716978 0.20000000
      vertex 11.20754207 -1.66039470 0.20000000
    endloop
  endfacet
  facet normal 0.88573932 -0.46418300 0.00000000
    outer loop
      vertex 11.20754207 -1.66039470 0.00000000
      vertex 11.26687904 -1.54716978 0.00000000
      vertex 11.20754207 -1.66039470 0.20000000
    endloop
  endfacet
  facet normal 0.87050102 -0.49216661 0.00000000
    outer loop
      vertex 11.32996084 -1.43559623 0.00000000
      vertex 11.32996084 -1.43559623 0.20000000
      vertex 11.26687904 -1.54716978 0.20000000
    endloop
  endfacet
  facet normal 0.87050102 -0.49216661 0.00000000
    outer loop
      vertex 11.26687904 -1.54716978 0.00000000
      vertex 11.32996084 -1.43559623 0.00000000
      vertex 11.26687904 -1.54716978 0.20000000
    endloop
  endfacet
  facet normal 0.85449680 -0.51945665 0.00000000
    outer loop
      vertex 11.39677583 -1.32568678 0.00000000
      vertex 11.39677583 -1.32568678 0.20000000
      vertex 11.32996084 -1.43559623 0.20000000
    endloop
  endfacet
  facet normal 0.85449680 -0.51945665 0.00000000
    outer loop
      vertex 11.32996084 -1.43559623 0.00000000
      vertex 11.39677583 -1.32568678 0.00000000
      vertex 11.32996084 -1.43559623 0.20000000
    endloop
  endfacet
  facet normal 0.83779409 -0.54598633 0.00000000
    outer loop
      vertex 11.46731146 -1.21745270 0.00000000
      vertex 11.46731146 -1.21745270 0.20000000
      vertex 11.39677583 -1.32568678 0.20000000
    endloop
  endfacet
  facet normal 0.83779409 -0.54598633 0.00000000
    outer loop
      vertex 11.39677583 -1.32568678 0.00000000
      vertex 11.46731146 -1.21745270 0.00000000
      vertex 11.39677583 -1.32568678 0.20000000
    endloop
  endfacet
  facet normal 0.82046459 -0.57169734 0.00000000
    outer loop
      vertex 11.54155451 -1.11090367 0.00000000
      vertex 11.54155451 -1.11090367 0.20000000
      vertex 11.46731146 -1.21745270 0.20000000
    endloop
  endfacet
  facet normal 0.82046459 -0.57169734 0.00000000
    outer loop
      vertex 11.46731146 -1.21745270 0.00000000
      vertex 11.54155451 -1.11090367 0.00000000
      vertex 11.46731146 -1.21745270 0.20000000
    endloop
  endfacet
  facet normal 0.80258307 -0.59654037 0.00000000
    outer loop
      vertex 11.61949136 -1.00604774 0.00000000
      vertex 11.61949136 -1.00604774 0.20000000
      vertex 11.54155451 -1.11090367 0.20000000
    endloop
  endfacet
  facet normal 0.80258307 -0.59654037 0.00000000
    outer loop
      vertex 11.54155451 -1.11090367 0.00000000
      vertex 11.61949136 -1.00604774 0.00000000
      vertex 11.54155451 -1.11090367 0.20000000
    endloop
  endfacet
  facet normal 0.78422600 -0.62047529 0.00000000
    outer loop
      vertex 11.70110816 -0.90289130 0.00000000
      vertex 11.70110816 -0.90289130 0.20000000
      vertex 11.61949136 -1.00604774 0.20000000
    endloop
  endfacet
  facet normal 0.78422600 -0.62047529 0.00000000
    outer loop
      vertex 11.61949136 -1.00604774 0.00000000
      vertex 11.70110816 -0.90289130 0.00000000
      vertex 11.61949136 -1.00604774 0.20000000
    endloop
  endfacet
  facet normal 0.76547035 -0.64347117 0.00000000
    outer loop
      vertex 11.78639110 -0.80143911 0.00000000
      vertex 11.78639110 -0.80143911 0.20000000
      vertex 11.70110816 -0.90289130 0.20000000
    endloop
  endfacet
  facet normal 0.76547035 -0.64347117 0.00000000
    outer loop
      vertex 11.70110816 -0.90289130 0.00000000
      vertex 11.78639110 -0.80143911 0.00000000
      vertex 11.70110816 -0.90289130 0.20000000
    endloop
  endfacet
  facet normal 0.74639242 -0.66550609 0.00000000
    outer loop
      vertex 11.87532658 -0.70169432 0.00000000
      vertex 11.87532658 -0.70169432 0.20000000
      vertex 11.78639110 -0.80143911 0.20000000
    endloop
  endfacet
  facet normal 0.74639242 -0.66550609 0.00000000
    outer loop
      vertex 11.78639110 -0.80143911 0.00000000
      vertex 11.87532658 -0.70169432 0.00000000
      vertex 11.78639110 -0.80143911 0.20000000
    endloop
  endfacet
  facet normal 0.72706682 -0.68656671 0.00000000
    outer loop
      vertex 11.96790138 -0.60365859 0.00000000
      vertex 11.96790138 -0.60365859 0.20000000
      vertex 11.87532658 -0.70169432 0.20000000
    endloop
  endfacet
  facet normal 0.72706682 -0.68656671 0.00000000
    outer loop
      vertex 11.87532658 -0.70169432 0.00000000
      vertex 11.96790138 -0.60365859 0.00000000
      vertex 11.87532658 -0.70169432 0.20000000
    endloop
  endfacet
  facet normal 0.70756548 -0.70664778 0.00000000
    outer loop
      vertex 12.06410284 -0.50733220 0.00000000
      vertex 12.06410284 -0.50733220 0.20000000
      vertex 11.96790138 -0.60365859 0.20000000
    endloop
  endfacet
  facet normal 0.70756548 -0.70664778 0.00000000
    outer loop
      vertex 11.96790138 -0.60365859 0.00000000
      vertex 12.06410284 -0.50733220 0.00000000
      vertex 11.96790138 -0.60365859 0.20000000
    endloop
  endfacet
  facet normal 0.68795699 -0.72575146 0.00000000
    outer loop
      vertex 12.16391896 -0.41271413 0.00000000
      vertex 12.16391896 -0.41271413 0.20000000
      vertex 12.06410284 -0.50733220 0.20000000
    endloop
  endfacet
  facet normal 0.68795699 -0.72575146 0.00000000
    outer loop
      vertex 12.06410284 -0.50733220 0.00000000
      vertex 12.16391896 -0.41271413 0.00000000
      vertex 12.06410284 -0.50733220 0.20000000
    endloop
  endfacet
  facet normal 0.66830587 -0.74388660 0.00000000
    outer loop
      vertex 12.26733853 -0.31980225 0.00000000
      vertex 12.26733853 -0.31980225 0.20000000
      vertex 12.16391896 -0.41271413 0.20000000
    endloop
  endfacet
  facet normal 0.66830587 -0.74388660 0.00000000
    outer loop
      vertex 12.16391896 -0.41271413 0.00000000
      vertex 12.26733853 -0.31980225 0.00000000
      vertex 12.16391896 -0.41271413 0.20000000
    endloop
  endfacet
  facet normal 0.64867219 -0.76106793 0.00000000
    outer loop
      vertex 12.37348586 -0.22933093 0.00000000
      vertex 12.37348586 -0.22933093 0.20000000
      vertex 12.26733853 -0.31980225 0.20000000
    endloop
  endfacet
  facet normal 0.64867219 -0.76106793 0.00000000
    outer loop
      vertex 12.26733853 -0.31980225 0.00000000
      vertex 12.37348586 -0.22933093 0.00000000
      vertex 12.26733853 -0.31980225 0.20000000
    endloop
  endfacet
  facet normal 0.63887935 -0.76930694 0.00000000
    outer loop
      vertex 13.79742970 0.95319879 0.00000000
      vertex 13.79742970 0.95319879 0.20000000
      vertex 12.37348586 -0.22933093 0.20000000
    endloop
  endfacet
  facet normal 0.63887935 -0.76930694 0.00000000
    outer loop
      vertex 12.37348586 -0.22933093 0.00000000
      vertex 13.79742970 0.95319879 0.00000000
      vertex 12.37348586 -0.22933093 0.20000000
    endloop
  endfacet
  facet normal 0.64986884 -0.76004637 0.00000000
    outer loop
      vertex 13.83326966 0.98384333 0.00000000
      vertex 13.83326966 0.98384333 0.20000000
      vertex 13.79742970 0.95319879 0.20000000
    endloop
  endfacet
  facet normal 0.64986884 -0.76004637 0.00000000
    outer loop
      vertex 13.79742970 0.95319879 0.00000000
      vertex 13.83326966 0.98384333 0.00000000
      vertex 13.79742970 0.95319879 0.20000000
    endloop
  endfacet
  facet normal 0.67202818 -0.74052558 0.00000000
    outer loop
      vertex 13.86643775 1.01394342 0.00000000
      vertex 13.86643775 1.01394342 0.20000000
      vertex 13.83326966 0.98384333 0.20000000
    endloop
  endfacet
  facet normal 0.67202818 -0.74052558 0.00000000
    outer loop
      vertex 13.83326966 0.98384333 0.00000000
      vertex 13.86643775 1.01394342 0.00000000
      vertex 13.83326966 0.98384333 0.20000000
    endloop
  endfacet
  facet normal 0.69436232 -0.71962558 0.00000000
    outer loop
      vertex 13.89791418 1.04431484 0.00000000
      vertex 13.89791418 1.04431484 0.20000000
      vertex 13.86643775 1.01394342 0.20000000
    endloop
  endfacet
  facet normal 0.69436232 -0.71962558 0.00000000
    outer loop
      vertex 13.86643775 1.01394342 0.00000000
      vertex 13.89791418 1.04431484 0.00000000
      vertex 13.86643775 1.01394342 0.20000000
    endloop
  endfacet
  facet normal 0.71678230 -0.69729702 0.00000000
    outer loop
      vertex 13.92771605 1.07494949 0.00000000
      vertex 13.92771605 1.07494949 0.20000000
      vertex 13.89791418 1.04431484 0.20000000
    endloop
  endfacet
  facet normal 0.71678230 -0.69729702 0.00000000
    outer loop
      vertex 13.89791418 1.04431484 0.00000000
      vertex 13.92771605 1.07494949 0.00000000
      vertex 13.89791418 1.04431484 0.20000000
    endloop
  endfacet
  facet normal 0.73918751 -0.67349968 0.00000000
    outer loop
      vertex 13.95586250 1.10584112 0.00000000
      vertex 13.95586250 1.10584112 0.20000000
      vertex 13.92771605 1.07494949 0.20000000
    endloop
  endfacet
  facet normal 0.73918751 -0.67349968 0.00000000
    outer loop
      vertex 13.92771605 1.07494949 0.00000000
      vertex 13.95586250 1.10584112 0.00000000
      vertex 13.92771605 1.07494949 0.20000000
    endloop
  endfacet
  facet normal 0.76146604 -0.64820481 0.00000000
    outer loop
      vertex 13.98237466 1.13698577 0.00000000
      vertex 13.98237466 1.13698577 0.20000000
      vertex 13.95586250 1.10584112 0.20000000
    endloop
  endfacet
  facet normal 0.76146604 -0.64820481 0.00000000
    outer loop
      vertex 13.95586250 1.10584112 0.00000000
      vertex 13.98237466 1.13698577 0.00000000
      vertex 13.95586250 1.10584112 0.20000000
    endloop
  endfacet
  facet normal 0.78349545 -0.62139752 0.00000000
    outer loop
      vertex 14.00727543 1.16838216 0.00000000
      vertex 14.00727543 1.16838216 0.20000000
      vertex 13.98237466 1.13698577 0.20000000
    endloop
  endfacet
  facet normal 0.78349545 -0.62139752 0.00000000
    outer loop
      vertex 13.98237466 1.13698577 0.00000000
      vertex 14.00727543 1.16838216 0.00000000
      vertex 13.98237466 1.13698577 0.20000000
    endloop
  endfacet
  facet normal 0.80514416 -0.59307915 0.00000000
    outer loop
      vertex 14.03058922 1.20003217 0.00000000
      vertex 14.03058922 1.20003217 0.20000000
      vertex 14.00727543 1.16838216 0.20000000
    endloop
  endfacet
  facet normal 0.80514416 -0.59307915 0.00000000
    outer loop
      vertex 14.00727543 1.16838216 0.00000000
      vertex 14.03058922 1.20003217 0.00000000
      vertex 14.00727543 1.16838216 0.20000000
    endloop
  endfacet
  facet normal 0.82627326 -0.56326947 0.00000000
    outer loop
      vertex 14.05234152 1.23194114 0.00000000
      vertex 14.05234152 1.23194114 0.20000000
      vertex 14.03058922 1.20003217 0.20000000
    endloop
  endfacet
  facet normal 0.82627326 -0.56326947 0.00000000
    outer loop
      vertex 14.03058922 1.20003217 0.00000000
      vertex 14.05234152 1.23194114 0.00000000
      vertex 14.03058922 1.20003217 0.20000000
    endloop
  endfacet
  facet normal 0.84673900 -0.53200852 0.00000000
    outer loop
      vertex 14.07255847 1.26411822 0.00000000
      vertex 14.07255847 1.26411822 0.20000000
      vertex 14.05234152 1.23194114 0.20000000
    endloop
  endfacet
  facet normal 0.84673900 -0.53200852 0.00000000
    outer loop
      vertex 14.05234152 1.23194114 0.00000000
      vertex 14.07255847 1.26411822 0.00000000
      vertex 14.05234152 1.23194114 0.20000000
    endloop
  endfacet
  facet normal 0.86639573 -0.49935803 0.00000000
    outer loop
      vertex 14.09126621 1.29657650 0.00000000
      vertex 14.09126621 1.29657650 0.20000000
      vertex 14.07255847 1.26411822 0.20000000
    endloop
  endfacet
  facet normal 0.86639573 -0.49935803 0.00000000
    outer loop
      vertex 14.07255847 1.26411822 0.00000000
      vertex 14.09126621 1.29657650 0.00000000
      vertex 14.07255847 1.26411822 0.20000000
    endloop
  endfacet
  facet normal 0.88509934 -0.46540214 0.00000000
    outer loop
      vertex 14.10849029 1.32933316 0.00000000
      vertex 14.10849029 1.32933316 0.20000000
      vertex 14.09126621 1.29657650 0.20000000
    endloop
  endfacet
  facet normal 0.88509934 -0.46540214 0.00000000
    outer loop
      vertex 14.09126621 1.29657650 0.00000000
      vertex 14.10849029 1.32933316 0.00000000
      vertex 14.09126621 1.29657650 0.20000000
    endloop
  endfacet
  facet normal 0.90271102 -0.43024738 0.00000000
    outer loop
      vertex 14.12425494 1.36240932 0.00000000
      vertex 14.12425494 1.36240932 0.20000000
      vertex 14.10849029 1.32933316 0.20000000
    endloop
  endfacet
  facet normal 0.90271102 -0.43024738 0.00000000
    outer loop
      vertex 14.10849029 1.32933316 0.00000000
      vertex 14.12425494 1.36240932 0.00000000
      vertex 14.10849029 1.32933316 0.20000000
    endloop
  endfacet
  facet normal 0.91910110 -0.39402179 0.00000000
    outer loop
      vertex 14.13858243 1.39582982 0.00000000
      vertex 14.13858243 1.39582982 0.20000000
      vertex 14.12425494 1.36240932 0.20000000
    endloop
  endfacet
  facet normal 0.91910110 -0.39402179 0.00000000
    outer loop
      vertex 14.12425494 1.36240932 0.00000000
      vertex 14.13858243 1.39582982 0.00000000
      vertex 14.12425494 1.36240932 0.20000000
    endloop
  endfacet
  facet normal 0.93415290 -0.35687304 0.00000000
    outer loop
      vertex 14.15149231 1.42962281 0.00000000
      vertex 14.15149231 1.42962281 0.20000000
      vertex 14.13858243 1.39582982 0.20000000
    endloop
  endfacet
  facet normal 0.93415290 -0.35687304 0.00000000
    outer loop
      vertex 14.13858243 1.39582982 0.00000000
      vertex 14.15149231 1.42962281 0.00000000
      vertex 14.13858243 1.39582982 0.20000000
    endloop
  endfacet
  facet normal 0.94776623 -0.31896580 0.00000000
    outer loop
      vertex 14.16300093 1.46381921 0.00000000
      vertex 14.16300093 1.46381921 0.20000000
      vertex 14.15149231 1.42962281 0.20000000
    endloop
  endfacet
  facet normal 0.94776623 -0.31896580 0.00000000
    outer loop
      vertex 14.15149231 1.42962281 0.00000000
      vertex 14.16300093 1.46381921 0.00000000
      vertex 14.15149231 1.42962281 0.20000000
    endloop
  endfacet
  facet normal 0.95986040 -0.28047819 0.00000000
    outer loop
      vertex 14.17312088 1.49845198 0.00000000
      vertex 14.17312088 1.49845198 0.20000000
      vertex 14.16300093 1.46381921 0.20000000
    endloop
  endfacet
  facet normal 0.95986040 -0.28047819 0.00000000
    outer loop
      vertex 14.16300093 1.46381921 0.00000000
      vertex 14.17312088 1.49845198 0.00000000
      vertex 14.16300093 1.46381921 0.20000000
    endloop
  endfacet
  facet normal 0.97037650 -0.24159770 0.00000000
    outer loop
      vertex 14.18186068 1.53355536 0.00000000
      vertex 14.18186068 1.53355536 0.20000000
      vertex 14.17312088 1.49845198 0.20000000
    endloop
  endfacet
  facet normal 0.97037650 -0.24159770 0.00000000
    outer loop
      vertex 14.17312088 1.49845198 0.00000000
      vertex 14.18186068 1.53355536 0.00000000
      vertex 14.17312088 1.49845198 0.20000000
    endloop
  endfacet
  facet normal 0.97927884 -0.20251657 0.00000000
    outer loop
      vertex 14.18922462 1.56916405 0.00000000
      vertex 14.18922462 1.56916405 0.20000000
      vertex 14.18186068 1.53355536 0.20000000
    endloop
  endfacet
  facet normal 0.97927884 -0.20251657 0.00000000
    outer loop
      vertex 14.18186068 1.53355536 0.00000000
      vertex 14.18922462 1.56916405 0.00000000
      vertex 14.18186068 1.53355536 0.20000000
    endloop
  endfacet
  facet normal 0.98655540 -0.16342718 0.00000000
    outer loop
      vertex 14.19521274 1.60531234 0.00000000
      vertex 14.19521274 1.60531234 0.20000000
      vertex 14.18922462 1.56916405 0.20000000
    endloop
  endfacet
  facet normal 0.98655540 -0.16342718 0.00000000
    outer loop
      vertex 14.18922462 1.56916405 0.00000000
      vertex 14.19521274 1.60531234 0.00000000
      vertex 14.18922462 1.56916405 0.20000000
    endloop
  endfacet
  facet normal 0.99221742 -0.12451742 0.00000000
    outer loop
      vertex 14.19982101 1.64203334 0.00000000
      vertex 14.19982101 1.64203334 0.20000000
      vertex 14.19521274 1.60531234 0.20000000
    endloop
  endfacet
  facet normal 0.99221742 -0.12451742 0.00000000
    outer loop
      vertex 14.19521274 1.60531234 0.00000000
      vertex 14.19982101 1.64203334 0.00000000
      vertex 14.19521274 1.60531234 0.20000000
    endloop
  endfacet
  facet normal 0.99629803 -0.08596646 0.00000000
    outer loop
      vertex 14.20304162 1.67935823 0.00000000
      vertex 14.20304162 1.67935823 0.20000000
      vertex 14.19982101 1.64203334 0.20000000
    endloop
  endfacet
  facet normal 0.99629803 -0.08596646 0.00000000
    outer loop
      vertex 14.19982101 1.64203334 0.00000000
      vertex 14.20304162 1.67935823 0.00000000
      vertex 14.19982101 1.64203334 0.20000000
    endloop
  endfacet
  facet normal 0.99885016 -0.04794110 0.00000000
    outer loop
      vertex 14.20486344 1.71731570 0.00000000
      vertex 14.20486344 1.71731570 0.20000000
      vertex 14.20304162 1.67935823 0.20000000
    endloop
  endfacet
  facet normal 0.99885016 -0.04794110 0.00000000
    outer loop
      vertex 14.20304162 1.67935823 0.00000000
      vertex 14.20486344 1.71731570 0.00000000
      vertex 14.20304162 1.67935823 0.20000000
    endloop
  endfacet
  facet normal 0.99994389 -0.01059278 0.00000000
    outer loop
      vertex 14.20527251 1.75593148 0.00000000
      vertex 14.20527251 1.75593148 0.20000000
      vertex 14.20486344 1.71731570 0.20000000
    endloop
  endfacet
  facet normal 0.99994389 -0.01059278 0.00000000
    outer loop
      vertex 14.20486344 1.71731570 0.00000000
      vertex 14.20527251 1.75593148 0.00000000
      vertex 14.20486344 1.71731570 0.20000000
    endloop
  endfacet
  facet normal 0.99966338 0.02594457 -0.00000000
    outer loop
      vertex 14.20425263 1.79522799 0.00000000
      vertex 14.20425263 1.79522799 0.20000000
      vertex 14.20527251 1.75593148 0.20000000
    endloop
  endfacet
  facet normal 0.99966338 0.02594457 -0.00000000
    outer loop
      vertex 14.20527251 1.75593148 0.00000000
      vertex 14.20425263 1.79522799 0.00000000
      vertex 14.20527251 1.75593148 0.20000000
    endloop
  endfacet
  facet normal 0.99810364 0.06155585 -0.00000000
    outer loop
      vertex 14.20178596 1.83522421 0.00000000
      vertex 14.20178596 1.83522421 0.20000000
      vertex 14.20425263 1.79522799 0.20000000
    endloop
  endfacet
  facet normal 0.99810364 0.06155585 -0.00000000
    outer loop
      vertex 14.20425263 1.79522799 0.00000000
      vertex 14.20178596 1.83522421 0.00000000
      vertex 14.20425263 1.79522799 0.20000000
    endloop
  endfacet
  facet normal 0.99536730 0.09614542 -0.00000000
    outer loop
      vertex 14.19785352 1.87593562 0.00000000
      vertex 14.19785352 1.87593562 0.20000000
      vertex 14.20178596 1.83522421 0.20000000
    endloop
  endfacet
  facet normal 0.99536730 0.09614542 -0.00000000
    outer loop
      vertex 14.20178596 1.83522421 0.00000000
      vertex 14.19785352 1.87593562 0.00000000
      vertex 14.20178596 1.83522421 0.20000000
    endloop
  endfacet
  facet normal 0.99156153 0.12963690 -0.00000000
    outer loop
      vertex 14.19243582 1.91737430 0.00000000
      vertex 14.19243582 1.91737430 0.20000000
      vertex 14.19785352 1.87593562 0.20000000
    endloop
  endfacet
  facet normal 0.99156153 0.12963690 -0.00000000
    outer loop
      vertex 14.19785352 1.87593562 0.00000000
      vertex 14.19243582 1.91737430 0.00000000
      vertex 14.19785352 1.87593562 0.20000000
    endloop
  endfacet
  facet normal 0.98679528 0.16197248 -0.00000000
    outer loop
      vertex 14.18551326 1.95954907 0.00000000
      vertex 14.18551326 1.95954907 0.20000000
      vertex 14.19243582 1.91737430 0.20000000
    endloop
  endfacet
  facet normal 0.98679528 0.16197248 -0.00000000
    outer loop
      vertex 14.19243582 1.91737430 0.00000000
      vertex 14.18551326 1.95954907 0.00000000
      vertex 14.19243582 1.91737430 0.20000000
    endloop
  endfacet
  facet normal 0.98117677 0.19311173 -0.00000000
    outer loop
      vertex 14.17706655 2.00246576 0.00000000
      vertex 14.17706655 2.00246576 0.20000000
      vertex 14.18551326 1.95954907 0.20000000
    endloop
  endfacet
  facet normal 0.98117677 0.19311173 -0.00000000
    outer loop
      vertex 14.18551326 1.95954907 0.00000000
      vertex 14.17706655 2.00246576 0.00000000
      vertex 14.18551326 1.95954907 0.20000000
    endloop
  endfacet
  facet normal 0.97481156 0.22303008 -0.00000000
    outer loop
      vertex 14.16707705 2.04612749 0.00000000
      vertex 14.16707705 2.04612749 0.20000000
      vertex 14.17706655 2.00246576 0.20000000
    endloop
  endfacet
  facet normal 0.97481156 0.22303008 -0.00000000
    outer loop
      vertex 14.17706655 2.00246576 0.00000000
      vertex 14.16707705 2.04612749 0.00000000
      vertex 14.17706655 2.00246576 0.20000000
    endloop
  endfacet
  facet normal 0.96780085 0.25171714 -0.00000000
    outer loop
      vertex 14.15520734 2.09176411 0.00000000
      vertex 14.15520734 2.09176411 0.20000000
      vertex 14.16707705 2.04612749 0.20000000
    endloop
  endfacet
  facet normal 0.96780085 0.25171714 -0.00000000
    outer loop
      vertex 14.16707705 2.04612749 0.00000000
      vertex 14.15520734 2.09176411 0.00000000
      vertex 14.16707705 2.04612749 0.20000000
    endloop
  endfacet
  facet normal 0.96408356 0.26559910 -0.00000000
    outer loop
      vertex 13.94909132 2.83993329 0.00000000
      vertex 13.94909132 2.83993329 0.20000000
      vertex 14.15520734 2.09176411 0.20000000
    endloop
  endfacet
  facet normal 0.96408356 0.26559910 -0.00000000
    outer loop
      vertex 14.15520734 2.09176411 0.00000000
      vertex 13.94909132 2.83993329 0.00000000
      vertex 14.15520734 2.09176411 0.20000000
    endloop
  endfacet
  facet normal 0.96213783 0.27256337 -0.00000000
    outer loop
      vertex 13.92731906 2.91678851 0.00000000
      vertex 13.92731906 2.91678851 0.20000000
      vertex 13.94909132 2.83993329 0.20000000
    endloop
  endfacet
  facet normal 0.96213783 0.27256337 -0.00000000
    outer loop
      vertex 13.94909132 2.83993329 0.00000000
      vertex 13.92731906 2.91678851 0.00000000
      vertex 13.94909132 2.83993329 0.20000000
    endloop
  endfacet
  facet normal 0.95807434 0.28651972 -0.00000000
    outer loop
      vertex 13.90470088 2.99241993 0.00000000
      vertex 13.90470088 2.99241993 0.20000000
      vertex 13.92731906 2.91678851 0.20000000
    endloop
  endfacet
  facet normal 0.95807434 0.28651972 -0.00000000
    outer loop
      vertex 13.92731906 2.91678851 0.00000000
      vertex 13.90470088 2.99241993 0.00000000
      vertex 13.92731906 2.91678851 0.20000000
    endloop
  endfacet
  facet normal 0.95378007 0.30050554 -0.00000000
    outer loop
      vertex 13.88106031 3.06745317 0.00000000
      vertex 13.88106031 3.06745317 0.20000000
      vertex 13.90470088 2.99241993 0.20000000
    endloop
  endfacet
  facet normal 0.95378007 0.30050554 -0.00000000
    outer loop
      vertex 13.90470088 2.99241993 0.00000000
      vertex 13.88106031 3.06745317 0.00000000
      vertex 13.90470088 2.99241993 0.20000000
    endloop
  endfacet
  facet normal 0.94925367 0.31451148 -0.00000000
    outer loop
      vertex 13.85639755 3.14188995 0.00000000
      vertex 13.85639755 3.14188995 0.20000000
      vertex 13.88106031 3.06745317 0.20000000
    endloop
  endfacet
  facet normal 0.94925367 0.31451148 -0.00000000
    outer loop
      vertex 13.88106031 3.06745317 0.00000000
      vertex 13.85639755 3.14188995 0.00000000
      vertex 13.88106031 3.06745317 0.20000000
    endloop
  endfacet
  facet normal 0.94449423 0.32852801 -0.00000000
    outer loop
      vertex 13.83071271 3.21573198 0.00000000
      vertex 13.83071271 3.21573198 0.20000000
      vertex 13.85639755 3.14188995 0.20000000
    endloop
  endfacet
  facet normal 0.94449423 0.32852801 -0.00000000
    outer loop
      vertex 13.85639755 3.14188995 0.00000000
      vertex 13.83071271 3.21573198 0.00000000
      vertex 13.85639755 3.14188995 0.20000000
    endloop
  endfacet
  facet normal 0.93950128 0.34254538 -0.00000000
    outer loop
      vertex 13.80400585 3.28898105 0.00000000
      vertex 13.80400585 3.28898105 0.20000000
      vertex 13.83071271 3.21573198 0.20000000
    endloop
  endfacet
  facet normal 0.93950128 0.34254538 -0.00000000
    outer loop
      vertex 13.83071271 3.21573198 0.00000000
      vertex 13.80400585 3.28898105 0.00000000
      vertex 13.83071271 3.21573198 0.20000000
    endloop
  endfacet
  facet normal 0.93427483 0.35655369 -0.00000000
    outer loop
      vertex 13.77627693 3.36163894 0.00000000
      vertex 13.77627693 3.36163894 0.20000000
      vertex 13.80400585 3.28898105 0.20000000
    endloop
  endfacet
  facet normal 0.93427483 0.35655369 -0.00000000
    outer loop
      vertex 13.80400585 3.28898105 0.00000000
      vertex 13.77627693 3.36163894 0.00000000
      vertex 13.80400585 3.28898105 0.20000000
    endloop
  endfacet
  facet normal 0.92881534 0.37054293 -0.00000000
    outer loop
      vertex 13.74752580 3.43370746 0.00000000
      vertex 13.74752580 3.43370746 0.20000000
      vertex 13.77627693 3.36163894 0.20000000
    endloop
  endfacet
  facet normal 0.92881534 0.37054293 -0.00000000
    outer loop
      vertex 13.77627693 3.36163894 0.00000000
      vertex 13.74752580 3.43370746 0.00000000
      vertex 13.77627693 3.36163894 0.20000000
    endloop
  endfacet
  facet normal 0.92312375 0.38450297 -0.00000000
    outer loop
      vertex 13.71775227 3.50518846 0.00000000
      vertex 13.71775227 3.50518846 0.20000000
      vertex 13.74752580 3.43370746 0.20000000
    endloop
  endfacet
  facet normal 0.92312375 0.38450297 -0.00000000
    outer loop
      vertex 13.74752580 3.43370746 0.00000000
      vertex 13.71775227 3.50518846 0.00000000
      vertex 13.74752580 3.43370746 0.20000000
    endloop
  endfacet
  facet normal 0.91720151 0.39842363 -0.00000000
    outer loop
      vertex 13.68695603 3.57608375 0.00000000
      vertex 13.68695603 3.57608375 0.20000000
      vertex 13.71775227 3.50518846 0.20000000
    endloop
  endfacet
  facet normal 0.91720151 0.39842363 -0.00000000
    outer loop
      vertex 13.71775227 3.50518846 0.00000000
      vertex 13.68695603 3.57608375 0.00000000
      vertex 13.71775227 3.50518846 0.20000000
    endloop
  endfacet
  facet normal 0.91105053 0.41229471 -0.00000000
    outer loop
      vertex 13.65513669 3.64639518 0.00000000
      vertex 13.65513669 3.64639518 0.20000000
      vertex 13.68695603 3.57608375 0.20000000
    endloop
  endfacet
  facet normal 0.91105053 0.41229471 -0.00000000
    outer loop
      vertex 13.68695603 3.57608375 0.00000000
      vertex 13.65513669 3.64639518 0.00000000
      vertex 13.68695603 3.57608375 0.20000000
    endloop
  endfacet
  facet normal 0.90467324 0.42610601 -0.00000000
    outer loop
      vertex 13.62229376 3.71612458 0.00000000
      vertex 13.62229376 3.71612458 0.20000000
      vertex 13.65513669 3.64639518 0.20000000
    endloop
  endfacet
  facet normal 0.90467324 0.42610601 -0.00000000
    outer loop
      vertex 13.65513669 3.64639518 0.00000000
      vertex 13.62229376 3.71612458 0.00000000
      vertex 13.65513669 3.64639518 0.20000000
    endloop
  endfacet
  facet normal 0.89807254 0.43984738 -0.00000000
    outer loop
      vertex 13.58842669 3.78527376 0.00000000
      vertex 13.58842669 3.78527376 0.20000000
      vertex 13.62229376 3.71612458 0.20000000
    endloop
  endfacet
  facet normal 0.89807254 0.43984738 -0.00000000
    outer loop
      vertex 13.62229376 3.71612458 0.00000000
      vertex 13.58842669 3.78527376 0.00000000
      vertex 13.62229376 3.71612458 0.20000000
    endloop
  endfacet
  facet normal 0.89125182 0.45350876 -0.00000000
    outer loop
      vertex 13.55353481 3.85384454 0.00000000
      vertex 13.55353481 3.85384454 0.20000000
      vertex 13.58842669 3.78527376 0.20000000
    endloop
  endfacet
  facet normal 0.89125182 0.45350876 -0.00000000
    outer loop
      vertex 13.58842669 3.78527376 0.00000000
      vertex 13.55353481 3.85384454 0.00000000
      vertex 13.58842669 3.78527376 0.20000000
    endloop
  endfacet
  facet normal 0.88421496 0.46708018 -0.00000000
    outer loop
      vertex 13.51761739 3.92183869 0.00000000
      vertex 13.51761739 3.92183869 0.20000000
      vertex 13.55353481 3.85384454 0.20000000
    endloop
  endfacet
  facet normal 0.88421496 0.46708018 -0.00000000
    outer loop
      vertex 13.55353481 3.85384454 0.00000000
      vertex 13.51761739 3.92183869 0.00000000
      vertex 13.55353481 3.85384454 0.20000000
    endloop
  endfacet
  facet normal 0.87696631 0.48055187 -0.00000000
    outer loop
      vertex 13.48067361 3.98925795 0.00000000
      vertex 13.48067361 3.98925795 0.20000000
      vertex 13.51761739 3.92183869 0.20000000
    endloop
  endfacet
  facet normal 0.87696631 0.48055187 -0.00000000
    outer loop
      vertex 13.51761739 3.92183869 0.00000000
      vertex 13.48067361 3.98925795 0.00000000
      vertex 13.51761739 3.92183869 0.20000000
    endloop
  endfacet
  facet normal 0.86951064 0.49391421 -0.00000000
    outer loop
      vertex 13.44270256 4.05610403 0.00000000
      vertex 13.44270256 4.05610403 0.20000000
      vertex 13.48067361 3.98925795 0.20000000
    endloop
  endfacet
  facet normal 0.86951064 0.49391421 -0.00000000
    outer loop
      vertex 13.48067361 3.98925795 0.00000000
      vertex 13.44270256 4.05610403 0.00000000
      vertex 13.48067361 3.98925795 0.20000000
    endloop
  endfacet
  facet normal 0.86185321 0.50715781 -0.00000000
    outer loop
      vertex 13.40370326 4.12237861 0.00000000
      vertex 13.40370326 4.12237861 0.20000000
      vertex 13.44270256 4.05610403 0.20000000
    endloop
  endfacet
  facet normal 0.86185321 0.50715781 -0.00000000
    outer loop
      vertex 13.44270256 4.05610403 0.00000000
      vertex 13.40370326 4.12237861 0.00000000
      vertex 13.44270256 4.05610403 0.20000000
    endloop
  endfacet
  facet normal 0.85399966 0.52027356 -0.00000000
    outer loop
      vertex 13.36367467 4.18808330 0.00000000
      vertex 13.36367467 4.18808330 0.20000000
      vertex 13.40370326 4.12237861 0.20000000
    endloop
  endfacet
  facet normal 0.85399966 0.52027356 -0.00000000
    outer loop
      vertex 13.40370326 4.12237861 0.00000000
      vertex 13.36367467 4.18808330 0.00000000
      vertex 13.40370326 4.12237861 0.20000000
    endloop
  endfacet
  facet normal 0.84595606 0.53325261 -0.00000000
    outer loop
      vertex 13.32261564 4.25321966 0.00000000
      vertex 13.32261564 4.25321966 0.20000000
      vertex 13.36367467 4.18808330 0.20000000
    endloop
  endfacet
  facet normal 0.84595606 0.53325261 -0.00000000
    outer loop
      vertex 13.36367467 4.18808330 0.00000000
      vertex 13.32261564 4.25321966 0.00000000
      vertex 13.36367467 4.18808330 0.20000000
    endloop
  endfacet
  facet normal 0.83772883 0.54608644 -0.00000000
    outer loop
      vertex 13.28052500 4.31778919 0.00000000
      vertex 13.28052500 4.31778919 0.20000000
      vertex 13.32261564 4.25321966 0.20000000
    endloop
  endfacet
  facet normal 0.83772883 0.54608644 -0.00000000
    outer loop
      vertex 13.32261564 4.25321966 0.00000000
      vertex 13.28052500 4.31778919 0.00000000
      vertex 13.32261564 4.25321966 0.20000000
    endloop
  endfacet
  facet normal 0.82932477 0.55876688 -0.00000000
    outer loop
      vertex 13.23740148 4.38179333 0.00000000
      vertex 13.23740148 4.38179333 0.20000000
      vertex 13.28052500 4.31778919 0.20000000
    endloop
  endfacet
  facet normal 0.82932477 0.55876688 -0.00000000
    outer loop
      vertex 13.28052500 4.31778919 0.00000000
      vertex 13.23740148 4.38179333 0.00000000
      vertex 13.28052500 4.31778919 0.20000000
    endloop
  endfacet
  facet normal 0.82075098 0.57128612 -0.00000000
    outer loop
      vertex 13.19324380 4.44523346 0.00000000
      vertex 13.19324380 4.44523346 0.20000000
      vertex 13.23740148 4.38179333 0.20000000
    endloop
  endfacet
  facet normal 0.82075098 0.57128612 -0.00000000
    outer loop
      vertex 13.23740148 4.38179333 0.00000000
      vertex 13.19324380 4.44523346 0.00000000
      vertex 13.23740148 4.38179333 0.20000000
    endloop
  endfacet
  facet normal 0.81201486 0.58363676 -0.00000000
    outer loop
      vertex 13.14805058 4.50811087 0.00000000
      vertex 13.14805058 4.50811087 0.20000000
      vertex 13.19324380 4.44523346 0.20000000
    endloop
  endfacet
  facet normal 0.81201486 0.58363676 -0.00000000
    outer loop
      vertex 13.19324380 4.44523346 0.00000000
      vertex 13.14805058 4.50811087 0.00000000
      vertex 13.19324380 4.44523346 0.20000000
    endloop
  endfacet
  facet normal 0.80312410 0.59581178 -0.00000000
    outer loop
      vertex 13.10182042 4.57042677 0.00000000
      vertex 13.10182042 4.57042677 0.20000000
      vertex 13.14805058 4.50811087 0.20000000
    endloop
  endfacet
  facet normal 0.80312410 0.59581178 -0.00000000
    outer loop
      vertex 13.14805058 4.50811087 0.00000000
      vertex 13.10182042 4.57042677 0.00000000
      vertex 13.14805058 4.50811087 0.20000000
    endloop
  endfacet
  facet normal 0.79408660 0.60780463 -0.00000000
    outer loop
      vertex 13.05455189 4.63218232 0.00000000
      vertex 13.05455189 4.63218232 0.20000000
      vertex 13.10182042 4.57042677 0.20000000
    endloop
  endfacet
  facet normal 0.79408660 0.60780463 -0.00000000
    outer loop
      vertex 13.10182042 4.57042677 0.00000000
      vertex 13.05455189 4.63218232 0.00000000
      vertex 13.10182042 4.57042677 0.20000000
    endloop
  endfacet
  facet normal 0.78491048 0.61960918 -0.00000000
    outer loop
      vertex 13.00624350 4.69337858 0.00000000
      vertex 13.00624350 4.69337858 0.20000000
      vertex 13.05455189 4.63218232 0.20000000
    endloop
  endfacet
  facet normal 0.78491048 0.61960918 -0.00000000
    outer loop
      vertex 13.05455189 4.63218232 0.00000000
      vertex 13.00624350 4.69337858 0.00000000
      vertex 13.05455189 4.63218232 0.20000000
    endloop
  endfacet
  facet normal 0.77560402 0.63121978 -0.00000000
    outer loop
      vertex 12.95689375 4.75401651 0.00000000
      vertex 12.95689375 4.75401651 0.20000000
      vertex 13.00624350 4.69337858 0.20000000
    endloop
  endfacet
  facet normal 0.77560402 0.63121978 -0.00000000
    outer loop
      vertex 13.00624350 4.69337858 0.00000000
      vertex 12.95689375 4.75401651 0.00000000
      vertex 13.00624350 4.69337858 0.20000000
    endloop
  endfacet
  facet normal 0.76617564 0.64263122 -0.00000000
    outer loop
      vertex 12.90650111 4.81409702 0.00000000
      vertex 12.90650111 4.81409702 0.20000000
      vertex 12.95689375 4.75401651 0.20000000
    endloop
  endfacet
  facet normal 0.76617564 0.64263122 -0.00000000
    outer loop
      vertex 12.95689375 4.75401651 0.00000000
      vertex 12.90650111 4.81409702 0.00000000
      vertex 12.95689375 4.75401651 0.20000000
    endloop
  endfacet
  facet normal 0.75663388 0.65383879 -0.00000000
    outer loop
      vertex 12.85506405 4.87362091 0.00000000
      vertex 12.85506405 4.87362091 0.20000000
      vertex 12.90650111 4.81409702 0.20000000
    endloop
  endfacet
  facet normal 0.75663388 0.65383879 -0.00000000
    outer loop
      vertex 12.90650111 4.81409702 0.00000000
      vertex 12.85506405 4.87362091 0.00000000
      vertex 12.90650111 4.81409702 0.20000000
    endloop
  endfacet
  facet normal 0.74698735 0.66483825 -0.00000000
    outer loop
      vertex 12.80258100 4.93258889 0.00000000
      vertex 12.80258100 4.93258889 0.20000000
      vertex 12.85506405 4.87362091 0.20000000
    endloop
  endfacet
  facet normal 0.74698735 0.66483825 -0.00000000
    outer loop
      vertex 12.85506405 4.87362091 0.00000000
      vertex 12.80258100 4.93258889 0.00000000
      vertex 12.85506405 4.87362091 0.20000000
    endloop
  endfacet
  facet normal 0.73724468 0.67562584 -0.00000000
    outer loop
      vertex 12.74861226 4.99147972 0.00000000
      vertex 12.74861226 4.99147972 0.20000000
      vertex 12.80258100 4.93258889 0.20000000
    endloop
  endfacet
  facet normal 0.73724468 0.67562584 -0.00000000
    outer loop
      vertex 12.80258100 4.93258889 0.00000000
      vertex 12.74861226 4.99147972 0.00000000
      vertex 12.80258100 4.93258889 0.20000000
    endloop
  endfacet
  facet normal 0.73234001 0.68093914 -0.00000000
    outer loop
      vertex 12.49505965 5.26417182 0.00000000
      vertex 12.49505965 5.26417182 0.20000000
      vertex 12.74861226 4.99147972 0.20000000
    endloop
  endfacet
  facet normal 0.73234001 0.68093914 -0.00000000
    outer loop
      vertex 12.74861226 4.99147972 0.00000000
      vertex 12.49505965 5.26417182 0.00000000
      vertex 12.74861226 4.99147972 0.20000000
    endloop
  endfacet
  facet normal 0.72478001 0.68898036 -0.00000000
    outer loop
      vertex 12.43800494 5.32419111 0.00000000
      vertex 12.43800494 5.32419111 0.20000000
      vertex 12.49505965 5.26417182 0.20000000
    endloop
  endfacet
  facet normal 0.72478001 0.68898036 -0.00000000
    outer loop
      vertex 12.49505965 5.26417182 0.00000000
      vertex 12.43800494 5.32419111 0.00000000
      vertex 12.49505965 5.26417182 0.20000000
    endloop
  endfacet
  facet normal 0.70919018 0.70501722 -0.00000000
    outer loop
      vertex 12.38088428 5.38164987 0.00000000
      vertex 12.38088428 5.38164987 0.20000000
      vertex 12.43800494 5.32419111 0.20000000
    endloop
  endfacet
  facet normal 0.70919018 0.70501722 -0.00000000
    outer loop
      vertex 12.43800494 5.32419111 0.00000000
      vertex 12.38088428 5.38164987 0.00000000
      vertex 12.43800494 5.32419111 0.20000000
    endloop
  endfacet
  facet normal 0.69297248 0.72096404 -0.00000000
    outer loop
      vertex 12.32301948 5.43726806 0.00000000
      vertex 12.32301948 5.43726806 0.20000000
      vertex 12.38088428 5.38164987 0.20000000
    endloop
  endfacet
  facet normal 0.69297248 0.72096404 -0.00000000
    outer loop
      vertex 12.38088428 5.38164987 0.00000000
      vertex 12.32301948 5.43726806 0.00000000
      vertex 12.38088428 5.38164987 0.20000000
    endloop
  endfacet
  facet normal 0.67612778 0.73678438 -0.00000000
    outer loop
      vertex 12.26441011 5.49105235 0.00000000
      vertex 12.26441011 5.49105235 0.20000000
      vertex 12.32301948 5.43726806 0.20000000
    endloop
  endfacet
  facet normal 0.67612778 0.73678438 -0.00000000
    outer loop
      vertex 12.32301948 5.43726806 0.00000000
      vertex 12.26441011 5.49105235 0.00000000
      vertex 12.32301948 5.43726806 0.20000000
    endloop
  endfacet
  facet normal 0.65866017 0.75244055 -0.00000000
    outer loop
      vertex 12.20505513 5.54300962 0.00000000
      vertex 12.20505513 5.54300962 0.20000000
      vertex 12.26441011 5.49105235 0.20000000
    endloop
  endfacet
  facet normal 0.65866017 0.75244055 -0.00000000
    outer loop
      vertex 12.26441011 5.49105235 0.00000000
      vertex 12.20505513 5.54300962 0.00000000
      vertex 12.26441011 5.49105235 0.20000000
    endloop
  endfacet
  facet normal 0.64057707 0.76789389 -0.00000000
    outer loop
      vertex 12.14495290 5.59314690 0.00000000
      vertex 12.14495290 5.59314690 0.20000000
      vertex 12.20505513 5.54300962 0.20000000
    endloop
  endfacet
  facet normal 0.64057707 0.76789389 -0.00000000
    outer loop
      vertex 12.20505513 5.54300962 0.00000000
      vertex 12.14495290 5.59314690 0.00000000
      vertex 12.20505513 5.54300962 0.20000000
    endloop
  endfacet
  facet normal 0.62188947 0.78310503 -0.00000000
    outer loop
      vertex 12.08410110 5.64147131 0.00000000
      vertex 12.08410110 5.64147131 0.20000000
      vertex 12.14495290 5.59314690 0.20000000
    endloop
  endfacet
  facet normal 0.62188947 0.78310503 -0.00000000
    outer loop
      vertex 12.14495290 5.59314690 0.00000000
      vertex 12.08410110 5.64147131 0.00000000
      vertex 12.14495290 5.59314690 0.20000000
    endloop
  endfacet
  facet normal 0.60261203 0.79803430 -0.00000000
    outer loop
      vertex 12.02249677 5.68799000 0.00000000
      vertex 12.02249677 5.68799000 0.20000000
      vertex 12.08410110 5.64147131 0.20000000
    endloop
  endfacet
  facet normal 0.60261203 0.79803430 -0.00000000
    outer loop
      vertex 12.08410110 5.64147131 0.00000000
      vertex 12.02249677 5.68799000 0.00000000
      vertex 12.08410110 5.64147131 0.20000000
    endloop
  endfacet
  facet normal 0.58276314 0.81264206 -0.00000000
    outer loop
      vertex 11.96013626 5.73271007 0.00000000
      vertex 11.96013626 5.73271007 0.20000000
      vertex 12.02249677 5.68799000 0.20000000
    endloop
  endfacet
  facet normal 0.58276314 0.81264206 -0.00000000
    outer loop
      vertex 12.02249677 5.68799000 0.00000000
      vertex 11.96013626 5.73271007 0.00000000
      vertex 12.02249677 5.68799000 0.20000000
    endloop
  endfacet
  facet normal 0.56236499 0.82688912 -0.00000000
    outer loop
      vertex 11.89701522 5.77563851 0.00000000
      vertex 11.89701522 5.77563851 0.20000000
      vertex 11.96013626 5.73271007 0.20000000
    endloop
  endfacet
  facet normal 0.56236499 0.82688912 -0.00000000
    outer loop
      vertex 11.96013626 5.73271007 0.00000000
      vertex 11.89701522 5.77563851 0.00000000
      vertex 11.96013626 5.73271007 0.20000000
    endloop
  endfacet
  facet normal 0.54144348 0.84073715 -0.00000000
    outer loop
      vertex 11.83312868 5.81678211 0.00000000
      vertex 11.83312868 5.81678211 0.20000000
      vertex 11.89701522 5.77563851 0.20000000
    endloop
  endfacet
  facet normal 0.54144348 0.84073715 -0.00000000
    outer loop
      vertex 11.89701522 5.77563851 0.00000000
      vertex 11.83312868 5.81678211 0.00000000
      vertex 11.89701522 5.77563851 0.20000000
    endloop
  endfacet
  facet normal 0.52002816 0.85414912 -0.00000000
    outer loop
      vertex 11.76847100 5.85614738 0.00000000
      vertex 11.76847100 5.85614738 0.20000000
      vertex 11.83312868 5.81678211 0.20000000
    endloop
  endfacet
  facet normal 0.52002816 0.85414912 -0.00000000
    outer loop
      vertex 11.83312868 5.81678211 0.00000000
      vertex 11.76847100 5.85614738 0.00000000
      vertex 11.83312868 5.81678211 0.20000000
    endloop
  endfacet
  facet normal 0.49815209 0.86708967 -0.00000000
    outer loop
      vertex 11.70303593 5.89374052 0.00000000
      vertex 11.70303593 5.89374052 0.20000000
      vertex 11.76847100 5.85614738 0.20000000
    endloop
  endfacet
  facet normal 0.49815209 0.86708967 -0.00000000
    outer loop
      vertex 11.76847100 5.85614738 0.00000000
      vertex 11.70303593 5.89374052 0.00000000
      vertex 11.76847100 5.85614738 0.20000000
    endloop
  endfacet
  facet normal 0.47585159 0.87952559 -0.00000000
    outer loop
      vertex 11.63681665 5.92956727 0.00000000
      vertex 11.63681665 5.92956727 0.20000000
      vertex 11.70303593 5.89374052 0.20000000
    endloop
  endfacet
  facet normal 0.47585159 0.87952559 -0.00000000
    outer loop
      vertex 11.70303593 5.89374052 0.00000000
      vertex 11.63681665 5.92956727 0.00000000
      vertex 11.70303593 5.89374052 0.20000000
    endloop
  endfacet
  facet normal 0.45316597 0.89142616 -0.00000000
    outer loop
      vertex 11.56980585 5.96363292 0.00000000
      vertex 11.56980585 5.96363292 0.20000000
      vertex 11.63681665 5.92956727 0.20000000
    endloop
  endfacet
  facet normal 0.45316597 0.89142616 -0.00000000
    outer loop
      vertex 11.63681665 5.92956727 0.00000000
      vertex 11.56980585 5.96363292 0.00000000
      vertex 11.63681665 5.92956727 0.20000000
    endloop
  endfacet
  facet normal 0.43013722 0.90276352 -0.00000000
    outer loop
      vertex 11.50199576 5.99594221 0.00000000
      vertex 11.50199576 5.99594221 0.20000000
      vertex 11.56980585 5.96363292 0.20000000
    endloop
  endfacet
  facet normal 0.43013722 0.90276352 -0.00000000
    outer loop
      vertex 11.56980585 5.96363292 0.00000000
      vertex 11.50199576 5.99594221 0.00000000
      vertex 11.56980585 5.96363292 0.20000000
    endloop
  endfacet
  facet normal 0.40680961 0.91351297 -0.00000000
    outer loop
      vertex 11.43337824 6.02649927 0.00000000
      vertex 11.43337824 6.02649927 0.20000000
      vertex 11.50199576 5.99594221 0.20000000
    endloop
  endfacet
  facet normal 0.40680961 0.91351297 -0.00000000
    outer loop
      vertex 11.50199576 5.99594221 0.00000000
      vertex 11.43337824 6.02649927 0.00000000
      vertex 11.50199576 5.99594221 0.20000000
    endloop
  endfacet
  facet normal 0.38322925 0.92365326 -0.00000000
    outer loop
      vertex 11.36394485 6.05530760 0.00000000
      vertex 11.36394485 6.05530760 0.20000000
      vertex 11.43337824 6.02649927 0.20000000
    endloop
  endfacet
  facet normal 0.38322925 0.92365326 -0.00000000
    outer loop
      vertex 11.43337824 6.02649927 0.00000000
      vertex 11.36394485 6.05530760 0.00000000
      vertex 11.43337824 6.02649927 0.20000000
    endloop
  endfacet
  facet normal 0.35944367 0.93316678 -0.00000000
    outer loop
      vertex 11.29368694 6.08237003 0.00000000
      vertex 11.29368694 6.08237003 0.20000000
      vertex 11.36394485 6.05530760 0.20000000
    endloop
  endfacet
  facet normal 0.35944367 0.93316678 -0.00000000
    outer loop
      vertex 11.36394485 6.05530760 0.00000000
      vertex 11.29368694 6.08237003 0.00000000
      vertex 11.36394485 6.05530760 0.20000000
    endloop
  endfacet
  facet normal 0.33550134 0.94203973 -0.00000000
    outer loop
      vertex 11.22259574 6.10768869 0.00000000
      vertex 11.22259574 6.10768869 0.20000000
      vertex 11.29368694 6.08237003 0.20000000
    endloop
  endfacet
  facet normal 0.33550134 0.94203973 -0.00000000
    outer loop
      vertex 11.29368694 6.08237003 0.00000000
      vertex 11.22259574 6.10768869 0.00000000
      vertex 11.29368694 6.08237003 0.20000000
    endloop
  endfacet
  facet normal 0.31145114 0.95026217 -0.00000000
    outer loop
      vertex 11.15066246 6.13126503 0.00000000
      vertex 11.15066246 6.13126503 0.20000000
      vertex 11.22259574 6.10768869 0.20000000
    endloop
  endfacet
  facet normal 0.31145114 0.95026217 -0.00000000
    outer loop
      vertex 11.22259574 6.10768869 0.00000000
      vertex 11.15066246 6.13126503 0.00000000
      vertex 11.22259574 6.10768869 0.20000000
    endloop
  endfacet
  facet normal 0.28734194 0.95782807 -0.00000000
    outer loop
      vertex 11.07787833 6.15309978 0.00000000
      vertex 11.07787833 6.15309978 0.20000000
      vertex 11.15066246 6.13126503 0.20000000
    endloop
  endfacet
  facet normal 0.28734194 0.95782807 -0.00000000
    outer loop
      vertex 11.15066246 6.13126503 0.00000000
      vertex 11.07787833 6.15309978 0.00000000
      vertex 11.15066246 6.13126503 0.20000000
    endloop
  endfacet
  facet normal 0.26322207 0.96473527 -0.00000000
    outer loop
      vertex 11.00423474 6.17319298 0.00000000
      vertex 11.00423474 6.17319298 0.20000000
      vertex 11.07787833 6.15309978 0.20000000
    endloop
  endfacet
  facet normal 0.26322207 0.96473527 -0.00000000
    outer loop
      vertex 11.07787833 6.15309978 0.00000000
      vertex 11.00423474 6.17319298 0.00000000
      vertex 11.07787833 6.15309978 0.20000000
    endloop
  endfacet
  facet normal 0.23913889 0.97098537 -0.00000000
    outer loop
      vertex 10.92972327 6.19154402 0.00000000
      vertex 10.92972327 6.19154402 0.20000000
      vertex 11.00423474 6.17319298 0.20000000
    endloop
  endfacet
  facet normal 0.23913889 0.97098537 -0.00000000
    outer loop
      vertex 11.00423474 6.17319298 0.00000000
      vertex 10.92972327 6.19154402 0.00000000
      vertex 11.00423474 6.17319298 0.20000000
    endloop
  endfacet
  facet normal 0.21513837 0.97658358 -0.00000000
    outer loop
      vertex 10.85433582 6.20815164 0.00000000
      vertex 10.85433582 6.20815164 0.20000000
      vertex 10.92972327 6.19154402 0.20000000
    endloop
  endfacet
  facet normal 0.21513837 0.97658358 -0.00000000
    outer loop
      vertex 10.92972327 6.19154402 0.00000000
      vertex 10.85433582 6.20815164 0.00000000
      vertex 10.92972327 6.19154402 0.20000000
    endloop
  endfacet
  facet normal 0.19126471 0.98153849 -0.00000000
    outer loop
      vertex 10.77806459 6.22301402 0.00000000
      vertex 10.77806459 6.22301402 0.20000000
      vertex 10.85433582 6.20815164 0.20000000
    endloop
  endfacet
  facet normal 0.19126471 0.98153849 -0.00000000
    outer loop
      vertex 10.85433582 6.20815164 0.00000000
      vertex 10.77806459 6.22301402 0.00000000
      vertex 10.85433582 6.20815164 0.20000000
    endloop
  endfacet
  facet normal 0.16755999 0.98586188 -0.00000000
    outer loop
      vertex 10.70090224 6.23612876 0.00000000
      vertex 10.70090224 6.23612876 0.20000000
      vertex 10.77806459 6.22301402 0.20000000
    endloop
  endfacet
  facet normal 0.16755999 0.98586188 -0.00000000
    outer loop
      vertex 10.77806459 6.22301402 0.00000000
      vertex 10.70090224 6.23612876 0.00000000
      vertex 10.77806459 6.22301402 0.20000000
    endloop
  endfacet
  facet normal 0.14406391 0.98956839 -0.00000000
    outer loop
      vertex 10.62284185 6.24749299 0.00000000
      vertex 10.62284185 6.24749299 0.20000000
      vertex 10.70090224 6.23612876 0.20000000
    endloop
  endfacet
  facet normal 0.14406391 0.98956839 -0.00000000
    outer loop
      vertex 10.70090224 6.23612876 0.00000000
      vertex 10.62284185 6.24749299 0.00000000
      vertex 10.70090224 6.23612876 0.20000000
    endloop
  endfacet
  facet normal 0.12081351 0.99267522 -0.00000000
    outer loop
      vertex 10.54387699 6.25710341 0.00000000
      vertex 10.54387699 6.25710341 0.20000000
      vertex 10.62284185 6.24749299 0.20000000
    endloop
  endfacet
  facet normal 0.12081351 0.99267522 -0.00000000
    outer loop
      vertex 10.62284185 6.24749299 0.00000000
      vertex 10.54387699 6.25710341 0.00000000
      vertex 10.62284185 6.24749299 0.20000000
    endloop
  endfacet
  facet normal 0.09784303 0.99520186 -0.00000000
    outer loop
      vertex 10.46400178 6.26495632 0.00000000
      vertex 10.46400178 6.26495632 0.20000000
      vertex 10.54387699 6.25710341 0.20000000
    endloop
  endfacet
  facet normal 0.09784303 0.99520186 -0.00000000
    outer loop
      vertex 10.54387699 6.25710341 0.00000000
      vertex 10.46400178 6.26495632 0.00000000
      vertex 10.54387699 6.25710341 0.20000000
    endloop
  endfacet
  facet normal 0.07518376 0.99716970 -0.00000000
    outer loop
      vertex 10.38321085 6.27104773 0.00000000
      vertex 10.38321085 6.27104773 0.20000000
      vertex 10.46400178 6.26495632 0.20000000
    endloop
  endfacet
  facet normal 0.07518376 0.99716970 -0.00000000
    outer loop
      vertex 10.46400178 6.26495632 0.00000000
      vertex 10.38321085 6.27104773 0.00000000
      vertex 10.46400178 6.26495632 0.20000000
    endloop
  endfacet
  facet normal 0.05286397 0.99860172 -0.00000000
    outer loop
      vertex 10.30051628 6.27542541 0.00000000
      vertex 10.30051628 6.27542541 0.20000000
      vertex 10.38321085 6.27104773 0.20000000
    endloop
  endfacet
  facet normal 0.05286397 0.99860172 -0.00000000
    outer loop
      vertex 10.38321085 6.27104773 0.00000000
      vertex 10.30051628 6.27542541 0.00000000
      vertex 10.38321085 6.27104773 0.20000000
    endloop
  endfacet
  facet normal 0.04183938 0.99912435 -0.00000000
    outer loop
      vertex 9.21726446 6.32078771 0.00000000
      vertex 9.21726446 6.32078771 0.20000000
      vertex 10.30051628 6.27542541 0.20000000
    endloop
  endfacet
  facet normal 0.04183938 0.99912435 -0.00000000
    outer loop
      vertex 10.30051628 6.27542541 0.00000000
      vertex 9.21726446 6.32078771 0.00000000
      vertex 10.30051628 6.27542541 0.20000000
    endloop
  endfacet
  facet normal 0.03081828 0.99952500 -0.00000000
    outer loop
      vertex 9.09481570 6.32456317 0.00000000
      vertex 9.09481570 6.32456317 0.20000000
      vertex 9.21726446 6.32078771 0.20000000
    endloop
  endfacet
  facet normal 0.03081828 0.99952500 -0.00000000
    outer loop
      vertex 9.21726446 6.32078771 0.00000000
      vertex 9.09481570 6.32456317 0.00000000
      vertex 9.21726446 6.32078771 0.20000000
    endloop
  endfacet
  facet normal 0.00847489 0.99996409 -0.00000000
    outer loop
      vertex 8.97444081 6.32558337 0.00000000
      vertex 8.97444081 6.32558337 0.20000000
      vertex 9.09481570 6.32456317 0.20000000
    endloop
  endfacet
  facet normal 0.00847489 0.99996409 -0.00000000
    outer loop
      vertex 9.09481570 6.32456317 0.00000000
      vertex 8.97444081 6.32558337 0.00000000
      vertex 9.09481570 6.32456317 0.20000000
    endloop
  endfacet
  facet normal -0.01425056 0.99989846 0.00000000
    outer loop
      vertex 8.85515208 6.32388327 0.00000000
      vertex 8.85515208 6.32388327 0.20000000
      vertex 8.97444081 6.32558337 0.20000000
    endloop
  endfacet
  facet normal -0.01425056 0.99989846 0.00000000
    outer loop
      vertex 8.97444081 6.32558337 0.00000000
      vertex 8.85515208 6.32388327 0.00000000
      vertex 8.97444081 6.32558337 0.20000000
    endloop
  endfacet
  facet normal -0.03733187 0.99930292 0.00000000
    outer loop
      vertex 8.73694454 6.31946728 0.00000000
      vertex 8.73694454 6.31946728 0.20000000
      vertex 8.85515208 6.32388327 0.20000000
    endloop
  endfacet
  facet normal -0.03733187 0.99930292 0.00000000
    outer loop
      vertex 8.85515208 6.32388327 0.00000000
      vertex 8.73694454 6.31946728 0.00000000
      vertex 8.85515208 6.32388327 0.20000000
    endloop
  endfacet
  facet normal -0.06073971 0.99815364 0.00000000
    outer loop
      vertex 8.61981260 6.31233956 0.00000000
      vertex 8.61981260 6.31233956 0.20000000
      vertex 8.73694454 6.31946728 0.20000000
    endloop
  endfacet
  facet normal -0.06073971 0.99815364 0.00000000
    outer loop
      vertex 8.73694454 6.31946728 0.00000000
      vertex 8.61981260 6.31233956 0.00000000
      vertex 8.73694454 6.31946728 0.20000000
    endloop
  endfacet
  facet normal -0.08444168 0.99642842 0.00000000
    outer loop
      vertex 8.50375018 6.30250393 0.00000000
      vertex 8.50375018 6.30250393 0.20000000
      vertex 8.61981260 6.31233956 0.20000000
    endloop
  endfacet
  facet normal -0.08444168 0.99642842 0.00000000
    outer loop
      vertex 8.61981260 6.31233956 0.00000000
      vertex 8.50375018 6.30250393 0.00000000
      vertex 8.61981260 6.31233956 0.20000000
    endloop
  endfacet
  facet normal -0.10840236 0.99410710 0.00000000
    outer loop
      vertex 8.38875064 6.28996381 0.00000000
      vertex 8.38875064 6.28996381 0.20000000
      vertex 8.50375018 6.30250393 0.20000000
    endloop
  endfacet
  facet normal -0.10840236 0.99410710 0.00000000
    outer loop
      vertex 8.50375018 6.30250393 0.00000000
      vertex 8.38875064 6.28996381 0.00000000
      vertex 8.50375018 6.30250393 0.20000000
    endloop
  endfacet
  facet normal -0.13258355 0.99117183 0.00000000
    outer loop
      vertex 8.27480686 6.27472218 0.00000000
      vertex 8.27480686 6.27472218 0.20000000
      vertex 8.38875064 6.28996381 0.20000000
    endloop
  endfacet
  facet normal -0.13258355 0.99117183 0.00000000
    outer loop
      vertex 8.38875064 6.28996381 0.00000000
      vertex 8.27480686 6.27472218 0.00000000
      vertex 8.38875064 6.28996381 0.20000000
    endloop
  endfacet
  facet normal -0.15694439 0.98760744 0.00000000
    outer loop
      vertex 8.16191128 6.25678152 0.00000000
      vertex 8.16191128 6.25678152 0.20000000
      vertex 8.27480686 6.27472218 0.20000000
    endloop
  endfacet
  facet normal -0.15694439 0.98760744 0.00000000
    outer loop
      vertex 8.27480686 6.27472218 0.00000000
      vertex 8.16191128 6.25678152 0.00000000
      vertex 8.27480686 6.27472218 0.20000000
    endloop
  endfacet
  facet normal -0.18144170 0.98340170 0.00000000
    outer loop
      vertex 8.05005592 6.23614374 0.00000000
      vertex 8.05005592 6.23614374 0.20000000
      vertex 8.16191128 6.25678152 0.20000000
    endloop
  endfacet
  facet normal -0.18144170 0.98340170 0.00000000
    outer loop
      vertex 8.16191128 6.25678152 0.00000000
      vertex 8.05005592 6.23614374 0.00000000
      vertex 8.16191128 6.25678152 0.20000000
    endloop
  endfacet
  facet normal -0.20603023 0.97854563 0.00000000
    outer loop
      vertex 7.93923248 6.21281016 0.00000000
      vertex 7.93923248 6.21281016 0.20000000
      vertex 8.05005592 6.23614374 0.20000000
    endloop
  endfacet
  facet normal -0.20603023 0.97854563 0.00000000
    outer loop
      vertex 8.05005592 6.23614374 0.00000000
      vertex 7.93923248 6.21281016 0.00000000
      vertex 8.05005592 6.23614374 0.20000000
    endloop
  endfacet
  facet normal -0.23066307 0.97303368 0.00000000
    outer loop
      vertex 7.82943241 6.18678144 0.00000000
      vertex 7.82943241 6.18678144 0.20000000
      vertex 7.93923248 6.21281016 0.20000000
    endloop
  endfacet
  facet normal -0.23066307 0.97303368 0.00000000
    outer loop
      vertex 7.93923248 6.21281016 0.00000000
      vertex 7.82943241 6.18678144 0.00000000
      vertex 7.93923248 6.21281016 0.20000000
    endloop
  endfacet
  facet normal -0.25529202 0.96686399 0.00000000
    outer loop
      vertex 7.72064694 6.15805758 0.00000000
      vertex 7.72064694 6.15805758 0.20000000
      vertex 7.82943241 6.18678144 0.20000000
    endloop
  endfacet
  facet normal -0.25529202 0.96686399 0.00000000
    outer loop
      vertex 7.82943241 6.18678144 0.00000000
      vertex 7.72064694 6.15805758 0.00000000
      vertex 7.82943241 6.18678144 0.20000000
    endloop
  endfacet
  facet normal -0.27986805 0.96003847 0.00000000
    outer loop
      vertex 7.61286720 6.12663790 0.00000000
      vertex 7.61286720 6.12663790 0.20000000
      vertex 7.72064694 6.15805758 0.20000000
    endloop
  endfacet
  facet normal -0.27986805 0.96003847 0.00000000
    outer loop
      vertex 7.72064694 6.15805758 0.00000000
      vertex 7.61286720 6.12663790 0.00000000
      vertex 7.72064694 6.15805758 0.20000000
    endloop
  endfacet
  facet normal -0.30434177 0.95256291 0.00000000
    outer loop
      vertex 7.50608432 6.09252100 0.00000000
      vertex 7.50608432 6.09252100 0.20000000
      vertex 7.61286720 6.12663790 0.20000000
    endloop
  endfacet
  facet normal -0.30434177 0.95256291 0.00000000
    outer loop
      vertex 7.61286720 6.12663790 0.00000000
      vertex 7.50608432 6.09252100 0.00000000
      vertex 7.61286720 6.12663790 0.20000000
    endloop
  endfacet
  facet normal -0.32866388 0.94444696 0.00000000
    outer loop
      vertex 7.40028945 6.05570479 0.00000000
      vertex 7.40028945 6.05570479 0.20000000
      vertex 7.50608432 6.09252100 0.20000000
    endloop
  endfacet
  facet normal -0.32866388 0.94444696 0.00000000
    outer loop
      vertex 7.50608432 6.09252100 0.00000000
      vertex 7.40028945 6.05570479 0.00000000
      vertex 7.50608432 6.09252100 0.20000000
    endloop
  endfacet
  facet normal -0.35278571 0.93570414 0.00000000
    outer loop
      vertex 7.29547394 6.01618652 0.00000000
      vertex 7.29547394 6.01618652 0.20000000
      vertex 7.40028945 6.05570479 0.20000000
    endloop
  endfacet
  facet normal -0.35278571 0.93570414 0.00000000
    outer loop
      vertex 7.40028945 6.05570479 0.00000000
      vertex 7.29547394 6.01618652 0.00000000
      vertex 7.40028945 6.05570479 0.20000000
    endloop
  endfacet
  facet normal -0.37665966 0.92635171 0.00000000
    outer loop
      vertex 7.19162934 5.97396274 0.00000000
      vertex 7.19162934 5.97396274 0.20000000
      vertex 7.29547394 6.01618652 0.20000000
    endloop
  endfacet
  facet normal -0.37665966 0.92635171 0.00000000
    outer loop
      vertex 7.29547394 6.01618652 0.00000000
      vertex 7.19162934 5.97396274 0.00000000
      vertex 7.29547394 6.01618652 0.20000000
    endloop
  endfacet
  facet normal -0.40023971 0.91641048 0.00000000
    outer loop
      vertex 7.08874755 5.92902940 0.00000000
      vertex 7.08874755 5.92902940 0.20000000
      vertex 7.19162934 5.97396274 0.20000000
    endloop
  endfacet
  facet normal -0.40023971 0.91641048 0.00000000
    outer loop
      vertex 7.19162934 5.97396274 0.00000000
      vertex 7.08874755 5.92902940 0.00000000
      vertex 7.19162934 5.97396274 0.20000000
    endloop
  endfacet
  facet normal -0.42348182 0.90590460 0.00000000
    outer loop
      vertex 6.98682084 5.88138188 0.00000000
      vertex 6.98682084 5.88138188 0.20000000
      vertex 7.08874755 5.92902940 0.20000000
    endloop
  endfacet
  facet normal -0.42348182 0.90590460 0.00000000
    outer loop
      vertex 7.08874755 5.92902940 0.00000000
      vertex 6.98682084 5.88138188 0.00000000
      vertex 7.08874755 5.92902940 0.20000000
    endloop
  endfacet
  facet normal -0.44634435 0.89486129 0.00000000
    outer loop
      vertex 6.88584198 5.83101503 0.00000000
      vertex 6.88584198 5.83101503 0.20000000
      vertex 6.98682084 5.88138188 0.20000000
    endloop
  endfacet
  facet normal -0.44634435 0.89486129 0.00000000
    outer loop
      vertex 6.98682084 5.88138188 0.00000000
      vertex 6.88584198 5.83101503 0.00000000
      vertex 6.98682084 5.88138188 0.20000000
    endloop
  endfacet
  facet normal -0.46878844 0.88331048 0.00000000
    outer loop
      vertex 6.78580423 5.77792324 0.00000000
      vertex 6.78580423 5.77792324 0.20000000
      vertex 6.88584198 5.83101503 0.20000000
    endloop
  endfacet
  facet normal -0.46878844 0.88331048 0.00000000
    outer loop
      vertex 6.88584198 5.83101503 0.00000000
      vertex 6.78580423 5.77792324 0.00000000
      vertex 6.88584198 5.83101503 0.20000000
    endloop
  endfacet
  facet normal -0.49077828 0.87128450 0.00000000
    outer loop
      vertex 6.68670146 5.72210049 0.00000000
      vertex 6.68670146 5.72210049 0.20000000
      vertex 6.78580423 5.77792324 0.20000000
    endloop
  endfacet
  facet normal -0.49077828 0.87128450 0.00000000
    outer loop
      vertex 6.78580423 5.77792324 0.00000000
      vertex 6.68670146 5.72210049 0.00000000
      vertex 6.78580423 5.77792324 0.20000000
    endloop
  endfacet
  facet normal -0.51228140 0.85881766 0.00000000
    outer loop
      vertex 6.58852811 5.66354048 0.00000000
      vertex 6.58852811 5.66354048 0.20000000
      vertex 6.68670146 5.72210049 0.20000000
    endloop
  endfacet
  facet normal -0.51228140 0.85881766 0.00000000
    outer loop
      vertex 6.68670146 5.72210049 0.00000000
      vertex 6.58852811 5.66354048 0.00000000
      vertex 6.68670146 5.72210049 0.20000000
    endloop
  endfacet
  facet normal -0.53326883 0.84594584 0.00000000
    outer loop
      vertex 6.49127932 5.60223661 0.00000000
      vertex 6.49127932 5.60223661 0.20000000
      vertex 6.58852811 5.66354048 0.20000000
    endloop
  endfacet
  facet normal -0.53326883 0.84594584 0.00000000
    outer loop
      vertex 6.58852811 5.66354048 0.00000000
      vertex 6.49127932 5.60223661 0.00000000
      vertex 6.58852811 5.66354048 0.20000000
    endloop
  endfacet
  facet normal -0.55371522 0.83270611 0.00000000
    outer loop
      vertex 6.39495085 5.53818215 0.00000000
      vertex 6.39495085 5.53818215 0.20000000
      vertex 6.49127932 5.60223661 0.20000000
    endloop
  endfacet
  facet normal -0.55371522 0.83270611 0.00000000
    outer loop
      vertex 6.49127932 5.60223661 0.00000000
      vertex 6.39495085 5.53818215 0.00000000
      vertex 6.49127932 5.60223661 0.20000000
    endloop
  endfacet
  facet normal -0.57359895 0.81913628 0.00000000
    outer loop
      vertex 6.29953914 5.47137024 0.00000000
      vertex 6.29953914 5.47137024 0.20000000
      vertex 6.39495085 5.53818215 0.20000000
    endloop
  endfacet
  facet normal -0.57359895 0.81913628 0.00000000
    outer loop
      vertex 6.39495085 5.53818215 0.00000000
      vertex 6.29953914 5.47137024 0.00000000
      vertex 6.39495085 5.53818215 0.20000000
    endloop
  endfacet
  facet normal -0.59290210 0.80527455 0.00000000
    outer loop
      vertex 6.20504130 5.40179401 0.00000000
      vertex 6.20504130 5.40179401 0.20000000
      vertex 6.29953914 5.47137024 0.20000000
    endloop
  endfacet
  facet normal -0.59290210 0.80527455 0.00000000
    outer loop
      vertex 6.29953914 5.47137024 0.00000000
      vertex 6.20504130 5.40179401 0.00000000
      vertex 6.29953914 5.47137024 0.20000000
    endloop
  endfacet
  facet normal -0.61161043 0.79115907 0.00000000
    outer loop
      vertex 6.11145508 5.32944661 0.00000000
      vertex 6.11145508 5.32944661 0.20000000
      vertex 6.20504130 5.40179401 0.20000000
    endloop
  endfacet
  facet normal -0.61161043 0.79115907 0.00000000
    outer loop
      vertex 6.20504130 5.40179401 0.00000000
      vertex 6.11145508 5.32944661 0.00000000
      vertex 6.20504130 5.40179401 0.20000000
    endloop
  endfacet
  facet normal -0.62971326 0.77682766 0.00000000
    outer loop
      vertex 6.01877889 5.25432129 0.00000000
      vertex 6.01877889 5.25432129 0.20000000
      vertex 6.11145508 5.32944661 0.20000000
    endloop
  endfacet
  facet normal -0.62971326 0.77682766 0.00000000
    outer loop
      vertex 6.11145508 5.32944661 0.00000000
      vertex 6.01877889 5.25432129 0.00000000
      vertex 6.11145508 5.32944661 0.20000000
    endloop
  endfacet
  facet normal -0.64720334 0.76231741 0.00000000
    outer loop
      vertex 5.92701172 5.17641146 0.00000000
      vertex 5.92701172 5.17641146 0.20000000
      vertex 6.01877889 5.25432129 0.20000000
    endloop
  endfacet
  facet normal -0.64720334 0.76231741 0.00000000
    outer loop
      vertex 6.01877889 5.25432129 0.00000000
      vertex 5.92701172 5.17641146 0.00000000
      vertex 6.01877889 5.25432129 0.20000000
    endloop
  endfacet
  facet normal -0.66407671 0.74766445 0.00000000
    outer loop
      vertex 5.83541763 5.09505745 0.00000000
      vertex 5.83541763 5.09505745 0.20000000
      vertex 5.92701172 5.17641146 0.20000000
    endloop
  endfacet
  facet normal -0.66407671 0.74766445 0.00000000
    outer loop
      vertex 5.92701172 5.17641146 0.00000000
      vertex 5.83541763 5.09505745 0.00000000
      vertex 5.92701172 5.17641146 0.20000000
    endloop
  endfacet
  facet normal -0.67228172 0.74029540 0.00000000
    outer loop
      vertex 3.89829691 3.33590719 0.00000000
      vertex 3.89829691 3.33590719 0.20000000
      vertex 5.83541763 5.09505745 0.20000000
    endloop
  endfacet
  facet normal -0.67228172 0.74029540 0.00000000
    outer loop
      vertex 5.83541763 5.09505745 0.00000000
      vertex 3.89829691 3.33590719 0.00000000
      vertex 5.83541763 5.09505745 0.20000000
    endloop
  endfacet
  facet normal -0.66519091 0.74667332 0.00000000
    outer loop
      vertex 3.74762789 3.20168026 0.00000000
      vertex 3.74762789 3.20168026 0.20000000
      vertex 3.89829691 3.33590719 0.20000000
    endloop
  endfacet
  facet normal -0.66519091 0.74667332 0.00000000
    outer loop
      vertex 3.89829691 3.33590719 0.00000000
      vertex 3.74762789 3.20168026 0.00000000
      vertex 3.89829691 3.33590719 0.20000000
    endloop
  endfacet
  facet normal -0.65069232 0.75934149 0.00000000
    outer loop
      vertex 3.59464604 3.07058757 0.00000000
      vertex 3.59464604 3.07058757 0.20000000
      vertex 3.74762789 3.20168026 0.20000000
    endloop
  endfacet
  facet normal -0.65069232 0.75934149 0.00000000
    outer loop
      vertex 3.74762789 3.20168026 0.00000000
      vertex 3.59464604 3.07058757 0.00000000
      vertex 3.74762789 3.20168026 0.20000000
    endloop
  endfacet
  facet normal -0.63577453 0.77187482 0.00000000
    outer loop
      vertex 3.43998901 2.94320034 0.00000000
      vertex 3.43998901 2.94320034 0.20000000
      vertex 3.59464604 3.07058757 0.20000000
    endloop
  endfacet
  facet normal -0.63577453 0.77187482 0.00000000
    outer loop
      vertex 3.59464604 3.07058757 0.00000000
      vertex 3.43998901 2.94320034 0.00000000
      vertex 3.59464604 3.07058757 0.20000000
    endloop
  endfacet
  facet normal -0.62044307 0.78425149 0.00000000
    outer loop
      vertex 3.28365797 2.81952252 0.00000000
      vertex 3.28365797 2.81952252 0.20000000
      vertex 3.43998901 2.94320034 0.20000000
    endloop
  endfacet
  facet normal -0.62044307 0.78425149 0.00000000
    outer loop
      vertex 3.43998901 2.94320034 0.00000000
      vertex 3.28365797 2.81952252 0.00000000
      vertex 3.43998901 2.94320034 0.20000000
    endloop
  endfacet
  facet normal -0.60470514 0.79644943 0.00000000
    outer loop
      vertex 3.12565435 2.69955810 0.00000000
      vertex 3.12565435 2.69955810 0.20000000
      vertex 3.28365797 2.81952252 0.20000000
    endloop
  endfacet
  facet normal -0.60470514 0.79644943 0.00000000
    outer loop
      vertex 3.28365797 2.81952252 0.00000000
      vertex 3.12565435 2.69955810 0.00000000
      vertex 3.28365797 2.81952252 0.20000000
    endloop
  endfacet
  facet normal -0.58856965 0.80844651 0.00000000
    outer loop
      vertex 2.96597992 2.58331105 0.00000000
      vertex 2.96597992 2.58331105 0.20000000
      vertex 3.12565435 2.69955810 0.20000000
    endloop
  endfacet
  facet normal -0.58856965 0.80844651 0.00000000
    outer loop
      vertex 3.12565435 2.69955810 0.00000000
      vertex 2.96597992 2.58331105 0.00000000
      vertex 3.12565435 2.69955810 0.20000000
    endloop
  endfacet
  facet normal -0.57204727 0.82022066 0.00000000
    outer loop
      vertex 2.80463676 2.47078533 0.00000000
      vertex 2.80463676 2.47078533 0.20000000
      vertex 2.96597992 2.58331105 0.20000000
    endloop
  endfacet
  facet normal -0.57204727 0.82022066 0.00000000
    outer loop
      vertex 2.96597992 2.58331105 0.00000000
      vertex 2.80463676 2.47078533 0.00000000
      vertex 2.96597992 2.58331105 0.20000000
    endloop
  endfacet
  facet normal -0.55515039 0.83174999 0.00000000
    outer loop
      vertex 2.64162725 2.36198486 0.00000000
      vertex 2.64162725 2.36198486 0.20000000
      vertex 2.80463676 2.47078533 0.20000000
    endloop
  endfacet
  facet normal -0.55515039 0.83174999 0.00000000
    outer loop
      vertex 2.80463676 2.47078533 0.00000000
      vertex 2.64162725 2.36198486 0.00000000
      vertex 2.80463676 2.47078533 0.20000000
    endloop
  endfacet
  facet normal -0.53789316 0.84301302 0.00000000
    outer loop
      vertex 2.47695409 2.25691345 0.00000000
      vertex 2.47695409 2.25691345 0.20000000
      vertex 2.64162725 2.36198486 0.20000000
    endloop
  endfacet
  facet normal -0.53789316 0.84301302 0.00000000
    outer loop
      vertex 2.64162725 2.36198486 0.00000000
      vertex 2.47695409 2.25691345 0.00000000
      vertex 2.64162725 2.36198486 0.20000000
    endloop
  endfacet
  facet normal -0.52029143 0.85398878 0.00000000
    outer loop
      vertex 2.31062028 2.15557482 0.00000000
      vertex 2.31062028 2.15557482 0.20000000
      vertex 2.47695409 2.25691345 0.20000000
    endloop
  endfacet
  facet normal -0.52029143 0.85398878 0.00000000
    outer loop
      vertex 2.47695409 2.25691345 0.00000000
      vertex 2.31062028 2.15557482 0.00000000
      vertex 2.47695409 2.25691345 0.20000000
    endloop
  endfacet
  facet normal -0.50236270 0.86465699 0.00000000
    outer loop
      vertex 2.14262913 2.05797254 0.00000000
      vertex 2.14262913 2.05797254 0.20000000
      vertex 2.31062028 2.15557482 0.20000000
    endloop
  endfacet
  facet normal -0.50236270 0.86465699 0.00000000
    outer loop
      vertex 2.31062028 2.15557482 0.00000000
      vertex 2.14262913 2.05797254 0.00000000
      vertex 2.31062028 2.15557482 0.20000000
    endloop
  endfacet
  facet normal -0.48412608 0.87499825 0.00000000
    outer loop
      vertex 1.97298420 1.96411003 0.00000000
      vertex 1.97298420 1.96411003 0.20000000
      vertex 2.14262913 2.05797254 0.20000000
    endloop
  endfacet
  facet normal -0.48412608 0.87499825 0.00000000
    outer loop
      vertex 2.14262913 2.05797254 0.00000000
      vertex 1.97298420 1.96411003 0.00000000
      vertex 2.14262913 2.05797254 0.20000000
    endloop
  endfacet
  facet normal -0.46560218 0.88499413 0.00000000
    outer loop
      vertex 1.80168933 1.87399049 0.00000000
      vertex 1.80168933 1.87399049 0.20000000
      vertex 1.97298420 1.96411003 0.20000000
    endloop
  endfacet
  facet normal -0.46560218 0.88499413 0.00000000
    outer loop
      vertex 1.97298420 1.96411003 0.00000000
      vertex 1.80168933 1.87399049 0.00000000
      vertex 1.97298420 1.96411003 0.20000000
    endloop
  endfacet
  facet normal -0.44681298 0.89462739 0.00000000
    outer loop
      vertex 1.62874860 1.78761692 0.00000000
      vertex 1.62874860 1.78761692 0.20000000
      vertex 1.80168933 1.87399049 0.20000000
    endloop
  endfacet
  facet normal -0.44681298 0.89462739 0.00000000
    outer loop
      vertex 1.80168933 1.87399049 0.00000000
      vertex 1.62874860 1.78761692 0.00000000
      vertex 1.80168933 1.87399049 0.20000000
    endloop
  endfacet
  facet normal -0.42778177 0.90388205 0.00000000
    outer loop
      vertex 1.45416630 1.70499206 0.00000000
      vertex 1.45416630 1.70499206 0.20000000
      vertex 1.62874860 1.78761692 0.20000000
    endloop
  endfacet
  facet normal -0.42778177 0.90388205 0.00000000
    outer loop
      vertex 1.62874860 1.78761692 0.00000000
      vertex 1.45416630 1.70499206 0.00000000
      vertex 1.62874860 1.78761692 0.20000000
    endloop
  endfacet
  facet normal -0.40853295 0.91274357 0.00000000
    outer loop
      vertex 1.27794692 1.62611840 0.00000000
      vertex 1.27794692 1.62611840 0.20000000
      vertex 1.45416630 1.70499206 0.20000000
    endloop
  endfacet
  facet normal -0.40853295 0.91274357 0.00000000
    outer loop
      vertex 1.45416630 1.70499206 0.00000000
      vertex 1.27794692 1.62611840 0.00000000
      vertex 1.45416630 1.70499206 0.20000000
    endloop
  endfacet
  facet normal -0.38909191 0.92119894 0.00000000
    outer loop
      vertex 1.10009510 1.55099814 0.00000000
      vertex 1.10009510 1.55099814 0.20000000
      vertex 1.27794692 1.62611840 0.20000000
    endloop
  endfacet
  facet normal -0.38909191 0.92119894 0.00000000
    outer loop
      vertex 1.27794692 1.62611840 0.00000000
      vertex 1.10009510 1.55099814 0.00000000
      vertex 1.27794692 1.62611840 0.20000000
    endloop
  endfacet
  facet normal -0.36948485 0.92923676 0.00000000
    outer loop
      vertex 0.92061561 1.47963317 0.00000000
      vertex 0.92061561 1.47963317 0.20000000
      vertex 1.10009510 1.55099814 0.20000000
    endloop
  endfacet
  facet normal -0.36948485 0.92923676 0.00000000
    outer loop
      vertex 1.10009510 1.55099814 0.00000000
      vertex 0.92061561 1.47963317 0.00000000
      vertex 1.10009510 1.55099814 0.20000000
    endloop
  endfacet
  facet normal -0.34973858 0.93684733 0.00000000
    outer loop
      vertex 0.73951332 1.41202508 0.00000000
      vertex 0.73951332 1.41202508 0.20000000
      vertex 0.92061561 1.47963317 0.20000000
    endloop
  endfacet
  facet normal -0.34973858 0.93684733 0.00000000
    outer loop
      vertex 0.92061561 1.47963317 0.00000000
      vertex 0.73951332 1.41202508 0.00000000
      vertex 0.92061561 1.47963317 0.20000000
    endloop
  endfacet
  facet normal -0.32988041 0.94402273 0.00000000
    outer loop
      vertex 0.55679319 1.34817515 0.00000000
      vertex 0.55679319 1.34817515 0.20000000
      vertex 0.73951332 1.41202508 0.20000000
    endloop
  endfacet
  facet normal -0.32988041 0.94402273 0.00000000
    outer loop
      vertex 0.73951332 1.41202508 0.00000000
      vertex 0.55679319 1.34817515 0.00000000
      vertex 0.73951332 1.41202508 0.20000000
    endloop
  endfacet
  facet normal -0.30993786 0.95075681 0.00000000
    outer loop
      vertex 0.37246016 1.28808430 0.00000000
      vertex 0.37246016 1.28808430 0.20000000
      vertex 0.55679319 1.34817515 0.20000000
    endloop
  endfacet
  facet normal -0.30993786 0.95075681 0.00000000
    outer loop
      vertex 0.55679319 1.34817515 0.00000000
      vertex 0.37246016 1.28808430 0.00000000
      vertex 0.55679319 1.34817515 0.20000000
    endloop
  endfacet
  facet normal -0.28993858 0.95704525 0.00000000
    outer loop
      vertex 0.18651922 1.23175315 0.00000000
      vertex 0.18651922 1.23175315 0.20000000
      vertex 0.37246016 1.28808430 0.20000000
    endloop
  endfacet
  facet normal -0.28993858 0.95704525 0.00000000
    outer loop
      vertex 0.37246016 1.28808430 0.00000000
      vertex 0.18651922 1.23175315 0.00000000
      vertex 0.37246016 1.28808430 0.20000000
    endloop
  endfacet
  facet normal -0.26991007 0.96288554 0.00000000
    outer loop
      vertex -0.00102471 1.17918201 0.00000000
      vertex -0.00102471 1.17918201 0.20000000
      vertex 0.18651922 1.23175315 0.20000000
    endloop
  endfacet
  facet normal -0.26991007 0.96288554 0.00000000
    outer loop
      vertex 0.18651922 1.23175315 0.00000000
      vertex -0.00102471 1.17918201 0.00000000
      vertex 0.18651922 1.23175315 0.20000000
    endloop
  endfacet
  facet normal -0.24987956 0.96827692 0.00000000
    outer loop
      vertex -0.19016678 1.13037083 0.00000000
      vertex -0.19016678 1.13037083 0.20000000
      vertex -0.00102471 1.17918201 0.20000000
    endloop
  endfacet
  facet normal -0.24987956 0.96827692 0.00000000
    outer loop
      vertex -0.00102471 1.17918201 0.00000000
      vertex -0.19016678 1.13037083 0.00000000
      vertex -0.00102471 1.17918201 0.20000000
    endloop
  endfacet
  facet normal -0.22987383 0.97322044 0.00000000
    outer loop
      vertex -0.38090220 1.08531929 0.00000000
      vertex -0.38090220 1.08531929 0.20000000
      vertex -0.19016678 1.13037083 0.20000000
    endloop
  endfacet
  facet normal -0.22987383 0.97322044 0.00000000
    outer loop
      vertex -0.19016678 1.13037083 0.00000000
      vertex -0.38090220 1.08531929 0.00000000
      vertex -0.19016678 1.13037083 0.20000000
    endloop
  endfacet
  facet normal -0.20991901 0.97771878 0.00000000
    outer loop
      vertex -0.57322635 1.04402674 0.00000000
      vertex -0.57322635 1.04402674 0.20000000
      vertex -0.38090220 1.08531929 0.20000000
    endloop
  endfacet
  facet normal -0.20991901 0.97771878 0.00000000
    outer loop
      vertex -0.38090220 1.08531929 0.00000000
      vertex -0.57322635 1.04402674 0.00000000
      vertex -0.38090220 1.08531929 0.20000000
    endloop
  endfacet
  facet normal -0.19004047 0.98177626 0.00000000
    outer loop
      vertex -0.76713474 1.00649228 0.00000000
      vertex -0.76713474 1.00649228 0.20000000
      vertex -0.57322635 1.04402674 0.20000000
    endloop
  endfacet
  facet normal -0.19004047 0.98177626 0.00000000
    outer loop
      vertex -0.57322635 1.04402674 0.00000000
      vertex -0.76713474 1.00649228 0.00000000
      vertex -0.57322635 1.04402674 0.20000000
    endloop
  endfacet
  facet normal -0.17026266 0.98539871 0.00000000
    outer loop
      vertex -0.96262306 0.97271473 0.00000000
      vertex -0.96262306 0.97271473 0.20000000
      vertex -0.76713474 1.00649228 0.20000000
    endloop
  endfacet
  facet normal -0.17026266 0.98539871 0.00000000
    outer loop
      vertex -0.76713474 1.00649228 0.00000000
      vertex -0.96262306 0.97271473 0.00000000
      vertex -0.76713474 1.00649228 0.20000000
    endloop
  endfacet
  facet normal -0.15060900 0.98859341 0.00000000
    outer loop
      vertex -1.15968720 0.94269265 0.00000000
      vertex -1.15968720 0.94269265 0.20000000
      vertex -0.96262306 0.97271473 0.20000000
    endloop
  endfacet
  facet normal -0.15060900 0.98859341 0.00000000
    outer loop
      vertex -0.96262306 0.97271473 0.00000000
      vertex -1.15968720 0.94269265 0.00000000
      vertex -0.96262306 0.97271473 0.20000000
    endloop
  endfacet
  facet normal -0.13110177 0.99136892 0.00000000
    outer loop
      vertex -1.35832325 0.91642439 0.00000000
      vertex -1.35832325 0.91642439 0.20000000
      vertex -1.15968720 0.94269265 0.20000000
    endloop
  endfacet
  facet normal -0.13110177 0.99136892 0.00000000
    outer loop
      vertex -1.15968720 0.94269265 0.00000000
      vertex -1.35832325 0.91642439 0.00000000
      vertex -1.15968720 0.94269265 0.20000000
    endloop
  endfacet
  facet normal -0.11176200 0.99373500 0.00000000
    outer loop
      vertex -1.55852754 0.89390809 0.00000000
      vertex -1.55852754 0.89390809 0.20000000
      vertex -1.35832325 0.91642439 0.20000000
    endloop
  endfacet
  facet normal -0.11176200 0.99373500 0.00000000
    outer loop
      vertex -1.35832325 0.91642439 0.00000000
      vertex -1.55852754 0.89390809 0.00000000
      vertex -1.35832325 0.91642439 0.20000000
    endloop
  endfacet
  facet normal -0.09260944 0.99570251 0.00000000
    outer loop
      vertex -1.75944743 0.87522070 0.00000000
      vertex -1.75944743 0.87522070 0.20000000
      vertex -1.55852754 0.89390809 0.20000000
    endloop
  endfacet
  facet normal -0.09260944 0.99570251 0.00000000
    outer loop
      vertex -1.55852754 0.89390809 0.00000000
      vertex -1.75944743 0.87522070 0.00000000
      vertex -1.55852754 0.89390809 0.20000000
    endloop
  endfacet
  facet normal -0.08310916 0.99654045 0.00000000
    outer loop
      vertex -3.12369740 0.76144541 0.00000000
      vertex -3.12369740 0.76144541 0.20000000
      vertex -1.75944743 0.87522070 0.20000000
    endloop
  endfacet
  facet normal -0.08310916 0.99654045 0.00000000
    outer loop
      vertex -1.75944743 0.87522070 0.00000000
      vertex -3.12369740 0.76144541 0.00000000
      vertex -1.75944743 0.87522070 0.20000000
    endloop
  endfacet
  facet normal -0.07292615 0.99733734 0.00000000
    outer loop
      vertex -3.32733169 0.74655550 0.00000000
      vertex -3.32733169 0.74655550 0.20000000
      vertex -3.12369740 0.76144541 0.20000000
    endloop
  endfacet
  facet normal -0.07292615 0.99733734 0.00000000
    outer loop
      vertex -3.12369740 0.76144541 0.00000000
      vertex -3.32733169 0.74655550 0.00000000
      vertex -3.12369740 0.76144541 0.20000000
    endloop
  endfacet
  facet normal -0.05231383 0.99863069 0.00000000
    outer loop
      vertex -3.53075773 0.73589892 0.00000000
      vertex -3.53075773 0.73589892 0.20000000
      vertex -3.32733169 0.74655550 0.20000000
    endloop
  endfacet
  facet normal -0.05231383 0.99863069 0.00000000
    outer loop
      vertex -3.32733169 0.74655550 0.00000000
      vertex -3.53075773 0.73589892 0.00000000
      vertex -3.32733169 0.74655550 0.20000000
    endloop
  endfacet
  facet normal -0.03138908 0.99950724 0.00000000
    outer loop
      vertex -3.73306194 0.72954564 0.00000000
      vertex -3.73306194 0.72954564 0.20000000
      vertex -3.53075773 0.73589892 0.20000000
    endloop
  endfacet
  facet normal -0.03138908 0.99950724 0.00000000
    outer loop
      vertex -3.53075773 0.73589892 0.00000000
      vertex -3.73306194 0.72954564 0.00000000
      vertex -3.53075773 0.73589892 0.20000000
    endloop
  endfacet
  facet normal -0.01017291 0.99994825 0.00000000
    outer loop
      vertex -3.93424033 0.72749897 0.00000000
      vertex -3.93424033 0.72749897 0.20000000
      vertex -3.73306194 0.72954564 0.20000000
    endloop
  endfacet
  facet normal -0.01017291 0.99994825 0.00000000
    outer loop
      vertex -3.73306194 0.72954564 0.00000000
      vertex -3.93424033 0.72749897 0.00000000
      vertex -3.73306194 0.72954564 0.20000000
    endloop
  endfacet
  facet normal 0.01131157 0.99993602 -0.00000000
    outer loop
      vertex -4.13428857 0.72976197 0.00000000
      vertex -4.13428857 0.72976197 0.20000000
      vertex -3.93424033 0.72749897 0.20000000
    endloop
  endfacet
  facet normal 0.01131157 0.99993602 -0.00000000
    outer loop
      vertex -3.93424033 0.72749897 0.00000000
      vertex -4.13428857 0.72976197 0.00000000
      vertex -3.93424033 0.72749897 0.20000000
    endloop
  endfacet
  facet normal 0.03303920 0.99945406 -0.00000000
    outer loop
      vertex -4.33320195 0.73633750 0.00000000
      vertex -4.33320195 0.73633750 0.20000000
      vertex -4.13428857 0.72976197 0.20000000
    endloop
  endfacet
  facet normal 0.03303920 0.99945406 -0.00000000
    outer loop
      vertex -4.13428857 0.72976197 0.00000000
      vertex -4.33320195 0.73633750 0.00000000
      vertex -4.13428857 0.72976197 0.20000000
    endloop
  endfacet
  facet normal 0.05498284 0.99848730 -0.00000000
    outer loop
      vertex -4.53097540 0.74722812 0.00000000
      vertex -4.53097540 0.74722812 0.20000000
      vertex -4.33320195 0.73633750 0.20000000
    endloop
  endfacet
  facet normal 0.05498284 0.99848730 -0.00000000
    outer loop
      vertex -4.33320195 0.73633750 0.00000000
      vertex -4.53097540 0.74722812 0.00000000
      vertex -4.33320195 0.73633750 0.20000000
    endloop
  endfacet
  facet normal 0.07711350 0.99702232 -0.00000000
    outer loop
      vertex -4.72760357 0.76243609 0.00000000
      vertex -4.72760357 0.76243609 0.20000000
      vertex -4.53097540 0.74722812 0.20000000
    endloop
  endfacet
  facet normal 0.07711350 0.99702232 -0.00000000
    outer loop
      vertex -4.53097540 0.74722812 0.00000000
      vertex -4.72760357 0.76243609 0.00000000
      vertex -4.53097540 0.74722812 0.20000000
    endloop
  endfacet
  facet normal 0.09940047 0.99504751 -0.00000000
    outer loop
      vertex -4.92308077 0.78196332 0.00000000
      vertex -4.92308077 0.78196332 0.20000000
      vertex -4.72760357 0.76243609 0.20000000
    endloop
  endfacet
  facet normal 0.09940047 0.99504751 -0.00000000
    outer loop
      vertex -4.72760357 0.76243609 0.00000000
      vertex -4.92308077 0.78196332 0.00000000
      vertex -4.72760357 0.76243609 0.20000000
    endloop
  endfacet
  facet normal 0.12181150 0.99255325 -0.00000000
    outer loop
      vertex -5.11740108 0.80581136 0.00000000
      vertex -5.11740108 0.80581136 0.20000000
      vertex -4.92308077 0.78196332 0.20000000
    endloop
  endfacet
  facet normal 0.12181150 0.99255325 -0.00000000
    outer loop
      vertex -4.92308077 0.78196332 0.00000000
      vertex -5.11740108 0.80581136 0.00000000
      vertex -4.92308077 0.78196332 0.20000000
    endloop
  endfacet
  facet normal 0.14431298 0.98953209 -0.00000000
    outer loop
      vertex -5.31055833 0.83398134 0.00000000
      vertex -5.31055833 0.83398134 0.20000000
      vertex -5.11740108 0.80581136 0.20000000
    endloop
  endfacet
  facet normal 0.14431298 0.98953209 -0.00000000
    outer loop
      vertex -5.11740108 0.80581136 0.00000000
      vertex -5.31055833 0.83398134 0.00000000
      vertex -5.11740108 0.80581136 0.20000000
    endloop
  endfacet
  facet normal 0.16687019 0.98597887 -0.00000000
    outer loop
      vertex -5.50254621 0.86647398 0.00000000
      vertex -5.50254621 0.86647398 0.20000000
      vertex -5.31055833 0.83398134 0.20000000
    endloop
  endfacet
  facet normal 0.16687019 0.98597887 -0.00000000
    outer loop
      vertex -5.31055833 0.83398134 0.00000000
      vertex -5.50254621 0.86647398 0.00000000
      vertex -5.31055833 0.83398134 0.20000000
    endloop
  endfacet
  facet normal 0.18944753 0.98189085 -0.00000000
    outer loop
      vertex -5.69335824 0.90328955 0.00000000
      vertex -5.69335824 0.90328955 0.20000000
      vertex -5.50254621 0.86647398 0.20000000
    endloop
  endfacet
  facet normal 0.18944753 0.98189085 -0.00000000
    outer loop
      vertex -5.50254621 0.86647398 0.00000000
      vertex -5.69335824 0.90328955 0.00000000
      vertex -5.50254621 0.86647398 0.20000000
    endloop
  endfacet
  facet normal 0.21200877 0.97726776 -0.00000000
    outer loop
      vertex -5.88298786 0.94442786 0.00000000
      vertex -5.88298786 0.94442786 0.20000000
      vertex -5.69335824 0.90328955 0.20000000
    endloop
  endfacet
  facet normal 0.21200877 0.97726776 -0.00000000
    outer loop
      vertex -5.69335824 0.90328955 0.00000000
      vertex -5.88298786 0.94442786 0.00000000
      vertex -5.69335824 0.90328955 0.20000000
    endloop
  endfacet
  facet normal 0.23451738 0.97211193 -0.00000000
    outer loop
      vertex -6.07142850 0.98988826 0.00000000
      vertex -6.07142850 0.98988826 0.20000000
      vertex -5.88298786 0.94442786 0.20000000
    endloop
  endfacet
  facet normal 0.23451738 0.97211193 -0.00000000
    outer loop
      vertex -5.88298786 0.94442786 0.00000000
      vertex -6.07142850 0.98988826 0.00000000
      vertex -5.88298786 0.94442786 0.20000000
    endloop
  endfacet
  facet normal 0.25693678 0.96642821 -0.00000000
    outer loop
      vertex -6.25867358 1.03966966 0.00000000
      vertex -6.25867358 1.03966966 0.20000000
      vertex -6.07142850 0.98988826 0.20000000
    endloop
  endfacet
  facet normal 0.25693678 0.96642821 -0.00000000
    outer loop
      vertex -6.07142850 0.98988826 0.00000000
      vertex -6.25867358 1.03966966 0.00000000
      vertex -6.07142850 0.98988826 0.20000000
    endloop
  endfacet
  facet normal 0.27923062 0.96022407 -0.00000000
    outer loop
      vertex -6.44471661 1.09377048 0.00000000
      vertex -6.44471661 1.09377048 0.20000000
      vertex -6.25867358 1.03966966 0.20000000
    endloop
  endfacet
  facet normal 0.27923062 0.96022407 -0.00000000
    outer loop
      vertex -6.25867358 1.03966966 0.00000000
      vertex -6.44471661 1.09377048 0.00000000
      vertex -6.25867358 1.03966966 0.20000000
    endloop
  endfacet
  facet normal 0.30136312 0.95350945 -0.00000000
    outer loop
      vertex -6.62955122 1.15218871 0.00000000
      vertex -6.62955122 1.15218871 0.20000000
      vertex -6.44471661 1.09377048 0.20000000
    endloop
  endfacet
  facet normal 0.30136312 0.95350945 -0.00000000
    outer loop
      vertex -6.44471661 1.09377048 0.00000000
      vertex -6.62955122 1.15218871 0.00000000
      vertex -6.44471661 1.09377048 0.20000000
    endloop
  endfacet
  facet normal 0.32329933 0.94629675 -0.00000000
    outer loop
      vertex -6.81317122 1.21492191 0.00000000
      vertex -6.81317122 1.21492191 0.20000000
      vertex -6.62955122 1.15218871 0.20000000
    endloop
  endfacet
  facet normal 0.32329933 0.94629675 -0.00000000
    outer loop
      vertex -6.62955122 1.15218871 0.00000000
      vertex -6.81317122 1.21492191 0.00000000
      vertex -6.62955122 1.15218871 0.20000000
    endloop
  endfacet
  facet normal 0.34500540 0.93860070 -0.00000000
    outer loop
      vertex -6.99557062 1.28196722 0.00000000
      vertex -6.99557062 1.28196722 0.20000000
      vertex -6.81317122 1.21492191 0.20000000
    endloop
  endfacet
  facet normal 0.34500540 0.93860070 -0.00000000
    outer loop
      vertex -6.81317122 1.21492191 0.00000000
      vertex -6.99557062 1.28196722 0.00000000
      vertex -6.81317122 1.21492191 0.20000000
    endloop
  endfacet
  facet normal 0.36644885 0.93043820 -0.00000000
    outer loop
      vertex -7.17674372 1.35332142 0.00000000
      vertex -7.17674372 1.35332142 0.20000000
      vertex -6.99557062 1.28196722 0.20000000
    endloop
  endfacet
  facet normal 0.36644885 0.93043820 -0.00000000
    outer loop
      vertex -6.99557062 1.28196722 0.00000000
      vertex -7.17674372 1.35332142 0.00000000
      vertex -6.99557062 1.28196722 0.20000000
    endloop
  endfacet
  facet normal 0.38759880 0.92182817 -0.00000000
    outer loop
      vertex -7.35668514 1.42898094 0.00000000
      vertex -7.35668514 1.42898094 0.20000000
      vertex -7.17674372 1.35332142 0.20000000
    endloop
  endfacet
  facet normal 0.38759880 0.92182817 -0.00000000
    outer loop
      vertex -7.17674372 1.35332142 0.00000000
      vertex -7.35668514 1.42898094 0.00000000
      vertex -7.17674372 1.35332142 0.20000000
    endloop
  endfacet
  facet normal 0.40842618 0.91279135 -0.00000000
    outer loop
      vertex -7.53538980 1.50894189 0.00000000
      vertex -7.53538980 1.50894189 0.20000000
      vertex -7.35668514 1.42898094 0.20000000
    endloop
  endfacet
  facet normal 0.40842618 0.91279135 -0.00000000
    outer loop
      vertex -7.35668514 1.42898094 0.00000000
      vertex -7.53538980 1.50894189 0.00000000
      vertex -7.35668514 1.42898094 0.20000000
    endloop
  endfacet
  facet normal 0.42890394 0.90335011 -0.00000000
    outer loop
      vertex -7.71285303 1.59320012 0.00000000
      vertex -7.71285303 1.59320012 0.20000000
      vertex -7.53538980 1.50894189 0.20000000
    endloop
  endfacet
  facet normal 0.42890394 0.90335011 -0.00000000
    outer loop
      vertex -7.53538980 1.50894189 0.00000000
      vertex -7.71285303 1.59320012 0.00000000
      vertex -7.53538980 1.50894189 0.20000000
    endloop
  endfacet
  facet normal 0.44900714 0.89352817 -0.00000000
    outer loop
      vertex -7.88907056 1.68175125 0.00000000
      vertex -7.88907056 1.68175125 0.20000000
      vertex -7.71285303 1.59320012 0.20000000
    endloop
  endfacet
  facet normal 0.44900714 0.89352817 -0.00000000
    outer loop
      vertex -7.71285303 1.59320012 0.00000000
      vertex -7.88907056 1.68175125 0.00000000
      vertex -7.71285303 1.59320012 0.20000000
    endloop
  endfacet
  facet normal 0.46871313 0.88335044 -0.00000000
    outer loop
      vertex -8.06403850 1.77459070 0.00000000
      vertex -8.06403850 1.77459070 0.20000000
      vertex -7.88907056 1.68175125 0.20000000
    endloop
  endfacet
  facet normal 0.46871313 0.88335044 -0.00000000
    outer loop
      vertex -7.88907056 1.68175125 0.00000000
      vertex -8.06403850 1.77459070 0.00000000
      vertex -7.88907056 1.68175125 0.20000000
    endloop
  endfacet
  facet normal 0.48800162 0.87284272 -0.00000000
    outer loop
      vertex -8.23775343 1.87171377 0.00000000
      vertex -8.23775343 1.87171377 0.20000000
      vertex -8.06403850 1.77459070 0.20000000
    endloop
  endfacet
  facet normal 0.48800162 0.87284272 -0.00000000
    outer loop
      vertex -8.06403850 1.77459070 0.00000000
      vertex -8.23775343 1.87171377 0.00000000
      vertex -8.06403850 1.77459070 0.20000000
    endloop
  endfacet
  facet normal 0.50685472 0.86203149 -0.00000000
    outer loop
      vertex -8.41021235 1.97311566 0.00000000
      vertex -8.41021235 1.97311566 0.20000000
      vertex -8.23775343 1.87171377 0.20000000
    endloop
  endfacet
  facet normal 0.50685472 0.86203149 -0.00000000
    outer loop
      vertex -8.23775343 1.87171377 0.00000000
      vertex -8.41021235 1.97311566 0.00000000
      vertex -8.23775343 1.87171377 0.20000000
    endloop
  endfacet
  facet normal 0.52525698 0.85094366 -0.00000000
    outer loop
      vertex -8.58141269 2.07879148 0.00000000
      vertex -8.58141269 2.07879148 0.20000000
      vertex -8.41021235 1.97311566 0.20000000
    endloop
  endfacet
  facet normal 0.52525698 0.85094366 -0.00000000
    outer loop
      vertex -8.41021235 1.97311566 0.00000000
      vertex -8.58141269 2.07879148 0.00000000
      vertex -8.41021235 1.97311566 0.20000000
    endloop
  endfacet
  facet normal 0.54319536 0.83960634 -0.00000000
    outer loop
      vertex -8.75135232 2.18873636 0.00000000
      vertex -8.75135232 2.18873636 0.20000000
      vertex -8.58141269 2.07879148 0.20000000
    endloop
  endfacet
  facet normal 0.54319536 0.83960634 -0.00000000
    outer loop
      vertex -8.58141269 2.07879148 0.00000000
      vertex -8.75135232 2.18873636 0.00000000
      vertex -8.58141269 2.07879148 0.20000000
    endloop
  endfacet
  facet normal 0.56065922 0.82804664 -0.00000000
    outer loop
      vertex -8.92002954 2.30294544 0.00000000
      vertex -8.92002954 2.30294544 0.20000000
      vertex -8.75135232 2.18873636 0.20000000
    endloop
  endfacet
  facet normal 0.56065922 0.82804664 -0.00000000
    outer loop
      vertex -8.75135232 2.18873636 0.00000000
      vertex -8.92002954 2.30294544 0.00000000
      vertex -8.75135232 2.18873636 0.20000000
    endloop
  endfacet
  facet normal 0.57764027 0.81629144 -0.00000000
    outer loop
      vertex -9.08669825 2.42088684 0.00000000
      vertex -9.08669825 2.42088684 0.20000000
      vertex -8.92002954 2.30294544 0.20000000
    endloop
  endfacet
  facet normal 0.57764027 0.81629144 -0.00000000
    outer loop
      vertex -8.92002954 2.30294544 0.00000000
      vertex -9.08669825 2.42088684 0.00000000
      vertex -8.92002954 2.30294544 0.20000000
    endloop
  endfacet
  facet normal 0.58594775 0.81034883 -0.00000000
    outer loop
      vertex -10.84593521 3.69295746 0.00000000
      vertex -10.84593521 3.69295746 0.20000000
      vertex -9.08669825 2.42088684 0.20000000
    endloop
  endfacet
  facet normal 0.58594775 0.81034883 -0.00000000
    outer loop
      vertex -9.08669825 2.42088684 0.00000000
      vertex -10.84593521 3.69295746 0.00000000
      vertex -9.08669825 2.42088684 0.20000000
    endloop
  endfacet
  facet normal 0.59314367 0.80509663 -0.00000000
    outer loop
      vertex -10.93740192 3.76034428 0.00000000
      vertex -10.93740192 3.76034428 0.20000000
      vertex -10.84593521 3.69295746 0.20000000
    endloop
  endfacet
  facet normal 0.59314367 0.80509663 -0.00000000
    outer loop
      vertex -10.84593521 3.69295746 0.00000000
      vertex -10.93740192 3.76034428 0.00000000
      vertex -10.84593521 3.69295746 0.20000000
    endloop
  endfacet
  facet normal 0.60750782 0.79431369 -0.00000000
    outer loop
      vertex -11.02784121 3.82951415 0.00000000
      vertex -11.02784121 3.82951415 0.20000000
      vertex -10.93740192 3.76034428 0.20000000
    endloop
  endfacet
  facet normal 0.60750782 0.79431369 -0.00000000
    outer loop
      vertex -10.93740192 3.76034428 0.00000000
      vertex -11.02784121 3.82951415 0.00000000
      vertex -10.93740192 3.76034428 0.20000000
    endloop
  endfacet
  facet normal 0.62182031 0.78315994 -0.00000000
    outer loop
      vertex -11.11660789 3.89999391 0.00000000
      vertex -11.11660789 3.89999391 0.20000000
      vertex -11.02784121 3.82951415 0.20000000
    endloop
  endfacet
  facet normal 0.62182031 0.78315994 -0.00000000
    outer loop
      vertex -11.02784121 3.82951415 0.00000000
      vertex -11.11660789 3.89999391 0.00000000
      vertex -11.02784121 3.82951415 0.20000000
    endloop
  endfacet
  facet normal 0.63606311 0.77163704 -0.00000000
    outer loop
      vertex -11.20369868 3.97178315 0.00000000
      vertex -11.20369868 3.97178315 0.20000000
      vertex -11.11660789 3.89999391 0.20000000
    endloop
  endfacet
  facet normal 0.63606311 0.77163704 -0.00000000
    outer loop
      vertex -11.11660789 3.89999391 0.00000000
      vertex -11.20369868 3.97178315 0.00000000
      vertex -11.11660789 3.89999391 0.20000000
    endloop
  endfacet
  facet normal 0.65021784 0.75974783 -0.00000000
    outer loop
      vertex -11.28911025 4.04488126 0.00000000
      vertex -11.28911025 4.04488126 0.20000000
      vertex -11.20369868 3.97178315 0.20000000
    endloop
  endfacet
  facet normal 0.65021784 0.75974783 -0.00000000
    outer loop
      vertex -11.20369868 3.97178315 0.00000000
      vertex -11.28911025 4.04488126 0.00000000
      vertex -11.20369868 3.97178315 0.20000000
    endloop
  endfacet
  facet normal 0.66426588 0.74749638 -0.00000000
    outer loop
      vertex -11.37283924 4.11928738 0.00000000
      vertex -11.37283924 4.11928738 0.20000000
      vertex -11.28911025 4.04488126 0.20000000
    endloop
  endfacet
  facet normal 0.66426588 0.74749638 -0.00000000
    outer loop
      vertex -11.28911025 4.04488126 0.00000000
      vertex -11.37283924 4.11928738 0.00000000
      vertex -11.28911025 4.04488126 0.20000000
    endloop
  endfacet
  facet normal 0.67818848 0.73488801 -0.00000000
    outer loop
      vertex -11.45488225 4.19500045 0.00000000
      vertex -11.45488225 4.19500045 0.20000000
      vertex -11.37283924 4.11928738 0.20000000
    endloop
  endfacet
  facet normal 0.67818848 0.73488801 -0.00000000
    outer loop
      vertex -11.37283924 4.11928738 0.00000000
      vertex -11.45488225 4.19500045 0.00000000
      vertex -11.37283924 4.11928738 0.20000000
    endloop
  endfacet
  facet normal 0.69196682 0.72192930 -0.00000000
    outer loop
      vertex -11.53523591 4.27201917 0.00000000
      vertex -11.53523591 4.27201917 0.20000000
      vertex -11.45488225 4.19500045 0.20000000
    endloop
  endfacet
  facet normal 0.69196682 0.72192930 -0.00000000
    outer loop
      vertex -11.45488225 4.19500045 0.00000000
      vertex -11.53523591 4.27201917 0.00000000
      vertex -11.45488225 4.19500045 0.20000000
    endloop
  endfacet
  facet normal 0.70558216 0.70862812 -0.00000000
    outer loop
      vertex -11.61389686 4.35034200 0.00000000
      vertex -11.61389686 4.35034200 0.20000000
      vertex -11.53523591 4.27201917 0.20000000
    endloop
  endfacet
  facet normal 0.70558216 0.70862812 -0.00000000
    outer loop
      vertex -11.53523591 4.27201917 0.00000000
      vertex -11.61389686 4.35034200 0.00000000
      vertex -11.53523591 4.27201917 0.20000000
    endloop
  endfacet
  facet normal 0.71901593 0.69499359 -0.00000000
    outer loop
      vertex -11.69086178 4.42996719 0.00000000
      vertex -11.69086178 4.42996719 0.20000000
      vertex -11.61389686 4.35034200 0.20000000
    endloop
  endfacet
  facet normal 0.71901593 0.69499359 -0.00000000
    outer loop
      vertex -11.61389686 4.35034200 0.00000000
      vertex -11.69086178 4.42996719 0.00000000
      vertex -11.61389686 4.35034200 0.20000000
    endloop
  endfacet
  facet normal 0.73224982 0.68103612 -0.00000000
    outer loop
      vertex -11.76612740 4.51089277 0.00000000
      vertex -11.76612740 4.51089277 0.20000000
      vertex -11.69086178 4.42996719 0.20000000
    endloop
  endfacet
  facet normal 0.73224982 0.68103612 -0.00000000
    outer loop
      vertex -11.69086178 4.42996719 0.00000000
      vertex -11.76612740 4.51089277 0.00000000
      vertex -11.69086178 4.42996719 0.20000000
    endloop
  endfacet
  facet normal 0.74526594 0.66676734 -0.00000000
    outer loop
      vertex -11.83969055 4.59311651 0.00000000
      vertex -11.83969055 4.59311651 0.20000000
      vertex -11.76612740 4.51089277 0.20000000
    endloop
  endfacet
  facet normal 0.74526594 0.66676734 -0.00000000
    outer loop
      vertex -11.76612740 4.51089277 0.00000000
      vertex -11.83969055 4.59311651 0.00000000
      vertex -11.76612740 4.51089277 0.20000000
    endloop
  endfacet
  facet normal 0.75804689 0.65220005 -0.00000000
    outer loop
      vertex -11.91154815 4.67663603 0.00000000
      vertex -11.91154815 4.67663603 0.20000000
      vertex -11.83969055 4.59311651 0.20000000
    endloop
  endfacet
  facet normal 0.75804689 0.65220005 -0.00000000
    outer loop
      vertex -11.83969055 4.59311651 0.00000000
      vertex -11.91154815 4.67663603 0.00000000
      vertex -11.83969055 4.59311651 0.20000000
    endloop
  endfacet
  facet normal 0.77057591 0.63734823 -0.00000000
    outer loop
      vertex -11.98169725 4.76144870 0.00000000
      vertex -11.98169725 4.76144870 0.20000000
      vertex -11.91154815 4.67663603 0.20000000
    endloop
  endfacet
  facet normal 0.77057591 0.63734823 -0.00000000
    outer loop
      vertex -11.91154815 4.67663603 0.00000000
      vertex -11.98169725 4.76144870 0.00000000
      vertex -11.91154815 4.67663603 0.20000000
    endloop
  endfacet
  facet normal 0.78283694 0.62222691 -0.00000000
    outer loop
      vertex -12.05013502 4.84755172 0.00000000
      vertex -12.05013502 4.84755172 0.20000000
      vertex -11.98169725 4.76144870 0.20000000
    endloop
  endfacet
  facet normal 0.78283694 0.62222691 -0.00000000
    outer loop
      vertex -11.98169725 4.76144870 0.00000000
      vertex -12.05013502 4.84755172 0.00000000
      vertex -11.98169725 4.76144870 0.20000000
    endloop
  endfacet
  facet normal 0.79481475 0.60685213 -0.00000000
    outer loop
      vertex -12.11685882 4.93494213 0.00000000
      vertex -12.11685882 4.93494213 0.20000000
      vertex -12.05013502 4.84755172 0.20000000
    endloop
  endfacet
  facet normal 0.79481475 0.60685213 -0.00000000
    outer loop
      vertex -12.05013502 4.84755172 0.00000000
      vertex -12.11685882 4.93494213 0.00000000
      vertex -12.05013502 4.84755172 0.20000000
    endloop
  endfacet
  facet normal 0.80649504 0.59124086 -0.00000000
    outer loop
      vertex -12.18186614 5.02361680 0.00000000
      vertex -12.18186614 5.02361680 0.20000000
      vertex -12.11685882 4.93494213 0.20000000
    endloop
  endfacet
  facet normal 0.80649504 0.59124086 -0.00000000
    outer loop
      vertex -12.11685882 4.93494213 0.00000000
      vertex -12.18186614 5.02361680 0.00000000
      vertex -12.11685882 4.93494213 0.20000000
    endloop
  endfacet
  facet normal 0.81786447 0.57541090 -0.00000000
    outer loop
      vertex -12.24515470 5.11357245 0.00000000
      vertex -12.24515470 5.11357245 0.20000000
      vertex -12.18186614 5.02361680 0.20000000
    endloop
  endfacet
  facet normal 0.81786447 0.57541090 -0.00000000
    outer loop
      vertex -12.18186614 5.02361680 0.00000000
      vertex -12.24515470 5.11357245 0.00000000
      vertex -12.18186614 5.02361680 0.20000000
    endloop
  endfacet
  facet normal 0.82891083 0.55938076 -0.00000000
    outer loop
      vertex -12.30672239 5.20480569 0.00000000
      vertex -12.30672239 5.20480569 0.20000000
      vertex -12.24515470 5.11357245 0.20000000
    endloop
  endfacet
  facet normal 0.82891083 0.55938076 -0.00000000
    outer loop
      vertex -12.24515470 5.11357245 0.00000000
      vertex -12.30672239 5.20480569 0.00000000
      vertex -12.24515470 5.11357245 0.20000000
    endloop
  endfacet
  facet normal 0.83962301 0.54316959 -0.00000000
    outer loop
      vertex -12.36656731 5.29731304 0.00000000
      vertex -12.36656731 5.29731304 0.20000000
      vertex -12.30672239 5.20480569 0.20000000
    endloop
  endfacet
  facet normal 0.83962301 0.54316959 -0.00000000
    outer loop
      vertex -12.30672239 5.20480569 0.00000000
      vertex -12.36656731 5.29731304 0.00000000
      vertex -12.30672239 5.20480569 0.20000000
    endloop
  endfacet
  facet normal 0.84999112 0.52679702 -0.00000000
    outer loop
      vertex -12.42468781 5.39109091 0.00000000
      vertex -12.42468781 5.39109091 0.20000000
      vertex -12.36656731 5.29731304 0.20000000
    endloop
  endfacet
  facet normal 0.84999112 0.52679702 -0.00000000
    outer loop
      vertex -12.36656731 5.29731304 0.00000000
      vertex -12.42468781 5.39109091 0.00000000
      vertex -12.36656731 5.29731304 0.20000000
    endloop
  endfacet
  facet normal 0.86000649 0.51028309 -0.00000000
    outer loop
      vertex -12.48108243 5.48613568 0.00000000
      vertex -12.48108243 5.48613568 0.20000000
      vertex -12.42468781 5.39109091 0.20000000
    endloop
  endfacet
  facet normal 0.86000649 0.51028309 -0.00000000
    outer loop
      vertex -12.42468781 5.39109091 0.00000000
      vertex -12.48108243 5.48613568 0.00000000
      vertex -12.42468781 5.39109091 0.20000000
    endloop
  endfacet
  facet normal 0.86966175 0.49364810 -0.00000000
    outer loop
      vertex -12.53574996 5.58244368 0.00000000
      vertex -12.53574996 5.58244368 0.20000000
      vertex -12.48108243 5.48613568 0.20000000
    endloop
  endfacet
  facet normal 0.86966175 0.49364810 -0.00000000
    outer loop
      vertex -12.48108243 5.48613568 0.00000000
      vertex -12.53574996 5.58244368 0.00000000
      vertex -12.48108243 5.48613568 0.20000000
    endloop
  endfacet
  facet normal 0.87895077 0.47691251 -0.00000000
    outer loop
      vertex -12.58868942 5.68001122 0.00000000
      vertex -12.58868942 5.68001122 0.20000000
      vertex -12.53574996 5.58244368 0.20000000
    endloop
  endfacet
  facet normal 0.87895077 0.47691251 -0.00000000
    outer loop
      vertex -12.53574996 5.58244368 0.00000000
      vertex -12.58868942 5.68001122 0.00000000
      vertex -12.53574996 5.58244368 0.20000000
    endloop
  endfacet
  facet normal 0.88786877 0.46009679 -0.00000000
    outer loop
      vertex -12.63990006 5.77883462 0.00000000
      vertex -12.63990006 5.77883462 0.20000000
      vertex -12.58868942 5.68001122 0.20000000
    endloop
  endfacet
  facet normal 0.88786877 0.46009679 -0.00000000
    outer loop
      vertex -12.58868942 5.68001122 0.00000000
      vertex -12.63990006 5.77883462 0.00000000
      vertex -12.58868942 5.68001122 0.20000000
    endloop
  endfacet
  facet normal 0.89641221 0.44322134 -0.00000000
    outer loop
      vertex -12.68938136 5.87891022 0.00000000
      vertex -12.68938136 5.87891022 0.20000000
      vertex -12.63990006 5.77883462 0.20000000
    endloop
  endfacet
  facet normal 0.89641221 0.44322134 -0.00000000
    outer loop
      vertex -12.63990006 5.77883462 0.00000000
      vertex -12.68938136 5.87891022 0.00000000
      vertex -12.63990006 5.77883462 0.20000000
    endloop
  endfacet
  facet normal 0.90457884 0.42630638 -0.00000000
    outer loop
      vertex -12.73713303 5.98023441 0.00000000
      vertex -12.73713303 5.98023441 0.20000000
      vertex -12.68938136 5.87891022 0.20000000
    endloop
  endfacet
  facet normal 0.90457884 0.42630638 -0.00000000
    outer loop
      vertex -12.68938136 5.87891022 0.00000000
      vertex -12.73713303 5.98023441 0.00000000
      vertex -12.68938136 5.87891022 0.20000000
    endloop
  endfacet
  facet normal 0.91236765 0.40937180 -0.00000000
    outer loop
      vertex -12.78315499 6.08280365 0.00000000
      vertex -12.78315499 6.08280365 0.20000000
      vertex -12.73713303 5.98023441 0.20000000
    endloop
  endfacet
  facet normal 0.91236765 0.40937180 -0.00000000
    outer loop
      vertex -12.73713303 5.98023441 0.00000000
      vertex -12.78315499 6.08280365 0.00000000
      vertex -12.73713303 5.98023441 0.20000000
    endloop
  endfacet
  facet normal 0.91977884 0.39243711 -0.00000000
    outer loop
      vertex -12.82744740 6.18661446 0.00000000
      vertex -12.82744740 6.18661446 0.20000000
      vertex -12.78315499 6.08280365 0.20000000
    endloop
  endfacet
  facet normal 0.91977884 0.39243711 -0.00000000
    outer loop
      vertex -12.78315499 6.08280365 0.00000000
      vertex -12.82744740 6.18661446 0.00000000
      vertex -12.78315499 6.08280365 0.20000000
    endloop
  endfacet
  facet normal 0.92681376 0.37552131 -0.00000000
    outer loop
      vertex -12.87001058 6.29166347 0.00000000
      vertex -12.87001058 6.29166347 0.20000000
      vertex -12.82744740 6.18661446 0.20000000
    endloop
  endfacet
  facet normal 0.92681376 0.37552131 -0.00000000
    outer loop
      vertex -12.82744740 6.18661446 0.00000000
      vertex -12.87001058 6.29166347 0.00000000
      vertex -12.82744740 6.18661446 0.20000000
    endloop
  endfacet
  facet normal 0.93347487 0.35864282 -0.00000000
    outer loop
      vertex -12.91084508 6.39794744 0.00000000
      vertex -12.91084508 6.39794744 0.20000000
      vertex -12.87001058 6.29166347 0.20000000
    endloop
  endfacet
  facet normal 0.93347487 0.35864282 -0.00000000
    outer loop
      vertex -12.87001058 6.29166347 0.00000000
      vertex -12.91084508 6.39794744 0.00000000
      vertex -12.87001058 6.29166347 0.20000000
    endloop
  endfacet
  facet normal 0.93976565 0.34181943 -0.00000000
    outer loop
      vertex -12.94967905 6.50471384 0.00000000
      vertex -12.94967905 6.50471384 0.20000000
      vertex -12.91084508 6.39794744 0.20000000
    endloop
  endfacet
  facet normal 0.93976565 0.34181943 -0.00000000
    outer loop
      vertex -12.91084508 6.39794744 0.00000000
      vertex -12.94967905 6.50471384 0.00000000
      vertex -12.91084508 6.39794744 0.20000000
    endloop
  endfacet
  facet normal 0.94277353 0.33343375 -0.00000000
    outer loop
      vertex -13.42692153 7.85410205 0.00000000
      vertex -13.42692153 7.85410205 0.20000000
      vertex -12.94967905 6.50471384 0.20000000
    endloop
  endfacet
  facet normal 0.94277353 0.33343375 -0.00000000
    outer loop
      vertex -12.94967905 6.50471384 0.00000000
      vertex -13.42692153 7.85410205 0.00000000
      vertex -12.94967905 6.50471384 0.20000000
    endloop
  endfacet
  facet normal 0.94394796 0.33009429 -0.00000000
    outer loop
      vertex -13.44270813 7.89924591 0.00000000
      vertex -13.44270813 7.89924591 0.20000000
      vertex -13.42692153 7.85410205 0.20000000
    endloop
  endfacet
  facet normal 0.94394796 0.33009429 -0.00000000
    outer loop
      vertex -13.42692153 7.85410205 0.00000000
      vertex -13.44270813 7.89924591 0.00000000
      vertex -13.42692153 7.85410205 0.20000000
    endloop
  endfacet
  facet normal 0.94626401 0.32339516 -0.00000000
    outer loop
      vertex -13.45826638 7.94476981 0.00000000
      vertex -13.45826638 7.94476981 0.20000000
      vertex -13.44270813 7.89924591 0.20000000
    endloop
  endfacet
  facet normal 0.94626401 0.32339516 -0.00000000
    outer loop
      vertex -13.44270813 7.89924591 0.00000000
      vertex -13.45826638 7.94476981 0.00000000
      vertex -13.44270813 7.89924591 0.20000000
    endloop
  endfacet
  facet normal 0.94853582 0.31666986 -0.00000000
    outer loop
      vertex -13.47349109 7.99037309 0.00000000
      vertex -13.47349109 7.99037309 0.20000000
      vertex -13.45826638 7.94476981 0.20000000
    endloop
  endfacet
  facet normal 0.94853582 0.31666986 -0.00000000
    outer loop
      vertex -13.45826638 7.94476981 0.00000000
      vertex -13.47349109 7.99037309 0.00000000
      vertex -13.45826638 7.94476981 0.20000000
    endloop
  endfacet
  facet normal 0.95076286 0.30991931 -0.00000000
    outer loop
      vertex -13.48838217 8.03605558 0.00000000
      vertex -13.48838217 8.03605558 0.20000000
      vertex -13.47349109 7.99037309 0.20000000
    endloop
  endfacet
  facet normal 0.95076286 0.30991931 -0.00000000
    outer loop
      vertex -13.47349109 7.99037309 0.00000000
      vertex -13.48838217 8.03605558 0.00000000
      vertex -13.47349109 7.99037309 0.20000000
    endloop
  endfacet
  facet normal 0.95294461 0.30314446 -0.00000000
    outer loop
      vertex -13.50293952 8.08181710 0.00000000
      vertex -13.50293952 8.08181710 0.20000000
      vertex -13.48838217 8.03605558 0.20000000
    endloop
  endfacet
  facet normal 0.95294461 0.30314446 -0.00000000
    outer loop
      vertex -13.48838217 8.03605558 0.00000000
      vertex -13.50293952 8.08181710 0.00000000
      vertex -13.48838217 8.03605558 0.20000000
    endloop
  endfacet
  facet normal 0.95508057 0.29634627 -0.00000000
    outer loop
      vertex -13.51716307 8.12765750 0.00000000
      vertex -13.51716307 8.12765750 0.20000000
      vertex -13.50293952 8.08181710 0.20000000
    endloop
  endfacet
  facet normal 0.95508057 0.29634627 -0.00000000
    outer loop
      vertex -13.50293952 8.08181710 0.00000000
      vertex -13.51716307 8.12765750 0.00000000
      vertex -13.50293952 8.08181710 0.20000000
    endloop
  endfacet
  facet normal 0.95717024 0.28952570 -0.00000000
    outer loop
      vertex -13.53105271 8.17357658 0.00000000
      vertex -13.53105271 8.17357658 0.20000000
      vertex -13.51716307 8.12765750 0.20000000
    endloop
  endfacet
  facet normal 0.95717024 0.28952570 -0.00000000
    outer loop
      vertex -13.51716307 8.12765750 0.00000000
      vertex -13.53105271 8.17357658 0.00000000
      vertex -13.51716307 8.12765750 0.20000000
    endloop
  endfacet
  facet normal 0.95921317 0.28268374 -0.00000000
    outer loop
      vertex -13.54460838 8.21957418 0.00000000
      vertex -13.54460838 8.21957418 0.20000000
      vertex -13.53105271 8.17357658 0.20000000
    endloop
  endfacet
  facet normal 0.95921317 0.28268374 -0.00000000
    outer loop
      vertex -13.53105271 8.17357658 0.00000000
      vertex -13.54460838 8.21957418 0.00000000
      vertex -13.53105271 8.17357658 0.20000000
    endloop
  endfacet
  facet normal 0.96120891 0.27582139 -0.00000000
    outer loop
      vertex -13.55782998 8.26565011 0.00000000
      vertex -13.55782998 8.26565011 0.20000000
      vertex -13.54460838 8.21957418 0.20000000
    endloop
  endfacet
  facet normal 0.96120891 0.27582139 -0.00000000
    outer loop
      vertex -13.54460838 8.21957418 0.00000000
      vertex -13.55782998 8.26565011 0.00000000
      vertex -13.54460838 8.21957418 0.20000000
    endloop
  endfacet
  facet normal 0.96315703 0.26893966 -0.00000000
    outer loop
      vertex -13.57071746 8.31180418 0.00000000
      vertex -13.57071746 8.31180418 0.20000000
      vertex -13.55782998 8.26565011 0.20000000
    endloop
  endfacet
  facet normal 0.96315703 0.26893966 -0.00000000
    outer loop
      vertex -13.55782998 8.26565011 0.00000000
      vertex -13.57071746 8.31180418 0.00000000
      vertex -13.55782998 8.26565011 0.20000000
    endloop
  endfacet
  facet normal 0.96505713 0.26203956 -0.00000000
    outer loop
      vertex -13.58327073 8.35803622 0.00000000
      vertex -13.58327073 8.35803622 0.20000000
      vertex -13.57071746 8.31180418 0.20000000
    endloop
  endfacet
  facet normal 0.96505713 0.26203956 -0.00000000
    outer loop
      vertex -13.57071746 8.31180418 0.00000000
      vertex -13.58327073 8.35803622 0.00000000
      vertex -13.57071746 8.31180418 0.20000000
    endloop
  endfacet
  facet normal 0.96690883 0.25512214 -0.00000000
    outer loop
      vertex -13.59548973 8.40434604 0.00000000
      vertex -13.59548973 8.40434604 0.20000000
      vertex -13.58327073 8.35803622 0.20000000
    endloop
  endfacet
  facet normal 0.96690883 0.25512214 -0.00000000
    outer loop
      vertex -13.58327073 8.35803622 0.00000000
      vertex -13.59548973 8.40434604 0.00000000
      vertex -13.58327073 8.35803622 0.20000000
    endloop
  endfacet
  facet normal 0.96871178 0.24818843 -0.00000000
    outer loop
      vertex -13.60737440 8.45073344 0.00000000
      vertex -13.60737440 8.45073344 0.20000000
      vertex -13.59548973 8.40434604 0.20000000
    endloop
  endfacet
  facet normal 0.96871178 0.24818843 -0.00000000
    outer loop
      vertex -13.59548973 8.40434604 0.00000000
      vertex -13.60737440 8.45073344 0.00000000
      vertex -13.59548973 8.40434604 0.20000000
    endloop
  endfacet
  facet normal 0.97046562 0.24123947 -0.00000000
    outer loop
      vertex -13.61892467 8.49719824 0.00000000
      vertex -13.61892467 8.49719824 0.20000000
      vertex -13.60737440 8.45073344 0.20000000
    endloop
  endfacet
  facet normal 0.97046562 0.24123947 -0.00000000
    outer loop
      vertex -13.60737440 8.45073344 0.00000000
      vertex -13.61892467 8.49719824 0.00000000
      vertex -13.60737440 8.45073344 0.20000000
    endloop
  endfacet
  facet normal 0.97217005 0.23427634 -0.00000000
    outer loop
      vertex -13.63014050 8.54374026 0.00000000
      vertex -13.63014050 8.54374026 0.20000000
      vertex -13.61892467 8.49719824 0.20000000
    endloop
  endfacet
  facet normal 0.97217005 0.23427634 -0.00000000
    outer loop
      vertex -13.61892467 8.49719824 0.00000000
      vertex -13.63014050 8.54374026 0.00000000
      vertex -13.61892467 8.49719824 0.20000000
    endloop
  endfacet
  facet normal 0.97382476 0.22730009 -0.00000000
    outer loop
      vertex -13.64102183 8.59035928 0.00000000
      vertex -13.64102183 8.59035928 0.20000000
      vertex -13.63014050 8.54374026 0.20000000
    endloop
  endfacet
  facet normal 0.97382476 0.22730009 -0.00000000
    outer loop
      vertex -13.63014050 8.54374026 0.00000000
      vertex -13.64102183 8.59035928 0.00000000
      vertex -13.63014050 8.54374026 0.20000000
    endloop
  endfacet
  facet normal 0.97542950 0.22031179 -0.00000000
    outer loop
      vertex -13.65156862 8.63705513 0.00000000
      vertex -13.65156862 8.63705513 0.20000000
      vertex -13.64102183 8.59035928 0.20000000
    endloop
  endfacet
  facet normal 0.97542950 0.22031179 -0.00000000
    outer loop
      vertex -13.64102183 8.59035928 0.00000000
      vertex -13.65156862 8.63705513 0.00000000
      vertex -13.64102183 8.59035928 0.20000000
    endloop
  endfacet
  facet normal 0.97698401 0.21331253 -0.00000000
    outer loop
      vertex -13.66178082 8.68382761 0.00000000
      vertex -13.66178082 8.68382761 0.20000000
      vertex -13.65156862 8.63705513 0.20000000
    endloop
  endfacet
  facet normal 0.97698401 0.21331253 -0.00000000
    outer loop
      vertex -13.65156862 8.63705513 0.00000000
      vertex -13.66178082 8.68382761 0.00000000
      vertex -13.65156862 8.63705513 0.20000000
    endloop
  endfacet
  facet normal 0.97848808 0.20630338 -0.00000000
    outer loop
      vertex -13.67165839 8.73067652 0.00000000
      vertex -13.67165839 8.73067652 0.20000000
      vertex -13.66178082 8.68382761 0.20000000
    endloop
  endfacet
  facet normal 0.97848808 0.20630338 -0.00000000
    outer loop
      vertex -13.66178082 8.68382761 0.00000000
      vertex -13.67165839 8.73067652 0.00000000
      vertex -13.66178082 8.68382761 0.20000000
    endloop
  endfacet
  facet normal 0.97994148 0.19928544 -0.00000000
    outer loop
      vertex -13.68120131 8.77760167 0.00000000
      vertex -13.68120131 8.77760167 0.20000000
      vertex -13.67165839 8.73067652 0.20000000
    endloop
  endfacet
  facet normal 0.97994148 0.19928544 -0.00000000
    outer loop
      vertex -13.67165839 8.73067652 0.00000000
      vertex -13.68120131 8.77760167 0.00000000
      vertex -13.67165839 8.73067652 0.20000000
    endloop
  endfacet
  facet normal 0.98134406 0.19225979 -0.00000000
    outer loop
      vertex -13.69040953 8.82460286 0.00000000
      vertex -13.69040953 8.82460286 0.20000000
      vertex -13.68120131 8.77760167 0.20000000
    endloop
  endfacet
  facet normal 0.98134406 0.19225979 -0.00000000
    outer loop
      vertex -13.68120131 8.77760167 0.00000000
      vertex -13.69040953 8.82460286 0.00000000
      vertex -13.68120131 8.77760167 0.20000000
    endloop
  endfacet
  facet normal 0.98269566 0.18522752 -0.00000000
    outer loop
      vertex -13.69928304 8.87167989 0.00000000
      vertex -13.69928304 8.87167989 0.20000000
      vertex -13.69040953 8.82460286 0.20000000
    endloop
  endfacet
  facet normal 0.98269566 0.18522752 -0.00000000
    outer loop
      vertex -13.69040953 8.82460286 0.00000000
      vertex -13.69928304 8.87167989 0.00000000
      vertex -13.69040953 8.82460286 0.20000000
    endloop
  endfacet
  facet normal 0.98399615 0.17818974 -0.00000000
    outer loop
      vertex -13.70782182 8.91883256 0.00000000
      vertex -13.70782182 8.91883256 0.20000000
      vertex -13.69928304 8.87167989 0.20000000
    endloop
  endfacet
  facet normal 0.98399615 0.17818974 -0.00000000
    outer loop
      vertex -13.69928304 8.87167989 0.00000000
      vertex -13.70782182 8.91883256 0.00000000
      vertex -13.69928304 8.87167989 0.20000000
    endloop
  endfacet
  facet normal 0.98524541 0.17114753 -0.00000000
    outer loop
      vertex -13.71602584 8.96606069 0.00000000
      vertex -13.71602584 8.96606069 0.20000000
      vertex -13.70782182 8.91883256 0.20000000
    endloop
  endfacet
  facet normal 0.98524541 0.17114753 -0.00000000
    outer loop
      vertex -13.70782182 8.91883256 0.00000000
      vertex -13.71602584 8.96606069 0.00000000
      vertex -13.70782182 8.91883256 0.20000000
    endloop
  endfacet
  facet normal 0.98644338 0.16410198 -0.00000000
    outer loop
      vertex -13.72389510 9.01336407 0.00000000
      vertex -13.72389510 9.01336407 0.20000000
      vertex -13.71602584 8.96606069 0.20000000
    endloop
  endfacet
  facet normal 0.98644338 0.16410198 -0.00000000
    outer loop
      vertex -13.71602584 8.96606069 0.00000000
      vertex -13.72389510 9.01336407 0.00000000
      vertex -13.71602584 8.96606069 0.20000000
    endloop
  endfacet
  facet normal 0.98758998 0.15705420 -0.00000000
    outer loop
      vertex -13.73142959 9.06074250 0.00000000
      vertex -13.73142959 9.06074250 0.20000000
      vertex -13.72389510 9.01336407 0.20000000
    endloop
  endfacet
  facet normal 0.98758998 0.15705420 -0.00000000
    outer loop
      vertex -13.72389510 9.01336407 0.00000000
      vertex -13.73142959 9.06074250 0.00000000
      vertex -13.72389510 9.01336407 0.20000000
    endloop
  endfacet
  facet normal 0.98868520 0.15000527 -0.00000000
    outer loop
      vertex -13.73862930 9.10819580 0.00000000
      vertex -13.73862930 9.10819580 0.20000000
      vertex -13.73142959 9.06074250 0.20000000
    endloop
  endfacet
  facet normal 0.98868520 0.15000527 -0.00000000
    outer loop
      vertex -13.73142959 9.06074250 0.00000000
      vertex -13.73862930 9.10819580 0.00000000
      vertex -13.73142959 9.06074250 0.20000000
    endloop
  endfacet
  facet normal 0.98972900 0.14295628 -0.00000000
    outer loop
      vertex -13.74549423 9.15572376 0.00000000
      vertex -13.74549423 9.15572376 0.20000000
      vertex -13.73862930 9.10819580 0.20000000
    endloop
  endfacet
  facet normal 0.98972900 0.14295628 -0.00000000
    outer loop
      vertex -13.73862930 9.10819580 0.00000000
      vertex -13.74549423 9.15572376 0.00000000
      vertex -13.73862930 9.10819580 0.20000000
    endloop
  endfacet
  facet normal 0.99072142 0.13590832 -0.00000000
    outer loop
      vertex -13.75202438 9.20332618 0.00000000
      vertex -13.75202438 9.20332618 0.20000000
      vertex -13.74549423 9.15572376 0.20000000
    endloop
  endfacet
  facet normal 0.99072142 0.13590832 -0.00000000
    outer loop
      vertex -13.74549423 9.15572376 0.00000000
      vertex -13.75202438 9.20332618 0.00000000
      vertex -13.74549423 9.15572376 0.20000000
    endloop
  endfacet
  facet normal 0.99166247 0.12886247 -0.00000000
    outer loop
      vertex -13.75821977 9.25100288 0.00000000
      vertex -13.75821977 9.25100288 0.20000000
      vertex -13.75202438 9.20332618 0.20000000
    endloop
  endfacet
  facet normal 0.99166247 0.12886247 -0.00000000
    outer loop
      vertex -13.75202438 9.20332618 0.00000000
      vertex -13.75821977 9.25100288 0.00000000
      vertex -13.75202438 9.20332618 0.20000000
    endloop
  endfacet
  facet normal 0.99255223 0.12181981 -0.00000000
    outer loop
      vertex -13.76408041 9.29875367 0.00000000
      vertex -13.76408041 9.29875367 0.20000000
      vertex -13.75821977 9.25100288 0.20000000
    endloop
  endfacet
  facet normal 0.99255223 0.12181981 -0.00000000
    outer loop
      vertex -13.75821977 9.25100288 0.00000000
      vertex -13.76408041 9.29875367 0.00000000
      vertex -13.75821977 9.25100288 0.20000000
    endloop
  endfacet
  facet normal 0.99339077 0.11478140 -0.00000000
    outer loop
      vertex -13.76956978 9.34626210 0.00000000
      vertex -13.76956978 9.34626210 0.20000000
      vertex -13.76408041 9.29875367 0.20000000
    endloop
  endfacet
  facet normal 0.99339077 0.11478140 -0.00000000
    outer loop
      vertex -13.76408041 9.29875367 0.00000000
      vertex -13.76956978 9.34626210 0.00000000
      vertex -13.76408041 9.29875367 0.20000000
    endloop
  endfacet
  facet normal 0.99379087 0.11126412 -0.00000000
    outer loop
      vertex -13.84792054 10.04607682 0.00000000
      vertex -13.84792054 10.04607682 0.20000000
      vertex -13.76956978 9.34626210 0.20000000
    endloop
  endfacet
  facet normal 0.99379087 0.11126412 -0.00000000
    outer loop
      vertex -13.76956978 9.34626210 0.00000000
      vertex -13.84792054 10.04607682 0.00000000
      vertex -13.76956978 9.34626210 0.20000000
    endloop
  endfacet
  facet normal 0.99189959 0.12702441 -0.00000000
    outer loop
      vertex -13.84989432 10.06148956 0.00000000
      vertex -13.84989432 10.06148956 0.20000000
      vertex -13.84792054 10.04607682 0.20000000
    endloop
  endfacet
  facet normal 0.99189959 0.12702441 -0.00000000
    outer loop
      vertex -13.84792054 10.04607682 0.00000000
      vertex -13.84989432 10.06148956 0.00000000
      vertex -13.84792054 10.04607682 0.20000000
    endloop
  endfacet
  facet normal 0.98712186 0.15997009 -0.00000000
    outer loop
      vertex -13.85199883 10.07447581 0.00000000
      vertex -13.85199883 10.07447581 0.20000000
      vertex -13.84989432 10.06148956 0.20000000
    endloop
  endfacet
  facet normal 0.98712186 0.15997009 -0.00000000
    outer loop
      vertex -13.84989432 10.06148956 0.00000000
      vertex -13.85199883 10.07447581 0.00000000
      vertex -13.84989432 10.06148956 0.20000000
    endloop
  endfacet
  facet normal 0.98083088 0.19486094 -0.00000000
    outer loop
      vertex -13.85436793 10.08640065 0.00000000
      vertex -13.85436793 10.08640065 0.20000000
      vertex -13.85199883 10.07447581 0.20000000
    endloop
  endfacet
  facet normal 0.98083088 0.19486094 -0.00000000
    outer loop
      vertex -13.85199883 10.07447581 0.00000000
      vertex -13.85436793 10.08640065 0.00000000
      vertex -13.85199883 10.07447581 0.20000000
    endloop
  endfacet
  facet normal 0.97278050 0.23172850 -0.00000000
    outer loop
      vertex -13.85695508 10.09726134 0.00000000
      vertex -13.85695508 10.09726134 0.20000000
      vertex -13.85436793 10.08640065 0.20000000
    endloop
  endfacet
  facet normal 0.97278050 0.23172850 -0.00000000
    outer loop
      vertex -13.85436793 10.08640065 0.00000000
      vertex -13.85695508 10.09726134 0.00000000
      vertex -13.85436793 10.08640065 0.20000000
    endloop
  endfacet
  facet normal 0.96270021 0.27057032 -0.00000000
    outer loop
      vertex -13.85970964 10.10706215 0.00000000
      vertex -13.85970964 10.10706215 0.20000000
      vertex -13.85695508 10.09726134 0.20000000
    endloop
  endfacet
  facet normal 0.96270021 0.27057032 -0.00000000
    outer loop
      vertex -13.85695508 10.09726134 0.00000000
      vertex -13.85970964 10.10706215 0.00000000
      vertex -13.85695508 10.09726134 0.20000000
    endloop
  endfacet
  facet normal 0.94343074 0.33156966 -0.00000000
    outer loop
      vertex -13.86550378 10.12354848 0.00000000
      vertex -13.86550378 10.12354848 0.20000000
      vertex -13.85970964 10.10706215 0.20000000
    endloop
  endfacet
  facet normal 0.94343074 0.33156966 -0.00000000
    outer loop
      vertex -13.85970964 10.10706215 0.00000000
      vertex -13.86550378 10.12354848 0.00000000
      vertex -13.85970964 10.10706215 0.20000000
    endloop
  endfacet
  facet normal 0.90765604 0.41971480 -0.00000000
    outer loop
      vertex -13.87131287 10.13611097 0.00000000
      vertex -13.87131287 10.13611097 0.20000000
      vertex -13.86550378 10.12354848 0.20000000
    endloop
  endfacet
  facet normal 0.90765604 0.41971480 -0.00000000
    outer loop
      vertex -13.86550378 10.12354848 0.00000000
      vertex -13.87131287 10.13611097 0.00000000
      vertex -13.86550378 10.12354848 0.20000000
    endloop
  endfacet
  facet normal 0.85849615 0.51282001 -0.00000000
    outer loop
      vertex -13.87676113 10.14523173 0.00000000
      vertex -13.87676113 10.14523173 0.20000000
      vertex -13.87131287 10.13611097 0.20000000
    endloop
  endfacet
  facet normal 0.85849615 0.51282001 -0.00000000
    outer loop
      vertex -13.87131287 10.13611097 0.00000000
      vertex -13.87676113 10.14523173 0.00000000
      vertex -13.87131287 10.13611097 0.20000000
    endloop
  endfacet
  facet normal 0.77734929 0.62906922 -0.00000000
    outer loop
      vertex -13.88392668 10.15408630 0.00000000
      vertex -13.88392668 10.15408630 0.20000000
      vertex -13.87676113 10.14523173 0.20000000
    endloop
  endfacet
  facet normal 0.77734929 0.62906922 -0.00000000
    outer loop
      vertex -13.87676113 10.14523173 0.00000000
      vertex -13.88392668 10.15408630 0.00000000
      vertex -13.87676113 10.14523173 0.20000000
    endloop
  endfacet
  facet normal 0.61951000 0.78498876 -0.00000000
    outer loop
      vertex -13.89326082 10.16145277 0.00000000
      vertex -13.89326082 10.16145277 0.20000000
      vertex -13.88392668 10.15408630 0.20000000
    endloop
  endfacet
  facet normal 0.61951000 0.78498876 -0.00000000
    outer loop
      vertex -13.88392668 10.15408630 0.00000000
      vertex -13.89326082 10.16145277 0.00000000
      vertex -13.88392668 10.15408630 0.20000000
    endloop
  endfacet
  facet normal 0.43117586 0.90226791 -0.00000000
    outer loop
      vertex -13.90353830 10.16636417 0.00000000
      vertex -13.90353830 10.16636417 0.20000000
      vertex -13.89326082 10.16145277 0.20000000
    endloop
  endfacet
  facet normal 0.43117586 0.90226791 -0.00000000
    outer loop
      vertex -13.89326082 10.16145277 0.00000000
      vertex -13.90353830 10.16636417 0.00000000
      vertex -13.89326082 10.16145277 0.20000000
    endloop
  endfacet
  facet normal 0.29925021 0.95417468 -0.00000000
    outer loop
      vertex -13.91367556 10.16954344 0.00000000
      vertex -13.91367556 10.16954344 0.20000000
      vertex -13.90353830 10.16636417 0.20000000
    endloop
  endfacet
  facet normal 0.29925021 0.95417468 -0.00000000
    outer loop
      vertex -13.90353830 10.16636417 0.00000000
      vertex -13.91367556 10.16954344 0.00000000
      vertex -13.90353830 10.16636417 0.20000000
    endloop
  endfacet
  facet normal 0.19726904 0.98034939 -0.00000000
    outer loop
      vertex -13.92724417 10.17227376 0.00000000
      vertex -13.92724417 10.17227376 0.20000000
      vertex -13.91367556 10.16954344 0.20000000
    endloop
  endfacet
  facet normal 0.19726904 0.98034939 -0.00000000
    outer loop
      vertex -13.91367556 10.16954344 0.00000000
      vertex -13.92724417 10.17227376 0.00000000
      vertex -13.91367556 10.16954344 0.20000000
    endloop
  endfacet
  facet normal 0.10322303 0.99465824 -0.00000000
    outer loop
      vertex -13.94462569 10.17407757 0.00000000
      vertex -13.94462569 10.17407757 0.20000000
      vertex -13.92724417 10.17227376 0.20000000
    endloop
  endfacet
  facet normal 0.10322303 0.99465824 -0.00000000
    outer loop
      vertex -13.92724417 10.17227376 0.00000000
      vertex -13.94462569 10.17407757 0.00000000
      vertex -13.92724417 10.17227376 0.20000000
    endloop
  endfacet
  facet normal 0.03941553 0.99922291 -0.00000000
    outer loop
      vertex -13.95479833 10.17447884 0.00000000
      vertex -13.95479833 10.17447884 0.20000000
      vertex -13.94462569 10.17407757 0.20000000
    endloop
  endfacet
  facet normal 0.03941553 0.99922291 -0.00000000
    outer loop
      vertex -13.94462569 10.17407757 0.00000000
      vertex -13.95479833 10.17447884 0.00000000
      vertex -13.94462569 10.17407757 0.20000000
    endloop
  endfacet
  facet normal -0.00070548 0.99999975 0.00000000
    outer loop
      vertex -13.96596291 10.17447096 0.00000000
      vertex -13.96596291 10.17447096 0.20000000
      vertex -13.95479833 10.17447884 0.20000000
    endloop
  endfacet
  facet normal -0.00070548 0.99999975 0.00000000
    outer loop
      vertex -13.95479833 10.17447884 0.00000000
      vertex -13.96596291 10.17447096 0.00000000
      vertex -13.95479833 10.17447884 0.20000000
    endloop
  endfacet
  facet normal -0.03843451 0.99926112 0.00000000
    outer loop
      vertex -13.97811183 10.17400368 0.00000000
      vertex -13.97811183 10.17400368 0.20000000
      vertex -13.96596291 10.17447096 0.20000000
    endloop
  endfacet
  facet normal -0.03843451 0.99926112 0.00000000
    outer loop
      vertex -13.96596291 10.17447096 0.00000000
      vertex -13.97811183 10.17400368 0.00000000
      vertex -13.96596291 10.17447096 0.20000000
    endloop
  endfacet
  facet normal -0.07383205 0.99727069 0.00000000
    outer loop
      vertex -13.99123159 10.17303237 0.00000000
      vertex -13.99123159 10.17303237 0.20000000
      vertex -13.97811183 10.17400368 0.20000000
    endloop
  endfacet
  facet normal -0.07383205 0.99727069 0.00000000
    outer loop
      vertex -13.97811183 10.17400368 0.00000000
      vertex -13.99123159 10.17303237 0.00000000
      vertex -13.97811183 10.17400368 0.20000000
    endloop
  endfacet
  facet normal -0.10698599 0.99426053 0.00000000
    outer loop
      vertex -14.00668102 10.17136995 0.00000000
      vertex -14.00668102 10.17136995 0.20000000
      vertex -13.99123159 10.17303237 0.20000000
    endloop
  endfacet
  facet normal -0.10698599 0.99426053 0.00000000
    outer loop
      vertex -13.99123159 10.17303237 0.00000000
      vertex -14.00668102 10.17136995 0.00000000
      vertex -13.99123159 10.17303237 0.20000000
    endloop
  endfacet
  facet normal -0.12275427 0.99243710 0.00000000
    outer loop
      vertex -14.07541337 10.16286847 0.00000000
      vertex -14.07541337 10.16286847 0.20000000
      vertex -14.00668102 10.17136995 0.20000000
    endloop
  endfacet
  facet normal -0.12275427 0.99243710 0.00000000
    outer loop
      vertex -14.00668102 10.17136995 0.00000000
      vertex -14.07541337 10.16286847 0.00000000
      vertex -14.00668102 10.17136995 0.20000000
    endloop
  endfacet
  facet normal -0.13848997 0.99036384 0.00000000
    outer loop
      vertex -14.09080771 10.16071576 0.00000000
      vertex -14.09080771 10.16071576 0.20000000
      vertex -14.07541337 10.16286847 0.20000000
    endloop
  endfacet
  facet normal -0.13848997 0.99036384 0.00000000
    outer loop
      vertex -14.07541337 10.16286847 0.00000000
      vertex -14.09080771 10.16071576 0.00000000
      vertex -14.07541337 10.16286847 0.20000000
    endloop
  endfacet
  facet normal -0.17135721 0.98520897 0.00000000
    outer loop
      vertex -14.10378519 10.15845859 0.00000000
      vertex -14.10378519 10.15845859 0.20000000
      vertex -14.09080771 10.16071576 0.20000000
    endloop
  endfacet
  facet normal -0.17135721 0.98520897 0.00000000
    outer loop
      vertex -14.09080771 10.16071576 0.00000000
      vertex -14.10378519 10.15845859 0.00000000
      vertex -14.09080771 10.16071576 0.20000000
    endloop
  endfacet
  facet normal -0.20612517 0.97852563 0.00000000
    outer loop
      vertex -14.11571031 10.15594658 0.00000000
      vertex -14.11571031 10.15594658 0.20000000
      vertex -14.10378519 10.15845859 0.20000000
    endloop
  endfacet
  facet normal -0.20612517 0.97852563 0.00000000
    outer loop
      vertex -14.10378519 10.15845859 0.00000000
      vertex -14.11571031 10.15594658 0.00000000
      vertex -14.10378519 10.15845859 0.20000000
    endloop
  endfacet
  facet normal -0.24281852 0.97007173 0.00000000
    outer loop
      vertex -14.12658156 10.15322540 0.00000000
      vertex -14.12658156 10.15322540 0.20000000
      vertex -14.11571031 10.15594658 0.20000000
    endloop
  endfacet
  facet normal -0.24281852 0.97007173 0.00000000
    outer loop
      vertex -14.11571031 10.15594658 0.00000000
      vertex -14.12658156 10.15322540 0.00000000
      vertex -14.11571031 10.15594658 0.20000000
    endloop
  endfacet
  facet normal -0.28142791 0.95958237 0.00000000
    outer loop
      vertex -14.13640445 10.15034453 0.00000000
      vertex -14.13640445 10.15034453 0.20000000
      vertex -14.12658156 10.15322540 0.20000000
    endloop
  endfacet
  facet normal -0.28142791 0.95958237 0.00000000
    outer loop
      vertex -14.12658156 10.15322540 0.00000000
      vertex -14.13640445 10.15034453 0.00000000
      vertex -14.12658156 10.15322540 0.20000000
    endloop
  endfacet
  facet normal -0.34198684 0.93970474 0.00000000
    outer loop
      vertex -14.15297369 10.14431448 0.00000000
      vertex -14.15297369 10.14431448 0.20000000
      vertex -14.13640445 10.15034453 0.20000000
    endloop
  endfacet
  facet normal -0.34198684 0.93970474 0.00000000
    outer loop
      vertex -14.13640445 10.15034453 0.00000000
      vertex -14.15297369 10.14431448 0.00000000
      vertex -14.13640445 10.15034453 0.20000000
    endloop
  endfacet
  facet normal -0.42927238 0.90317508 0.00000000
    outer loop
      vertex -14.16567466 10.13827781 0.00000000
      vertex -14.16567466 10.13827781 0.20000000
      vertex -14.15297369 10.14431448 0.20000000
    endloop
  endfacet
  facet normal -0.42927238 0.90317508 0.00000000
    outer loop
      vertex -14.15297369 10.14431448 0.00000000
      vertex -14.16567466 10.13827781 0.00000000
      vertex -14.15297369 10.14431448 0.20000000
    endloop
  endfacet
  facet normal -0.52122827 0.85341730 0.00000000
    outer loop
      vertex -14.17498647 10.13259057 0.00000000
      vertex -14.17498647 10.13259057 0.20000000
      vertex -14.16567466 10.13827781 0.20000000
    endloop
  endfacet
  facet normal -0.52122827 0.85341730 0.00000000
    outer loop
      vertex -14.16567466 10.13827781 0.00000000
      vertex -14.17498647 10.13259057 0.00000000
      vertex -14.16567466 10.13827781 0.20000000
    endloop
  endfacet
  facet normal -0.63587930 0.77178852 0.00000000
    outer loop
      vertex -14.18418982 10.12500790 0.00000000
      vertex -14.18418982 10.12500790 0.20000000
      vertex -14.17498647 10.13259057 0.20000000
    endloop
  endfacet
  facet normal -0.63587930 0.77178852 0.00000000
    outer loop
      vertex -14.17498647 10.13259057 0.00000000
      vertex -14.18418982 10.12500790 0.00000000
      vertex -14.17498647 10.13259057 0.20000000
    endloop
  endfacet
  facet normal -0.78877591 0.61468087 0.00000000
    outer loop
      vertex -14.19198597 10.11500367 0.00000000
      vertex -14.19198597 10.11500367 0.20000000
      vertex -14.18418982 10.12500790 0.20000000
    endloop
  endfacet
  facet normal -0.78877591 0.61468087 0.00000000
    outer loop
      vertex -14.18418982 10.12500790 0.00000000
      vertex -14.19198597 10.11500367 0.00000000
      vertex -14.18418982 10.12500790 0.20000000
    endloop
  endfacet
  facet normal -0.90376380 0.42803154 0.00000000
    outer loop
      vertex -14.19709011 10.10422656 0.00000000
      vertex -14.19709011 10.10422656 0.20000000
      vertex -14.19198597 10.11500367 0.20000000
    endloop
  endfacet
  facet normal -0.90376380 0.42803154 0.00000000
    outer loop
      vertex -14.19198597 10.11500367 0.00000000
      vertex -14.19709011 10.10422656 0.00000000
      vertex -14.19198597 10.11500367 0.20000000
    endloop
  endfacet
  facet normal -0.95490524 0.29691072 0.00000000
    outer loop
      vertex -14.20032977 10.09380738 0.00000000
      vertex -14.20032977 10.09380738 0.20000000
      vertex -14.19709011 10.10422656 0.20000000
    endloop
  endfacet
  facet normal -0.95490524 0.29691072 0.00000000
    outer loop
      vertex -14.19709011 10.10422656 0.00000000
      vertex -14.20032977 10.09380738 0.00000000
      vertex -14.19709011 10.10422656 0.20000000
    endloop
  endfacet
  facet normal -0.98068688 0.19558437 0.00000000
    outer loop
      vertex -14.20308019 10.08001640 0.00000000
      vertex -14.20308019 10.08001640 0.20000000
      vertex -14.20032977 10.09380738 0.20000000
    endloop
  endfacet
  facet normal -0.98068688 0.19558437 0.00000000
    outer loop
      vertex -14.20032977 10.09380738 0.00000000
      vertex -14.20308019 10.08001640 0.00000000
      vertex -14.20032977 10.09380738 0.20000000
    endloop
  endfacet
  facet normal -0.99478246 0.10201890 0.00000000
    outer loop
      vertex -14.20487903 10.06247601 0.00000000
      vertex -14.20487903 10.06247601 0.20000000
      vertex -14.20308019 10.08001640 0.20000000
    endloop
  endfacet
  facet normal -0.99478246 0.10201890 0.00000000
    outer loop
      vertex -14.20308019 10.08001640 0.00000000
      vertex -14.20487903 10.06247601 0.00000000
      vertex -14.20308019 10.08001640 0.20000000
    endloop
  endfacet
  facet normal -0.99926096 0.03843866 0.00000000
    outer loop
      vertex -14.20527251 10.05224695 0.00000000
      vertex -14.20527251 10.05224695 0.20000000
      vertex -14.20487903 10.06247601 0.20000000
    endloop
  endfacet
  facet normal -0.99926096 0.03843866 0.00000000
    outer loop
      vertex -14.20487903 10.06247601 0.00000000
      vertex -14.20527251 10.05224695 0.00000000
      vertex -14.20487903 10.06247601 0.20000000
    endloop
  endfacet
  facet normal -0.99999878 -0.00156343 0.00000000
    outer loop
      vertex -14.20525499 10.04104031 0.00000000
      vertex -14.20525499 10.04104031 0.20000000
      vertex -14.20527251 10.05224695 0.20000000
    endloop
  endfacet
  facet normal -0.99999878 -0.00156343 0.00000000
    outer loop
      vertex -14.20527251 10.05224695 0.00000000
      vertex -14.20525499 10.04104031 0.00000000
      vertex -14.20527251 10.05224695 0.20000000
    endloop
  endfacet
  facet normal -0.99923098 -0.03921022 0.00000000
    outer loop
      vertex -14.20477714 10.02886286 0.00000000
      vertex -14.20477714 10.02886286 0.20000000
      vertex -14.20525499 10.04104031 0.20000000
    endloop
  endfacet
  facet normal -0.99923098 -0.03921022 0.00000000
    outer loop
      vertex -14.20525499 10.04104031 0.00000000
      vertex -14.20477714 10.02886286 0.00000000
      vertex -14.20525499 10.04104031 0.20000000
    endloop
  endfacet
  facet normal -0.99721673 -0.07455737 0.00000000
    outer loop
      vertex -14.20379505 10.01572721 0.00000000
      vertex -14.20379505 10.01572721 0.20000000
      vertex -14.20477714 10.02886286 0.20000000
    endloop
  endfacet
  facet normal -0.99721673 -0.07455737 0.00000000
    outer loop
      vertex -14.20477714 10.02886286 0.00000000
      vertex -14.20379505 10.01572721 0.00000000
      vertex -14.20477714 10.02886286 0.20000000
    endloop
  endfacet
  facet normal -0.99418474 -0.10768795 0.00000000
    outer loop
      vertex -14.20212113 10.00027348 0.00000000
      vertex -14.20212113 10.00027348 0.20000000
      vertex -14.20379505 10.01572721 0.20000000
    endloop
  endfacet
  facet normal -0.99418474 -0.10768795 0.00000000
    outer loop
      vertex -14.20379505 10.01572721 0.00000000
      vertex -14.20212113 10.00027348 0.00000000
      vertex -14.20379505 10.01572721 0.20000000
    endloop
  endfacet
  facet normal -0.99235039 -0.12345328 0.00000000
    outer loop
      vertex -12.37862022 -4.65751328 0.00000000
      vertex -12.37862022 -4.65751328 0.20000000
      vertex -14.20212113 10.00027348 0.20000000
    endloop
  endfacet
  facet normal -0.99235039 -0.12345328 0.00000000
    outer loop
      vertex -14.20212113 10.00027348 0.00000000
      vertex -12.37862022 -4.65751328 0.00000000
      vertex -14.20212113 10.00027348 0.20000000
    endloop
  endfacet
endsolid green_island_01
