solid green_island_07
  facet normal 0.00000000 0.00000000 1.00000000
    outer loop
      vertex -11.65334821 -5.51110048 0.20000000
      vertex -10.46768433 -5.77399419 0.20000000
      vertex -10.45389653 -5.77683068 0.20000000
    endloop
  endfacet
  facet normal 0.00000000 0.00000000 1.00000000
    outer loop
      vertex -11.65334821 -5.51110048 0.20000000
      vertex -10.45389653 -5.77683068 0.20000000
      vertex -10.44251979 -5.77878786 0.20000000
    endloop
  endfacet
  facet normal 0.00000000 0.00000000 1.00000000
    outer loop
      vertex -11.65334821 -5.51110048 0.20000000
      vertex -10.44251979 -5.77878786 0.20000000
      vertex -10.43230598 -5.78017581 0.20000000
    endloop
  endfacet
  facet normal 0.00000000 0.00000000 1.00000000
    outer loop
      vertex -11.65334821 -5.51110048 0.20000000
      vertex -10.43230598 -5.78017581 0.20000000
      vertex -10.41555963 -5.78147580 0.20000000
    endloop
  endfacet
  facet normal 0.00000000 0.00000000 1.00000000
    outer loop
      vertex -11.65334821 -5.51110048 0.20000000
      vertex -10.41555963 -5.78147580 0.20000000
      vertex -10.40399874 -5.78133661 0.20000000
    endloop
  endfacet
  facet normal 0.00000000 0.00000000 1.00000000
    outer loop
      vertex -10.41233908 -5.77871159 0.20000000
      vertex -10.41108497 -5.76196174 0.20000000
      vertex -10.41090827 -5.75165557 0.20000000
    endloop
  endfacet
  facet normal 0.00000000 0.00000000 1.00000000
    outer loop
      vertex -10.41233908 -5.77871159 0.20000000
      vertex -10.41090827 -5.75165557 0.20000000
      vertex -10.41111789 -5.74011361 0.20000000
    endloop
  endfacet
  facet normal 0.00000000 0.00000000 1.00000000
    outer loop
      vertex -10.41233908 -5.77871159 0.20000000
      vertex -10.41111789 -5.74011361 0.20000000
      vertex -10.41183109 -5.72605514 0.20000000
    endloop
  endfacet
  facet normal 0.00000000 -0.00000000 1.00000000
    outer loop
      vertex -10.41233908 -5.77871159 0.20000000
      vertex -10.41183109 -5.72605514 0.20000000
      vertex -10.49627808 -4.44823896 0.20000000
    endloop
  endfacet
  facet normal 0.00000000 0.00000000 1.00000000
    outer loop
      vertex -10.19726369 -4.09620901 0.20000000
      vertex -2.36254897 -3.33769596 0.20000000
      vertex -2.33940300 -3.33508399 0.20000000
    endloop
  endfacet
  facet normal 0.00000000 0.00000000 1.00000000
    outer loop
      vertex -10.19726369 -4.09620901 0.20000000
      vertex -2.33940300 -3.33508399 0.20000000
      vertex -2.31890153 -3.33207836 0.20000000
    endloop
  endfacet
  facet normal 0.00000000 0.00000000 1.00000000
    outer loop
      vertex -10.19726369 -4.09620901 0.20000000
      vertex -2.31890153 -3.33207836 0.20000000
      vertex -2.29967461 -3.32856320 0.20000000
    endloop
  endfacet
  facet normal 0.00000000 0.00000000 1.00000000
    outer loop
      vertex -10.19726369 -4.09620901 0.20000000
      vertex -2.29967461 -3.32856320 0.20000000
      vertex -2.28172318 -3.32458185 0.20000000
    endloop
  endfacet
  facet normal 0.00000000 0.00000000 1.00000000
    outer loop
      vertex -10.19726369 -4.09620901 0.20000000
      vertex -2.28172318 -3.32458185 0.20000000
      vertex -2.26504142 -3.32018107 0.20000000
    endloop
  endfacet
  facet normal 0.00000000 0.00000000 1.00000000
    outer loop
      vertex -10.19726369 -4.09620901 0.20000000
      vertex -2.26504142 -3.32018107 0.20000000
      vertex -2.24961510 -3.31541015 0.20000000
    endloop
  endfacet
  facet normal 0.00000000 0.00000000 1.00000000
    outer loop
      vertex -10.19726369 -4.09620901 0.20000000
      vertex -2.24961510 -3.31541015 0.20000000
      vertex -2.23541976 -3.31031949 0.20000000
    endloop
  endfacet
  facet normal 0.00000000 0.00000000 1.00000000
    outer loop
      vertex -10.19726369 -4.09620901 0.20000000
      vertex -2.23541976 -3.31031949 0.20000000
      vertex -2.22241914 -3.30495858 0.20000000
    endloop
  endfacet
  facet normal 0.00000000 0.00000000 1.00000000
    outer loop
      vertex -10.19726369 -4.09620901 0.20000000
      vertex -2.22241914 -3.30495858 0.20000000
      vertex -2.21056381 -3.29937335 0.20000000
    endloop
  endfacet
  facet normal 0.00000000 0.00000000 1.00000000
    outer loop
      vertex -10.19726369 -4.09620901 0.20000000
      vertex -2.21056381 -3.29937335 0.20000000
      vertex -2.19979055 -3.29360293 0.20000000
    endloop
  endfacet
  facet normal 0.00000000 0.00000000 1.00000000
    outer loop
      vertex -10.19726369 -4.09620901 0.20000000
      vertex -2.19979055 -3.29360293 0.20000000
      vertex -2.19002257 -3.28767599 0.20000000
    endloop
  endfacet
  facet normal 0.00000000 0.00000000 1.00000000
    outer loop
      vertex -10.19726369 -4.09620901 0.20000000
      vertex -2.19002257 -3.28767599 0.20000000
      vertex -2.18117099 -3.28160698 0.20000000
    endloop
  endfacet
  facet normal 0.00000000 0.00000000 1.00000000
    outer loop
      vertex -10.19726369 -4.09620901 0.20000000
      vertex -2.18117099 -3.28160698 0.20000000
      vertex -2.17313759 -3.27539269 0.20000000
    endloop
  endfacet
  facet normal 0.00000000 0.00000000 1.00000000
    outer loop
      vertex -10.19726369 -4.09620901 0.20000000
      vertex -2.17313759 -3.27539269 0.20000000
      vertex -2.15911225 -3.26241307 0.20000000
    endloop
  endfacet
  facet normal 0.00000000 0.00000000 1.00000000
    outer loop
      vertex -10.19726369 -4.09620901 0.20000000
      vertex -2.15911225 -3.26241307 0.20000000
      vertex -2.14715666 -3.24829777 0.20000000
    endloop
  endfacet
  facet normal 0.00000000 0.00000000 1.00000000
    outer loop
      vertex -10.19726369 -4.09620901 0.20000000
      vertex -2.14715666 -3.24829777 0.20000000
      vertex -2.13666183 -3.23232781 0.20000000
    endloop
  endfacet
  facet normal 0.00000000 0.00000000 1.00000000
    outer loop
      vertex -10.19726369 -4.09620901 0.20000000
      vertex -2.13666183 -3.23232781 0.20000000
      vertex -2.13185415 -3.22338136 0.20000000
    endloop
  endfacet
  facet normal 0.00000000 0.00000000 1.00000000
    outer loop
      vertex -10.19726369 -4.09620901 0.20000000
      vertex -2.13185415 -3.22338136 0.20000000
      vertex -2.12732440 -3.21365178 0.20000000
    endloop
  endfacet
  facet normal 0.00000000 0.00000000 1.00000000
    outer loop
      vertex -10.19726369 -4.09620901 0.20000000
      vertex -2.12732440 -3.21365178 0.20000000
      vertex -2.12308557 -3.20304168 0.20000000
    endloop
  endfacet
  facet normal 0.00000000 0.00000000 1.00000000
    outer loop
      vertex -10.19726369 -4.09620901 0.20000000
      vertex -2.12308557 -3.20304168 0.20000000
      vertex -2.11916655 -3.19146575 0.20000000
    endloop
  endfacet
  facet normal 0.00000000 0.00000000 1.00000000
    outer loop
      vertex -10.19726369 -4.09620901 0.20000000
      vertex -2.11916655 -3.19146575 0.20000000
      vertex -2.11560825 -3.17885297 0.20000000
    endloop
  endfacet
  facet normal 0.00000000 0.00000000 1.00000000
    outer loop
      vertex -10.19726369 -4.09620901 0.20000000
      vertex -2.11560825 -3.17885297 0.20000000
      vertex -2.11245967 -3.16514742 0.20000000
    endloop
  endfacet
  facet normal 0.00000000 0.00000000 1.00000000
    outer loop
      vertex -10.19726369 -4.09620901 0.20000000
      vertex -2.11245967 -3.16514742 0.20000000
      vertex -2.10977425 -3.15030792 0.20000000
    endloop
  endfacet
  facet normal 0.00000000 0.00000000 1.00000000
    outer loop
      vertex -10.19726369 -4.09620901 0.20000000
      vertex -2.10977425 -3.15030792 0.20000000
      vertex -2.10760676 -3.13430682 0.20000000
    endloop
  endfacet
  facet normal 0.00000000 0.00000000 1.00000000
    outer loop
      vertex -10.19726369 -4.09620901 0.20000000
      vertex -2.10760676 -3.13430682 0.20000000
      vertex -2.10601095 -3.11712831 0.20000000
    endloop
  endfacet
  facet normal 0.00000000 0.00000000 1.00000000
    outer loop
      vertex -10.19726369 -4.09620901 0.20000000
      vertex -2.10601095 -3.11712831 0.20000000
      vertex -2.10503778 -3.09876644 0.20000000
    endloop
  endfacet
  facet normal 0.00000000 0.00000000 1.00000000
    outer loop
      vertex -10.19726369 -4.09620901 0.20000000
      vertex -2.10503778 -3.09876644 0.20000000
      vertex -2.10473433 -3.07922319 0.20000000
    endloop
  endfacet
  facet normal 0.00000000 0.00000000 1.00000000
    outer loop
      vertex -10.19726369 -4.09620901 0.20000000
      vertex -2.10473433 -3.07922319 0.20000000
      vertex -2.10514319 -3.05850660 0.20000000
    endloop
  endfacet
  facet normal 0.00000000 0.00000000 1.00000000
    outer loop
      vertex -10.19726369 -4.09620901 0.20000000
      vertex -2.10514319 -3.05850660 0.20000000
      vertex -2.10637550 -3.03524635 0.20000000
    endloop
  endfacet
  facet normal 0.00000000 0.00000000 1.00000000
    outer loop
      vertex -10.22447956 -4.09973154 0.20000000
      vertex -10.19726369 -4.09620901 0.20000000
      vertex -2.10637550 -3.03524635 0.20000000
    endloop
  endfacet
  facet normal 0.00000000 0.00000000 1.00000000
    outer loop
      vertex -10.22447956 -4.09973154 0.20000000
      vertex -2.10637550 -3.03524635 0.20000000
      vertex -2.35657749 0.59629122 0.20000000
    endloop
  endfacet
  facet normal 0.00000000 0.00000000 1.00000000
    outer loop
      vertex -10.25450441 -4.10579367 0.20000000
      vertex -10.22447956 -4.09973154 0.20000000
      vertex -2.35657749 0.59629122 0.20000000
    endloop
  endfacet
  facet normal 0.00000000 0.00000000 1.00000000
    outer loop
      vertex -10.28460556 -4.11440167 0.20000000
      vertex -10.25450441 -4.10579367 0.20000000
      vertex -2.35657749 0.59629122 0.20000000
    endloop
  endfacet
  facet normal 0.00000000 0.00000000 1.00000000
    outer loop
      vertex -10.31462158 -4.12594723 0.20000000
      vertex -10.28460556 -4.11440167 0.20000000
      vertex -2.35657749 0.59629122 0.20000000
    endloop
  endfacet
  facet normal 0.00000000 0.00000000 1.00000000
    outer loop
      vertex -10.34420558 -4.14080164 0.20000000
      vertex -10.31462158 -4.12594723 0.20000000
      vertex -2.35657749 0.59629122 0.20000000
    endloop
  endfacet
  facet normal 0.00000000 0.00000000 1.00000000
    outer loop
      vertex -10.34420558 -4.14080164 0.20000000
      vertex -2.35657749 0.59629122 0.20000000
      vertex -2.35827629 0.62836489 0.20000000
    endloop
  endfacet
  facet normal 0.00000000 0.00000000 1.00000000
    outer loop
      vertex -10.34420558 -4.14080164 0.20000000
      vertex -2.35827629 0.62836489 0.20000000
      vertex -2.35892502 0.66138441 0.20000000
    endloop
  endfacet
  facet normal 0.00000000 0.00000000 1.00000000
    outer loop
      vertex -10.34420558 -4.14080164 0.20000000
      vertex -2.35892502 0.66138441 0.20000000
      vertex -2.35841108 0.69398172 0.20000000
    endloop
  endfacet
  facet normal 0.00000000 0.00000000 1.00000000
    outer loop
      vertex -10.34420558 -4.14080164 0.20000000
      vertex -2.35841108 0.69398172 0.20000000
      vertex -2.35668988 0.72616705 0.20000000
    endloop
  endfacet
  facet normal 0.00000000 0.00000000 1.00000000
    outer loop
      vertex -10.34420558 -4.14080164 0.20000000
      vertex -2.35668988 0.72616705 0.20000000
      vertex -2.35371174 0.75794449 0.20000000
    endloop
  endfacet
  facet normal 0.00000000 0.00000000 1.00000000
    outer loop
      vertex -10.34420558 -4.14080164 0.20000000
      vertex -2.35371174 0.75794449 0.20000000
      vertex -2.34942245 0.78930990 0.20000000
    endloop
  endfacet
  facet normal 0.00000000 0.00000000 1.00000000
    outer loop
      vertex -10.34420558 -4.14080164 0.20000000
      vertex -2.34942245 0.78930990 0.20000000
      vertex -2.34376435 0.82024874 0.20000000
    endloop
  endfacet
  facet normal 0.00000000 0.00000000 1.00000000
    outer loop
      vertex -10.34420558 -4.14080164 0.20000000
      vertex -2.34376435 0.82024874 0.20000000
      vertex -2.33667818 0.85073377 0.20000000
    endloop
  endfacet
  facet normal 0.00000000 0.00000000 1.00000000
    outer loop
      vertex -10.34420558 -4.14080164 0.20000000
      vertex -2.33667818 0.85073377 0.20000000
      vertex -2.32810559 0.88072304 0.20000000
    endloop
  endfacet
  facet normal 0.00000000 0.00000000 1.00000000
    outer loop
      vertex -10.34420558 -4.14080164 0.20000000
      vertex -2.32810559 0.88072304 0.20000000
      vertex -2.31799260 0.91015836 0.20000000
    endloop
  endfacet
  facet normal 0.00000000 0.00000000 1.00000000
    outer loop
      vertex -10.34420558 -4.14080164 0.20000000
      vertex -2.31799260 0.91015836 0.20000000
      vertex -2.30629365 0.93896469 0.20000000
    endloop
  endfacet
  facet normal 0.00000000 0.00000000 1.00000000
    outer loop
      vertex -10.34420558 -4.14080164 0.20000000
      vertex -2.30629365 0.93896469 0.20000000
      vertex -2.29297617 0.96705089 0.20000000
    endloop
  endfacet
  facet normal 0.00000000 0.00000000 1.00000000
    outer loop
      vertex -10.34420558 -4.14080164 0.20000000
      vertex -2.29297617 0.96705089 0.20000000
      vertex -2.27802499 0.99431205 0.20000000
    endloop
  endfacet
  facet normal 0.00000000 0.00000000 1.00000000
    outer loop
      vertex -10.34420558 -4.14080164 0.20000000
      vertex -2.27802499 0.99431205 0.20000000
      vertex -2.26144620 1.02063358 0.20000000
    endloop
  endfacet
  facet normal 0.00000000 0.00000000 1.00000000
    outer loop
      vertex -10.34420558 -4.14080164 0.20000000
      vertex -2.26144620 1.02063358 0.20000000
      vertex -2.24326957 1.04589693 0.20000000
    endloop
  endfacet
  facet normal 0.00000000 0.00000000 1.00000000
    outer loop
      vertex -10.34420558 -4.14080164 0.20000000
      vertex -2.24326957 1.04589693 0.20000000
      vertex -2.22354903 1.06998625 0.20000000
    endloop
  endfacet
  facet normal 0.00000000 0.00000000 1.00000000
    outer loop
      vertex -10.34420558 -4.14080164 0.20000000
      vertex -2.22354903 1.06998625 0.20000000
      vertex -2.20236092 1.09279545 0.20000000
    endloop
  endfacet
  facet normal 0.00000000 0.00000000 1.00000000
    outer loop
      vertex -10.34420558 -4.14080164 0.20000000
      vertex -2.20236092 1.09279545 0.20000000
      vertex -2.17980001 1.11423447 0.20000000
    endloop
  endfacet
  facet normal 0.00000000 0.00000000 1.00000000
    outer loop
      vertex -10.34420558 -4.14080164 0.20000000
      vertex -2.17980001 1.11423447 0.20000000
      vertex -2.15597371 1.13423415 0.20000000
    endloop
  endfacet
  facet normal 0.00000000 0.00000000 1.00000000
    outer loop
      vertex -10.34420558 -4.14080164 0.20000000
      vertex -2.15597371 1.13423415 0.20000000
      vertex -2.13099548 1.15274890 0.20000000
    endloop
  endfacet
  facet normal 0.00000000 0.00000000 1.00000000
    outer loop
      vertex -10.37280007 -4.15922468 0.20000000
      vertex -10.34420558 -4.14080164 0.20000000
      vertex -2.13099548 1.15274890 0.20000000
    endloop
  endfacet
  facet normal 0.00000000 0.00000000 1.00000000
    outer loop
      vertex -10.37280007 -4.15922468 0.20000000
      vertex -2.13099548 1.15274890 0.20000000
      vertex -2.10497798 1.16975713 0.20000000
    endloop
  endfacet
  facet normal 0.00000000 0.00000000 1.00000000
    outer loop
      vertex -1.77230753 1.26611035 0.20000000
      vertex 12.95326108 2.26060799 0.20000000
      vertex 12.98561704 2.26330935 0.20000000
    endloop
  endfacet
  facet normal 0.00000000 0.00000000 1.00000000
    outer loop
      vertex -1.77230753 1.26611035 0.20000000
      vertex 12.98561704 2.26330935 0.20000000
      vertex 13.01491221 2.26674171 0.20000000
    endloop
  endfacet
  facet normal 0.00000000 0.00000000 1.00000000
    outer loop
      vertex -1.77230753 1.26611035 0.20000000
      vertex 13.01491221 2.26674171 0.20000000
      vertex 13.04251046 2.27097597 0.20000000
    endloop
  endfacet
  facet normal 0.00000000 0.00000000 1.00000000
    outer loop
      vertex -1.77230753 1.26611035 0.20000000
      vertex 13.04251046 2.27097597 0.20000000
      vertex 13.06840387 2.27596251 0.20000000
    endloop
  endfacet
  facet normal 0.00000000 0.00000000 1.00000000
    outer loop
      vertex -1.77230753 1.26611035 0.20000000
      vertex 13.06840387 2.27596251 0.20000000
      vertex 13.09259156 2.28164635 0.20000000
    endloop
  endfacet
  facet normal 0.00000000 0.00000000 1.00000000
    outer loop
      vertex -1.77230753 1.26611035 0.20000000
      vertex 13.09259156 2.28164635 0.20000000
      vertex 13.11508196 2.28796790 0.20000000
    endloop
  endfacet
  facet normal 0.00000000 0.00000000 1.00000000
    outer loop
      vertex -1.77230753 1.26611035 0.20000000
      vertex 13.11508196 2.28796790 0.20000000
      vertex 13.13589541 2.29486432 0.20000000
    endloop
  endfacet
  facet normal 0.00000000 0.00000000 1.00000000
    outer loop
      vertex -1.77230753 1.26611035 0.20000000
      vertex 13.13589541 2.29486432 0.20000000
      vertex 13.15506673 2.30227184 0.20000000
    endloop
  endfacet
  facet normal 0.00000000 0.00000000 1.00000000
    outer loop
      vertex -1.77230753 1.26611035 0.20000000
      vertex 13.15506673 2.30227184 0.20000000
      vertex 13.17264752 2.31012896 0.20000000
    endloop
  endfacet
  facet normal 0.00000000 0.00000000 1.00000000
    outer loop
      vertex -1.77230753 1.26611035 0.20000000
      vertex 13.17264752 2.31012896 0.20000000
      vertex 13.18870788 2.31838072 0.20000000
    endloop
  endfacet
  facet normal 0.00000000 0.00000000 1.00000000
    outer loop
      vertex -1.77230753 1.26611035 0.20000000
      vertex 13.18870788 2.31838072 0.20000000
      vertex 13.20333682 2.32698380 0.20000000
    endloop
  endfacet
  facet normal 0.00000000 0.00000000 1.00000000
    outer loop
      vertex -1.77230753 1.26611035 0.20000000
      vertex 13.20333682 2.32698380 0.20000000
      vertex 13.21664112 2.33591212 0.20000000
    endloop
  endfacet
  facet normal 0.00000000 0.00000000 1.00000000
    outer loop
      vertex -1.77230753 1.26611035 0.20000000
      vertex 13.21664112 2.33591212 0.20000000
      vertex 13.22874189 2.34516223 0.20000000
    endloop
  endfacet
  facet normal 0.00000000 0.00000000 1.00000000
    outer loop
      vertex -1.77230753 1.26611035 0.20000000
      vertex 13.22874189 2.34516223 0.20000000
      vertex 13.23976915 2.35475768 0.20000000
    endloop
  endfacet
  facet normal 0.00000000 0.00000000 1.00000000
    outer loop
      vertex -1.77230753 1.26611035 0.20000000
      vertex 13.23976915 2.35475768 0.20000000
      vertex 13.24985426 2.36475136 0.20000000
    endloop
  endfacet
  facet normal 0.00000000 0.00000000 1.00000000
    outer loop
      vertex -1.77230753 1.26611035 0.20000000
      vertex 13.24985426 2.36475136 0.20000000
      vertex 13.25912136 2.37522514 0.20000000
    endloop
  endfacet
  facet normal 0.00000000 0.00000000 1.00000000
    outer loop
      vertex -1.77230753 1.26611035 0.20000000
      vertex 13.25912136 2.37522514 0.20000000
      vertex 13.26767875 2.38628634 0.20000000
    endloop
  endfacet
  facet normal 0.00000000 0.00000000 1.00000000
    outer loop
      vertex -1.77230753 1.26611035 0.20000000
      vertex 13.26767875 2.38628634 0.20000000
      vertex 13.27561164 2.39806141 0.20000000
    endloop
  endfacet
  facet normal 0.00000000 0.00000000 1.00000000
    outer loop
      vertex -1.77230753 1.26611035 0.20000000
      vertex 13.27561164 2.39806141 0.20000000
      vertex 13.28297725 2.41068761 0.20000000
    endloop
  endfacet
  facet normal 0.00000000 0.00000000 1.00000000
    outer loop
      vertex -1.77230753 1.26611035 0.20000000
      vertex 13.28297725 2.41068761 0.20000000
      vertex 13.28980297 2.42430389 0.20000000
    endloop
  endfacet
  facet normal 0.00000000 0.00000000 1.00000000
    outer loop
      vertex -1.77230753 1.26611035 0.20000000
      vertex 13.28980297 2.42430389 0.20000000
      vertex 13.29608766 2.43904233 0.20000000
    endloop
  endfacet
  facet normal 0.00000000 0.00000000 1.00000000
    outer loop
      vertex -1.77230753 1.26611035 0.20000000
      vertex 13.29608766 2.43904233 0.20000000
      vertex 13.30180528 2.45502131 0.20000000
    endloop
  endfacet
  facet normal 0.00000000 0.00000000 1.00000000
    outer loop
      vertex -1.77230753 1.26611035 0.20000000
      vertex 13.30180528 2.45502131 0.20000000
      vertex 13.30691027 2.47234083 0.20000000
    endloop
  endfacet
  facet normal 0.00000000 0.00000000 1.00000000
    outer loop
      vertex -1.77230753 1.26611035 0.20000000
      vertex 13.30691027 2.47234083 0.20000000
      vertex 13.31134342 2.49108025 0.20000000
    endloop
  endfacet
  facet normal 0.00000000 0.00000000 1.00000000
    outer loop
      vertex -1.77230753 1.26611035 0.20000000
      vertex 13.31134342 2.49108025 0.20000000
      vertex 13.31503766 2.51129814 0.20000000
    endloop
  endfacet
  facet normal 0.00000000 0.00000000 1.00000000
    outer loop
      vertex -1.77230753 1.26611035 0.20000000
      vertex 13.31503766 2.51129814 0.20000000
      vertex 13.31792292 2.53303373 0.20000000
    endloop
  endfacet
  facet normal 0.00000000 0.00000000 1.00000000
    outer loop
      vertex -1.80431477 1.26343780 0.20000000
      vertex -1.77230753 1.26611035 0.20000000
      vertex 13.31792292 2.53303373 0.20000000
    endloop
  endfacet
  facet normal 0.00000000 0.00000000 1.00000000
    outer loop
      vertex -1.80431477 1.26343780 0.20000000
      vertex 13.31792292 2.53303373 0.20000000
      vertex 13.31993003 2.55630929 0.20000000
    endloop
  endfacet
  facet normal 0.00000000 0.00000000 1.00000000
    outer loop
      vertex -1.80431477 1.26343780 0.20000000
      vertex 13.31993003 2.55630929 0.20000000
      vertex 13.32099349 2.58113305 0.20000000
    endloop
  endfacet
  facet normal 0.00000000 0.00000000 1.00000000
    outer loop
      vertex -1.80431477 1.26343780 0.20000000
      vertex 13.32099349 2.58113305 0.20000000
      vertex 13.32105316 2.60750218 0.20000000
    endloop
  endfacet
  facet normal 0.00000000 0.00000000 1.00000000
    outer loop
      vertex -1.80431477 1.26343780 0.20000000
      vertex 13.32105316 2.60750218 0.20000000
      vertex 13.32005519 2.63540552 0.20000000
    endloop
  endfacet
  facet normal 0.00000000 0.00000000 1.00000000
    outer loop
      vertex -1.80431477 1.26343780 0.20000000
      vertex 13.32005519 2.63540552 0.20000000
      vertex 13.31795233 2.66482602 0.20000000
    endloop
  endfacet
  facet normal 0.00000000 0.00000000 1.00000000
    outer loop
      vertex -1.80431477 1.26343780 0.20000000
      vertex 13.31795233 2.66482602 0.20000000
      vertex 13.31455935 2.69711678 0.20000000
    endloop
  endfacet
  facet normal 0.00000000 0.00000000 1.00000000
    outer loop
      vertex -1.80431477 1.26343780 0.20000000
      vertex 13.31455935 2.69711678 0.20000000
      vertex 12.95204857 5.68956243 0.20000000
    endloop
  endfacet
  facet normal 0.00000000 0.00000000 1.00000000
    outer loop
      vertex -1.83711651 1.25959645 0.20000000
      vertex -1.80431477 1.26343780 0.20000000
      vertex 12.95204857 5.68956243 0.20000000
    endloop
  endfacet
  facet normal 0.00000000 0.00000000 1.00000000
    outer loop
      vertex -1.86934205 1.25466054 0.20000000
      vertex -1.83711651 1.25959645 0.20000000
      vertex 12.95204857 5.68956243 0.20000000
    endloop
  endfacet
  facet normal 0.00000000 0.00000000 1.00000000
    outer loop
      vertex -1.90099548 1.24858450 0.20000000
      vertex -1.86934205 1.25466054 0.20000000
      vertex 12.95204857 5.68956243 0.20000000
    endloop
  endfacet
  facet normal 0.00000000 0.00000000 1.00000000
    outer loop
      vertex -1.93207411 1.24131856 0.20000000
      vertex -1.90099548 1.24858450 0.20000000
      vertex 12.95204857 5.68956243 0.20000000
    endloop
  endfacet
  facet normal 0.00000000 0.00000000 1.00000000
    outer loop
      vertex -1.96256647 1.23280957 0.20000000
      vertex -1.93207411 1.24131856 0.20000000
      vertex 12.95204857 5.68956243 0.20000000
    endloop
  endfacet
  facet normal 0.00000000 0.00000000 1.00000000
    outer loop
      vertex -1.96256647 1.23280957 0.20000000
      vertex 12.95204857 5.68956243 0.20000000
      vertex 12.95014114 5.70345717 0.20000000
    endloop
  endfacet
  facet normal 0.00000000 0.00000000 1.00000000
    outer loop
      vertex -1.96256647 1.23280957 0.20000000
      vertex 12.95014114 5.70345717 0.20000000
      vertex 12.94817057 5.71495399 0.20000000
    endloop
  endfacet
  facet normal 0.00000000 0.00000000 1.00000000
    outer loop
      vertex -1.96256647 1.23280957 0.20000000
      vertex 12.94817057 5.71495399 0.20000000
      vertex 12.94599247 5.72541354 0.20000000
    endloop
  endfacet
  facet normal 0.00000000 0.00000000 1.00000000
    outer loop
      vertex -1.96256647 1.23280957 0.20000000
      vertex 12.94599247 5.72541354 0.20000000
      vertex 12.94121296 5.74321162 0.20000000
    endloop
  endfacet
  facet normal 0.00000000 0.00000000 1.00000000
    outer loop
      vertex -1.96256647 1.23280957 0.20000000
      vertex 12.94121296 5.74321162 0.20000000
      vertex 12.93624132 5.75691833 0.20000000
    endloop
  endfacet
  facet normal 0.00000000 0.00000000 1.00000000
    outer loop
      vertex -1.96256647 1.23280957 0.20000000
      vertex 12.93624132 5.75691833 0.20000000
      vertex 12.93154503 5.76678724 0.20000000
    endloop
  endfacet
  facet normal 0.00000000 0.00000000 1.00000000
    outer loop
      vertex -1.96256647 1.23280957 0.20000000
      vertex 12.93154503 5.76678724 0.20000000
      vertex 12.92585650 5.77556691 0.20000000
    endloop
  endfacet
  facet normal 0.00000000 0.00000000 1.00000000
    outer loop
      vertex -1.96256647 1.23280957 0.20000000
      vertex 12.92585650 5.77556691 0.20000000
      vertex 12.91695429 5.78290462 0.20000000
    endloop
  endfacet
  facet normal 0.00000000 0.00000000 1.00000000
    outer loop
      vertex -1.96256647 1.23280957 0.20000000
      vertex 12.91695429 5.78290462 0.20000000
      vertex 12.90490031 5.78688399 0.20000000
    endloop
  endfacet
  facet normal 0.00000000 0.00000000 1.00000000
    outer loop
      vertex -1.96256647 1.23280957 0.20000000
      vertex 12.90490031 5.78688399 0.20000000
      vertex 12.89412083 5.78868767 0.20000000
    endloop
  endfacet
  facet normal 0.00000000 0.00000000 1.00000000
    outer loop
      vertex -1.96256647 1.23280957 0.20000000
      vertex 12.89412083 5.78868767 0.20000000
      vertex 12.87957563 5.78970153 0.20000000
    endloop
  endfacet
  facet normal 0.00000000 0.00000000 1.00000000
    outer loop
      vertex -1.96256647 1.23280957 0.20000000
      vertex 12.87957563 5.78970153 0.20000000
      vertex 12.86114933 5.78940641 0.20000000
    endloop
  endfacet
  facet normal 0.00000000 0.00000000 1.00000000
    outer loop
      vertex -1.96256647 1.23280957 0.20000000
      vertex 12.86114933 5.78940641 0.20000000
      vertex 12.85049390 5.78862653 0.20000000
    endloop
  endfacet
  facet normal 0.00000000 0.00000000 1.00000000
    outer loop
      vertex -1.96256647 1.23280957 0.20000000
      vertex 12.85049390 5.78862653 0.20000000
      vertex 12.83889816 5.78736208 0.20000000
    endloop
  endfacet
  facet normal 0.00000000 0.00000000 1.00000000
    outer loop
      vertex -1.96256647 1.23280957 0.20000000
      vertex 12.83889816 5.78736208 0.20000000
      vertex 12.82501416 5.78537802 0.20000000
    endloop
  endfacet
  facet normal 0.00000000 -0.00000000 1.00000000
    outer loop
      vertex -1.96256647 1.23280957 0.20000000
      vertex 12.82501416 5.78537802 0.20000000
      vertex -10.37820233 2.09293225 0.20000000
    endloop
  endfacet
  facet normal 0.00000000 -0.00000000 1.00000000
    outer loop
      vertex -1.99245032 1.22300238 0.20000000
      vertex -1.96256647 1.23280957 0.20000000
      vertex -10.37820233 2.09293225 0.20000000
    endloop
  endfacet
  facet normal 0.00000000 -0.00000000 1.00000000
    outer loop
      vertex -2.02169064 1.21184197 0.20000000
      vertex -1.99245032 1.22300238 0.20000000
      vertex -10.37820233 2.09293225 0.20000000
    endloop
  endfacet
  facet normal 0.00000000 -0.00000000 1.00000000
    outer loop
      vertex -2.05023794 1.19927625 0.20000000
      vertex -2.02169064 1.21184197 0.20000000
      vertex -10.37820233 2.09293225 0.20000000
    endloop
  endfacet
  facet normal 0.00000000 -0.00000000 1.00000000
    outer loop
      vertex -2.07802723 1.18525961 0.20000000
      vertex -2.05023794 1.19927625 0.20000000
      vertex -10.37820233 2.09293225 0.20000000
    endloop
  endfacet
  facet normal 0.00000000 -0.00000000 1.00000000
    outer loop
      vertex -2.10497798 1.16975713 0.20000000
      vertex -2.07802723 1.18525961 0.20000000
      vertex -10.37820233 2.09293225 0.20000000
    endloop
  endfacet
  facet normal 0.00000000 -0.00000000 1.00000000
    outer loop
      vertex -10.37280007 -4.15922468 0.20000000
      vertex -2.10497798 1.16975713 0.20000000
      vertex -10.37820233 2.09293225 0.20000000
    endloop
  endfacet
  facet normal 0.00000000 0.00000000 1.00000000
    outer loop
      vertex -10.39966885 -4.18125421 0.20000000
      vertex -10.37280007 -4.15922468 0.20000000
      vertex -10.37820233 2.09293225 0.20000000
    endloop
  endfacet
  facet normal 0.00000000 0.00000000 1.00000000
    outer loop
      vertex -10.42400589 -4.20662053 0.20000000
      vertex -10.39966885 -4.18125421 0.20000000
      vertex -10.37820233 2.09293225 0.20000000
    endloop
  endfacet
  facet normal 0.00000000 0.00000000 1.00000000
    outer loop
      vertex -10.44510052 -4.23474096 0.20000000
      vertex -10.42400589 -4.20662053 0.20000000
      vertex -10.37820233 2.09293225 0.20000000
    endloop
  endfacet
  facet normal 0.00000000 0.00000000 1.00000000
    outer loop
      vertex -10.46249271 -4.26481991 0.20000000
      vertex -10.44510052 -4.23474096 0.20000000
      vertex -10.37820233 2.09293225 0.20000000
    endloop
  endfacet
  facet normal 0.00000000 0.00000000 1.00000000
    outer loop
      vertex -10.47604672 -4.29601835 0.20000000
      vertex -10.46249271 -4.26481991 0.20000000
      vertex -10.37820233 2.09293225 0.20000000
    endloop
  endfacet
  facet normal 0.00000000 0.00000000 1.00000000
    outer loop
      vertex -10.48591902 -4.32761588 0.20000000
      vertex -10.47604672 -4.29601835 0.20000000
      vertex -10.37820233 2.09293225 0.20000000
    endloop
  endfacet
  facet normal 0.00000000 0.00000000 1.00000000
    outer loop
      vertex -10.49245617 -4.35910440 0.20000000
      vertex -10.48591902 -4.32761588 0.20000000
      vertex -10.37820233 2.09293225 0.20000000
    endloop
  endfacet
  facet normal 0.00000000 0.00000000 1.00000000
    outer loop
      vertex -10.49608068 -4.39020167 0.20000000
      vertex -10.49245617 -4.35910440 0.20000000
      vertex -10.37820233 2.09293225 0.20000000
    endloop
  endfacet
  facet normal 0.00000000 0.00000000 1.00000000
    outer loop
      vertex -10.49720522 -4.42081174 0.20000000
      vertex -10.49608068 -4.39020167 0.20000000
      vertex -10.37820233 2.09293225 0.20000000
    endloop
  endfacet
  facet normal 0.00000000 0.00000000 1.00000000
    outer loop
      vertex -10.49720522 -4.42081174 0.20000000
      vertex -10.37820233 2.09293225 0.20000000
      vertex -10.44970270 2.08072736 0.20000000
    endloop
  endfacet
  facet normal 0.00000000 -0.00000000 1.00000000
    outer loop
      vertex -10.49720522 -4.42081174 0.20000000
      vertex -10.44970270 2.08072736 0.20000000
      vertex -10.51918017 2.06722917 0.20000000
    endloop
  endfacet
  facet normal 0.00000000 0.00000000 1.00000000
    outer loop
      vertex -10.49720522 -4.42081174 0.20000000
      vertex -10.51918017 2.06722917 0.20000000
      vertex -10.58762951 2.05227289 0.20000000
    endloop
  endfacet
  facet normal 0.00000000 0.00000000 1.00000000
    outer loop
      vertex -10.49720522 -4.42081174 0.20000000
      vertex -10.58762951 2.05227289 0.20000000
      vertex -10.65505682 2.03586224 0.20000000
    endloop
  endfacet
  facet normal 0.00000000 0.00000000 1.00000000
    outer loop
      vertex -10.49720522 -4.42081174 0.20000000
      vertex -10.65505682 2.03586224 0.20000000
      vertex -10.72146880 2.01800053 0.20000000
    endloop
  endfacet
  facet normal 0.00000000 0.00000000 1.00000000
    outer loop
      vertex -10.49627808 -4.44823896 0.20000000
      vertex -10.49720522 -4.42081174 0.20000000
      vertex -10.72146880 2.01800053 0.20000000
    endloop
  endfacet
  facet normal 0.00000000 0.00000000 1.00000000
    outer loop
      vertex -10.49627808 -4.44823896 0.20000000
      vertex -10.72146880 2.01800053 0.20000000
      vertex -10.78687263 1.99869062 0.20000000
    endloop
  endfacet
  facet normal 0.00000000 0.00000000 1.00000000
    outer loop
      vertex -10.49627808 -4.44823896 0.20000000
      vertex -10.78687263 1.99869062 0.20000000
      vertex -10.85127603 1.97793483 0.20000000
    endloop
  endfacet
  facet normal 0.00000000 0.00000000 1.00000000
    outer loop
      vertex -10.49627808 -4.44823896 0.20000000
      vertex -10.85127603 1.97793483 0.20000000
      vertex -10.91468716 1.95573488 0.20000000
    endloop
  endfacet
  facet normal 0.00000000 0.00000000 1.00000000
    outer loop
      vertex -10.41233908 -5.77871159 0.20000000
      vertex -10.49627808 -4.44823896 0.20000000
      vertex -10.91468716 1.95573488 0.20000000
    endloop
  endfacet
  facet normal 0.00000000 0.00000000 1.00000000
    outer loop
      vertex -10.41233908 -5.77871159 0.20000000
      vertex -10.91468716 1.95573488 0.20000000
      vertex -10.97711454 1.93209185 0.20000000
    endloop
  endfacet
  facet normal 0.00000000 0.00000000 1.00000000
    outer loop
      vertex -10.41233908 -5.77871159 0.20000000
      vertex -10.97711454 1.93209185 0.20000000
      vertex -11.03856706 1.90700614 0.20000000
    endloop
  endfacet
  facet normal 0.00000000 0.00000000 1.00000000
    outer loop
      vertex -10.41233908 -5.77871159 0.20000000
      vertex -11.03856706 1.90700614 0.20000000
      vertex -11.09905381 1.88047738 0.20000000
    endloop
  endfacet
  facet normal 0.00000000 0.00000000 1.00000000
    outer loop
      vertex -10.41233908 -5.77871159 0.20000000
      vertex -11.09905381 1.88047738 0.20000000
      vertex -11.15858406 1.85250447 0.20000000
    endloop
  endfacet
  facet normal 0.00000000 0.00000000 1.00000000
    outer loop
      vertex -10.41233908 -5.77871159 0.20000000
      vertex -11.15858406 1.85250447 0.20000000
      vertex -11.21716715 1.82308552 0.20000000
    endloop
  endfacet
  facet normal 0.00000000 0.00000000 1.00000000
    outer loop
      vertex -10.41233908 -5.77871159 0.20000000
      vertex -11.21716715 1.82308552 0.20000000
      vertex -11.27481237 1.79221787 0.20000000
    endloop
  endfacet
  facet normal 0.00000000 0.00000000 1.00000000
    outer loop
      vertex -10.41233908 -5.77871159 0.20000000
      vertex -11.27481237 1.79221787 0.20000000
      vertex -11.33152890 1.75989806 0.20000000
    endloop
  endfacet
  facet normal 0.00000000 0.00000000 1.00000000
    outer loop
      vertex -10.41233908 -5.77871159 0.20000000
      vertex -11.33152890 1.75989806 0.20000000
      vertex -11.38732567 1.72612190 0.20000000
    endloop
  endfacet
  facet normal 0.00000000 0.00000000 1.00000000
    outer loop
      vertex -10.41233908 -5.77871159 0.20000000
      vertex -11.38732567 1.72612190 0.20000000
      vertex -11.44221131 1.69088448 0.20000000
    endloop
  endfacet
  facet normal 0.00000000 0.00000000 1.00000000
    outer loop
      vertex -10.41233908 -5.77871159 0.20000000
      vertex -11.44221131 1.69088448 0.20000000
      vertex -11.49619401 1.65418023 0.20000000
    endloop
  endfacet
  facet normal 0.00000000 0.00000000 1.00000000
    outer loop
      vertex -10.41233908 -5.77871159 0.20000000
      vertex -11.49619401 1.65418023 0.20000000
      vertex -11.54928148 1.61600296 0.20000000
    endloop
  endfacet
  facet normal 0.00000000 0.00000000 1.00000000
    outer loop
      vertex -10.41233908 -5.77871159 0.20000000
      vertex -11.54928148 1.61600296 0.20000000
      vertex -11.60148084 1.57634594 0.20000000
    endloop
  endfacet
  facet normal 0.00000000 0.00000000 1.00000000
    outer loop
      vertex -10.41056786 -5.78970153 0.20000000
      vertex -10.41233908 -5.77871159 0.20000000
      vertex -11.60148084 1.57634594 0.20000000
    endloop
  endfacet
  facet normal 0.00000000 0.00000000 1.00000000
    outer loop
      vertex -10.41056786 -5.78970153 0.20000000
      vertex -11.60148084 1.57634594 0.20000000
      vertex -11.65279860 1.53520202 0.20000000
    endloop
  endfacet
  facet normal 0.00000000 0.00000000 1.00000000
    outer loop
      vertex -10.41056786 -5.78970153 0.20000000
      vertex -11.65279860 1.53520202 0.20000000
      vertex -11.70324055 1.49256363 0.20000000
    endloop
  endfacet
  facet normal 0.00000000 0.00000000 1.00000000
    outer loop
      vertex -10.41056786 -5.78970153 0.20000000
      vertex -11.70324055 1.49256363 0.20000000
      vertex -11.75281176 1.44842295 0.20000000
    endloop
  endfacet
  facet normal 0.00000000 0.00000000 1.00000000
    outer loop
      vertex -10.41056786 -5.78970153 0.20000000
      vertex -11.75281176 1.44842295 0.20000000
      vertex -11.80151656 1.40277195 0.20000000
    endloop
  endfacet
  facet normal 0.00000000 0.00000000 1.00000000
    outer loop
      vertex -10.41056786 -5.78970153 0.20000000
      vertex -11.80151656 1.40277195 0.20000000
      vertex -11.84935851 1.35560250 0.20000000
    endloop
  endfacet
  facet normal 0.00000000 0.00000000 1.00000000
    outer loop
      vertex -10.41056786 -5.78970153 0.20000000
      vertex -11.84935851 1.35560250 0.20000000
      vertex -11.89634038 1.30690646 0.20000000
    endloop
  endfacet
  facet normal 0.00000000 0.00000000 1.00000000
    outer loop
      vertex -10.41056786 -5.78970153 0.20000000
      vertex -11.89634038 1.30690646 0.20000000
      vertex -11.94246423 1.25667574 0.20000000
    endloop
  endfacet
  facet normal 0.00000000 0.00000000 1.00000000
    outer loop
      vertex -10.41056786 -5.78970153 0.20000000
      vertex -11.94246423 1.25667574 0.20000000
      vertex -11.98773135 1.20490241 0.20000000
    endloop
  endfacet
  facet normal 0.00000000 0.00000000 1.00000000
    outer loop
      vertex -10.41056786 -5.78970153 0.20000000
      vertex -11.98773135 1.20490241 0.20000000
      vertex -12.03214237 1.15157874 0.20000000
    endloop
  endfacet
  facet normal 0.00000000 0.00000000 1.00000000
    outer loop
      vertex -10.41056786 -5.78970153 0.20000000
      vertex -12.03214237 1.15157874 0.20000000
      vertex -12.07569723 1.09669727 0.20000000
    endloop
  endfacet
  facet normal 0.00000000 0.00000000 1.00000000
    outer loop
      vertex -10.41056786 -5.78970153 0.20000000
      vertex -12.07569723 1.09669727 0.20000000
      vertex -12.11839529 1.04025087 0.20000000
    endloop
  endfacet
  facet normal 0.00000000 0.00000000 1.00000000
    outer loop
      vertex -10.41056786 -5.78970153 0.20000000
      vertex -12.11839529 1.04025087 0.20000000
      vertex -12.16082234 0.98141883 0.20000000
    endloop
  endfacet
  facet normal 0.00000000 0.00000000 1.00000000
    outer loop
      vertex -10.41056786 -5.78970153 0.20000000
      vertex -12.16082234 0.98141883 0.20000000
      vertex -12.62678201 0.31971656 0.20000000
    endloop
  endfacet
  facet normal 0.00000000 0.00000000 1.00000000
    outer loop
      vertex -10.41056786 -5.78970153 0.20000000
      vertex -12.62678201 0.31971656 0.20000000
      vertex -12.68349495 0.23723076 0.20000000
    endloop
  endfacet
  facet normal 0.00000000 0.00000000 1.00000000
    outer loop
      vertex -10.41056786 -5.78970153 0.20000000
      vertex -12.68349495 0.23723076 0.20000000
      vertex -12.73722844 0.15514363 0.20000000
    endloop
  endfacet
  facet normal 0.00000000 0.00000000 1.00000000
    outer loop
      vertex -10.41056786 -5.78970153 0.20000000
      vertex -12.73722844 0.15514363 0.20000000
      vertex -12.78855536 0.07263047 0.20000000
    endloop
  endfacet
  facet normal 0.00000000 0.00000000 1.00000000
    outer loop
      vertex -10.41056786 -5.78970153 0.20000000
      vertex -12.78855536 0.07263047 0.20000000
      vertex -12.83748253 -0.01031051 0.20000000
    endloop
  endfacet
  facet normal 0.00000000 0.00000000 1.00000000
    outer loop
      vertex -10.41056786 -5.78970153 0.20000000
      vertex -12.83748253 -0.01031051 0.20000000
      vertex -12.88401687 -0.09368177 0.20000000
    endloop
  endfacet
  facet normal 0.00000000 0.00000000 1.00000000
    outer loop
      vertex -10.41056786 -5.78970153 0.20000000
      vertex -12.88401687 -0.09368177 0.20000000
      vertex -12.92816533 -0.17748646 0.20000000
    endloop
  endfacet
  facet normal 0.00000000 0.00000000 1.00000000
    outer loop
      vertex -10.41056786 -5.78970153 0.20000000
      vertex -12.92816533 -0.17748646 0.20000000
      vertex -12.96993482 -0.26172847 0.20000000
    endloop
  endfacet
  facet normal 0.00000000 0.00000000 1.00000000
    outer loop
      vertex -10.41056786 -5.78970153 0.20000000
      vertex -12.96993482 -0.26172847 0.20000000
      vertex -13.00933214 -0.34641238 0.20000000
    endloop
  endfacet
  facet normal 0.00000000 0.00000000 1.00000000
    outer loop
      vertex -10.41056786 -5.78970153 0.20000000
      vertex -13.00933214 -0.34641238 0.20000000
      vertex -13.04636390 -0.43154348 0.20000000
    endloop
  endfacet
  facet normal 0.00000000 0.00000000 1.00000000
    outer loop
      vertex -10.41056786 -5.78970153 0.20000000
      vertex -13.04636390 -0.43154348 0.20000000
      vertex -13.08103645 -0.51712777 0.20000000
    endloop
  endfacet
  facet normal 0.00000000 0.00000000 1.00000000
    outer loop
      vertex -10.41056786 -5.78970153 0.20000000
      vertex -13.08103645 -0.51712777 0.20000000
      vertex -13.11335576 -0.60317192 0.20000000
    endloop
  endfacet
  facet normal 0.00000000 0.00000000 1.00000000
    outer loop
      vertex -10.41056786 -5.78970153 0.20000000
      vertex -13.11335576 -0.60317192 0.20000000
      vertex -13.14332742 -0.68968321 0.20000000
    endloop
  endfacet
  facet normal 0.00000000 0.00000000 1.00000000
    outer loop
      vertex -10.41056786 -5.78970153 0.20000000
      vertex -13.14332742 -0.68968321 0.20000000
      vertex -13.17095646 -0.77666952 0.20000000
    endloop
  endfacet
  facet normal 0.00000000 0.00000000 1.00000000
    outer loop
      vertex -10.41056786 -5.78970153 0.20000000
      vertex -13.17095646 -0.77666952 0.20000000
      vertex -13.19624740 -0.86413923 0.20000000
    endloop
  endfacet
  facet normal 0.00000000 0.00000000 1.00000000
    outer loop
      vertex -10.41056786 -5.78970153 0.20000000
      vertex -13.19624740 -0.86413923 0.20000000
      vertex -13.21920409 -0.95210115 0.20000000
    endloop
  endfacet
  facet normal 0.00000000 0.00000000 1.00000000
    outer loop
      vertex -10.41056786 -5.78970153 0.20000000
      vertex -13.21920409 -0.95210115 0.20000000
      vertex -13.23982971 -1.04056444 0.20000000
    endloop
  endfacet
  facet normal 0.00000000 0.00000000 1.00000000
    outer loop
      vertex -10.41056786 -5.78970153 0.20000000
      vertex -13.23982971 -1.04056444 0.20000000
      vertex -13.25812672 -1.12953854 0.20000000
    endloop
  endfacet
  facet normal 0.00000000 0.00000000 1.00000000
    outer loop
      vertex -10.41056786 -5.78970153 0.20000000
      vertex -13.25812672 -1.12953854 0.20000000
      vertex -13.27409684 -1.21903303 0.20000000
    endloop
  endfacet
  facet normal 0.00000000 0.00000000 1.00000000
    outer loop
      vertex -10.41056786 -5.78970153 0.20000000
      vertex -13.27409684 -1.21903303 0.20000000
      vertex -13.28774101 -1.30905757 0.20000000
    endloop
  endfacet
  facet normal 0.00000000 0.00000000 1.00000000
    outer loop
      vertex -10.41056786 -5.78970153 0.20000000
      vertex -13.28774101 -1.30905757 0.20000000
      vertex -13.29905941 -1.39962178 0.20000000
    endloop
  endfacet
  facet normal 0.00000000 0.00000000 1.00000000
    outer loop
      vertex -10.41056786 -5.78970153 0.20000000
      vertex -13.29905941 -1.39962178 0.20000000
      vertex -13.30805147 -1.49073516 0.20000000
    endloop
  endfacet
  facet normal 0.00000000 0.00000000 1.00000000
    outer loop
      vertex -10.41056786 -5.78970153 0.20000000
      vertex -13.30805147 -1.49073516 0.20000000
      vertex -13.31471589 -1.58240696 0.20000000
    endloop
  endfacet
  facet normal 0.00000000 0.00000000 1.00000000
    outer loop
      vertex -10.41056786 -5.78970153 0.20000000
      vertex -13.31471589 -1.58240696 0.20000000
      vertex -13.31905067 -1.67464613 0.20000000
    endloop
  endfacet
  facet normal 0.00000000 0.00000000 1.00000000
    outer loop
      vertex -10.41056786 -5.78970153 0.20000000
      vertex -13.31905067 -1.67464613 0.20000000
      vertex -13.32105316 -1.76746125 0.20000000
    endloop
  endfacet
  facet normal 0.00000000 0.00000000 1.00000000
    outer loop
      vertex -10.41056786 -5.78970153 0.20000000
      vertex -13.32105316 -1.76746125 0.20000000
      vertex -13.32072010 -1.86086040 0.20000000
    endloop
  endfacet
  facet normal 0.00000000 0.00000000 1.00000000
    outer loop
      vertex -10.41056786 -5.78970153 0.20000000
      vertex -13.32072010 -1.86086040 0.20000000
      vertex -13.31804772 -1.95485117 0.20000000
    endloop
  endfacet
  facet normal 0.00000000 0.00000000 1.00000000
    outer loop
      vertex -10.41056786 -5.78970153 0.20000000
      vertex -13.31804772 -1.95485117 0.20000000
      vertex -13.31303175 -2.04944057 0.20000000
    endloop
  endfacet
  facet normal 0.00000000 0.00000000 1.00000000
    outer loop
      vertex -10.41056786 -5.78970153 0.20000000
      vertex -13.31303175 -2.04944057 0.20000000
      vertex -13.30566755 -2.14463501 0.20000000
    endloop
  endfacet
  facet normal 0.00000000 0.00000000 1.00000000
    outer loop
      vertex -10.41056786 -5.78970153 0.20000000
      vertex -13.30566755 -2.14463501 0.20000000
      vertex -13.29595012 -2.24044025 0.20000000
    endloop
  endfacet
  facet normal 0.00000000 0.00000000 1.00000000
    outer loop
      vertex -10.41056786 -5.78970153 0.20000000
      vertex -13.29595012 -2.24044025 0.20000000
      vertex -13.28387420 -2.33686144 0.20000000
    endloop
  endfacet
  facet normal 0.00000000 0.00000000 1.00000000
    outer loop
      vertex -10.41056786 -5.78970153 0.20000000
      vertex -13.28387420 -2.33686144 0.20000000
      vertex -13.26943437 -2.43390306 0.20000000
    endloop
  endfacet
  facet normal 0.00000000 0.00000000 1.00000000
    outer loop
      vertex -10.41056786 -5.78970153 0.20000000
      vertex -13.26943437 -2.43390306 0.20000000
      vertex -13.25245552 -2.53255388 0.20000000
    endloop
  endfacet
  facet normal 0.00000000 0.00000000 1.00000000
    outer loop
      vertex -10.41056786 -5.78970153 0.20000000
      vertex -13.25245552 -2.53255388 0.20000000
      vertex -12.95296907 -4.16309122 0.20000000
    endloop
  endfacet
  facet normal 0.00000000 0.00000000 1.00000000
    outer loop
      vertex -10.41056786 -5.78970153 0.20000000
      vertex -12.95296907 -4.16309122 0.20000000
      vertex -12.93876800 -4.23454851 0.20000000
    endloop
  endfacet
  facet normal 0.00000000 0.00000000 1.00000000
    outer loop
      vertex -10.41056786 -5.78970153 0.20000000
      vertex -12.93876800 -4.23454851 0.20000000
      vertex -12.92308710 -4.30272592 0.20000000
    endloop
  endfacet
  facet normal 0.00000000 0.00000000 1.00000000
    outer loop
      vertex -10.41056786 -5.78970153 0.20000000
      vertex -12.92308710 -4.30272592 0.20000000
      vertex -12.90569312 -4.36889028 0.20000000
    endloop
  endfacet
  facet normal 0.00000000 0.00000000 1.00000000
    outer loop
      vertex -10.41056786 -5.78970153 0.20000000
      vertex -12.90569312 -4.36889028 0.20000000
      vertex -12.88660275 -4.43305261 0.20000000
    endloop
  endfacet
  facet normal 0.00000000 0.00000000 1.00000000
    outer loop
      vertex -10.41056786 -5.78970153 0.20000000
      vertex -12.88660275 -4.43305261 0.20000000
      vertex -12.86583215 -4.49522687 0.20000000
    endloop
  endfacet
  facet normal 0.00000000 0.00000000 1.00000000
    outer loop
      vertex -10.41056786 -5.78970153 0.20000000
      vertex -12.86583215 -4.49522687 0.20000000
      vertex -12.84339644 -4.55543014 0.20000000
    endloop
  endfacet
  facet normal 0.00000000 0.00000000 1.00000000
    outer loop
      vertex -10.41056786 -5.78970153 0.20000000
      vertex -12.84339644 -4.55543014 0.20000000
      vertex -12.81930921 -4.61368267 0.20000000
    endloop
  endfacet
  facet normal 0.00000000 0.00000000 1.00000000
    outer loop
      vertex -10.41056786 -5.78970153 0.20000000
      vertex -12.81930921 -4.61368267 0.20000000
      vertex -12.79358196 -4.67000787 0.20000000
    endloop
  endfacet
  facet normal 0.00000000 0.00000000 1.00000000
    outer loop
      vertex -10.41056786 -5.78970153 0.20000000
      vertex -12.79358196 -4.67000787 0.20000000
      vertex -12.76622350 -4.72443213 0.20000000
    endloop
  endfacet
  facet normal 0.00000000 0.00000000 1.00000000
    outer loop
      vertex -10.41056786 -5.78970153 0.20000000
      vertex -12.76622350 -4.72443213 0.20000000
      vertex -12.73723938 -4.77698452 0.20000000
    endloop
  endfacet
  facet normal 0.00000000 0.00000000 1.00000000
    outer loop
      vertex -10.41056786 -5.78970153 0.20000000
      vertex -12.73723938 -4.77698452 0.20000000
      vertex -12.70663138 -4.82769639 0.20000000
    endloop
  endfacet
  facet normal 0.00000000 0.00000000 1.00000000
    outer loop
      vertex -10.41056786 -5.78970153 0.20000000
      vertex -12.70663138 -4.82769639 0.20000000
      vertex -12.67439707 -4.87660075 0.20000000
    endloop
  endfacet
  facet normal 0.00000000 0.00000000 1.00000000
    outer loop
      vertex -10.41056786 -5.78970153 0.20000000
      vertex -12.67439707 -4.87660075 0.20000000
      vertex -12.64052948 -4.92373152 0.20000000
    endloop
  endfacet
  facet normal 0.00000000 0.00000000 1.00000000
    outer loop
      vertex -10.41056786 -5.78970153 0.20000000
      vertex -12.64052948 -4.92373152 0.20000000
      vertex -12.60501695 -4.96912277 0.20000000
    endloop
  endfacet
  facet normal 0.00000000 0.00000000 1.00000000
    outer loop
      vertex -10.41056786 -5.78970153 0.20000000
      vertex -12.60501695 -4.96912277 0.20000000
      vertex -12.56784317 -5.01280778 0.20000000
    endloop
  endfacet
  facet normal 0.00000000 0.00000000 1.00000000
    outer loop
      vertex -10.41056786 -5.78970153 0.20000000
      vertex -12.56784317 -5.01280778 0.20000000
      vertex -12.52898737 -5.05481819 0.20000000
    endloop
  endfacet
  facet normal 0.00000000 0.00000000 1.00000000
    outer loop
      vertex -10.41056786 -5.78970153 0.20000000
      vertex -12.52898737 -5.05481819 0.20000000
      vertex -12.48842481 -5.09518309 0.20000000
    endloop
  endfacet
  facet normal 0.00000000 0.00000000 1.00000000
    outer loop
      vertex -10.41056786 -5.78970153 0.20000000
      vertex -12.48842481 -5.09518309 0.20000000
      vertex -12.44612730 -5.13392831 0.20000000
    endloop
  endfacet
  facet normal 0.00000000 0.00000000 1.00000000
    outer loop
      vertex -10.41056786 -5.78970153 0.20000000
      vertex -12.44612730 -5.13392831 0.20000000
      vertex -12.40206400 -5.17107572 0.20000000
    endloop
  endfacet
  facet normal 0.00000000 0.00000000 1.00000000
    outer loop
      vertex -10.41056786 -5.78970153 0.20000000
      vertex -12.40206400 -5.17107572 0.20000000
      vertex -12.35620222 -5.20664285 0.20000000
    endloop
  endfacet
  facet normal 0.00000000 0.00000000 1.00000000
    outer loop
      vertex -10.41056786 -5.78970153 0.20000000
      vertex -12.35620222 -5.20664285 0.20000000
      vertex -12.30850837 -5.24064260 0.20000000
    endloop
  endfacet
  facet normal 0.00000000 0.00000000 1.00000000
    outer loop
      vertex -10.41056786 -5.78970153 0.20000000
      vertex -12.30850837 -5.24064260 0.20000000
      vertex -12.25894878 -5.27308317 0.20000000
    endloop
  endfacet
  facet normal 0.00000000 0.00000000 1.00000000
    outer loop
      vertex -10.41056786 -5.78970153 0.20000000
      vertex -12.25894878 -5.27308317 0.20000000
      vertex -12.20749056 -5.30396820 0.20000000
    endloop
  endfacet
  facet normal 0.00000000 0.00000000 1.00000000
    outer loop
      vertex -10.41056786 -5.78970153 0.20000000
      vertex -12.20749056 -5.30396820 0.20000000
      vertex -12.15410233 -5.33329706 0.20000000
    endloop
  endfacet
  facet normal 0.00000000 0.00000000 1.00000000
    outer loop
      vertex -10.41056786 -5.78970153 0.20000000
      vertex -12.15410233 -5.33329706 0.20000000
      vertex -12.09875482 -5.36106525 0.20000000
    endloop
  endfacet
  facet normal 0.00000000 0.00000000 1.00000000
    outer loop
      vertex -10.41056786 -5.78970153 0.20000000
      vertex -12.09875482 -5.36106525 0.20000000
      vertex -12.04142134 -5.38726494 0.20000000
    endloop
  endfacet
  facet normal 0.00000000 0.00000000 1.00000000
    outer loop
      vertex -10.41056786 -5.78970153 0.20000000
      vertex -12.04142134 -5.38726494 0.20000000
      vertex -11.98207807 -5.41188550 0.20000000
    endloop
  endfacet
  facet normal 0.00000000 0.00000000 1.00000000
    outer loop
      vertex -10.41056786 -5.78970153 0.20000000
      vertex -11.98207807 -5.41188550 0.20000000
      vertex -11.92070429 -5.43491408 0.20000000
    endloop
  endfacet
  facet normal 0.00000000 0.00000000 1.00000000
    outer loop
      vertex -10.41056786 -5.78970153 0.20000000
      vertex -11.92070429 -5.43491408 0.20000000
      vertex -11.85728237 -5.45633620 0.20000000
    endloop
  endfacet
  facet normal 0.00000000 0.00000000 1.00000000
    outer loop
      vertex -10.41056786 -5.78970153 0.20000000
      vertex -11.85728237 -5.45633620 0.20000000
      vertex -11.79179777 -5.47613621 0.20000000
    endloop
  endfacet
  facet normal 0.00000000 0.00000000 1.00000000
    outer loop
      vertex -10.41056786 -5.78970153 0.20000000
      vertex -11.79179777 -5.47613621 0.20000000
      vertex -11.72423887 -5.49429784 0.20000000
    endloop
  endfacet
  facet normal 0.00000000 0.00000000 1.00000000
    outer loop
      vertex -10.41056786 -5.78970153 0.20000000
      vertex -11.72423887 -5.49429784 0.20000000
      vertex -11.65334821 -5.51110048 0.20000000
    endloop
  endfacet
  facet normal -0.00000000 0.00000000 -1.00000000
    outer loop
      vertex -10.40399874 -5.78133661 0.20000000
      vertex -10.41056786 -5.78970153 0.20000000
      vertex -11.65334821 -5.51110048 0.20000000
    endloop
  endfacet
  facet normal 0.00000000 0.00000000 -1.00000000
    outer loop
      vertex -10.45389653 -5.77683068 0.00000000
      vertex -10.46768433 -5.77399419 0.00000000
      vertex -11.65334821 -5.51110048 0.00000000
    endloop
  endfacet
  facet normal 0.00000000 0.00000000 -1.00000000
    outer loop
      vertex -10.44251979 -5.77878786 0.00000000
      vertex -10.45389653 -5.77683068 0.00000000
      vertex -11.65334821 -5.51110048 0.00000000
    endloop
  endfacet
  facet normal 0.00000000 0.00000000 -1.00000000
    outer loop
      vertex -10.43230598 -5.78017581 0.00000000
      vertex -10.44251979 -5.77878786 0.00000000
      vertex -11.65334821 -5.51110048 0.00000000
    endloop
  endfacet
  facet normal 0.00000000 0.00000000 -1.00000000
    outer loop
      vertex -10.41555963 -5.78147580 0.00000000
      vertex -10.43230598 -5.78017581 0.00000000
      vertex -11.65334821 -5.51110048 0.00000000
    endloop
  endfacet
  facet normal -0.00000000 0.00000000 -1.00000000
    outer loop
      vertex -10.40399874 -5.78133661 0.00000000
      vertex -10.41555963 -5.78147580 0.00000000
      vertex -11.65334821 -5.51110048 0.00000000
    endloop
  endfacet
  facet normal 0.00000000 0.00000000 -1.00000000
    outer loop
      vertex -10.41090827 -5.75165557 0.00000000
      vertex -10.41108497 -5.76196174 0.00000000
      vertex -10.41233908 -5.77871159 0.00000000
    endloop
  endfacet
  facet normal 0.00000000 -0.00000000 -1.00000000
    outer loop
      vertex -10.41111789 -5.74011361 0.00000000
      vertex -10.41090827 -5.75165557 0.00000000
      vertex -10.41233908 -5.77871159 0.00000000
    endloop
  endfacet
  facet normal 0.00000000 -0.00000000 -1.00000000
    outer loop
      vertex -10.41183109 -5.72605514 0.00000000
      vertex -10.41111789 -5.74011361 0.00000000
      vertex -10.41233908 -5.77871159 0.00000000
    endloop
  endfacet
  facet normal 0.00000000 0.00000000 -1.00000000
    outer loop
      vertex -10.49627808 -4.44823896 0.00000000
      vertex -10.41183109 -5.72605514 0.00000000
      vertex -10.41233908 -5.77871159 0.00000000
    endloop
  endfacet
  facet normal 0.00000000 0.00000000 -1.00000000
    outer loop
      vertex -2.33940300 -3.33508399 0.00000000
      vertex -2.36254897 -3.33769596 0.00000000
      vertex -10.19726369 -4.09620901 0.00000000
    endloop
  endfacet
  facet normal 0.00000000 0.00000000 -1.00000000
    outer loop
      vertex -2.31890153 -3.33207836 0.00000000
      vertex -2.33940300 -3.33508399 0.00000000
      vertex -10.19726369 -4.09620901 0.00000000
    endloop
  endfacet
  facet normal 0.00000000 0.00000000 -1.00000000
    outer loop
      vertex -2.29967461 -3.32856320 0.00000000
      vertex -2.31890153 -3.33207836 0.00000000
      vertex -10.19726369 -4.09620901 0.00000000
    endloop
  endfacet
  facet normal 0.00000000 0.00000000 -1.00000000
    outer loop
      vertex -2.28172318 -3.32458185 0.00000000
      vertex -2.29967461 -3.32856320 0.00000000
      vertex -10.19726369 -4.09620901 0.00000000
    endloop
  endfacet
  facet normal 0.00000000 0.00000000 -1.00000000
    outer loop
      vertex -2.26504142 -3.32018107 0.00000000
      vertex -2.28172318 -3.32458185 0.00000000
      vertex -10.19726369 -4.09620901 0.00000000
    endloop
  endfacet
  facet normal 0.00000000 0.00000000 -1.00000000
    outer loop
      vertex -2.24961510 -3.31541015 0.00000000
      vertex -2.26504142 -3.32018107 0.00000000
      vertex -10.19726369 -4.09620901 0.00000000
    endloop
  endfacet
  facet normal 0.00000000 0.00000000 -1.00000000
    outer loop
      vertex -2.23541976 -3.31031949 0.00000000
      vertex -2.24961510 -3.31541015 0.00000000
      vertex -10.19726369 -4.09620901 0.00000000
    endloop
  endfacet
  facet normal 0.00000000 0.00000000 -1.00000000
    outer loop
      vertex -2.22241914 -3.30495858 0.00000000
      vertex -2.23541976 -3.31031949 0.00000000
      vertex -10.19726369 -4.09620901 0.00000000
    endloop
  endfacet
  facet normal 0.00000000 0.00000000 -1.00000000
    outer loop
      vertex -2.21056381 -3.29937335 0.00000000
      vertex -2.22241914 -3.30495858 0.00000000
      vertex -10.19726369 -4.09620901 0.00000000
    endloop
  endfacet
  facet normal 0.00000000 0.00000000 -1.00000000
    outer loop
      vertex -2.19979055 -3.29360293 0.00000000
      vertex -2.21056381 -3.29937335 0.00000000
      vertex -10.19726369 -4.09620901 0.00000000
    endloop
  endfacet
  facet normal 0.00000000 0.00000000 -1.00000000
    outer loop
      vertex -2.19002257 -3.28767599 0.00000000
      vertex -2.19979055 -3.29360293 0.00000000
      vertex -10.19726369 -4.09620901 0.00000000
    endloop
  endfacet
  facet normal 0.00000000 0.00000000 -1.00000000
    outer loop
      vertex -2.18117099 -3.28160698 0.00000000
      vertex -2.19002257 -3.28767599 0.00000000
      vertex -10.19726369 -4.09620901 0.00000000
    endloop
  endfacet
  facet normal 0.00000000 0.00000000 -1.00000000
    outer loop
      vertex -2.17313759 -3.27539269 0.00000000
      vertex -2.18117099 -3.28160698 0.00000000
      vertex -10.19726369 -4.09620901 0.00000000
    endloop
  endfacet
  facet normal 0.00000000 0.00000000 -1.00000000
    outer loop
      vertex -2.15911225 -3.26241307 0.00000000
      vertex -2.17313759 -3.27539269 0.00000000
      vertex -10.19726369 -4.09620901 0.00000000
    endloop
  endfacet
  facet normal 0.00000000 0.00000000 -1.00000000
    outer loop
      vertex -2.14715666 -3.24829777 0.00000000
      vertex -2.15911225 -3.26241307 0.00000000
      vertex -10.19726369 -4.09620901 0.00000000
    endloop
  endfacet
  facet normal 0.00000000 0.00000000 -1.00000000
    outer loop
      vertex -2.13666183 -3.23232781 0.00000000
      vertex -2.14715666 -3.24829777 0.00000000
      vertex -10.19726369 -4.09620901 0.00000000
    endloop
  endfacet
  facet normal 0.00000000 0.00000000 -1.00000000
    outer loop
      vertex -2.13185415 -3.22338136 0.00000000
      vertex -2.13666183 -3.23232781 0.00000000
      vertex -10.19726369 -4.09620901 0.00000000
    endloop
  endfacet
  facet normal 0.00000000 0.00000000 -1.00000000
    outer loop
      vertex -2.12732440 -3.21365178 0.00000000
      vertex -2.13185415 -3.22338136 0.00000000
      vertex -10.19726369 -4.09620901 0.00000000
    endloop
  endfacet
  facet normal 0.00000000 0.00000000 -1.00000000
    outer loop
      vertex -2.12308557 -3.20304168 0.00000000
      vertex -2.12732440 -3.21365178 0.00000000
      vertex -10.19726369 -4.09620901 0.00000000
    endloop
  endfacet
  facet normal 0.00000000 0.00000000 -1.00000000
    outer loop
      vertex -2.11916655 -3.19146575 0.00000000
      vertex -2.12308557 -3.20304168 0.00000000
      vertex -10.19726369 -4.09620901 0.00000000
    endloop
  endfacet
  facet normal 0.00000000 0.00000000 -1.00000000
    outer loop
      vertex -2.11560825 -3.17885297 0.00000000
      vertex -2.11916655 -3.19146575 0.00000000
      vertex -10.19726369 -4.09620901 0.00000000
    endloop
  endfacet
  facet normal 0.00000000 0.00000000 -1.00000000
    outer loop
      vertex -2.11245967 -3.16514742 0.00000000
      vertex -2.11560825 -3.17885297 0.00000000
      vertex -10.19726369 -4.09620901 0.00000000
    endloop
  endfacet
  facet normal 0.00000000 0.00000000 -1.00000000
    outer loop
      vertex -2.10977425 -3.15030792 0.00000000
      vertex -2.11245967 -3.16514742 0.00000000
      vertex -10.19726369 -4.09620901 0.00000000
    endloop
  endfacet
  facet normal 0.00000000 0.00000000 -1.00000000
    outer loop
      vertex -2.10760676 -3.13430682 0.00000000
      vertex -2.10977425 -3.15030792 0.00000000
      vertex -10.19726369 -4.09620901 0.00000000
    endloop
  endfacet
  facet normal 0.00000000 0.00000000 -1.00000000
    outer loop
      vertex -2.10601095 -3.11712831 0.00000000
      vertex -2.10760676 -3.13430682 0.00000000
      vertex -10.19726369 -4.09620901 0.00000000
    endloop
  endfacet
  facet normal 0.00000000 0.00000000 -1.00000000
    outer loop
      vertex -2.10503778 -3.09876644 0.00000000
      vertex -2.10601095 -3.11712831 0.00000000
      vertex -10.19726369 -4.09620901 0.00000000
    endloop
  endfacet
  facet normal 0.00000000 0.00000000 -1.00000000
    outer loop
      vertex -2.10473433 -3.07922319 0.00000000
      vertex -2.10503778 -3.09876644 0.00000000
      vertex -10.19726369 -4.09620901 0.00000000
    endloop
  endfacet
  facet normal 0.00000000 -0.00000000 -1.00000000
    outer loop
      vertex -2.10514319 -3.05850660 0.00000000
      vertex -2.10473433 -3.07922319 0.00000000
      vertex -10.19726369 -4.09620901 0.00000000
    endloop
  endfacet
  facet normal 0.00000000 -0.00000000 -1.00000000
    outer loop
      vertex -2.10637550 -3.03524635 0.00000000
      vertex -2.10514319 -3.05850660 0.00000000
      vertex -10.19726369 -4.09620901 0.00000000
    endloop
  endfacet
  facet normal 0.00000000 0.00000000 -1.00000000
    outer loop
      vertex -2.10637550 -3.03524635 0.00000000
      vertex -10.19726369 -4.09620901 0.00000000
      vertex -10.22447956 -4.09973154 0.00000000
    endloop
  endfacet
  facet normal 0.00000000 -0.00000000 -1.00000000
    outer loop
      vertex -2.35657749 0.59629122 0.00000000
      vertex -2.10637550 -3.03524635 0.00000000
      vertex -10.22447956 -4.09973154 0.00000000
    endloop
  endfacet
  facet normal 0.00000000 0.00000000 -1.00000000
    outer loop
      vertex -2.35657749 0.59629122 0.00000000
      vertex -10.22447956 -4.09973154 0.00000000
      vertex -10.25450441 -4.10579367 0.00000000
    endloop
  endfacet
  facet normal 0.00000000 0.00000000 -1.00000000
    outer loop
      vertex -2.35657749 0.59629122 0.00000000
      vertex -10.25450441 -4.10579367 0.00000000
      vertex -10.28460556 -4.11440167 0.00000000
    endloop
  endfacet
  facet normal 0.00000000 0.00000000 -1.00000000
    outer loop
      vertex -2.35657749 0.59629122 0.00000000
      vertex -10.28460556 -4.11440167 0.00000000
      vertex -10.31462158 -4.12594723 0.00000000
    endloop
  endfacet
  facet normal 0.00000000 0.00000000 -1.00000000
    outer loop
      vertex -2.35657749 0.59629122 0.00000000
      vertex -10.31462158 -4.12594723 0.00000000
      vertex -10.34420558 -4.14080164 0.00000000
    endloop
  endfacet
  facet normal 0.00000000 -0.00000000 -1.00000000
    outer loop
      vertex -2.35827629 0.62836489 0.00000000
      vertex -2.35657749 0.59629122 0.00000000
      vertex -10.34420558 -4.14080164 0.00000000
    endloop
  endfacet
  facet normal 0.00000000 -0.00000000 -1.00000000
    outer loop
      vertex -2.35892502 0.66138441 0.00000000
      vertex -2.35827629 0.62836489 0.00000000
      vertex -10.34420558 -4.14080164 0.00000000
    endloop
  endfacet
  facet normal 0.00000000 0.00000000 -1.00000000
    outer loop
      vertex -2.35841108 0.69398172 0.00000000
      vertex -2.35892502 0.66138441 0.00000000
      vertex -10.34420558 -4.14080164 0.00000000
    endloop
  endfacet
  facet normal 0.00000000 0.00000000 -1.00000000
    outer loop
      vertex -2.35668988 0.72616705 0.00000000
      vertex -2.35841108 0.69398172 0.00000000
      vertex -10.34420558 -4.14080164 0.00000000
    endloop
  endfacet
  facet normal 0.00000000 0.00000000 -1.00000000
    outer loop
      vertex -2.35371174 0.75794449 0.00000000
      vertex -2.35668988 0.72616705 0.00000000
      vertex -10.34420558 -4.14080164 0.00000000
    endloop
  endfacet
  facet normal 0.00000000 0.00000000 -1.00000000
    outer loop
      vertex -2.34942245 0.78930990 0.00000000
      vertex -2.35371174 0.75794449 0.00000000
      vertex -10.34420558 -4.14080164 0.00000000
    endloop
  endfacet
  facet normal 0.00000000 0.00000000 -1.00000000
    outer loop
      vertex -2.34376435 0.82024874 0.00000000
      vertex -2.34942245 0.78930990 0.00000000
      vertex -10.34420558 -4.14080164 0.00000000
    endloop
  endfacet
  facet normal 0.00000000 0.00000000 -1.00000000
    outer loop
      vertex -2.33667818 0.85073377 0.00000000
      vertex -2.34376435 0.82024874 0.00000000
      vertex -10.34420558 -4.14080164 0.00000000
    endloop
  endfacet
  facet normal 0.00000000 0.00000000 -1.00000000
    outer loop
      vertex -2.32810559 0.88072304 0.00000000
      vertex -2.33667818 0.85073377 0.00000000
      vertex -10.34420558 -4.14080164 0.00000000
    endloop
  endfacet
  facet normal 0.00000000 0.00000000 -1.00000000
    outer loop
      vertex -2.31799260 0.91015836 0.00000000
      vertex -2.32810559 0.88072304 0.00000000
      vertex -10.34420558 -4.14080164 0.00000000
    endloop
  endfacet
  facet normal 0.00000000 0.00000000 -1.00000000
    outer loop
      vertex -2.30629365 0.93896469 0.00000000
      vertex -2.31799260 0.91015836 0.00000000
      vertex -10.34420558 -4.14080164 0.00000000
    endloop
  endfacet
  facet normal 0.00000000 0.00000000 -1.00000000
    outer loop
      vertex -2.29297617 0.96705089 0.00000000
      vertex -2.30629365 0.93896469 0.00000000
      vertex -10.34420558 -4.14080164 0.00000000
    endloop
  endfacet
  facet normal 0.00000000 0.00000000 -1.00000000
    outer loop
      vertex -2.27802499 0.99431205 0.00000000
      vertex -2.29297617 0.96705089 0.00000000
      vertex -10.34420558 -4.14080164 0.00000000
    endloop
  endfacet
  facet normal 0.00000000 0.00000000 -1.00000000
    outer loop
      vertex -2.26144620 1.02063358 0.00000000
      vertex -2.27802499 0.99431205 0.00000000
      vertex -10.34420558 -4.14080164 0.00000000
    endloop
  endfacet
  facet normal 0.00000000 0.00000000 -1.00000000
    outer loop
      vertex -2.24326957 1.04589693 0.00000000
      vertex -2.26144620 1.02063358 0.00000000
      vertex -10.34420558 -4.14080164 0.00000000
    endloop
  endfacet
  facet normal 0.00000000 0.00000000 -1.00000000
    outer loop
      vertex -2.22354903 1.06998625 0.00000000
      vertex -2.24326957 1.04589693 0.00000000
      vertex -10.34420558 -4.14080164 0.00000000
    endloop
  endfacet
  facet normal 0.00000000 0.00000000 -1.00000000
    outer loop
      vertex -2.20236092 1.09279545 0.00000000
      vertex -2.22354903 1.06998625 0.00000000
      vertex -10.34420558 -4.14080164 0.00000000
    endloop
  endfacet
  facet normal 0.00000000 0.00000000 -1.00000000
    outer loop
      vertex -2.17980001 1.11423447 0.00000000
      vertex -2.20236092 1.09279545 0.00000000
      vertex -10.34420558 -4.14080164 0.00000000
    endloop
  endfacet
  facet normal 0.00000000 0.00000000 -1.00000000
    outer loop
      vertex -2.15597371 1.13423415 0.00000000
      vertex -2.17980001 1.11423447 0.00000000
      vertex -10.34420558 -4.14080164 0.00000000
    endloop
  endfacet
  facet normal 0.00000000 0.00000000 -1.00000000
    outer loop
      vertex -2.13099548 1.15274890 0.00000000
      vertex -2.15597371 1.13423415 0.00000000
      vertex -10.34420558 -4.14080164 0.00000000
    endloop
  endfacet
  facet normal 0.00000000 0.00000000 -1.00000000
    outer loop
      vertex -2.13099548 1.15274890 0.00000000
      vertex -10.34420558 -4.14080164 0.00000000
      vertex -10.37280007 -4.15922468 0.00000000
    endloop
  endfacet
  facet normal 0.00000000 0.00000000 -1.00000000
    outer loop
      vertex -2.10497798 1.16975713 0.00000000
      vertex -2.13099548 1.15274890 0.00000000
      vertex -10.37280007 -4.15922468 0.00000000
    endloop
  endfacet
  facet normal 0.00000000 0.00000000 -1.00000000
    outer loop
      vertex 12.98561704 2.26330935 0.00000000
      vertex 12.95326108 2.26060799 0.00000000
      vertex -1.77230753 1.26611035 0.00000000
    endloop
  endfacet
  facet normal 0.00000000 0.00000000 -1.00000000
    outer loop
      vertex 13.01491221 2.26674171 0.00000000
      vertex 12.98561704 2.26330935 0.00000000
      vertex -1.77230753 1.26611035 0.00000000
    endloop
  endfacet
  facet normal 0.00000000 0.00000000 -1.00000000
    outer loop
      vertex 13.04251046 2.27097597 0.00000000
      vertex 13.01491221 2.26674171 0.00000000
      vertex -1.77230753 1.26611035 0.00000000
    endloop
  endfacet
  facet normal 0.00000000 0.00000000 -1.00000000
    outer loop
      vertex 13.06840387 2.27596251 0.00000000
      vertex 13.04251046 2.27097597 0.00000000
      vertex -1.77230753 1.26611035 0.00000000
    endloop
  endfacet
  facet normal 0.00000000 0.00000000 -1.00000000
    outer loop
      vertex 13.09259156 2.28164635 0.00000000
      vertex 13.06840387 2.27596251 0.00000000
      vertex -1.77230753 1.26611035 0.00000000
    endloop
  endfacet
  facet normal 0.00000000 0.00000000 -1.00000000
    outer loop
      vertex 13.11508196 2.28796790 0.00000000
      vertex 13.09259156 2.28164635 0.00000000
      vertex -1.77230753 1.26611035 0.00000000
    endloop
  endfacet
  facet normal 0.00000000 0.00000000 -1.00000000
    outer loop
      vertex 13.13589541 2.29486432 0.00000000
      vertex 13.11508196 2.28796790 0.00000000
      vertex -1.77230753 1.26611035 0.00000000
    endloop
  endfacet
  facet normal 0.00000000 0.00000000 -1.00000000
    outer loop
      vertex 13.15506673 2.30227184 0.00000000
      vertex 13.13589541 2.29486432 0.00000000
      vertex -1.77230753 1.26611035 0.00000000
    endloop
  endfacet
  facet normal 0.00000000 0.00000000 -1.00000000
    outer loop
      vertex 13.17264752 2.31012896 0.00000000
      vertex 13.15506673 2.30227184 0.00000000
      vertex -1.77230753 1.26611035 0.00000000
    endloop
  endfacet
  facet normal 0.00000000 0.00000000 -1.00000000
    outer loop
      vertex 13.18870788 2.31838072 0.00000000
      vertex 13.17264752 2.31012896 0.00000000
      vertex -1.77230753 1.26611035 0.00000000
    endloop
  endfacet
  facet normal 0.00000000 0.00000000 -1.00000000
    outer loop
      vertex 13.20333682 2.32698380 0.00000000
      vertex 13.18870788 2.31838072 0.00000000
      vertex -1.77230753 1.26611035 0.00000000
    endloop
  endfacet
  facet normal 0.00000000 0.00000000 -1.00000000
    outer loop
      vertex 13.21664112 2.33591212 0.00000000
      vertex 13.20333682 2.32698380 0.00000000
      vertex -1.77230753 1.26611035 0.00000000
    endloop
  endfacet
  facet normal 0.00000000 0.00000000 -1.00000000
    outer loop
      vertex 13.22874189 2.34516223 0.00000000
      vertex 13.21664112 2.33591212 0.00000000
      vertex -1.77230753 1.26611035 0.00000000
    endloop
  endfacet
  facet normal 0.00000000 0.00000000 -1.00000000
    outer loop
      vertex 13.23976915 2.35475768 0.00000000
      vertex 13.22874189 2.34516223 0.00000000
      vertex -1.77230753 1.26611035 0.00000000
    endloop
  endfacet
  facet normal 0.00000000 0.00000000 -1.00000000
    outer loop
      vertex 13.24985426 2.36475136 0.00000000
      vertex 13.23976915 2.35475768 0.00000000
      vertex -1.77230753 1.26611035 0.00000000
    endloop
  endfacet
  facet normal 0.00000000 0.00000000 -1.00000000
    outer loop
      vertex 13.25912136 2.37522514 0.00000000
      vertex 13.24985426 2.36475136 0.00000000
      vertex -1.77230753 1.26611035 0.00000000
    endloop
  endfacet
  facet normal 0.00000000 0.00000000 -1.00000000
    outer loop
      vertex 13.26767875 2.38628634 0.00000000
      vertex 13.25912136 2.37522514 0.00000000
      vertex -1.77230753 1.26611035 0.00000000
    endloop
  endfacet
  facet normal 0.00000000 0.00000000 -1.00000000
    outer loop
      vertex 13.27561164 2.39806141 0.00000000
      vertex 13.26767875 2.38628634 0.00000000
      vertex -1.77230753 1.26611035 0.00000000
    endloop
  endfacet
  facet normal 0.00000000 0.00000000 -1.00000000
    outer loop
      vertex 13.28297725 2.41068761 0.00000000
      vertex 13.27561164 2.39806141 0.00000000
      vertex -1.77230753 1.26611035 0.00000000
    endloop
  endfacet
  facet normal 0.00000000 0.00000000 -1.00000000
    outer loop
      vertex 13.28980297 2.42430389 0.00000000
      vertex 13.28297725 2.41068761 0.00000000
      vertex -1.77230753 1.26611035 0.00000000
    endloop
  endfacet
  facet normal 0.00000000 0.00000000 -1.00000000
    outer loop
      vertex 13.29608766 2.43904233 0.00000000
      vertex 13.28980297 2.42430389 0.00000000
      vertex -1.77230753 1.26611035 0.00000000
    endloop
  endfacet
  facet normal 0.00000000 0.00000000 -1.00000000
    outer loop
      vertex 13.30180528 2.45502131 0.00000000
      vertex 13.29608766 2.43904233 0.00000000
      vertex -1.77230753 1.26611035 0.00000000
    endloop
  endfacet
  facet normal 0.00000000 0.00000000 -1.00000000
    outer loop
      vertex 13.30691027 2.47234083 0.00000000
      vertex 13.30180528 2.45502131 0.00000000
      vertex -1.77230753 1.26611035 0.00000000
    endloop
  endfacet
  facet normal 0.00000000 0.00000000 -1.00000000
    outer loop
      vertex 13.31134342 2.49108025 0.00000000
      vertex 13.30691027 2.47234083 0.00000000
      vertex -1.77230753 1.26611035 0.00000000
    endloop
  endfacet
  facet normal 0.00000000 0.00000000 -1.00000000
    outer loop
      vertex 13.31503766 2.51129814 0.00000000
      vertex 13.31134342 2.49108025 0.00000000
      vertex -1.77230753 1.26611035 0.00000000
    endloop
  endfacet
  facet normal 0.00000000 0.00000000 -1.00000000
    outer loop
      vertex 13.31792292 2.53303373 0.00000000
      vertex 13.31503766 2.51129814 0.00000000
      vertex -1.77230753 1.26611035 0.00000000
    endloop
  endfacet
  facet normal 0.00000000 0.00000000 -1.00000000
    outer loop
      vertex 13.31792292 2.53303373 0.00000000
      vertex -1.77230753 1.26611035 0.00000000
      vertex -1.80431477 1.26343780 0.00000000
    endloop
  endfacet
  facet normal 0.00000000 0.00000000 -1.00000000
    outer loop
      vertex 13.31993003 2.55630929 0.00000000
      vertex 13.31792292 2.53303373 0.00000000
      vertex -1.80431477 1.26343780 0.00000000
    endloop
  endfacet
  facet normal 0.00000000 0.00000000 -1.00000000
    outer loop
      vertex 13.32099349 2.58113305 0.00000000
      vertex 13.31993003 2.55630929 0.00000000
      vertex -1.80431477 1.26343780 0.00000000
    endloop
  endfacet
  facet normal 0.00000000 0.00000000 -1.00000000
    outer loop
      vertex 13.32105316 2.60750218 0.00000000
      vertex 13.32099349 2.58113305 0.00000000
      vertex -1.80431477 1.26343780 0.00000000
    endloop
  endfacet
  facet normal 0.00000000 -0.00000000 -1.00000000
    outer loop
      vertex 13.32005519 2.63540552 0.00000000
      vertex 13.32105316 2.60750218 0.00000000
      vertex -1.80431477 1.26343780 0.00000000
    endloop
  endfacet
  facet normal 0.00000000 -0.00000000 -1.00000000
    outer loop
      vertex 13.31795233 2.66482602 0.00000000
      vertex 13.32005519 2.63540552 0.00000000
      vertex -1.80431477 1.26343780 0.00000000
    endloop
  endfacet
  facet normal 0.00000000 -0.00000000 -1.00000000
    outer loop
      vertex 13.31455935 2.69711678 0.00000000
      vertex 13.31795233 2.66482602 0.00000000
      vertex -1.80431477 1.26343780 0.00000000
    endloop
  endfacet
  facet normal 0.00000000 -0.00000000 -1.00000000
    outer loop
      vertex 12.95204857 5.68956243 0.00000000
      vertex 13.31455935 2.69711678 0.00000000
      vertex -1.80431477 1.26343780 0.00000000
    endloop
  endfacet
  facet normal 0.00000000 0.00000000 -1.00000000
    outer loop
      vertex 12.95204857 5.68956243 0.00000000
      vertex -1.80431477 1.26343780 0.00000000
      vertex -1.83711651 1.25959645 0.00000000
    endloop
  endfacet
  facet normal 0.00000000 0.00000000 -1.00000000
    outer loop
      vertex 12.95204857 5.68956243 0.00000000
      vertex -1.83711651 1.25959645 0.00000000
      vertex -1.86934205 1.25466054 0.00000000
    endloop
  endfacet
  facet normal 0.00000000 0.00000000 -1.00000000
    outer loop
      vertex 12.95204857 5.68956243 0.00000000
      vertex -1.86934205 1.25466054 0.00000000
      vertex -1.90099548 1.24858450 0.00000000
    endloop
  endfacet
  facet normal 0.00000000 0.00000000 -1.00000000
    outer loop
      vertex 12.95204857 5.68956243 0.00000000
      vertex -1.90099548 1.24858450 0.00000000
      vertex -1.93207411 1.24131856 0.00000000
    endloop
  endfacet
  facet normal 0.00000000 0.00000000 -1.00000000
    outer loop
      vertex 12.95204857 5.68956243 0.00000000
      vertex -1.93207411 1.24131856 0.00000000
      vertex -1.96256647 1.23280957 0.00000000
    endloop
  endfacet
  facet normal 0.00000000 -0.00000000 -1.00000000
    outer loop
      vertex 12.95014114 5.70345717 0.00000000
      vertex 12.95204857 5.68956243 0.00000000
      vertex -1.96256647 1.23280957 0.00000000
    endloop
  endfacet
  facet normal 0.00000000 -0.00000000 -1.00000000
    outer loop
      vertex 12.94817057 5.71495399 0.00000000
      vertex 12.95014114 5.70345717 0.00000000
      vertex -1.96256647 1.23280957 0.00000000
    endloop
  endfacet
  facet normal 0.00000000 -0.00000000 -1.00000000
    outer loop
      vertex 12.94599247 5.72541354 0.00000000
      vertex 12.94817057 5.71495399 0.00000000
      vertex -1.96256647 1.23280957 0.00000000
    endloop
  endfacet
  facet normal 0.00000000 -0.00000000 -1.00000000
    outer loop
      vertex 12.94121296 5.74321162 0.00000000
      vertex 12.94599247 5.72541354 0.00000000
      vertex -1.96256647 1.23280957 0.00000000
    endloop
  endfacet
  facet normal 0.00000000 -0.00000000 -1.00000000
    outer loop
      vertex 12.93624132 5.75691833 0.00000000
      vertex 12.94121296 5.74321162 0.00000000
      vertex -1.96256647 1.23280957 0.00000000
    endloop
  endfacet
  facet normal 0.00000000 -0.00000000 -1.00000000
    outer loop
      vertex 12.93154503 5.76678724 0.00000000
      vertex 12.93624132 5.75691833 0.00000000
      vertex -1.96256647 1.23280957 0.00000000
    endloop
  endfacet
  facet normal 0.00000000 -0.00000000 -1.00000000
    outer loop
      vertex 12.92585650 5.77556691 0.00000000
      vertex 12.93154503 5.76678724 0.00000000
      vertex -1.96256647 1.23280957 0.00000000
    endloop
  endfacet
  facet normal 0.00000000 -0.00000000 -1.00000000
    outer loop
      vertex 12.91695429 5.78290462 0.00000000
      vertex 12.92585650 5.77556691 0.00000000
      vertex -1.96256647 1.23280957 0.00000000
    endloop
  endfacet
  facet normal 0.00000000 -0.00000000 -1.00000000
    outer loop
      vertex 12.90490031 5.78688399 0.00000000
      vertex 12.91695429 5.78290462 0.00000000
      vertex -1.96256647 1.23280957 0.00000000
    endloop
  endfacet
  facet normal 0.00000000 -0.00000000 -1.00000000
    outer loop
      vertex 12.89412083 5.78868767 0.00000000
      vertex 12.90490031 5.78688399 0.00000000
      vertex -1.96256647 1.23280957 0.00000000
    endloop
  endfacet
  facet normal 0.00000000 -0.00000000 -1.00000000
    outer loop
      vertex 12.87957563 5.78970153 0.00000000
      vertex 12.89412083 5.78868767 0.00000000
      vertex -1.96256647 1.23280957 0.00000000
    endloop
  endfacet
  facet normal 0.00000000 -0.00000000 -1.00000000
    outer loop
      vertex 12.86114933 5.78940641 0.00000000
      vertex 12.87957563 5.78970153 0.00000000
      vertex -1.96256647 1.23280957 0.00000000
    endloop
  endfacet
  facet normal 0.00000000 -0.00000000 -1.00000000
    outer loop
      vertex 12.85049390 5.78862653 0.00000000
      vertex 12.86114933 5.78940641 0.00000000
      vertex -1.96256647 1.23280957 0.00000000
    endloop
  endfacet
  facet normal 0.00000000 -0.00000000 -1.00000000
    outer loop
      vertex 12.83889816 5.78736208 0.00000000
      vertex 12.85049390 5.78862653 0.00000000
      vertex -1.96256647 1.23280957 0.00000000
    endloop
  endfacet
  facet normal 0.00000000 -0.00000000 -1.00000000
    outer loop
      vertex 12.82501416 5.78537802 0.00000000
      vertex 12.83889816 5.78736208 0.00000000
      vertex -1.96256647 1.23280957 0.00000000
    endloop
  endfacet
  facet normal 0.00000000 0.00000000 -1.00000000
    outer loop
      vertex -10.37820233 2.09293225 0.00000000
      vertex 12.82501416 5.78537802 0.00000000
      vertex -1.96256647 1.23280957 0.00000000
    endloop
  endfacet
  facet normal 0.00000000 0.00000000 -1.00000000
    outer loop
      vertex -10.37820233 2.09293225 0.00000000
      vertex -1.96256647 1.23280957 0.00000000
      vertex -1.99245032 1.22300238 0.00000000
    endloop
  endfacet
  facet normal 0.00000000 0.00000000 -1.00000000
    outer loop
      vertex -10.37820233 2.09293225 0.00000000
      vertex -1.99245032 1.22300238 0.00000000
      vertex -2.02169064 1.21184197 0.00000000
    endloop
  endfacet
  facet normal 0.00000000 0.00000000 -1.00000000
    outer loop
      vertex -10.37820233 2.09293225 0.00000000
      vertex -2.02169064 1.21184197 0.00000000
      vertex -2.05023794 1.19927625 0.00000000
    endloop
  endfacet
  facet normal 0.00000000 0.00000000 -1.00000000
    outer loop
      vertex -10.37820233 2.09293225 0.00000000
      vertex -2.05023794 1.19927625 0.00000000
      vertex -2.07802723 1.18525961 0.00000000
    endloop
  endfacet
  facet normal 0.00000000 0.00000000 -1.00000000
    outer loop
      vertex -10.37820233 2.09293225 0.00000000
      vertex -2.07802723 1.18525961 0.00000000
      vertex -2.10497798 1.16975713 0.00000000
    endloop
  endfacet
  facet normal 0.00000000 0.00000000 -1.00000000
    outer loop
      vertex -10.37820233 2.09293225 0.00000000
      vertex -2.10497798 1.16975713 0.00000000
      vertex -10.37280007 -4.15922468 0.00000000
    endloop
  endfacet
  facet normal 0.00000000 -0.00000000 -1.00000000
    outer loop
      vertex -10.37820233 2.09293225 0.00000000
      vertex -10.37280007 -4.15922468 0.00000000
      vertex -10.39966885 -4.18125421 0.00000000
    endloop
  endfacet
  facet normal 0.00000000 0.00000000 -1.00000000
    outer loop
      vertex -10.37820233 2.09293225 0.00000000
      vertex -10.39966885 -4.18125421 0.00000000
      vertex -10.42400589 -4.20662053 0.00000000
    endloop
  endfacet
  facet normal 0.00000000 0.00000000 -1.00000000
    outer loop
      vertex -10.37820233 2.09293225 0.00000000
      vertex -10.42400589 -4.20662053 0.00000000
      vertex -10.44510052 -4.23474096 0.00000000
    endloop
  endfacet
  facet normal 0.00000000 0.00000000 -1.00000000
    outer loop
      vertex -10.37820233 2.09293225 0.00000000
      vertex -10.44510052 -4.23474096 0.00000000
      vertex -10.46249271 -4.26481991 0.00000000
    endloop
  endfacet
  facet normal 0.00000000 0.00000000 -1.00000000
    outer loop
      vertex -10.37820233 2.09293225 0.00000000
      vertex -10.46249271 -4.26481991 0.00000000
      vertex -10.47604672 -4.29601835 0.00000000
    endloop
  endfacet
  facet normal 0.00000000 0.00000000 -1.00000000
    outer loop
      vertex -10.37820233 2.09293225 0.00000000
      vertex -10.47604672 -4.29601835 0.00000000
      vertex -10.48591902 -4.32761588 0.00000000
    endloop
  endfacet
  facet normal 0.00000000 0.00000000 -1.00000000
    outer loop
      vertex -10.37820233 2.09293225 0.00000000
      vertex -10.48591902 -4.32761588 0.00000000
      vertex -10.49245617 -4.35910440 0.00000000
    endloop
  endfacet
  facet normal 0.00000000 0.00000000 -1.00000000
    outer loop
      vertex -10.37820233 2.09293225 0.00000000
      vertex -10.49245617 -4.35910440 0.00000000
      vertex -10.49608068 -4.39020167 0.00000000
    endloop
  endfacet
  facet normal 0.00000000 0.00000000 -1.00000000
    outer loop
      vertex -10.37820233 2.09293225 0.00000000
      vertex -10.49608068 -4.39020167 0.00000000
      vertex -10.49720522 -4.42081174 0.00000000
    endloop
  endfacet
  facet normal 0.00000000 -0.00000000 -1.00000000
    outer loop
      vertex -10.44970270 2.08072736 0.00000000
      vertex -10.37820233 2.09293225 0.00000000
      vertex -10.49720522 -4.42081174 0.00000000
    endloop
  endfacet
  facet normal 0.00000000 0.00000000 -1.00000000
    outer loop
      vertex -10.51918017 2.06722917 0.00000000
      vertex -10.44970270 2.08072736 0.00000000
      vertex -10.49720522 -4.42081174 0.00000000
    endloop
  endfacet
  facet normal 0.00000000 0.00000000 -1.00000000
    outer loop
      vertex -10.58762951 2.05227289 0.00000000
      vertex -10.51918017 2.06722917 0.00000000
      vertex -10.49720522 -4.42081174 0.00000000
    endloop
  endfacet
  facet normal 0.00000000 0.00000000 -1.00000000
    outer loop
      vertex -10.65505682 2.03586224 0.00000000
      vertex -10.58762951 2.05227289 0.00000000
      vertex -10.49720522 -4.42081174 0.00000000
    endloop
  endfacet
  facet normal 0.00000000 0.00000000 -1.00000000
    outer loop
      vertex -10.72146880 2.01800053 0.00000000
      vertex -10.65505682 2.03586224 0.00000000
      vertex -10.49720522 -4.42081174 0.00000000
    endloop
  endfacet
  facet normal 0.00000000 0.00000000 -1.00000000
    outer loop
      vertex -10.72146880 2.01800053 0.00000000
      vertex -10.49720522 -4.42081174 0.00000000
      vertex -10.49627808 -4.44823896 0.00000000
    endloop
  endfacet
  facet normal 0.00000000 0.00000000 -1.00000000
    outer loop
      vertex -10.78687263 1.99869062 0.00000000
      vertex -10.72146880 2.01800053 0.00000000
      vertex -10.49627808 -4.44823896 0.00000000
    endloop
  endfacet
  facet normal 0.00000000 0.00000000 -1.00000000
    outer loop
      vertex -10.85127603 1.97793483 0.00000000
      vertex -10.78687263 1.99869062 0.00000000
      vertex -10.49627808 -4.44823896 0.00000000
    endloop
  endfacet
  facet normal 0.00000000 0.00000000 -1.00000000
    outer loop
      vertex -10.91468716 1.95573488 0.00000000
      vertex -10.85127603 1.97793483 0.00000000
      vertex -10.49627808 -4.44823896 0.00000000
    endloop
  endfacet
  facet normal 0.00000000 0.00000000 -1.00000000
    outer loop
      vertex -10.91468716 1.95573488 0.00000000
      vertex -10.49627808 -4.44823896 0.00000000
      vertex -10.41233908 -5.77871159 0.00000000
    endloop
  endfacet
  facet normal 0.00000000 0.00000000 -1.00000000
    outer loop
      vertex -10.97711454 1.93209185 0.00000000
      vertex -10.91468716 1.95573488 0.00000000
      vertex -10.41233908 -5.77871159 0.00000000
    endloop
  endfacet
  facet normal 0.00000000 0.00000000 -1.00000000
    outer loop
      vertex -11.03856706 1.90700614 0.00000000
      vertex -10.97711454 1.93209185 0.00000000
      vertex -10.41233908 -5.77871159 0.00000000
    endloop
  endfacet
  facet normal 0.00000000 0.00000000 -1.00000000
    outer loop
      vertex -11.09905381 1.88047738 0.00000000
      vertex -11.03856706 1.90700614 0.00000000
      vertex -10.41233908 -5.77871159 0.00000000
    endloop
  endfacet
  facet normal 0.00000000 0.00000000 -1.00000000
    outer loop
      vertex -11.15858406 1.85250447 0.00000000
      vertex -11.09905381 1.88047738 0.00000000
      vertex -10.41233908 -5.77871159 0.00000000
    endloop
  endfacet
  facet normal 0.00000000 0.00000000 -1.00000000
    outer loop
      vertex -11.21716715 1.82308552 0.00000000
      vertex -11.15858406 1.85250447 0.00000000
      vertex -10.41233908 -5.77871159 0.00000000
    endloop
  endfacet
  facet normal 0.00000000 0.00000000 -1.00000000
    outer loop
      vertex -11.27481237 1.79221787 0.00000000
      vertex -11.21716715 1.82308552 0.00000000
      vertex -10.41233908 -5.77871159 0.00000000
    endloop
  endfacet
  facet normal 0.00000000 0.00000000 -1.00000000
    outer loop
      vertex -11.33152890 1.75989806 0.00000000
      vertex -11.27481237 1.79221787 0.00000000
      vertex -10.41233908 -5.77871159 0.00000000
    endloop
  endfacet
  facet normal 0.00000000 0.00000000 -1.00000000
    outer loop
      vertex -11.38732567 1.72612190 0.00000000
      vertex -11.33152890 1.75989806 0.00000000
      vertex -10.41233908 -5.77871159 0.00000000
    endloop
  endfacet
  facet normal 0.00000000 0.00000000 -1.00000000
    outer loop
      vertex -11.44221131 1.69088448 0.00000000
      vertex -11.38732567 1.72612190 0.00000000
      vertex -10.41233908 -5.77871159 0.00000000
    endloop
  endfacet
  facet normal 0.00000000 0.00000000 -1.00000000
    outer loop
      vertex -11.49619401 1.65418023 0.00000000
      vertex -11.44221131 1.69088448 0.00000000
      vertex -10.41233908 -5.77871159 0.00000000
    endloop
  endfacet
  facet normal 0.00000000 0.00000000 -1.00000000
    outer loop
      vertex -11.54928148 1.61600296 0.00000000
      vertex -11.49619401 1.65418023 0.00000000
      vertex -10.41233908 -5.77871159 0.00000000
    endloop
  endfacet
  facet normal 0.00000000 0.00000000 -1.00000000
    outer loop
      vertex -11.60148084 1.57634594 0.00000000
      vertex -11.54928148 1.61600296 0.00000000
      vertex -10.41233908 -5.77871159 0.00000000
    endloop
  endfacet
  facet normal 0.00000000 0.00000000 -1.00000000
    outer loop
      vertex -11.60148084 1.57634594 0.00000000
      vertex -10.41233908 -5.77871159 0.00000000
      vertex -10.41056786 -5.78970153 0.00000000
    endloop
  endfacet
  facet normal 0.00000000 0.00000000 -1.00000000
    outer loop
      vertex -11.65279860 1.53520202 0.00000000
      vertex -11.60148084 1.57634594 0.00000000
      vertex -10.41056786 -5.78970153 0.00000000
    endloop
  endfacet
  facet normal 0.00000000 0.00000000 -1.00000000
    outer loop
      vertex -11.70324055 1.49256363 0.00000000
      vertex -11.65279860 1.53520202 0.00000000
      vertex -10.41056786 -5.78970153 0.00000000
    endloop
  endfacet
  facet normal 0.00000000 0.00000000 -1.00000000
    outer loop
      vertex -11.75281176 1.44842295 0.00000000
      vertex -11.70324055 1.49256363 0.00000000
      vertex -10.41056786 -5.78970153 0.00000000
    endloop
  endfacet
  facet normal 0.00000000 0.00000000 -1.00000000
    outer loop
      vertex -11.80151656 1.40277195 0.00000000
      vertex -11.75281176 1.44842295 0.00000000
      vertex -10.41056786 -5.78970153 0.00000000
    endloop
  endfacet
  facet normal 0.00000000 0.00000000 -1.00000000
    outer loop
      vertex -11.84935851 1.35560250 0.00000000
      vertex -11.80151656 1.40277195 0.00000000
      vertex -10.41056786 -5.78970153 0.00000000
    endloop
  endfacet
  facet normal 0.00000000 0.00000000 -1.00000000
    outer loop
      vertex -11.89634038 1.30690646 0.00000000
      vertex -11.84935851 1.35560250 0.00000000
      vertex -10.41056786 -5.78970153 0.00000000
    endloop
  endfacet
  facet normal 0.00000000 0.00000000 -1.00000000
    outer loop
      vertex -11.94246423 1.25667574 0.00000000
      vertex -11.89634038 1.30690646 0.00000000
      vertex -10.41056786 -5.78970153 0.00000000
    endloop
  endfacet
  facet normal 0.00000000 0.00000000 -1.00000000
    outer loop
      vertex -11.98773135 1.20490241 0.00000000
      vertex -11.94246423 1.25667574 0.00000000
      vertex -10.41056786 -5.78970153 0.00000000
    endloop
  endfacet
  facet normal 0.00000000 0.00000000 -1.00000000
    outer loop
      vertex -12.03214237 1.15157874 0.00000000
      vertex -11.98773135 1.20490241 0.00000000
      vertex -10.41056786 -5.78970153 0.00000000
    endloop
  endfacet
  facet normal 0.00000000 0.00000000 -1.00000000
    outer loop
      vertex -12.07569723 1.09669727 0.00000000
      vertex -12.03214237 1.15157874 0.00000000
      vertex -10.41056786 -5.78970153 0.00000000
    endloop
  endfacet
  facet normal 0.00000000 0.00000000 -1.00000000
    outer loop
      vertex -12.11839529 1.04025087 0.00000000
      vertex -12.07569723 1.09669727 0.00000000
      vertex -10.41056786 -5.78970153 0.00000000
    endloop
  endfacet
  facet normal 0.00000000 0.00000000 -1.00000000
    outer loop
      vertex -12.16082234 0.98141883 0.00000000
      vertex -12.11839529 1.04025087 0.00000000
      vertex -10.41056786 -5.78970153 0.00000000
    endloop
  endfacet
  facet normal 0.00000000 0.00000000 -1.00000000
    outer loop
      vertex -12.62678201 0.31971656 0.00000000
      vertex -12.16082234 0.98141883 0.00000000
      vertex -10.41056786 -5.78970153 0.00000000
    endloop
  endfacet
  facet normal 0.00000000 0.00000000 -1.00000000
    outer loop
      vertex -12.68349495 0.23723076 0.00000000
      vertex -12.62678201 0.31971656 0.00000000
      vertex -10.41056786 -5.78970153 0.00000000
    endloop
  endfacet
  facet normal 0.00000000 0.00000000 -1.00000000
    outer loop
      vertex -12.73722844 0.15514363 0.00000000
      vertex -12.68349495 0.23723076 0.00000000
      vertex -10.41056786 -5.78970153 0.00000000
    endloop
  endfacet
  facet normal 0.00000000 0.00000000 -1.00000000
    outer loop
      vertex -12.78855536 0.07263047 0.00000000
      vertex -12.73722844 0.15514363 0.00000000
      vertex -10.41056786 -5.78970153 0.00000000
    endloop
  endfacet
  facet normal 0.00000000 0.00000000 -1.00000000
    outer loop
      vertex -12.83748253 -0.01031051 0.00000000
      vertex -12.78855536 0.07263047 0.00000000
      vertex -10.41056786 -5.78970153 0.00000000
    endloop
  endfacet
  facet normal 0.00000000 0.00000000 -1.00000000
    outer loop
      vertex -12.88401687 -0.09368177 0.00000000
      vertex -12.83748253 -0.01031051 0.00000000
      vertex -10.41056786 -5.78970153 0.00000000
    endloop
  endfacet
  facet normal 0.00000000 0.00000000 -1.00000000
    outer loop
      vertex -12.92816533 -0.17748646 0.00000000
      vertex -12.88401687 -0.09368177 0.00000000
      vertex -10.41056786 -5.78970153 0.00000000
    endloop
  endfacet
  facet normal 0.00000000 0.00000000 -1.00000000
    outer loop
      vertex -12.96993482 -0.26172847 0.00000000
      vertex -12.92816533 -0.17748646 0.00000000
      vertex -10.41056786 -5.78970153 0.00000000
    endloop
  endfacet
  facet normal 0.00000000 0.00000000 -1.00000000
    outer loop
      vertex -13.00933214 -0.34641238 0.00000000
      vertex -12.96993482 -0.26172847 0.00000000
      vertex -10.41056786 -5.78970153 0.00000000
    endloop
  endfacet
  facet normal 0.00000000 0.00000000 -1.00000000
    outer loop
      vertex -13.04636390 -0.43154348 0.00000000
      vertex -13.00933214 -0.34641238 0.00000000
      vertex -10.41056786 -5.78970153 0.00000000
    endloop
  endfacet
  facet normal 0.00000000 0.00000000 -1.00000000
    outer loop
      vertex -13.08103645 -0.51712777 0.00000000
      vertex -13.04636390 -0.43154348 0.00000000
      vertex -10.41056786 -5.78970153 0.00000000
    endloop
  endfacet
  facet normal 0.00000000 0.00000000 -1.00000000
    outer loop
      vertex -13.11335576 -0.60317192 0.00000000
      vertex -13.08103645 -0.51712777 0.00000000
      vertex -10.41056786 -5.78970153 0.00000000
    endloop
  endfacet
  facet normal 0.00000000 0.00000000 -1.00000000
    outer loop
      vertex -13.14332742 -0.68968321 0.00000000
      vertex -13.11335576 -0.60317192 0.00000000
      vertex -10.41056786 -5.78970153 0.00000000
    endloop
  endfacet
  facet normal 0.00000000 0.00000000 -1.00000000
    outer loop
      vertex -13.17095646 -0.77666952 0.00000000
      vertex -13.14332742 -0.68968321 0.00000000
      vertex -10.41056786 -5.78970153 0.00000000
    endloop
  endfacet
  facet normal 0.00000000 0.00000000 -1.00000000
    outer loop
      vertex -13.19624740 -0.86413923 0.00000000
      vertex -13.17095646 -0.77666952 0.00000000
      vertex -10.41056786 -5.78970153 0.00000000
    endloop
  endfacet
  facet normal 0.00000000 0.00000000 -1.00000000
    outer loop
      vertex -13.21920409 -0.95210115 0.00000000
      vertex -13.19624740 -0.86413923 0.00000000
      vertex -10.41056786 -5.78970153 0.00000000
    endloop
  endfacet
  facet normal 0.00000000 0.00000000 -1.00000000
    outer loop
      vertex -13.23982971 -1.04056444 0.00000000
      vertex -13.21920409 -0.95210115 0.00000000
      vertex -10.41056786 -5.78970153 0.00000000
    endloop
  endfacet
  facet normal 0.00000000 0.00000000 -1.00000000
    outer loop
      vertex -13.25812672 -1.12953854 0.00000000
      vertex -13.23982971 -1.04056444 0.00000000
      vertex -10.41056786 -5.78970153 0.00000000
    endloop
  endfacet
  facet normal 0.00000000 0.00000000 -1.00000000
    outer loop
      vertex -13.27409684 -1.21903303 0.00000000
      vertex -13.25812672 -1.12953854 0.00000000
      vertex -10.41056786 -5.78970153 0.00000000
    endloop
  endfacet
  facet normal 0.00000000 0.00000000 -1.00000000
    outer loop
      vertex -13.28774101 -1.30905757 0.00000000
      vertex -13.27409684 -1.21903303 0.00000000
      vertex -10.41056786 -5.78970153 0.00000000
    endloop
  endfacet
  facet normal 0.00000000 0.00000000 -1.00000000
    outer loop
      vertex -13.29905941 -1.39962178 0.00000000
      vertex -13.28774101 -1.30905757 0.00000000
      vertex -10.41056786 -5.78970153 0.00000000
    endloop
  endfacet
  facet normal 0.00000000 0.00000000 -1.00000000
    outer loop
      vertex -13.30805147 -1.49073516 0.00000000
      vertex -13.29905941 -1.39962178 0.00000000
      vertex -10.41056786 -5.78970153 0.00000000
    endloop
  endfacet
  facet normal 0.00000000 0.00000000 -1.00000000
    outer loop
      vertex -13.31471589 -1.58240696 0.00000000
      vertex -13.30805147 -1.49073516 0.00000000
      vertex -10.41056786 -5.78970153 0.00000000
    endloop
  endfacet
  facet normal 0.00000000 0.00000000 -1.00000000
    outer loop
      vertex -13.31905067 -1.67464613 0.00000000
      vertex -13.31471589 -1.58240696 0.00000000
      vertex -10.41056786 -5.78970153 0.00000000
    endloop
  endfacet
  facet normal 0.00000000 0.00000000 -1.00000000
    outer loop
      vertex -13.32105316 -1.76746125 0.00000000
      vertex -13.31905067 -1.67464613 0.00000000
      vertex -10.41056786 -5.78970153 0.00000000
    endloop
  endfacet
  facet normal 0.00000000 0.00000000 -1.00000000
    outer loop
      vertex -13.32072010 -1.86086040 0.00000000
      vertex -13.32105316 -1.76746125 0.00000000
      vertex -10.41056786 -5.78970153 0.00000000
    endloop
  endfacet
  facet normal 0.00000000 0.00000000 -1.00000000
    outer loop
      vertex -13.31804772 -1.95485117 0.00000000
      vertex -13.32072010 -1.86086040 0.00000000
      vertex -10.41056786 -5.78970153 0.00000000
    endloop
  endfacet
  facet normal 0.00000000 0.00000000 -1.00000000
    outer loop
      vertex -13.31303175 -2.04944057 0.00000000
      vertex -13.31804772 -1.95485117 0.00000000
      vertex -10.41056786 -5.78970153 0.00000000
    endloop
  endfacet
  facet normal 0.00000000 0.00000000 -1.00000000
    outer loop
      vertex -13.30566755 -2.14463501 0.00000000
      vertex -13.31303175 -2.04944057 0.00000000
      vertex -10.41056786 -5.78970153 0.00000000
    endloop
  endfacet
  facet normal 0.00000000 0.00000000 -1.00000000
    outer loop
      vertex -13.29595012 -2.24044025 0.00000000
      vertex -13.30566755 -2.14463501 0.00000000
      vertex -10.41056786 -5.78970153 0.00000000
    endloop
  endfacet
  facet normal 0.00000000 0.00000000 -1.00000000
    outer loop
      vertex -13.28387420 -2.33686144 0.00000000
      vertex -13.29595012 -2.24044025 0.00000000
      vertex -10.41056786 -5.78970153 0.00000000
    endloop
  endfacet
  facet normal 0.00000000 0.00000000 -1.00000000
    outer loop
      vertex -13.26943437 -2.43390306 0.00000000
      vertex -13.28387420 -2.33686144 0.00000000
      vertex -10.41056786 -5.78970153 0.00000000
    endloop
  endfacet
  facet normal 0.00000000 0.00000000 -1.00000000
    outer loop
      vertex -13.25245552 -2.53255388 0.00000000
      vertex -13.26943437 -2.43390306 0.00000000
      vertex -10.41056786 -5.78970153 0.00000000
    endloop
  endfacet
  facet normal 0.00000000 0.00000000 -1.00000000
    outer loop
      vertex -12.95296907 -4.16309122 0.00000000
      vertex -13.25245552 -2.53255388 0.00000000
      vertex -10.41056786 -5.78970153 0.00000000
    endloop
  endfacet
  facet normal 0.00000000 0.00000000 -1.00000000
    outer loop
      vertex -12.93876800 -4.23454851 0.00000000
      vertex -12.95296907 -4.16309122 0.00000000
      vertex -10.41056786 -5.78970153 0.00000000
    endloop
  endfacet
  facet normal 0.00000000 0.00000000 -1.00000000
    outer loop
      vertex -12.92308710 -4.30272592 0.00000000
      vertex -12.93876800 -4.23454851 0.00000000
      vertex -10.41056786 -5.78970153 0.00000000
    endloop
  endfacet
  facet normal 0.00000000 0.00000000 -1.00000000
    outer loop
      vertex -12.90569312 -4.36889028 0.00000000
      vertex -12.92308710 -4.30272592 0.00000000
      vertex -10.41056786 -5.78970153 0.00000000
    endloop
  endfacet
  facet normal 0.00000000 0.00000000 -1.00000000
    outer loop
      vertex -12.88660275 -4.43305261 0.00000000
      vertex -12.90569312 -4.36889028 0.00000000
      vertex -10.41056786 -5.78970153 0.00000000
    endloop
  endfacet
  facet normal 0.00000000 0.00000000 -1.00000000
    outer loop
      vertex -12.86583215 -4.49522687 0.00000000
      vertex -12.88660275 -4.43305261 0.00000000
      vertex -10.41056786 -5.78970153 0.00000000
    endloop
  endfacet
  facet normal 0.00000000 0.00000000 -1.00000000
    outer loop
      vertex -12.84339644 -4.55543014 0.00000000
      vertex -12.86583215 -4.49522687 0.00000000
      vertex -10.41056786 -5.78970153 0.00000000
    endloop
  endfacet
  facet normal 0.00000000 0.00000000 -1.00000000
    outer loop
      vertex -12.81930921 -4.61368267 0.00000000
      vertex -12.84339644 -4.55543014 0.00000000
      vertex -10.41056786 -5.78970153 0.00000000
    endloop
  endfacet
  facet normal 0.00000000 0.00000000 -1.00000000
    outer loop
      vertex -12.79358196 -4.67000787 0.00000000
      vertex -12.81930921 -4.61368267 0.00000000
      vertex -10.41056786 -5.78970153 0.00000000
    endloop
  endfacet
  facet normal 0.00000000 0.00000000 -1.00000000
    outer loop
      vertex -12.76622350 -4.72443213 0.00000000
      vertex -12.79358196 -4.67000787 0.00000000
      vertex -10.41056786 -5.78970153 0.00000000
    endloop
  endfacet
  facet normal 0.00000000 0.00000000 -1.00000000
    outer loop
      vertex -12.73723938 -4.77698452 0.00000000
      vertex -12.76622350 -4.72443213 0.00000000
      vertex -10.41056786 -5.78970153 0.00000000
    endloop
  endfacet
  facet normal 0.00000000 0.00000000 -1.00000000
    outer loop
      vertex -12.70663138 -4.82769639 0.00000000
      vertex -12.73723938 -4.77698452 0.00000000
      vertex -10.41056786 -5.78970153 0.00000000
    endloop
  endfacet
  facet normal 0.00000000 0.00000000 -1.00000000
    outer loop
      vertex -12.67439707 -4.87660075 0.00000000
      vertex -12.70663138 -4.82769639 0.00000000
      vertex -10.41056786 -5.78970153 0.00000000
    endloop
  endfacet
  facet normal 0.00000000 0.00000000 -1.00000000
    outer loop
      vertex -12.64052948 -4.92373152 0.00000000
      vertex -12.67439707 -4.87660075 0.00000000
      vertex -10.41056786 -5.78970153 0.00000000
    endloop
  endfacet
  facet normal 0.00000000 0.00000000 -1.00000000
    outer loop
      vertex -12.60501695 -4.96912277 0.00000000
      vertex -12.64052948 -4.92373152 0.00000000
      vertex -10.41056786 -5.78970153 0.00000000
    endloop
  endfacet
  facet normal 0.00000000 0.00000000 -1.00000000
    outer loop
      vertex -12.56784317 -5.01280778 0.00000000
      vertex -12.60501695 -4.96912277 0.00000000
      vertex -10.41056786 -5.78970153 0.00000000
    endloop
  endfacet
  facet normal 0.00000000 0.00000000 -1.00000000
    outer loop
      vertex -12.52898737 -5.05481819 0.00000000
      vertex -12.56784317 -5.01280778 0.00000000
      vertex -10.41056786 -5.78970153 0.00000000
    endloop
  endfacet
  facet normal 0.00000000 0.00000000 -1.00000000
    outer loop
      vertex -12.48842481 -5.09518309 0.00000000
      vertex -12.52898737 -5.05481819 0.00000000
      vertex -10.41056786 -5.78970153 0.00000000
    endloop
  endfacet
  facet normal 0.00000000 0.00000000 -1.00000000
    outer loop
      vertex -12.44612730 -5.13392831 0.00000000
      vertex -12.48842481 -5.09518309 0.00000000
      vertex -10.41056786 -5.78970153 0.00000000
    endloop
  endfacet
  facet normal 0.00000000 0.00000000 -1.00000000
    outer loop
      vertex -12.40206400 -5.17107572 0.00000000
      vertex -12.44612730 -5.13392831 0.00000000
      vertex -10.41056786 -5.78970153 0.00000000
    endloop
  endfacet
  facet normal 0.00000000 0.00000000 -1.00000000
    outer loop
      vertex -12.35620222 -5.20664285 0.00000000
      vertex -12.40206400 -5.17107572 0.00000000
      vertex -10.41056786 -5.78970153 0.00000000
    endloop
  endfacet
  facet normal 0.00000000 0.00000000 -1.00000000
    outer loop
      vertex -12.30850837 -5.24064260 0.00000000
      vertex -12.35620222 -5.20664285 0.00000000
      vertex -10.41056786 -5.78970153 0.00000000
    endloop
  endfacet
  facet normal 0.00000000 0.00000000 -1.00000000
    outer loop
      vertex -12.25894878 -5.27308317 0.00000000
      vertex -12.30850837 -5.24064260 0.00000000
      vertex -10.41056786 -5.78970153 0.00000000
    endloop
  endfacet
  facet normal 0.00000000 0.00000000 -1.00000000
    outer loop
      vertex -12.20749056 -5.30396820 0.00000000
      vertex -12.25894878 -5.27308317 0.00000000
      vertex -10.41056786 -5.78970153 0.00000000
    endloop
  endfacet
  facet normal 0.00000000 0.00000000 -1.00000000
    outer loop
      vertex -12.15410233 -5.33329706 0.00000000
      vertex -12.20749056 -5.30396820 0.00000000
      vertex -10.41056786 -5.78970153 0.00000000
    endloop
  endfacet
  facet normal 0.00000000 0.00000000 -1.00000000
    outer loop
      vertex -12.09875482 -5.36106525 0.00000000
      vertex -12.15410233 -5.33329706 0.00000000
      vertex -10.41056786 -5.78970153 0.00000000
    endloop
  endfacet
  facet normal 0.00000000 0.00000000 -1.00000000
    outer loop
      vertex -12.04142134 -5.38726494 0.00000000
      vertex -12.09875482 -5.36106525 0.00000000
      vertex -10.41056786 -5.78970153 0.00000000
    endloop
  endfacet
  facet normal 0.00000000 0.00000000 -1.00000000
    outer loop
      vertex -11.98207807 -5.41188550 0.00000000
      vertex -12.04142134 -5.38726494 0.00000000
      vertex -10.41056786 -5.78970153 0.00000000
    endloop
  endfacet
  facet normal 0.00000000 0.00000000 -1.00000000
    outer loop
      vertex -11.92070429 -5.43491408 0.00000000
      vertex -11.98207807 -5.41188550 0.00000000
      vertex -10.41056786 -5.78970153 0.00000000
    endloop
  endfacet
  facet normal 0.00000000 0.00000000 -1.00000000
    outer loop
      vertex -11.85728237 -5.45633620 0.00000000
      vertex -11.92070429 -5.43491408 0.00000000
      vertex -10.41056786 -5.78970153 0.00000000
    endloop
  endfacet
  facet normal 0.00000000 0.00000000 -1.00000000
    outer loop
      vertex -11.79179777 -5.47613621 0.00000000
      vertex -11.85728237 -5.45633620 0.00000000
      vertex -10.41056786 -5.78970153 0.00000000
    endloop
  endfacet
  facet normal 0.00000000 0.00000000 -1.00000000
    outer loop
      vertex -11.72423887 -5.49429784 0.00000000
      vertex -11.79179777 -5.47613621 0.00000000
      vertex -10.41056786 -5.78970153 0.00000000
    endloop
  endfacet
  facet normal 0.00000000 0.00000000 -1.00000000
    outer loop
      vertex -11.65334821 -5.51110048 0.00000000
      vertex -11.72423887 -5.49429784 0.00000000
      vertex -10.41056786 -5.78970153 0.00000000
    endloop
  endfacet
  facet normal 0.00000000 0.00000000 1.00000000
    outer loop
      vertex -11.65334821 -5.51110048 0.00000000
      vertex -10.41056786 -5.78970153 0.00000000
      vertex -10.40399874 -5.78133661 0.00000000
    endloop
  endfacet
  facet normal 0.20150455 0.97948758 0.00000000
    outer loop
      vertex -10.46768433 -5.77399419 0.20000000
      vertex -10.45389653 -5.77683068 0.20000000
      vertex -10.45389653 -5.77683068 0.00000000
    endloop
  endfacet
  facet normal 0.20150455 0.97948758 0.00000000
    outer loop
      vertex -10.46768433 -5.77399419 0.20000000
      vertex -10.45389653 -5.77683068 0.00000000
      vertex -10.46768433 -5.77399419 0.00000000
    endloop
  endfacet
  facet normal 0.16954283 0.98552282 0.00000000
    outer loop
      vertex -10.45389653 -5.77683068 0.20000000
      vertex -10.44251979 -5.77878786 0.20000000
      vertex -10.44251979 -5.77878786 0.00000000
    endloop
  endfacet
  facet normal 0.16954283 0.98552282 0.00000000
    outer loop
      vertex -10.45389653 -5.77683068 0.20000000
      vertex -10.44251979 -5.77878786 0.00000000
      vertex -10.45389653 -5.77683068 0.00000000
    endloop
  endfacet
  facet normal 0.13465230 0.99089291 0.00000000
    outer loop
      vertex -10.44251979 -5.77878786 0.20000000
      vertex -10.43230598 -5.78017581 0.20000000
      vertex -10.43230598 -5.78017581 0.00000000
    endloop
  endfacet
  facet normal 0.13465230 0.99089291 0.00000000
    outer loop
      vertex -10.44251979 -5.77878786 0.20000000
      vertex -10.43230598 -5.78017581 0.00000000
      vertex -10.44251979 -5.77878786 0.00000000
    endloop
  endfacet
  facet normal 0.07739521 0.99700049 0.00000000
    outer loop
      vertex -10.43230598 -5.78017581 0.20000000
      vertex -10.41555963 -5.78147580 0.20000000
      vertex -10.41555963 -5.78147580 0.00000000
    endloop
  endfacet
  facet normal 0.07739521 0.99700049 0.00000000
    outer loop
      vertex -10.43230598 -5.78017581 0.20000000
      vertex -10.41555963 -5.78147580 0.00000000
      vertex -10.43230598 -5.78017581 0.00000000
    endloop
  endfacet
  facet normal -0.01203923 0.99992753 0.00000000
    outer loop
      vertex -10.41555963 -5.78147580 0.20000000
      vertex -10.40399874 -5.78133661 0.20000000
      vertex -10.40399874 -5.78133661 0.00000000
    endloop
  endfacet
  facet normal -0.01203923 0.99992753 0.00000000
    outer loop
      vertex -10.41555963 -5.78147580 0.20000000
      vertex -10.40399874 -5.78133661 0.00000000
      vertex -10.41555963 -5.78147580 0.00000000
    endloop
  endfacet
  facet normal 0.78647003 -0.61762844 0.00000000
    outer loop
      vertex -10.40399874 -5.78133661 0.20000000
      vertex -10.41056786 -5.78970153 0.20000000
      vertex -10.41056786 -5.78970153 0.00000000
    endloop
  endfacet
  facet normal 0.78647003 -0.61762844 0.00000000
    outer loop
      vertex -10.40399874 -5.78133661 0.20000000
      vertex -10.41056786 -5.78970153 0.00000000
      vertex -10.40399874 -5.78133661 0.00000000
    endloop
  endfacet
  facet normal -0.98726023 -0.15911390 0.00000000
    outer loop
      vertex -10.41056786 -5.78970153 0.20000000
      vertex -10.41233908 -5.77871159 0.20000000
      vertex -10.41233908 -5.77871159 0.00000000
    endloop
  endfacet
  facet normal -0.98726023 -0.15911390 -0.00000000
    outer loop
      vertex -10.41056786 -5.78970153 0.20000000
      vertex -10.41233908 -5.77871159 0.00000000
      vertex -10.41056786 -5.78970153 0.00000000
    endloop
  endfacet
  facet normal -0.99720877 0.07466377 0.00000000
    outer loop
      vertex -10.41233908 -5.77871159 0.20000000
      vertex -10.41108497 -5.76196174 0.20000000
      vertex -10.41108497 -5.76196174 0.00000000
    endloop
  endfacet
  facet normal -0.99720877 0.07466377 0.00000000
    outer loop
      vertex -10.41233908 -5.77871159 0.20000000
      vertex -10.41108497 -5.76196174 0.00000000
      vertex -10.41233908 -5.77871159 0.00000000
    endloop
  endfacet
  facet normal -0.99985305 0.01714260 0.00000000
    outer loop
      vertex -10.41108497 -5.76196174 0.20000000
      vertex -10.41090827 -5.75165557 0.20000000
      vertex -10.41090827 -5.75165557 0.00000000
    endloop
  endfacet
  facet normal -0.99985305 0.01714260 0.00000000
    outer loop
      vertex -10.41108497 -5.76196174 0.20000000
      vertex -10.41090827 -5.75165557 0.00000000
      vertex -10.41108497 -5.76196174 0.00000000
    endloop
  endfacet
  facet normal -0.99983512 -0.01815877 0.00000000
    outer loop
      vertex -10.41090827 -5.75165557 0.20000000
      vertex -10.41111789 -5.74011361 0.20000000
      vertex -10.41111789 -5.74011361 0.00000000
    endloop
  endfacet
  facet normal -0.99983512 -0.01815877 -0.00000000
    outer loop
      vertex -10.41090827 -5.75165557 0.20000000
      vertex -10.41111789 -5.74011361 0.00000000
      vertex -10.41090827 -5.75165557 0.00000000
    endloop
  endfacet
  facet normal -0.99871565 -0.05066603 0.00000000
    outer loop
      vertex -10.41111789 -5.74011361 0.20000000
      vertex -10.41183109 -5.72605514 0.20000000
      vertex -10.41183109 -5.72605514 0.00000000
    endloop
  endfacet
  facet normal -0.99871565 -0.05066603 -0.00000000
    outer loop
      vertex -10.41111789 -5.74011361 0.20000000
      vertex -10.41183109 -5.72605514 0.00000000
      vertex -10.41111789 -5.74011361 0.00000000
    endloop
  endfacet
  facet normal -0.99782338 -0.06594311 0.00000000
    outer loop
      vertex -10.41183109 -5.72605514 0.20000000
      vertex -10.49627808 -4.44823896 0.20000000
      vertex -10.49627808 -4.44823896 0.00000000
    endloop
  endfacet
  facet normal -0.99782338 -0.06594311 -0.00000000
    outer loop
      vertex -10.41183109 -5.72605514 0.20000000
      vertex -10.49627808 -4.44823896 0.00000000
      vertex -10.41183109 -5.72605514 0.00000000
    endloop
  endfacet
  facet normal -0.99942915 -0.03378437 0.00000000
    outer loop
      vertex -10.49627808 -4.44823896 0.20000000
      vertex -10.49720522 -4.42081174 0.20000000
      vertex -10.49720522 -4.42081174 0.00000000
    endloop
  endfacet
  facet normal -0.99942915 -0.03378437 -0.00000000
    outer loop
      vertex -10.49627808 -4.44823896 0.20000000
      vertex -10.49720522 -4.42081174 0.00000000
      vertex -10.49627808 -4.44823896 0.00000000
    endloop
  endfacet
  facet normal -0.99932586 0.03671271 0.00000000
    outer loop
      vertex -10.49720522 -4.42081174 0.20000000
      vertex -10.49608068 -4.39020167 0.20000000
      vertex -10.49608068 -4.39020167 0.00000000
    endloop
  endfacet
  facet normal -0.99932586 0.03671271 0.00000000
    outer loop
      vertex -10.49720522 -4.42081174 0.20000000
      vertex -10.49608068 -4.39020167 0.00000000
      vertex -10.49720522 -4.42081174 0.00000000
    endloop
  endfacet
  facet normal -0.99327601 0.11577032 0.00000000
    outer loop
      vertex -10.49608068 -4.39020167 0.20000000
      vertex -10.49245617 -4.35910440 0.20000000
      vertex -10.49245617 -4.35910440 0.00000000
    endloop
  endfacet
  facet normal -0.99327601 0.11577032 0.00000000
    outer loop
      vertex -10.49608068 -4.39020167 0.20000000
      vertex -10.49245617 -4.35910440 0.00000000
      vertex -10.49608068 -4.39020167 0.00000000
    endloop
  endfacet
  facet normal -0.97912274 0.20326994 0.00000000
    outer loop
      vertex -10.49245617 -4.35910440 0.20000000
      vertex -10.48591902 -4.32761588 0.20000000
      vertex -10.48591902 -4.32761588 0.00000000
    endloop
  endfacet
  facet normal -0.97912274 0.20326994 0.00000000
    outer loop
      vertex -10.49245617 -4.35910440 0.20000000
      vertex -10.48591902 -4.32761588 0.00000000
      vertex -10.49245617 -4.35910440 0.00000000
    endloop
  endfacet
  facet normal -0.95449657 0.29822188 0.00000000
    outer loop
      vertex -10.48591902 -4.32761588 0.20000000
      vertex -10.47604672 -4.29601835 0.20000000
      vertex -10.47604672 -4.29601835 0.00000000
    endloop
  endfacet
  facet normal -0.95449657 0.29822188 0.00000000
    outer loop
      vertex -10.48591902 -4.32761588 0.20000000
      vertex -10.47604672 -4.29601835 0.00000000
      vertex -10.48591902 -4.32761588 0.00000000
    endloop
  endfacet
  facet normal -0.91718320 0.39846578 0.00000000
    outer loop
      vertex -10.47604672 -4.29601835 0.20000000
      vertex -10.46249271 -4.26481991 0.20000000
      vertex -10.46249271 -4.26481991 0.00000000
    endloop
  endfacet
  facet normal -0.91718320 0.39846578 0.00000000
    outer loop
      vertex -10.47604672 -4.29601835 0.20000000
      vertex -10.46249271 -4.26481991 0.00000000
      vertex -10.47604672 -4.29601835 0.00000000
    endloop
  endfacet
  facet normal -0.86569993 0.50056332 0.00000000
    outer loop
      vertex -10.46249271 -4.26481991 0.20000000
      vertex -10.44510052 -4.23474096 0.20000000
      vertex -10.44510052 -4.23474096 0.00000000
    endloop
  endfacet
  facet normal -0.86569993 0.50056332 0.00000000
    outer loop
      vertex -10.46249271 -4.26481991 0.20000000
      vertex -10.44510052 -4.23474096 0.00000000
      vertex -10.46249271 -4.26481991 0.00000000
    endloop
  endfacet
  facet normal -0.79994120 0.60007839 0.00000000
    outer loop
      vertex -10.44510052 -4.23474096 0.20000000
      vertex -10.42400589 -4.20662053 0.20000000
      vertex -10.42400589 -4.20662053 0.00000000
    endloop
  endfacet
  facet normal -0.79994120 0.60007839 0.00000000
    outer loop
      vertex -10.44510052 -4.23474096 0.20000000
      vertex -10.42400589 -4.20662053 0.00000000
      vertex -10.44510052 -4.23474096 0.00000000
    endloop
  endfacet
  facet normal -0.72159518 0.69231525 0.00000000
    outer loop
      vertex -10.42400589 -4.20662053 0.20000000
      vertex -10.39966885 -4.18125421 0.20000000
      vertex -10.39966885 -4.18125421 0.00000000
    endloop
  endfacet
  facet normal -0.72159518 0.69231525 0.00000000
    outer loop
      vertex -10.42400589 -4.20662053 0.20000000
      vertex -10.39966885 -4.18125421 0.00000000
      vertex -10.42400589 -4.20662053 0.00000000
    endloop
  endfacet
  facet normal -0.63403033 0.77330818 0.00000000
    outer loop
      vertex -10.39966885 -4.18125421 0.20000000
      vertex -10.37280007 -4.15922468 0.20000000
      vertex -10.37280007 -4.15922468 0.00000000
    endloop
  endfacet
  facet normal -0.63403033 0.77330818 0.00000000
    outer loop
      vertex -10.39966885 -4.18125421 0.20000000
      vertex -10.37280007 -4.15922468 0.00000000
      vertex -10.39966885 -4.18125421 0.00000000
    endloop
  endfacet
  facet normal -0.54160740 0.84063156 0.00000000
    outer loop
      vertex -10.37280007 -4.15922468 0.20000000
      vertex -10.34420558 -4.14080164 0.20000000
      vertex -10.34420558 -4.14080164 0.00000000
    endloop
  endfacet
  facet normal -0.54160740 0.84063156 0.00000000
    outer loop
      vertex -10.37280007 -4.15922468 0.20000000
      vertex -10.34420558 -4.14080164 0.00000000
      vertex -10.37280007 -4.15922468 0.00000000
    endloop
  endfacet
  facet normal -0.44872114 0.89367183 0.00000000
    outer loop
      vertex -10.34420558 -4.14080164 0.20000000
      vertex -10.31462158 -4.12594723 0.20000000
      vertex -10.31462158 -4.12594723 0.00000000
    endloop
  endfacet
  facet normal -0.44872114 0.89367183 0.00000000
    outer loop
      vertex -10.34420558 -4.14080164 0.20000000
      vertex -10.31462158 -4.12594723 0.00000000
      vertex -10.34420558 -4.14080164 0.00000000
    endloop
  endfacet
  facet normal -0.35900445 0.93333585 0.00000000
    outer loop
      vertex -10.31462158 -4.12594723 0.20000000
      vertex -10.28460556 -4.11440167 0.20000000
      vertex -10.28460556 -4.11440167 0.00000000
    endloop
  endfacet
  facet normal -0.35900445 0.93333585 0.00000000
    outer loop
      vertex -10.31462158 -4.12594723 0.20000000
      vertex -10.28460556 -4.11440167 0.00000000
      vertex -10.31462158 -4.12594723 0.00000000
    endloop
  endfacet
  facet normal -0.27494748 0.96145925 0.00000000
    outer loop
      vertex -10.28460556 -4.11440167 0.20000000
      vertex -10.25450441 -4.10579367 0.20000000
      vertex -10.25450441 -4.10579367 0.00000000
    endloop
  endfacet
  facet normal -0.27494748 0.96145925 0.00000000
    outer loop
      vertex -10.28460556 -4.11440167 0.20000000
      vertex -10.25450441 -4.10579367 0.00000000
      vertex -10.28460556 -4.11440167 0.00000000
    endloop
  endfacet
  facet normal -0.19791025 0.98022014 0.00000000
    outer loop
      vertex -10.25450441 -4.10579367 0.20000000
      vertex -10.22447956 -4.09973154 0.20000000
      vertex -10.22447956 -4.09973154 0.00000000
    endloop
  endfacet
  facet normal -0.19791025 0.98022014 0.00000000
    outer loop
      vertex -10.25450441 -4.10579367 0.20000000
      vertex -10.22447956 -4.09973154 0.00000000
      vertex -10.25450441 -4.10579367 0.00000000
    endloop
  endfacet
  facet normal -0.12835867 0.99172781 0.00000000
    outer loop
      vertex -10.22447956 -4.09973154 0.20000000
      vertex -10.19726369 -4.09620901 0.20000000
      vertex -10.19726369 -4.09620901 0.00000000
    endloop
  endfacet
  facet normal -0.12835867 0.99172781 0.00000000
    outer loop
      vertex -10.22447956 -4.09973154 0.20000000
      vertex -10.19726369 -4.09620901 0.00000000
      vertex -10.22447956 -4.09973154 0.00000000
    endloop
  endfacet
  facet normal -0.09636382 0.99534618 0.00000000
    outer loop
      vertex -10.19726369 -4.09620901 0.20000000
      vertex -2.36254897 -3.33769596 0.20000000
      vertex -2.36254897 -3.33769596 0.00000000
    endloop
  endfacet
  facet normal -0.09636382 0.99534618 0.00000000
    outer loop
      vertex -10.19726369 -4.09620901 0.20000000
      vertex -2.36254897 -3.33769596 0.00000000
      vertex -10.19726369 -4.09620901 0.00000000
    endloop
  endfacet
  facet normal -0.11213585 0.99369289 0.00000000
    outer loop
      vertex -2.36254897 -3.33769596 0.20000000
      vertex -2.33940300 -3.33508399 0.20000000
      vertex -2.33940300 -3.33508399 0.00000000
    endloop
  endfacet
  facet normal -0.11213585 0.99369289 0.00000000
    outer loop
      vertex -2.36254897 -3.33769596 0.20000000
      vertex -2.33940300 -3.33508399 0.00000000
      vertex -2.36254897 -3.33769596 0.00000000
    endloop
  endfacet
  facet normal -0.14505513 0.98942357 0.00000000
    outer loop
      vertex -2.33940300 -3.33508399 0.20000000
      vertex -2.31890153 -3.33207836 0.20000000
      vertex -2.31890153 -3.33207836 0.00000000
    endloop
  endfacet
  facet normal -0.14505513 0.98942357 0.00000000
    outer loop
      vertex -2.33940300 -3.33508399 0.20000000
      vertex -2.31890153 -3.33207836 0.00000000
      vertex -2.33940300 -3.33508399 0.00000000
    endloop
  endfacet
  facet normal -0.17984400 0.98369514 0.00000000
    outer loop
      vertex -2.31890153 -3.33207836 0.20000000
      vertex -2.29967461 -3.32856320 0.20000000
      vertex -2.29967461 -3.32856320 0.00000000
    endloop
  endfacet
  facet normal -0.17984400 0.98369514 0.00000000
    outer loop
      vertex -2.31890153 -3.33207836 0.20000000
      vertex -2.29967461 -3.32856320 0.00000000
      vertex -2.31890153 -3.33207836 0.00000000
    endloop
  endfacet
  facet normal -0.21652334 0.97627744 0.00000000
    outer loop
      vertex -2.29967461 -3.32856320 0.20000000
      vertex -2.28172318 -3.32458185 0.20000000
      vertex -2.28172318 -3.32458185 0.00000000
    endloop
  endfacet
  facet normal -0.21652334 0.97627744 0.00000000
    outer loop
      vertex -2.29967461 -3.32856320 0.20000000
      vertex -2.28172318 -3.32458185 0.00000000
      vertex -2.29967461 -3.32856320 0.00000000
    endloop
  endfacet
  facet normal -0.25508119 0.96691964 0.00000000
    outer loop
      vertex -2.28172318 -3.32458185 0.20000000
      vertex -2.26504142 -3.32018107 0.20000000
      vertex -2.26504142 -3.32018107 0.00000000
    endloop
  endfacet
  facet normal -0.25508119 0.96691964 0.00000000
    outer loop
      vertex -2.28172318 -3.32458185 0.20000000
      vertex -2.26504142 -3.32018107 0.00000000
      vertex -2.28172318 -3.32458185 0.00000000
    endloop
  endfacet
  facet normal -0.29546364 0.95535399 0.00000000
    outer loop
      vertex -2.26504142 -3.32018107 0.20000000
      vertex -2.24961510 -3.31541015 0.20000000
      vertex -2.24961510 -3.31541015 0.00000000
    endloop
  endfacet
  facet normal -0.29546364 0.95535399 0.00000000
    outer loop
      vertex -2.26504142 -3.32018107 0.20000000
      vertex -2.24961510 -3.31541015 0.00000000
      vertex -2.26504142 -3.32018107 0.00000000
    endloop
  endfacet
  facet normal -0.33756506 0.94130220 0.00000000
    outer loop
      vertex -2.24961510 -3.31541015 0.20000000
      vertex -2.23541976 -3.31031949 0.20000000
      vertex -2.23541976 -3.31031949 0.00000000
    endloop
  endfacet
  facet normal -0.33756506 0.94130220 0.00000000
    outer loop
      vertex -2.24961510 -3.31541015 0.20000000
      vertex -2.23541976 -3.31031949 0.00000000
      vertex -2.24961510 -3.31541015 0.00000000
    endloop
  endfacet
  facet normal -0.38121855 0.92448495 0.00000000
    outer loop
      vertex -2.23541976 -3.31031949 0.20000000
      vertex -2.22241914 -3.30495858 0.20000000
      vertex -2.22241914 -3.30495858 0.00000000
    endloop
  endfacet
  facet normal -0.38121855 0.92448495 0.00000000
    outer loop
      vertex -2.23541976 -3.31031949 0.20000000
      vertex -2.22241914 -3.30495858 0.00000000
      vertex -2.23541976 -3.31031949 0.00000000
    endloop
  endfacet
  facet normal -0.42618753 0.90463484 0.00000000
    outer loop
      vertex -2.22241914 -3.30495858 0.20000000
      vertex -2.21056381 -3.29937335 0.20000000
      vertex -2.21056381 -3.29937335 0.00000000
    endloop
  endfacet
  facet normal -0.42618753 0.90463484 0.00000000
    outer loop
      vertex -2.22241914 -3.30495858 0.20000000
      vertex -2.21056381 -3.29937335 0.00000000
      vertex -2.22241914 -3.30495858 0.00000000
    endloop
  endfacet
  facet normal -0.47215997 0.88151288 0.00000000
    outer loop
      vertex -2.21056381 -3.29937335 0.20000000
      vertex -2.19979055 -3.29360293 0.20000000
      vertex -2.19979055 -3.29360293 0.00000000
    endloop
  endfacet
  facet normal -0.47215997 0.88151288 0.00000000
    outer loop
      vertex -2.21056381 -3.29937335 0.20000000
      vertex -2.19979055 -3.29360293 0.00000000
      vertex -2.21056381 -3.29937335 0.00000000
    endloop
  endfacet
  facet normal -0.51874693 0.85492785 0.00000000
    outer loop
      vertex -2.19979055 -3.29360293 0.20000000
      vertex -2.19002257 -3.28767599 0.20000000
      vertex -2.19002257 -3.28767599 0.00000000
    endloop
  endfacet
  facet normal -0.51874693 0.85492785 0.00000000
    outer loop
      vertex -2.19979055 -3.29360293 0.20000000
      vertex -2.19002257 -3.28767599 0.00000000
      vertex -2.19979055 -3.29360293 0.00000000
    endloop
  endfacet
  facet normal -0.56548702 0.82475720 0.00000000
    outer loop
      vertex -2.19002257 -3.28767599 0.20000000
      vertex -2.18117099 -3.28160698 0.20000000
      vertex -2.18117099 -3.28160698 0.00000000
    endloop
  endfacet
  facet normal -0.56548702 0.82475720 0.00000000
    outer loop
      vertex -2.19002257 -3.28767599 0.20000000
      vertex -2.18117099 -3.28160698 0.00000000
      vertex -2.19002257 -3.28767599 0.00000000
    endloop
  endfacet
  facet normal -0.61185813 0.79096753 0.00000000
    outer loop
      vertex -2.18117099 -3.28160698 0.20000000
      vertex -2.17313759 -3.27539269 0.20000000
      vertex -2.17313759 -3.27539269 0.00000000
    endloop
  endfacet
  facet normal -0.61185813 0.79096753 0.00000000
    outer loop
      vertex -2.18117099 -3.28160698 0.20000000
      vertex -2.17313759 -3.27539269 0.00000000
      vertex -2.18117099 -3.28160698 0.00000000
    endloop
  endfacet
  facet normal -0.67921647 0.73393800 0.00000000
    outer loop
      vertex -2.17313759 -3.27539269 0.20000000
      vertex -2.15911225 -3.26241307 0.20000000
      vertex -2.15911225 -3.26241307 0.00000000
    endloop
  endfacet
  facet normal -0.67921647 0.73393800 0.00000000
    outer loop
      vertex -2.17313759 -3.27539269 0.20000000
      vertex -2.15911225 -3.26241307 0.00000000
      vertex -2.17313759 -3.27539269 0.00000000
    endloop
  endfacet
  facet normal -0.76306949 0.64631645 0.00000000
    outer loop
      vertex -2.15911225 -3.26241307 0.20000000
      vertex -2.14715666 -3.24829777 0.20000000
      vertex -2.14715666 -3.24829777 0.00000000
    endloop
  endfacet
  facet normal -0.76306949 0.64631645 0.00000000
    outer loop
      vertex -2.15911225 -3.26241307 0.20000000
      vertex -2.14715666 -3.24829777 0.00000000
      vertex -2.15911225 -3.26241307 0.00000000
    endloop
  endfacet
  facet normal -0.83569863 0.54918832 0.00000000
    outer loop
      vertex -2.14715666 -3.24829777 0.20000000
      vertex -2.13666183 -3.23232781 0.20000000
      vertex -2.13666183 -3.23232781 0.00000000
    endloop
  endfacet
  facet normal -0.83569863 0.54918832 0.00000000
    outer loop
      vertex -2.14715666 -3.24829777 0.20000000
      vertex -2.13666183 -3.23232781 0.00000000
      vertex -2.14715666 -3.24829777 0.00000000
    endloop
  endfacet
  facet normal -0.88086695 0.47336394 0.00000000
    outer loop
      vertex -2.13666183 -3.23232781 0.20000000
      vertex -2.13185415 -3.22338136 0.20000000
      vertex -2.13185415 -3.22338136 0.00000000
    endloop
  endfacet
  facet normal -0.88086695 0.47336394 0.00000000
    outer loop
      vertex -2.13666183 -3.23232781 0.20000000
      vertex -2.13185415 -3.22338136 0.00000000
      vertex -2.13666183 -3.23232781 0.00000000
    endloop
  endfacet
  facet normal -0.90656565 0.42206484 0.00000000
    outer loop
      vertex -2.13185415 -3.22338136 0.20000000
      vertex -2.12732440 -3.21365178 0.20000000
      vertex -2.12732440 -3.21365178 0.00000000
    endloop
  endfacet
  facet normal -0.90656565 0.42206484 0.00000000
    outer loop
      vertex -2.13185415 -3.22338136 0.20000000
      vertex -2.12732440 -3.21365178 0.00000000
      vertex -2.13185415 -3.22338136 0.00000000
    endloop
  endfacet
  facet normal -0.92863395 0.37099729 0.00000000
    outer loop
      vertex -2.12732440 -3.21365178 0.20000000
      vertex -2.12308557 -3.20304168 0.20000000
      vertex -2.12308557 -3.20304168 0.00000000
    endloop
  endfacet
  facet normal -0.92863395 0.37099729 0.00000000
    outer loop
      vertex -2.12732440 -3.21365178 0.20000000
      vertex -2.12308557 -3.20304168 0.00000000
      vertex -2.12732440 -3.21365178 0.00000000
    endloop
  endfacet
  facet normal -0.94719071 0.32067080 0.00000000
    outer loop
      vertex -2.12308557 -3.20304168 0.20000000
      vertex -2.11916655 -3.19146575 0.20000000
      vertex -2.11916655 -3.19146575 0.00000000
    endloop
  endfacet
  facet normal -0.94719071 0.32067080 0.00000000
    outer loop
      vertex -2.12308557 -3.20304168 0.20000000
      vertex -2.11916655 -3.19146575 0.00000000
      vertex -2.12308557 -3.20304168 0.00000000
    endloop
  endfacet
  facet normal -0.96243271 0.27152031 0.00000000
    outer loop
      vertex -2.11916655 -3.19146575 0.20000000
      vertex -2.11560825 -3.17885297 0.20000000
      vertex -2.11560825 -3.17885297 0.00000000
    endloop
  endfacet
  facet normal -0.96243271 0.27152031 0.00000000
    outer loop
      vertex -2.11916655 -3.19146575 0.20000000
      vertex -2.11560825 -3.17885297 0.00000000
      vertex -2.11916655 -3.19146575 0.00000000
    endloop
  endfacet
  facet normal -0.97461259 0.22389797 0.00000000
    outer loop
      vertex -2.11560825 -3.17885297 0.20000000
      vertex -2.11245967 -3.16514742 0.20000000
      vertex -2.11245967 -3.16514742 0.00000000
    endloop
  endfacet
  facet normal -0.97461259 0.22389797 0.00000000
    outer loop
      vertex -2.11560825 -3.17885297 0.20000000
      vertex -2.11245967 -3.16514742 0.00000000
      vertex -2.11560825 -3.17885297 0.00000000
    endloop
  endfacet
  facet normal -0.98401741 0.17807225 0.00000000
    outer loop
      vertex -2.11245967 -3.16514742 0.20000000
      vertex -2.10977425 -3.15030792 0.20000000
      vertex -2.10977425 -3.15030792 0.00000000
    endloop
  endfacet
  facet normal -0.98401741 0.17807225 0.00000000
    outer loop
      vertex -2.11245967 -3.16514742 0.20000000
      vertex -2.10977425 -3.15030792 0.00000000
      vertex -2.11245967 -3.16514742 0.00000000
    endloop
  endfacet
  facet normal -0.99094987 0.13423250 0.00000000
    outer loop
      vertex -2.10977425 -3.15030792 0.20000000
      vertex -2.10760676 -3.13430682 0.20000000
      vertex -2.10760676 -3.13430682 0.00000000
    endloop
  endfacet
  facet normal -0.99094987 0.13423250 0.00000000
    outer loop
      vertex -2.10977425 -3.15030792 0.20000000
      vertex -2.10760676 -3.13430682 0.00000000
      vertex -2.10977425 -3.15030792 0.00000000
    endloop
  endfacet
  facet normal -0.99571293 0.09249739 0.00000000
    outer loop
      vertex -2.10760676 -3.13430682 0.20000000
      vertex -2.10601095 -3.11712831 0.20000000
      vertex -2.10601095 -3.11712831 0.00000000
    endloop
  endfacet
  facet normal -0.99571293 0.09249739 0.00000000
    outer loop
      vertex -2.10760676 -3.13430682 0.20000000
      vertex -2.10601095 -3.11712831 0.00000000
      vertex -2.10760676 -3.13430682 0.00000000
    endloop
  endfacet
  facet normal -0.99859847 0.05292531 0.00000000
    outer loop
      vertex -2.10601095 -3.11712831 0.20000000
      vertex -2.10503778 -3.09876644 0.20000000
      vertex -2.10503778 -3.09876644 0.00000000
    endloop
  endfacet
  facet normal -0.99859847 0.05292531 0.00000000
    outer loop
      vertex -2.10601095 -3.11712831 0.20000000
      vertex -2.10503778 -3.09876644 0.00000000
      vertex -2.10601095 -3.11712831 0.00000000
    endloop
  endfacet
  facet normal -0.99987947 0.01552537 0.00000000
    outer loop
      vertex -2.10503778 -3.09876644 0.20000000
      vertex -2.10473433 -3.07922319 0.20000000
      vertex -2.10473433 -3.07922319 0.00000000
    endloop
  endfacet
  facet normal -0.99987947 0.01552537 0.00000000
    outer loop
      vertex -2.10503778 -3.09876644 0.20000000
      vertex -2.10473433 -3.07922319 0.00000000
      vertex -2.10503778 -3.09876644 0.00000000
    endloop
  endfacet
  facet normal -0.99980531 -0.01973189 0.00000000
    outer loop
      vertex -2.10473433 -3.07922319 0.20000000
      vertex -2.10514319 -3.05850660 0.20000000
      vertex -2.10514319 -3.05850660 0.00000000
    endloop
  endfacet
  facet normal -0.99980531 -0.01973189 -0.00000000
    outer loop
      vertex -2.10473433 -3.07922319 0.20000000
      vertex -2.10514319 -3.05850660 0.00000000
      vertex -2.10473433 -3.07922319 0.00000000
    endloop
  endfacet
  facet normal -0.99859955 -0.05290496 0.00000000
    outer loop
      vertex -2.10514319 -3.05850660 0.20000000
      vertex -2.10637550 -3.03524635 0.20000000
      vertex -2.10637550 -3.03524635 0.00000000
    endloop
  endfacet
  facet normal -0.99859955 -0.05290496 -0.00000000
    outer loop
      vertex -2.10514319 -3.05850660 0.20000000
      vertex -2.10637550 -3.03524635 0.00000000
      vertex -2.10514319 -3.05850660 0.00000000
    endloop
  endfacet
  facet normal -0.99763502 -0.06873405 0.00000000
    outer loop
      vertex -2.10637550 -3.03524635 0.20000000
      vertex -2.35657749 0.59629122 0.20000000
      vertex -2.35657749 0.59629122 0.00000000
    endloop
  endfacet
  facet normal -0.99763502 -0.06873405 -0.00000000
    outer loop
      vertex -2.10637550 -3.03524635 0.20000000
      vertex -2.35657749 0.59629122 0.00000000
      vertex -2.10637550 -3.03524635 0.00000000
    endloop
  endfacet
  facet normal -0.99860026 -0.05289158 0.00000000
    outer loop
      vertex -2.35657749 0.59629122 0.20000000
      vertex -2.35827629 0.62836489 0.20000000
      vertex -2.35827629 0.62836489 0.00000000
    endloop
  endfacet
  facet normal -0.99860026 -0.05289158 -0.00000000
    outer loop
      vertex -2.35657749 0.59629122 0.20000000
      vertex -2.35827629 0.62836489 0.00000000
      vertex -2.35657749 0.59629122 0.00000000
    endloop
  endfacet
  facet normal -0.99980706 -0.01964306 0.00000000
    outer loop
      vertex -2.35827629 0.62836489 0.20000000
      vertex -2.35892502 0.66138441 0.20000000
      vertex -2.35892502 0.66138441 0.00000000
    endloop
  endfacet
  facet normal -0.99980706 -0.01964306 -0.00000000
    outer loop
      vertex -2.35827629 0.62836489 0.20000000
      vertex -2.35892502 0.66138441 0.00000000
      vertex -2.35827629 0.62836489 0.00000000
    endloop
  endfacet
  facet normal -0.99987573 0.01576441 0.00000000
    outer loop
      vertex -2.35892502 0.66138441 0.20000000
      vertex -2.35841108 0.69398172 0.20000000
      vertex -2.35841108 0.69398172 0.00000000
    endloop
  endfacet
  facet normal -0.99987573 0.01576441 0.00000000
    outer loop
      vertex -2.35892502 0.66138441 0.20000000
      vertex -2.35841108 0.69398172 0.00000000
      vertex -2.35892502 0.66138441 0.00000000
    endloop
  endfacet
  facet normal -0.99857312 0.05340150 0.00000000
    outer loop
      vertex -2.35841108 0.69398172 0.20000000
      vertex -2.35668988 0.72616705 0.20000000
      vertex -2.35668988 0.72616705 0.00000000
    endloop
  endfacet
  facet normal -0.99857312 0.05340150 0.00000000
    outer loop
      vertex -2.35841108 0.69398172 0.20000000
      vertex -2.35668988 0.72616705 0.00000000
      vertex -2.35841108 0.69398172 0.00000000
    endloop
  endfacet
  facet normal -0.99563712 0.09330982 0.00000000
    outer loop
      vertex -2.35668988 0.72616705 0.20000000
      vertex -2.35371174 0.75794449 0.20000000
      vertex -2.35371174 0.75794449 0.00000000
    endloop
  endfacet
  facet normal -0.99563712 0.09330982 0.00000000
    outer loop
      vertex -2.35668988 0.72616705 0.20000000
      vertex -2.35371174 0.75794449 0.00000000
      vertex -2.35668988 0.72616705 0.00000000
    endloop
  endfacet
  facet normal -0.99077853 0.13549131 0.00000000
    outer loop
      vertex -2.35371174 0.75794449 0.20000000
      vertex -2.34942245 0.78930990 0.20000000
      vertex -2.34942245 0.78930990 0.00000000
    endloop
  endfacet
  facet normal -0.99077853 0.13549131 0.00000000
    outer loop
      vertex -2.35371174 0.75794449 0.20000000
      vertex -2.34942245 0.78930990 0.00000000
      vertex -2.35371174 0.75794449 0.00000000
    endloop
  endfacet
  facet normal -0.98368556 0.17989640 0.00000000
    outer loop
      vertex -2.34942245 0.78930990 0.20000000
      vertex -2.34376435 0.82024874 0.20000000
      vertex -2.34376435 0.82024874 0.00000000
    endloop
  endfacet
  facet normal -0.98368556 0.17989640 0.00000000
    outer loop
      vertex -2.34942245 0.78930990 0.20000000
      vertex -2.34376435 0.82024874 0.00000000
      vertex -2.34942245 0.78930990 0.00000000
    endloop
  endfacet
  facet normal -0.97403176 0.22641142 0.00000000
    outer loop
      vertex -2.34376435 0.82024874 0.20000000
      vertex -2.33667818 0.85073377 0.20000000
      vertex -2.33667818 0.85073377 0.00000000
    endloop
  endfacet
  facet normal -0.97403176 0.22641142 0.00000000
    outer loop
      vertex -2.34376435 0.82024874 0.20000000
      vertex -2.33667818 0.85073377 0.00000000
      vertex -2.34376435 0.82024874 0.00000000
    endloop
  endfacet
  facet normal -0.96148816 0.27484634 0.00000000
    outer loop
      vertex -2.33667818 0.85073377 0.20000000
      vertex -2.32810559 0.88072304 0.20000000
      vertex -2.32810559 0.88072304 0.00000000
    endloop
  endfacet
  facet normal -0.96148816 0.27484634 0.00000000
    outer loop
      vertex -2.33667818 0.85073377 0.20000000
      vertex -2.32810559 0.88072304 0.00000000
      vertex -2.33667818 0.85073377 0.00000000
    endloop
  endfacet
  facet normal -0.94573991 0.32492463 0.00000000
    outer loop
      vertex -2.32810559 0.88072304 0.20000000
      vertex -2.31799260 0.91015836 0.20000000
      vertex -2.31799260 0.91015836 0.00000000
    endloop
  endfacet
  facet normal -0.94573991 0.32492463 0.00000000
    outer loop
      vertex -2.32810559 0.88072304 0.20000000
      vertex -2.31799260 0.91015836 0.00000000
      vertex -2.32810559 0.88072304 0.00000000
    endloop
  endfacet
  facet normal -0.92650726 0.37627689 0.00000000
    outer loop
      vertex -2.31799260 0.91015836 0.20000000
      vertex -2.30629365 0.93896469 0.20000000
      vertex -2.30629365 0.93896469 0.00000000
    endloop
  endfacet
  facet normal -0.92650726 0.37627689 0.00000000
    outer loop
      vertex -2.31799260 0.91015836 0.20000000
      vertex -2.30629365 0.93896469 0.00000000
      vertex -2.31799260 0.91015836 0.00000000
    endloop
  endfacet
  facet normal -0.90356979 0.42844094 0.00000000
    outer loop
      vertex -2.30629365 0.93896469 0.20000000
      vertex -2.29297617 0.96705089 0.20000000
      vertex -2.29297617 0.96705089 0.00000000
    endloop
  endfacet
  facet normal -0.90356979 0.42844094 0.00000000
    outer loop
      vertex -2.30629365 0.93896469 0.20000000
      vertex -2.29297617 0.96705089 0.00000000
      vertex -2.30629365 0.93896469 0.00000000
    endloop
  endfacet
  facet normal -0.87679190 0.48087001 0.00000000
    outer loop
      vertex -2.29297617 0.96705089 0.20000000
      vertex -2.27802499 0.99431205 0.20000000
      vertex -2.27802499 0.99431205 0.00000000
    endloop
  endfacet
  facet normal -0.87679190 0.48087001 0.00000000
    outer loop
      vertex -2.29297617 0.96705089 0.20000000
      vertex -2.27802499 0.99431205 0.00000000
      vertex -2.29297617 0.96705089 0.00000000
    endloop
  endfacet
  facet normal -0.84614632 0.53295065 0.00000000
    outer loop
      vertex -2.27802499 0.99431205 0.20000000
      vertex -2.26144620 1.02063358 0.20000000
      vertex -2.26144620 1.02063358 0.00000000
    endloop
  endfacet
  facet normal -0.84614632 0.53295065 0.00000000
    outer loop
      vertex -2.27802499 0.99431205 0.20000000
      vertex -2.26144620 1.02063358 0.00000000
      vertex -2.27802499 0.99431205 0.00000000
    endloop
  endfacet
  facet normal -0.81173200 0.58403010 0.00000000
    outer loop
      vertex -2.26144620 1.02063358 0.20000000
      vertex -2.24326957 1.04589693 0.20000000
      vertex -2.24326957 1.04589693 0.00000000
    endloop
  endfacet
  facet normal -0.81173200 0.58403010 0.00000000
    outer loop
      vertex -2.26144620 1.02063358 0.20000000
      vertex -2.24326957 1.04589693 0.00000000
      vertex -2.26144620 1.02063358 0.00000000
    endloop
  endfacet
  facet normal -0.77378261 0.63345124 0.00000000
    outer loop
      vertex -2.24326957 1.04589693 0.20000000
      vertex -2.22354903 1.06998625 0.20000000
      vertex -2.22354903 1.06998625 0.00000000
    endloop
  endfacet
  facet normal -0.77378261 0.63345124 0.00000000
    outer loop
      vertex -2.24326957 1.04589693 0.20000000
      vertex -2.22354903 1.06998625 0.00000000
      vertex -2.24326957 1.04589693 0.00000000
    endloop
  endfacet
  facet normal -0.73266308 0.68059151 0.00000000
    outer loop
      vertex -2.22354903 1.06998625 0.20000000
      vertex -2.20236092 1.09279545 0.20000000
      vertex -2.20236092 1.09279545 0.00000000
    endloop
  endfacet
  facet normal -0.73266308 0.68059151 0.00000000
    outer loop
      vertex -2.22354903 1.06998625 0.20000000
      vertex -2.20236092 1.09279545 0.00000000
      vertex -2.22354903 1.06998625 0.00000000
    endloop
  endfacet
  facet normal -0.68885331 0.72490076 0.00000000
    outer loop
      vertex -2.20236092 1.09279545 0.20000000
      vertex -2.17980001 1.11423447 0.20000000
      vertex -2.17980001 1.11423447 0.00000000
    endloop
  endfacet
  facet normal -0.68885331 0.72490076 0.00000000
    outer loop
      vertex -2.20236092 1.09279545 0.20000000
      vertex -2.17980001 1.11423447 0.00000000
      vertex -2.20236092 1.09279545 0.00000000
    endloop
  endfacet
  facet normal -0.64292054 0.76593289 0.00000000
    outer loop
      vertex -2.17980001 1.11423447 0.20000000
      vertex -2.15597371 1.13423415 0.20000000
      vertex -2.15597371 1.13423415 0.00000000
    endloop
  endfacet
  facet normal -0.64292054 0.76593289 0.00000000
    outer loop
      vertex -2.17980001 1.11423447 0.20000000
      vertex -2.15597371 1.13423415 0.00000000
      vertex -2.17980001 1.11423447 0.00000000
    endloop
  endfacet
  facet normal -0.59548404 0.80336714 0.00000000
    outer loop
      vertex -2.15597371 1.13423415 0.20000000
      vertex -2.13099548 1.15274890 0.20000000
      vertex -2.13099548 1.15274890 0.00000000
    endloop
  endfacet
  facet normal -0.59548404 0.80336714 0.00000000
    outer loop
      vertex -2.15597371 1.13423415 0.20000000
      vertex -2.13099548 1.15274890 0.00000000
      vertex -2.15597371 1.13423415 0.00000000
    endloop
  endfacet
  facet normal -0.54717711 0.83701685 0.00000000
    outer loop
      vertex -2.13099548 1.15274890 0.20000000
      vertex -2.10497798 1.16975713 0.20000000
      vertex -2.10497798 1.16975713 0.00000000
    endloop
  endfacet
  facet normal -0.54717711 0.83701685 0.00000000
    outer loop
      vertex -2.13099548 1.15274890 0.20000000
      vertex -2.10497798 1.16975713 0.00000000
      vertex -2.13099548 1.15274890 0.00000000
    endloop
  endfacet
  facet normal -0.49861122 0.86682573 0.00000000
    outer loop
      vertex -2.10497798 1.16975713 0.20000000
      vertex -2.07802723 1.18525961 0.20000000
      vertex -2.07802723 1.18525961 0.00000000
    endloop
  endfacet
  facet normal -0.49861122 0.86682573 0.00000000
    outer loop
      vertex -2.10497798 1.16975713 0.20000000
      vertex -2.07802723 1.18525961 0.00000000
      vertex -2.10497798 1.16975713 0.00000000
    endloop
  endfacet
  facet normal -0.45034647 0.89285388 0.00000000
    outer loop
      vertex -2.07802723 1.18525961 0.20000000
      vertex -2.05023794 1.19927625 0.20000000
      vertex -2.05023794 1.19927625 0.00000000
    endloop
  endfacet
  facet normal -0.45034647 0.89285388 0.00000000
    outer loop
      vertex -2.07802723 1.18525961 0.20000000
      vertex -2.05023794 1.19927625 0.00000000
      vertex -2.07802723 1.18525961 0.00000000
    endloop
  endfacet
  facet normal -0.40287072 0.91525690 0.00000000
    outer loop
      vertex -2.05023794 1.19927625 0.20000000
      vertex -2.02169064 1.21184197 0.20000000
      vertex -2.02169064 1.21184197 0.00000000
    endloop
  endfacet
  facet normal -0.40287072 0.91525690 0.00000000
    outer loop
      vertex -2.05023794 1.19927625 0.20000000
      vertex -2.02169064 1.21184197 0.00000000
      vertex -2.05023794 1.19927625 0.00000000
    endloop
  endfacet
  facet normal -0.35658791 0.93426178 0.00000000
    outer loop
      vertex -2.02169064 1.21184197 0.20000000
      vertex -1.99245032 1.22300238 0.20000000
      vertex -1.99245032 1.22300238 0.00000000
    endloop
  endfacet
  facet normal -0.35658791 0.93426178 0.00000000
    outer loop
      vertex -2.02169064 1.21184197 0.20000000
      vertex -1.99245032 1.22300238 0.00000000
      vertex -2.02169064 1.21184197 0.00000000
    endloop
  endfacet
  facet normal -0.31181479 0.95014290 0.00000000
    outer loop
      vertex -1.99245032 1.22300238 0.20000000
      vertex -1.96256647 1.23280957 0.20000000
      vertex -1.96256647 1.23280957 0.00000000
    endloop
  endfacet
  facet normal -0.31181479 0.95014290 0.00000000
    outer loop
      vertex -1.99245032 1.22300238 0.20000000
      vertex -1.96256647 1.23280957 0.00000000
      vertex -1.99245032 1.22300238 0.00000000
    endloop
  endfacet
  facet normal -0.26878428 0.96320040 0.00000000
    outer loop
      vertex -1.96256647 1.23280957 0.20000000
      vertex -1.93207411 1.24131856 0.20000000
      vertex -1.93207411 1.24131856 0.00000000
    endloop
  endfacet
  facet normal -0.26878428 0.96320040 0.00000000
    outer loop
      vertex -1.96256647 1.23280957 0.20000000
      vertex -1.93207411 1.24131856 0.00000000
      vertex -1.96256647 1.23280957 0.00000000
    endloop
  endfacet
  facet normal -0.22765335 0.97374224 0.00000000
    outer loop
      vertex -1.93207411 1.24131856 0.20000000
      vertex -1.90099548 1.24858450 0.20000000
      vertex -1.90099548 1.24858450 0.00000000
    endloop
  endfacet
  facet normal -0.22765335 0.97374224 0.00000000
    outer loop
      vertex -1.93207411 1.24131856 0.20000000
      vertex -1.90099548 1.24858450 0.00000000
      vertex -1.93207411 1.24131856 0.00000000
    endloop
  endfacet
  facet normal -0.18851345 0.98207061 0.00000000
    outer loop
      vertex -1.90099548 1.24858450 0.20000000
      vertex -1.86934205 1.25466054 0.20000000
      vertex -1.86934205 1.25466054 0.00000000
    endloop
  endfacet
  facet normal -0.18851345 0.98207061 0.00000000
    outer loop
      vertex -1.90099548 1.24858450 0.20000000
      vertex -1.86934205 1.25466054 0.00000000
      vertex -1.90099548 1.24858450 0.00000000
    endloop
  endfacet
  facet normal -0.15140191 0.98847229 0.00000000
    outer loop
      vertex -1.86934205 1.25466054 0.20000000
      vertex -1.83711651 1.25959645 0.20000000
      vertex -1.83711651 1.25959645 0.00000000
    endloop
  endfacet
  facet normal -0.15140191 0.98847229 0.00000000
    outer loop
      vertex -1.86934205 1.25466054 0.20000000
      vertex -1.83711651 1.25959645 0.00000000
      vertex -1.86934205 1.25466054 0.00000000
    endloop
  endfacet
  facet normal -0.11631312 0.99321259 0.00000000
    outer loop
      vertex -1.83711651 1.25959645 0.20000000
      vertex -1.80431477 1.26343780 0.20000000
      vertex -1.80431477 1.26343780 0.00000000
    endloop
  endfacet
  facet normal -0.11631312 0.99321259 0.00000000
    outer loop
      vertex -1.83711651 1.25959645 0.20000000
      vertex -1.80431477 1.26343780 0.00000000
      vertex -1.83711651 1.25959645 0.00000000
    endloop
  endfacet
  facet normal -0.08320873 0.99653214 0.00000000
    outer loop
      vertex -1.80431477 1.26343780 0.20000000
      vertex -1.77230753 1.26611035 0.20000000
      vertex -1.77230753 1.26611035 0.00000000
    endloop
  endfacet
  facet normal -0.08320873 0.99653214 0.00000000
    outer loop
      vertex -1.80431477 1.26343780 0.20000000
      vertex -1.77230753 1.26611035 0.00000000
      vertex -1.80431477 1.26343780 0.00000000
    endloop
  endfacet
  facet normal -0.06738194 0.99772725 0.00000000
    outer loop
      vertex -1.77230753 1.26611035 0.20000000
      vertex 12.95326108 2.26060799 0.20000000
      vertex 12.95326108 2.26060799 0.00000000
    endloop
  endfacet
  facet normal -0.06738194 0.99772725 0.00000000
    outer loop
      vertex -1.77230753 1.26611035 0.20000000
      vertex 12.95326108 2.26060799 0.00000000
      vertex -1.77230753 1.26611035 0.00000000
    endloop
  endfacet
  facet normal -0.08319941 0.99653292 0.00000000
    outer loop
      vertex 12.95326108 2.26060799 0.20000000
      vertex 12.98561704 2.26330935 0.20000000
      vertex 12.98561704 2.26330935 0.00000000
    endloop
  endfacet
  facet normal -0.08319941 0.99653292 0.00000000
    outer loop
      vertex 12.95326108 2.26060799 0.20000000
      vertex 12.98561704 2.26330935 0.00000000
      vertex 12.95326108 2.26060799 0.00000000
    endloop
  endfacet
  facet normal -0.11636858 0.99320610 0.00000000
    outer loop
      vertex 12.98561704 2.26330935 0.20000000
      vertex 13.01491221 2.26674171 0.20000000
      vertex 13.01491221 2.26674171 0.00000000
    endloop
  endfacet
  facet normal -0.11636858 0.99320610 0.00000000
    outer loop
      vertex 12.98561704 2.26330935 0.20000000
      vertex 13.01491221 2.26674171 0.00000000
      vertex 12.98561704 2.26330935 0.00000000
    endloop
  endfacet
  facet normal -0.15165051 0.98843418 0.00000000
    outer loop
      vertex 13.01491221 2.26674171 0.20000000
      vertex 13.04251046 2.27097597 0.20000000
      vertex 13.04251046 2.27097597 0.00000000
    endloop
  endfacet
  facet normal -0.15165051 0.98843418 0.00000000
    outer loop
      vertex 13.01491221 2.26674171 0.20000000
      vertex 13.04251046 2.27097597 0.00000000
      vertex 13.01491221 2.26674171 0.00000000
    endloop
  endfacet
  facet normal -0.18910482 0.98195691 0.00000000
    outer loop
      vertex 13.04251046 2.27097597 0.20000000
      vertex 13.06840387 2.27596251 0.20000000
      vertex 13.06840387 2.27596251 0.00000000
    endloop
  endfacet
  facet normal -0.18910482 0.98195691 0.00000000
    outer loop
      vertex 13.04251046 2.27097597 0.20000000
      vertex 13.06840387 2.27596251 0.00000000
      vertex 13.04251046 2.27097597 0.00000000
    endloop
  endfacet
  facet normal -0.22875802 0.97348332 0.00000000
    outer loop
      vertex 13.06840387 2.27596251 0.20000000
      vertex 13.09259156 2.28164635 0.20000000
      vertex 13.09259156 2.28164635 0.00000000
    endloop
  endfacet
  facet normal -0.22875802 0.97348332 0.00000000
    outer loop
      vertex 13.06840387 2.27596251 0.20000000
      vertex 13.09259156 2.28164635 0.00000000
      vertex 13.06840387 2.27596251 0.00000000
    endloop
  endfacet
  facet normal -0.27059152 0.96269426 0.00000000
    outer loop
      vertex 13.09259156 2.28164635 0.20000000
      vertex 13.11508196 2.28796790 0.20000000
      vertex 13.11508196 2.28796790 0.00000000
    endloop
  endfacet
  facet normal -0.27059152 0.96269426 0.00000000
    outer loop
      vertex 13.09259156 2.28164635 0.20000000
      vertex 13.11508196 2.28796790 0.00000000
      vertex 13.09259156 2.28164635 0.00000000
    endloop
  endfacet
  facet normal -0.31452802 0.94924819 0.00000000
    outer loop
      vertex 13.11508196 2.28796790 0.20000000
      vertex 13.13589541 2.29486432 0.20000000
      vertex 13.13589541 2.29486432 0.00000000
    endloop
  endfacet
  facet normal -0.31452802 0.94924819 0.00000000
    outer loop
      vertex 13.11508196 2.28796790 0.20000000
      vertex 13.13589541 2.29486432 0.00000000
      vertex 13.11508196 2.28796790 0.00000000
    endloop
  endfacet
  facet normal -0.36041708 0.93279126 0.00000000
    outer loop
      vertex 13.13589541 2.29486432 0.20000000
      vertex 13.15506673 2.30227184 0.20000000
      vertex 13.15506673 2.30227184 0.00000000
    endloop
  endfacet
  facet normal -0.36041708 0.93279126 0.00000000
    outer loop
      vertex 13.13589541 2.29486432 0.20000000
      vertex 13.15506673 2.30227184 0.00000000
      vertex 13.13589541 2.29486432 0.00000000
    endloop
  endfacet
  facet normal -0.40802117 0.91297247 0.00000000
    outer loop
      vertex 13.15506673 2.30227184 0.20000000
      vertex 13.17264752 2.31012896 0.20000000
      vertex 13.17264752 2.31012896 0.00000000
    endloop
  endfacet
  facet normal -0.40802117 0.91297247 0.00000000
    outer loop
      vertex 13.15506673 2.30227184 0.20000000
      vertex 13.17264752 2.31012896 0.00000000
      vertex 13.15506673 2.30227184 0.00000000
    endloop
  endfacet
  facet normal -0.45700408 0.88946460 0.00000000
    outer loop
      vertex 13.17264752 2.31012896 0.20000000
      vertex 13.18870788 2.31838072 0.20000000
      vertex 13.18870788 2.31838072 0.00000000
    endloop
  endfacet
  facet normal -0.45700408 0.88946460 0.00000000
    outer loop
      vertex 13.17264752 2.31012896 0.20000000
      vertex 13.18870788 2.31838072 0.00000000
      vertex 13.17264752 2.31012896 0.00000000
    endloop
  endfacet
  facet normal -0.50692457 0.86199042 0.00000000
    outer loop
      vertex 13.18870788 2.31838072 0.20000000
      vertex 13.20333682 2.32698380 0.20000000
      vertex 13.20333682 2.32698380 0.00000000
    endloop
  endfacet
  facet normal -0.50692457 0.86199042 0.00000000
    outer loop
      vertex 13.18870788 2.31838072 0.20000000
      vertex 13.20333682 2.32698380 0.00000000
      vertex 13.18870788 2.31838072 0.00000000
    endloop
  endfacet
  facet normal -0.55723793 0.83035287 0.00000000
    outer loop
      vertex 13.20333682 2.32698380 0.20000000
      vertex 13.21664112 2.33591212 0.20000000
      vertex 13.21664112 2.33591212 0.00000000
    endloop
  endfacet
  facet normal -0.55723793 0.83035287 0.00000000
    outer loop
      vertex 13.20333682 2.32698380 0.20000000
      vertex 13.21664112 2.33591212 0.00000000
      vertex 13.20333682 2.32698380 0.00000000
    endloop
  endfacet
  facet normal -0.60730825 0.79446629 0.00000000
    outer loop
      vertex 13.21664112 2.33591212 0.20000000
      vertex 13.22874189 2.34516223 0.20000000
      vertex 13.22874189 2.34516223 0.00000000
    endloop
  endfacet
  facet normal -0.60730825 0.79446629 0.00000000
    outer loop
      vertex 13.21664112 2.33591212 0.20000000
      vertex 13.22874189 2.34516223 0.00000000
      vertex 13.21664112 2.33591212 0.00000000
    endloop
  endfacet
  facet normal -0.65643307 0.75438427 0.00000000
    outer loop
      vertex 13.22874189 2.34516223 0.20000000
      vertex 13.23976915 2.35475768 0.20000000
      vertex 13.23976915 2.35475768 0.00000000
    endloop
  endfacet
  facet normal -0.65643307 0.75438427 0.00000000
    outer loop
      vertex 13.22874189 2.34516223 0.20000000
      vertex 13.23976915 2.35475768 0.00000000
      vertex 13.22874189 2.34516223 0.00000000
    endloop
  endfacet
  facet normal -0.70387985 0.71031905 0.00000000
    outer loop
      vertex 13.23976915 2.35475768 0.20000000
      vertex 13.24985426 2.36475136 0.20000000
      vertex 13.24985426 2.36475136 0.00000000
    endloop
  endfacet
  facet normal -0.70387985 0.71031905 0.00000000
    outer loop
      vertex 13.23976915 2.35475768 0.20000000
      vertex 13.24985426 2.36475136 0.00000000
      vertex 13.23976915 2.35475768 0.00000000
    endloop
  endfacet
  facet normal -0.74893149 0.66264744 0.00000000
    outer loop
      vertex 13.24985426 2.36475136 0.20000000
      vertex 13.25912136 2.37522514 0.20000000
      vertex 13.25912136 2.37522514 0.00000000
    endloop
  endfacet
  facet normal -0.74893149 0.66264744 0.00000000
    outer loop
      vertex 13.24985426 2.36475136 0.20000000
      vertex 13.25912136 2.37522514 0.00000000
      vertex 13.24985426 2.36475136 0.00000000
    endloop
  endfacet
  facet normal -0.79093516 0.61189997 0.00000000
    outer loop
      vertex 13.25912136 2.37522514 0.20000000
      vertex 13.26767875 2.38628634 0.20000000
      vertex 13.26767875 2.38628634 0.00000000
    endloop
  endfacet
  facet normal -0.79093516 0.61189997 0.00000000
    outer loop
      vertex 13.25912136 2.37522514 0.20000000
      vertex 13.26767875 2.38628634 0.00000000
      vertex 13.25912136 2.37522514 0.00000000
    endloop
  endfacet
  facet normal -0.82934756 0.55873305 0.00000000
    outer loop
      vertex 13.26767875 2.38628634 0.20000000
      vertex 13.27561164 2.39806141 0.20000000
      vertex 13.27561164 2.39806141 0.00000000
    endloop
  endfacet
  facet normal -0.82934756 0.55873305 0.00000000
    outer loop
      vertex 13.26767875 2.38628634 0.20000000
      vertex 13.27561164 2.39806141 0.00000000
      vertex 13.26767875 2.38628634 0.00000000
    endloop
  endfacet
  facet normal -0.86376949 0.50388716 0.00000000
    outer loop
      vertex 13.27561164 2.39806141 0.20000000
      vertex 13.28297725 2.41068761 0.20000000
      vertex 13.28297725 2.41068761 0.00000000
    endloop
  endfacet
  facet normal -0.86376949 0.50388716 0.00000000
    outer loop
      vertex 13.27561164 2.39806141 0.20000000
      vertex 13.28297725 2.41068761 0.00000000
      vertex 13.27561164 2.39806141 0.00000000
    endloop
  endfacet
  facet normal -0.89396480 0.44813719 0.00000000
    outer loop
      vertex 13.28297725 2.41068761 0.20000000
      vertex 13.28980297 2.42430389 0.20000000
      vertex 13.28980297 2.42430389 0.00000000
    endloop
  endfacet
  facet normal -0.89396480 0.44813719 0.00000000
    outer loop
      vertex 13.28297725 2.41068761 0.20000000
      vertex 13.28980297 2.42430389 0.00000000
      vertex 13.28297725 2.41068761 0.00000000
    endloop
  endfacet
  facet normal -0.91986188 0.39224243 0.00000000
    outer loop
      vertex 13.28980297 2.42430389 0.20000000
      vertex 13.29608766 2.43904233 0.20000000
      vertex 13.29608766 2.43904233 0.00000000
    endloop
  endfacet
  facet normal -0.91986188 0.39224243 0.00000000
    outer loop
      vertex 13.28980297 2.42430389 0.20000000
      vertex 13.29608766 2.43904233 0.00000000
      vertex 13.28980297 2.42430389 0.00000000
    endloop
  endfacet
  facet normal -0.94153937 0.33690298 0.00000000
    outer loop
      vertex 13.29608766 2.43904233 0.20000000
      vertex 13.30180528 2.45502131 0.20000000
      vertex 13.30180528 2.45502131 0.00000000
    endloop
  endfacet
  facet normal -0.94153937 0.33690298 0.00000000
    outer loop
      vertex 13.29608766 2.43904233 0.20000000
      vertex 13.30180528 2.45502131 0.00000000
      vertex 13.29608766 2.43904233 0.00000000
    endloop
  endfacet
  facet normal -0.95920026 0.28272753 0.00000000
    outer loop
      vertex 13.30180528 2.45502131 0.20000000
      vertex 13.30691027 2.47234083 0.20000000
      vertex 13.30691027 2.47234083 0.00000000
    endloop
  endfacet
  facet normal -0.95920026 0.28272753 0.00000000
    outer loop
      vertex 13.30180528 2.45502131 0.20000000
      vertex 13.30691027 2.47234083 0.00000000
      vertex 13.30180528 2.45502131 0.00000000
    endloop
  endfacet
  facet normal -0.97313994 0.23021438 0.00000000
    outer loop
      vertex 13.30691027 2.47234083 0.20000000
      vertex 13.31134342 2.49108025 0.20000000
      vertex 13.31134342 2.49108025 0.00000000
    endloop
  endfacet
  facet normal -0.97313994 0.23021438 0.00000000
    outer loop
      vertex 13.30691027 2.47234083 0.20000000
      vertex 13.31134342 2.49108025 0.00000000
      vertex 13.30691027 2.47234083 0.00000000
    endloop
  endfacet
  facet normal -0.98371320 0.17974519 0.00000000
    outer loop
      vertex 13.31134342 2.49108025 0.20000000
      vertex 13.31503766 2.51129814 0.20000000
      vertex 13.31503766 2.51129814 0.00000000
    endloop
  endfacet
  facet normal -0.98371320 0.17974519 0.00000000
    outer loop
      vertex 13.31134342 2.49108025 0.20000000
      vertex 13.31503766 2.51129814 0.00000000
      vertex 13.31134342 2.49108025 0.00000000
    endloop
  endfacet
  facet normal -0.99130435 0.13158907 0.00000000
    outer loop
      vertex 13.31503766 2.51129814 0.20000000
      vertex 13.31792292 2.53303373 0.20000000
      vertex 13.31792292 2.53303373 0.00000000
    endloop
  endfacet
  facet normal -0.99130435 0.13158907 0.00000000
    outer loop
      vertex 13.31503766 2.51129814 0.20000000
      vertex 13.31792292 2.53303373 0.00000000
      vertex 13.31503766 2.51129814 0.00000000
    endloop
  endfacet
  facet normal -0.99630257 0.08591380 0.00000000
    outer loop
      vertex 13.31792292 2.53303373 0.20000000
      vertex 13.31993003 2.55630929 0.20000000
      vertex 13.31993003 2.55630929 0.00000000
    endloop
  endfacet
  facet normal -0.99630257 0.08591380 0.00000000
    outer loop
      vertex 13.31792292 2.53303373 0.20000000
      vertex 13.31993003 2.55630929 0.00000000
      vertex 13.31792292 2.53303373 0.00000000
    endloop
  endfacet
  facet normal -0.99908362 0.04280103 0.00000000
    outer loop
      vertex 13.31993003 2.55630929 0.20000000
      vertex 13.32099349 2.58113305 0.20000000
      vertex 13.32099349 2.58113305 0.00000000
    endloop
  endfacet
  facet normal -0.99908362 0.04280103 0.00000000
    outer loop
      vertex 13.31993003 2.55630929 0.20000000
      vertex 13.32099349 2.58113305 0.00000000
      vertex 13.31993003 2.55630929 0.00000000
    endloop
  endfacet
  facet normal -0.99999744 0.00226286 0.00000000
    outer loop
      vertex 13.32099349 2.58113305 0.20000000
      vertex 13.32105316 2.60750218 0.20000000
      vertex 13.32105316 2.60750218 0.00000000
    endloop
  endfacet
  facet normal -0.99999744 0.00226286 0.00000000
    outer loop
      vertex 13.32099349 2.58113305 0.20000000
      vertex 13.32105316 2.60750218 0.00000000
      vertex 13.32099349 2.58113305 0.00000000
    endloop
  endfacet
  facet normal -0.99936105 -0.03574208 0.00000000
    outer loop
      vertex 13.32105316 2.60750218 0.20000000
      vertex 13.32005519 2.63540552 0.20000000
      vertex 13.32005519 2.63540552 0.00000000
    endloop
  endfacet
  facet normal -0.99936105 -0.03574208 -0.00000000
    outer loop
      vertex 13.32105316 2.60750218 0.20000000
      vertex 13.32005519 2.63540552 0.00000000
      vertex 13.32105316 2.60750218 0.00000000
    endloop
  endfacet
  facet normal -0.99745533 -0.07129421 0.00000000
    outer loop
      vertex 13.32005519 2.63540552 0.20000000
      vertex 13.31795233 2.66482602 0.20000000
      vertex 13.31795233 2.66482602 0.00000000
    endloop
  endfacet
  facet normal -0.99745533 -0.07129421 -0.00000000
    outer loop
      vertex 13.32005519 2.63540552 0.20000000
      vertex 13.31795233 2.66482602 0.00000000
      vertex 13.32005519 2.63540552 0.00000000
    endloop
  endfacet
  facet normal -0.99452481 -0.10450073 0.00000000
    outer loop
      vertex 13.31795233 2.66482602 0.20000000
      vertex 13.31455935 2.69711678 0.20000000
      vertex 13.31455935 2.69711678 0.00000000
    endloop
  endfacet
  facet normal -0.99452481 -0.10450073 -0.00000000
    outer loop
      vertex 13.31795233 2.66482602 0.20000000
      vertex 13.31455935 2.69711678 0.00000000
      vertex 13.31795233 2.66482602 0.00000000
    endloop
  endfacet
  facet normal -0.99274210 -0.12026274 0.00000000
    outer loop
      vertex 13.31455935 2.69711678 0.20000000
      vertex 12.95204857 5.68956243 0.20000000
      vertex 12.95204857 5.68956243 0.00000000
    endloop
  endfacet
  facet normal -0.99274210 -0.12026274 -0.00000000
    outer loop
      vertex 13.31455935 2.69711678 0.20000000
      vertex 12.95204857 5.68956243 0.00000000
      vertex 13.31455935 2.69711678 0.00000000
    endloop
  endfacet
  facet normal -0.99070859 -0.13600180 0.00000000
    outer loop
      vertex 12.95204857 5.68956243 0.20000000
      vertex 12.95014114 5.70345717 0.20000000
      vertex 12.95014114 5.70345717 0.00000000
    endloop
  endfacet
  facet normal -0.99070859 -0.13600180 -0.00000000
    outer loop
      vertex 12.95204857 5.68956243 0.20000000
      vertex 12.95014114 5.70345717 0.00000000
      vertex 12.95204857 5.68956243 0.00000000
    endloop
  endfacet
  facet normal -0.98562683 -0.16893713 0.00000000
    outer loop
      vertex 12.95014114 5.70345717 0.20000000
      vertex 12.94817057 5.71495399 0.20000000
      vertex 12.94817057 5.71495399 0.00000000
    endloop
  endfacet
  facet normal -0.98562683 -0.16893713 -0.00000000
    outer loop
      vertex 12.95014114 5.70345717 0.20000000
      vertex 12.94817057 5.71495399 0.00000000
      vertex 12.95014114 5.70345717 0.00000000
    endloop
  endfacet
  facet normal -0.97899861 -0.20386690 0.00000000
    outer loop
      vertex 12.94817057 5.71495399 0.20000000
      vertex 12.94599247 5.72541354 0.20000000
      vertex 12.94599247 5.72541354 0.00000000
    endloop
  endfacet
  facet normal -0.97899861 -0.20386690 -0.00000000
    outer loop
      vertex 12.94817057 5.71495399 0.20000000
      vertex 12.94599247 5.72541354 0.00000000
      vertex 12.94817057 5.71495399 0.00000000
    endloop
  endfacet
  facet normal -0.96578277 -0.25935235 0.00000000
    outer loop
      vertex 12.94599247 5.72541354 0.20000000
      vertex 12.94121296 5.74321162 0.20000000
      vertex 12.94121296 5.74321162 0.00000000
    endloop
  endfacet
  facet normal -0.96578277 -0.25935235 -0.00000000
    outer loop
      vertex 12.94599247 5.72541354 0.20000000
      vertex 12.94121296 5.74321162 0.00000000
      vertex 12.94599247 5.72541354 0.00000000
    endloop
  endfacet
  facet normal -0.94007110 -0.34097848 0.00000000
    outer loop
      vertex 12.94121296 5.74321162 0.20000000
      vertex 12.93624132 5.75691833 0.20000000
      vertex 12.93624132 5.75691833 0.00000000
    endloop
  endfacet
  facet normal -0.94007110 -0.34097848 -0.00000000
    outer loop
      vertex 12.94121296 5.74321162 0.20000000
      vertex 12.93624132 5.75691833 0.00000000
      vertex 12.94121296 5.74321162 0.00000000
    endloop
  endfacet
  facet normal -0.90297382 -0.42969557 0.00000000
    outer loop
      vertex 12.93624132 5.75691833 0.20000000
      vertex 12.93154503 5.76678724 0.20000000
      vertex 12.93154503 5.76678724 0.00000000
    endloop
  endfacet
  facet normal -0.90297382 -0.42969557 -0.00000000
    outer loop
      vertex 12.93624132 5.75691833 0.20000000
      vertex 12.93154503 5.76678724 0.00000000
      vertex 12.93624132 5.75691833 0.00000000
    endloop
  endfacet
  facet normal -0.83924022 -0.54376084 0.00000000
    outer loop
      vertex 12.93154503 5.76678724 0.20000000
      vertex 12.92585650 5.77556691 0.20000000
      vertex 12.92585650 5.77556691 0.00000000
    endloop
  endfacet
  facet normal -0.83924022 -0.54376084 -0.00000000
    outer loop
      vertex 12.93154503 5.76678724 0.20000000
      vertex 12.92585650 5.77556691 0.00000000
      vertex 12.93154503 5.76678724 0.00000000
    endloop
  endfacet
  facet normal -0.63604191 -0.77165452 0.00000000
    outer loop
      vertex 12.92585650 5.77556691 0.20000000
      vertex 12.91695429 5.78290462 0.20000000
      vertex 12.91695429 5.78290462 0.00000000
    endloop
  endfacet
  facet normal -0.63604191 -0.77165452 -0.00000000
    outer loop
      vertex 12.92585650 5.77556691 0.20000000
      vertex 12.91695429 5.78290462 0.00000000
      vertex 12.92585650 5.77556691 0.00000000
    endloop
  endfacet
  facet normal -0.31348800 -0.94959216 0.00000000
    outer loop
      vertex 12.91695429 5.78290462 0.20000000
      vertex 12.90490031 5.78688399 0.20000000
      vertex 12.90490031 5.78688399 0.00000000
    endloop
  endfacet
  facet normal -0.31348800 -0.94959216 -0.00000000
    outer loop
      vertex 12.91695429 5.78290462 0.20000000
      vertex 12.90490031 5.78688399 0.00000000
      vertex 12.91695429 5.78290462 0.00000000
    endloop
  endfacet
  facet normal -0.16503081 -0.98628841 0.00000000
    outer loop
      vertex 12.90490031 5.78688399 0.20000000
      vertex 12.89412083 5.78868767 0.20000000
      vertex 12.89412083 5.78868767 0.00000000
    endloop
  endfacet
  facet normal -0.16503081 -0.98628841 -0.00000000
    outer loop
      vertex 12.90490031 5.78688399 0.20000000
      vertex 12.89412083 5.78868767 0.00000000
      vertex 12.90490031 5.78688399 0.00000000
    endloop
  endfacet
  facet normal -0.06953504 -0.99757951 0.00000000
    outer loop
      vertex 12.89412083 5.78868767 0.20000000
      vertex 12.87957563 5.78970153 0.20000000
      vertex 12.87957563 5.78970153 0.00000000
    endloop
  endfacet
  facet normal -0.06953504 -0.99757951 -0.00000000
    outer loop
      vertex 12.89412083 5.78868767 0.20000000
      vertex 12.87957563 5.78970153 0.00000000
      vertex 12.89412083 5.78868767 0.00000000
    endloop
  endfacet
  facet normal 0.01601412 -0.99987177 0.00000000
    outer loop
      vertex 12.87957563 5.78970153 0.20000000
      vertex 12.86114933 5.78940641 0.20000000
      vertex 12.86114933 5.78940641 0.00000000
    endloop
  endfacet
  facet normal 0.01601412 -0.99987177 0.00000000
    outer loop
      vertex 12.87957563 5.78970153 0.20000000
      vertex 12.86114933 5.78940641 0.00000000
      vertex 12.87957563 5.78970153 0.00000000
    endloop
  endfacet
  facet normal 0.07299522 -0.99733229 0.00000000
    outer loop
      vertex 12.86114933 5.78940641 0.20000000
      vertex 12.85049390 5.78862653 0.20000000
      vertex 12.85049390 5.78862653 0.00000000
    endloop
  endfacet
  facet normal 0.07299522 -0.99733229 0.00000000
    outer loop
      vertex 12.86114933 5.78940641 0.20000000
      vertex 12.85049390 5.78862653 0.00000000
      vertex 12.86114933 5.78940641 0.00000000
    endloop
  endfacet
  facet normal 0.10840172 -0.99410717 0.00000000
    outer loop
      vertex 12.85049390 5.78862653 0.20000000
      vertex 12.83889816 5.78736208 0.20000000
      vertex 12.83889816 5.78736208 0.00000000
    endloop
  endfacet
  facet normal 0.10840172 -0.99410717 0.00000000
    outer loop
      vertex 12.85049390 5.78862653 0.20000000
      vertex 12.83889816 5.78736208 0.00000000
      vertex 12.85049390 5.78862653 0.00000000
    endloop
  endfacet
  facet normal 0.14146562 -0.98994317 0.00000000
    outer loop
      vertex 12.83889816 5.78736208 0.20000000
      vertex 12.82501416 5.78537802 0.20000000
      vertex 12.82501416 5.78537802 0.00000000
    endloop
  endfacet
  facet normal 0.14146562 -0.98994317 0.00000000
    outer loop
      vertex 12.83889816 5.78736208 0.20000000
      vertex 12.82501416 5.78537802 0.00000000
      vertex 12.83889816 5.78736208 0.00000000
    endloop
  endfacet
  facet normal 0.15715760 -0.98757354 0.00000000
    outer loop
      vertex 12.82501416 5.78537802 0.20000000
      vertex -10.37820233 2.09293225 0.20000000
      vertex -10.37820233 2.09293225 0.00000000
    endloop
  endfacet
  facet normal 0.15715760 -0.98757354 0.00000000
    outer loop
      vertex 12.82501416 5.78537802 0.20000000
      vertex -10.37820233 2.09293225 0.00000000
      vertex 12.82501416 5.78537802 0.00000000
    endloop
  endfacet
  facet normal 0.16826311 -0.98574212 0.00000000
    outer loop
      vertex -10.37820233 2.09293225 0.20000000
      vertex -10.44970270 2.08072736 0.20000000
      vertex -10.44970270 2.08072736 0.00000000
    endloop
  endfacet
  facet normal 0.16826311 -0.98574212 0.00000000
    outer loop
      vertex -10.37820233 2.09293225 0.20000000
      vertex -10.44970270 2.08072736 0.00000000
      vertex -10.37820233 2.09293225 0.00000000
    endloop
  endfacet
  facet normal 0.19071552 -0.98164535 0.00000000
    outer loop
      vertex -10.44970270 2.08072736 0.20000000
      vertex -10.51918017 2.06722917 0.20000000
      vertex -10.51918017 2.06722917 0.00000000
    endloop
  endfacet
  facet normal 0.19071552 -0.98164535 0.00000000
    outer loop
      vertex -10.44970270 2.08072736 0.20000000
      vertex -10.51918017 2.06722917 0.00000000
      vertex -10.44970270 2.08072736 0.00000000
    endloop
  endfacet
  facet normal 0.21346516 -0.97695068 0.00000000
    outer loop
      vertex -10.51918017 2.06722917 0.20000000
      vertex -10.58762951 2.05227289 0.20000000
      vertex -10.58762951 2.05227289 0.00000000
    endloop
  endfacet
  facet normal 0.21346516 -0.97695068 0.00000000
    outer loop
      vertex -10.51918017 2.06722917 0.20000000
      vertex -10.58762951 2.05227289 0.00000000
      vertex -10.51918017 2.06722917 0.00000000
    endloop
  endfacet
  facet normal 0.23647965 -0.97163644 0.00000000
    outer loop
      vertex -10.58762951 2.05227289 0.20000000
      vertex -10.65505682 2.03586224 0.20000000
      vertex -10.65505682 2.03586224 0.00000000
    endloop
  endfacet
  facet normal 0.23647965 -0.97163644 0.00000000
    outer loop
      vertex -10.58762951 2.05227289 0.20000000
      vertex -10.65505682 2.03586224 0.00000000
      vertex -10.58762951 2.05227289 0.00000000
    endloop
  endfacet
  facet normal 0.25972345 -0.96568304 0.00000000
    outer loop
      vertex -10.65505682 2.03586224 0.20000000
      vertex -10.72146880 2.01800053 0.20000000
      vertex -10.72146880 2.01800053 0.00000000
    endloop
  endfacet
  facet normal 0.25972345 -0.96568304 0.00000000
    outer loop
      vertex -10.65505682 2.03586224 0.20000000
      vertex -10.72146880 2.01800053 0.00000000
      vertex -10.65505682 2.03586224 0.00000000
    endloop
  endfacet
  facet normal 0.28315797 -0.95907328 0.00000000
    outer loop
      vertex -10.72146880 2.01800053 0.20000000
      vertex -10.78687263 1.99869062 0.20000000
      vertex -10.78687263 1.99869062 0.00000000
    endloop
  endfacet
  facet normal 0.28315797 -0.95907328 0.00000000
    outer loop
      vertex -10.72146880 2.01800053 0.20000000
      vertex -10.78687263 1.99869062 0.00000000
      vertex -10.72146880 2.01800053 0.00000000
    endloop
  endfacet
  facet normal 0.30674176 -0.95179278 0.00000000
    outer loop
      vertex -10.78687263 1.99869062 0.20000000
      vertex -10.85127603 1.97793483 0.20000000
      vertex -10.85127603 1.97793483 0.00000000
    endloop
  endfacet
  facet normal 0.30674176 -0.95179278 0.00000000
    outer loop
      vertex -10.78687263 1.99869062 0.20000000
      vertex -10.85127603 1.97793483 0.00000000
      vertex -10.78687263 1.99869062 0.00000000
    endloop
  endfacet
  facet normal 0.33043073 -0.94383025 0.00000000
    outer loop
      vertex -10.85127603 1.97793483 0.20000000
      vertex -10.91468716 1.95573488 0.20000000
      vertex -10.91468716 1.95573488 0.00000000
    endloop
  endfacet
  facet normal 0.33043073 -0.94383025 0.00000000
    outer loop
      vertex -10.85127603 1.97793483 0.20000000
      vertex -10.91468716 1.95573488 0.00000000
      vertex -10.85127603 1.97793483 0.00000000
    endloop
  endfacet
  facet normal 0.35417845 -0.93517786 0.00000000
    outer loop
      vertex -10.91468716 1.95573488 0.20000000
      vertex -10.97711454 1.93209185 0.20000000
      vertex -10.97711454 1.93209185 0.00000000
    endloop
  endfacet
  facet normal 0.35417845 -0.93517786 0.00000000
    outer loop
      vertex -10.91468716 1.95573488 0.20000000
      vertex -10.97711454 1.93209185 0.00000000
      vertex -10.91468716 1.95573488 0.00000000
    endloop
  endfacet
  facet normal 0.37793651 -0.92583151 0.00000000
    outer loop
      vertex -10.97711454 1.93209185 0.20000000
      vertex -11.03856706 1.90700614 0.20000000
      vertex -11.03856706 1.90700614 0.00000000
    endloop
  endfacet
  facet normal 0.37793651 -0.92583151 0.00000000
    outer loop
      vertex -10.97711454 1.93209185 0.20000000
      vertex -11.03856706 1.90700614 0.00000000
      vertex -10.97711454 1.93209185 0.00000000
    endloop
  endfacet
  facet normal 0.40165491 -0.91579109 0.00000000
    outer loop
      vertex -11.03856706 1.90700614 0.20000000
      vertex -11.09905381 1.88047738 0.20000000
      vertex -11.09905381 1.88047738 0.00000000
    endloop
  endfacet
  facet normal 0.40165491 -0.91579109 0.00000000
    outer loop
      vertex -11.03856706 1.90700614 0.20000000
      vertex -11.09905381 1.88047738 0.00000000
      vertex -11.03856706 1.90700614 0.00000000
    endloop
  endfacet
  facet normal 0.42528255 -0.90506064 0.00000000
    outer loop
      vertex -11.09905381 1.88047738 0.20000000
      vertex -11.15858406 1.85250447 0.20000000
      vertex -11.15858406 1.85250447 0.00000000
    endloop
  endfacet
  facet normal 0.42528255 -0.90506064 0.00000000
    outer loop
      vertex -11.09905381 1.88047738 0.20000000
      vertex -11.15858406 1.85250447 0.00000000
      vertex -11.09905381 1.88047738 0.00000000
    endloop
  endfacet
  facet normal 0.44876767 -0.89364846 0.00000000
    outer loop
      vertex -11.15858406 1.85250447 0.20000000
      vertex -11.21716715 1.82308552 0.20000000
      vertex -11.21716715 1.82308552 0.00000000
    endloop
  endfacet
  facet normal 0.44876767 -0.89364846 0.00000000
    outer loop
      vertex -11.15858406 1.85250447 0.20000000
      vertex -11.21716715 1.82308552 0.00000000
      vertex -11.15858406 1.85250447 0.00000000
    endloop
  endfacet
  facet normal 0.47205844 -0.88156726 0.00000000
    outer loop
      vertex -11.21716715 1.82308552 0.20000000
      vertex -11.27481237 1.79221787 0.20000000
      vertex -11.27481237 1.79221787 0.00000000
    endloop
  endfacet
  facet normal 0.47205844 -0.88156726 0.00000000
    outer loop
      vertex -11.21716715 1.82308552 0.20000000
      vertex -11.27481237 1.79221787 0.00000000
      vertex -11.21716715 1.82308552 0.00000000
    endloop
  endfacet
  facet normal 0.49510347 -0.86883402 0.00000000
    outer loop
      vertex -11.27481237 1.79221787 0.20000000
      vertex -11.33152890 1.75989806 0.20000000
      vertex -11.33152890 1.75989806 0.00000000
    endloop
  endfacet
  facet normal 0.49510347 -0.86883402 0.00000000
    outer loop
      vertex -11.27481237 1.79221787 0.20000000
      vertex -11.33152890 1.75989806 0.00000000
      vertex -11.27481237 1.79221787 0.00000000
    endloop
  endfacet
  facet normal 0.51785236 -0.85547001 0.00000000
    outer loop
      vertex -11.33152890 1.75989806 0.20000000
      vertex -11.38732567 1.72612190 0.20000000
      vertex -11.38732567 1.72612190 0.00000000
    endloop
  endfacet
  facet normal 0.51785236 -0.85547001 0.00000000
    outer loop
      vertex -11.33152890 1.75989806 0.20000000
      vertex -11.38732567 1.72612190 0.00000000
      vertex -11.33152890 1.75989806 0.00000000
    endloop
  endfacet
  facet normal 0.54025624 -0.84150056 0.00000000
    outer loop
      vertex -11.38732567 1.72612190 0.20000000
      vertex -11.44221131 1.69088448 0.20000000
      vertex -11.44221131 1.69088448 0.00000000
    endloop
  endfacet
  facet normal 0.54025624 -0.84150056 0.00000000
    outer loop
      vertex -11.38732567 1.72612190 0.20000000
      vertex -11.44221131 1.69088448 0.00000000
      vertex -11.38732567 1.72612190 0.00000000
    endloop
  endfacet
  facet normal 0.56226831 -0.82695487 0.00000000
    outer loop
      vertex -11.44221131 1.69088448 0.20000000
      vertex -11.49619401 1.65418023 0.20000000
      vertex -11.49619401 1.65418023 0.00000000
    endloop
  endfacet
  facet normal 0.56226831 -0.82695487 0.00000000
    outer loop
      vertex -11.44221131 1.69088448 0.20000000
      vertex -11.49619401 1.65418023 0.00000000
      vertex -11.44221131 1.69088448 0.00000000
    endloop
  endfacet
  facet normal 0.58384431 -0.81186564 0.00000000
    outer loop
      vertex -11.49619401 1.65418023 0.20000000
      vertex -11.54928148 1.61600296 0.20000000
      vertex -11.54928148 1.61600296 0.00000000
    endloop
  endfacet
  facet normal 0.58384431 -0.81186564 0.00000000
    outer loop
      vertex -11.49619401 1.65418023 0.20000000
      vertex -11.54928148 1.61600296 0.00000000
      vertex -11.49619401 1.65418023 0.00000000
    endloop
  endfacet
  facet normal 0.60494298 -0.79626879 0.00000000
    outer loop
      vertex -11.54928148 1.61600296 0.20000000
      vertex -11.60148084 1.57634594 0.20000000
      vertex -11.60148084 1.57634594 0.00000000
    endloop
  endfacet
  facet normal 0.60494298 -0.79626879 0.00000000
    outer loop
      vertex -11.54928148 1.61600296 0.20000000
      vertex -11.60148084 1.57634594 0.00000000
      vertex -11.54928148 1.61600296 0.00000000
    endloop
  endfacet
  facet normal 0.62552643 -0.78020298 0.00000000
    outer loop
      vertex -11.60148084 1.57634594 0.20000000
      vertex -11.65279860 1.53520202 0.20000000
      vertex -11.65279860 1.53520202 0.00000000
    endloop
  endfacet
  facet normal 0.62552643 -0.78020298 0.00000000
    outer loop
      vertex -11.60148084 1.57634594 0.20000000
      vertex -11.65279860 1.53520202 0.00000000
      vertex -11.60148084 1.57634594 0.00000000
    endloop
  endfacet
  facet normal 0.64556046 -0.76370917 0.00000000
    outer loop
      vertex -11.65279860 1.53520202 0.20000000
      vertex -11.70324055 1.49256363 0.20000000
      vertex -11.70324055 1.49256363 0.00000000
    endloop
  endfacet
  facet normal 0.64556046 -0.76370917 0.00000000
    outer loop
      vertex -11.65279860 1.53520202 0.20000000
      vertex -11.70324055 1.49256363 0.00000000
      vertex -11.65279860 1.53520202 0.00000000
    endloop
  endfacet
  facet normal 0.66501481 -0.74683017 0.00000000
    outer loop
      vertex -11.70324055 1.49256363 0.20000000
      vertex -11.75281176 1.44842295 0.20000000
      vertex -11.75281176 1.44842295 0.00000000
    endloop
  endfacet
  facet normal 0.66501481 -0.74683017 0.00000000
    outer loop
      vertex -11.70324055 1.49256363 0.20000000
      vertex -11.75281176 1.44842295 0.00000000
      vertex -11.70324055 1.49256363 0.00000000
    endloop
  endfacet
  facet normal 0.68386338 -0.72961009 0.00000000
    outer loop
      vertex -11.75281176 1.44842295 0.20000000
      vertex -11.80151656 1.40277195 0.20000000
      vertex -11.80151656 1.40277195 0.00000000
    endloop
  endfacet
  facet normal 0.68386338 -0.72961009 0.00000000
    outer loop
      vertex -11.75281176 1.44842295 0.20000000
      vertex -11.80151656 1.40277195 0.00000000
      vertex -11.75281176 1.44842295 0.00000000
    endloop
  endfacet
  facet normal 0.70208426 -0.71209388 0.00000000
    outer loop
      vertex -11.80151656 1.40277195 0.20000000
      vertex -11.84935851 1.35560250 0.20000000
      vertex -11.84935851 1.35560250 0.00000000
    endloop
  endfacet
  facet normal 0.70208426 -0.71209388 0.00000000
    outer loop
      vertex -11.80151656 1.40277195 0.20000000
      vertex -11.84935851 1.35560250 0.00000000
      vertex -11.80151656 1.40277195 0.00000000
    endloop
  endfacet
  facet normal 0.71965983 -0.69432682 0.00000000
    outer loop
      vertex -11.84935851 1.35560250 0.20000000
      vertex -11.89634038 1.30690646 0.20000000
      vertex -11.89634038 1.30690646 0.00000000
    endloop
  endfacet
  facet normal 0.71965983 -0.69432682 0.00000000
    outer loop
      vertex -11.84935851 1.35560250 0.20000000
      vertex -11.89634038 1.30690646 0.00000000
      vertex -11.84935851 1.35560250 0.00000000
    endloop
  endfacet
  facet normal 0.73657669 -0.67635404 0.00000000
    outer loop
      vertex -11.89634038 1.30690646 0.20000000
      vertex -11.94246423 1.25667574 0.20000000
      vertex -11.94246423 1.25667574 0.00000000
    endloop
  endfacet
  facet normal 0.73657669 -0.67635404 0.00000000
    outer loop
      vertex -11.89634038 1.30690646 0.20000000
      vertex -11.94246423 1.25667574 0.00000000
      vertex -11.89634038 1.30690646 0.00000000
    endloop
  endfacet
  facet normal 0.75282555 -0.65822009 0.00000000
    outer loop
      vertex -11.94246423 1.25667574 0.20000000
      vertex -11.98773135 1.20490241 0.20000000
      vertex -11.98773135 1.20490241 0.00000000
    endloop
  endfacet
  facet normal 0.75282555 -0.65822009 0.00000000
    outer loop
      vertex -11.94246423 1.25667574 0.20000000
      vertex -11.98773135 1.20490241 0.00000000
      vertex -11.94246423 1.25667574 0.00000000
    endloop
  endfacet
  facet normal 0.76840111 -0.63996854 0.00000000
    outer loop
      vertex -11.98773135 1.20490241 0.20000000
      vertex -12.03214237 1.15157874 0.20000000
      vertex -12.03214237 1.15157874 0.00000000
    endloop
  endfacet
  facet normal 0.76840111 -0.63996854 0.00000000
    outer loop
      vertex -11.98773135 1.20490241 0.20000000
      vertex -12.03214237 1.15157874 0.00000000
      vertex -11.98773135 1.20490241 0.00000000
    endloop
  endfacet
  facet normal 0.78330181 -0.62164159 0.00000000
    outer loop
      vertex -12.03214237 1.15157874 0.20000000
      vertex -12.07569723 1.09669727 0.20000000
      vertex -12.07569723 1.09669727 0.00000000
    endloop
  endfacet
  facet normal 0.78330181 -0.62164159 0.00000000
    outer loop
      vertex -12.03214237 1.15157874 0.20000000
      vertex -12.07569723 1.09669727 0.00000000
      vertex -12.03214237 1.15157874 0.00000000
    endloop
  endfacet
  facet normal 0.79752962 -0.60327980 0.00000000
    outer loop
      vertex -12.07569723 1.09669727 0.20000000
      vertex -12.11839529 1.04025087 0.20000000
      vertex -12.11839529 1.04025087 0.00000000
    endloop
  endfacet
  facet normal 0.79752962 -0.60327980 0.00000000
    outer loop
      vertex -12.07569723 1.09669727 0.20000000
      vertex -12.11839529 1.04025087 0.00000000
      vertex -12.07569723 1.09669727 0.00000000
    endloop
  endfacet
  facet normal 0.81108973 -0.58492175 0.00000000
    outer loop
      vertex -12.11839529 1.04025087 0.20000000
      vertex -12.16082234 0.98141883 0.20000000
      vertex -12.16082234 0.98141883 0.00000000
    endloop
  endfacet
  facet normal 0.81108973 -0.58492175 0.00000000
    outer loop
      vertex -12.11839529 1.04025087 0.20000000
      vertex -12.16082234 0.98141883 0.00000000
      vertex -12.11839529 1.04025087 0.00000000
    endloop
  endfacet
  facet normal 0.81762184 -0.57575562 0.00000000
    outer loop
      vertex -12.16082234 0.98141883 0.20000000
      vertex -12.62678201 0.31971656 0.20000000
      vertex -12.62678201 0.31971656 0.00000000
    endloop
  endfacet
  facet normal 0.81762184 -0.57575562 0.00000000
    outer loop
      vertex -12.16082234 0.98141883 0.20000000
      vertex -12.62678201 0.31971656 0.00000000
      vertex -12.16082234 0.98141883 0.00000000
    endloop
  endfacet
  facet normal 0.82402347 -0.56655566 0.00000000
    outer loop
      vertex -12.62678201 0.31971656 0.20000000
      vertex -12.68349495 0.23723076 0.20000000
      vertex -12.68349495 0.23723076 0.00000000
    endloop
  endfacet
  facet normal 0.82402347 -0.56655566 0.00000000
    outer loop
      vertex -12.62678201 0.31971656 0.20000000
      vertex -12.68349495 0.23723076 0.00000000
      vertex -12.62678201 0.31971656 0.00000000
    endloop
  endfacet
  facet normal 0.83668411 -0.54768577 0.00000000
    outer loop
      vertex -12.68349495 0.23723076 0.20000000
      vertex -12.73722844 0.15514363 0.20000000
      vertex -12.73722844 0.15514363 0.00000000
    endloop
  endfacet
  facet normal 0.83668411 -0.54768577 0.00000000
    outer loop
      vertex -12.68349495 0.23723076 0.20000000
      vertex -12.73722844 0.15514363 0.00000000
      vertex -12.68349495 0.23723076 0.00000000
    endloop
  endfacet
  facet normal 0.84912400 -0.52819356 0.00000000
    outer loop
      vertex -12.73722844 0.15514363 0.20000000
      vertex -12.78855536 0.07263047 0.20000000
      vertex -12.78855536 0.07263047 0.00000000
    endloop
  endfacet
  facet normal 0.84912400 -0.52819356 0.00000000
    outer loop
      vertex -12.73722844 0.15514363 0.20000000
      vertex -12.78855536 0.07263047 0.00000000
      vertex -12.73722844 0.15514363 0.00000000
    endloop
  endfacet
  facet normal 0.86130564 -0.50808719 0.00000000
    outer loop
      vertex -12.78855536 0.07263047 0.20000000
      vertex -12.83748253 -0.01031051 0.20000000
      vertex -12.83748253 -0.01031051 0.00000000
    endloop
  endfacet
  facet normal 0.86130564 -0.50808719 0.00000000
    outer loop
      vertex -12.78855536 0.07263047 0.20000000
      vertex -12.83748253 -0.01031051 0.00000000
      vertex -12.78855536 0.07263047 0.00000000
    endloop
  endfacet
  facet normal 0.87319082 -0.48737850 0.00000000
    outer loop
      vertex -12.83748253 -0.01031051 0.20000000
      vertex -12.88401687 -0.09368177 0.20000000
      vertex -12.88401687 -0.09368177 0.00000000
    endloop
  endfacet
  facet normal 0.87319082 -0.48737850 0.00000000
    outer loop
      vertex -12.83748253 -0.01031051 0.20000000
      vertex -12.88401687 -0.09368177 0.00000000
      vertex -12.83748253 -0.01031051 0.00000000
    endloop
  endfacet
  facet normal 0.88474097 -0.46608306 0.00000000
    outer loop
      vertex -12.88401687 -0.09368177 0.20000000
      vertex -12.92816533 -0.17748646 0.20000000
      vertex -12.92816533 -0.17748646 0.00000000
    endloop
  endfacet
  facet normal 0.88474097 -0.46608306 0.00000000
    outer loop
      vertex -12.88401687 -0.09368177 0.20000000
      vertex -12.92816533 -0.17748646 0.00000000
      vertex -12.88401687 -0.09368177 0.00000000
    endloop
  endfacet
  facet normal 0.89591754 -0.44422041 0.00000000
    outer loop
      vertex -12.92816533 -0.17748646 0.20000000
      vertex -12.96993482 -0.26172847 0.20000000
      vertex -12.96993482 -0.26172847 0.00000000
    endloop
  endfacet
  facet normal 0.89591754 -0.44422041 0.00000000
    outer loop
      vertex -12.92816533 -0.17748646 0.20000000
      vertex -12.96993482 -0.26172847 0.00000000
      vertex -12.92816533 -0.17748646 0.00000000
    endloop
  endfacet
  facet normal 0.90668238 -0.42181402 0.00000000
    outer loop
      vertex -12.96993482 -0.26172847 0.20000000
      vertex -13.00933214 -0.34641238 0.20000000
      vertex -13.00933214 -0.34641238 0.00000000
    endloop
  endfacet
  facet normal 0.90668238 -0.42181402 0.00000000
    outer loop
      vertex -12.96993482 -0.26172847 0.20000000
      vertex -13.00933214 -0.34641238 0.00000000
      vertex -12.96993482 -0.26172847 0.00000000
    endloop
  endfacet
  facet normal 0.91699819 -0.39889136 0.00000000
    outer loop
      vertex -13.00933214 -0.34641238 0.20000000
      vertex -13.04636390 -0.43154348 0.20000000
      vertex -13.04636390 -0.43154348 0.00000000
    endloop
  endfacet
  facet normal 0.91699819 -0.39889136 0.00000000
    outer loop
      vertex -13.00933214 -0.34641238 0.20000000
      vertex -13.04636390 -0.43154348 0.00000000
      vertex -13.00933214 -0.34641238 0.00000000
    endloop
  endfacet
  facet normal 0.92682894 -0.37548384 0.00000000
    outer loop
      vertex -13.04636390 -0.43154348 0.20000000
      vertex -13.08103645 -0.51712777 0.20000000
      vertex -13.08103645 -0.51712777 0.00000000
    endloop
  endfacet
  facet normal 0.92682894 -0.37548384 0.00000000
    outer loop
      vertex -13.04636390 -0.43154348 0.20000000
      vertex -13.08103645 -0.51712777 0.00000000
      vertex -13.04636390 -0.43154348 0.00000000
    endloop
  endfacet
  facet normal 0.93614032 -0.35162665 0.00000000
    outer loop
      vertex -13.08103645 -0.51712777 0.20000000
      vertex -13.11335576 -0.60317192 0.20000000
      vertex -13.11335576 -0.60317192 0.00000000
    endloop
  endfacet
  facet normal 0.93614032 -0.35162665 0.00000000
    outer loop
      vertex -13.08103645 -0.51712777 0.20000000
      vertex -13.11335576 -0.60317192 0.00000000
      vertex -13.08103645 -0.51712777 0.00000000
    endloop
  endfacet
  facet normal 0.94490017 -0.32735862 0.00000000
    outer loop
      vertex -13.11335576 -0.60317192 0.20000000
      vertex -13.14332742 -0.68968321 0.20000000
      vertex -13.14332742 -0.68968321 0.00000000
    endloop
  endfacet
  facet normal 0.94490017 -0.32735862 0.00000000
    outer loop
      vertex -13.11335576 -0.60317192 0.20000000
      vertex -13.14332742 -0.68968321 0.00000000
      vertex -13.11335576 -0.60317192 0.00000000
    endloop
  endfacet
  facet normal 0.95307893 -0.30272192 0.00000000
    outer loop
      vertex -13.14332742 -0.68968321 0.20000000
      vertex -13.17095646 -0.77666952 0.20000000
      vertex -13.17095646 -0.77666952 0.00000000
    endloop
  endfacet
  facet normal 0.95307893 -0.30272192 0.00000000
    outer loop
      vertex -13.14332742 -0.68968321 0.20000000
      vertex -13.17095646 -0.77666952 0.00000000
      vertex -13.14332742 -0.68968321 0.00000000
    endloop
  endfacet
  facet normal 0.96065000 -0.27776174 0.00000000
    outer loop
      vertex -13.17095646 -0.77666952 0.20000000
      vertex -13.19624740 -0.86413923 0.20000000
      vertex -13.19624740 -0.86413923 0.00000000
    endloop
  endfacet
  facet normal 0.96065000 -0.27776174 0.00000000
    outer loop
      vertex -13.17095646 -0.77666952 0.20000000
      vertex -13.19624740 -0.86413923 0.00000000
      vertex -13.17095646 -0.77666952 0.00000000
    endloop
  endfacet
  facet normal 0.96759013 -0.25252593 0.00000000
    outer loop
      vertex -13.19624740 -0.86413923 0.20000000
      vertex -13.21920409 -0.95210115 0.20000000
      vertex -13.21920409 -0.95210115 0.00000000
    endloop
  endfacet
  facet normal 0.96759013 -0.25252593 0.00000000
    outer loop
      vertex -13.19624740 -0.86413923 0.20000000
      vertex -13.21920409 -0.95210115 0.00000000
      vertex -13.19624740 -0.86413923 0.00000000
    endloop
  endfacet
  facet normal 0.97387972 -0.22706450 0.00000000
    outer loop
      vertex -13.21920409 -0.95210115 0.20000000
      vertex -13.23982971 -1.04056444 0.20000000
      vertex -13.23982971 -1.04056444 0.00000000
    endloop
  endfacet
  facet normal 0.97387972 -0.22706450 0.00000000
    outer loop
      vertex -13.21920409 -0.95210115 0.20000000
      vertex -13.23982971 -1.04056444 0.00000000
      vertex -13.21920409 -0.95210115 0.00000000
    endloop
  endfacet
  facet normal 0.97950308 -0.20142919 0.00000000
    outer loop
      vertex -13.23982971 -1.04056444 0.20000000
      vertex -13.25812672 -1.12953854 0.20000000
      vertex -13.25812672 -1.12953854 0.00000000
    endloop
  endfacet
  facet normal 0.97950308 -0.20142919 0.00000000
    outer loop
      vertex -13.23982971 -1.04056444 0.20000000
      vertex -13.25812672 -1.12953854 0.00000000
      vertex -13.23982971 -1.04056444 0.00000000
    endloop
  endfacet
  facet normal 0.98444859 -0.17567292 0.00000000
    outer loop
      vertex -13.25812672 -1.12953854 0.20000000
      vertex -13.27409684 -1.21903303 0.20000000
      vertex -13.27409684 -1.21903303 0.00000000
    endloop
  endfacet
  facet normal 0.98444859 -0.17567292 0.00000000
    outer loop
      vertex -13.25812672 -1.12953854 0.20000000
      vertex -13.27409684 -1.21903303 0.00000000
      vertex -13.25812672 -1.12953854 0.00000000
    endloop
  endfacet
  facet normal 0.98870886 -0.14984925 0.00000000
    outer loop
      vertex -13.27409684 -1.21903303 0.20000000
      vertex -13.28774101 -1.30905757 0.20000000
      vertex -13.28774101 -1.30905757 0.00000000
    endloop
  endfacet
  facet normal 0.98870886 -0.14984925 0.00000000
    outer loop
      vertex -13.27409684 -1.21903303 0.20000000
      vertex -13.28774101 -1.30905757 0.00000000
      vertex -13.27409684 -1.21903303 0.00000000
    endloop
  endfacet
  facet normal 0.99228074 -0.12401181 0.00000000
    outer loop
      vertex -13.28774101 -1.30905757 0.20000000
      vertex -13.29905941 -1.39962178 0.20000000
      vertex -13.29905941 -1.39962178 0.00000000
    endloop
  endfacet
  facet normal 0.99228074 -0.12401181 0.00000000
    outer loop
      vertex -13.28774101 -1.30905757 0.20000000
      vertex -13.29905941 -1.39962178 0.00000000
      vertex -13.28774101 -1.30905757 0.00000000
    endloop
  endfacet
  facet normal 0.99516534 -0.09821378 0.00000000
    outer loop
      vertex -13.29905941 -1.39962178 0.20000000
      vertex -13.30805147 -1.49073516 0.20000000
      vertex -13.30805147 -1.49073516 0.00000000
    endloop
  endfacet
  facet normal 0.99516534 -0.09821378 0.00000000
    outer loop
      vertex -13.29905941 -1.39962178 0.20000000
      vertex -13.30805147 -1.49073516 0.00000000
      vertex -13.29905941 -1.39962178 0.00000000
    endloop
  endfacet
  facet normal 0.99736788 -0.07250735 0.00000000
    outer loop
      vertex -13.30805147 -1.49073516 0.20000000
      vertex -13.31471589 -1.58240696 0.20000000
      vertex -13.31471589 -1.58240696 0.00000000
    endloop
  endfacet
  facet normal 0.99736788 -0.07250735 0.00000000
    outer loop
      vertex -13.30805147 -1.49073516 0.20000000
      vertex -13.31471589 -1.58240696 0.00000000
      vertex -13.30805147 -1.49073516 0.00000000
    endloop
  endfacet
  facet normal 0.99889756 -0.04694317 0.00000000
    outer loop
      vertex -13.31471589 -1.58240696 0.20000000
      vertex -13.31905067 -1.67464613 0.20000000
      vertex -13.31905067 -1.67464613 0.00000000
    endloop
  endfacet
  facet normal 0.99889756 -0.04694317 0.00000000
    outer loop
      vertex -13.31471589 -1.58240696 0.20000000
      vertex -13.31905067 -1.67464613 0.00000000
      vertex -13.31471589 -1.58240696 0.00000000
    endloop
  endfacet
  facet normal 0.99976734 -0.02156997 0.00000000
    outer loop
      vertex -13.31905067 -1.67464613 0.20000000
      vertex -13.32105316 -1.76746125 0.20000000
      vertex -13.32105316 -1.76746125 0.00000000
    endloop
  endfacet
  facet normal 0.99976734 -0.02156997 0.00000000
    outer loop
      vertex -13.31905067 -1.67464613 0.20000000
      vertex -13.32105316 -1.76746125 0.00000000
      vertex -13.31905067 -1.67464613 0.00000000
    endloop
  endfacet
  facet normal 0.99999364 0.00356592 0.00000000
    outer loop
      vertex -13.32105316 -1.76746125 0.20000000
      vertex -13.32072010 -1.86086040 0.20000000
      vertex -13.32072010 -1.86086040 0.00000000
    endloop
  endfacet
  facet normal 0.99999364 0.00356592 0.00000000
    outer loop
      vertex -13.32105316 -1.76746125 0.20000000
      vertex -13.32072010 -1.86086040 0.00000000
      vertex -13.32105316 -1.76746125 0.00000000
    endloop
  endfacet
  facet normal 0.99959604 0.02842090 0.00000000
    outer loop
      vertex -13.32072010 -1.86086040 0.20000000
      vertex -13.31804772 -1.95485117 0.20000000
      vertex -13.31804772 -1.95485117 0.00000000
    endloop
  endfacet
  facet normal 0.99959604 0.02842090 0.00000000
    outer loop
      vertex -13.32072010 -1.86086040 0.20000000
      vertex -13.31804772 -1.95485117 0.00000000
      vertex -13.32072010 -1.86086040 0.00000000
    endloop
  endfacet
  facet normal 0.99859693 0.05295441 0.00000000
    outer loop
      vertex -13.31804772 -1.95485117 0.20000000
      vertex -13.31303175 -2.04944057 0.20000000
      vertex -13.31303175 -2.04944057 0.00000000
    endloop
  endfacet
  facet normal 0.99859693 0.05295441 0.00000000
    outer loop
      vertex -13.31804772 -1.95485117 0.20000000
      vertex -13.31303175 -2.04944057 0.00000000
      vertex -13.31804772 -1.95485117 0.00000000
    endloop
  endfacet
  facet normal 0.99702111 0.07712916 0.00000000
    outer loop
      vertex -13.31303175 -2.04944057 0.20000000
      vertex -13.30566755 -2.14463501 0.20000000
      vertex -13.30566755 -2.14463501 0.00000000
    endloop
  endfacet
  facet normal 0.99702111 0.07712916 0.00000000
    outer loop
      vertex -13.31303175 -2.04944057 0.20000000
      vertex -13.30566755 -2.14463501 0.00000000
      vertex -13.31303175 -2.04944057 0.00000000
    endloop
  endfacet
  facet normal 0.99489543 0.10091128 0.00000000
    outer loop
      vertex -13.30566755 -2.14463501 0.20000000
      vertex -13.29595012 -2.24044025 0.20000000
      vertex -13.29595012 -2.24044025 0.00000000
    endloop
  endfacet
  facet normal 0.99489543 0.10091128 0.00000000
    outer loop
      vertex -13.30566755 -2.14463501 0.20000000
      vertex -13.29595012 -2.24044025 0.00000000
      vertex -13.30566755 -2.14463501 0.00000000
    endloop
  endfacet
  facet normal 0.99224838 0.12427046 0.00000000
    outer loop
      vertex -13.29595012 -2.24044025 0.20000000
      vertex -13.28387420 -2.33686144 0.20000000
      vertex -13.28387420 -2.33686144 0.00000000
    endloop
  endfacet
  facet normal 0.99224838 0.12427046 0.00000000
    outer loop
      vertex -13.29595012 -2.24044025 0.20000000
      vertex -13.28387420 -2.33686144 0.00000000
      vertex -13.29595012 -2.24044025 0.00000000
    endloop
  endfacet
  facet normal 0.98910973 0.14717998 0.00000000
    outer loop
      vertex -13.28387420 -2.33686144 0.20000000
      vertex -13.26943437 -2.43390306 0.20000000
      vertex -13.26943437 -2.43390306 0.00000000
    endloop
  endfacet
  facet normal 0.98910973 0.14717998 0.00000000
    outer loop
      vertex -13.28387420 -2.33686144 0.20000000
      vertex -13.26943437 -2.43390306 0.00000000
      vertex -13.28387420 -2.33686144 0.00000000
    endloop
  endfacet
  facet normal 0.98551011 0.16961671 0.00000000
    outer loop
      vertex -13.26943437 -2.43390306 0.20000000
      vertex -13.25245552 -2.53255388 0.20000000
      vertex -13.25245552 -2.53255388 0.00000000
    endloop
  endfacet
  facet normal 0.98551011 0.16961671 0.00000000
    outer loop
      vertex -13.26943437 -2.43390306 0.20000000
      vertex -13.25245552 -2.53255388 0.00000000
      vertex -13.26943437 -2.43390306 0.00000000
    endloop
  endfacet
  facet normal 0.98354717 0.18065152 0.00000000
    outer loop
      vertex -13.25245552 -2.53255388 0.20000000
      vertex -12.95296907 -4.16309122 0.20000000
      vertex -12.95296907 -4.16309122 0.00000000
    endloop
  endfacet
  facet normal 0.98354717 0.18065152 0.00000000
    outer loop
      vertex -13.25245552 -2.53255388 0.20000000
      vertex -12.95296907 -4.16309122 0.00000000
      vertex -13.25245552 -2.53255388 0.00000000
    endloop
  endfacet
  facet normal 0.98081854 0.19492304 0.00000000
    outer loop
      vertex -12.95296907 -4.16309122 0.20000000
      vertex -12.93876800 -4.23454851 0.20000000
      vertex -12.93876800 -4.23454851 0.00000000
    endloop
  endfacet
  facet normal 0.98081854 0.19492304 0.00000000
    outer loop
      vertex -12.95296907 -4.16309122 0.20000000
      vertex -12.93876800 -4.23454851 0.00000000
      vertex -12.95296907 -4.16309122 0.00000000
    endloop
  endfacet
  facet normal 0.97455491 0.22414891 0.00000000
    outer loop
      vertex -12.93876800 -4.23454851 0.20000000
      vertex -12.92308710 -4.30272592 0.20000000
      vertex -12.92308710 -4.30272592 0.00000000
    endloop
  endfacet
  facet normal 0.97455491 0.22414891 0.00000000
    outer loop
      vertex -12.93876800 -4.23454851 0.20000000
      vertex -12.92308710 -4.30272592 0.00000000
      vertex -12.93876800 -4.23454851 0.00000000
    endloop
  endfacet
  facet normal 0.96713815 0.25425143 0.00000000
    outer loop
      vertex -12.92308710 -4.30272592 0.20000000
      vertex -12.90569312 -4.36889028 0.20000000
      vertex -12.90569312 -4.36889028 0.00000000
    endloop
  endfacet
  facet normal 0.96713815 0.25425143 0.00000000
    outer loop
      vertex -12.92308710 -4.30272592 0.20000000
      vertex -12.90569312 -4.36889028 0.00000000
      vertex -12.92308710 -4.30272592 0.00000000
    endloop
  endfacet
  facet normal 0.95847479 0.28517726 0.00000000
    outer loop
      vertex -12.90569312 -4.36889028 0.20000000
      vertex -12.88660275 -4.43305261 0.20000000
      vertex -12.88660275 -4.43305261 0.00000000
    endloop
  endfacet
  facet normal 0.95847479 0.28517726 0.00000000
    outer loop
      vertex -12.90569312 -4.36889028 0.20000000
      vertex -12.88660275 -4.43305261 0.00000000
      vertex -12.90569312 -4.36889028 0.00000000
    endloop
  endfacet
  facet normal 0.94847325 0.31685722 0.00000000
    outer loop
      vertex -12.88660275 -4.43305261 0.20000000
      vertex -12.86583215 -4.49522687 0.20000000
      vertex -12.86583215 -4.49522687 0.00000000
    endloop
  endfacet
  facet normal 0.94847325 0.31685722 0.00000000
    outer loop
      vertex -12.88660275 -4.43305261 0.20000000
      vertex -12.86583215 -4.49522687 0.00000000
      vertex -12.88660275 -4.43305261 0.00000000
    endloop
  endfacet
  facet normal 0.93704625 0.34920528 0.00000000
    outer loop
      vertex -12.86583215 -4.49522687 0.20000000
      vertex -12.84339644 -4.55543014 0.20000000
      vertex -12.84339644 -4.55543014 0.00000000
    endloop
  endfacet
  facet normal 0.93704625 0.34920528 0.00000000
    outer loop
      vertex -12.86583215 -4.49522687 0.20000000
      vertex -12.84339644 -4.55543014 0.00000000
      vertex -12.86583215 -4.49522687 0.00000000
    endloop
  endfacet
  facet normal 0.92411360 0.38211786 0.00000000
    outer loop
      vertex -12.84339644 -4.55543014 0.20000000
      vertex -12.81930921 -4.61368267 0.20000000
      vertex -12.81930921 -4.61368267 0.00000000
    endloop
  endfacet
  facet normal 0.92411360 0.38211786 0.00000000
    outer loop
      vertex -12.84339644 -4.55543014 0.20000000
      vertex -12.81930921 -4.61368267 0.00000000
      vertex -12.84339644 -4.55543014 0.00000000
    endloop
  endfacet
  facet normal 0.90960518 0.41547372 0.00000000
    outer loop
      vertex -12.81930921 -4.61368267 0.20000000
      vertex -12.79358196 -4.67000787 0.20000000
      vertex -12.79358196 -4.67000787 0.00000000
    endloop
  endfacet
  facet normal 0.90960518 0.41547372 0.00000000
    outer loop
      vertex -12.81930921 -4.61368267 0.20000000
      vertex -12.79358196 -4.67000787 0.00000000
      vertex -12.81930921 -4.61368267 0.00000000
    endloop
  endfacet
  facet normal 0.89346419 0.44913444 0.00000000
    outer loop
      vertex -12.79358196 -4.67000787 0.20000000
      vertex -12.76622350 -4.72443213 0.20000000
      vertex -12.76622350 -4.72443213 0.00000000
    endloop
  endfacet
  facet normal 0.89346419 0.44913444 0.00000000
    outer loop
      vertex -12.79358196 -4.67000787 0.20000000
      vertex -12.76622350 -4.72443213 0.00000000
      vertex -12.79358196 -4.67000787 0.00000000
    endloop
  endfacet
  facet normal 0.87565031 0.48294569 0.00000000
    outer loop
      vertex -12.76622350 -4.72443213 0.20000000
      vertex -12.73723938 -4.77698452 0.20000000
      vertex -12.73723938 -4.77698452 0.00000000
    endloop
  endfacet
  facet normal 0.87565031 0.48294569 0.00000000
    outer loop
      vertex -12.76622350 -4.72443213 0.20000000
      vertex -12.73723938 -4.77698452 0.00000000
      vertex -12.76622350 -4.72443213 0.00000000
    endloop
  endfacet
  facet normal 0.85614283 0.51673925 0.00000000
    outer loop
      vertex -12.73723938 -4.77698452 0.20000000
      vertex -12.70663138 -4.82769639 0.20000000
      vertex -12.70663138 -4.82769639 0.00000000
    endloop
  endfacet
  facet normal 0.85614283 0.51673925 0.00000000
    outer loop
      vertex -12.73723938 -4.77698452 0.20000000
      vertex -12.70663138 -4.82769639 0.00000000
      vertex -12.73723938 -4.77698452 0.00000000
    endloop
  endfacet
  facet normal 0.83494333 0.55033592 0.00000000
    outer loop
      vertex -12.70663138 -4.82769639 0.20000000
      vertex -12.67439707 -4.87660075 0.20000000
      vertex -12.67439707 -4.87660075 0.00000000
    endloop
  endfacet
  facet normal 0.83494333 0.55033592 0.00000000
    outer loop
      vertex -12.70663138 -4.82769639 0.20000000
      vertex -12.67439707 -4.87660075 0.00000000
      vertex -12.70663138 -4.82769639 0.00000000
    endloop
  endfacet
  facet normal 0.81207783 0.58354914 0.00000000
    outer loop
      vertex -12.67439707 -4.87660075 0.20000000
      vertex -12.64052948 -4.92373152 0.20000000
      vertex -12.64052948 -4.92373152 0.00000000
    endloop
  endfacet
  facet normal 0.81207783 0.58354914 0.00000000
    outer loop
      vertex -12.67439707 -4.87660075 0.20000000
      vertex -12.64052948 -4.92373152 0.00000000
      vertex -12.67439707 -4.87660075 0.00000000
    endloop
  endfacet
  facet normal 0.78759809 0.61618930 0.00000000
    outer loop
      vertex -12.64052948 -4.92373152 0.20000000
      vertex -12.60501695 -4.96912277 0.20000000
      vertex -12.60501695 -4.96912277 0.00000000
    endloop
  endfacet
  facet normal 0.78759809 0.61618930 0.00000000
    outer loop
      vertex -12.64052948 -4.92373152 0.20000000
      vertex -12.60501695 -4.96912277 0.00000000
      vertex -12.64052948 -4.92373152 0.00000000
    endloop
  endfacet
  facet normal 0.76158199 0.64806857 0.00000000
    outer loop
      vertex -12.60501695 -4.96912277 0.20000000
      vertex -12.56784317 -5.01280778 0.20000000
      vertex -12.56784317 -5.01280778 0.00000000
    endloop
  endfacet
  facet normal 0.76158199 0.64806857 0.00000000
    outer loop
      vertex -12.60501695 -4.96912277 0.20000000
      vertex -12.56784317 -5.01280778 0.00000000
      vertex -12.60501695 -4.96912277 0.00000000
    endloop
  endfacet
  facet normal 0.73413286 0.67900585 0.00000000
    outer loop
      vertex -12.56784317 -5.01280778 0.20000000
      vertex -12.52898737 -5.05481819 0.20000000
      vertex -12.52898737 -5.05481819 0.00000000
    endloop
  endfacet
  facet normal 0.73413286 0.67900585 0.00000000
    outer loop
      vertex -12.56784317 -5.01280778 0.20000000
      vertex -12.52898737 -5.05481819 0.00000000
      vertex -12.56784317 -5.01280778 0.00000000
    endloop
  endfacet
  facet normal 0.70537764 0.70883170 0.00000000
    outer loop
      vertex -12.52898737 -5.05481819 0.20000000
      vertex -12.48842481 -5.09518309 0.20000000
      vertex -12.48842481 -5.09518309 0.00000000
    endloop
  endfacet
  facet normal 0.70537764 0.70883170 0.00000000
    outer loop
      vertex -12.52898737 -5.05481819 0.20000000
      vertex -12.48842481 -5.09518309 0.00000000
      vertex -12.52898737 -5.05481819 0.00000000
    endloop
  endfacet
  facet normal 0.67546402 0.73739295 0.00000000
    outer loop
      vertex -12.48842481 -5.09518309 0.20000000
      vertex -12.44612730 -5.13392831 0.20000000
      vertex -12.44612730 -5.13392831 0.00000000
    endloop
  endfacet
  facet normal 0.67546402 0.73739295 0.00000000
    outer loop
      vertex -12.48842481 -5.09518309 0.20000000
      vertex -12.44612730 -5.13392831 0.00000000
      vertex -12.48842481 -5.09518309 0.00000000
    endloop
  endfacet
  facet normal 0.64455666 0.76455654 0.00000000
    outer loop
      vertex -12.44612730 -5.13392831 0.20000000
      vertex -12.40206400 -5.17107572 0.20000000
      vertex -12.40206400 -5.17107572 0.00000000
    endloop
  endfacet
  facet normal 0.64455666 0.76455654 0.00000000
    outer loop
      vertex -12.44612730 -5.13392831 0.20000000
      vertex -12.40206400 -5.17107572 0.00000000
      vertex -12.44612730 -5.13392831 0.00000000
    endloop
  endfacet
  facet normal 0.61283278 0.79021262 0.00000000
    outer loop
      vertex -12.40206400 -5.17107572 0.20000000
      vertex -12.35620222 -5.20664285 0.20000000
      vertex -12.35620222 -5.20664285 0.00000000
    endloop
  endfacet
  facet normal 0.61283278 0.79021262 0.00000000
    outer loop
      vertex -12.40206400 -5.17107572 0.20000000
      vertex -12.35620222 -5.20664285 0.00000000
      vertex -12.40206400 -5.17107572 0.00000000
    endloop
  endfacet
  facet normal 0.58047726 0.81427646 0.00000000
    outer loop
      vertex -12.35620222 -5.20664285 0.20000000
      vertex -12.30850837 -5.24064260 0.20000000
      vertex -12.30850837 -5.24064260 0.00000000
    endloop
  endfacet
  facet normal 0.58047726 0.81427646 0.00000000
    outer loop
      vertex -12.35620222 -5.20664285 0.20000000
      vertex -12.30850837 -5.24064260 0.00000000
      vertex -12.35620222 -5.20664285 0.00000000
    endloop
  endfacet
  facet normal 0.54767766 0.83668942 0.00000000
    outer loop
      vertex -12.30850837 -5.24064260 0.20000000
      vertex -12.25894878 -5.27308317 0.20000000
      vertex -12.25894878 -5.27308317 0.00000000
    endloop
  endfacet
  facet normal 0.54767766 0.83668942 0.00000000
    outer loop
      vertex -12.30850837 -5.24064260 0.20000000
      vertex -12.25894878 -5.27308317 0.00000000
      vertex -12.30850837 -5.24064260 0.00000000
    endloop
  endfacet
  facet normal 0.51461946 0.85741869 0.00000000
    outer loop
      vertex -12.25894878 -5.27308317 0.20000000
      vertex -12.20749056 -5.30396820 0.20000000
      vertex -12.20749056 -5.30396820 0.00000000
    endloop
  endfacet
  facet normal 0.51461946 0.85741869 0.00000000
    outer loop
      vertex -12.25894878 -5.27308317 0.20000000
      vertex -12.20749056 -5.30396820 0.00000000
      vertex -12.25894878 -5.27308317 0.00000000
    endloop
  endfacet
  facet normal 0.48148171 0.87645614 0.00000000
    outer loop
      vertex -12.20749056 -5.30396820 0.20000000
      vertex -12.15410233 -5.33329706 0.20000000
      vertex -12.15410233 -5.33329706 0.00000000
    endloop
  endfacet
  facet normal 0.48148171 0.87645614 0.00000000
    outer loop
      vertex -12.20749056 -5.30396820 0.20000000
      vertex -12.15410233 -5.33329706 0.00000000
      vertex -12.20749056 -5.30396820 0.00000000
    endloop
  endfacet
  facet normal 0.44843326 0.89381632 0.00000000
    outer loop
      vertex -12.15410233 -5.33329706 0.20000000
      vertex -12.09875482 -5.36106525 0.20000000
      vertex -12.09875482 -5.36106525 0.00000000
    endloop
  endfacet
  facet normal 0.44843326 0.89381632 0.00000000
    outer loop
      vertex -12.15410233 -5.33329706 0.20000000
      vertex -12.09875482 -5.36106525 0.00000000
      vertex -12.15410233 -5.33329706 0.00000000
    endloop
  endfacet
  facet normal 0.41562982 0.90953387 0.00000000
    outer loop
      vertex -12.09875482 -5.36106525 0.20000000
      vertex -12.04142134 -5.38726494 0.20000000
      vertex -12.04142134 -5.38726494 0.00000000
    endloop
  endfacet
  facet normal 0.41562982 0.90953387 0.00000000
    outer loop
      vertex -12.09875482 -5.36106525 0.20000000
      vertex -12.04142134 -5.38726494 0.00000000
      vertex -12.09875482 -5.36106525 0.00000000
    endloop
  endfacet
  facet normal 0.38321178 0.92366051 0.00000000
    outer loop
      vertex -12.04142134 -5.38726494 0.20000000
      vertex -11.98207807 -5.41188550 0.20000000
      vertex -11.98207807 -5.41188550 0.00000000
    endloop
  endfacet
  facet normal 0.38321178 0.92366051 0.00000000
    outer loop
      vertex -12.04142134 -5.38726494 0.20000000
      vertex -11.98207807 -5.41188550 0.00000000
      vertex -12.04142134 -5.38726494 0.00000000
    endloop
  endfacet
  facet normal 0.35130286 0.93626187 0.00000000
    outer loop
      vertex -11.98207807 -5.41188550 0.20000000
      vertex -11.92070429 -5.43491408 0.20000000
      vertex -11.92070429 -5.43491408 0.00000000
    endloop
  endfacet
  facet normal 0.35130286 0.93626187 0.00000000
    outer loop
      vertex -11.98207807 -5.41188550 0.20000000
      vertex -11.92070429 -5.43491408 0.00000000
      vertex -11.98207807 -5.41188550 0.00000000
    endloop
  endfacet
  facet normal 0.32000951 0.94741433 0.00000000
    outer loop
      vertex -11.92070429 -5.43491408 0.20000000
      vertex -11.85728237 -5.45633620 0.20000000
      vertex -11.85728237 -5.45633620 0.00000000
    endloop
  endfacet
  facet normal 0.32000951 0.94741433 0.00000000
    outer loop
      vertex -11.92070429 -5.43491408 0.20000000
      vertex -11.85728237 -5.45633620 0.00000000
      vertex -11.92070429 -5.43491408 0.00000000
    endloop
  endfacet
  facet normal 0.28942090 0.95720193 0.00000000
    outer loop
      vertex -11.85728237 -5.45633620 0.20000000
      vertex -11.79179777 -5.47613621 0.20000000
      vertex -11.79179777 -5.47613621 0.00000000
    endloop
  endfacet
  facet normal 0.28942090 0.95720193 0.00000000
    outer loop
      vertex -11.85728237 -5.45633620 0.20000000
      vertex -11.79179777 -5.47613621 0.00000000
      vertex -11.85728237 -5.45633620 0.00000000
    endloop
  endfacet
  facet normal 0.25960949 0.96571368 0.00000000
    outer loop
      vertex -11.79179777 -5.47613621 0.20000000
      vertex -11.72423887 -5.49429784 0.20000000
      vertex -11.72423887 -5.49429784 0.00000000
    endloop
  endfacet
  facet normal 0.25960949 0.96571368 0.00000000
    outer loop
      vertex -11.79179777 -5.47613621 0.20000000
      vertex -11.72423887 -5.49429784 0.00000000
      vertex -11.79179777 -5.47613621 0.00000000
    endloop
  endfacet
  facet normal 0.23063201 0.97304104 0.00000000
    outer loop
      vertex -11.72423887 -5.49429784 0.20000000
      vertex -11.65334821 -5.51110048 0.20000000
      vertex -11.65334821 -5.51110048 0.00000000
    endloop
  endfacet
  facet normal 0.23063201 0.97304104 0.00000000
    outer loop
      vertex -11.72423887 -5.49429784 0.20000000
      vertex -11.65334821 -5.51110048 0.00000000
      vertex -11.72423887 -5.49429784 0.00000000
    endloop
  endfacet
  facet normal 0.21646972 0.97628933 0.00000000
    outer loop
      vertex -11.65334821 -5.51110048 0.20000000
      vertex -10.46768433 -5.77399419 0.20000000
      vertex -10.46768433 -5.77399419 0.00000000
    endloop
  endfacet
  facet normal 0.21646972 0.97628933 0.00000000
    outer loop
      vertex -11.65334821 -5.51110048 0.20000000
      vertex -10.46768433 -5.77399419 0.00000000
      vertex -11.65334821 -5.51110048 0.00000000
    endloop
  endfacet
  facet normal 0.00000000 0.00000000 -1.00000000
    outer loop
      vertex -10.45389653 -5.77683068 0.20000000
      vertex -10.46768433 -5.77399419 0.20000000
      vertex -11.65334821 -5.51110048 0.20000000
    endloop
  endfacet
  facet normal 0.00000000 0.00000000 -1.00000000
    outer loop
      vertex -10.44251979 -5.77878786 0.20000000
      vertex -10.45389653 -5.77683068 0.20000000
      vertex -11.65334821 -5.51110048 0.20000000
    endloop
  endfacet
  facet normal 0.00000000 0.00000000 -1.00000000
    outer loop
      vertex -10.43230598 -5.78017581 0.20000000
      vertex -10.44251979 -5.77878786 0.20000000
      vertex -11.65334821 -5.51110048 0.20000000
    endloop
  endfacet
  facet normal 0.00000000 0.00000000 -1.00000000
    outer loop
      vertex -10.41555963 -5.78147580 0.20000000
      vertex -10.43230598 -5.78017581 0.20000000
      vertex -11.65334821 -5.51110048 0.20000000
    endloop
  endfacet
  facet normal -0.00000000 0.00000000 -1.00000000
    outer loop
      vertex -10.40399874 -5.78133661 0.20000000
      vertex -10.41555963 -5.78147580 0.20000000
      vertex -11.65334821 -5.51110048 0.20000000
    endloop
  endfacet
  facet normal 0.00000000 0.00000000 -1.00000000
    outer loop
      vertex -10.41090827 -5.75165557 0.20000000
      vertex -10.41108497 -5.76196174 0.20000000
      vertex -10.41233908 -5.77871159 0.20000000
    endloop
  endfacet
  facet normal 0.00000000 -0.00000000 -1.00000000
    outer loop
      vertex -10.41111789 -5.74011361 0.20000000
      vertex -10.41090827 -5.75165557 0.20000000
      vertex -10.41233908 -5.77871159 0.20000000
    endloop
  endfacet
  facet normal 0.00000000 -0.00000000 -1.00000000
    outer loop
      vertex -10.41183109 -5.72605514 0.20000000
      vertex -10.41111789 -5.74011361 0.20000000
      vertex -10.41233908 -5.77871159 0.20000000
    endloop
  endfacet
  facet normal 0.00000000 0.00000000 -1.00000000
    outer loop
      vertex -10.49627808 -4.44823896 0.20000000
      vertex -10.41183109 -5.72605514 0.20000000
      vertex -10.41233908 -5.77871159 0.20000000
    endloop
  endfacet
  facet normal 0.00000000 0.00000000 -1.00000000
    outer loop
      vertex -2.33940300 -3.33508399 0.20000000
      vertex -2.36254897 -3.33769596 0.20000000
      vertex -10.19726369 -4.09620901 0.20000000
    endloop
  endfacet
  facet normal 0.00000000 0.00000000 -1.00000000
    outer loop
      vertex -2.31890153 -3.33207836 0.20000000
      vertex -2.33940300 -3.33508399 0.20000000
      vertex -10.19726369 -4.09620901 0.20000000
    endloop
  endfacet
  facet normal 0.00000000 0.00000000 -1.00000000
    outer loop
      vertex -2.29967461 -3.32856320 0.20000000
      vertex -2.31890153 -3.33207836 0.20000000
      vertex -10.19726369 -4.09620901 0.20000000
    endloop
  endfacet
  facet normal 0.00000000 0.00000000 -1.00000000
    outer loop
      vertex -2.28172318 -3.32458185 0.20000000
      vertex -2.29967461 -3.32856320 0.20000000
      vertex -10.19726369 -4.09620901 0.20000000
    endloop
  endfacet
  facet normal 0.00000000 0.00000000 -1.00000000
    outer loop
      vertex -2.26504142 -3.32018107 0.20000000
      vertex -2.28172318 -3.32458185 0.20000000
      vertex -10.19726369 -4.09620901 0.20000000
    endloop
  endfacet
  facet normal 0.00000000 0.00000000 -1.00000000
    outer loop
      vertex -2.24961510 -3.31541015 0.20000000
      vertex -2.26504142 -3.32018107 0.20000000
      vertex -10.19726369 -4.09620901 0.20000000
    endloop
  endfacet
  facet normal 0.00000000 0.00000000 -1.00000000
    outer loop
      vertex -2.23541976 -3.31031949 0.20000000
      vertex -2.24961510 -3.31541015 0.20000000
      vertex -10.19726369 -4.09620901 0.20000000
    endloop
  endfacet
  facet normal 0.00000000 0.00000000 -1.00000000
    outer loop
      vertex -2.22241914 -3.30495858 0.20000000
      vertex -2.23541976 -3.31031949 0.20000000
      vertex -10.19726369 -4.09620901 0.20000000
    endloop
  endfacet
  facet normal 0.00000000 0.00000000 -1.00000000
    outer loop
      vertex -2.21056381 -3.29937335 0.20000000
      vertex -2.22241914 -3.30495858 0.20000000
      vertex -10.19726369 -4.09620901 0.20000000
    endloop
  endfacet
  facet normal 0.00000000 0.00000000 -1.00000000
    outer loop
      vertex -2.19979055 -3.29360293 0.20000000
      vertex -2.21056381 -3.29937335 0.20000000
      vertex -10.19726369 -4.09620901 0.20000000
    endloop
  endfacet
  facet normal 0.00000000 0.00000000 -1.00000000
    outer loop
      vertex -2.19002257 -3.28767599 0.20000000
      vertex -2.19979055 -3.29360293 0.20000000
      vertex -10.19726369 -4.09620901 0.20000000
    endloop
  endfacet
  facet normal 0.00000000 0.00000000 -1.00000000
    outer loop
      vertex -2.18117099 -3.28160698 0.20000000
      vertex -2.19002257 -3.28767599 0.20000000
      vertex -10.19726369 -4.09620901 0.20000000
    endloop
  endfacet
  facet normal 0.00000000 0.00000000 -1.00000000
    outer loop
      vertex -2.17313759 -3.27539269 0.20000000
      vertex -2.18117099 -3.28160698 0.20000000
      vertex -10.19726369 -4.09620901 0.20000000
    endloop
  endfacet
  facet normal 0.00000000 0.00000000 -1.00000000
    outer loop
      vertex -2.15911225 -3.26241307 0.20000000
      vertex -2.17313759 -3.27539269 0.20000000
      vertex -10.19726369 -4.09620901 0.20000000
    endloop
  endfacet
  facet normal 0.00000000 0.00000000 -1.00000000
    outer loop
      vertex -2.14715666 -3.24829777 0.20000000
      vertex -2.15911225 -3.26241307 0.20000000
      vertex -10.19726369 -4.09620901 0.20000000
    endloop
  endfacet
  facet normal 0.00000000 0.00000000 -1.00000000
    outer loop
      vertex -2.13666183 -3.23232781 0.20000000
      vertex -2.14715666 -3.24829777 0.20000000
      vertex -10.19726369 -4.09620901 0.20000000
    endloop
  endfacet
  facet normal 0.00000000 0.00000000 -1.00000000
    outer loop
      vertex -2.13185415 -3.22338136 0.20000000
      vertex -2.13666183 -3.23232781 0.20000000
      vertex -10.19726369 -4.09620901 0.20000000
    endloop
  endfacet
  facet normal 0.00000000 0.00000000 -1.00000000
    outer loop
      vertex -2.12732440 -3.21365178 0.20000000
      vertex -2.13185415 -3.22338136 0.20000000
      vertex -10.19726369 -4.09620901 0.20000000
    endloop
  endfacet
  facet normal 0.00000000 0.00000000 -1.00000000
    outer loop
      vertex -2.12308557 -3.20304168 0.20000000
      vertex -2.12732440 -3.21365178 0.20000000
      vertex -10.19726369 -4.09620901 0.20000000
    endloop
  endfacet
  facet normal 0.00000000 0.00000000 -1.00000000
    outer loop
      vertex -2.11916655 -3.19146575 0.20000000
      vertex -2.12308557 -3.20304168 0.20000000
      vertex -10.19726369 -4.09620901 0.20000000
    endloop
  endfacet
  facet normal 0.00000000 0.00000000 -1.00000000
    outer loop
      vertex -2.11560825 -3.17885297 0.20000000
      vertex -2.11916655 -3.19146575 0.20000000
      vertex -10.19726369 -4.09620901 0.20000000
    endloop
  endfacet
  facet normal 0.00000000 0.00000000 -1.00000000
    outer loop
      vertex -2.11245967 -3.16514742 0.20000000
      vertex -2.11560825 -3.17885297 0.20000000
      vertex -10.19726369 -4.09620901 0.20000000
    endloop
  endfacet
  facet normal 0.00000000 0.00000000 -1.00000000
    outer loop
      vertex -2.10977425 -3.15030792 0.20000000
      vertex -2.11245967 -3.16514742 0.20000000
      vertex -10.19726369 -4.09620901 0.20000000
    endloop
  endfacet
  facet normal 0.00000000 0.00000000 -1.00000000
    outer loop
      vertex -2.10760676 -3.13430682 0.20000000
      vertex -2.10977425 -3.15030792 0.20000000
      vertex -10.19726369 -4.09620901 0.20000000
    endloop
  endfacet
  facet normal 0.00000000 0.00000000 -1.00000000
    outer loop
      vertex -2.10601095 -3.11712831 0.20000000
      vertex -2.10760676 -3.13430682 0.20000000
      vertex -10.19726369 -4.09620901 0.20000000
    endloop
  endfacet
  facet normal 0.00000000 0.00000000 -1.00000000
    outer loop
      vertex -2.10503778 -3.09876644 0.20000000
      vertex -2.10601095 -3.11712831 0.20000000
      vertex -10.19726369 -4.09620901 0.20000000
    endloop
  endfacet
  facet normal 0.00000000 0.00000000 -1.00000000
    outer loop
      vertex -2.10473433 -3.07922319 0.20000000
      vertex -2.10503778 -3.09876644 0.20000000
      vertex -10.19726369 -4.09620901 0.20000000
    endloop
  endfacet
  facet normal 0.00000000 -0.00000000 -1.00000000
    outer loop
      vertex -2.10514319 -3.05850660 0.20000000
      vertex -2.10473433 -3.07922319 0.20000000
      vertex -10.19726369 -4.09620901 0.20000000
    endloop
  endfacet
  facet normal 0.00000000 -0.00000000 -1.00000000
    outer loop
      vertex -2.10637550 -3.03524635 0.20000000
      vertex -2.10514319 -3.05850660 0.20000000
      vertex -10.19726369 -4.09620901 0.20000000
    endloop
  endfacet
  facet normal 0.00000000 0.00000000 -1.00000000
    outer loop
      vertex -2.10637550 -3.03524635 0.20000000
      vertex -10.19726369 -4.09620901 0.20000000
      vertex -10.22447956 -4.09973154 0.20000000
    endloop
  endfacet
  facet normal 0.00000000 -0.00000000 -1.00000000
    outer loop
      vertex -2.35657749 0.59629122 0.20000000
      vertex -2.10637550 -3.03524635 0.20000000
      vertex -10.22447956 -4.09973154 0.20000000
    endloop
  endfacet
  facet normal 0.00000000 0.00000000 -1.00000000
    outer loop
      vertex -2.35657749 0.59629122 0.20000000
      vertex -10.22447956 -4.09973154 0.20000000
      vertex -10.25450441 -4.10579367 0.20000000
    endloop
  endfacet
  facet normal 0.00000000 0.00000000 -1.00000000
    outer loop
      vertex -2.35657749 0.59629122 0.20000000
      vertex -10.25450441 -4.10579367 0.20000000
      vertex -10.28460556 -4.11440167 0.20000000
    endloop
  endfacet
  facet normal 0.00000000 0.00000000 -1.00000000
    outer loop
      vertex -2.35657749 0.59629122 0.20000000
      vertex -10.28460556 -4.11440167 0.20000000
      vertex -10.31462158 -4.12594723 0.20000000
    endloop
  endfacet
  facet normal 0.00000000 0.00000000 -1.00000000
    outer loop
      vertex -2.35657749 0.59629122 0.20000000
      vertex -10.31462158 -4.12594723 0.20000000
      vertex -10.34420558 -4.14080164 0.20000000
    endloop
  endfacet
  facet normal 0.00000000 -0.00000000 -1.00000000
    outer loop
      vertex -2.35827629 0.62836489 0.20000000
      vertex -2.35657749 0.59629122 0.20000000
      vertex -10.34420558 -4.14080164 0.20000000
    endloop
  endfacet
  facet normal 0.00000000 -0.00000000 -1.00000000
    outer loop
      vertex -2.35892502 0.66138441 0.20000000
      vertex -2.35827629 0.62836489 0.20000000
      vertex -10.34420558 -4.14080164 0.20000000
    endloop
  endfacet
  facet normal 0.00000000 0.00000000 -1.00000000
    outer loop
      vertex -2.35841108 0.69398172 0.20000000
      vertex -2.35892502 0.66138441 0.20000000
      vertex -10.34420558 -4.14080164 0.20000000
    endloop
  endfacet
  facet normal 0.00000000 0.00000000 -1.00000000
    outer loop
      vertex -2.35668988 0.72616705 0.20000000
      vertex -2.35841108 0.69398172 0.20000000
      vertex -10.34420558 -4.14080164 0.20000000
    endloop
  endfacet
  facet normal 0.00000000 0.00000000 -1.00000000
    outer loop
      vertex -2.35371174 0.75794449 0.20000000
      vertex -2.35668988 0.72616705 0.20000000
      vertex -10.34420558 -4.14080164 0.20000000
    endloop
  endfacet
  facet normal 0.00000000 0.00000000 -1.00000000
    outer loop
      vertex -2.34942245 0.78930990 0.20000000
      vertex -2.35371174 0.75794449 0.20000000
      vertex -10.34420558 -4.14080164 0.20000000
    endloop
  endfacet
  facet normal 0.00000000 0.00000000 -1.00000000
    outer loop
      vertex -2.34376435 0.82024874 0.20000000
      vertex -2.34942245 0.78930990 0.20000000
      vertex -10.34420558 -4.14080164 0.20000000
    endloop
  endfacet
  facet normal 0.00000000 0.00000000 -1.00000000
    outer loop
      vertex -2.33667818 0.85073377 0.20000000
      vertex -2.34376435 0.82024874 0.20000000
      vertex -10.34420558 -4.14080164 0.20000000
    endloop
  endfacet
  facet normal 0.00000000 0.00000000 -1.00000000
    outer loop
      vertex -2.32810559 0.88072304 0.20000000
      vertex -2.33667818 0.85073377 0.20000000
      vertex -10.34420558 -4.14080164 0.20000000
    endloop
  endfacet
  facet normal 0.00000000 0.00000000 -1.00000000
    outer loop
      vertex -2.31799260 0.91015836 0.20000000
      vertex -2.32810559 0.88072304 0.20000000
      vertex -10.34420558 -4.14080164 0.20000000
    endloop
  endfacet
  facet normal 0.00000000 0.00000000 -1.00000000
    outer loop
      vertex -2.30629365 0.93896469 0.20000000
      vertex -2.31799260 0.91015836 0.20000000
      vertex -10.34420558 -4.14080164 0.20000000
    endloop
  endfacet
  facet normal 0.00000000 0.00000000 -1.00000000
    outer loop
      vertex -2.29297617 0.96705089 0.20000000
      vertex -2.30629365 0.93896469 0.20000000
      vertex -10.34420558 -4.14080164 0.20000000
    endloop
  endfacet
  facet normal 0.00000000 0.00000000 -1.00000000
    outer loop
      vertex -2.27802499 0.99431205 0.20000000
      vertex -2.29297617 0.96705089 0.20000000
      vertex -10.34420558 -4.14080164 0.20000000
    endloop
  endfacet
  facet normal 0.00000000 0.00000000 -1.00000000
    outer loop
      vertex -2.26144620 1.02063358 0.20000000
      vertex -2.27802499 0.99431205 0.20000000
      vertex -10.34420558 -4.14080164 0.20000000
    endloop
  endfacet
  facet normal 0.00000000 0.00000000 -1.00000000
    outer loop
      vertex -2.24326957 1.04589693 0.20000000
      vertex -2.26144620 1.02063358 0.20000000
      vertex -10.34420558 -4.14080164 0.20000000
    endloop
  endfacet
  facet normal 0.00000000 0.00000000 -1.00000000
    outer loop
      vertex -2.22354903 1.06998625 0.20000000
      vertex -2.24326957 1.04589693 0.20000000
      vertex -10.34420558 -4.14080164 0.20000000
    endloop
  endfacet
  facet normal 0.00000000 0.00000000 -1.00000000
    outer loop
      vertex -2.20236092 1.09279545 0.20000000
      vertex -2.22354903 1.06998625 0.20000000
      vertex -10.34420558 -4.14080164 0.20000000
    endloop
  endfacet
  facet normal 0.00000000 0.00000000 -1.00000000
    outer loop
      vertex -2.17980001 1.11423447 0.20000000
      vertex -2.20236092 1.09279545 0.20000000
      vertex -10.34420558 -4.14080164 0.20000000
    endloop
  endfacet
  facet normal 0.00000000 0.00000000 -1.00000000
    outer loop
      vertex -2.15597371 1.13423415 0.20000000
      vertex -2.17980001 1.11423447 0.20000000
      vertex -10.34420558 -4.14080164 0.20000000
    endloop
  endfacet
  facet normal 0.00000000 0.00000000 -1.00000000
    outer loop
      vertex -2.13099548 1.15274890 0.20000000
      vertex -2.15597371 1.13423415 0.20000000
      vertex -10.34420558 -4.14080164 0.20000000
    endloop
  endfacet
  facet normal 0.00000000 0.00000000 -1.00000000
    outer loop
      vertex -2.13099548 1.15274890 0.20000000
      vertex -10.34420558 -4.14080164 0.20000000
      vertex -10.37280007 -4.15922468 0.20000000
    endloop
  endfacet
  facet normal 0.00000000 0.00000000 -1.00000000
    outer loop
      vertex -2.10497798 1.16975713 0.20000000
      vertex -2.13099548 1.15274890 0.20000000
      vertex -10.37280007 -4.15922468 0.20000000
    endloop
  endfacet
  facet normal 0.00000000 0.00000000 -1.00000000
    outer loop
      vertex 12.98561704 2.26330935 0.20000000
      vertex 12.95326108 2.26060799 0.20000000
      vertex -1.77230753 1.26611035 0.20000000
    endloop
  endfacet
  facet normal 0.00000000 0.00000000 -1.00000000
    outer loop
      vertex 13.01491221 2.26674171 0.20000000
      vertex 12.98561704 2.26330935 0.20000000
      vertex -1.77230753 1.26611035 0.20000000
    endloop
  endfacet
  facet normal 0.00000000 0.00000000 -1.00000000
    outer loop
      vertex 13.04251046 2.27097597 0.20000000
      vertex 13.01491221 2.26674171 0.20000000
      vertex -1.77230753 1.26611035 0.20000000
    endloop
  endfacet
  facet normal 0.00000000 0.00000000 -1.00000000
    outer loop
      vertex 13.06840387 2.27596251 0.20000000
      vertex 13.04251046 2.27097597 0.20000000
      vertex -1.77230753 1.26611035 0.20000000
    endloop
  endfacet
  facet normal 0.00000000 0.00000000 -1.00000000
    outer loop
      vertex 13.09259156 2.28164635 0.20000000
      vertex 13.06840387 2.27596251 0.20000000
      vertex -1.77230753 1.26611035 0.20000000
    endloop
  endfacet
  facet normal 0.00000000 0.00000000 -1.00000000
    outer loop
      vertex 13.11508196 2.28796790 0.20000000
      vertex 13.09259156 2.28164635 0.20000000
      vertex -1.77230753 1.26611035 0.20000000
    endloop
  endfacet
  facet normal 0.00000000 0.00000000 -1.00000000
    outer loop
      vertex 13.13589541 2.29486432 0.20000000
      vertex 13.11508196 2.28796790 0.20000000
      vertex -1.77230753 1.26611035 0.20000000
    endloop
  endfacet
  facet normal 0.00000000 0.00000000 -1.00000000
    outer loop
      vertex 13.15506673 2.30227184 0.20000000
      vertex 13.13589541 2.29486432 0.20000000
      vertex -1.77230753 1.26611035 0.20000000
    endloop
  endfacet
  facet normal 0.00000000 0.00000000 -1.00000000
    outer loop
      vertex 13.17264752 2.31012896 0.20000000
      vertex 13.15506673 2.30227184 0.20000000
      vertex -1.77230753 1.26611035 0.20000000
    endloop
  endfacet
  facet normal 0.00000000 0.00000000 -1.00000000
    outer loop
      vertex 13.18870788 2.31838072 0.20000000
      vertex 13.17264752 2.31012896 0.20000000
      vertex -1.77230753 1.26611035 0.20000000
    endloop
  endfacet
  facet normal 0.00000000 0.00000000 -1.00000000
    outer loop
      vertex 13.20333682 2.32698380 0.20000000
      vertex 13.18870788 2.31838072 0.20000000
      vertex -1.77230753 1.26611035 0.20000000
    endloop
  endfacet
  facet normal 0.00000000 0.00000000 -1.00000000
    outer loop
      vertex 13.21664112 2.33591212 0.20000000
      vertex 13.20333682 2.32698380 0.20000000
      vertex -1.77230753 1.26611035 0.20000000
    endloop
  endfacet
  facet normal 0.00000000 0.00000000 -1.00000000
    outer loop
      vertex 13.22874189 2.34516223 0.20000000
      vertex 13.21664112 2.33591212 0.20000000
      vertex -1.77230753 1.26611035 0.20000000
    endloop
  endfacet
  facet normal 0.00000000 0.00000000 -1.00000000
    outer loop
      vertex 13.23976915 2.35475768 0.20000000
      vertex 13.22874189 2.34516223 0.20000000
      vertex -1.77230753 1.26611035 0.20000000
    endloop
  endfacet
  facet normal 0.00000000 0.00000000 -1.00000000
    outer loop
      vertex 13.24985426 2.36475136 0.20000000
      vertex 13.23976915 2.35475768 0.20000000
      vertex -1.77230753 1.26611035 0.20000000
    endloop
  endfacet
  facet normal 0.00000000 0.00000000 -1.00000000
    outer loop
      vertex 13.25912136 2.37522514 0.20000000
      vertex 13.24985426 2.36475136 0.20000000
      vertex -1.77230753 1.26611035 0.20000000
    endloop
  endfacet
  facet normal 0.00000000 0.00000000 -1.00000000
    outer loop
      vertex 13.26767875 2.38628634 0.20000000
      vertex 13.25912136 2.37522514 0.20000000
      vertex -1.77230753 1.26611035 0.20000000
    endloop
  endfacet
  facet normal 0.00000000 0.00000000 -1.00000000
    outer loop
      vertex 13.27561164 2.39806141 0.20000000
      vertex 13.26767875 2.38628634 0.20000000
      vertex -1.77230753 1.26611035 0.20000000
    endloop
  endfacet
  facet normal 0.00000000 0.00000000 -1.00000000
    outer loop
      vertex 13.28297725 2.41068761 0.20000000
      vertex 13.27561164 2.39806141 0.20000000
      vertex -1.77230753 1.26611035 0.20000000
    endloop
  endfacet
  facet normal 0.00000000 0.00000000 -1.00000000
    outer loop
      vertex 13.28980297 2.42430389 0.20000000
      vertex 13.28297725 2.41068761 0.20000000
      vertex -1.77230753 1.26611035 0.20000000
    endloop
  endfacet
  facet normal 0.00000000 0.00000000 -1.00000000
    outer loop
      vertex 13.29608766 2.43904233 0.20000000
      vertex 13.28980297 2.42430389 0.20000000
      vertex -1.77230753 1.26611035 0.20000000
    endloop
  endfacet
  facet normal 0.00000000 0.00000000 -1.00000000
    outer loop
      vertex 13.30180528 2.45502131 0.20000000
      vertex 13.29608766 2.43904233 0.20000000
      vertex -1.77230753 1.26611035 0.20000000
    endloop
  endfacet
  facet normal 0.00000000 0.00000000 -1.00000000
    outer loop
      vertex 13.30691027 2.47234083 0.20000000
      vertex 13.30180528 2.45502131 0.20000000
      vertex -1.77230753 1.26611035 0.20000000
    endloop
  endfacet
  facet normal 0.00000000 0.00000000 -1.00000000
    outer loop
      vertex 13.31134342 2.49108025 0.20000000
      vertex 13.30691027 2.47234083 0.20000000
      vertex -1.77230753 1.26611035 0.20000000
    endloop
  endfacet
  facet normal 0.00000000 0.00000000 -1.00000000
    outer loop
      vertex 13.31503766 2.51129814 0.20000000
      vertex 13.31134342 2.49108025 0.20000000
      vertex -1.77230753 1.26611035 0.20000000
    endloop
  endfacet
  facet normal 0.00000000 0.00000000 -1.00000000
    outer loop
      vertex 13.31792292 2.53303373 0.20000000
      vertex 13.31503766 2.51129814 0.20000000
      vertex -1.77230753 1.26611035 0.20000000
    endloop
  endfacet
  facet normal 0.00000000 0.00000000 -1.00000000
    outer loop
      vertex 13.31792292 2.53303373 0.20000000
      vertex -1.77230753 1.26611035 0.20000000
      vertex -1.80431477 1.26343780 0.20000000
    endloop
  endfacet
  facet normal 0.00000000 0.00000000 -1.00000000
    outer loop
      vertex 13.31993003 2.55630929 0.20000000
      vertex 13.31792292 2.53303373 0.20000000
      vertex -1.80431477 1.26343780 0.20000000
    endloop
  endfacet
  facet normal 0.00000000 0.00000000 -1.00000000
    outer loop
      vertex 13.32099349 2.58113305 0.20000000
      vertex 13.31993003 2.55630929 0.20000000
      vertex -1.80431477 1.26343780 0.20000000
    endloop
  endfacet
  facet normal 0.00000000 0.00000000 -1.00000000
    outer loop
      vertex 13.32105316 2.60750218 0.20000000
      vertex 13.32099349 2.58113305 0.20000000
      vertex -1.80431477 1.26343780 0.20000000
    endloop
  endfacet
  facet normal 0.00000000 -0.00000000 -1.00000000
    outer loop
      vertex 13.32005519 2.63540552 0.20000000
      vertex 13.32105316 2.60750218 0.20000000
      vertex -1.80431477 1.26343780 0.20000000
    endloop
  endfacet
  facet normal 0.00000000 -0.00000000 -1.00000000
    outer loop
      vertex 13.31795233 2.66482602 0.20000000
      vertex 13.32005519 2.63540552 0.20000000
      vertex -1.80431477 1.26343780 0.20000000
    endloop
  endfacet
  facet normal 0.00000000 -0.00000000 -1.00000000
    outer loop
      vertex 13.31455935 2.69711678 0.20000000
      vertex 13.31795233 2.66482602 0.20000000
      vertex -1.80431477 1.26343780 0.20000000
    endloop
  endfacet
  facet normal 0.00000000 -0.00000000 -1.00000000
    outer loop
      vertex 12.95204857 5.68956243 0.20000000
      vertex 13.31455935 2.69711678 0.20000000
      vertex -1.80431477 1.26343780 0.20000000
    endloop
  endfacet
  facet normal 0.00000000 0.00000000 -1.00000000
    outer loop
      vertex 12.95204857 5.68956243 0.20000000
      vertex -1.80431477 1.26343780 0.20000000
      vertex -1.83711651 1.25959645 0.20000000
    endloop
  endfacet
  facet normal 0.00000000 0.00000000 -1.00000000
    outer loop
      vertex 12.95204857 5.68956243 0.20000000
      vertex -1.83711651 1.25959645 0.20000000
      vertex -1.86934205 1.25466054 0.20000000
    endloop
  endfacet
  facet normal 0.00000000 0.00000000 -1.00000000
    outer loop
      vertex 12.95204857 5.68956243 0.20000000
      vertex -1.86934205 1.25466054 0.20000000
      vertex -1.90099548 1.24858450 0.20000000
    endloop
  endfacet
  facet normal 0.00000000 0.00000000 -1.00000000
    outer loop
      vertex 12.95204857 5.68956243 0.20000000
      vertex -1.90099548 1.24858450 0.20000000
      vertex -1.93207411 1.24131856 0.20000000
    endloop
  endfacet
  facet normal 0.00000000 0.00000000 -1.00000000
    outer loop
      vertex 12.95204857 5.68956243 0.20000000
      vertex -1.93207411 1.24131856 0.20000000
      vertex -1.96256647 1.23280957 0.20000000
    endloop
  endfacet
  facet normal 0.00000000 -0.00000000 -1.00000000
    outer loop
      vertex 12.95014114 5.70345717 0.20000000
      vertex 12.95204857 5.68956243 0.20000000
      vertex -1.96256647 1.23280957 0.20000000
    endloop
  endfacet
  facet normal 0.00000000 -0.00000000 -1.00000000
    outer loop
      vertex 12.94817057 5.71495399 0.20000000
      vertex 12.95014114 5.70345717 0.20000000
      vertex -1.96256647 1.23280957 0.20000000
    endloop
  endfacet
  facet normal 0.00000000 -0.00000000 -1.00000000
    outer loop
      vertex 12.94599247 5.72541354 0.20000000
      vertex 12.94817057 5.71495399 0.20000000
      vertex -1.96256647 1.23280957 0.20000000
    endloop
  endfacet
  facet normal 0.00000000 -0.00000000 -1.00000000
    outer loop
      vertex 12.94121296 5.74321162 0.20000000
      vertex 12.94599247 5.72541354 0.20000000
      vertex -1.96256647 1.23280957 0.20000000
    endloop
  endfacet
  facet normal 0.00000000 -0.00000000 -1.00000000
    outer loop
      vertex 12.93624132 5.75691833 0.20000000
      vertex 12.94121296 5.74321162 0.20000000
      vertex -1.96256647 1.23280957 0.20000000
    endloop
  endfacet
  facet normal 0.00000000 -0.00000000 -1.00000000
    outer loop
      vertex 12.93154503 5.76678724 0.20000000
      vertex 12.93624132 5.75691833 0.20000000
      vertex -1.96256647 1.23280957 0.20000000
    endloop
  endfacet
  facet normal 0.00000000 -0.00000000 -1.00000000
    outer loop
      vertex 12.92585650 5.77556691 0.20000000
      vertex 12.93154503 5.76678724 0.20000000
      vertex -1.96256647 1.23280957 0.20000000
    endloop
  endfacet
  facet normal 0.00000000 -0.00000000 -1.00000000
    outer loop
      vertex 12.91695429 5.78290462 0.20000000
      vertex 12.92585650 5.77556691 0.20000000
      vertex -1.96256647 1.23280957 0.20000000
    endloop
  endfacet
  facet normal 0.00000000 -0.00000000 -1.00000000
    outer loop
      vertex 12.90490031 5.78688399 0.20000000
      vertex 12.91695429 5.78290462 0.20000000
      vertex -1.96256647 1.23280957 0.20000000
    endloop
  endfacet
  facet normal 0.00000000 -0.00000000 -1.00000000
    outer loop
      vertex 12.89412083 5.78868767 0.20000000
      vertex 12.90490031 5.78688399 0.20000000
      vertex -1.96256647 1.23280957 0.20000000
    endloop
  endfacet
  facet normal 0.00000000 -0.00000000 -1.00000000
    outer loop
      vertex 12.87957563 5.78970153 0.20000000
      vertex 12.89412083 5.78868767 0.20000000
      vertex -1.96256647 1.23280957 0.20000000
    endloop
  endfacet
  facet normal 0.00000000 -0.00000000 -1.00000000
    outer loop
      vertex 12.86114933 5.78940641 0.20000000
      vertex 12.87957563 5.78970153 0.20000000
      vertex -1.96256647 1.23280957 0.20000000
    endloop
  endfacet
  facet normal 0.00000000 -0.00000000 -1.00000000
    outer loop
      vertex 12.85049390 5.78862653 0.20000000
      vertex 12.86114933 5.78940641 0.20000000
      vertex -1.96256647 1.23280957 0.20000000
    endloop
  endfacet
  facet normal 0.00000000 -0.00000000 -1.00000000
    outer loop
      vertex 12.83889816 5.78736208 0.20000000
      vertex 12.85049390 5.78862653 0.20000000
      vertex -1.96256647 1.23280957 0.20000000
    endloop
  endfacet
  facet normal 0.00000000 -0.00000000 -1.00000000
    outer loop
      vertex 12.82501416 5.78537802 0.20000000
      vertex 12.83889816 5.78736208 0.20000000
      vertex -1.96256647 1.23280957 0.20000000
    endloop
  endfacet
  facet normal 0.00000000 0.00000000 -1.00000000
    outer loop
      vertex -10.37820233 2.09293225 0.20000000
      vertex 12.82501416 5.78537802 0.20000000
      vertex -1.96256647 1.23280957 0.20000000
    endloop
  endfacet
  facet normal 0.00000000 0.00000000 -1.00000000
    outer loop
      vertex -10.37820233 2.09293225 0.20000000
      vertex -1.96256647 1.23280957 0.20000000
      vertex -1.99245032 1.22300238 0.20000000
    endloop
  endfacet
  facet normal 0.00000000 0.00000000 -1.00000000
    outer loop
      vertex -10.37820233 2.09293225 0.20000000
      vertex -1.99245032 1.22300238 0.20000000
      vertex -2.02169064 1.21184197 0.20000000
    endloop
  endfacet
  facet normal 0.00000000 0.00000000 -1.00000000
    outer loop
      vertex -10.37820233 2.09293225 0.20000000
      vertex -2.02169064 1.21184197 0.20000000
      vertex -2.05023794 1.19927625 0.20000000
    endloop
  endfacet
  facet normal 0.00000000 0.00000000 -1.00000000
    outer loop
      vertex -10.37820233 2.09293225 0.20000000
      vertex -2.05023794 1.19927625 0.20000000
      vertex -2.07802723 1.18525961 0.20000000
    endloop
  endfacet
  facet normal 0.00000000 0.00000000 -1.00000000
    outer loop
      vertex -10.37820233 2.09293225 0.20000000
      vertex -2.07802723 1.18525961 0.20000000
      vertex -2.10497798 1.16975713 0.20000000
    endloop
  endfacet
  facet normal 0.00000000 0.00000000 -1.00000000
    outer loop
      vertex -10.37820233 2.09293225 0.20000000
      vertex -2.10497798 1.16975713 0.20000000
      vertex -10.37280007 -4.15922468 0.20000000
    endloop
  endfacet
  facet normal 0.00000000 -0.00000000 -1.00000000
    outer loop
      vertex -10.37820233 2.09293225 0.20000000
      vertex -10.37280007 -4.15922468 0.20000000
      vertex -10.39966885 -4.18125421 0.20000000
    endloop
  endfacet
  facet normal 0.00000000 0.00000000 -1.00000000
    outer loop
      vertex -10.37820233 2.09293225 0.20000000
      vertex -10.39966885 -4.18125421 0.20000000
      vertex -10.42400589 -4.20662053 0.20000000
    endloop
  endfacet
  facet normal 0.00000000 0.00000000 -1.00000000
    outer loop
      vertex -10.37820233 2.09293225 0.20000000
      vertex -10.42400589 -4.20662053 0.20000000
      vertex -10.44510052 -4.23474096 0.20000000
    endloop
  endfacet
  facet normal 0.00000000 0.00000000 -1.00000000
    outer loop
      vertex -10.37820233 2.09293225 0.20000000
      vertex -10.44510052 -4.23474096 0.20000000
      vertex -10.46249271 -4.26481991 0.20000000
    endloop
  endfacet
  facet normal 0.00000000 0.00000000 -1.00000000
    outer loop
      vertex -10.37820233 2.09293225 0.20000000
      vertex -10.46249271 -4.26481991 0.20000000
      vertex -10.47604672 -4.29601835 0.20000000
    endloop
  endfacet
  facet normal 0.00000000 0.00000000 -1.00000000
    outer loop
      vertex -10.37820233 2.09293225 0.20000000
      vertex -10.47604672 -4.29601835 0.20000000
      vertex -10.48591902 -4.32761588 0.20000000
    endloop
  endfacet
  facet normal 0.00000000 0.00000000 -1.00000000
    outer loop
      vertex -10.37820233 2.09293225 0.20000000
      vertex -10.48591902 -4.32761588 0.20000000
      vertex -10.49245617 -4.35910440 0.20000000
    endloop
  endfacet
  facet normal 0.00000000 0.00000000 -1.00000000
    outer loop
      vertex -10.37820233 2.09293225 0.20000000
      vertex -10.49245617 -4.35910440 0.20000000
      vertex -10.49608068 -4.39020167 0.20000000
    endloop
  endfacet
  facet normal 0.00000000 0.00000000 -1.00000000
    outer loop
      vertex -10.37820233 2.09293225 0.20000000
      vertex -10.49608068 -4.39020167 0.20000000
      vertex -10.49720522 -4.42081174 0.20000000
    endloop
  endfacet
  facet normal 0.00000000 -0.00000000 -1.00000000
    outer loop
      vertex -10.44970270 2.08072736 0.20000000
      vertex -10.37820233 2.09293225 0.20000000
      vertex -10.49720522 -4.42081174 0.20000000
    endloop
  endfacet
  facet normal 0.00000000 0.00000000 -1.00000000
    outer loop
      vertex -10.51918017 2.06722917 0.20000000
      vertex -10.44970270 2.08072736 0.20000000
      vertex -10.49720522 -4.42081174 0.20000000
    endloop
  endfacet
  facet normal 0.00000000 0.00000000 -1.00000000
    outer loop
      vertex -10.58762951 2.05227289 0.20000000
      vertex -10.51918017 2.06722917 0.20000000
      vertex -10.49720522 -4.42081174 0.20000000
    endloop
  endfacet
  facet normal 0.00000000 0.00000000 -1.00000000
    outer loop
      vertex -10.65505682 2.03586224 0.20000000
      vertex -10.58762951 2.05227289 0.20000000
      vertex -10.49720522 -4.42081174 0.20000000
    endloop
  endfacet
  facet normal 0.00000000 0.00000000 -1.00000000
    outer loop
      vertex -10.72146880 2.01800053 0.20000000
      vertex -10.65505682 2.03586224 0.20000000
      vertex -10.49720522 -4.42081174 0.20000000
    endloop
  endfacet
  facet normal 0.00000000 0.00000000 -1.00000000
    outer loop
      vertex -10.72146880 2.01800053 0.20000000
      vertex -10.49720522 -4.42081174 0.20000000
      vertex -10.49627808 -4.44823896 0.20000000
    endloop
  endfacet
  facet normal 0.00000000 0.00000000 -1.00000000
    outer loop
      vertex -10.78687263 1.99869062 0.20000000
      vertex -10.72146880 2.01800053 0.20000000
      vertex -10.49627808 -4.44823896 0.20000000
    endloop
  endfacet
  facet normal 0.00000000 0.00000000 -1.00000000
    outer loop
      vertex -10.85127603 1.97793483 0.20000000
      vertex -10.78687263 1.99869062 0.20000000
      vertex -10.49627808 -4.44823896 0.20000000
    endloop
  endfacet
  facet normal 0.00000000 0.00000000 -1.00000000
    outer loop
      vertex -10.91468716 1.95573488 0.20000000
      vertex -10.85127603 1.97793483 0.20000000
      vertex -10.49627808 -4.44823896 0.20000000
    endloop
  endfacet
  facet normal 0.00000000 0.00000000 -1.00000000
    outer loop
      vertex -10.91468716 1.95573488 0.20000000
      vertex -10.49627808 -4.44823896 0.20000000
      vertex -10.41233908 -5.77871159 0.20000000
    endloop
  endfacet
  facet normal 0.00000000 0.00000000 -1.00000000
    outer loop
      vertex -10.97711454 1.93209185 0.20000000
      vertex -10.91468716 1.95573488 0.20000000
      vertex -10.41233908 -5.77871159 0.20000000
    endloop
  endfacet
  facet normal 0.00000000 0.00000000 -1.00000000
    outer loop
      vertex -11.03856706 1.90700614 0.20000000
      vertex -10.97711454 1.93209185 0.20000000
      vertex -10.41233908 -5.77871159 0.20000000
    endloop
  endfacet
  facet normal 0.00000000 0.00000000 -1.00000000
    outer loop
      vertex -11.09905381 1.88047738 0.20000000
      vertex -11.03856706 1.90700614 0.20000000
      vertex -10.41233908 -5.77871159 0.20000000
    endloop
  endfacet
  facet normal 0.00000000 0.00000000 -1.00000000
    outer loop
      vertex -11.15858406 1.85250447 0.20000000
      vertex -11.09905381 1.88047738 0.20000000
      vertex -10.41233908 -5.77871159 0.20000000
    endloop
  endfacet
  facet normal 0.00000000 0.00000000 -1.00000000
    outer loop
      vertex -11.21716715 1.82308552 0.20000000
      vertex -11.15858406 1.85250447 0.20000000
      vertex -10.41233908 -5.77871159 0.20000000
    endloop
  endfacet
  facet normal 0.00000000 0.00000000 -1.00000000
    outer loop
      vertex -11.27481237 1.79221787 0.20000000
      vertex -11.21716715 1.82308552 0.20000000
      vertex -10.41233908 -5.77871159 0.20000000
    endloop
  endfacet
  facet normal 0.00000000 0.00000000 -1.00000000
    outer loop
      vertex -11.33152890 1.75989806 0.20000000
      vertex -11.27481237 1.79221787 0.20000000
      vertex -10.41233908 -5.77871159 0.20000000
    endloop
  endfacet
  facet normal 0.00000000 0.00000000 -1.00000000
    outer loop
      vertex -11.38732567 1.72612190 0.20000000
      vertex -11.33152890 1.75989806 0.20000000
      vertex -10.41233908 -5.77871159 0.20000000
    endloop
  endfacet
  facet normal 0.00000000 0.00000000 -1.00000000
    outer loop
      vertex -11.44221131 1.69088448 0.20000000
      vertex -11.38732567 1.72612190 0.20000000
      vertex -10.41233908 -5.77871159 0.20000000
    endloop
  endfacet
  facet normal 0.00000000 0.00000000 -1.00000000
    outer loop
      vertex -11.49619401 1.65418023 0.20000000
      vertex -11.44221131 1.69088448 0.20000000
      vertex -10.41233908 -5.77871159 0.20000000
    endloop
  endfacet
  facet normal 0.00000000 0.00000000 -1.00000000
    outer loop
      vertex -11.54928148 1.61600296 0.20000000
      vertex -11.49619401 1.65418023 0.20000000
      vertex -10.41233908 -5.77871159 0.20000000
    endloop
  endfacet
  facet normal 0.00000000 0.00000000 -1.00000000
    outer loop
      vertex -11.60148084 1.57634594 0.20000000
      vertex -11.54928148 1.61600296 0.20000000
      vertex -10.41233908 -5.77871159 0.20000000
    endloop
  endfacet
  facet normal 0.00000000 0.00000000 -1.00000000
    outer loop
      vertex -11.60148084 1.57634594 0.20000000
      vertex -10.41233908 -5.77871159 0.20000000
      vertex -10.41056786 -5.78970153 0.20000000
    endloop
  endfacet
  facet normal 0.00000000 0.00000000 -1.00000000
    outer loop
      vertex -11.65279860 1.53520202 0.20000000
      vertex -11.60148084 1.57634594 0.20000000
      vertex -10.41056786 -5.78970153 0.20000000
    endloop
  endfacet
  facet normal 0.00000000 0.00000000 -1.00000000
    outer loop
      vertex -11.70324055 1.49256363 0.20000000
      vertex -11.65279860 1.53520202 0.20000000
      vertex -10.41056786 -5.78970153 0.20000000
    endloop
  endfacet
  facet normal 0.00000000 0.00000000 -1.00000000
    outer loop
      vertex -11.75281176 1.44842295 0.20000000
      vertex -11.70324055 1.49256363 0.20000000
      vertex -10.41056786 -5.78970153 0.20000000
    endloop
  endfacet
  facet normal 0.00000000 0.00000000 -1.00000000
    outer loop
      vertex -11.80151656 1.40277195 0.20000000
      vertex -11.75281176 1.44842295 0.20000000
      vertex -10.41056786 -5.78970153 0.20000000
    endloop
  endfacet
  facet normal 0.00000000 0.00000000 -1.00000000
    outer loop
      vertex -11.84935851 1.35560250 0.20000000
      vertex -11.80151656 1.40277195 0.20000000
      vertex -10.41056786 -5.78970153 0.20000000
    endloop
  endfacet
  facet normal 0.00000000 0.00000000 -1.00000000
    outer loop
      vertex -11.89634038 1.30690646 0.20000000
      vertex -11.84935851 1.35560250 0.20000000
      vertex -10.41056786 -5.78970153 0.20000000
    endloop
  endfacet
  facet normal 0.00000000 0.00000000 -1.00000000
    outer loop
      vertex -11.94246423 1.25667574 0.20000000
      vertex -11.89634038 1.30690646 0.20000000
      vertex -10.41056786 -5.78970153 0.20000000
    endloop
  endfacet
  facet normal 0.00000000 0.00000000 -1.00000000
    outer loop
      vertex -11.98773135 1.20490241 0.20000000
      vertex -11.94246423 1.25667574 0.20000000
      vertex -10.41056786 -5.78970153 0.20000000
    endloop
  endfacet
  facet normal 0.00000000 0.00000000 -1.00000000
    outer loop
      vertex -12.03214237 1.15157874 0.20000000
      vertex -11.98773135 1.20490241 0.20000000
      vertex -10.41056786 -5.78970153 0.20000000
    endloop
  endfacet
  facet normal 0.00000000 0.00000000 -1.00000000
    outer loop
      vertex -12.07569723 1.09669727 0.20000000
      vertex -12.03214237 1.15157874 0.20000000
      vertex -10.41056786 -5.78970153 0.20000000
    endloop
  endfacet
  facet normal 0.00000000 0.00000000 -1.00000000
    outer loop
      vertex -12.11839529 1.04025087 0.20000000
      vertex -12.07569723 1.09669727 0.20000000
      vertex -10.41056786 -5.78970153 0.20000000
    endloop
  endfacet
  facet normal 0.00000000 0.00000000 -1.00000000
    outer loop
      vertex -12.16082234 0.98141883 0.20000000
      vertex -12.11839529 1.04025087 0.20000000
      vertex -10.41056786 -5.78970153 0.20000000
    endloop
  endfacet
  facet normal 0.00000000 0.00000000 -1.00000000
    outer loop
      vertex -12.62678201 0.31971656 0.20000000
      vertex -12.16082234 0.98141883 0.20000000
      vertex -10.41056786 -5.78970153 0.20000000
    endloop
  endfacet
  facet normal 0.00000000 0.00000000 -1.00000000
    outer loop
      vertex -12.68349495 0.23723076 0.20000000
      vertex -12.62678201 0.31971656 0.20000000
      vertex -10.41056786 -5.78970153 0.20000000
    endloop
  endfacet
  facet normal 0.00000000 0.00000000 -1.00000000
    outer loop
      vertex -12.73722844 0.15514363 0.20000000
      vertex -12.68349495 0.23723076 0.20000000
      vertex -10.41056786 -5.78970153 0.20000000
    endloop
  endfacet
  facet normal 0.00000000 0.00000000 -1.00000000
    outer loop
      vertex -12.78855536 0.07263047 0.20000000
      vertex -12.73722844 0.15514363 0.20000000
      vertex -10.41056786 -5.78970153 0.20000000
    endloop
  endfacet
  facet normal 0.00000000 0.00000000 -1.00000000
    outer loop
      vertex -12.83748253 -0.01031051 0.20000000
      vertex -12.78855536 0.07263047 0.20000000
      vertex -10.41056786 -5.78970153 0.20000000
    endloop
  endfacet
  facet normal 0.00000000 0.00000000 -1.00000000
    outer loop
      vertex -12.88401687 -0.09368177 0.20000000
      vertex -12.83748253 -0.01031051 0.20000000
      vertex -10.41056786 -5.78970153 0.20000000
    endloop
  endfacet
  facet normal 0.00000000 0.00000000 -1.00000000
    outer loop
      vertex -12.92816533 -0.17748646 0.20000000
      vertex -12.88401687 -0.09368177 0.20000000
      vertex -10.41056786 -5.78970153 0.20000000
    endloop
  endfacet
  facet normal 0.00000000 0.00000000 -1.00000000
    outer loop
      vertex -12.96993482 -0.26172847 0.20000000
      vertex -12.92816533 -0.17748646 0.20000000
      vertex -10.41056786 -5.78970153 0.20000000
    endloop
  endfacet
  facet normal 0.00000000 0.00000000 -1.00000000
    outer loop
      vertex -13.00933214 -0.34641238 0.20000000
      vertex -12.96993482 -0.26172847 0.20000000
      vertex -10.41056786 -5.78970153 0.20000000
    endloop
  endfacet
  facet normal 0.00000000 0.00000000 -1.00000000
    outer loop
      vertex -13.04636390 -0.43154348 0.20000000
      vertex -13.00933214 -0.34641238 0.20000000
      vertex -10.41056786 -5.78970153 0.20000000
    endloop
  endfacet
  facet normal 0.00000000 0.00000000 -1.00000000
    outer loop
      vertex -13.08103645 -0.51712777 0.20000000
      vertex -13.04636390 -0.43154348 0.20000000
      vertex -10.41056786 -5.78970153 0.20000000
    endloop
  endfacet
  facet normal 0.00000000 0.00000000 -1.00000000
    outer loop
      vertex -13.11335576 -0.60317192 0.20000000
      vertex -13.08103645 -0.51712777 0.20000000
      vertex -10.41056786 -5.78970153 0.20000000
    endloop
  endfacet
  facet normal 0.00000000 0.00000000 -1.00000000
    outer loop
      vertex -13.14332742 -0.68968321 0.20000000
      vertex -13.11335576 -0.60317192 0.20000000
      vertex -10.41056786 -5.78970153 0.20000000
    endloop
  endfacet
  facet normal 0.00000000 0.00000000 -1.00000000
    outer loop
      vertex -13.17095646 -0.77666952 0.20000000
      vertex -13.14332742 -0.68968321 0.20000000
      vertex -10.41056786 -5.78970153 0.20000000
    endloop
  endfacet
  facet normal 0.00000000 0.00000000 -1.00000000
    outer loop
      vertex -13.19624740 -0.86413923 0.20000000
      vertex -13.17095646 -0.77666952 0.20000000
      vertex -10.41056786 -5.78970153 0.20000000
    endloop
  endfacet
  facet normal 0.00000000 0.00000000 -1.00000000
    outer loop
      vertex -13.21920409 -0.95210115 0.20000000
      vertex -13.19624740 -0.86413923 0.20000000
      vertex -10.41056786 -5.78970153 0.20000000
    endloop
  endfacet
  facet normal 0.00000000 0.00000000 -1.00000000
    outer loop
      vertex -13.23982971 -1.04056444 0.20000000
      vertex -13.21920409 -0.95210115 0.20000000
      vertex -10.41056786 -5.78970153 0.20000000
    endloop
  endfacet
  facet normal 0.00000000 0.00000000 -1.00000000
    outer loop
      vertex -13.25812672 -1.12953854 0.20000000
      vertex -13.23982971 -1.04056444 0.20000000
      vertex -10.41056786 -5.78970153 0.20000000
    endloop
  endfacet
  facet normal 0.00000000 0.00000000 -1.00000000
    outer loop
      vertex -13.27409684 -1.21903303 0.20000000
      vertex -13.25812672 -1.12953854 0.20000000
      vertex -10.41056786 -5.78970153 0.20000000
    endloop
  endfacet
  facet normal 0.00000000 0.00000000 -1.00000000
    outer loop
      vertex -13.28774101 -1.30905757 0.20000000
      vertex -13.27409684 -1.21903303 0.20000000
      vertex -10.41056786 -5.78970153 0.20000000
    endloop
  endfacet
  facet normal 0.00000000 0.00000000 -1.00000000
    outer loop
      vertex -13.29905941 -1.39962178 0.20000000
      vertex -13.28774101 -1.30905757 0.20000000
      vertex -10.41056786 -5.78970153 0.20000000
    endloop
  endfacet
  facet normal 0.00000000 0.00000000 -1.00000000
    outer loop
      vertex -13.30805147 -1.49073516 0.20000000
      vertex -13.29905941 -1.39962178 0.20000000
      vertex -10.41056786 -5.78970153 0.20000000
    endloop
  endfacet
  facet normal 0.00000000 0.00000000 -1.00000000
    outer loop
      vertex -13.31471589 -1.58240696 0.20000000
      vertex -13.30805147 -1.49073516 0.20000000
      vertex -10.41056786 -5.78970153 0.20000000
    endloop
  endfacet
  facet normal 0.00000000 0.00000000 -1.00000000
    outer loop
      vertex -13.31905067 -1.67464613 0.20000000
      vertex -13.31471589 -1.58240696 0.20000000
      vertex -10.41056786 -5.78970153 0.20000000
    endloop
  endfacet
  facet normal 0.00000000 0.00000000 -1.00000000
    outer loop
      vertex -13.32105316 -1.76746125 0.20000000
      vertex -13.31905067 -1.67464613 0.20000000
      vertex -10.41056786 -5.78970153 0.20000000
    endloop
  endfacet
  facet normal 0.00000000 0.00000000 -1.00000000
    outer loop
      vertex -13.32072010 -1.86086040 0.20000000
      vertex -13.32105316 -1.76746125 0.20000000
      vertex -10.41056786 -5.78970153 0.20000000
    endloop
  endfacet
  facet normal 0.00000000 0.00000000 -1.00000000
    outer loop
      vertex -13.31804772 -1.95485117 0.20000000
      vertex -13.32072010 -1.86086040 0.20000000
      vertex -10.41056786 -5.78970153 0.20000000
    endloop
  endfacet
  facet normal 0.00000000 0.00000000 -1.00000000
    outer loop
      vertex -13.31303175 -2.04944057 0.20000000
      vertex -13.31804772 -1.95485117 0.20000000
      vertex -10.41056786 -5.78970153 0.20000000
    endloop
  endfacet
  facet normal 0.00000000 0.00000000 -1.00000000
    outer loop
      vertex -13.30566755 -2.14463501 0.20000000
      vertex -13.31303175 -2.04944057 0.20000000
      vertex -10.41056786 -5.78970153 0.20000000
    endloop
  endfacet
  facet normal 0.00000000 0.00000000 -1.00000000
    outer loop
      vertex -13.29595012 -2.24044025 0.20000000
      vertex -13.30566755 -2.14463501 0.20000000
      vertex -10.41056786 -5.78970153 0.20000000
    endloop
  endfacet
  facet normal 0.00000000 0.00000000 -1.00000000
    outer loop
      vertex -13.28387420 -2.33686144 0.20000000
      vertex -13.29595012 -2.24044025 0.20000000
      vertex -10.41056786 -5.78970153 0.20000000
    endloop
  endfacet
  facet normal 0.00000000 0.00000000 -1.00000000
    outer loop
      vertex -13.26943437 -2.43390306 0.20000000
      vertex -13.28387420 -2.33686144 0.20000000
      vertex -10.41056786 -5.78970153 0.20000000
    endloop
  endfacet
  facet normal 0.00000000 0.00000000 -1.00000000
    outer loop
      vertex -13.25245552 -2.53255388 0.20000000
      vertex -13.26943437 -2.43390306 0.20000000
      vertex -10.41056786 -5.78970153 0.20000000
    endloop
  endfacet
  facet normal 0.00000000 0.00000000 -1.00000000
    outer loop
      vertex -12.95296907 -4.16309122 0.20000000
      vertex -13.25245552 -2.53255388 0.20000000
      vertex -10.41056786 -5.78970153 0.20000000
    endloop
  endfacet
  facet normal 0.00000000 0.00000000 -1.00000000
    outer loop
      vertex -12.93876800 -4.23454851 0.20000000
      vertex -12.95296907 -4.16309122 0.20000000
      vertex -10.41056786 -5.78970153 0.20000000
    endloop
  endfacet
  facet normal 0.00000000 0.00000000 -1.00000000
    outer loop
      vertex -12.92308710 -4.30272592 0.20000000
      vertex -12.93876800 -4.23454851 0.20000000
      vertex -10.41056786 -5.78970153 0.20000000
    endloop
  endfacet
  facet normal 0.00000000 0.00000000 -1.00000000
    outer loop
      vertex -12.90569312 -4.36889028 0.20000000
      vertex -12.92308710 -4.30272592 0.20000000
      vertex -10.41056786 -5.78970153 0.20000000
    endloop
  endfacet
  facet normal 0.00000000 0.00000000 -1.00000000
    outer loop
      vertex -12.88660275 -4.43305261 0.20000000
      vertex -12.90569312 -4.36889028 0.20000000
      vertex -10.41056786 -5.78970153 0.20000000
    endloop
  endfacet
  facet normal 0.00000000 0.00000000 -1.00000000
    outer loop
      vertex -12.86583215 -4.49522687 0.20000000
      vertex -12.88660275 -4.43305261 0.20000000
      vertex -10.41056786 -5.78970153 0.20000000
    endloop
  endfacet
  facet normal 0.00000000 0.00000000 -1.00000000
    outer loop
      vertex -12.84339644 -4.55543014 0.20000000
      vertex -12.86583215 -4.49522687 0.20000000
      vertex -10.41056786 -5.78970153 0.20000000
    endloop
  endfacet
  facet normal 0.00000000 0.00000000 -1.00000000
    outer loop
      vertex -12.81930921 -4.61368267 0.20000000
      vertex -12.84339644 -4.55543014 0.20000000
      vertex -10.41056786 -5.78970153 0.20000000
    endloop
  endfacet
  facet normal 0.00000000 0.00000000 -1.00000000
    outer loop
      vertex -12.79358196 -4.67000787 0.20000000
      vertex -12.81930921 -4.61368267 0.20000000
      vertex -10.41056786 -5.78970153 0.20000000
    endloop
  endfacet
  facet normal 0.00000000 0.00000000 -1.00000000
    outer loop
      vertex -12.76622350 -4.72443213 0.20000000
      vertex -12.79358196 -4.67000787 0.20000000
      vertex -10.41056786 -5.78970153 0.20000000
    endloop
  endfacet
  facet normal 0.00000000 0.00000000 -1.00000000
    outer loop
      vertex -12.73723938 -4.77698452 0.20000000
      vertex -12.76622350 -4.72443213 0.20000000
      vertex -10.41056786 -5.78970153 0.20000000
    endloop
  endfacet
  facet normal 0.00000000 0.00000000 -1.00000000
    outer loop
      vertex -12.70663138 -4.82769639 0.20000000
      vertex -12.73723938 -4.77698452 0.20000000
      vertex -10.41056786 -5.78970153 0.20000000
    endloop
  endfacet
  facet normal 0.00000000 0.00000000 -1.00000000
    outer loop
      vertex -12.67439707 -4.87660075 0.20000000
      vertex -12.70663138 -4.82769639 0.20000000
      vertex -10.41056786 -5.78970153 0.20000000
    endloop
  endfacet
  facet normal 0.00000000 0.00000000 -1.00000000
    outer loop
      vertex -12.64052948 -4.92373152 0.20000000
      vertex -12.67439707 -4.87660075 0.20000000
      vertex -10.41056786 -5.78970153 0.20000000
    endloop
  endfacet
  facet normal 0.00000000 0.00000000 -1.00000000
    outer loop
      vertex -12.60501695 -4.96912277 0.20000000
      vertex -12.64052948 -4.92373152 0.20000000
      vertex -10.41056786 -5.78970153 0.20000000
    endloop
  endfacet
  facet normal 0.00000000 0.00000000 -1.00000000
    outer loop
      vertex -12.56784317 -5.01280778 0.20000000
      vertex -12.60501695 -4.96912277 0.20000000
      vertex -10.41056786 -5.78970153 0.20000000
    endloop
  endfacet
  facet normal 0.00000000 0.00000000 -1.00000000
    outer loop
      vertex -12.52898737 -5.05481819 0.20000000
      vertex -12.56784317 -5.01280778 0.20000000
      vertex -10.41056786 -5.78970153 0.20000000
    endloop
  endfacet
  facet normal 0.00000000 0.00000000 -1.00000000
    outer loop
      vertex -12.48842481 -5.09518309 0.20000000
      vertex -12.52898737 -5.05481819 0.20000000
      vertex -10.41056786 -5.78970153 0.20000000
    endloop
  endfacet
  facet normal 0.00000000 0.00000000 -1.00000000
    outer loop
      vertex -12.44612730 -5.13392831 0.20000000
      vertex -12.48842481 -5.09518309 0.20000000
      vertex -10.41056786 -5.78970153 0.20000000
    endloop
  endfacet
  facet normal 0.00000000 0.00000000 -1.00000000
    outer loop
      vertex -12.40206400 -5.17107572 0.20000000
      vertex -12.44612730 -5.13392831 0.20000000
      vertex -10.41056786 -5.78970153 0.20000000
    endloop
  endfacet
  facet normal 0.00000000 0.00000000 -1.00000000
    outer loop
      vertex -12.35620222 -5.20664285 0.20000000
      vertex -12.40206400 -5.17107572 0.20000000
      vertex -10.41056786 -5.78970153 0.20000000
    endloop
  endfacet
  facet normal 0.00000000 0.00000000 -1.00000000
    outer loop
      vertex -12.30850837 -5.24064260 0.20000000
      vertex -12.35620222 -5.20664285 0.20000000
      vertex -10.41056786 -5.78970153 0.20000000
    endloop
  endfacet
  facet normal 0.00000000 0.00000000 -1.00000000
    outer loop
      vertex -12.25894878 -5.27308317 0.20000000
      vertex -12.30850837 -5.24064260 0.20000000
      vertex -10.41056786 -5.78970153 0.20000000
    endloop
  endfacet
  facet normal 0.00000000 0.00000000 -1.00000000
    outer loop
      vertex -12.20749056 -5.30396820 0.20000000
      vertex -12.25894878 -5.27308317 0.20000000
      vertex -10.41056786 -5.78970153 0.20000000
    endloop
  endfacet
  facet normal 0.00000000 0.00000000 -1.00000000
    outer loop
      vertex -12.15410233 -5.33329706 0.20000000
      vertex -12.20749056 -5.30396820 0.20000000
      vertex -10.41056786 -5.78970153 0.20000000
    endloop
  endfacet
  facet normal 0.00000000 0.00000000 -1.00000000
    outer loop
      vertex -12.09875482 -5.36106525 0.20000000
      vertex -12.15410233 -5.33329706 0.20000000
      vertex -10.41056786 -5.78970153 0.20000000
    endloop
  endfacet
  facet normal 0.00000000 0.00000000 -1.00000000
    outer loop
      vertex -12.04142134 -5.38726494 0.20000000
      vertex -12.09875482 -5.36106525 0.20000000
      vertex -10.41056786 -5.78970153 0.20000000
    endloop
  endfacet
  facet normal 0.00000000 0.00000000 -1.00000000
    outer loop
      vertex -11.98207807 -5.41188550 0.20000000
      vertex -12.04142134 -5.38726494 0.20000000
      vertex -10.41056786 -5.78970153 0.20000000
    endloop
  endfacet
  facet normal 0.00000000 0.00000000 -1.00000000
    outer loop
      vertex -11.92070429 -5.43491408 0.20000000
      vertex -11.98207807 -5.41188550 0.20000000
      vertex -10.41056786 -5.78970153 0.20000000
    endloop
  endfacet
  facet normal 0.00000000 0.00000000 -1.00000000
    outer loop
      vertex -11.85728237 -5.45633620 0.20000000
      vertex -11.92070429 -5.43491408 0.20000000
      vertex -10.41056786 -5.78970153 0.20000000
    endloop
  endfacet
  facet normal 0.00000000 0.00000000 -1.00000000
    outer loop
      vertex -11.79179777 -5.47613621 0.20000000
      vertex -11.85728237 -5.45633620 0.20000000
      vertex -10.41056786 -5.78970153 0.20000000
    endloop
  endfacet
  facet normal 0.00000000 0.00000000 -1.00000000
    outer loop
      vertex -11.72423887 -5.49429784 0.20000000
      vertex -11.79179777 -5.47613621 0.20000000
      vertex -10.41056786 -5.78970153 0.20000000
    endloop
  endfacet
  facet normal 0.00000000 0.00000000 -1.00000000
    outer loop
      vertex -11.65334821 -5.51110048 0.20000000
      vertex -11.72423887 -5.49429784 0.20000000
      vertex -10.41056786 -5.78970153 0.20000000
    endloop
  endfacet
  facet normal 0.00000000 0.00000000 1.00000000
    outer loop
      vertex -11.65334821 -5.51110048 0.20000000
      vertex -10.41056786 -5.78970153 0.20000000
      vertex -10.40399874 -5.78133661 0.20000000
    endloop
  endfacet
  facet normal 0.00000000 0.00000000 1.00000000
    outer loop
      vertex -11.65334821 -5.51110048 0.00000000
      vertex -10.46768433 -5.77399419 0.00000000
      vertex -10.45389653 -5.77683068 0.00000000
    endloop
  endfacet
  facet normal 0.00000000 0.00000000 1.00000000
    outer loop
      vertex -11.65334821 -5.51110048 0.00000000
      vertex -10.45389653 -5.77683068 0.00000000
      vertex -10.44251979 -5.77878786 0.00000000
    endloop
  endfacet
  facet normal 0.00000000 0.00000000 1.00000000
    outer loop
      vertex -11.65334821 -5.51110048 0.00000000
      vertex -10.44251979 -5.77878786 0.00000000
      vertex -10.43230598 -5.78017581 0.00000000
    endloop
  endfacet
  facet normal 0.00000000 0.00000000 1.00000000
    outer loop
      vertex -11.65334821 -5.51110048 0.00000000
      vertex -10.43230598 -5.78017581 0.00000000
      vertex -10.41555963 -5.78147580 0.00000000
    endloop
  endfacet
  facet normal 0.00000000 0.00000000 1.00000000
    outer loop
      vertex -11.65334821 -5.51110048 0.00000000
      vertex -10.41555963 -5.78147580 0.00000000
      vertex -10.40399874 -5.78133661 0.00000000
    endloop
  endfacet
  facet normal 0.00000000 0.00000000 1.00000000
    outer loop
      vertex -10.41233908 -5.77871159 0.00000000
      vertex -10.41108497 -5.76196174 0.00000000
      vertex -10.41090827 -5.75165557 0.00000000
    endloop
  endfacet
  facet normal 0.00000000 0.00000000 1.00000000
    outer loop
      vertex -10.41233908 -5.77871159 0.00000000
      vertex -10.41090827 -5.75165557 0.00000000
      vertex -10.41111789 -5.74011361 0.00000000
    endloop
  endfacet
  facet normal 0.00000000 0.00000000 1.00000000
    outer loop
      vertex -10.41233908 -5.77871159 0.00000000
      vertex -10.41111789 -5.74011361 0.00000000
      vertex -10.41183109 -5.72605514 0.00000000
    endloop
  endfacet
  facet normal 0.00000000 -0.00000000 1.00000000
    outer loop
      vertex -10.41233908 -5.77871159 0.00000000
      vertex -10.41183109 -5.72605514 0.00000000
      vertex -10.49627808 -4.44823896 0.00000000
    endloop
  endfacet
  facet normal 0.00000000 0.00000000 1.00000000
    outer loop
      vertex -10.19726369 -4.09620901 0.00000000
      vertex -2.36254897 -3.33769596 0.00000000
      vertex -2.33940300 -3.33508399 0.00000000
    endloop
  endfacet
  facet normal 0.00000000 0.00000000 1.00000000
    outer loop
      vertex -10.19726369 -4.09620901 0.00000000
      vertex -2.33940300 -3.33508399 0.00000000
      vertex -2.31890153 -3.33207836 0.00000000
    endloop
  endfacet
  facet normal 0.00000000 0.00000000 1.00000000
    outer loop
      vertex -10.19726369 -4.09620901 0.00000000
      vertex -2.31890153 -3.33207836 0.00000000
      vertex -2.29967461 -3.32856320 0.00000000
    endloop
  endfacet
  facet normal 0.00000000 0.00000000 1.00000000
    outer loop
      vertex -10.19726369 -4.09620901 0.00000000
      vertex -2.29967461 -3.32856320 0.00000000
      vertex -2.28172318 -3.32458185 0.00000000
    endloop
  endfacet
  facet normal 0.00000000 0.00000000 1.00000000
    outer loop
      vertex -10.19726369 -4.09620901 0.00000000
      vertex -2.28172318 -3.32458185 0.00000000
      vertex -2.26504142 -3.32018107 0.00000000
    endloop
  endfacet
  facet normal 0.00000000 0.00000000 1.00000000
    outer loop
      vertex -10.19726369 -4.09620901 0.00000000
      vertex -2.26504142 -3.32018107 0.00000000
      vertex -2.24961510 -3.31541015 0.00000000
    endloop
  endfacet
  facet normal 0.00000000 0.00000000 1.00000000
    outer loop
      vertex -10.19726369 -4.09620901 0.00000000
      vertex -2.24961510 -3.31541015 0.00000000
      vertex -2.23541976 -3.31031949 0.00000000
    endloop
  endfacet
  facet normal 0.00000000 0.00000000 1.00000000
    outer loop
      vertex -10.19726369 -4.09620901 0.00000000
      vertex -2.23541976 -3.31031949 0.00000000
      vertex -2.22241914 -3.30495858 0.00000000
    endloop
  endfacet
  facet normal 0.00000000 0.00000000 1.00000000
    outer loop
      vertex -10.19726369 -4.09620901 0.00000000
      vertex -2.22241914 -3.30495858 0.00000000
      vertex -2.21056381 -3.29937335 0.00000000
    endloop
  endfacet
  facet normal 0.00000000 0.00000000 1.00000000
    outer loop
      vertex -10.19726369 -4.09620901 0.00000000
      vertex -2.21056381 -3.29937335 0.00000000
      vertex -2.19979055 -3.29360293 0.00000000
    endloop
  endfacet
  facet normal 0.00000000 0.00000000 1.00000000
    outer loop
      vertex -10.19726369 -4.09620901 0.00000000
      vertex -2.19979055 -3.29360293 0.00000000
      vertex -2.19002257 -3.28767599 0.00000000
    endloop
  endfacet
  facet normal 0.00000000 0.00000000 1.00000000
    outer loop
      vertex -10.19726369 -4.09620901 0.00000000
      vertex -2.19002257 -3.28767599 0.00000000
      vertex -2.18117099 -3.28160698 0.00000000
    endloop
  endfacet
  facet normal 0.00000000 0.00000000 1.00000000
    outer loop
      vertex -10.19726369 -4.09620901 0.00000000
      vertex -2.18117099 -3.28160698 0.00000000
      vertex -2.17313759 -3.27539269 0.00000000
    endloop
  endfacet
  facet normal 0.00000000 0.00000000 1.00000000
    outer loop
      vertex -10.19726369 -4.09620901 0.00000000
      vertex -2.17313759 -3.27539269 0.00000000
      vertex -2.15911225 -3.26241307 0.00000000
    endloop
  endfacet
  facet normal 0.00000000 0.00000000 1.00000000
    outer loop
      vertex -10.19726369 -4.09620901 0.00000000
      vertex -2.15911225 -3.26241307 0.00000000
      vertex -2.14715666 -3.24829777 0.00000000
    endloop
  endfacet
  facet normal 0.00000000 0.00000000 1.00000000
    outer loop
      vertex -10.19726369 -4.09620901 0.00000000
      vertex -2.14715666 -3.24829777 0.00000000
      vertex -2.13666183 -3.23232781 0.00000000
    endloop
  endfacet
  facet normal 0.00000000 0.00000000 1.00000000
    outer loop
      vertex -10.19726369 -4.09620901 0.00000000
      vertex -2.13666183 -3.23232781 0.00000000
      vertex -2.13185415 -3.22338136 0.00000000
    endloop
  endfacet
  facet normal 0.00000000 0.00000000 1.00000000
    outer loop
      vertex -10.19726369 -4.09620901 0.00000000
      vertex -2.13185415 -3.22338136 0.00000000
      vertex -2.12732440 -3.21365178 0.00000000
    endloop
  endfacet
  facet normal 0.00000000 0.00000000 1.00000000
    outer loop
      vertex -10.19726369 -4.09620901 0.00000000
      vertex -2.12732440 -3.21365178 0.00000000
      vertex -2.12308557 -3.20304168 0.00000000
    endloop
  endfacet
  facet normal 0.00000000 0.00000000 1.00000000
    outer loop
      vertex -10.19726369 -4.09620901 0.00000000
      vertex -2.12308557 -3.20304168 0.00000000
      vertex -2.11916655 -3.19146575 0.00000000
    endloop
  endfacet
  facet normal 0.00000000 0.00000000 1.00000000
    outer loop
      vertex -10.19726369 -4.09620901 0.00000000
      vertex -2.11916655 -3.19146575 0.00000000
      vertex -2.11560825 -3.17885297 0.00000000
    endloop
  endfacet
  facet normal 0.00000000 0.00000000 1.00000000
    outer loop
      vertex -10.19726369 -4.09620901 0.00000000
      vertex -2.11560825 -3.17885297 0.00000000
      vertex -2.11245967 -3.16514742 0.00000000
    endloop
  endfacet
  facet normal 0.00000000 0.00000000 1.00000000
    outer loop
      vertex -10.19726369 -4.09620901 0.00000000
      vertex -2.11245967 -3.16514742 0.00000000
      vertex -2.10977425 -3.15030792 0.00000000
    endloop
  endfacet
  facet normal 0.00000000 0.00000000 1.00000000
    outer loop
      vertex -10.19726369 -4.09620901 0.00000000
      vertex -2.10977425 -3.15030792 0.00000000
      vertex -2.10760676 -3.13430682 0.00000000
    endloop
  endfacet
  facet normal 0.00000000 0.00000000 1.00000000
    outer loop
      vertex -10.19726369 -4.09620901 0.00000000
      vertex -2.10760676 -3.13430682 0.00000000
      vertex -2.10601095 -3.11712831 0.00000000
    endloop
  endfacet
  facet normal 0.00000000 0.00000000 1.00000000
    outer loop
      vertex -10.19726369 -4.09620901 0.00000000
      vertex -2.10601095 -3.11712831 0.00000000
      vertex -2.10503778 -3.09876644 0.00000000
    endloop
  endfacet
  facet normal 0.00000000 0.00000000 1.00000000
    outer loop
      vertex -10.19726369 -4.09620901 0.00000000
      vertex -2.10503778 -3.09876644 0.00000000
      vertex -2.10473433 -3.07922319 0.00000000
    endloop
  endfacet
  facet normal 0.00000000 0.00000000 1.00000000
    outer loop
      vertex -10.19726369 -4.09620901 0.00000000
      vertex -2.10473433 -3.07922319 0.00000000
      vertex -2.10514319 -3.05850660 0.00000000
    endloop
  endfacet
  facet normal 0.00000000 0.00000000 1.00000000
    outer loop
      vertex -10.19726369 -4.09620901 0.00000000
      vertex -2.10514319 -3.05850660 0.00000000
      vertex -2.10637550 -3.03524635 0.00000000
    endloop
  endfacet
  facet normal 0.00000000 0.00000000 1.00000000
    outer loop
      vertex -10.22447956 -4.09973154 0.00000000
      vertex -10.19726369 -4.09620901 0.00000000
      vertex -2.10637550 -3.03524635 0.00000000
    endloop
  endfacet
  facet normal 0.00000000 0.00000000 1.00000000
    outer loop
      vertex -10.22447956 -4.09973154 0.00000000
      vertex -2.10637550 -3.03524635 0.00000000
      vertex -2.35657749 0.59629122 0.00000000
    endloop
  endfacet
  facet normal 0.00000000 0.00000000 1.00000000
    outer loop
      vertex -10.25450441 -4.10579367 0.00000000
      vertex -10.22447956 -4.09973154 0.00000000
      vertex -2.35657749 0.59629122 0.00000000
    endloop
  endfacet
  facet normal 0.00000000 0.00000000 1.00000000
    outer loop
      vertex -10.28460556 -4.11440167 0.00000000
      vertex -10.25450441 -4.10579367 0.00000000
      vertex -2.35657749 0.59629122 0.00000000
    endloop
  endfacet
  facet normal 0.00000000 0.00000000 1.00000000
    outer loop
      vertex -10.31462158 -4.12594723 0.00000000
      vertex -10.28460556 -4.11440167 0.00000000
      vertex -2.35657749 0.59629122 0.00000000
    endloop
  endfacet
  facet normal 0.00000000 0.00000000 1.00000000
    outer loop
      vertex -10.34420558 -4.14080164 0.00000000
      vertex -10.31462158 -4.12594723 0.00000000
      vertex -2.35657749 0.59629122 0.00000000
    endloop
  endfacet
  facet normal 0.00000000 0.00000000 1.00000000
    outer loop
      vertex -10.34420558 -4.14080164 0.00000000
      vertex -2.35657749 0.59629122 0.00000000
      vertex -2.35827629 0.62836489 0.00000000
    endloop
  endfacet
  facet normal 0.00000000 0.00000000 1.00000000
    outer loop
      vertex -10.34420558 -4.14080164 0.00000000
      vertex -2.35827629 0.62836489 0.00000000
      vertex -2.35892502 0.66138441 0.00000000
    endloop
  endfacet
  facet normal 0.00000000 0.00000000 1.00000000
    outer loop
      vertex -10.34420558 -4.14080164 0.00000000
      vertex -2.35892502 0.66138441 0.00000000
      vertex -2.35841108 0.69398172 0.00000000
    endloop
  endfacet
  facet normal 0.00000000 0.00000000 1.00000000
    outer loop
      vertex -10.34420558 -4.14080164 0.00000000
      vertex -2.35841108 0.69398172 0.00000000
      vertex -2.35668988 0.72616705 0.00000000
    endloop
  endfacet
  facet normal 0.00000000 0.00000000 1.00000000
    outer loop
      vertex -10.34420558 -4.14080164 0.00000000
      vertex -2.35668988 0.72616705 0.00000000
      vertex -2.35371174 0.75794449 0.00000000
    endloop
  endfacet
  facet normal 0.00000000 0.00000000 1.00000000
    outer loop
      vertex -10.34420558 -4.14080164 0.00000000
      vertex -2.35371174 0.75794449 0.00000000
      vertex -2.34942245 0.78930990 0.00000000
    endloop
  endfacet
  facet normal 0.00000000 0.00000000 1.00000000
    outer loop
      vertex -10.34420558 -4.14080164 0.00000000
      vertex -2.34942245 0.78930990 0.00000000
      vertex -2.34376435 0.82024874 0.00000000
    endloop
  endfacet
  facet normal 0.00000000 0.00000000 1.00000000
    outer loop
      vertex -10.34420558 -4.14080164 0.00000000
      vertex -2.34376435 0.82024874 0.00000000
      vertex -2.33667818 0.85073377 0.00000000
    endloop
  endfacet
  facet normal 0.00000000 0.00000000 1.00000000
    outer loop
      vertex -10.34420558 -4.14080164 0.00000000
      vertex -2.33667818 0.85073377 0.00000000
      vertex -2.32810559 0.88072304 0.00000000
    endloop
  endfacet
  facet normal 0.00000000 0.00000000 1.00000000
    outer loop
      vertex -10.34420558 -4.14080164 0.00000000
      vertex -2.32810559 0.88072304 0.00000000
      vertex -2.31799260 0.91015836 0.00000000
    endloop
  endfacet
  facet normal 0.00000000 0.00000000 1.00000000
    outer loop
      vertex -10.34420558 -4.14080164 0.00000000
      vertex -2.31799260 0.91015836 0.00000000
      vertex -2.30629365 0.93896469 0.00000000
    endloop
  endfacet
  facet normal 0.00000000 0.00000000 1.00000000
    outer loop
      vertex -10.34420558 -4.14080164 0.00000000
      vertex -2.30629365 0.93896469 0.00000000
      vertex -2.29297617 0.96705089 0.00000000
    endloop
  endfacet
  facet normal 0.00000000 0.00000000 1.00000000
    outer loop
      vertex -10.34420558 -4.14080164 0.00000000
      vertex -2.29297617 0.96705089 0.00000000
      vertex -2.27802499 0.99431205 0.00000000
    endloop
  endfacet
  facet normal 0.00000000 0.00000000 1.00000000
    outer loop
      vertex -10.34420558 -4.14080164 0.00000000
      vertex -2.27802499 0.99431205 0.00000000
      vertex -2.26144620 1.02063358 0.00000000
    endloop
  endfacet
  facet normal 0.00000000 0.00000000 1.00000000
    outer loop
      vertex -10.34420558 -4.14080164 0.00000000
      vertex -2.26144620 1.02063358 0.00000000
      vertex -2.24326957 1.04589693 0.00000000
    endloop
  endfacet
  facet normal 0.00000000 0.00000000 1.00000000
    outer loop
      vertex -10.34420558 -4.14080164 0.00000000
      vertex -2.24326957 1.04589693 0.00000000
      vertex -2.22354903 1.06998625 0.00000000
    endloop
  endfacet
  facet normal 0.00000000 0.00000000 1.00000000
    outer loop
      vertex -10.34420558 -4.14080164 0.00000000
      vertex -2.22354903 1.06998625 0.00000000
      vertex -2.20236092 1.09279545 0.00000000
    endloop
  endfacet
  facet normal 0.00000000 0.00000000 1.00000000
    outer loop
      vertex -10.34420558 -4.14080164 0.00000000
      vertex -2.20236092 1.09279545 0.00000000
      vertex -2.17980001 1.11423447 0.00000000
    endloop
  endfacet
  facet normal 0.00000000 0.00000000 1.00000000
    outer loop
      vertex -10.34420558 -4.14080164 0.00000000
      vertex -2.17980001 1.11423447 0.00000000
      vertex -2.15597371 1.13423415 0.00000000
    endloop
  endfacet
  facet normal 0.00000000 0.00000000 1.00000000
    outer loop
      vertex -10.34420558 -4.14080164 0.00000000
      vertex -2.15597371 1.13423415 0.00000000
      vertex -2.13099548 1.15274890 0.00000000
    endloop
  endfacet
  facet normal 0.00000000 0.00000000 1.00000000
    outer loop
      vertex -10.37280007 -4.15922468 0.00000000
      vertex -10.34420558 -4.14080164 0.00000000
      vertex -2.13099548 1.15274890 0.00000000
    endloop
  endfacet
  facet normal 0.00000000 0.00000000 1.00000000
    outer loop
      vertex -10.37280007 -4.15922468 0.00000000
      vertex -2.13099548 1.15274890 0.00000000
      vertex -2.10497798 1.16975713 0.00000000
    endloop
  endfacet
  facet normal 0.00000000 0.00000000 1.00000000
    outer loop
      vertex -1.77230753 1.26611035 0.00000000
      vertex 12.95326108 2.26060799 0.00000000
      vertex 12.98561704 2.26330935 0.00000000
    endloop
  endfacet
  facet normal 0.00000000 0.00000000 1.00000000
    outer loop
      vertex -1.77230753 1.26611035 0.00000000
      vertex 12.98561704 2.26330935 0.00000000
      vertex 13.01491221 2.26674171 0.00000000
    endloop
  endfacet
  facet normal 0.00000000 0.00000000 1.00000000
    outer loop
      vertex -1.77230753 1.26611035 0.00000000
      vertex 13.01491221 2.26674171 0.00000000
      vertex 13.04251046 2.27097597 0.00000000
    endloop
  endfacet
  facet normal 0.00000000 0.00000000 1.00000000
    outer loop
      vertex -1.77230753 1.26611035 0.00000000
      vertex 13.04251046 2.27097597 0.00000000
      vertex 13.06840387 2.27596251 0.00000000
    endloop
  endfacet
  facet normal 0.00000000 0.00000000 1.00000000
    outer loop
      vertex -1.77230753 1.26611035 0.00000000
      vertex 13.06840387 2.27596251 0.00000000
      vertex 13.09259156 2.28164635 0.00000000
    endloop
  endfacet
  facet normal 0.00000000 0.00000000 1.00000000
    outer loop
      vertex -1.77230753 1.26611035 0.00000000
      vertex 13.09259156 2.28164635 0.00000000
      vertex 13.11508196 2.28796790 0.00000000
    endloop
  endfacet
  facet normal 0.00000000 0.00000000 1.00000000
    outer loop
      vertex -1.77230753 1.26611035 0.00000000
      vertex 13.11508196 2.28796790 0.00000000
      vertex 13.13589541 2.29486432 0.00000000
    endloop
  endfacet
  facet normal 0.00000000 0.00000000 1.00000000
    outer loop
      vertex -1.77230753 1.26611035 0.00000000
      vertex 13.13589541 2.29486432 0.00000000
      vertex 13.15506673 2.30227184 0.00000000
    endloop
  endfacet
  facet normal 0.00000000 0.00000000 1.00000000
    outer loop
      vertex -1.77230753 1.26611035 0.00000000
      vertex 13.15506673 2.30227184 0.00000000
      vertex 13.17264752 2.31012896 0.00000000
    endloop
  endfacet
  facet normal 0.00000000 0.00000000 1.00000000
    outer loop
      vertex -1.77230753 1.26611035 0.00000000
      vertex 13.17264752 2.31012896 0.00000000
      vertex 13.18870788 2.31838072 0.00000000
    endloop
  endfacet
  facet normal 0.00000000 0.00000000 1.00000000
    outer loop
      vertex -1.77230753 1.26611035 0.00000000
      vertex 13.18870788 2.31838072 0.00000000
      vertex 13.20333682 2.32698380 0.00000000
    endloop
  endfacet
  facet normal 0.00000000 0.00000000 1.00000000
    outer loop
      vertex -1.77230753 1.26611035 0.00000000
      vertex 13.20333682 2.32698380 0.00000000
      vertex 13.21664112 2.33591212 0.00000000
    endloop
  endfacet
  facet normal 0.00000000 0.00000000 1.00000000
    outer loop
      vertex -1.77230753 1.26611035 0.00000000
      vertex 13.21664112 2.33591212 0.00000000
      vertex 13.22874189 2.34516223 0.00000000
    endloop
  endfacet
  facet normal 0.00000000 0.00000000 1.00000000
    outer loop
      vertex -1.77230753 1.26611035 0.00000000
      vertex 13.22874189 2.34516223 0.00000000
      vertex 13.23976915 2.35475768 0.00000000
    endloop
  endfacet
  facet normal 0.00000000 0.00000000 1.00000000
    outer loop
      vertex -1.77230753 1.26611035 0.00000000
      vertex 13.23976915 2.35475768 0.00000000
      vertex 13.24985426 2.36475136 0.00000000
    endloop
  endfacet
  facet normal 0.00000000 0.00000000 1.00000000
    outer loop
      vertex -1.77230753 1.26611035 0.00000000
      vertex 13.24985426 2.36475136 0.00000000
      vertex 13.25912136 2.37522514 0.00000000
    endloop
  endfacet
  facet normal 0.00000000 0.00000000 1.00000000
    outer loop
      vertex -1.77230753 1.26611035 0.00000000
      vertex 13.25912136 2.37522514 0.00000000
      vertex 13.26767875 2.38628634 0.00000000
    endloop
  endfacet
  facet normal 0.00000000 0.00000000 1.00000000
    outer loop
      vertex -1.77230753 1.26611035 0.00000000
      vertex 13.26767875 2.38628634 0.00000000
      vertex 13.27561164 2.39806141 0.00000000
    endloop
  endfacet
  facet normal 0.00000000 0.00000000 1.00000000
    outer loop
      vertex -1.77230753 1.26611035 0.00000000
      vertex 13.27561164 2.39806141 0.00000000
      vertex 13.28297725 2.41068761 0.00000000
    endloop
  endfacet
  facet normal 0.00000000 0.00000000 1.00000000
    outer loop
      vertex -1.77230753 1.26611035 0.00000000
      vertex 13.28297725 2.41068761 0.00000000
      vertex 13.28980297 2.42430389 0.00000000
    endloop
  endfacet
  facet normal 0.00000000 0.00000000 1.00000000
    outer loop
      vertex -1.77230753 1.26611035 0.00000000
      vertex 13.28980297 2.42430389 0.00000000
      vertex 13.29608766 2.43904233 0.00000000
    endloop
  endfacet
  facet normal 0.00000000 0.00000000 1.00000000
    outer loop
      vertex -1.77230753 1.26611035 0.00000000
      vertex 13.29608766 2.43904233 0.00000000
      vertex 13.30180528 2.45502131 0.00000000
    endloop
  endfacet
  facet normal 0.00000000 0.00000000 1.00000000
    outer loop
      vertex -1.77230753 1.26611035 0.00000000
      vertex 13.30180528 2.45502131 0.00000000
      vertex 13.30691027 2.47234083 0.00000000
    endloop
  endfacet
  facet normal 0.00000000 0.00000000 1.00000000
    outer loop
      vertex -1.77230753 1.26611035 0.00000000
      vertex 13.30691027 2.47234083 0.00000000
      vertex 13.31134342 2.49108025 0.00000000
    endloop
  endfacet
  facet normal 0.00000000 0.00000000 1.00000000
    outer loop
      vertex -1.77230753 1.26611035 0.00000000
      vertex 13.31134342 2.49108025 0.00000000
      vertex 13.31503766 2.51129814 0.00000000
    endloop
  endfacet
  facet normal 0.00000000 0.00000000 1.00000000
    outer loop
      vertex -1.77230753 1.26611035 0.00000000
      vertex 13.31503766 2.51129814 0.00000000
      vertex 13.31792292 2.53303373 0.00000000
    endloop
  endfacet
  facet normal 0.00000000 0.00000000 1.00000000
    outer loop
      vertex -1.80431477 1.26343780 0.00000000
      vertex -1.77230753 1.26611035 0.00000000
      vertex 13.31792292 2.53303373 0.00000000
    endloop
  endfacet
  facet normal 0.00000000 0.00000000 1.00000000
    outer loop
      vertex -1.80431477 1.26343780 0.00000000
      vertex 13.31792292 2.53303373 0.00000000
      vertex 13.31993003 2.55630929 0.00000000
    endloop
  endfacet
  facet normal 0.00000000 0.00000000 1.00000000
    outer loop
      vertex -1.80431477 1.26343780 0.00000000
      vertex 13.31993003 2.55630929 0.00000000
      vertex 13.32099349 2.58113305 0.00000000
    endloop
  endfacet
  facet normal 0.00000000 0.00000000 1.00000000
    outer loop
      vertex -1.80431477 1.26343780 0.00000000
      vertex 13.32099349 2.58113305 0.00000000
      vertex 13.32105316 2.60750218 0.00000000
    endloop
  endfacet
  facet normal 0.00000000 0.00000000 1.00000000
    outer loop
      vertex -1.80431477 1.26343780 0.00000000
      vertex 13.32105316 2.60750218 0.00000000
      vertex 13.32005519 2.63540552 0.00000000
    endloop
  endfacet
  facet normal 0.00000000 0.00000000 1.00000000
    outer loop
      vertex -1.80431477 1.26343780 0.00000000
      vertex 13.32005519 2.63540552 0.00000000
      vertex 13.31795233 2.66482602 0.00000000
    endloop
  endfacet
  facet normal 0.00000000 0.00000000 1.00000000
    outer loop
      vertex -1.80431477 1.26343780 0.00000000
      vertex 13.31795233 2.66482602 0.00000000
      vertex 13.31455935 2.69711678 0.00000000
    endloop
  endfacet
  facet normal 0.00000000 0.00000000 1.00000000
    outer loop
      vertex -1.80431477 1.26343780 0.00000000
      vertex 13.31455935 2.69711678 0.00000000
      vertex 12.95204857 5.68956243 0.00000000
    endloop
  endfacet
  facet normal 0.00000000 0.00000000 1.00000000
    outer loop
      vertex -1.83711651 1.25959645 0.00000000
      vertex -1.80431477 1.26343780 0.00000000
      vertex 12.95204857 5.68956243 0.00000000
    endloop
  endfacet
  facet normal 0.00000000 0.00000000 1.00000000
    outer loop
      vertex -1.86934205 1.25466054 0.00000000
      vertex -1.83711651 1.25959645 0.00000000
      vertex 12.95204857 5.68956243 0.00000000
    endloop
  endfacet
  facet normal 0.00000000 0.00000000 1.00000000
    outer loop
      vertex -1.90099548 1.24858450 0.00000000
      vertex -1.86934205 1.25466054 0.00000000
      vertex 12.95204857 5.68956243 0.00000000
    endloop
  endfacet
  facet normal 0.00000000 0.00000000 1.00000000
    outer loop
      vertex -1.93207411 1.24131856 0.00000000
      vertex -1.90099548 1.24858450 0.00000000
      vertex 12.95204857 5.68956243 0.00000000
    endloop
  endfacet
  facet normal 0.00000000 0.00000000 1.00000000
    outer loop
      vertex -1.96256647 1.23280957 0.00000000
      vertex -1.93207411 1.24131856 0.00000000
      vertex 12.95204857 5.68956243 0.00000000
    endloop
  endfacet
  facet normal 0.00000000 0.00000000 1.00000000
    outer loop
      vertex -1.96256647 1.23280957 0.00000000
      vertex 12.95204857 5.68956243 0.00000000
      vertex 12.95014114 5.70345717 0.00000000
    endloop
  endfacet
  facet normal 0.00000000 0.00000000 1.00000000
    outer loop
      vertex -1.96256647 1.23280957 0.00000000
      vertex 12.95014114 5.70345717 0.00000000
      vertex 12.94817057 5.71495399 0.00000000
    endloop
  endfacet
  facet normal 0.00000000 0.00000000 1.00000000
    outer loop
      vertex -1.96256647 1.23280957 0.00000000
      vertex 12.94817057 5.71495399 0.00000000
      vertex 12.94599247 5.72541354 0.00000000
    endloop
  endfacet
  facet normal 0.00000000 0.00000000 1.00000000
    outer loop
      vertex -1.96256647 1.23280957 0.00000000
      vertex 12.94599247 5.72541354 0.00000000
      vertex 12.94121296 5.74321162 0.00000000
    endloop
  endfacet
  facet normal 0.00000000 0.00000000 1.00000000
    outer loop
      vertex -1.96256647 1.23280957 0.00000000
      vertex 12.94121296 5.74321162 0.00000000
      vertex 12.93624132 5.75691833 0.00000000
    endloop
  endfacet
  facet normal 0.00000000 0.00000000 1.00000000
    outer loop
      vertex -1.96256647 1.23280957 0.00000000
      vertex 12.93624132 5.75691833 0.00000000
      vertex 12.93154503 5.76678724 0.00000000
    endloop
  endfacet
  facet normal 0.00000000 0.00000000 1.00000000
    outer loop
      vertex -1.96256647 1.23280957 0.00000000
      vertex 12.93154503 5.76678724 0.00000000
      vertex 12.92585650 5.77556691 0.00000000
    endloop
  endfacet
  facet normal 0.00000000 0.00000000 1.00000000
    outer loop
      vertex -1.96256647 1.23280957 0.00000000
      vertex 12.92585650 5.77556691 0.00000000
      vertex 12.91695429 5.78290462 0.00000000
    endloop
  endfacet
  facet normal 0.00000000 0.00000000 1.00000000
    outer loop
      vertex -1.96256647 1.23280957 0.00000000
      vertex 12.91695429 5.78290462 0.00000000
      vertex 12.90490031 5.78688399 0.00000000
    endloop
  endfacet
  facet normal 0.00000000 0.00000000 1.00000000
    outer loop
      vertex -1.96256647 1.23280957 0.00000000
      vertex 12.90490031 5.78688399 0.00000000
      vertex 12.89412083 5.78868767 0.00000000
    endloop
  endfacet
  facet normal 0.00000000 0.00000000 1.00000000
    outer loop
      vertex -1.96256647 1.23280957 0.00000000
      vertex 12.89412083 5.78868767 0.00000000
      vertex 12.87957563 5.78970153 0.00000000
    endloop
  endfacet
  facet normal 0.00000000 0.00000000 1.00000000
    outer loop
      vertex -1.96256647 1.23280957 0.00000000
      vertex 12.87957563 5.78970153 0.00000000
      vertex 12.86114933 5.78940641 0.00000000
    endloop
  endfacet
  facet normal 0.00000000 0.00000000 1.00000000
    outer loop
      vertex -1.96256647 1.23280957 0.00000000
      vertex 12.86114933 5.78940641 0.00000000
      vertex 12.85049390 5.78862653 0.00000000
    endloop
  endfacet
  facet normal 0.00000000 0.00000000 1.00000000
    outer loop
      vertex -1.96256647 1.23280957 0.00000000
      vertex 12.85049390 5.78862653 0.00000000
      vertex 12.83889816 5.78736208 0.00000000
    endloop
  endfacet
  facet normal 0.00000000 0.00000000 1.00000000
    outer loop
      vertex -1.96256647 1.23280957 0.00000000
      vertex 12.83889816 5.78736208 0.00000000
      vertex 12.82501416 5.78537802 0.00000000
    endloop
  endfacet
  facet normal 0.00000000 -0.00000000 1.00000000
    outer loop
      vertex -1.96256647 1.23280957 0.00000000
      vertex 12.82501416 5.78537802 0.00000000
      vertex -10.37820233 2.09293225 0.00000000
    endloop
  endfacet
  facet normal 0.00000000 -0.00000000 1.00000000
    outer loop
      vertex -1.99245032 1.22300238 0.00000000
      vertex -1.96256647 1.23280957 0.00000000
      vertex -10.37820233 2.09293225 0.00000000
    endloop
  endfacet
  facet normal 0.00000000 -0.00000000 1.00000000
    outer loop
      vertex -2.02169064 1.21184197 0.00000000
      vertex -1.99245032 1.22300238 0.00000000
      vertex -10.37820233 2.09293225 0.00000000
    endloop
  endfacet
  facet normal 0.00000000 -0.00000000 1.00000000
    outer loop
      vertex -2.05023794 1.19927625 0.00000000
      vertex -2.02169064 1.21184197 0.00000000
      vertex -10.37820233 2.09293225 0.00000000
    endloop
  endfacet
  facet normal 0.00000000 -0.00000000 1.00000000
    outer loop
      vertex -2.07802723 1.18525961 0.00000000
      vertex -2.05023794 1.19927625 0.00000000
      vertex -10.37820233 2.09293225 0.00000000
    endloop
  endfacet
  facet normal 0.00000000 -0.00000000 1.00000000
    outer loop
      vertex -2.10497798 1.16975713 0.00000000
      vertex -2.07802723 1.18525961 0.00000000
      vertex -10.37820233 2.09293225 0.00000000
    endloop
  endfacet
  facet normal 0.00000000 -0.00000000 1.00000000
    outer loop
      vertex -10.37280007 -4.15922468 0.00000000
      vertex -2.10497798 1.16975713 0.00000000
      vertex -10.37820233 2.09293225 0.00000000
    endloop
  endfacet
  facet normal 0.00000000 0.00000000 1.00000000
    outer loop
      vertex -10.39966885 -4.18125421 0.00000000
      vertex -10.37280007 -4.15922468 0.00000000
      vertex -10.37820233 2.09293225 0.00000000
    endloop
  endfacet
  facet normal 0.00000000 0.00000000 1.00000000
    outer loop
      vertex -10.42400589 -4.20662053 0.00000000
      vertex -10.39966885 -4.18125421 0.00000000
      vertex -10.37820233 2.09293225 0.00000000
    endloop
  endfacet
  facet normal 0.00000000 0.00000000 1.00000000
    outer loop
      vertex -10.44510052 -4.23474096 0.00000000
      vertex -10.42400589 -4.20662053 0.00000000
      vertex -10.37820233 2.09293225 0.00000000
    endloop
  endfacet
  facet normal 0.00000000 0.00000000 1.00000000
    outer loop
      vertex -10.46249271 -4.26481991 0.00000000
      vertex -10.44510052 -4.23474096 0.00000000
      vertex -10.37820233 2.09293225 0.00000000
    endloop
  endfacet
  facet normal 0.00000000 0.00000000 1.00000000
    outer loop
      vertex -10.47604672 -4.29601835 0.00000000
      vertex -10.46249271 -4.26481991 0.00000000
      vertex -10.37820233 2.09293225 0.00000000
    endloop
  endfacet
  facet normal 0.00000000 0.00000000 1.00000000
    outer loop
      vertex -10.48591902 -4.32761588 0.00000000
      vertex -10.47604672 -4.29601835 0.00000000
      vertex -10.37820233 2.09293225 0.00000000
    endloop
  endfacet
  facet normal 0.00000000 0.00000000 1.00000000
    outer loop
      vertex -10.49245617 -4.35910440 0.00000000
      vertex -10.48591902 -4.32761588 0.00000000
      vertex -10.37820233 2.09293225 0.00000000
    endloop
  endfacet
  facet normal 0.00000000 0.00000000 1.00000000
    outer loop
      vertex -10.49608068 -4.39020167 0.00000000
      vertex -10.49245617 -4.35910440 0.00000000
      vertex -10.37820233 2.09293225 0.00000000
    endloop
  endfacet
  facet normal 0.00000000 0.00000000 1.00000000
    outer loop
      vertex -10.49720522 -4.42081174 0.00000000
      vertex -10.49608068 -4.39020167 0.00000000
      vertex -10.37820233 2.09293225 0.00000000
    endloop
  endfacet
  facet normal 0.00000000 0.00000000 1.00000000
    outer loop
      vertex -10.49720522 -4.42081174 0.00000000
      vertex -10.37820233 2.09293225 0.00000000
      vertex -10.44970270 2.08072736 0.00000000
    endloop
  endfacet
  facet normal 0.00000000 -0.00000000 1.00000000
    outer loop
      vertex -10.49720522 -4.42081174 0.00000000
      vertex -10.44970270 2.08072736 0.00000000
      vertex -10.51918017 2.06722917 0.00000000
    endloop
  endfacet
  facet normal 0.00000000 0.00000000 1.00000000
    outer loop
      vertex -10.49720522 -4.42081174 0.00000000
      vertex -10.51918017 2.06722917 0.00000000
      vertex -10.58762951 2.05227289 0.00000000
    endloop
  endfacet
  facet normal 0.00000000 0.00000000 1.00000000
    outer loop
      vertex -10.49720522 -4.42081174 0.00000000
      vertex -10.58762951 2.05227289 0.00000000
      vertex -10.65505682 2.03586224 0.00000000
    endloop
  endfacet
  facet normal 0.00000000 0.00000000 1.00000000
    outer loop
      vertex -10.49720522 -4.42081174 0.00000000
      vertex -10.65505682 2.03586224 0.00000000
      vertex -10.72146880 2.01800053 0.00000000
    endloop
  endfacet
  facet normal 0.00000000 0.00000000 1.00000000
    outer loop
      vertex -10.49627808 -4.44823896 0.00000000
      vertex -10.49720522 -4.42081174 0.00000000
      vertex -10.72146880 2.01800053 0.00000000
    endloop
  endfacet
  facet normal 0.00000000 0.00000000 1.00000000
    outer loop
      vertex -10.49627808 -4.44823896 0.00000000
      vertex -10.72146880 2.01800053 0.00000000
      vertex -10.78687263 1.99869062 0.00000000
    endloop
  endfacet
  facet normal 0.00000000 0.00000000 1.00000000
    outer loop
      vertex -10.49627808 -4.44823896 0.00000000
      vertex -10.78687263 1.99869062 0.00000000
      vertex -10.85127603 1.97793483 0.00000000
    endloop
  endfacet
  facet normal 0.00000000 0.00000000 1.00000000
    outer loop
      vertex -10.49627808 -4.44823896 0.00000000
      vertex -10.85127603 1.97793483 0.00000000
      vertex -10.91468716 1.95573488 0.00000000
    endloop
  endfacet
  facet normal 0.00000000 0.00000000 1.00000000
    outer loop
      vertex -10.41233908 -5.77871159 0.00000000
      vertex -10.49627808 -4.44823896 0.00000000
      vertex -10.91468716 1.95573488 0.00000000
    endloop
  endfacet
  facet normal 0.00000000 0.00000000 1.00000000
    outer loop
      vertex -10.41233908 -5.77871159 0.00000000
      vertex -10.91468716 1.95573488 0.00000000
      vertex -10.97711454 1.93209185 0.00000000
    endloop
  endfacet
  facet normal 0.00000000 0.00000000 1.00000000
    outer loop
      vertex -10.41233908 -5.77871159 0.00000000
      vertex -10.97711454 1.93209185 0.00000000
      vertex -11.03856706 1.90700614 0.00000000
    endloop
  endfacet
  facet normal 0.00000000 0.00000000 1.00000000
    outer loop
      vertex -10.41233908 -5.77871159 0.00000000
      vertex -11.03856706 1.90700614 0.00000000
      vertex -11.09905381 1.88047738 0.00000000
    endloop
  endfacet
  facet normal 0.00000000 0.00000000 1.00000000
    outer loop
      vertex -10.41233908 -5.77871159 0.00000000
      vertex -11.09905381 1.88047738 0.00000000
      vertex -11.15858406 1.85250447 0.00000000
    endloop
  endfacet
  facet normal 0.00000000 0.00000000 1.00000000
    outer loop
      vertex -10.41233908 -5.77871159 0.00000000
      vertex -11.15858406 1.85250447 0.00000000
      vertex -11.21716715 1.82308552 0.00000000
    endloop
  endfacet
  facet normal 0.00000000 0.00000000 1.00000000
    outer loop
      vertex -10.41233908 -5.77871159 0.00000000
      vertex -11.21716715 1.82308552 0.00000000
      vertex -11.27481237 1.79221787 0.00000000
    endloop
  endfacet
  facet normal 0.00000000 0.00000000 1.00000000
    outer loop
      vertex -10.41233908 -5.77871159 0.00000000
      vertex -11.27481237 1.79221787 0.00000000
      vertex -11.33152890 1.75989806 0.00000000
    endloop
  endfacet
  facet normal 0.00000000 0.00000000 1.00000000
    outer loop
      vertex -10.41233908 -5.77871159 0.00000000
      vertex -11.33152890 1.75989806 0.00000000
      vertex -11.38732567 1.72612190 0.00000000
    endloop
  endfacet
  facet normal 0.00000000 0.00000000 1.00000000
    outer loop
      vertex -10.41233908 -5.77871159 0.00000000
      vertex -11.38732567 1.72612190 0.00000000
      vertex -11.44221131 1.69088448 0.00000000
    endloop
  endfacet
  facet normal 0.00000000 0.00000000 1.00000000
    outer loop
      vertex -10.41233908 -5.77871159 0.00000000
      vertex -11.44221131 1.69088448 0.00000000
      vertex -11.49619401 1.65418023 0.00000000
    endloop
  endfacet
  facet normal 0.00000000 0.00000000 1.00000000
    outer loop
      vertex -10.41233908 -5.77871159 0.00000000
      vertex -11.49619401 1.65418023 0.00000000
      vertex -11.54928148 1.61600296 0.00000000
    endloop
  endfacet
  facet normal 0.00000000 0.00000000 1.00000000
    outer loop
      vertex -10.41233908 -5.77871159 0.00000000
      vertex -11.54928148 1.61600296 0.00000000
      vertex -11.60148084 1.57634594 0.00000000
    endloop
  endfacet
  facet normal 0.00000000 0.00000000 1.00000000
    outer loop
      vertex -10.41056786 -5.78970153 0.00000000
      vertex -10.41233908 -5.77871159 0.00000000
      vertex -11.60148084 1.57634594 0.00000000
    endloop
  endfacet
  facet normal 0.00000000 0.00000000 1.00000000
    outer loop
      vertex -10.41056786 -5.78970153 0.00000000
      vertex -11.60148084 1.57634594 0.00000000
      vertex -11.65279860 1.53520202 0.00000000
    endloop
  endfacet
  facet normal 0.00000000 0.00000000 1.00000000
    outer loop
      vertex -10.41056786 -5.78970153 0.00000000
      vertex -11.65279860 1.53520202 0.00000000
      vertex -11.70324055 1.49256363 0.00000000
    endloop
  endfacet
  facet normal 0.00000000 0.00000000 1.00000000
    outer loop
      vertex -10.41056786 -5.78970153 0.00000000
      vertex -11.70324055 1.49256363 0.00000000
      vertex -11.75281176 1.44842295 0.00000000
    endloop
  endfacet
  facet normal 0.00000000 0.00000000 1.00000000
    outer loop
      vertex -10.41056786 -5.78970153 0.00000000
      vertex -11.75281176 1.44842295 0.00000000
      vertex -11.80151656 1.40277195 0.00000000
    endloop
  endfacet
  facet normal 0.00000000 0.00000000 1.00000000
    outer loop
      vertex -10.41056786 -5.78970153 0.00000000
      vertex -11.80151656 1.40277195 0.00000000
      vertex -11.84935851 1.35560250 0.00000000
    endloop
  endfacet
  facet normal 0.00000000 0.00000000 1.00000000
    outer loop
      vertex -10.41056786 -5.78970153 0.00000000
      vertex -11.84935851 1.35560250 0.00000000
      vertex -11.89634038 1.30690646 0.00000000
    endloop
  endfacet
  facet normal 0.00000000 0.00000000 1.00000000
    outer loop
      vertex -10.41056786 -5.78970153 0.00000000
      vertex -11.89634038 1.30690646 0.00000000
      vertex -11.94246423 1.25667574 0.00000000
    endloop
  endfacet
  facet normal 0.00000000 0.00000000 1.00000000
    outer loop
      vertex -10.41056786 -5.78970153 0.00000000
      vertex -11.94246423 1.25667574 0.00000000
      vertex -11.98773135 1.20490241 0.00000000
    endloop
  endfacet
  facet normal 0.00000000 0.00000000 1.00000000
    outer loop
      vertex -10.41056786 -5.78970153 0.00000000
      vertex -11.98773135 1.20490241 0.00000000
      vertex -12.03214237 1.15157874 0.00000000
    endloop
  endfacet
  facet normal 0.00000000 0.00000000 1.00000000
    outer loop
      vertex -10.41056786 -5.78970153 0.00000000
      vertex -12.03214237 1.15157874 0.00000000
      vertex -12.07569723 1.09669727 0.00000000
    endloop
  endfacet
  facet normal 0.00000000 0.00000000 1.00000000
    outer loop
      vertex -10.41056786 -5.78970153 0.00000000
      vertex -12.07569723 1.09669727 0.00000000
      vertex -12.11839529 1.04025087 0.00000000
    endloop
  endfacet
  facet normal 0.00000000 0.00000000 1.00000000
    outer loop
      vertex -10.41056786 -5.78970153 0.00000000
      vertex -12.11839529 1.04025087 0.00000000
      vertex -12.16082234 0.98141883 0.00000000
    endloop
  endfacet
  facet normal 0.00000000 0.00000000 1.00000000
    outer loop
      vertex -10.41056786 -5.78970153 0.00000000
      vertex -12.16082234 0.98141883 0.00000000
      vertex -12.62678201 0.31971656 0.00000000
    endloop
  endfacet
  facet normal 0.00000000 0.00000000 1.00000000
    outer loop
      vertex -10.41056786 -5.78970153 0.00000000
      vertex -12.62678201 0.31971656 0.00000000
      vertex -12.68349495 0.23723076 0.00000000
    endloop
  endfacet
  facet normal 0.00000000 0.00000000 1.00000000
    outer loop
      vertex -10.41056786 -5.78970153 0.00000000
      vertex -12.68349495 0.23723076 0.00000000
      vertex -12.73722844 0.15514363 0.00000000
    endloop
  endfacet
  facet normal 0.00000000 0.00000000 1.00000000
    outer loop
      vertex -10.41056786 -5.78970153 0.00000000
      vertex -12.73722844 0.15514363 0.00000000
      vertex -12.78855536 0.07263047 0.00000000
    endloop
  endfacet
  facet normal 0.00000000 0.00000000 1.00000000
    outer loop
      vertex -10.41056786 -5.78970153 0.00000000
      vertex -12.78855536 0.07263047 0.00000000
      vertex -12.83748253 -0.01031051 0.00000000
    endloop
  endfacet
  facet normal 0.00000000 0.00000000 1.00000000
    outer loop
      vertex -10.41056786 -5.78970153 0.00000000
      vertex -12.83748253 -0.01031051 0.00000000
      vertex -12.88401687 -0.09368177 0.00000000
    endloop
  endfacet
  facet normal 0.00000000 0.00000000 1.00000000
    outer loop
      vertex -10.41056786 -5.78970153 0.00000000
      vertex -12.88401687 -0.09368177 0.00000000
      vertex -12.92816533 -0.17748646 0.00000000
    endloop
  endfacet
  facet normal 0.00000000 0.00000000 1.00000000
    outer loop
      vertex -10.41056786 -5.78970153 0.00000000
      vertex -12.92816533 -0.17748646 0.00000000
      vertex -12.96993482 -0.26172847 0.00000000
    endloop
  endfacet
  facet normal 0.00000000 0.00000000 1.00000000
    outer loop
      vertex -10.41056786 -5.78970153 0.00000000
      vertex -12.96993482 -0.26172847 0.00000000
      vertex -13.00933214 -0.34641238 0.00000000
    endloop
  endfacet
  facet normal 0.00000000 0.00000000 1.00000000
    outer loop
      vertex -10.41056786 -5.78970153 0.00000000
      vertex -13.00933214 -0.34641238 0.00000000
      vertex -13.04636390 -0.43154348 0.00000000
    endloop
  endfacet
  facet normal 0.00000000 0.00000000 1.00000000
    outer loop
      vertex -10.41056786 -5.78970153 0.00000000
      vertex -13.04636390 -0.43154348 0.00000000
      vertex -13.08103645 -0.51712777 0.00000000
    endloop
  endfacet
  facet normal 0.00000000 0.00000000 1.00000000
    outer loop
      vertex -10.41056786 -5.78970153 0.00000000
      vertex -13.08103645 -0.51712777 0.00000000
      vertex -13.11335576 -0.60317192 0.00000000
    endloop
  endfacet
  facet normal 0.00000000 0.00000000 1.00000000
    outer loop
      vertex -10.41056786 -5.78970153 0.00000000
      vertex -13.11335576 -0.60317192 0.00000000
      vertex -13.14332742 -0.68968321 0.00000000
    endloop
  endfacet
  facet normal 0.00000000 0.00000000 1.00000000
    outer loop
      vertex -10.41056786 -5.78970153 0.00000000
      vertex -13.14332742 -0.68968321 0.00000000
      vertex -13.17095646 -0.77666952 0.00000000
    endloop
  endfacet
  facet normal 0.00000000 0.00000000 1.00000000
    outer loop
      vertex -10.41056786 -5.78970153 0.00000000
      vertex -13.17095646 -0.77666952 0.00000000
      vertex -13.19624740 -0.86413923 0.00000000
    endloop
  endfacet
  facet normal 0.00000000 0.00000000 1.00000000
    outer loop
      vertex -10.41056786 -5.78970153 0.00000000
      vertex -13.19624740 -0.86413923 0.00000000
      vertex -13.21920409 -0.95210115 0.00000000
    endloop
  endfacet
  facet normal 0.00000000 0.00000000 1.00000000
    outer loop
      vertex -10.41056786 -5.78970153 0.00000000
      vertex -13.21920409 -0.95210115 0.00000000
      vertex -13.23982971 -1.04056444 0.00000000
    endloop
  endfacet
  facet normal 0.00000000 0.00000000 1.00000000
    outer loop
      vertex -10.41056786 -5.78970153 0.00000000
      vertex -13.23982971 -1.04056444 0.00000000
      vertex -13.25812672 -1.12953854 0.00000000
    endloop
  endfacet
  facet normal 0.00000000 0.00000000 1.00000000
    outer loop
      vertex -10.41056786 -5.78970153 0.00000000
      vertex -13.25812672 -1.12953854 0.00000000
      vertex -13.27409684 -1.21903303 0.00000000
    endloop
  endfacet
  facet normal 0.00000000 0.00000000 1.00000000
    outer loop
      vertex -10.41056786 -5.78970153 0.00000000
      vertex -13.27409684 -1.21903303 0.00000000
      vertex -13.28774101 -1.30905757 0.00000000
    endloop
  endfacet
  facet normal 0.00000000 0.00000000 1.00000000
    outer loop
      vertex -10.41056786 -5.78970153 0.00000000
      vertex -13.28774101 -1.30905757 0.00000000
      vertex -13.29905941 -1.39962178 0.00000000
    endloop
  endfacet
  facet normal 0.00000000 0.00000000 1.00000000
    outer loop
      vertex -10.41056786 -5.78970153 0.00000000
      vertex -13.29905941 -1.39962178 0.00000000
      vertex -13.30805147 -1.49073516 0.00000000
    endloop
  endfacet
  facet normal 0.00000000 0.00000000 1.00000000
    outer loop
      vertex -10.41056786 -5.78970153 0.00000000
      vertex -13.30805147 -1.49073516 0.00000000
      vertex -13.31471589 -1.58240696 0.00000000
    endloop
  endfacet
  facet normal 0.00000000 0.00000000 1.00000000
    outer loop
      vertex -10.41056786 -5.78970153 0.00000000
      vertex -13.31471589 -1.58240696 0.00000000
      vertex -13.31905067 -1.67464613 0.00000000
    endloop
  endfacet
  facet normal 0.00000000 0.00000000 1.00000000
    outer loop
      vertex -10.41056786 -5.78970153 0.00000000
      vertex -13.31905067 -1.67464613 0.00000000
      vertex -13.32105316 -1.76746125 0.00000000
    endloop
  endfacet
  facet normal 0.00000000 0.00000000 1.00000000
    outer loop
      vertex -10.41056786 -5.78970153 0.00000000
      vertex -13.32105316 -1.76746125 0.00000000
      vertex -13.32072010 -1.86086040 0.00000000
    endloop
  endfacet
  facet normal 0.00000000 0.00000000 1.00000000
    outer loop
      vertex -10.41056786 -5.78970153 0.00000000
      vertex -13.32072010 -1.86086040 0.00000000
      vertex -13.31804772 -1.95485117 0.00000000
    endloop
  endfacet
  facet normal 0.00000000 0.00000000 1.00000000
    outer loop
      vertex -10.41056786 -5.78970153 0.00000000
      vertex -13.31804772 -1.95485117 0.00000000
      vertex -13.31303175 -2.04944057 0.00000000
    endloop
  endfacet
  facet normal 0.00000000 0.00000000 1.00000000
    outer loop
      vertex -10.41056786 -5.78970153 0.00000000
      vertex -13.31303175 -2.04944057 0.00000000
      vertex -13.30566755 -2.14463501 0.00000000
    endloop
  endfacet
  facet normal 0.00000000 0.00000000 1.00000000
    outer loop
      vertex -10.41056786 -5.78970153 0.00000000
      vertex -13.30566755 -2.14463501 0.00000000
      vertex -13.29595012 -2.24044025 0.00000000
    endloop
  endfacet
  facet normal 0.00000000 0.00000000 1.00000000
    outer loop
      vertex -10.41056786 -5.78970153 0.00000000
      vertex -13.29595012 -2.24044025 0.00000000
      vertex -13.28387420 -2.33686144 0.00000000
    endloop
  endfacet
  facet normal 0.00000000 0.00000000 1.00000000
    outer loop
      vertex -10.41056786 -5.78970153 0.00000000
      vertex -13.28387420 -2.33686144 0.00000000
      vertex -13.26943437 -2.43390306 0.00000000
    endloop
  endfacet
  facet normal 0.00000000 0.00000000 1.00000000
    outer loop
      vertex -10.41056786 -5.78970153 0.00000000
      vertex -13.26943437 -2.43390306 0.00000000
      vertex -13.25245552 -2.53255388 0.00000000
    endloop
  endfacet
  facet normal 0.00000000 0.00000000 1.00000000
    outer loop
      vertex -10.41056786 -5.78970153 0.00000000
      vertex -13.25245552 -2.53255388 0.00000000
      vertex -12.95296907 -4.16309122 0.00000000
    endloop
  endfacet
  facet normal 0.00000000 0.00000000 1.00000000
    outer loop
      vertex -10.41056786 -5.78970153 0.00000000
      vertex -12.95296907 -4.16309122 0.00000000
      vertex -12.93876800 -4.23454851 0.00000000
    endloop
  endfacet
  facet normal 0.00000000 0.00000000 1.00000000
    outer loop
      vertex -10.41056786 -5.78970153 0.00000000
      vertex -12.93876800 -4.23454851 0.00000000
      vertex -12.92308710 -4.30272592 0.00000000
    endloop
  endfacet
  facet normal 0.00000000 0.00000000 1.00000000
    outer loop
      vertex -10.41056786 -5.78970153 0.00000000
      vertex -12.92308710 -4.30272592 0.00000000
      vertex -12.90569312 -4.36889028 0.00000000
    endloop
  endfacet
  facet normal 0.00000000 0.00000000 1.00000000
    outer loop
      vertex -10.41056786 -5.78970153 0.00000000
      vertex -12.90569312 -4.36889028 0.00000000
      vertex -12.88660275 -4.43305261 0.00000000
    endloop
  endfacet
  facet normal 0.00000000 0.00000000 1.00000000
    outer loop
      vertex -10.41056786 -5.78970153 0.00000000
      vertex -12.88660275 -4.43305261 0.00000000
      vertex -12.86583215 -4.49522687 0.00000000
    endloop
  endfacet
  facet normal 0.00000000 0.00000000 1.00000000
    outer loop
      vertex -10.41056786 -5.78970153 0.00000000
      vertex -12.86583215 -4.49522687 0.00000000
      vertex -12.84339644 -4.55543014 0.00000000
    endloop
  endfacet
  facet normal 0.00000000 0.00000000 1.00000000
    outer loop
      vertex -10.41056786 -5.78970153 0.00000000
      vertex -12.84339644 -4.55543014 0.00000000
      vertex -12.81930921 -4.61368267 0.00000000
    endloop
  endfacet
  facet normal 0.00000000 0.00000000 1.00000000
    outer loop
      vertex -10.41056786 -5.78970153 0.00000000
      vertex -12.81930921 -4.61368267 0.00000000
      vertex -12.79358196 -4.67000787 0.00000000
    endloop
  endfacet
  facet normal 0.00000000 0.00000000 1.00000000
    outer loop
      vertex -10.41056786 -5.78970153 0.00000000
      vertex -12.79358196 -4.67000787 0.00000000
      vertex -12.76622350 -4.72443213 0.00000000
    endloop
  endfacet
  facet normal 0.00000000 0.00000000 1.00000000
    outer loop
      vertex -10.41056786 -5.78970153 0.00000000
      vertex -12.76622350 -4.72443213 0.00000000
      vertex -12.73723938 -4.77698452 0.00000000
    endloop
  endfacet
  facet normal 0.00000000 0.00000000 1.00000000
    outer loop
      vertex -10.41056786 -5.78970153 0.00000000
      vertex -12.73723938 -4.77698452 0.00000000
      vertex -12.70663138 -4.82769639 0.00000000
    endloop
  endfacet
  facet normal 0.00000000 0.00000000 1.00000000
    outer loop
      vertex -10.41056786 -5.78970153 0.00000000
      vertex -12.70663138 -4.82769639 0.00000000
      vertex -12.67439707 -4.87660075 0.00000000
    endloop
  endfacet
  facet normal 0.00000000 0.00000000 1.00000000
    outer loop
      vertex -10.41056786 -5.78970153 0.00000000
      vertex -12.67439707 -4.87660075 0.00000000
      vertex -12.64052948 -4.92373152 0.00000000
    endloop
  endfacet
  facet normal 0.00000000 0.00000000 1.00000000
    outer loop
      vertex -10.41056786 -5.78970153 0.00000000
      vertex -12.64052948 -4.92373152 0.00000000
      vertex -12.60501695 -4.96912277 0.00000000
    endloop
  endfacet
  facet normal 0.00000000 0.00000000 1.00000000
    outer loop
      vertex -10.41056786 -5.78970153 0.00000000
      vertex -12.60501695 -4.96912277 0.00000000
      vertex -12.56784317 -5.01280778 0.00000000
    endloop
  endfacet
  facet normal 0.00000000 0.00000000 1.00000000
    outer loop
      vertex -10.41056786 -5.78970153 0.00000000
      vertex -12.56784317 -5.01280778 0.00000000
      vertex -12.52898737 -5.05481819 0.00000000
    endloop
  endfacet
  facet normal 0.00000000 0.00000000 1.00000000
    outer loop
      vertex -10.41056786 -5.78970153 0.00000000
      vertex -12.52898737 -5.05481819 0.00000000
      vertex -12.48842481 -5.09518309 0.00000000
    endloop
  endfacet
  facet normal 0.00000000 0.00000000 1.00000000
    outer loop
      vertex -10.41056786 -5.78970153 0.00000000
      vertex -12.48842481 -5.09518309 0.00000000
      vertex -12.44612730 -5.13392831 0.00000000
    endloop
  endfacet
  facet normal 0.00000000 0.00000000 1.00000000
    outer loop
      vertex -10.41056786 -5.78970153 0.00000000
      vertex -12.44612730 -5.13392831 0.00000000
      vertex -12.40206400 -5.17107572 0.00000000
    endloop
  endfacet
  facet normal 0.00000000 0.00000000 1.00000000
    outer loop
      vertex -10.41056786 -5.78970153 0.00000000
      vertex -12.40206400 -5.17107572 0.00000000
      vertex -12.35620222 -5.20664285 0.00000000
    endloop
  endfacet
  facet normal 0.00000000 0.00000000 1.00000000
    outer loop
      vertex -10.41056786 -5.78970153 0.00000000
      vertex -12.35620222 -5.20664285 0.00000000
      vertex -12.30850837 -5.24064260 0.00000000
    endloop
  endfacet
  facet normal 0.00000000 0.00000000 1.00000000
    outer loop
      vertex -10.41056786 -5.78970153 0.00000000
      vertex -12.30850837 -5.24064260 0.00000000
      vertex -12.25894878 -5.27308317 0.00000000
    endloop
  endfacet
  facet normal 0.00000000 0.00000000 1.00000000
    outer loop
      vertex -10.41056786 -5.78970153 0.00000000
      vertex -12.25894878 -5.27308317 0.00000000
      vertex -12.20749056 -5.30396820 0.00000000
    endloop
  endfacet
  facet normal 0.00000000 0.00000000 1.00000000
    outer loop
      vertex -10.41056786 -5.78970153 0.00000000
      vertex -12.20749056 -5.30396820 0.00000000
      vertex -12.15410233 -5.33329706 0.00000000
    endloop
  endfacet
  facet normal 0.00000000 0.00000000 1.00000000
    outer loop
      vertex -10.41056786 -5.78970153 0.00000000
      vertex -12.15410233 -5.33329706 0.00000000
      vertex -12.09875482 -5.36106525 0.00000000
    endloop
  endfacet
  facet normal 0.00000000 0.00000000 1.00000000
    outer loop
      vertex -10.41056786 -5.78970153 0.00000000
      vertex -12.09875482 -5.36106525 0.00000000
      vertex -12.04142134 -5.38726494 0.00000000
    endloop
  endfacet
  facet normal 0.00000000 0.00000000 1.00000000
    outer loop
      vertex -10.41056786 -5.78970153 0.00000000
      vertex -12.04142134 -5.38726494 0.00000000
      vertex -11.98207807 -5.41188550 0.00000000
    endloop
  endfacet
  facet normal 0.00000000 0.00000000 1.00000000
    outer loop
      vertex -10.41056786 -5.78970153 0.00000000
      vertex -11.98207807 -5.41188550 0.00000000
      vertex -11.92070429 -5.43491408 0.00000000
    endloop
  endfacet
  facet normal 0.00000000 0.00000000 1.00000000
    outer loop
      vertex -10.41056786 -5.78970153 0.00000000
      vertex -11.92070429 -5.43491408 0.00000000
      vertex -11.85728237 -5.45633620 0.00000000
    endloop
  endfacet
  facet normal 0.00000000 0.00000000 1.00000000
    outer loop
      vertex -10.41056786 -5.78970153 0.00000000
      vertex -11.85728237 -5.45633620 0.00000000
      vertex -11.79179777 -5.47613621 0.00000000
    endloop
  endfacet
  facet normal 0.00000000 0.00000000 1.00000000
    outer loop
      vertex -10.41056786 -5.78970153 0.00000000
      vertex -11.79179777 -5.47613621 0.00000000
      vertex -11.72423887 -5.49429784 0.00000000
    endloop
  endfacet
  facet normal 0.00000000 0.00000000 1.00000000
    outer loop
      vertex -10.41056786 -5.78970153 0.00000000
      vertex -11.72423887 -5.49429784 0.00000000
      vertex -11.65334821 -5.51110048 0.00000000
    endloop
  endfacet
  facet normal -0.00000000 0.00000000 -1.00000000
    outer loop
      vertex -10.40399874 -5.78133661 0.00000000
      vertex -10.41056786 -5.78970153 0.00000000
      vertex -11.65334821 -5.51110048 0.00000000
    endloop
  endfacet
  facet normal -0.20150455 -0.97948758 0.00000000
    outer loop
      vertex -10.45389653 -5.77683068 0.00000000
      vertex -10.45389653 -5.77683068 0.20000000
      vertex -10.46768433 -5.77399419 0.20000000
    endloop
  endfacet
  facet normal -0.20150455 -0.97948758 0.00000000
    outer loop
      vertex -10.46768433 -5.77399419 0.00000000
      vertex -10.45389653 -5.77683068 0.00000000
      vertex -10.46768433 -5.77399419 0.20000000
    endloop
  endfacet
  facet normal -0.16954283 -0.98552282 0.00000000
    outer loop
      vertex -10.44251979 -5.77878786 0.00000000
      vertex -10.44251979 -5.77878786 0.20000000
      vertex -10.45389653 -5.77683068 0.20000000
    endloop
  endfacet
  facet normal -0.16954283 -0.98552282 0.00000000
    outer loop
      vertex -10.45389653 -5.77683068 0.00000000
      vertex -10.44251979 -5.77878786 0.00000000
      vertex -10.45389653 -5.77683068 0.20000000
    endloop
  endfacet
  facet normal -0.13465230 -0.99089291 0.00000000
    outer loop
      vertex -10.43230598 -5.78017581 0.00000000
      vertex -10.43230598 -5.78017581 0.20000000
      vertex -10.44251979 -5.77878786 0.20000000
    endloop
  endfacet
  facet normal -0.13465230 -0.99089291 0.00000000
    outer loop
      vertex -10.44251979 -5.77878786 0.00000000
      vertex -10.43230598 -5.78017581 0.00000000
      vertex -10.44251979 -5.77878786 0.20000000
    endloop
  endfacet
  facet normal -0.07739521 -0.99700049 0.00000000
    outer loop
      vertex -10.41555963 -5.78147580 0.00000000
      vertex -10.41555963 -5.78147580 0.20000000
      vertex -10.43230598 -5.78017581 0.20000000
    endloop
  endfacet
  facet normal -0.07739521 -0.99700049 0.00000000
    outer loop
      vertex -10.43230598 -5.78017581 0.00000000
      vertex -10.41555963 -5.78147580 0.00000000
      vertex -10.43230598 -5.78017581 0.20000000
    endloop
  endfacet
  facet normal 0.01203923 -0.99992753 0.00000000
    outer loop
      vertex -10.40399874 -5.78133661 0.00000000
      vertex -10.40399874 -5.78133661 0.20000000
      vertex -10.41555963 -5.78147580 0.20000000
    endloop
  endfacet
  facet normal 0.01203923 -0.99992753 0.00000000
    outer loop
      vertex -10.41555963 -5.78147580 0.00000000
      vertex -10.40399874 -5.78133661 0.00000000
      vertex -10.41555963 -5.78147580 0.20000000
    endloop
  endfacet
  facet normal -0.78647003 0.61762844 0.00000000
    outer loop
      vertex -10.41056786 -5.78970153 0.00000000
      vertex -10.41056786 -5.78970153 0.20000000
      vertex -10.40399874 -5.78133661 0.20000000
    endloop
  endfacet
  facet normal -0.78647003 0.61762844 0.00000000
    outer loop
      vertex -10.40399874 -5.78133661 0.00000000
      vertex -10.41056786 -5.78970153 0.00000000
      vertex -10.40399874 -5.78133661 0.20000000
    endloop
  endfacet
  facet normal 0.98726023 0.15911390 -0.00000000
    outer loop
      vertex -10.41233908 -5.77871159 0.00000000
      vertex -10.41233908 -5.77871159 0.20000000
      vertex -10.41056786 -5.78970153 0.20000000
    endloop
  endfacet
  facet normal 0.98726023 0.15911390 -0.00000000
    outer loop
      vertex -10.41056786 -5.78970153 0.00000000
      vertex -10.41233908 -5.77871159 0.00000000
      vertex -10.41056786 -5.78970153 0.20000000
    endloop
  endfacet
  facet normal 0.99720877 -0.07466377 0.00000000
    outer loop
      vertex -10.41108497 -5.76196174 0.00000000
      vertex -10.41108497 -5.76196174 0.20000000
      vertex -10.41233908 -5.77871159 0.20000000
    endloop
  endfacet
  facet normal 0.99720877 -0.07466377 0.00000000
    outer loop
      vertex -10.41233908 -5.77871159 0.00000000
      vertex -10.41108497 -5.76196174 0.00000000
      vertex -10.41233908 -5.77871159 0.20000000
    endloop
  endfacet
  facet normal 0.99985305 -0.01714260 0.00000000
    outer loop
      vertex -10.41090827 -5.75165557 0.00000000
      vertex -10.41090827 -5.75165557 0.20000000
      vertex -10.41108497 -5.76196174 0.20000000
    endloop
  endfacet
  facet normal 0.99985305 -0.01714260 0.00000000
    outer loop
      vertex -10.41108497 -5.76196174 0.00000000
      vertex -10.41090827 -5.75165557 0.00000000
      vertex -10.41108497 -5.76196174 0.20000000
    endloop
  endfacet
  facet normal 0.99983512 0.01815877 -0.00000000
    outer loop
      vertex -10.41111789 -5.74011361 0.00000000
      vertex -10.41111789 -5.74011361 0.20000000
      vertex -10.41090827 -5.75165557 0.20000000
    endloop
  endfacet
  facet normal 0.99983512 0.01815877 -0.00000000
    outer loop
      vertex -10.41090827 -5.75165557 0.00000000
      vertex -10.41111789 -5.74011361 0.00000000
      vertex -10.41090827 -5.75165557 0.20000000
    endloop
  endfacet
  facet normal 0.99871565 0.05066603 -0.00000000
    outer loop
      vertex -10.41183109 -5.72605514 0.00000000
      vertex -10.41183109 -5.72605514 0.20000000
      vertex -10.41111789 -5.74011361 0.20000000
    endloop
  endfacet
  facet normal 0.99871565 0.05066603 -0.00000000
    outer loop
      vertex -10.41111789 -5.74011361 0.00000000
      vertex -10.41183109 -5.72605514 0.00000000
      vertex -10.41111789 -5.74011361 0.20000000
    endloop
  endfacet
  facet normal 0.99782338 0.06594311 -0.00000000
    outer loop
      vertex -10.49627808 -4.44823896 0.00000000
      vertex -10.49627808 -4.44823896 0.20000000
      vertex -10.41183109 -5.72605514 0.20000000
    endloop
  endfacet
  facet normal 0.99782338 0.06594311 -0.00000000
    outer loop
      vertex -10.41183109 -5.72605514 0.00000000
      vertex -10.49627808 -4.44823896 0.00000000
      vertex -10.41183109 -5.72605514 0.20000000
    endloop
  endfacet
  facet normal 0.99942915 0.03378437 -0.00000000
    outer loop
      vertex -10.49720522 -4.42081174 0.00000000
      vertex -10.49720522 -4.42081174 0.20000000
      vertex -10.49627808 -4.44823896 0.20000000
    endloop
  endfacet
  facet normal 0.99942915 0.03378437 -0.00000000
    outer loop
      vertex -10.49627808 -4.44823896 0.00000000
      vertex -10.49720522 -4.42081174 0.00000000
      vertex -10.49627808 -4.44823896 0.20000000
    endloop
  endfacet
  facet normal 0.99932586 -0.03671271 0.00000000
    outer loop
      vertex -10.49608068 -4.39020167 0.00000000
      vertex -10.49608068 -4.39020167 0.20000000
      vertex -10.49720522 -4.42081174 0.20000000
    endloop
  endfacet
  facet normal 0.99932586 -0.03671271 0.00000000
    outer loop
      vertex -10.49720522 -4.42081174 0.00000000
      vertex -10.49608068 -4.39020167 0.00000000
      vertex -10.49720522 -4.42081174 0.20000000
    endloop
  endfacet
  facet normal 0.99327601 -0.11577032 0.00000000
    outer loop
      vertex -10.49245617 -4.35910440 0.00000000
      vertex -10.49245617 -4.35910440 0.20000000
      vertex -10.49608068 -4.39020167 0.20000000
    endloop
  endfacet
  facet normal 0.99327601 -0.11577032 0.00000000
    outer loop
      vertex -10.49608068 -4.39020167 0.00000000
      vertex -10.49245617 -4.35910440 0.00000000
      vertex -10.49608068 -4.39020167 0.20000000
    endloop
  endfacet
  facet normal 0.97912274 -0.20326994 0.00000000
    outer loop
      vertex -10.48591902 -4.32761588 0.00000000
      vertex -10.48591902 -4.32761588 0.20000000
      vertex -10.49245617 -4.35910440 0.20000000
    endloop
  endfacet
  facet normal 0.97912274 -0.20326994 0.00000000
    outer loop
      vertex -10.49245617 -4.35910440 0.00000000
      vertex -10.48591902 -4.32761588 0.00000000
      vertex -10.49245617 -4.35910440 0.20000000
    endloop
  endfacet
  facet normal 0.95449657 -0.29822188 0.00000000
    outer loop
      vertex -10.47604672 -4.29601835 0.00000000
      vertex -10.47604672 -4.29601835 0.20000000
      vertex -10.48591902 -4.32761588 0.20000000
    endloop
  endfacet
  facet normal 0.95449657 -0.29822188 0.00000000
    outer loop
      vertex -10.48591902 -4.32761588 0.00000000
      vertex -10.47604672 -4.29601835 0.00000000
      vertex -10.48591902 -4.32761588 0.20000000
    endloop
  endfacet
  facet normal 0.91718320 -0.39846578 0.00000000
    outer loop
      vertex -10.46249271 -4.26481991 0.00000000
      vertex -10.46249271 -4.26481991 0.20000000
      vertex -10.47604672 -4.29601835 0.20000000
    endloop
  endfacet
  facet normal 0.91718320 -0.39846578 0.00000000
    outer loop
      vertex -10.47604672 -4.29601835 0.00000000
      vertex -10.46249271 -4.26481991 0.00000000
      vertex -10.47604672 -4.29601835 0.20000000
    endloop
  endfacet
  facet normal 0.86569993 -0.50056332 0.00000000
    outer loop
      vertex -10.44510052 -4.23474096 0.00000000
      vertex -10.44510052 -4.23474096 0.20000000
      vertex -10.46249271 -4.26481991 0.20000000
    endloop
  endfacet
  facet normal 0.86569993 -0.50056332 0.00000000
    outer loop
      vertex -10.46249271 -4.26481991 0.00000000
      vertex -10.44510052 -4.23474096 0.00000000
      vertex -10.46249271 -4.26481991 0.20000000
    endloop
  endfacet
  facet normal 0.79994120 -0.60007839 0.00000000
    outer loop
      vertex -10.42400589 -4.20662053 0.00000000
      vertex -10.42400589 -4.20662053 0.20000000
      vertex -10.44510052 -4.23474096 0.20000000
    endloop
  endfacet
  facet normal 0.79994120 -0.60007839 0.00000000
    outer loop
      vertex -10.44510052 -4.23474096 0.00000000
      vertex -10.42400589 -4.20662053 0.00000000
      vertex -10.44510052 -4.23474096 0.20000000
    endloop
  endfacet
  facet normal 0.72159518 -0.69231525 0.00000000
    outer loop
      vertex -10.39966885 -4.18125421 0.00000000
      vertex -10.39966885 -4.18125421 0.20000000
      vertex -10.42400589 -4.20662053 0.20000000
    endloop
  endfacet
  facet normal 0.72159518 -0.69231525 0.00000000
    outer loop
      vertex -10.42400589 -4.20662053 0.00000000
      vertex -10.39966885 -4.18125421 0.00000000
      vertex -10.42400589 -4.20662053 0.20000000
    endloop
  endfacet
  facet normal 0.63403033 -0.77330818 0.00000000
    outer loop
      vertex -10.37280007 -4.15922468 0.00000000
      vertex -10.37280007 -4.15922468 0.20000000
      vertex -10.39966885 -4.18125421 0.20000000
    endloop
  endfacet
  facet normal 0.63403033 -0.77330818 0.00000000
    outer loop
      vertex -10.39966885 -4.18125421 0.00000000
      vertex -10.37280007 -4.15922468 0.00000000
      vertex -10.39966885 -4.18125421 0.20000000
    endloop
  endfacet
  facet normal 0.54160740 -0.84063156 0.00000000
    outer loop
      vertex -10.34420558 -4.14080164 0.00000000
      vertex -10.34420558 -4.14080164 0.20000000
      vertex -10.37280007 -4.15922468 0.20000000
    endloop
  endfacet
  facet normal 0.54160740 -0.84063156 0.00000000
    outer loop
      vertex -10.37280007 -4.15922468 0.00000000
      vertex -10.34420558 -4.14080164 0.00000000
      vertex -10.37280007 -4.15922468 0.20000000
    endloop
  endfacet
  facet normal 0.44872114 -0.89367183 0.00000000
    outer loop
      vertex -10.31462158 -4.12594723 0.00000000
      vertex -10.31462158 -4.12594723 0.20000000
      vertex -10.34420558 -4.14080164 0.20000000
    endloop
  endfacet
  facet normal 0.44872114 -0.89367183 0.00000000
    outer loop
      vertex -10.34420558 -4.14080164 0.00000000
      vertex -10.31462158 -4.12594723 0.00000000
      vertex -10.34420558 -4.14080164 0.20000000
    endloop
  endfacet
  facet normal 0.35900445 -0.93333585 0.00000000
    outer loop
      vertex -10.28460556 -4.11440167 0.00000000
      vertex -10.28460556 -4.11440167 0.20000000
      vertex -10.31462158 -4.12594723 0.20000000
    endloop
  endfacet
  facet normal 0.35900445 -0.93333585 0.00000000
    outer loop
      vertex -10.31462158 -4.12594723 0.00000000
      vertex -10.28460556 -4.11440167 0.00000000
      vertex -10.31462158 -4.12594723 0.20000000
    endloop
  endfacet
  facet normal 0.27494748 -0.96145925 0.00000000
    outer loop
      vertex -10.25450441 -4.10579367 0.00000000
      vertex -10.25450441 -4.10579367 0.20000000
      vertex -10.28460556 -4.11440167 0.20000000
    endloop
  endfacet
  facet normal 0.27494748 -0.96145925 0.00000000
    outer loop
      vertex -10.28460556 -4.11440167 0.00000000
      vertex -10.25450441 -4.10579367 0.00000000
      vertex -10.28460556 -4.11440167 0.20000000
    endloop
  endfacet
  facet normal 0.19791025 -0.98022014 0.00000000
    outer loop
      vertex -10.22447956 -4.09973154 0.00000000
      vertex -10.22447956 -4.09973154 0.20000000
      vertex -10.25450441 -4.10579367 0.20000000
    endloop
  endfacet
  facet normal 0.19791025 -0.98022014 0.00000000
    outer loop
      vertex -10.25450441 -4.10579367 0.00000000
      vertex -10.22447956 -4.09973154 0.00000000
      vertex -10.25450441 -4.10579367 0.20000000
    endloop
  endfacet
  facet normal 0.12835867 -0.99172781 0.00000000
    outer loop
      vertex -10.19726369 -4.09620901 0.00000000
      vertex -10.19726369 -4.09620901 0.20000000
      vertex -10.22447956 -4.09973154 0.20000000
    endloop
  endfacet
  facet normal 0.12835867 -0.99172781 0.00000000
    outer loop
      vertex -10.22447956 -4.09973154 0.00000000
      vertex -10.19726369 -4.09620901 0.00000000
      vertex -10.22447956 -4.09973154 0.20000000
    endloop
  endfacet
  facet normal 0.09636382 -0.99534618 0.00000000
    outer loop
      vertex -2.36254897 -3.33769596 0.00000000
      vertex -2.36254897 -3.33769596 0.20000000
      vertex -10.19726369 -4.09620901 0.20000000
    endloop
  endfacet
  facet normal 0.09636382 -0.99534618 0.00000000
    outer loop
      vertex -10.19726369 -4.09620901 0.00000000
      vertex -2.36254897 -3.33769596 0.00000000
      vertex -10.19726369 -4.09620901 0.20000000
    endloop
  endfacet
  facet normal 0.11213585 -0.99369289 0.00000000
    outer loop
      vertex -2.33940300 -3.33508399 0.00000000
      vertex -2.33940300 -3.33508399 0.20000000
      vertex -2.36254897 -3.33769596 0.20000000
    endloop
  endfacet
  facet normal 0.11213585 -0.99369289 0.00000000
    outer loop
      vertex -2.36254897 -3.33769596 0.00000000
      vertex -2.33940300 -3.33508399 0.00000000
      vertex -2.36254897 -3.33769596 0.20000000
    endloop
  endfacet
  facet normal 0.14505513 -0.98942357 0.00000000
    outer loop
      vertex -2.31890153 -3.33207836 0.00000000
      vertex -2.31890153 -3.33207836 0.20000000
      vertex -2.33940300 -3.33508399 0.20000000
    endloop
  endfacet
  facet normal 0.14505513 -0.98942357 0.00000000
    outer loop
      vertex -2.33940300 -3.33508399 0.00000000
      vertex -2.31890153 -3.33207836 0.00000000
      vertex -2.33940300 -3.33508399 0.20000000
    endloop
  endfacet
  facet normal 0.17984400 -0.98369514 0.00000000
    outer loop
      vertex -2.29967461 -3.32856320 0.00000000
      vertex -2.29967461 -3.32856320 0.20000000
      vertex -2.31890153 -3.33207836 0.20000000
    endloop
  endfacet
  facet normal 0.17984400 -0.98369514 0.00000000
    outer loop
      vertex -2.31890153 -3.33207836 0.00000000
      vertex -2.29967461 -3.32856320 0.00000000
      vertex -2.31890153 -3.33207836 0.20000000
    endloop
  endfacet
  facet normal 0.21652334 -0.97627744 0.00000000
    outer loop
      vertex -2.28172318 -3.32458185 0.00000000
      vertex -2.28172318 -3.32458185 0.20000000
      vertex -2.29967461 -3.32856320 0.20000000
    endloop
  endfacet
  facet normal 0.21652334 -0.97627744 0.00000000
    outer loop
      vertex -2.29967461 -3.32856320 0.00000000
      vertex -2.28172318 -3.32458185 0.00000000
      vertex -2.29967461 -3.32856320 0.20000000
    endloop
  endfacet
  facet normal 0.25508119 -0.96691964 0.00000000
    outer loop
      vertex -2.26504142 -3.32018107 0.00000000
      vertex -2.26504142 -3.32018107 0.20000000
      vertex -2.28172318 -3.32458185 0.20000000
    endloop
  endfacet
  facet normal 0.25508119 -0.96691964 0.00000000
    outer loop
      vertex -2.28172318 -3.32458185 0.00000000
      vertex -2.26504142 -3.32018107 0.00000000
      vertex -2.28172318 -3.32458185 0.20000000
    endloop
  endfacet
  facet normal 0.29546364 -0.95535399 0.00000000
    outer loop
      vertex -2.24961510 -3.31541015 0.00000000
      vertex -2.24961510 -3.31541015 0.20000000
      vertex -2.26504142 -3.32018107 0.20000000
    endloop
  endfacet
  facet normal 0.29546364 -0.95535399 0.00000000
    outer loop
      vertex -2.26504142 -3.32018107 0.00000000
      vertex -2.24961510 -3.31541015 0.00000000
      vertex -2.26504142 -3.32018107 0.20000000
    endloop
  endfacet
  facet normal 0.33756506 -0.94130220 0.00000000
    outer loop
      vertex -2.23541976 -3.31031949 0.00000000
      vertex -2.23541976 -3.31031949 0.20000000
      vertex -2.24961510 -3.31541015 0.20000000
    endloop
  endfacet
  facet normal 0.33756506 -0.94130220 0.00000000
    outer loop
      vertex -2.24961510 -3.31541015 0.00000000
      vertex -2.23541976 -3.31031949 0.00000000
      vertex -2.24961510 -3.31541015 0.20000000
    endloop
  endfacet
  facet normal 0.38121855 -0.92448495 0.00000000
    outer loop
      vertex -2.22241914 -3.30495858 0.00000000
      vertex -2.22241914 -3.30495858 0.20000000
      vertex -2.23541976 -3.31031949 0.20000000
    endloop
  endfacet
  facet normal 0.38121855 -0.92448495 0.00000000
    outer loop
      vertex -2.23541976 -3.31031949 0.00000000
      vertex -2.22241914 -3.30495858 0.00000000
      vertex -2.23541976 -3.31031949 0.20000000
    endloop
  endfacet
  facet normal 0.42618753 -0.90463484 0.00000000
    outer loop
      vertex -2.21056381 -3.29937335 0.00000000
      vertex -2.21056381 -3.29937335 0.20000000
      vertex -2.22241914 -3.30495858 0.20000000
    endloop
  endfacet
  facet normal 0.42618753 -0.90463484 0.00000000
    outer loop
      vertex -2.22241914 -3.30495858 0.00000000
      vertex -2.21056381 -3.29937335 0.00000000
      vertex -2.22241914 -3.30495858 0.20000000
    endloop
  endfacet
  facet normal 0.47215997 -0.88151288 0.00000000
    outer loop
      vertex -2.19979055 -3.29360293 0.00000000
      vertex -2.19979055 -3.29360293 0.20000000
      vertex -2.21056381 -3.29937335 0.20000000
    endloop
  endfacet
  facet normal 0.47215997 -0.88151288 0.00000000
    outer loop
      vertex -2.21056381 -3.29937335 0.00000000
      vertex -2.19979055 -3.29360293 0.00000000
      vertex -2.21056381 -3.29937335 0.20000000
    endloop
  endfacet
  facet normal 0.51874693 -0.85492785 0.00000000
    outer loop
      vertex -2.19002257 -3.28767599 0.00000000
      vertex -2.19002257 -3.28767599 0.20000000
      vertex -2.19979055 -3.29360293 0.20000000
    endloop
  endfacet
  facet normal 0.51874693 -0.85492785 0.00000000
    outer loop
      vertex -2.19979055 -3.29360293 0.00000000
      vertex -2.19002257 -3.28767599 0.00000000
      vertex -2.19979055 -3.29360293 0.20000000
    endloop
  endfacet
  facet normal 0.56548702 -0.82475720 0.00000000
    outer loop
      vertex -2.18117099 -3.28160698 0.00000000
      vertex -2.18117099 -3.28160698 0.20000000
      vertex -2.19002257 -3.28767599 0.20000000
    endloop
  endfacet
  facet normal 0.56548702 -0.82475720 0.00000000
    outer loop
      vertex -2.19002257 -3.28767599 0.00000000
      vertex -2.18117099 -3.28160698 0.00000000
      vertex -2.19002257 -3.28767599 0.20000000
    endloop
  endfacet
  facet normal 0.61185813 -0.79096753 0.00000000
    outer loop
      vertex -2.17313759 -3.27539269 0.00000000
      vertex -2.17313759 -3.27539269 0.20000000
      vertex -2.18117099 -3.28160698 0.20000000
    endloop
  endfacet
  facet normal 0.61185813 -0.79096753 0.00000000
    outer loop
      vertex -2.18117099 -3.28160698 0.00000000
      vertex -2.17313759 -3.27539269 0.00000000
      vertex -2.18117099 -3.28160698 0.20000000
    endloop
  endfacet
  facet normal 0.67921647 -0.73393800 0.00000000
    outer loop
      vertex -2.15911225 -3.26241307 0.00000000
      vertex -2.15911225 -3.26241307 0.20000000
      vertex -2.17313759 -3.27539269 0.20000000
    endloop
  endfacet
  facet normal 0.67921647 -0.73393800 0.00000000
    outer loop
      vertex -2.17313759 -3.27539269 0.00000000
      vertex -2.15911225 -3.26241307 0.00000000
      vertex -2.17313759 -3.27539269 0.20000000
    endloop
  endfacet
  facet normal 0.76306949 -0.64631645 0.00000000
    outer loop
      vertex -2.14715666 -3.24829777 0.00000000
      vertex -2.14715666 -3.24829777 0.20000000
      vertex -2.15911225 -3.26241307 0.20000000
    endloop
  endfacet
  facet normal 0.76306949 -0.64631645 0.00000000
    outer loop
      vertex -2.15911225 -3.26241307 0.00000000
      vertex -2.14715666 -3.24829777 0.00000000
      vertex -2.15911225 -3.26241307 0.20000000
    endloop
  endfacet
  facet normal 0.83569863 -0.54918832 0.00000000
    outer loop
      vertex -2.13666183 -3.23232781 0.00000000
      vertex -2.13666183 -3.23232781 0.20000000
      vertex -2.14715666 -3.24829777 0.20000000
    endloop
  endfacet
  facet normal 0.83569863 -0.54918832 0.00000000
    outer loop
      vertex -2.14715666 -3.24829777 0.00000000
      vertex -2.13666183 -3.23232781 0.00000000
      vertex -2.14715666 -3.24829777 0.20000000
    endloop
  endfacet
  facet normal 0.88086695 -0.47336394 0.00000000
    outer loop
      vertex -2.13185415 -3.22338136 0.00000000
      vertex -2.13185415 -3.22338136 0.20000000
      vertex -2.13666183 -3.23232781 0.20000000
    endloop
  endfacet
  facet normal 0.88086695 -0.47336394 0.00000000
    outer loop
      vertex -2.13666183 -3.23232781 0.00000000
      vertex -2.13185415 -3.22338136 0.00000000
      vertex -2.13666183 -3.23232781 0.20000000
    endloop
  endfacet
  facet normal 0.90656565 -0.42206484 0.00000000
    outer loop
      vertex -2.12732440 -3.21365178 0.00000000
      vertex -2.12732440 -3.21365178 0.20000000
      vertex -2.13185415 -3.22338136 0.20000000
    endloop
  endfacet
  facet normal 0.90656565 -0.42206484 0.00000000
    outer loop
      vertex -2.13185415 -3.22338136 0.00000000
      vertex -2.12732440 -3.21365178 0.00000000
      vertex -2.13185415 -3.22338136 0.20000000
    endloop
  endfacet
  facet normal 0.92863395 -0.37099729 0.00000000
    outer loop
      vertex -2.12308557 -3.20304168 0.00000000
      vertex -2.12308557 -3.20304168 0.20000000
      vertex -2.12732440 -3.21365178 0.20000000
    endloop
  endfacet
  facet normal 0.92863395 -0.37099729 0.00000000
    outer loop
      vertex -2.12732440 -3.21365178 0.00000000
      vertex -2.12308557 -3.20304168 0.00000000
      vertex -2.12732440 -3.21365178 0.20000000
    endloop
  endfacet
  facet normal 0.94719071 -0.32067080 0.00000000
    outer loop
      vertex -2.11916655 -3.19146575 0.00000000
      vertex -2.11916655 -3.19146575 0.20000000
      vertex -2.12308557 -3.20304168 0.20000000
    endloop
  endfacet
  facet normal 0.94719071 -0.32067080 0.00000000
    outer loop
      vertex -2.12308557 -3.20304168 0.00000000
      vertex -2.11916655 -3.19146575 0.00000000
      vertex -2.12308557 -3.20304168 0.20000000
    endloop
  endfacet
  facet normal 0.96243271 -0.27152031 0.00000000
    outer loop
      vertex -2.11560825 -3.17885297 0.00000000
      vertex -2.11560825 -3.17885297 0.20000000
      vertex -2.11916655 -3.19146575 0.20000000
    endloop
  endfacet
  facet normal 0.96243271 -0.27152031 0.00000000
    outer loop
      vertex -2.11916655 -3.19146575 0.00000000
      vertex -2.11560825 -3.17885297 0.00000000
      vertex -2.11916655 -3.19146575 0.20000000
    endloop
  endfacet
  facet normal 0.97461259 -0.22389797 0.00000000
    outer loop
      vertex -2.11245967 -3.16514742 0.00000000
      vertex -2.11245967 -3.16514742 0.20000000
      vertex -2.11560825 -3.17885297 0.20000000
    endloop
  endfacet
  facet normal 0.97461259 -0.22389797 0.00000000
    outer loop
      vertex -2.11560825 -3.17885297 0.00000000
      vertex -2.11245967 -3.16514742 0.00000000
      vertex -2.11560825 -3.17885297 0.20000000
    endloop
  endfacet
  facet normal 0.98401741 -0.17807225 0.00000000
    outer loop
      vertex -2.10977425 -3.15030792 0.00000000
      vertex -2.10977425 -3.15030792 0.20000000
      vertex -2.11245967 -3.16514742 0.20000000
    endloop
  endfacet
  facet normal 0.98401741 -0.17807225 0.00000000
    outer loop
      vertex -2.11245967 -3.16514742 0.00000000
      vertex -2.10977425 -3.15030792 0.00000000
      vertex -2.11245967 -3.16514742 0.20000000
    endloop
  endfacet
  facet normal 0.99094987 -0.13423250 0.00000000
    outer loop
      vertex -2.10760676 -3.13430682 0.00000000
      vertex -2.10760676 -3.13430682 0.20000000
      vertex -2.10977425 -3.15030792 0.20000000
    endloop
  endfacet
  facet normal 0.99094987 -0.13423250 0.00000000
    outer loop
      vertex -2.10977425 -3.15030792 0.00000000
      vertex -2.10760676 -3.13430682 0.00000000
      vertex -2.10977425 -3.15030792 0.20000000
    endloop
  endfacet
  facet normal 0.99571293 -0.09249739 0.00000000
    outer loop
      vertex -2.10601095 -3.11712831 0.00000000
      vertex -2.10601095 -3.11712831 0.20000000
      vertex -2.10760676 -3.13430682 0.20000000
    endloop
  endfacet
  facet normal 0.99571293 -0.09249739 0.00000000
    outer loop
      vertex -2.10760676 -3.13430682 0.00000000
      vertex -2.10601095 -3.11712831 0.00000000
      vertex -2.10760676 -3.13430682 0.20000000
    endloop
  endfacet
  facet normal 0.99859847 -0.05292531 0.00000000
    outer loop
      vertex -2.10503778 -3.09876644 0.00000000
      vertex -2.10503778 -3.09876644 0.20000000
      vertex -2.10601095 -3.11712831 0.20000000
    endloop
  endfacet
  facet normal 0.99859847 -0.05292531 0.00000000
    outer loop
      vertex -2.10601095 -3.11712831 0.00000000
      vertex -2.10503778 -3.09876644 0.00000000
      vertex -2.10601095 -3.11712831 0.20000000
    endloop
  endfacet
  facet normal 0.99987947 -0.01552537 0.00000000
    outer loop
      vertex -2.10473433 -3.07922319 0.00000000
      vertex -2.10473433 -3.07922319 0.20000000
      vertex -2.10503778 -3.09876644 0.20000000
    endloop
  endfacet
  facet normal 0.99987947 -0.01552537 0.00000000
    outer loop
      vertex -2.10503778 -3.09876644 0.00000000
      vertex -2.10473433 -3.07922319 0.00000000
      vertex -2.10503778 -3.09876644 0.20000000
    endloop
  endfacet
  facet normal 0.99980531 0.01973189 -0.00000000
    outer loop
      vertex -2.10514319 -3.05850660 0.00000000
      vertex -2.10514319 -3.05850660 0.20000000
      vertex -2.10473433 -3.07922319 0.20000000
    endloop
  endfacet
  facet normal 0.99980531 0.01973189 -0.00000000
    outer loop
      vertex -2.10473433 -3.07922319 0.00000000
      vertex -2.10514319 -3.05850660 0.00000000
      vertex -2.10473433 -3.07922319 0.20000000
    endloop
  endfacet
  facet normal 0.99859955 0.05290496 -0.00000000
    outer loop
      vertex -2.10637550 -3.03524635 0.00000000
      vertex -2.10637550 -3.03524635 0.20000000
      vertex -2.10514319 -3.05850660 0.20000000
    endloop
  endfacet
  facet normal 0.99859955 0.05290496 -0.00000000
    outer loop
      vertex -2.10514319 -3.05850660 0.00000000
      vertex -2.10637550 -3.03524635 0.00000000
      vertex -2.10514319 -3.05850660 0.20000000
    endloop
  endfacet
  facet normal 0.99763502 0.06873405 -0.00000000
    outer loop
      vertex -2.35657749 0.59629122 0.00000000
      vertex -2.35657749 0.59629122 0.20000000
      vertex -2.10637550 -3.03524635 0.20000000
    endloop
  endfacet
  facet normal 0.99763502 0.06873405 -0.00000000
    outer loop
      vertex -2.10637550 -3.03524635 0.00000000
      vertex -2.35657749 0.59629122 0.00000000
      vertex -2.10637550 -3.03524635 0.20000000
    endloop
  endfacet
  facet normal 0.99860026 0.05289158 -0.00000000
    outer loop
      vertex -2.35827629 0.62836489 0.00000000
      vertex -2.35827629 0.62836489 0.20000000
      vertex -2.35657749 0.59629122 0.20000000
    endloop
  endfacet
  facet normal 0.99860026 0.05289158 -0.00000000
    outer loop
      vertex -2.35657749 0.59629122 0.00000000
      vertex -2.35827629 0.62836489 0.00000000
      vertex -2.35657749 0.59629122 0.20000000
    endloop
  endfacet
  facet normal 0.99980706 0.01964306 -0.00000000
    outer loop
      vertex -2.35892502 0.66138441 0.00000000
      vertex -2.35892502 0.66138441 0.20000000
      vertex -2.35827629 0.62836489 0.20000000
    endloop
  endfacet
  facet normal 0.99980706 0.01964306 -0.00000000
    outer loop
      vertex -2.35827629 0.62836489 0.00000000
      vertex -2.35892502 0.66138441 0.00000000
      vertex -2.35827629 0.62836489 0.20000000
    endloop
  endfacet
  facet normal 0.99987573 -0.01576441 0.00000000
    outer loop
      vertex -2.35841108 0.69398172 0.00000000
      vertex -2.35841108 0.69398172 0.20000000
      vertex -2.35892502 0.66138441 0.20000000
    endloop
  endfacet
  facet normal 0.99987573 -0.01576441 0.00000000
    outer loop
      vertex -2.35892502 0.66138441 0.00000000
      vertex -2.35841108 0.69398172 0.00000000
      vertex -2.35892502 0.66138441 0.20000000
    endloop
  endfacet
  facet normal 0.99857312 -0.05340150 0.00000000
    outer loop
      vertex -2.35668988 0.72616705 0.00000000
      vertex -2.35668988 0.72616705 0.20000000
      vertex -2.35841108 0.69398172 0.20000000
    endloop
  endfacet
  facet normal 0.99857312 -0.05340150 0.00000000
    outer loop
      vertex -2.35841108 0.69398172 0.00000000
      vertex -2.35668988 0.72616705 0.00000000
      vertex -2.35841108 0.69398172 0.20000000
    endloop
  endfacet
  facet normal 0.99563712 -0.09330982 0.00000000
    outer loop
      vertex -2.35371174 0.75794449 0.00000000
      vertex -2.35371174 0.75794449 0.20000000
      vertex -2.35668988 0.72616705 0.20000000
    endloop
  endfacet
  facet normal 0.99563712 -0.09330982 0.00000000
    outer loop
      vertex -2.35668988 0.72616705 0.00000000
      vertex -2.35371174 0.75794449 0.00000000
      vertex -2.35668988 0.72616705 0.20000000
    endloop
  endfacet
  facet normal 0.99077853 -0.13549131 0.00000000
    outer loop
      vertex -2.34942245 0.78930990 0.00000000
      vertex -2.34942245 0.78930990 0.20000000
      vertex -2.35371174 0.75794449 0.20000000
    endloop
  endfacet
  facet normal 0.99077853 -0.13549131 0.00000000
    outer loop
      vertex -2.35371174 0.75794449 0.00000000
      vertex -2.34942245 0.78930990 0.00000000
      vertex -2.35371174 0.75794449 0.20000000
    endloop
  endfacet
  facet normal 0.98368556 -0.17989640 0.00000000
    outer loop
      vertex -2.34376435 0.82024874 0.00000000
      vertex -2.34376435 0.82024874 0.20000000
      vertex -2.34942245 0.78930990 0.20000000
    endloop
  endfacet
  facet normal 0.98368556 -0.17989640 0.00000000
    outer loop
      vertex -2.34942245 0.78930990 0.00000000
      vertex -2.34376435 0.82024874 0.00000000
      vertex -2.34942245 0.78930990 0.20000000
    endloop
  endfacet
  facet normal 0.97403176 -0.22641142 0.00000000
    outer loop
      vertex -2.33667818 0.85073377 0.00000000
      vertex -2.33667818 0.85073377 0.20000000
      vertex -2.34376435 0.82024874 0.20000000
    endloop
  endfacet
  facet normal 0.97403176 -0.22641142 0.00000000
    outer loop
      vertex -2.34376435 0.82024874 0.00000000
      vertex -2.33667818 0.85073377 0.00000000
      vertex -2.34376435 0.82024874 0.20000000
    endloop
  endfacet
  facet normal 0.96148816 -0.27484634 0.00000000
    outer loop
      vertex -2.32810559 0.88072304 0.00000000
      vertex -2.32810559 0.88072304 0.20000000
      vertex -2.33667818 0.85073377 0.20000000
    endloop
  endfacet
  facet normal 0.96148816 -0.27484634 0.00000000
    outer loop
      vertex -2.33667818 0.85073377 0.00000000
      vertex -2.32810559 0.88072304 0.00000000
      vertex -2.33667818 0.85073377 0.20000000
    endloop
  endfacet
  facet normal 0.94573991 -0.32492463 0.00000000
    outer loop
      vertex -2.31799260 0.91015836 0.00000000
      vertex -2.31799260 0.91015836 0.20000000
      vertex -2.32810559 0.88072304 0.20000000
    endloop
  endfacet
  facet normal 0.94573991 -0.32492463 0.00000000
    outer loop
      vertex -2.32810559 0.88072304 0.00000000
      vertex -2.31799260 0.91015836 0.00000000
      vertex -2.32810559 0.88072304 0.20000000
    endloop
  endfacet
  facet normal 0.92650726 -0.37627689 0.00000000
    outer loop
      vertex -2.30629365 0.93896469 0.00000000
      vertex -2.30629365 0.93896469 0.20000000
      vertex -2.31799260 0.91015836 0.20000000
    endloop
  endfacet
  facet normal 0.92650726 -0.37627689 0.00000000
    outer loop
      vertex -2.31799260 0.91015836 0.00000000
      vertex -2.30629365 0.93896469 0.00000000
      vertex -2.31799260 0.91015836 0.20000000
    endloop
  endfacet
  facet normal 0.90356979 -0.42844094 0.00000000
    outer loop
      vertex -2.29297617 0.96705089 0.00000000
      vertex -2.29297617 0.96705089 0.20000000
      vertex -2.30629365 0.93896469 0.20000000
    endloop
  endfacet
  facet normal 0.90356979 -0.42844094 0.00000000
    outer loop
      vertex -2.30629365 0.93896469 0.00000000
      vertex -2.29297617 0.96705089 0.00000000
      vertex -2.30629365 0.93896469 0.20000000
    endloop
  endfacet
  facet normal 0.87679190 -0.48087001 0.00000000
    outer loop
      vertex -2.27802499 0.99431205 0.00000000
      vertex -2.27802499 0.99431205 0.20000000
      vertex -2.29297617 0.96705089 0.20000000
    endloop
  endfacet
  facet normal 0.87679190 -0.48087001 0.00000000
    outer loop
      vertex -2.29297617 0.96705089 0.00000000
      vertex -2.27802499 0.99431205 0.00000000
      vertex -2.29297617 0.96705089 0.20000000
    endloop
  endfacet
  facet normal 0.84614632 -0.53295065 0.00000000
    outer loop
      vertex -2.26144620 1.02063358 0.00000000
      vertex -2.26144620 1.02063358 0.20000000
      vertex -2.27802499 0.99431205 0.20000000
    endloop
  endfacet
  facet normal 0.84614632 -0.53295065 0.00000000
    outer loop
      vertex -2.27802499 0.99431205 0.00000000
      vertex -2.26144620 1.02063358 0.00000000
      vertex -2.27802499 0.99431205 0.20000000
    endloop
  endfacet
  facet normal 0.81173200 -0.58403010 0.00000000
    outer loop
      vertex -2.24326957 1.04589693 0.00000000
      vertex -2.24326957 1.04589693 0.20000000
      vertex -2.26144620 1.02063358 0.20000000
    endloop
  endfacet
  facet normal 0.81173200 -0.58403010 0.00000000
    outer loop
      vertex -2.26144620 1.02063358 0.00000000
      vertex -2.24326957 1.04589693 0.00000000
      vertex -2.26144620 1.02063358 0.20000000
    endloop
  endfacet
  facet normal 0.77378261 -0.63345124 0.00000000
    outer loop
      vertex -2.22354903 1.06998625 0.00000000
      vertex -2.22354903 1.06998625 0.20000000
      vertex -2.24326957 1.04589693 0.20000000
    endloop
  endfacet
  facet normal 0.77378261 -0.63345124 0.00000000
    outer loop
      vertex -2.24326957 1.04589693 0.00000000
      vertex -2.22354903 1.06998625 0.00000000
      vertex -2.24326957 1.04589693 0.20000000
    endloop
  endfacet
  facet normal 0.73266308 -0.68059151 0.00000000
    outer loop
      vertex -2.20236092 1.09279545 0.00000000
      vertex -2.20236092 1.09279545 0.20000000
      vertex -2.22354903 1.06998625 0.20000000
    endloop
  endfacet
  facet normal 0.73266308 -0.68059151 0.00000000
    outer loop
      vertex -2.22354903 1.06998625 0.00000000
      vertex -2.20236092 1.09279545 0.00000000
      vertex -2.22354903 1.06998625 0.20000000
    endloop
  endfacet
  facet normal 0.68885331 -0.72490076 0.00000000
    outer loop
      vertex -2.17980001 1.11423447 0.00000000
      vertex -2.17980001 1.11423447 0.20000000
      vertex -2.20236092 1.09279545 0.20000000
    endloop
  endfacet
  facet normal 0.68885331 -0.72490076 0.00000000
    outer loop
      vertex -2.20236092 1.09279545 0.00000000
      vertex -2.17980001 1.11423447 0.00000000
      vertex -2.20236092 1.09279545 0.20000000
    endloop
  endfacet
  facet normal 0.64292054 -0.76593289 0.00000000
    outer loop
      vertex -2.15597371 1.13423415 0.00000000
      vertex -2.15597371 1.13423415 0.20000000
      vertex -2.17980001 1.11423447 0.20000000
    endloop
  endfacet
  facet normal 0.64292054 -0.76593289 0.00000000
    outer loop
      vertex -2.17980001 1.11423447 0.00000000
      vertex -2.15597371 1.13423415 0.00000000
      vertex -2.17980001 1.11423447 0.20000000
    endloop
  endfacet
  facet normal 0.59548404 -0.80336714 0.00000000
    outer loop
      vertex -2.13099548 1.15274890 0.00000000
      vertex -2.13099548 1.15274890 0.20000000
      vertex -2.15597371 1.13423415 0.20000000
    endloop
  endfacet
  facet normal 0.59548404 -0.80336714 0.00000000
    outer loop
      vertex -2.15597371 1.13423415 0.00000000
      vertex -2.13099548 1.15274890 0.00000000
      vertex -2.15597371 1.13423415 0.20000000
    endloop
  endfacet
  facet normal 0.54717711 -0.83701685 0.00000000
    outer loop
      vertex -2.10497798 1.16975713 0.00000000
      vertex -2.10497798 1.16975713 0.20000000
      vertex -2.13099548 1.15274890 0.20000000
    endloop
  endfacet
  facet normal 0.54717711 -0.83701685 0.00000000
    outer loop
      vertex -2.13099548 1.15274890 0.00000000
      vertex -2.10497798 1.16975713 0.00000000
      vertex -2.13099548 1.15274890 0.20000000
    endloop
  endfacet
  facet normal 0.49861122 -0.86682573 0.00000000
    outer loop
      vertex -2.07802723 1.18525961 0.00000000
      vertex -2.07802723 1.18525961 0.20000000
      vertex -2.10497798 1.16975713 0.20000000
    endloop
  endfacet
  facet normal 0.49861122 -0.86682573 0.00000000
    outer loop
      vertex -2.10497798 1.16975713 0.00000000
      vertex -2.07802723 1.18525961 0.00000000
      vertex -2.10497798 1.16975713 0.20000000
    endloop
  endfacet
  facet normal 0.45034647 -0.89285388 0.00000000
    outer loop
      vertex -2.05023794 1.19927625 0.00000000
      vertex -2.05023794 1.19927625 0.20000000
      vertex -2.07802723 1.18525961 0.20000000
    endloop
  endfacet
  facet normal 0.45034647 -0.89285388 0.00000000
    outer loop
      vertex -2.07802723 1.18525961 0.00000000
      vertex -2.05023794 1.19927625 0.00000000
      vertex -2.07802723 1.18525961 0.20000000
    endloop
  endfacet
  facet normal 0.40287072 -0.91525690 0.00000000
    outer loop
      vertex -2.02169064 1.21184197 0.00000000
      vertex -2.02169064 1.21184197 0.20000000
      vertex -2.05023794 1.19927625 0.20000000
    endloop
  endfacet
  facet normal 0.40287072 -0.91525690 0.00000000
    outer loop
      vertex -2.05023794 1.19927625 0.00000000
      vertex -2.02169064 1.21184197 0.00000000
      vertex -2.05023794 1.19927625 0.20000000
    endloop
  endfacet
  facet normal 0.35658791 -0.93426178 0.00000000
    outer loop
      vertex -1.99245032 1.22300238 0.00000000
      vertex -1.99245032 1.22300238 0.20000000
      vertex -2.02169064 1.21184197 0.20000000
    endloop
  endfacet
  facet normal 0.35658791 -0.93426178 0.00000000
    outer loop
      vertex -2.02169064 1.21184197 0.00000000
      vertex -1.99245032 1.22300238 0.00000000
      vertex -2.02169064 1.21184197 0.20000000
    endloop
  endfacet
  facet normal 0.31181479 -0.95014290 0.00000000
    outer loop
      vertex -1.96256647 1.23280957 0.00000000
      vertex -1.96256647 1.23280957 0.20000000
      vertex -1.99245032 1.22300238 0.20000000
    endloop
  endfacet
  facet normal 0.31181479 -0.95014290 0.00000000
    outer loop
      vertex -1.99245032 1.22300238 0.00000000
      vertex -1.96256647 1.23280957 0.00000000
      vertex -1.99245032 1.22300238 0.20000000
    endloop
  endfacet
  facet normal 0.26878428 -0.96320040 0.00000000
    outer loop
      vertex -1.93207411 1.24131856 0.00000000
      vertex -1.93207411 1.24131856 0.20000000
      vertex -1.96256647 1.23280957 0.20000000
    endloop
  endfacet
  facet normal 0.26878428 -0.96320040 0.00000000
    outer loop
      vertex -1.96256647 1.23280957 0.00000000
      vertex -1.93207411 1.24131856 0.00000000
      vertex -1.96256647 1.23280957 0.20000000
    endloop
  endfacet
  facet normal 0.22765335 -0.97374224 0.00000000
    outer loop
      vertex -1.90099548 1.24858450 0.00000000
      vertex -1.90099548 1.24858450 0.20000000
      vertex -1.93207411 1.24131856 0.20000000
    endloop
  endfacet
  facet normal 0.22765335 -0.97374224 0.00000000
    outer loop
      vertex -1.93207411 1.24131856 0.00000000
      vertex -1.90099548 1.24858450 0.00000000
      vertex -1.93207411 1.24131856 0.20000000
    endloop
  endfacet
  facet normal 0.18851345 -0.98207061 0.00000000
    outer loop
      vertex -1.86934205 1.25466054 0.00000000
      vertex -1.86934205 1.25466054 0.20000000
      vertex -1.90099548 1.24858450 0.20000000
    endloop
  endfacet
  facet normal 0.18851345 -0.98207061 0.00000000
    outer loop
      vertex -1.90099548 1.24858450 0.00000000
      vertex -1.86934205 1.25466054 0.00000000
      vertex -1.90099548 1.24858450 0.20000000
    endloop
  endfacet
  facet normal 0.15140191 -0.98847229 0.00000000
    outer loop
      vertex -1.83711651 1.25959645 0.00000000
      vertex -1.83711651 1.25959645 0.20000000
      vertex -1.86934205 1.25466054 0.20000000
    endloop
  endfacet
  facet normal 0.15140191 -0.98847229 0.00000000
    outer loop
      vertex -1.86934205 1.25466054 0.00000000
      vertex -1.83711651 1.25959645 0.00000000
      vertex -1.86934205 1.25466054 0.20000000
    endloop
  endfacet
  facet normal 0.11631312 -0.99321259 0.00000000
    outer loop
      vertex -1.80431477 1.26343780 0.00000000
      vertex -1.80431477 1.26343780 0.20000000
      vertex -1.83711651 1.25959645 0.20000000
    endloop
  endfacet
  facet normal 0.11631312 -0.99321259 0.00000000
    outer loop
      vertex -1.83711651 1.25959645 0.00000000
      vertex -1.80431477 1.26343780 0.00000000
      vertex -1.83711651 1.25959645 0.20000000
    endloop
  endfacet
  facet normal 0.08320873 -0.99653214 0.00000000
    outer loop
      vertex -1.77230753 1.26611035 0.00000000
      vertex -1.77230753 1.26611035 0.20000000
      vertex -1.80431477 1.26343780 0.20000000
    endloop
  endfacet
  facet normal 0.08320873 -0.99653214 0.00000000
    outer loop
      vertex -1.80431477 1.26343780 0.00000000
      vertex -1.77230753 1.26611035 0.00000000
      vertex -1.80431477 1.26343780 0.20000000
    endloop
  endfacet
  facet normal 0.06738194 -0.99772725 0.00000000
    outer loop
      vertex 12.95326108 2.26060799 0.00000000
      vertex 12.95326108 2.26060799 0.20000000
      vertex -1.77230753 1.26611035 0.20000000
    endloop
  endfacet
  facet normal 0.06738194 -0.99772725 0.00000000
    outer loop
      vertex -1.77230753 1.26611035 0.00000000
      vertex 12.95326108 2.26060799 0.00000000
      vertex -1.77230753 1.26611035 0.20000000
    endloop
  endfacet
  facet normal 0.08319941 -0.99653292 0.00000000
    outer loop
      vertex 12.98561704 2.26330935 0.00000000
      vertex 12.98561704 2.26330935 0.20000000
      vertex 12.95326108 2.26060799 0.20000000
    endloop
  endfacet
  facet normal 0.08319941 -0.99653292 0.00000000
    outer loop
      vertex 12.95326108 2.26060799 0.00000000
      vertex 12.98561704 2.26330935 0.00000000
      vertex 12.95326108 2.26060799 0.20000000
    endloop
  endfacet
  facet normal 0.11636858 -0.99320610 0.00000000
    outer loop
      vertex 13.01491221 2.26674171 0.00000000
      vertex 13.01491221 2.26674171 0.20000000
      vertex 12.98561704 2.26330935 0.20000000
    endloop
  endfacet
  facet normal 0.11636858 -0.99320610 0.00000000
    outer loop
      vertex 12.98561704 2.26330935 0.00000000
      vertex 13.01491221 2.26674171 0.00000000
      vertex 12.98561704 2.26330935 0.20000000
    endloop
  endfacet
  facet normal 0.15165051 -0.98843418 0.00000000
    outer loop
      vertex 13.04251046 2.27097597 0.00000000
      vertex 13.04251046 2.27097597 0.20000000
      vertex 13.01491221 2.26674171 0.20000000
    endloop
  endfacet
  facet normal 0.15165051 -0.98843418 0.00000000
    outer loop
      vertex 13.01491221 2.26674171 0.00000000
      vertex 13.04251046 2.27097597 0.00000000
      vertex 13.01491221 2.26674171 0.20000000
    endloop
  endfacet
  facet normal 0.18910482 -0.98195691 0.00000000
    outer loop
      vertex 13.06840387 2.27596251 0.00000000
      vertex 13.06840387 2.27596251 0.20000000
      vertex 13.04251046 2.27097597 0.20000000
    endloop
  endfacet
  facet normal 0.18910482 -0.98195691 0.00000000
    outer loop
      vertex 13.04251046 2.27097597 0.00000000
      vertex 13.06840387 2.27596251 0.00000000
      vertex 13.04251046 2.27097597 0.20000000
    endloop
  endfacet
  facet normal 0.22875802 -0.97348332 0.00000000
    outer loop
      vertex 13.09259156 2.28164635 0.00000000
      vertex 13.09259156 2.28164635 0.20000000
      vertex 13.06840387 2.27596251 0.20000000
    endloop
  endfacet
  facet normal 0.22875802 -0.97348332 0.00000000
    outer loop
      vertex 13.06840387 2.27596251 0.00000000
      vertex 13.09259156 2.28164635 0.00000000
      vertex 13.06840387 2.27596251 0.20000000
    endloop
  endfacet
  facet normal 0.27059152 -0.96269426 0.00000000
    outer loop
      vertex 13.11508196 2.28796790 0.00000000
      vertex 13.11508196 2.28796790 0.20000000
      vertex 13.09259156 2.28164635 0.20000000
    endloop
  endfacet
  facet normal 0.27059152 -0.96269426 0.00000000
    outer loop
      vertex 13.09259156 2.28164635 0.00000000
      vertex 13.11508196 2.28796790 0.00000000
      vertex 13.09259156 2.28164635 0.20000000
    endloop
  endfacet
  facet normal 0.31452802 -0.94924819 0.00000000
    outer loop
      vertex 13.13589541 2.29486432 0.00000000
      vertex 13.13589541 2.29486432 0.20000000
      vertex 13.11508196 2.28796790 0.20000000
    endloop
  endfacet
  facet normal 0.31452802 -0.94924819 0.00000000
    outer loop
      vertex 13.11508196 2.28796790 0.00000000
      vertex 13.13589541 2.29486432 0.00000000
      vertex 13.11508196 2.28796790 0.20000000
    endloop
  endfacet
  facet normal 0.36041708 -0.93279126 0.00000000
    outer loop
      vertex 13.15506673 2.30227184 0.00000000
      vertex 13.15506673 2.30227184 0.20000000
      vertex 13.13589541 2.29486432 0.20000000
    endloop
  endfacet
  facet normal 0.36041708 -0.93279126 0.00000000
    outer loop
      vertex 13.13589541 2.29486432 0.00000000
      vertex 13.15506673 2.30227184 0.00000000
      vertex 13.13589541 2.29486432 0.20000000
    endloop
  endfacet
  facet normal 0.40802117 -0.91297247 0.00000000
    outer loop
      vertex 13.17264752 2.31012896 0.00000000
      vertex 13.17264752 2.31012896 0.20000000
      vertex 13.15506673 2.30227184 0.20000000
    endloop
  endfacet
  facet normal 0.40802117 -0.91297247 0.00000000
    outer loop
      vertex 13.15506673 2.30227184 0.00000000
      vertex 13.17264752 2.31012896 0.00000000
      vertex 13.15506673 2.30227184 0.20000000
    endloop
  endfacet
  facet normal 0.45700408 -0.88946460 0.00000000
    outer loop
      vertex 13.18870788 2.31838072 0.00000000
      vertex 13.18870788 2.31838072 0.20000000
      vertex 13.17264752 2.31012896 0.20000000
    endloop
  endfacet
  facet normal 0.45700408 -0.88946460 0.00000000
    outer loop
      vertex 13.17264752 2.31012896 0.00000000
      vertex 13.18870788 2.31838072 0.00000000
      vertex 13.17264752 2.31012896 0.20000000
    endloop
  endfacet
  facet normal 0.50692457 -0.86199042 0.00000000
    outer loop
      vertex 13.20333682 2.32698380 0.00000000
      vertex 13.20333682 2.32698380 0.20000000
      vertex 13.18870788 2.31838072 0.20000000
    endloop
  endfacet
  facet normal 0.50692457 -0.86199042 0.00000000
    outer loop
      vertex 13.18870788 2.31838072 0.00000000
      vertex 13.20333682 2.32698380 0.00000000
      vertex 13.18870788 2.31838072 0.20000000
    endloop
  endfacet
  facet normal 0.55723793 -0.83035287 0.00000000
    outer loop
      vertex 13.21664112 2.33591212 0.00000000
      vertex 13.21664112 2.33591212 0.20000000
      vertex 13.20333682 2.32698380 0.20000000
    endloop
  endfacet
  facet normal 0.55723793 -0.83035287 0.00000000
    outer loop
      vertex 13.20333682 2.32698380 0.00000000
      vertex 13.21664112 2.33591212 0.00000000
      vertex 13.20333682 2.32698380 0.20000000
    endloop
  endfacet
  facet normal 0.60730825 -0.79446629 0.00000000
    outer loop
      vertex 13.22874189 2.34516223 0.00000000
      vertex 13.22874189 2.34516223 0.20000000
      vertex 13.21664112 2.33591212 0.20000000
    endloop
  endfacet
  facet normal 0.60730825 -0.79446629 0.00000000
    outer loop
      vertex 13.21664112 2.33591212 0.00000000
      vertex 13.22874189 2.34516223 0.00000000
      vertex 13.21664112 2.33591212 0.20000000
    endloop
  endfacet
  facet normal 0.65643307 -0.75438427 0.00000000
    outer loop
      vertex 13.23976915 2.35475768 0.00000000
      vertex 13.23976915 2.35475768 0.20000000
      vertex 13.22874189 2.34516223 0.20000000
    endloop
  endfacet
  facet normal 0.65643307 -0.75438427 0.00000000
    outer loop
      vertex 13.22874189 2.34516223 0.00000000
      vertex 13.23976915 2.35475768 0.00000000
      vertex 13.22874189 2.34516223 0.20000000
    endloop
  endfacet
  facet normal 0.70387985 -0.71031905 0.00000000
    outer loop
      vertex 13.24985426 2.36475136 0.00000000
      vertex 13.24985426 2.36475136 0.20000000
      vertex 13.23976915 2.35475768 0.20000000
    endloop
  endfacet
  facet normal 0.70387985 -0.71031905 0.00000000
    outer loop
      vertex 13.23976915 2.35475768 0.00000000
      vertex 13.24985426 2.36475136 0.00000000
      vertex 13.23976915 2.35475768 0.20000000
    endloop
  endfacet
  facet normal 0.74893149 -0.66264744 0.00000000
    outer loop
      vertex 13.25912136 2.37522514 0.00000000
      vertex 13.25912136 2.37522514 0.20000000
      vertex 13.24985426 2.36475136 0.20000000
    endloop
  endfacet
  facet normal 0.74893149 -0.66264744 0.00000000
    outer loop
      vertex 13.24985426 2.36475136 0.00000000
      vertex 13.25912136 2.37522514 0.00000000
      vertex 13.24985426 2.36475136 0.20000000
    endloop
  endfacet
  facet normal 0.79093516 -0.61189997 0.00000000
    outer loop
      vertex 13.26767875 2.38628634 0.00000000
      vertex 13.26767875 2.38628634 0.20000000
      vertex 13.25912136 2.37522514 0.20000000
    endloop
  endfacet
  facet normal 0.79093516 -0.61189997 0.00000000
    outer loop
      vertex 13.25912136 2.37522514 0.00000000
      vertex 13.26767875 2.38628634 0.00000000
      vertex 13.25912136 2.37522514 0.20000000
    endloop
  endfacet
  facet normal 0.82934756 -0.55873305 0.00000000
    outer loop
      vertex 13.27561164 2.39806141 0.00000000
      vertex 13.27561164 2.39806141 0.20000000
      vertex 13.26767875 2.38628634 0.20000000
    endloop
  endfacet
  facet normal 0.82934756 -0.55873305 0.00000000
    outer loop
      vertex 13.26767875 2.38628634 0.00000000
      vertex 13.27561164 2.39806141 0.00000000
      vertex 13.26767875 2.38628634 0.20000000
    endloop
  endfacet
  facet normal 0.86376949 -0.50388716 0.00000000
    outer loop
      vertex 13.28297725 2.41068761 0.00000000
      vertex 13.28297725 2.41068761 0.20000000
      vertex 13.27561164 2.39806141 0.20000000
    endloop
  endfacet
  facet normal 0.86376949 -0.50388716 0.00000000
    outer loop
      vertex 13.27561164 2.39806141 0.00000000
      vertex 13.28297725 2.41068761 0.00000000
      vertex 13.27561164 2.39806141 0.20000000
    endloop
  endfacet
  facet normal 0.89396480 -0.44813719 0.00000000
    outer loop
      vertex 13.28980297 2.42430389 0.00000000
      vertex 13.28980297 2.42430389 0.20000000
      vertex 13.28297725 2.41068761 0.20000000
    endloop
  endfacet
  facet normal 0.89396480 -0.44813719 0.00000000
    outer loop
      vertex 13.28297725 2.41068761 0.00000000
      vertex 13.28980297 2.42430389 0.00000000
      vertex 13.28297725 2.41068761 0.20000000
    endloop
  endfacet
  facet normal 0.91986188 -0.39224243 0.00000000
    outer loop
      vertex 13.29608766 2.43904233 0.00000000
      vertex 13.29608766 2.43904233 0.20000000
      vertex 13.28980297 2.42430389 0.20000000
    endloop
  endfacet
  facet normal 0.91986188 -0.39224243 0.00000000
    outer loop
      vertex 13.28980297 2.42430389 0.00000000
      vertex 13.29608766 2.43904233 0.00000000
      vertex 13.28980297 2.42430389 0.20000000
    endloop
  endfacet
  facet normal 0.94153937 -0.33690298 0.00000000
    outer loop
      vertex 13.30180528 2.45502131 0.00000000
      vertex 13.30180528 2.45502131 0.20000000
      vertex 13.29608766 2.43904233 0.20000000
    endloop
  endfacet
  facet normal 0.94153937 -0.33690298 0.00000000
    outer loop
      vertex 13.29608766 2.43904233 0.00000000
      vertex 13.30180528 2.45502131 0.00000000
      vertex 13.29608766 2.43904233 0.20000000
    endloop
  endfacet
  facet normal 0.95920026 -0.28272753 0.00000000
    outer loop
      vertex 13.30691027 2.47234083 0.00000000
      vertex 13.30691027 2.47234083 0.20000000
      vertex 13.30180528 2.45502131 0.20000000
    endloop
  endfacet
  facet normal 0.95920026 -0.28272753 0.00000000
    outer loop
      vertex 13.30180528 2.45502131 0.00000000
      vertex 13.30691027 2.47234083 0.00000000
      vertex 13.30180528 2.45502131 0.20000000
    endloop
  endfacet
  facet normal 0.97313994 -0.23021438 0.00000000
    outer loop
      vertex 13.31134342 2.49108025 0.00000000
      vertex 13.31134342 2.49108025 0.20000000
      vertex 13.30691027 2.47234083 0.20000000
    endloop
  endfacet
  facet normal 0.97313994 -0.23021438 0.00000000
    outer loop
      vertex 13.30691027 2.47234083 0.00000000
      vertex 13.31134342 2.49108025 0.00000000
      vertex 13.30691027 2.47234083 0.20000000
    endloop
  endfacet
  facet normal 0.98371320 -0.17974519 0.00000000
    outer loop
      vertex 13.31503766 2.51129814 0.00000000
      vertex 13.31503766 2.51129814 0.20000000
      vertex 13.31134342 2.49108025 0.20000000
    endloop
  endfacet
  facet normal 0.98371320 -0.17974519 0.00000000
    outer loop
      vertex 13.31134342 2.49108025 0.00000000
      vertex 13.31503766 2.51129814 0.00000000
      vertex 13.31134342 2.49108025 0.20000000
    endloop
  endfacet
  facet normal 0.99130435 -0.13158907 0.00000000
    outer loop
      vertex 13.31792292 2.53303373 0.00000000
      vertex 13.31792292 2.53303373 0.20000000
      vertex 13.31503766 2.51129814 0.20000000
    endloop
  endfacet
  facet normal 0.99130435 -0.13158907 0.00000000
    outer loop
      vertex 13.31503766 2.51129814 0.00000000
      vertex 13.31792292 2.53303373 0.00000000
      vertex 13.31503766 2.51129814 0.20000000
    endloop
  endfacet
  facet normal 0.99630257 -0.08591380 0.00000000
    outer loop
      vertex 13.31993003 2.55630929 0.00000000
      vertex 13.31993003 2.55630929 0.20000000
      vertex 13.31792292 2.53303373 0.20000000
    endloop
  endfacet
  facet normal 0.99630257 -0.08591380 0.00000000
    outer loop
      vertex 13.31792292 2.53303373 0.00000000
      vertex 13.31993003 2.55630929 0.00000000
      vertex 13.31792292 2.53303373 0.20000000
    endloop
  endfacet
  facet normal 0.99908362 -0.04280103 0.00000000
    outer loop
      vertex 13.32099349 2.58113305 0.00000000
      vertex 13.32099349 2.58113305 0.20000000
      vertex 13.31993003 2.55630929 0.20000000
    endloop
  endfacet
  facet normal 0.99908362 -0.04280103 0.00000000
    outer loop
      vertex 13.31993003 2.55630929 0.00000000
      vertex 13.32099349 2.58113305 0.00000000
      vertex 13.31993003 2.55630929 0.20000000
    endloop
  endfacet
  facet normal 0.99999744 -0.00226286 0.00000000
    outer loop
      vertex 13.32105316 2.60750218 0.00000000
      vertex 13.32105316 2.60750218 0.20000000
      vertex 13.32099349 2.58113305 0.20000000
    endloop
  endfacet
  facet normal 0.99999744 -0.00226286 0.00000000
    outer loop
      vertex 13.32099349 2.58113305 0.00000000
      vertex 13.32105316 2.60750218 0.00000000
      vertex 13.32099349 2.58113305 0.20000000
    endloop
  endfacet
  facet normal 0.99936105 0.03574208 -0.00000000
    outer loop
      vertex 13.32005519 2.63540552 0.00000000
      vertex 13.32005519 2.63540552 0.20000000
      vertex 13.32105316 2.60750218 0.20000000
    endloop
  endfacet
  facet normal 0.99936105 0.03574208 -0.00000000
    outer loop
      vertex 13.32105316 2.60750218 0.00000000
      vertex 13.32005519 2.63540552 0.00000000
      vertex 13.32105316 2.60750218 0.20000000
    endloop
  endfacet
  facet normal 0.99745533 0.07129421 -0.00000000
    outer loop
      vertex 13.31795233 2.66482602 0.00000000
      vertex 13.31795233 2.66482602 0.20000000
      vertex 13.32005519 2.63540552 0.20000000
    endloop
  endfacet
  facet normal 0.99745533 0.07129421 -0.00000000
    outer loop
      vertex 13.32005519 2.63540552 0.00000000
      vertex 13.31795233 2.66482602 0.00000000
      vertex 13.32005519 2.63540552 0.20000000
    endloop
  endfacet
  facet normal 0.99452481 0.10450073 -0.00000000
    outer loop
      vertex 13.31455935 2.69711678 0.00000000
      vertex 13.31455935 2.69711678 0.20000000
      vertex 13.31795233 2.66482602 0.20000000
    endloop
  endfacet
  facet normal 0.99452481 0.10450073 -0.00000000
    outer loop
      vertex 13.31795233 2.66482602 0.00000000
      vertex 13.31455935 2.69711678 0.00000000
      vertex 13.31795233 2.66482602 0.20000000
    endloop
  endfacet
  facet normal 0.99274210 0.12026274 -0.00000000
    outer loop
      vertex 12.95204857 5.68956243 0.00000000
      vertex 12.95204857 5.68956243 0.20000000
      vertex 13.31455935 2.69711678 0.20000000
    endloop
  endfacet
  facet normal 0.99274210 0.12026274 -0.00000000
    outer loop
      vertex 13.31455935 2.69711678 0.00000000
      vertex 12.95204857 5.68956243 0.00000000
      vertex 13.31455935 2.69711678 0.20000000
    endloop
  endfacet
  facet normal 0.99070859 0.13600180 -0.00000000
    outer loop
      vertex 12.95014114 5.70345717 0.00000000
      vertex 12.95014114 5.70345717 0.20000000
      vertex 12.95204857 5.68956243 0.20000000
    endloop
  endfacet
  facet normal 0.99070859 0.13600180 -0.00000000
    outer loop
      vertex 12.95204857 5.68956243 0.00000000
      vertex 12.95014114 5.70345717 0.00000000
      vertex 12.95204857 5.68956243 0.20000000
    endloop
  endfacet
  facet normal 0.98562683 0.16893713 -0.00000000
    outer loop
      vertex 12.94817057 5.71495399 0.00000000
      vertex 12.94817057 5.71495399 0.20000000
      vertex 12.95014114 5.70345717 0.20000000
    endloop
  endfacet
  facet normal 0.98562683 0.16893713 -0.00000000
    outer loop
      vertex 12.95014114 5.70345717 0.00000000
      vertex 12.94817057 5.71495399 0.00000000
      vertex 12.95014114 5.70345717 0.20000000
    endloop
  endfacet
  facet normal 0.97899861 0.20386690 -0.00000000
    outer loop
      vertex 12.94599247 5.72541354 0.00000000
      vertex 12.94599247 5.72541354 0.20000000
      vertex 12.94817057 5.71495399 0.20000000
    endloop
  endfacet
  facet normal 0.97899861 0.20386690 -0.00000000
    outer loop
      vertex 12.94817057 5.71495399 0.00000000
      vertex 12.94599247 5.72541354 0.00000000
      vertex 12.94817057 5.71495399 0.20000000
    endloop
  endfacet
  facet normal 0.96578277 0.25935235 -0.00000000
    outer loop
      vertex 12.94121296 5.74321162 0.00000000
      vertex 12.94121296 5.74321162 0.20000000
      vertex 12.94599247 5.72541354 0.20000000
    endloop
  endfacet
  facet normal 0.96578277 0.25935235 -0.00000000
    outer loop
      vertex 12.94599247 5.72541354 0.00000000
      vertex 12.94121296 5.74321162 0.00000000
      vertex 12.94599247 5.72541354 0.20000000
    endloop
  endfacet
  facet normal 0.94007110 0.34097848 -0.00000000
    outer loop
      vertex 12.93624132 5.75691833 0.00000000
      vertex 12.93624132 5.75691833 0.20000000
      vertex 12.94121296 5.74321162 0.20000000
    endloop
  endfacet
  facet normal 0.94007110 0.34097848 -0.00000000
    outer loop
      vertex 12.94121296 5.74321162 0.00000000
      vertex 12.93624132 5.75691833 0.00000000
      vertex 12.94121296 5.74321162 0.20000000
    endloop
  endfacet
  facet normal 0.90297382 0.42969557 -0.00000000
    outer loop
      vertex 12.93154503 5.76678724 0.00000000
      vertex 12.93154503 5.76678724 0.20000000
      vertex 12.93624132 5.75691833 0.20000000
    endloop
  endfacet
  facet normal 0.90297382 0.42969557 -0.00000000
    outer loop
      vertex 12.93624132 5.75691833 0.00000000
      vertex 12.93154503 5.76678724 0.00000000
      vertex 12.93624132 5.75691833 0.20000000
    endloop
  endfacet
  facet normal 0.83924022 0.54376084 -0.00000000
    outer loop
      vertex 12.92585650 5.77556691 0.00000000
      vertex 12.92585650 5.77556691 0.20000000
      vertex 12.93154503 5.76678724 0.20000000
    endloop
  endfacet
  facet normal 0.83924022 0.54376084 -0.00000000
    outer loop
      vertex 12.93154503 5.76678724 0.00000000
      vertex 12.92585650 5.77556691 0.00000000
      vertex 12.93154503 5.76678724 0.20000000
    endloop
  endfacet
  facet normal 0.63604191 0.77165452 -0.00000000
    outer loop
      vertex 12.91695429 5.78290462 0.00000000
      vertex 12.91695429 5.78290462 0.20000000
      vertex 12.92585650 5.77556691 0.20000000
    endloop
  endfacet
  facet normal 0.63604191 0.77165452 -0.00000000
    outer loop
      vertex 12.92585650 5.77556691 0.00000000
      vertex 12.91695429 5.78290462 0.00000000
      vertex 12.92585650 5.77556691 0.20000000
    endloop
  endfacet
  facet normal 0.31348800 0.94959216 -0.00000000
    outer loop
      vertex 12.90490031 5.78688399 0.00000000
      vertex 12.90490031 5.78688399 0.20000000
      vertex 12.91695429 5.78290462 0.20000000
    endloop
  endfacet
  facet normal 0.31348800 0.94959216 -0.00000000
    outer loop
      vertex 12.91695429 5.78290462 0.00000000
      vertex 12.90490031 5.78688399 0.00000000
      vertex 12.91695429 5.78290462 0.20000000
    endloop
  endfacet
  facet normal 0.16503081 0.98628841 -0.00000000
    outer loop
      vertex 12.89412083 5.78868767 0.00000000
      vertex 12.89412083 5.78868767 0.20000000
      vertex 12.90490031 5.78688399 0.20000000
    endloop
  endfacet
  facet normal 0.16503081 0.98628841 -0.00000000
    outer loop
      vertex 12.90490031 5.78688399 0.00000000
      vertex 12.89412083 5.78868767 0.00000000
      vertex 12.90490031 5.78688399 0.20000000
    endloop
  endfacet
  facet normal 0.06953504 0.99757951 -0.00000000
    outer loop
      vertex 12.87957563 5.78970153 0.00000000
      vertex 12.87957563 5.78970153 0.20000000
      vertex 12.89412083 5.78868767 0.20000000
    endloop
  endfacet
  facet normal 0.06953504 0.99757951 -0.00000000
    outer loop
      vertex 12.89412083 5.78868767 0.00000000
      vertex 12.87957563 5.78970153 0.00000000
      vertex 12.89412083 5.78868767 0.20000000
    endloop
  endfacet
  facet normal -0.01601412 0.99987177 0.00000000
    outer loop
      vertex 12.86114933 5.78940641 0.00000000
      vertex 12.86114933 5.78940641 0.20000000
      vertex 12.87957563 5.78970153 0.20000000
    endloop
  endfacet
  facet normal -0.01601412 0.99987177 0.00000000
    outer loop
      vertex 12.87957563 5.78970153 0.00000000
      vertex 12.86114933 5.78940641 0.00000000
      vertex 12.87957563 5.78970153 0.20000000
    endloop
  endfacet
  facet normal -0.07299522 0.99733229 0.00000000
    outer loop
      vertex 12.85049390 5.78862653 0.00000000
      vertex 12.85049390 5.78862653 0.20000000
      vertex 12.86114933 5.78940641 0.20000000
    endloop
  endfacet
  facet normal -0.07299522 0.99733229 0.00000000
    outer loop
      vertex 12.86114933 5.78940641 0.00000000
      vertex 12.85049390 5.78862653 0.00000000
      vertex 12.86114933 5.78940641 0.20000000
    endloop
  endfacet
  facet normal -0.10840172 0.99410717 0.00000000
    outer loop
      vertex 12.83889816 5.78736208 0.00000000
      vertex 12.83889816 5.78736208 0.20000000
      vertex 12.85049390 5.78862653 0.20000000
    endloop
  endfacet
  facet normal -0.10840172 0.99410717 0.00000000
    outer loop
      vertex 12.85049390 5.78862653 0.00000000
      vertex 12.83889816 5.78736208 0.00000000
      vertex 12.85049390 5.78862653 0.20000000
    endloop
  endfacet
  facet normal -0.14146562 0.98994317 0.00000000
    outer loop
      vertex 12.82501416 5.78537802 0.00000000
      vertex 12.82501416 5.78537802 0.20000000
      vertex 12.83889816 5.78736208 0.20000000
    endloop
  endfacet
  facet normal -0.14146562 0.98994317 0.00000000
    outer loop
      vertex 12.83889816 5.78736208 0.00000000
      vertex 12.82501416 5.78537802 0.00000000
      vertex 12.83889816 5.78736208 0.20000000
    endloop
  endfacet
  facet normal -0.15715760 0.98757354 0.00000000
    outer loop
      vertex -10.37820233 2.09293225 0.00000000
      vertex -10.37820233 2.09293225 0.20000000
      vertex 12.82501416 5.78537802 0.20000000
    endloop
  endfacet
  facet normal -0.15715760 0.98757354 0.00000000
    outer loop
      vertex 12.82501416 5.78537802 0.00000000
      vertex -10.37820233 2.09293225 0.00000000
      vertex 12.82501416 5.78537802 0.20000000
    endloop
  endfacet
  facet normal -0.16826311 0.98574212 0.00000000
    outer loop
      vertex -10.44970270 2.08072736 0.00000000
      vertex -10.44970270 2.08072736 0.20000000
      vertex -10.37820233 2.09293225 0.20000000
    endloop
  endfacet
  facet normal -0.16826311 0.98574212 0.00000000
    outer loop
      vertex -10.37820233 2.09293225 0.00000000
      vertex -10.44970270 2.08072736 0.00000000
      vertex -10.37820233 2.09293225 0.20000000
    endloop
  endfacet
  facet normal -0.19071552 0.98164535 0.00000000
    outer loop
      vertex -10.51918017 2.06722917 0.00000000
      vertex -10.51918017 2.06722917 0.20000000
      vertex -10.44970270 2.08072736 0.20000000
    endloop
  endfacet
  facet normal -0.19071552 0.98164535 0.00000000
    outer loop
      vertex -10.44970270 2.08072736 0.00000000
      vertex -10.51918017 2.06722917 0.00000000
      vertex -10.44970270 2.08072736 0.20000000
    endloop
  endfacet
  facet normal -0.21346516 0.97695068 0.00000000
    outer loop
      vertex -10.58762951 2.05227289 0.00000000
      vertex -10.58762951 2.05227289 0.20000000
      vertex -10.51918017 2.06722917 0.20000000
    endloop
  endfacet
  facet normal -0.21346516 0.97695068 0.00000000
    outer loop
      vertex -10.51918017 2.06722917 0.00000000
      vertex -10.58762951 2.05227289 0.00000000
      vertex -10.51918017 2.06722917 0.20000000
    endloop
  endfacet
  facet normal -0.23647965 0.97163644 0.00000000
    outer loop
      vertex -10.65505682 2.03586224 0.00000000
      vertex -10.65505682 2.03586224 0.20000000
      vertex -10.58762951 2.05227289 0.20000000
    endloop
  endfacet
  facet normal -0.23647965 0.97163644 0.00000000
    outer loop
      vertex -10.58762951 2.05227289 0.00000000
      vertex -10.65505682 2.03586224 0.00000000
      vertex -10.58762951 2.05227289 0.20000000
    endloop
  endfacet
  facet normal -0.25972345 0.96568304 0.00000000
    outer loop
      vertex -10.72146880 2.01800053 0.00000000
      vertex -10.72146880 2.01800053 0.20000000
      vertex -10.65505682 2.03586224 0.20000000
    endloop
  endfacet
  facet normal -0.25972345 0.96568304 0.00000000
    outer loop
      vertex -10.65505682 2.03586224 0.00000000
      vertex -10.72146880 2.01800053 0.00000000
      vertex -10.65505682 2.03586224 0.20000000
    endloop
  endfacet
  facet normal -0.28315797 0.95907328 0.00000000
    outer loop
      vertex -10.78687263 1.99869062 0.00000000
      vertex -10.78687263 1.99869062 0.20000000
      vertex -10.72146880 2.01800053 0.20000000
    endloop
  endfacet
  facet normal -0.28315797 0.95907328 0.00000000
    outer loop
      vertex -10.72146880 2.01800053 0.00000000
      vertex -10.78687263 1.99869062 0.00000000
      vertex -10.72146880 2.01800053 0.20000000
    endloop
  endfacet
  facet normal -0.30674176 0.95179278 0.00000000
    outer loop
      vertex -10.85127603 1.97793483 0.00000000
      vertex -10.85127603 1.97793483 0.20000000
      vertex -10.78687263 1.99869062 0.20000000
    endloop
  endfacet
  facet normal -0.30674176 0.95179278 0.00000000
    outer loop
      vertex -10.78687263 1.99869062 0.00000000
      vertex -10.85127603 1.97793483 0.00000000
      vertex -10.78687263 1.99869062 0.20000000
    endloop
  endfacet
  facet normal -0.33043073 0.94383025 0.00000000
    outer loop
      vertex -10.91468716 1.95573488 0.00000000
      vertex -10.91468716 1.95573488 0.20000000
      vertex -10.85127603 1.97793483 0.20000000
    endloop
  endfacet
  facet normal -0.33043073 0.94383025 0.00000000
    outer loop
      vertex -10.85127603 1.97793483 0.00000000
      vertex -10.91468716 1.95573488 0.00000000
      vertex -10.85127603 1.97793483 0.20000000
    endloop
  endfacet
  facet normal -0.35417845 0.93517786 0.00000000
    outer loop
      vertex -10.97711454 1.93209185 0.00000000
      vertex -10.97711454 1.93209185 0.20000000
      vertex -10.91468716 1.95573488 0.20000000
    endloop
  endfacet
  facet normal -0.35417845 0.93517786 0.00000000
    outer loop
      vertex -10.91468716 1.95573488 0.00000000
      vertex -10.97711454 1.93209185 0.00000000
      vertex -10.91468716 1.95573488 0.20000000
    endloop
  endfacet
  facet normal -0.37793651 0.92583151 0.00000000
    outer loop
      vertex -11.03856706 1.90700614 0.00000000
      vertex -11.03856706 1.90700614 0.20000000
      vertex -10.97711454 1.93209185 0.20000000
    endloop
  endfacet
  facet normal -0.37793651 0.92583151 0.00000000
    outer loop
      vertex -10.97711454 1.93209185 0.00000000
      vertex -11.03856706 1.90700614 0.00000000
      vertex -10.97711454 1.93209185 0.20000000
    endloop
  endfacet
  facet normal -0.40165491 0.91579109 0.00000000
    outer loop
      vertex -11.09905381 1.88047738 0.00000000
      vertex -11.09905381 1.88047738 0.20000000
      vertex -11.03856706 1.90700614 0.20000000
    endloop
  endfacet
  facet normal -0.40165491 0.91579109 0.00000000
    outer loop
      vertex -11.03856706 1.90700614 0.00000000
      vertex -11.09905381 1.88047738 0.00000000
      vertex -11.03856706 1.90700614 0.20000000
    endloop
  endfacet
  facet normal -0.42528255 0.90506064 0.00000000
    outer loop
      vertex -11.15858406 1.85250447 0.00000000
      vertex -11.15858406 1.85250447 0.20000000
      vertex -11.09905381 1.88047738 0.20000000
    endloop
  endfacet
  facet normal -0.42528255 0.90506064 0.00000000
    outer loop
      vertex -11.09905381 1.88047738 0.00000000
      vertex -11.15858406 1.85250447 0.00000000
      vertex -11.09905381 1.88047738 0.20000000
    endloop
  endfacet
  facet normal -0.44876767 0.89364846 0.00000000
    outer loop
      vertex -11.21716715 1.82308552 0.00000000
      vertex -11.21716715 1.82308552 0.20000000
      vertex -11.15858406 1.85250447 0.20000000
    endloop
  endfacet
  facet normal -0.44876767 0.89364846 0.00000000
    outer loop
      vertex -11.15858406 1.85250447 0.00000000
      vertex -11.21716715 1.82308552 0.00000000
      vertex -11.15858406 1.85250447 0.20000000
    endloop
  endfacet
  facet normal -0.47205844 0.88156726 0.00000000
    outer loop
      vertex -11.27481237 1.79221787 0.00000000
      vertex -11.27481237 1.79221787 0.20000000
      vertex -11.21716715 1.82308552 0.20000000
    endloop
  endfacet
  facet normal -0.47205844 0.88156726 0.00000000
    outer loop
      vertex -11.21716715 1.82308552 0.00000000
      vertex -11.27481237 1.79221787 0.00000000
      vertex -11.21716715 1.82308552 0.20000000
    endloop
  endfacet
  facet normal -0.49510347 0.86883402 0.00000000
    outer loop
      vertex -11.33152890 1.75989806 0.00000000
      vertex -11.33152890 1.75989806 0.20000000
      vertex -11.27481237 1.79221787 0.20000000
    endloop
  endfacet
  facet normal -0.49510347 0.86883402 0.00000000
    outer loop
      vertex -11.27481237 1.79221787 0.00000000
      vertex -11.33152890 1.75989806 0.00000000
      vertex -11.27481237 1.79221787 0.20000000
    endloop
  endfacet
  facet normal -0.51785236 0.85547001 0.00000000
    outer loop
      vertex -11.38732567 1.72612190 0.00000000
      vertex -11.38732567 1.72612190 0.20000000
      vertex -11.33152890 1.75989806 0.20000000
    endloop
  endfacet
  facet normal -0.51785236 0.85547001 0.00000000
    outer loop
      vertex -11.33152890 1.75989806 0.00000000
      vertex -11.38732567 1.72612190 0.00000000
      vertex -11.33152890 1.75989806 0.20000000
    endloop
  endfacet
  facet normal -0.54025624 0.84150056 0.00000000
    outer loop
      vertex -11.44221131 1.69088448 0.00000000
      vertex -11.44221131 1.69088448 0.20000000
      vertex -11.38732567 1.72612190 0.20000000
    endloop
  endfacet
  facet normal -0.54025624 0.84150056 0.00000000
    outer loop
      vertex -11.38732567 1.72612190 0.00000000
      vertex -11.44221131 1.69088448 0.00000000
      vertex -11.38732567 1.72612190 0.20000000
    endloop
  endfacet
  facet normal -0.56226831 0.82695487 0.00000000
    outer loop
      vertex -11.49619401 1.65418023 0.00000000
      vertex -11.49619401 1.65418023 0.20000000
      vertex -11.44221131 1.69088448 0.20000000
    endloop
  endfacet
  facet normal -0.56226831 0.82695487 0.00000000
    outer loop
      vertex -11.44221131 1.69088448 0.00000000
      vertex -11.49619401 1.65418023 0.00000000
      vertex -11.44221131 1.69088448 0.20000000
    endloop
  endfacet
  facet normal -0.58384431 0.81186564 0.00000000
    outer loop
      vertex -11.54928148 1.61600296 0.00000000
      vertex -11.54928148 1.61600296 0.20000000
      vertex -11.49619401 1.65418023 0.20000000
    endloop
  endfacet
  facet normal -0.58384431 0.81186564 0.00000000
    outer loop
      vertex -11.49619401 1.65418023 0.00000000
      vertex -11.54928148 1.61600296 0.00000000
      vertex -11.49619401 1.65418023 0.20000000
    endloop
  endfacet
  facet normal -0.60494298 0.79626879 0.00000000
    outer loop
      vertex -11.60148084 1.57634594 0.00000000
      vertex -11.60148084 1.57634594 0.20000000
      vertex -11.54928148 1.61600296 0.20000000
    endloop
  endfacet
  facet normal -0.60494298 0.79626879 0.00000000
    outer loop
      vertex -11.54928148 1.61600296 0.00000000
      vertex -11.60148084 1.57634594 0.00000000
      vertex -11.54928148 1.61600296 0.20000000
    endloop
  endfacet
  facet normal -0.62552643 0.78020298 0.00000000
    outer loop
      vertex -11.65279860 1.53520202 0.00000000
      vertex -11.65279860 1.53520202 0.20000000
      vertex -11.60148084 1.57634594 0.20000000
    endloop
  endfacet
  facet normal -0.62552643 0.78020298 0.00000000
    outer loop
      vertex -11.60148084 1.57634594 0.00000000
      vertex -11.65279860 1.53520202 0.00000000
      vertex -11.60148084 1.57634594 0.20000000
    endloop
  endfacet
  facet normal -0.64556046 0.76370917 0.00000000
    outer loop
      vertex -11.70324055 1.49256363 0.00000000
      vertex -11.70324055 1.49256363 0.20000000
      vertex -11.65279860 1.53520202 0.20000000
    endloop
  endfacet
  facet normal -0.64556046 0.76370917 0.00000000
    outer loop
      vertex -11.65279860 1.53520202 0.00000000
      vertex -11.70324055 1.49256363 0.00000000
      vertex -11.65279860 1.53520202 0.20000000
    endloop
  endfacet
  facet normal -0.66501481 0.74683017 0.00000000
    outer loop
      vertex -11.75281176 1.44842295 0.00000000
      vertex -11.75281176 1.44842295 0.20000000
      vertex -11.70324055 1.49256363 0.20000000
    endloop
  endfacet
  facet normal -0.66501481 0.74683017 0.00000000
    outer loop
      vertex -11.70324055 1.49256363 0.00000000
      vertex -11.75281176 1.44842295 0.00000000
      vertex -11.70324055 1.49256363 0.20000000
    endloop
  endfacet
  facet normal -0.68386338 0.72961009 0.00000000
    outer loop
      vertex -11.80151656 1.40277195 0.00000000
      vertex -11.80151656 1.40277195 0.20000000
      vertex -11.75281176 1.44842295 0.20000000
    endloop
  endfacet
  facet normal -0.68386338 0.72961009 0.00000000
    outer loop
      vertex -11.75281176 1.44842295 0.00000000
      vertex -11.80151656 1.40277195 0.00000000
      vertex -11.75281176 1.44842295 0.20000000
    endloop
  endfacet
  facet normal -0.70208426 0.71209388 0.00000000
    outer loop
      vertex -11.84935851 1.35560250 0.00000000
      vertex -11.84935851 1.35560250 0.20000000
      vertex -11.80151656 1.40277195 0.20000000
    endloop
  endfacet
  facet normal -0.70208426 0.71209388 0.00000000
    outer loop
      vertex -11.80151656 1.40277195 0.00000000
      vertex -11.84935851 1.35560250 0.00000000
      vertex -11.80151656 1.40277195 0.20000000
    endloop
  endfacet
  facet normal -0.71965983 0.69432682 0.00000000
    outer loop
      vertex -11.89634038 1.30690646 0.00000000
      vertex -11.89634038 1.30690646 0.20000000
      vertex -11.84935851 1.35560250 0.20000000
    endloop
  endfacet
  facet normal -0.71965983 0.69432682 0.00000000
    outer loop
      vertex -11.84935851 1.35560250 0.00000000
      vertex -11.89634038 1.30690646 0.00000000
      vertex -11.84935851 1.35560250 0.20000000
    endloop
  endfacet
  facet normal -0.73657669 0.67635404 0.00000000
    outer loop
      vertex -11.94246423 1.25667574 0.00000000
      vertex -11.94246423 1.25667574 0.20000000
      vertex -11.89634038 1.30690646 0.20000000
    endloop
  endfacet
  facet normal -0.73657669 0.67635404 0.00000000
    outer loop
      vertex -11.89634038 1.30690646 0.00000000
      vertex -11.94246423 1.25667574 0.00000000
      vertex -11.89634038 1.30690646 0.20000000
    endloop
  endfacet
  facet normal -0.75282555 0.65822009 0.00000000
    outer loop
      vertex -11.98773135 1.20490241 0.00000000
      vertex -11.98773135 1.20490241 0.20000000
      vertex -11.94246423 1.25667574 0.20000000
    endloop
  endfacet
  facet normal -0.75282555 0.65822009 0.00000000
    outer loop
      vertex -11.94246423 1.25667574 0.00000000
      vertex -11.98773135 1.20490241 0.00000000
      vertex -11.94246423 1.25667574 0.20000000
    endloop
  endfacet
  facet normal -0.76840111 0.63996854 0.00000000
    outer loop
      vertex -12.03214237 1.15157874 0.00000000
      vertex -12.03214237 1.15157874 0.20000000
      vertex -11.98773135 1.20490241 0.20000000
    endloop
  endfacet
  facet normal -0.76840111 0.63996854 0.00000000
    outer loop
      vertex -11.98773135 1.20490241 0.00000000
      vertex -12.03214237 1.15157874 0.00000000
      vertex -11.98773135 1.20490241 0.20000000
    endloop
  endfacet
  facet normal -0.78330181 0.62164159 0.00000000
    outer loop
      vertex -12.07569723 1.09669727 0.00000000
      vertex -12.07569723 1.09669727 0.20000000
      vertex -12.03214237 1.15157874 0.20000000
    endloop
  endfacet
  facet normal -0.78330181 0.62164159 0.00000000
    outer loop
      vertex -12.03214237 1.15157874 0.00000000
      vertex -12.07569723 1.09669727 0.00000000
      vertex -12.03214237 1.15157874 0.20000000
    endloop
  endfacet
  facet normal -0.79752962 0.60327980 0.00000000
    outer loop
      vertex -12.11839529 1.04025087 0.00000000
      vertex -12.11839529 1.04025087 0.20000000
      vertex -12.07569723 1.09669727 0.20000000
    endloop
  endfacet
  facet normal -0.79752962 0.60327980 0.00000000
    outer loop
      vertex -12.07569723 1.09669727 0.00000000
      vertex -12.11839529 1.04025087 0.00000000
      vertex -12.07569723 1.09669727 0.20000000
    endloop
  endfacet
  facet normal -0.81108973 0.58492175 0.00000000
    outer loop
      vertex -12.16082234 0.98141883 0.00000000
      vertex -12.16082234 0.98141883 0.20000000
      vertex -12.11839529 1.04025087 0.20000000
    endloop
  endfacet
  facet normal -0.81108973 0.58492175 0.00000000
    outer loop
      vertex -12.11839529 1.04025087 0.00000000
      vertex -12.16082234 0.98141883 0.00000000
      vertex -12.11839529 1.04025087 0.20000000
    endloop
  endfacet
  facet normal -0.81762184 0.57575562 0.00000000
    outer loop
      vertex -12.62678201 0.31971656 0.00000000
      vertex -12.62678201 0.31971656 0.20000000
      vertex -12.16082234 0.98141883 0.20000000
    endloop
  endfacet
  facet normal -0.81762184 0.57575562 0.00000000
    outer loop
      vertex -12.16082234 0.98141883 0.00000000
      vertex -12.62678201 0.31971656 0.00000000
      vertex -12.16082234 0.98141883 0.20000000
    endloop
  endfacet
  facet normal -0.82402347 0.56655566 0.00000000
    outer loop
      vertex -12.68349495 0.23723076 0.00000000
      vertex -12.68349495 0.23723076 0.20000000
      vertex -12.62678201 0.31971656 0.20000000
    endloop
  endfacet
  facet normal -0.82402347 0.56655566 0.00000000
    outer loop
      vertex -12.62678201 0.31971656 0.00000000
      vertex -12.68349495 0.23723076 0.00000000
      vertex -12.62678201 0.31971656 0.20000000
    endloop
  endfacet
  facet normal -0.83668411 0.54768577 0.00000000
    outer loop
      vertex -12.73722844 0.15514363 0.00000000
      vertex -12.73722844 0.15514363 0.20000000
      vertex -12.68349495 0.23723076 0.20000000
    endloop
  endfacet
  facet normal -0.83668411 0.54768577 0.00000000
    outer loop
      vertex -12.68349495 0.23723076 0.00000000
      vertex -12.73722844 0.15514363 0.00000000
      vertex -12.68349495 0.23723076 0.20000000
    endloop
  endfacet
  facet normal -0.84912400 0.52819356 0.00000000
    outer loop
      vertex -12.78855536 0.07263047 0.00000000
      vertex -12.78855536 0.07263047 0.20000000
      vertex -12.73722844 0.15514363 0.20000000
    endloop
  endfacet
  facet normal -0.84912400 0.52819356 0.00000000
    outer loop
      vertex -12.73722844 0.15514363 0.00000000
      vertex -12.78855536 0.07263047 0.00000000
      vertex -12.73722844 0.15514363 0.20000000
    endloop
  endfacet
  facet normal -0.86130564 0.50808719 0.00000000
    outer loop
      vertex -12.83748253 -0.01031051 0.00000000
      vertex -12.83748253 -0.01031051 0.20000000
      vertex -12.78855536 0.07263047 0.20000000
    endloop
  endfacet
  facet normal -0.86130564 0.50808719 0.00000000
    outer loop
      vertex -12.78855536 0.07263047 0.00000000
      vertex -12.83748253 -0.01031051 0.00000000
      vertex -12.78855536 0.07263047 0.20000000
    endloop
  endfacet
  facet normal -0.87319082 0.48737850 0.00000000
    outer loop
      vertex -12.88401687 -0.09368177 0.00000000
      vertex -12.88401687 -0.09368177 0.20000000
      vertex -12.83748253 -0.01031051 0.20000000
    endloop
  endfacet
  facet normal -0.87319082 0.48737850 0.00000000
    outer loop
      vertex -12.83748253 -0.01031051 0.00000000
      vertex -12.88401687 -0.09368177 0.00000000
      vertex -12.83748253 -0.01031051 0.20000000
    endloop
  endfacet
  facet normal -0.88474097 0.46608306 0.00000000
    outer loop
      vertex -12.92816533 -0.17748646 0.00000000
      vertex -12.92816533 -0.17748646 0.20000000
      vertex -12.88401687 -0.09368177 0.20000000
    endloop
  endfacet
  facet normal -0.88474097 0.46608306 0.00000000
    outer loop
      vertex -12.88401687 -0.09368177 0.00000000
      vertex -12.92816533 -0.17748646 0.00000000
      vertex -12.88401687 -0.09368177 0.20000000
    endloop
  endfacet
  facet normal -0.89591754 0.44422041 0.00000000
    outer loop
      vertex -12.96993482 -0.26172847 0.00000000
      vertex -12.96993482 -0.26172847 0.20000000
      vertex -12.92816533 -0.17748646 0.20000000
    endloop
  endfacet
  facet normal -0.89591754 0.44422041 0.00000000
    outer loop
      vertex -12.92816533 -0.17748646 0.00000000
      vertex -12.96993482 -0.26172847 0.00000000
      vertex -12.92816533 -0.17748646 0.20000000
    endloop
  endfacet
  facet normal -0.90668238 0.42181402 0.00000000
    outer loop
      vertex -13.00933214 -0.34641238 0.00000000
      vertex -13.00933214 -0.34641238 0.20000000
      vertex -12.96993482 -0.26172847 0.20000000
    endloop
  endfacet
  facet normal -0.90668238 0.42181402 0.00000000
    outer loop
      vertex -12.96993482 -0.26172847 0.00000000
      vertex -13.00933214 -0.34641238 0.00000000
      vertex -12.96993482 -0.26172847 0.20000000
    endloop
  endfacet
  facet normal -0.91699819 0.39889136 0.00000000
    outer loop
      vertex -13.04636390 -0.43154348 0.00000000
      vertex -13.04636390 -0.43154348 0.20000000
      vertex -13.00933214 -0.34641238 0.20000000
    endloop
  endfacet
  facet normal -0.91699819 0.39889136 0.00000000
    outer loop
      vertex -13.00933214 -0.34641238 0.00000000
      vertex -13.04636390 -0.43154348 0.00000000
      vertex -13.00933214 -0.34641238 0.20000000
    endloop
  endfacet
  facet normal -0.92682894 0.37548384 0.00000000
    outer loop
      vertex -13.08103645 -0.51712777 0.00000000
      vertex -13.08103645 -0.51712777 0.20000000
      vertex -13.04636390 -0.43154348 0.20000000
    endloop
  endfacet
  facet normal -0.92682894 0.37548384 0.00000000
    outer loop
      vertex -13.04636390 -0.43154348 0.00000000
      vertex -13.08103645 -0.51712777 0.00000000
      vertex -13.04636390 -0.43154348 0.20000000
    endloop
  endfacet
  facet normal -0.93614032 0.35162665 0.00000000
    outer loop
      vertex -13.11335576 -0.60317192 0.00000000
      vertex -13.11335576 -0.60317192 0.20000000
      vertex -13.08103645 -0.51712777 0.20000000
    endloop
  endfacet
  facet normal -0.93614032 0.35162665 0.00000000
    outer loop
      vertex -13.08103645 -0.51712777 0.00000000
      vertex -13.11335576 -0.60317192 0.00000000
      vertex -13.08103645 -0.51712777 0.20000000
    endloop
  endfacet
  facet normal -0.94490017 0.32735862 0.00000000
    outer loop
      vertex -13.14332742 -0.68968321 0.00000000
      vertex -13.14332742 -0.68968321 0.20000000
      vertex -13.11335576 -0.60317192 0.20000000
    endloop
  endfacet
  facet normal -0.94490017 0.32735862 0.00000000
    outer loop
      vertex -13.11335576 -0.60317192 0.00000000
      vertex -13.14332742 -0.68968321 0.00000000
      vertex -13.11335576 -0.60317192 0.20000000
    endloop
  endfacet
  facet normal -0.95307893 0.30272192 0.00000000
    outer loop
      vertex -13.17095646 -0.77666952 0.00000000
      vertex -13.17095646 -0.77666952 0.20000000
      vertex -13.14332742 -0.68968321 0.20000000
    endloop
  endfacet
  facet normal -0.95307893 0.30272192 0.00000000
    outer loop
      vertex -13.14332742 -0.68968321 0.00000000
      vertex -13.17095646 -0.77666952 0.00000000
      vertex -13.14332742 -0.68968321 0.20000000
    endloop
  endfacet
  facet normal -0.96065000 0.27776174 0.00000000
    outer loop
      vertex -13.19624740 -0.86413923 0.00000000
      vertex -13.19624740 -0.86413923 0.20000000
      vertex -13.17095646 -0.77666952 0.20000000
    endloop
  endfacet
  facet normal -0.96065000 0.27776174 0.00000000
    outer loop
      vertex -13.17095646 -0.77666952 0.00000000
      vertex -13.19624740 -0.86413923 0.00000000
      vertex -13.17095646 -0.77666952 0.20000000
    endloop
  endfacet
  facet normal -0.96759013 0.25252593 0.00000000
    outer loop
      vertex -13.21920409 -0.95210115 0.00000000
      vertex -13.21920409 -0.95210115 0.20000000
      vertex -13.19624740 -0.86413923 0.20000000
    endloop
  endfacet
  facet normal -0.96759013 0.25252593 0.00000000
    outer loop
      vertex -13.19624740 -0.86413923 0.00000000
      vertex -13.21920409 -0.95210115 0.00000000
      vertex -13.19624740 -0.86413923 0.20000000
    endloop
  endfacet
  facet normal -0.97387972 0.22706450 0.00000000
    outer loop
      vertex -13.23982971 -1.04056444 0.00000000
      vertex -13.23982971 -1.04056444 0.20000000
      vertex -13.21920409 -0.95210115 0.20000000
    endloop
  endfacet
  facet normal -0.97387972 0.22706450 0.00000000
    outer loop
      vertex -13.21920409 -0.95210115 0.00000000
      vertex -13.23982971 -1.04056444 0.00000000
      vertex -13.21920409 -0.95210115 0.20000000
    endloop
  endfacet
  facet normal -0.97950308 0.20142919 0.00000000
    outer loop
      vertex -13.25812672 -1.12953854 0.00000000
      vertex -13.25812672 -1.12953854 0.20000000
      vertex -13.23982971 -1.04056444 0.20000000
    endloop
  endfacet
  facet normal -0.97950308 0.20142919 0.00000000
    outer loop
      vertex -13.23982971 -1.04056444 0.00000000
      vertex -13.25812672 -1.12953854 0.00000000
      vertex -13.23982971 -1.04056444 0.20000000
    endloop
  endfacet
  facet normal -0.98444859 0.17567292 0.00000000
    outer loop
      vertex -13.27409684 -1.21903303 0.00000000
      vertex -13.27409684 -1.21903303 0.20000000
      vertex -13.25812672 -1.12953854 0.20000000
    endloop
  endfacet
  facet normal -0.98444859 0.17567292 0.00000000
    outer loop
      vertex -13.25812672 -1.12953854 0.00000000
      vertex -13.27409684 -1.21903303 0.00000000
      vertex -13.25812672 -1.12953854 0.20000000
    endloop
  endfacet
  facet normal -0.98870886 0.14984925 0.00000000
    outer loop
      vertex -13.28774101 -1.30905757 0.00000000
      vertex -13.28774101 -1.30905757 0.20000000
      vertex -13.27409684 -1.21903303 0.20000000
    endloop
  endfacet
  facet normal -0.98870886 0.14984925 0.00000000
    outer loop
      vertex -13.27409684 -1.21903303 0.00000000
      vertex -13.28774101 -1.30905757 0.00000000
      vertex -13.27409684 -1.21903303 0.20000000
    endloop
  endfacet
  facet normal -0.99228074 0.12401181 0.00000000
    outer loop
      vertex -13.29905941 -1.39962178 0.00000000
      vertex -13.29905941 -1.39962178 0.20000000
      vertex -13.28774101 -1.30905757 0.20000000
    endloop
  endfacet
  facet normal -0.99228074 0.12401181 0.00000000
    outer loop
      vertex -13.28774101 -1.30905757 0.00000000
      vertex -13.29905941 -1.39962178 0.00000000
      vertex -13.28774101 -1.30905757 0.20000000
    endloop
  endfacet
  facet normal -0.99516534 0.09821378 0.00000000
    outer loop
      vertex -13.30805147 -1.49073516 0.00000000
      vertex -13.30805147 -1.49073516 0.20000000
      vertex -13.29905941 -1.39962178 0.20000000
    endloop
  endfacet
  facet normal -0.99516534 0.09821378 0.00000000
    outer loop
      vertex -13.29905941 -1.39962178 0.00000000
      vertex -13.30805147 -1.49073516 0.00000000
      vertex -13.29905941 -1.39962178 0.20000000
    endloop
  endfacet
  facet normal -0.99736788 0.07250735 0.00000000
    outer loop
      vertex -13.31471589 -1.58240696 0.00000000
      vertex -13.31471589 -1.58240696 0.20000000
      vertex -13.30805147 -1.49073516 0.20000000
    endloop
  endfacet
  facet normal -0.99736788 0.07250735 0.00000000
    outer loop
      vertex -13.30805147 -1.49073516 0.00000000
      vertex -13.31471589 -1.58240696 0.00000000
      vertex -13.30805147 -1.49073516 0.20000000
    endloop
  endfacet
  facet normal -0.99889756 0.04694317 0.00000000
    outer loop
      vertex -13.31905067 -1.67464613 0.00000000
      vertex -13.31905067 -1.67464613 0.20000000
      vertex -13.31471589 -1.58240696 0.20000000
    endloop
  endfacet
  facet normal -0.99889756 0.04694317 0.00000000
    outer loop
      vertex -13.31471589 -1.58240696 0.00000000
      vertex -13.31905067 -1.67464613 0.00000000
      vertex -13.31471589 -1.58240696 0.20000000
    endloop
  endfacet
  facet normal -0.99976734 0.02156997 0.00000000
    outer loop
      vertex -13.32105316 -1.76746125 0.00000000
      vertex -13.32105316 -1.76746125 0.20000000
      vertex -13.31905067 -1.67464613 0.20000000
    endloop
  endfacet
  facet normal -0.99976734 0.02156997 0.00000000
    outer loop
      vertex -13.31905067 -1.67464613 0.00000000
      vertex -13.32105316 -1.76746125 0.00000000
      vertex -13.31905067 -1.67464613 0.20000000
    endloop
  endfacet
  facet normal -0.99999364 -0.00356592 0.00000000
    outer loop
      vertex -13.32072010 -1.86086040 0.00000000
      vertex -13.32072010 -1.86086040 0.20000000
      vertex -13.32105316 -1.76746125 0.20000000
    endloop
  endfacet
  facet normal -0.99999364 -0.00356592 0.00000000
    outer loop
      vertex -13.32105316 -1.76746125 0.00000000
      vertex -13.32072010 -1.86086040 0.00000000
      vertex -13.32105316 -1.76746125 0.20000000
    endloop
  endfacet
  facet normal -0.99959604 -0.02842090 0.00000000
    outer loop
      vertex -13.31804772 -1.95485117 0.00000000
      vertex -13.31804772 -1.95485117 0.20000000
      vertex -13.32072010 -1.86086040 0.20000000
    endloop
  endfacet
  facet normal -0.99959604 -0.02842090 0.00000000
    outer loop
      vertex -13.32072010 -1.86086040 0.00000000
      vertex -13.31804772 -1.95485117 0.00000000
      vertex -13.32072010 -1.86086040 0.20000000
    endloop
  endfacet
  facet normal -0.99859693 -0.05295441 0.00000000
    outer loop
      vertex -13.31303175 -2.04944057 0.00000000
      vertex -13.31303175 -2.04944057 0.20000000
      vertex -13.31804772 -1.95485117 0.20000000
    endloop
  endfacet
  facet normal -0.99859693 -0.05295441 0.00000000
    outer loop
      vertex -13.31804772 -1.95485117 0.00000000
      vertex -13.31303175 -2.04944057 0.00000000
      vertex -13.31804772 -1.95485117 0.20000000
    endloop
  endfacet
  facet normal -0.99702111 -0.07712916 0.00000000
    outer loop
      vertex -13.30566755 -2.14463501 0.00000000
      vertex -13.30566755 -2.14463501 0.20000000
      vertex -13.31303175 -2.04944057 0.20000000
    endloop
  endfacet
  facet normal -0.99702111 -0.07712916 0.00000000
    outer loop
      vertex -13.31303175 -2.04944057 0.00000000
      vertex -13.30566755 -2.14463501 0.00000000
      vertex -13.31303175 -2.04944057 0.20000000
    endloop
  endfacet
  facet normal -0.99489543 -0.10091128 0.00000000
    outer loop
      vertex -13.29595012 -2.24044025 0.00000000
      vertex -13.29595012 -2.24044025 0.20000000
      vertex -13.30566755 -2.14463501 0.20000000
    endloop
  endfacet
  facet normal -0.99489543 -0.10091128 0.00000000
    outer loop
      vertex -13.30566755 -2.14463501 0.00000000
      vertex -13.29595012 -2.24044025 0.00000000
      vertex -13.30566755 -2.14463501 0.20000000
    endloop
  endfacet
  facet normal -0.99224838 -0.12427046 0.00000000
    outer loop
      vertex -13.28387420 -2.33686144 0.00000000
      vertex -13.28387420 -2.33686144 0.20000000
      vertex -13.29595012 -2.24044025 0.20000000
    endloop
  endfacet
  facet normal -0.99224838 -0.12427046 0.00000000
    outer loop
      vertex -13.29595012 -2.24044025 0.00000000
      vertex -13.28387420 -2.33686144 0.00000000
      vertex -13.29595012 -2.24044025 0.20000000
    endloop
  endfacet
  facet normal -0.98910973 -0.14717998 0.00000000
    outer loop
      vertex -13.26943437 -2.43390306 0.00000000
      vertex -13.26943437 -2.43390306 0.20000000
      vertex -13.28387420 -2.33686144 0.20000000
    endloop
  endfacet
  facet normal -0.98910973 -0.14717998 0.00000000
    outer loop
      vertex -13.28387420 -2.33686144 0.00000000
      vertex -13.26943437 -2.43390306 0.00000000
      vertex -13.28387420 -2.33686144 0.20000000
    endloop
  endfacet
  facet normal -0.98551011 -0.16961671 0.00000000
    outer loop
      vertex -13.25245552 -2.53255388 0.00000000
      vertex -13.25245552 -2.53255388 0.20000000
      vertex -13.26943437 -2.43390306 0.20000000
    endloop
  endfacet
  facet normal -0.98551011 -0.16961671 0.00000000
    outer loop
      vertex -13.26943437 -2.43390306 0.00000000
      vertex -13.25245552 -2.53255388 0.00000000
      vertex -13.26943437 -2.43390306 0.20000000
    endloop
  endfacet
  facet normal -0.98354717 -0.18065152 0.00000000
    outer loop
      vertex -12.95296907 -4.16309122 0.00000000
      vertex -12.95296907 -4.16309122 0.20000000
      vertex -13.25245552 -2.53255388 0.20000000
    endloop
  endfacet
  facet normal -0.98354717 -0.18065152 0.00000000
    outer loop
      vertex -13.25245552 -2.53255388 0.00000000
      vertex -12.95296907 -4.16309122 0.00000000
      vertex -13.25245552 -2.53255388 0.20000000
    endloop
  endfacet
  facet normal -0.98081854 -0.19492304 0.00000000
    outer loop
      vertex -12.93876800 -4.23454851 0.00000000
      vertex -12.93876800 -4.23454851 0.20000000
      vertex -12.95296907 -4.16309122 0.20000000
    endloop
  endfacet
  facet normal -0.98081854 -0.19492304 0.00000000
    outer loop
      vertex -12.95296907 -4.16309122 0.00000000
      vertex -12.93876800 -4.23454851 0.00000000
      vertex -12.95296907 -4.16309122 0.20000000
    endloop
  endfacet
  facet normal -0.97455491 -0.22414891 0.00000000
    outer loop
      vertex -12.92308710 -4.30272592 0.00000000
      vertex -12.92308710 -4.30272592 0.20000000
      vertex -12.93876800 -4.23454851 0.20000000
    endloop
  endfacet
  facet normal -0.97455491 -0.22414891 0.00000000
    outer loop
      vertex -12.93876800 -4.23454851 0.00000000
      vertex -12.92308710 -4.30272592 0.00000000
      vertex -12.93876800 -4.23454851 0.20000000
    endloop
  endfacet
  facet normal -0.96713815 -0.25425143 0.00000000
    outer loop
      vertex -12.90569312 -4.36889028 0.00000000
      vertex -12.90569312 -4.36889028 0.20000000
      vertex -12.92308710 -4.30272592 0.20000000
    endloop
  endfacet
  facet normal -0.96713815 -0.25425143 0.00000000
    outer loop
      vertex -12.92308710 -4.30272592 0.00000000
      vertex -12.90569312 -4.36889028 0.00000000
      vertex -12.92308710 -4.30272592 0.20000000
    endloop
  endfacet
  facet normal -0.95847479 -0.28517726 0.00000000
    outer loop
      vertex -12.88660275 -4.43305261 0.00000000
      vertex -12.88660275 -4.43305261 0.20000000
      vertex -12.90569312 -4.36889028 0.20000000
    endloop
  endfacet
  facet normal -0.95847479 -0.28517726 0.00000000
    outer loop
      vertex -12.90569312 -4.36889028 0.00000000
      vertex -12.88660275 -4.43305261 0.00000000
      vertex -12.90569312 -4.36889028 0.20000000
    endloop
  endfacet
  facet normal -0.94847325 -0.31685722 0.00000000
    outer loop
      vertex -12.86583215 -4.49522687 0.00000000
      vertex -12.86583215 -4.49522687 0.20000000
      vertex -12.88660275 -4.43305261 0.20000000
    endloop
  endfacet
  facet normal -0.94847325 -0.31685722 0.00000000
    outer loop
      vertex -12.88660275 -4.43305261 0.00000000
      vertex -12.86583215 -4.49522687 0.00000000
      vertex -12.88660275 -4.43305261 0.20000000
    endloop
  endfacet
  facet normal -0.93704625 -0.34920528 0.00000000
    outer loop
      vertex -12.84339644 -4.55543014 0.00000000
      vertex -12.84339644 -4.55543014 0.20000000
      vertex -12.86583215 -4.49522687 0.20000000
    endloop
  endfacet
  facet normal -0.93704625 -0.34920528 0.00000000
    outer loop
      vertex -12.86583215 -4.49522687 0.00000000
      vertex -12.84339644 -4.55543014 0.00000000
      vertex -12.86583215 -4.49522687 0.20000000
    endloop
  endfacet
  facet normal -0.92411360 -0.38211786 0.00000000
    outer loop
      vertex -12.81930921 -4.61368267 0.00000000
      vertex -12.81930921 -4.61368267 0.20000000
      vertex -12.84339644 -4.55543014 0.20000000
    endloop
  endfacet
  facet normal -0.92411360 -0.38211786 0.00000000
    outer loop
      vertex -12.84339644 -4.55543014 0.00000000
      vertex -12.81930921 -4.61368267 0.00000000
      vertex -12.84339644 -4.55543014 0.20000000
    endloop
  endfacet
  facet normal -0.90960518 -0.41547372 0.00000000
    outer loop
      vertex -12.79358196 -4.67000787 0.00000000
      vertex -12.79358196 -4.67000787 0.20000000
      vertex -12.81930921 -4.61368267 0.20000000
    endloop
  endfacet
  facet normal -0.90960518 -0.41547372 0.00000000
    outer loop
      vertex -12.81930921 -4.61368267 0.00000000
      vertex -12.79358196 -4.67000787 0.00000000
      vertex -12.81930921 -4.61368267 0.20000000
    endloop
  endfacet
  facet normal -0.89346419 -0.44913444 0.00000000
    outer loop
      vertex -12.76622350 -4.72443213 0.00000000
      vertex -12.76622350 -4.72443213 0.20000000
      vertex -12.79358196 -4.67000787 0.20000000
    endloop
  endfacet
  facet normal -0.89346419 -0.44913444 0.00000000
    outer loop
      vertex -12.79358196 -4.67000787 0.00000000
      vertex -12.76622350 -4.72443213 0.00000000
      vertex -12.79358196 -4.67000787 0.20000000
    endloop
  endfacet
  facet normal -0.87565031 -0.48294569 0.00000000
    outer loop
      vertex -12.73723938 -4.77698452 0.00000000
      vertex -12.73723938 -4.77698452 0.20000000
      vertex -12.76622350 -4.72443213 0.20000000
    endloop
  endfacet
  facet normal -0.87565031 -0.48294569 0.00000000
    outer loop
      vertex -12.76622350 -4.72443213 0.00000000
      vertex -12.73723938 -4.77698452 0.00000000
      vertex -12.76622350 -4.72443213 0.20000000
    endloop
  endfacet
  facet normal -0.85614283 -0.51673925 0.00000000
    outer loop
      vertex -12.70663138 -4.82769639 0.00000000
      vertex -12.70663138 -4.82769639 0.20000000
      vertex -12.73723938 -4.77698452 0.20000000
    endloop
  endfacet
  facet normal -0.85614283 -0.51673925 0.00000000
    outer loop
      vertex -12.73723938 -4.77698452 0.00000000
      vertex -12.70663138 -4.82769639 0.00000000
      vertex -12.73723938 -4.77698452 0.20000000
    endloop
  endfacet
  facet normal -0.83494333 -0.55033592 0.00000000
    outer loop
      vertex -12.67439707 -4.87660075 0.00000000
      vertex -12.67439707 -4.87660075 0.20000000
      vertex -12.70663138 -4.82769639 0.20000000
    endloop
  endfacet
  facet normal -0.83494333 -0.55033592 0.00000000
    outer loop
      vertex -12.70663138 -4.82769639 0.00000000
      vertex -12.67439707 -4.87660075 0.00000000
      vertex -12.70663138 -4.82769639 0.20000000
    endloop
  endfacet
  facet normal -0.81207783 -0.58354914 0.00000000
    outer loop
      vertex -12.64052948 -4.92373152 0.00000000
      vertex -12.64052948 -4.92373152 0.20000000
      vertex -12.67439707 -4.87660075 0.20000000
    endloop
  endfacet
  facet normal -0.81207783 -0.58354914 0.00000000
    outer loop
      vertex -12.67439707 -4.87660075 0.00000000
      vertex -12.64052948 -4.92373152 0.00000000
      vertex -12.67439707 -4.87660075 0.20000000
    endloop
  endfacet
  facet normal -0.78759809 -0.61618930 0.00000000
    outer loop
      vertex -12.60501695 -4.96912277 0.00000000
      vertex -12.60501695 -4.96912277 0.20000000
      vertex -12.64052948 -4.92373152 0.20000000
    endloop
  endfacet
  facet normal -0.78759809 -0.61618930 0.00000000
    outer loop
      vertex -12.64052948 -4.92373152 0.00000000
      vertex -12.60501695 -4.96912277 0.00000000
      vertex -12.64052948 -4.92373152 0.20000000
    endloop
  endfacet
  facet normal -0.76158199 -0.64806857 0.00000000
    outer loop
      vertex -12.56784317 -5.01280778 0.00000000
      vertex -12.56784317 -5.01280778 0.20000000
      vertex -12.60501695 -4.96912277 0.20000000
    endloop
  endfacet
  facet normal -0.76158199 -0.64806857 0.00000000
    outer loop
      vertex -12.60501695 -4.96912277 0.00000000
      vertex -12.56784317 -5.01280778 0.00000000
      vertex -12.60501695 -4.96912277 0.20000000
    endloop
  endfacet
  facet normal -0.73413286 -0.67900585 0.00000000
    outer loop
      vertex -12.52898737 -5.05481819 0.00000000
      vertex -12.52898737 -5.05481819 0.20000000
      vertex -12.56784317 -5.01280778 0.20000000
    endloop
  endfacet
  facet normal -0.73413286 -0.67900585 0.00000000
    outer loop
      vertex -12.56784317 -5.01280778 0.00000000
      vertex -12.52898737 -5.05481819 0.00000000
      vertex -12.56784317 -5.01280778 0.20000000
    endloop
  endfacet
  facet normal -0.70537764 -0.70883170 0.00000000
    outer loop
      vertex -12.48842481 -5.09518309 0.00000000
      vertex -12.48842481 -5.09518309 0.20000000
      vertex -12.52898737 -5.05481819 0.20000000
    endloop
  endfacet
  facet normal -0.70537764 -0.70883170 0.00000000
    outer loop
      vertex -12.52898737 -5.05481819 0.00000000
      vertex -12.48842481 -5.09518309 0.00000000
      vertex -12.52898737 -5.05481819 0.20000000
    endloop
  endfacet
  facet normal -0.67546402 -0.73739295 0.00000000
    outer loop
      vertex -12.44612730 -5.13392831 0.00000000
      vertex -12.44612730 -5.13392831 0.20000000
      vertex -12.48842481 -5.09518309 0.20000000
    endloop
  endfacet
  facet normal -0.67546402 -0.73739295 0.00000000
    outer loop
      vertex -12.48842481 -5.09518309 0.00000000
      vertex -12.44612730 -5.13392831 0.00000000
      vertex -12.48842481 -5.09518309 0.20000000
    endloop
  endfacet
  facet normal -0.64455666 -0.76455654 0.00000000
    outer loop
      vertex -12.40206400 -5.17107572 0.00000000
      vertex -12.40206400 -5.17107572 0.20000000
      vertex -12.44612730 -5.13392831 0.20000000
    endloop
  endfacet
  facet normal -0.64455666 -0.76455654 0.00000000
    outer loop
      vertex -12.44612730 -5.13392831 0.00000000
      vertex -12.40206400 -5.17107572 0.00000000
      vertex -12.44612730 -5.13392831 0.20000000
    endloop
  endfacet
  facet normal -0.61283278 -0.79021262 0.00000000
    outer loop
      vertex -12.35620222 -5.20664285 0.00000000
      vertex -12.35620222 -5.20664285 0.20000000
      vertex -12.40206400 -5.17107572 0.20000000
    endloop
  endfacet
  facet normal -0.61283278 -0.79021262 0.00000000
    outer loop
      vertex -12.40206400 -5.17107572 0.00000000
      vertex -12.35620222 -5.20664285 0.00000000
      vertex -12.40206400 -5.17107572 0.20000000
    endloop
  endfacet
  facet normal -0.58047726 -0.81427646 0.00000000
    outer loop
      vertex -12.30850837 -5.24064260 0.00000000
      vertex -12.30850837 -5.24064260 0.20000000
      vertex -12.35620222 -5.20664285 0.20000000
    endloop
  endfacet
  facet normal -0.58047726 -0.81427646 0.00000000
    outer loop
      vertex -12.35620222 -5.20664285 0.00000000
      vertex -12.30850837 -5.24064260 0.00000000
      vertex -12.35620222 -5.20664285 0.20000000
    endloop
  endfacet
  facet normal -0.54767766 -0.83668942 0.00000000
    outer loop
      vertex -12.25894878 -5.27308317 0.00000000
      vertex -12.25894878 -5.27308317 0.20000000
      vertex -12.30850837 -5.24064260 0.20000000
    endloop
  endfacet
  facet normal -0.54767766 -0.83668942 0.00000000
    outer loop
      vertex -12.30850837 -5.24064260 0.00000000
      vertex -12.25894878 -5.27308317 0.00000000
      vertex -12.30850837 -5.24064260 0.20000000
    endloop
  endfacet
  facet normal -0.51461946 -0.85741869 0.00000000
    outer loop
      vertex -12.20749056 -5.30396820 0.00000000
      vertex -12.20749056 -5.30396820 0.20000000
      vertex -12.25894878 -5.27308317 0.20000000
    endloop
  endfacet
  facet normal -0.51461946 -0.85741869 0.00000000
    outer loop
      vertex -12.25894878 -5.27308317 0.00000000
      vertex -12.20749056 -5.30396820 0.00000000
      vertex -12.25894878 -5.27308317 0.20000000
    endloop
  endfacet
  facet normal -0.48148171 -0.87645614 0.00000000
    outer loop
      vertex -12.15410233 -5.33329706 0.00000000
      vertex -12.15410233 -5.33329706 0.20000000
      vertex -12.20749056 -5.30396820 0.20000000
    endloop
  endfacet
  facet normal -0.48148171 -0.87645614 0.00000000
    outer loop
      vertex -12.20749056 -5.30396820 0.00000000
      vertex -12.15410233 -5.33329706 0.00000000
      vertex -12.20749056 -5.30396820 0.20000000
    endloop
  endfacet
  facet normal -0.44843326 -0.89381632 0.00000000
    outer loop
      vertex -12.09875482 -5.36106525 0.00000000
      vertex -12.09875482 -5.36106525 0.20000000
      vertex -12.15410233 -5.33329706 0.20000000
    endloop
  endfacet
  facet normal -0.44843326 -0.89381632 0.00000000
    outer loop
      vertex -12.15410233 -5.33329706 0.00000000
      vertex -12.09875482 -5.36106525 0.00000000
      vertex -12.15410233 -5.33329706 0.20000000
    endloop
  endfacet
  facet normal -0.41562982 -0.90953387 0.00000000
    outer loop
      vertex -12.04142134 -5.38726494 0.00000000
      vertex -12.04142134 -5.38726494 0.20000000
      vertex -12.09875482 -5.36106525 0.20000000
    endloop
  endfacet
  facet normal -0.41562982 -0.90953387 0.00000000
    outer loop
      vertex -12.09875482 -5.36106525 0.00000000
      vertex -12.04142134 -5.38726494 0.00000000
      vertex -12.09875482 -5.36106525 0.20000000
    endloop
  endfacet
  facet normal -0.38321178 -0.92366051 0.00000000
    outer loop
      vertex -11.98207807 -5.41188550 0.00000000
      vertex -11.98207807 -5.41188550 0.20000000
      vertex -12.04142134 -5.38726494 0.20000000
    endloop
  endfacet
  facet normal -0.38321178 -0.92366051 0.00000000
    outer loop
      vertex -12.04142134 -5.38726494 0.00000000
      vertex -11.98207807 -5.41188550 0.00000000
      vertex -12.04142134 -5.38726494 0.20000000
    endloop
  endfacet
  facet normal -0.35130286 -0.93626187 0.00000000
    outer loop
      vertex -11.92070429 -5.43491408 0.00000000
      vertex -11.92070429 -5.43491408 0.20000000
      vertex -11.98207807 -5.41188550 0.20000000
    endloop
  endfacet
  facet normal -0.35130286 -0.93626187 0.00000000
    outer loop
      vertex -11.98207807 -5.41188550 0.00000000
      vertex -11.92070429 -5.43491408 0.00000000
      vertex -11.98207807 -5.41188550 0.20000000
    endloop
  endfacet
  facet normal -0.32000951 -0.94741433 0.00000000
    outer loop
      vertex -11.85728237 -5.45633620 0.00000000
      vertex -11.85728237 -5.45633620 0.20000000
      vertex -11.92070429 -5.43491408 0.20000000
    endloop
  endfacet
  facet normal -0.32000951 -0.94741433 0.00000000
    outer loop
      vertex -11.92070429 -5.43491408 0.00000000
      vertex -11.85728237 -5.45633620 0.00000000
      vertex -11.92070429 -5.43491408 0.20000000
    endloop
  endfacet
  facet normal -0.28942090 -0.95720193 0.00000000
    outer loop
      vertex -11.79179777 -5.47613621 0.00000000
      vertex -11.79179777 -5.47613621 0.20000000
      vertex -11.85728237 -5.45633620 0.20000000
    endloop
  endfacet
  facet normal -0.28942090 -0.95720193 0.00000000
    outer loop
      vertex -11.85728237 -5.45633620 0.00000000
      vertex -11.79179777 -5.47613621 0.00000000
      vertex -11.85728237 -5.45633620 0.20000000
    endloop
  endfacet
  facet normal -0.25960949 -0.96571368 0.00000000
    outer loop
      vertex -11.72423887 -5.49429784 0.00000000
      vertex -11.72423887 -5.49429784 0.20000000
      vertex -11.79179777 -5.47613621 0.20000000
    endloop
  endfacet
  facet normal -0.25960949 -0.96571368 0.00000000
    outer loop
      vertex -11.79179777 -5.47613621 0.00000000
      vertex -11.72423887 -5.49429784 0.00000000
      vertex -11.79179777 -5.47613621 0.20000000
    endloop
  endfacet
  facet normal -0.23063201 -0.97304104 0.00000000
    outer loop
      vertex -11.65334821 -5.51110048 0.00000000
      vertex -11.65334821 -5.51110048 0.20000000
      vertex -11.72423887 -5.49429784 0.20000000
    endloop
  endfacet
  facet normal -0.23063201 -0.97304104 0.00000000
    outer loop
      vertex -11.72423887 -5.49429784 0.00000000
      vertex -11.65334821 -5.51110048 0.00000000
      vertex -11.72423887 -5.49429784 0.20000000
    endloop
  endfacet
  facet normal -0.21646972 -0.97628933 0.00000000
    outer loop
      vertex -10.46768433 -5.77399419 0.00000000
      vertex -10.46768433 -5.77399419 0.20000000
      vertex -11.65334821 -5.51110048 0.20000000
    endloop
  endfacet
  facet normal -0.21646972 -0.97628933 0.00000000
    outer loop
      vertex -11.65334821 -5.51110048 0.00000000
      vertex -10.46768433 -5.77399419 0.00000000
      vertex -11.65334821 -5.51110048 0.20000000
    endloop
  endfacet
endsolid green_island_07
