solid green_island_03
  facet normal 0.00000000 0.00000000 1.00000000
    outer loop
      vertex -2.36155475 10.07690525 0.20000000
      vertex -1.21177055 -9.46414589 0.20000000
      vertex -1.20375587 -9.57213709 0.20000000
    endloop
  endfacet
  facet normal 0.00000000 0.00000000 1.00000000
    outer loop
      vertex -2.36155475 10.07690525 0.20000000
      vertex -1.20375587 -9.57213709 0.20000000
      vertex -1.19276248 -9.67567359 0.20000000
    endloop
  endfacet
  facet normal 0.00000000 0.00000000 1.00000000
    outer loop
      vertex -2.36155475 10.07690525 0.20000000
      vertex -1.19276248 -9.67567359 0.20000000
      vertex -1.17871643 -9.77610083 0.20000000
    endloop
  endfacet
  facet normal 0.00000000 0.00000000 1.00000000
    outer loop
      vertex -2.36155475 10.07690525 0.20000000
      vertex -1.17871643 -9.77610083 0.20000000
      vertex -1.16164451 -9.87342576 0.20000000
    endloop
  endfacet
  facet normal 0.00000000 0.00000000 1.00000000
    outer loop
      vertex -2.36155475 10.07690525 0.20000000
      vertex -1.16164451 -9.87342576 0.20000000
      vertex -1.14157422 -9.96765988 0.20000000
    endloop
  endfacet
  facet normal 0.00000000 0.00000000 1.00000000
    outer loop
      vertex -2.36155475 10.07690525 0.20000000
      vertex -1.14157422 -9.96765988 0.20000000
      vertex -1.11853298 -10.05881972 0.20000000
    endloop
  endfacet
  facet normal 0.00000000 0.00000000 1.00000000
    outer loop
      vertex -2.36155475 10.07690525 0.20000000
      vertex -1.11853298 -10.05881972 0.20000000
      vertex -1.09254736 -10.14692747 0.20000000
    endloop
  endfacet
  facet normal 0.00000000 0.00000000 1.00000000
    outer loop
      vertex -2.36155475 10.07690525 0.20000000
      vertex -1.09254736 -10.14692747 0.20000000
      vertex -1.06364199 -10.23201121 0.20000000
    endloop
  endfacet
  facet normal 0.00000000 0.00000000 1.00000000
    outer loop
      vertex -2.36155475 10.07690525 0.20000000
      vertex -1.06364199 -10.23201121 0.20000000
      vertex -1.03183847 -10.31410512 0.20000000
    endloop
  endfacet
  facet normal 0.00000000 0.00000000 1.00000000
    outer loop
      vertex -2.36155475 10.07690525 0.20000000
      vertex -1.03183847 -10.31410512 0.20000000
      vertex -0.99715402 -10.39324929 0.20000000
    endloop
  endfacet
  facet normal 0.00000000 0.00000000 1.00000000
    outer loop
      vertex -2.36155475 10.07690525 0.20000000
      vertex -0.99715402 -10.39324929 0.20000000
      vertex -0.95960025 -10.46948923 0.20000000
    endloop
  endfacet
  facet normal 0.00000000 0.00000000 1.00000000
    outer loop
      vertex -2.36155475 10.07690525 0.20000000
      vertex -0.95960025 -10.46948923 0.20000000
      vertex -0.91918199 -10.54287496 0.20000000
    endloop
  endfacet
  facet normal 0.00000000 0.00000000 1.00000000
    outer loop
      vertex -2.36155475 10.07690525 0.20000000
      vertex -0.91918199 -10.54287496 0.20000000
      vertex -0.87589622 -10.61345978 0.20000000
    endloop
  endfacet
  facet normal 0.00000000 0.00000000 1.00000000
    outer loop
      vertex -2.36155475 10.07690525 0.20000000
      vertex -0.87589622 -10.61345978 0.20000000
      vertex -0.82973147 -10.68129868 0.20000000
    endloop
  endfacet
  facet normal 0.00000000 0.00000000 1.00000000
    outer loop
      vertex -2.36155475 10.07690525 0.20000000
      vertex -0.82973147 -10.68129868 0.20000000
      vertex -0.78066749 -10.74644646 0.20000000
    endloop
  endfacet
  facet normal 0.00000000 0.00000000 1.00000000
    outer loop
      vertex -2.36155475 10.07690525 0.20000000
      vertex -0.78066749 -10.74644646 0.20000000
      vertex -0.72867548 -10.80895582 0.20000000
    endloop
  endfacet
  facet normal 0.00000000 0.00000000 1.00000000
    outer loop
      vertex -2.36155475 10.07690525 0.20000000
      vertex -0.72867548 -10.80895582 0.20000000
      vertex -0.67371882 -10.86887539 0.20000000
    endloop
  endfacet
  facet normal 0.00000000 0.00000000 1.00000000
    outer loop
      vertex -2.36155475 10.07690525 0.20000000
      vertex -0.67371882 -10.86887539 0.20000000
      vertex -0.61575425 -10.92624800 0.20000000
    endloop
  endfacet
  facet normal 0.00000000 0.00000000 1.00000000
    outer loop
      vertex -2.36155475 10.07690525 0.20000000
      vertex -0.61575425 -10.92624800 0.20000000
      vertex -0.55473341 -10.98110925 0.20000000
    endloop
  endfacet
  facet normal 0.00000000 0.00000000 1.00000000
    outer loop
      vertex -2.36155475 10.07690525 0.20000000
      vertex -0.55473341 -10.98110925 0.20000000
      vertex -0.49060471 -11.03348658 0.20000000
    endloop
  endfacet
  facet normal 0.00000000 0.00000000 1.00000000
    outer loop
      vertex -2.36155475 10.07690525 0.20000000
      vertex -0.49060471 -11.03348658 0.20000000
      vertex -0.42331522 -11.08339875 0.20000000
    endloop
  endfacet
  facet normal 0.00000000 0.00000000 1.00000000
    outer loop
      vertex -2.36155475 10.07690525 0.20000000
      vertex -0.42331522 -11.08339875 0.20000000
      vertex -0.35281250 -11.13085590 0.20000000
    endloop
  endfacet
  facet normal 0.00000000 0.00000000 1.00000000
    outer loop
      vertex -2.36155475 10.07690525 0.20000000
      vertex -0.35281250 -11.13085590 0.20000000
      vertex -0.27904636 -11.17585998 0.20000000
    endloop
  endfacet
  facet normal 0.00000000 0.00000000 1.00000000
    outer loop
      vertex -2.36155475 10.07690525 0.20000000
      vertex -0.27904636 -11.17585998 0.20000000
      vertex -0.20197013 -11.21840560 0.20000000
    endloop
  endfacet
  facet normal 0.00000000 0.00000000 1.00000000
    outer loop
      vertex -2.36155475 10.07690525 0.20000000
      vertex -0.20197013 -11.21840560 0.20000000
      vertex -0.12154178 -11.25848106 0.20000000
    endloop
  endfacet
  facet normal 0.00000000 0.00000000 1.00000000
    outer loop
      vertex -2.36155475 10.07690525 0.20000000
      vertex -0.12154178 -11.25848106 0.20000000
      vertex -0.03772453 -11.29606959 0.20000000
    endloop
  endfacet
  facet normal 0.00000000 0.00000000 1.00000000
    outer loop
      vertex -2.36155475 10.07690525 0.20000000
      vertex -0.03772453 -11.29606959 0.20000000
      vertex 0.04951276 -11.33115051 0.20000000
    endloop
  endfacet
  facet normal 0.00000000 0.00000000 1.00000000
    outer loop
      vertex -2.36155475 10.07690525 0.20000000
      vertex 0.04951276 -11.33115051 0.20000000
      vertex 0.14019562 -11.36370051 0.20000000
    endloop
  endfacet
  facet normal 0.00000000 0.00000000 1.00000000
    outer loop
      vertex -2.36155475 10.07690525 0.20000000
      vertex 0.14019562 -11.36370051 0.20000000
      vertex 0.23434417 -11.39369461 0.20000000
    endloop
  endfacet
  facet normal 0.00000000 0.00000000 1.00000000
    outer loop
      vertex -2.36155475 10.07690525 0.20000000
      vertex 0.23434417 -11.39369461 0.20000000
      vertex 0.33197344 -11.42110713 0.20000000
    endloop
  endfacet
  facet normal 0.00000000 0.00000000 1.00000000
    outer loop
      vertex -2.36155475 10.07690525 0.20000000
      vertex 0.33197344 -11.42110713 0.20000000
      vertex 0.43309395 -11.44591244 0.20000000
    endloop
  endfacet
  facet normal 0.00000000 0.00000000 1.00000000
    outer loop
      vertex -2.36155475 10.07690525 0.20000000
      vertex 0.43309395 -11.44591244 0.20000000
      vertex 0.53902900 -11.46836460 0.20000000
    endloop
  endfacet
  facet normal 0.00000000 0.00000000 1.00000000
    outer loop
      vertex -2.36155475 10.07690525 0.20000000
      vertex 0.53902900 -11.46836460 0.20000000
      vertex 0.93402323 -11.54578227 0.20000000
    endloop
  endfacet
  facet normal 0.00000000 0.00000000 1.00000000
    outer loop
      vertex -2.36155475 10.07690525 0.20000000
      vertex 0.93402323 -11.54578227 0.20000000
      vertex 1.03962320 -11.56480423 0.20000000
    endloop
  endfacet
  facet normal 0.00000000 0.00000000 1.00000000
    outer loop
      vertex -2.36155475 10.07690525 0.20000000
      vertex 1.03962320 -11.56480423 0.20000000
      vertex 1.13962103 -11.57947375 0.20000000
    endloop
  endfacet
  facet normal 0.00000000 0.00000000 1.00000000
    outer loop
      vertex -2.36155475 10.07690525 0.20000000
      vertex 1.13962103 -11.57947375 0.20000000
      vertex 1.23527442 -11.59007030 0.20000000
    endloop
  endfacet
  facet normal 0.00000000 0.00000000 1.00000000
    outer loop
      vertex -2.36155475 10.07690525 0.20000000
      vertex 1.23527442 -11.59007030 0.20000000
      vertex 1.32653672 -11.59664958 0.20000000
    endloop
  endfacet
  facet normal 0.00000000 0.00000000 1.00000000
    outer loop
      vertex -2.36155475 10.07690525 0.20000000
      vertex 1.32653672 -11.59664958 0.20000000
      vertex 1.41336371 -11.59928031 0.20000000
    endloop
  endfacet
  facet normal 0.00000000 0.00000000 1.00000000
    outer loop
      vertex -2.36155475 10.07690525 0.20000000
      vertex 1.41336371 -11.59928031 0.20000000
      vertex 1.49571736 -11.59804593 0.20000000
    endloop
  endfacet
  facet normal 0.00000000 0.00000000 1.00000000
    outer loop
      vertex -2.36155475 10.07690525 0.20000000
      vertex 1.49571736 -11.59804593 0.20000000
      vertex 1.57357091 -11.59304559 0.20000000
    endloop
  endfacet
  facet normal 0.00000000 0.00000000 1.00000000
    outer loop
      vertex -2.36155475 10.07690525 0.20000000
      vertex 1.57357091 -11.59304559 0.20000000
      vertex 1.64691558 -11.58439398 0.20000000
    endloop
  endfacet
  facet normal 0.00000000 0.00000000 1.00000000
    outer loop
      vertex -2.36155475 10.07690525 0.20000000
      vertex 1.64691558 -11.58439398 0.20000000
      vertex 1.71576869 -11.57221903 0.20000000
    endloop
  endfacet
  facet normal 0.00000000 0.00000000 1.00000000
    outer loop
      vertex -2.36155475 10.07690525 0.20000000
      vertex 1.71576869 -11.57221903 0.20000000
      vertex 1.78018269 -11.55665653 0.20000000
    endloop
  endfacet
  facet normal 0.00000000 0.00000000 1.00000000
    outer loop
      vertex -2.36155475 10.07690525 0.20000000
      vertex 1.78018269 -11.55665653 0.20000000
      vertex 1.84025365 -11.53784088 0.20000000
    endloop
  endfacet
  facet normal 0.00000000 0.00000000 1.00000000
    outer loop
      vertex -2.36155475 10.07690525 0.20000000
      vertex 1.84025365 -11.53784088 0.20000000
      vertex 1.89612738 -11.51589152 0.20000000
    endloop
  endfacet
  facet normal 0.00000000 0.00000000 1.00000000
    outer loop
      vertex -2.36155475 10.07690525 0.20000000
      vertex 1.89612738 -11.51589152 0.20000000
      vertex 1.94800028 -11.49089591 0.20000000
    endloop
  endfacet
  facet normal 0.00000000 0.00000000 1.00000000
    outer loop
      vertex -2.36155475 10.07690525 0.20000000
      vertex 1.94800028 -11.49089591 0.20000000
      vertex 1.99611248 -11.46289132 0.20000000
    endloop
  endfacet
  facet normal 0.00000000 0.00000000 1.00000000
    outer loop
      vertex -2.36155475 10.07690525 0.20000000
      vertex 1.99611248 -11.46289132 0.20000000
      vertex 2.04073186 -11.43184942 0.20000000
    endloop
  endfacet
  facet normal 0.00000000 0.00000000 1.00000000
    outer loop
      vertex -2.36155475 10.07690525 0.20000000
      vertex 2.04073186 -11.43184942 0.20000000
      vertex 2.08213016 -11.39766835 0.20000000
    endloop
  endfacet
  facet normal 0.00000000 0.00000000 1.00000000
    outer loop
      vertex -2.36155475 10.07690525 0.20000000
      vertex 2.08213016 -11.39766835 0.20000000
      vertex 2.12055507 -11.36017580 0.20000000
    endloop
  endfacet
  facet normal 0.00000000 0.00000000 1.00000000
    outer loop
      vertex -2.36155475 10.07690525 0.20000000
      vertex 2.12055507 -11.36017580 0.20000000
      vertex 2.15620446 -11.31914399 0.20000000
    endloop
  endfacet
  facet normal 0.00000000 0.00000000 1.00000000
    outer loop
      vertex -2.36155475 10.07690525 0.20000000
      vertex 2.15620446 -11.31914399 0.20000000
      vertex 2.18920877 -11.27431369 0.20000000
    endloop
  endfacet
  facet normal 0.00000000 0.00000000 1.00000000
    outer loop
      vertex -2.36155475 10.07690525 0.20000000
      vertex 2.18920877 -11.27431369 0.20000000
      vertex 2.21962491 -11.22542159 0.20000000
    endloop
  endfacet
  facet normal 0.00000000 0.00000000 1.00000000
    outer loop
      vertex -2.36155475 10.07690525 0.20000000
      vertex 2.21962491 -11.22542159 0.20000000
      vertex 2.24744157 -11.17222496 0.20000000
    endloop
  endfacet
  facet normal 0.00000000 0.00000000 1.00000000
    outer loop
      vertex -2.36155475 10.07690525 0.20000000
      vertex 2.24744157 -11.17222496 0.20000000
      vertex 2.27259287 -11.11451915 0.20000000
    endloop
  endfacet
  facet normal 0.00000000 0.00000000 1.00000000
    outer loop
      vertex -2.36155475 10.07690525 0.20000000
      vertex 2.27259287 -11.11451915 0.20000000
      vertex 2.29497570 -11.05214637 0.20000000
    endloop
  endfacet
  facet normal 0.00000000 0.00000000 1.00000000
    outer loop
      vertex -2.36155475 10.07690525 0.20000000
      vertex 2.29497570 -11.05214637 0.20000000
      vertex 2.31446675 -10.98499669 0.20000000
    endloop
  endfacet
  facet normal 0.00000000 0.00000000 1.00000000
    outer loop
      vertex -2.36155475 10.07690525 0.20000000
      vertex 2.31446675 -10.98499669 0.20000000
      vertex 2.33093663 -10.91300339 0.20000000
    endloop
  endfacet
  facet normal 0.00000000 0.00000000 1.00000000
    outer loop
      vertex -2.36155475 10.07690525 0.20000000
      vertex 2.33093663 -10.91300339 0.20000000
      vertex 2.34426001 -10.83613555 0.20000000
    endloop
  endfacet
  facet normal 0.00000000 0.00000000 1.00000000
    outer loop
      vertex -2.36155475 10.07690525 0.20000000
      vertex 2.34426001 -10.83613555 0.20000000
      vertex 2.35432193 -10.75438957 0.20000000
    endloop
  endfacet
  facet normal 0.00000000 0.00000000 1.00000000
    outer loop
      vertex -2.36155475 10.07690525 0.20000000
      vertex 2.35432193 -10.75438957 0.20000000
      vertex 2.36102091 -10.66778142 0.20000000
    endloop
  endfacet
  facet normal 0.00000000 0.00000000 1.00000000
    outer loop
      vertex -2.36155475 10.07690525 0.20000000
      vertex 2.36102091 -10.66778142 0.20000000
      vertex 2.36426995 -10.57633998 0.20000000
    endloop
  endfacet
  facet normal 0.00000000 0.00000000 1.00000000
    outer loop
      vertex -2.36155475 10.07690525 0.20000000
      vertex 2.36426995 -10.57633998 0.20000000
      vertex 2.36399596 -10.48010182 0.20000000
    endloop
  endfacet
  facet normal 0.00000000 0.00000000 1.00000000
    outer loop
      vertex -2.36155475 10.07690525 0.20000000
      vertex 2.36399596 -10.48010182 0.20000000
      vertex 2.36013857 -10.37910736 0.20000000
    endloop
  endfacet
  facet normal 0.00000000 0.00000000 1.00000000
    outer loop
      vertex -2.36155475 10.07690525 0.20000000
      vertex 2.36013857 -10.37910736 0.20000000
      vertex 2.35255483 -10.27207617 0.20000000
    endloop
  endfacet
  facet normal -0.00000000 0.00000000 1.00000000
    outer loop
      vertex -2.36155475 10.07690525 0.20000000
      vertex 2.35255483 -10.27207617 0.20000000
      vertex 0.50086656 11.19110212 0.20000000
    endloop
  endfacet
  facet normal 0.00000000 0.00000000 1.00000000
    outer loop
      vertex -2.36155475 10.07690525 0.20000000
      vertex 0.50086656 11.19110212 0.20000000
      vertex 0.49713555 11.22758958 0.20000000
    endloop
  endfacet
  facet normal 0.00000000 0.00000000 1.00000000
    outer loop
      vertex -2.36155475 10.07690525 0.20000000
      vertex 0.49713555 11.22758958 0.20000000
      vertex 0.49261563 11.26080801 0.20000000
    endloop
  endfacet
  facet normal 0.00000000 0.00000000 1.00000000
    outer loop
      vertex -2.36155475 10.07690525 0.20000000
      vertex 0.49261563 11.26080801 0.20000000
      vertex 0.48721243 11.29211456 0.20000000
    endloop
  endfacet
  facet normal 0.00000000 0.00000000 1.00000000
    outer loop
      vertex -2.36155475 10.07690525 0.20000000
      vertex 0.48721243 11.29211456 0.20000000
      vertex 0.48097787 11.32150008 0.20000000
    endloop
  endfacet
  facet normal 0.00000000 0.00000000 1.00000000
    outer loop
      vertex -2.36155475 10.07690525 0.20000000
      vertex 0.48097787 11.32150008 0.20000000
      vertex 0.47396973 11.34896256 0.20000000
    endloop
  endfacet
  facet normal 0.00000000 0.00000000 1.00000000
    outer loop
      vertex -2.36155475 10.07690525 0.20000000
      vertex 0.47396973 11.34896256 0.20000000
      vertex 0.46625101 11.37450973 0.20000000
    endloop
  endfacet
  facet normal 0.00000000 0.00000000 1.00000000
    outer loop
      vertex -2.36155475 10.07690525 0.20000000
      vertex 0.46625101 11.37450973 0.20000000
      vertex 0.45788842 11.39816182 0.20000000
    endloop
  endfacet
  facet normal 0.00000000 0.00000000 1.00000000
    outer loop
      vertex -2.36155475 10.07690525 0.20000000
      vertex 0.45788842 11.39816182 0.20000000
      vertex 0.44895005 11.41995446 0.20000000
    endloop
  endfacet
  facet normal 0.00000000 0.00000000 1.00000000
    outer loop
      vertex -2.36155475 10.07690525 0.20000000
      vertex 0.44895005 11.41995446 0.20000000
      vertex 0.43950185 11.43994136 0.20000000
    endloop
  endfacet
  facet normal 0.00000000 0.00000000 1.00000000
    outer loop
      vertex -2.36155475 10.07690525 0.20000000
      vertex 0.43950185 11.43994136 0.20000000
      vertex 0.42960295 11.45819628 0.20000000
    endloop
  endfacet
  facet normal 0.00000000 0.00000000 1.00000000
    outer loop
      vertex -2.36155475 10.07690525 0.20000000
      vertex 0.42960295 11.45819628 0.20000000
      vertex 0.41930000 11.47481374 0.20000000
    endloop
  endfacet
  facet normal 0.00000000 0.00000000 1.00000000
    outer loop
      vertex -2.36155475 10.07690525 0.20000000
      vertex 0.41930000 11.47481374 0.20000000
      vertex 0.40862082 11.48990774 0.20000000
    endloop
  endfacet
  facet normal 0.00000000 0.00000000 1.00000000
    outer loop
      vertex -2.36155475 10.07690525 0.20000000
      vertex 0.40862082 11.48990774 0.20000000
      vertex 0.39756827 11.50360819 0.20000000
    endloop
  endfacet
  facet normal 0.00000000 0.00000000 1.00000000
    outer loop
      vertex -2.36155475 10.07690525 0.20000000
      vertex 0.39756827 11.50360819 0.20000000
      vertex 0.38611527 11.51605467 0.20000000
    endloop
  endfacet
  facet normal 0.00000000 0.00000000 1.00000000
    outer loop
      vertex -2.36155475 10.07690525 0.20000000
      vertex 0.38611527 11.51605467 0.20000000
      vertex 0.37420207 11.52738797 0.20000000
    endloop
  endfacet
  facet normal 0.00000000 0.00000000 1.00000000
    outer loop
      vertex -2.36155475 10.07690525 0.20000000
      vertex 0.37420207 11.52738797 0.20000000
      vertex 0.36173686 11.53774034 0.20000000
    endloop
  endfacet
  facet normal 0.00000000 0.00000000 1.00000000
    outer loop
      vertex -2.36155475 10.07690525 0.20000000
      vertex 0.36173686 11.53774034 0.20000000
      vertex 0.34859987 11.54722571 0.20000000
    endloop
  endfacet
  facet normal 0.00000000 0.00000000 1.00000000
    outer loop
      vertex -2.36155475 10.07690525 0.20000000
      vertex 0.34859987 11.54722571 0.20000000
      vertex 0.33465084 11.55593161 0.20000000
    endloop
  endfacet
  facet normal 0.00000000 0.00000000 1.00000000
    outer loop
      vertex -2.36155475 10.07690525 0.20000000
      vertex 0.33465084 11.55593161 0.20000000
      vertex 0.31973882 11.56391395 0.20000000
    endloop
  endfacet
  facet normal 0.00000000 0.00000000 1.00000000
    outer loop
      vertex -2.36155475 10.07690525 0.20000000
      vertex 0.31973882 11.56391395 0.20000000
      vertex 0.30371253 11.57119539 0.20000000
    endloop
  endfacet
  facet normal 0.00000000 0.00000000 1.00000000
    outer loop
      vertex -2.36155475 10.07690525 0.20000000
      vertex 0.30371253 11.57119539 0.20000000
      vertex 0.28643007 11.57776732 0.20000000
    endloop
  endfacet
  facet normal 0.00000000 0.00000000 1.00000000
    outer loop
      vertex -2.36155475 10.07690525 0.20000000
      vertex 0.28643007 11.57776732 0.20000000
      vertex 0.26776636 11.58359454 0.20000000
    endloop
  endfacet
  facet normal 0.00000000 0.00000000 1.00000000
    outer loop
      vertex -2.36155475 10.07690525 0.20000000
      vertex 0.26776636 11.58359454 0.20000000
      vertex 0.24761794 11.58862162 0.20000000
    endloop
  endfacet
  facet normal 0.00000000 0.00000000 1.00000000
    outer loop
      vertex -2.36155475 10.07690525 0.20000000
      vertex 0.24761794 11.58862162 0.20000000
      vertex 0.22590495 11.59277982 0.20000000
    endloop
  endfacet
  facet normal 0.00000000 0.00000000 1.00000000
    outer loop
      vertex -2.36155475 10.07690525 0.20000000
      vertex 0.22590495 11.59277982 0.20000000
      vertex 0.20257072 11.59599344 0.20000000
    endloop
  endfacet
  facet normal 0.00000000 0.00000000 1.00000000
    outer loop
      vertex -2.36155475 10.07690525 0.20000000
      vertex 0.20257072 11.59599344 0.20000000
      vertex 0.17757972 11.59818521 0.20000000
    endloop
  endfacet
  facet normal 0.00000000 0.00000000 1.00000000
    outer loop
      vertex -2.36155475 10.07690525 0.20000000
      vertex 0.17757972 11.59818521 0.20000000
      vertex 0.15091443 11.59928031 0.20000000
    endloop
  endfacet
  facet normal 0.00000000 0.00000000 1.00000000
    outer loop
      vertex -2.36155475 10.07690525 0.20000000
      vertex 0.15091443 11.59928031 0.20000000
      vertex 0.12257194 11.59920908 0.20000000
    endloop
  endfacet
  facet normal 0.00000000 0.00000000 1.00000000
    outer loop
      vertex -2.36155475 10.07690525 0.20000000
      vertex 0.12257194 11.59920908 0.20000000
      vertex 0.09256049 11.59790860 0.20000000
    endloop
  endfacet
  facet normal 0.00000000 0.00000000 1.00000000
    outer loop
      vertex -2.36155475 10.07690525 0.20000000
      vertex 0.09256049 11.59790860 0.20000000
      vertex 0.06089645 11.59532341 0.20000000
    endloop
  endfacet
  facet normal 0.00000000 0.00000000 1.00000000
    outer loop
      vertex -2.36155475 10.07690525 0.20000000
      vertex 0.06089645 11.59532341 0.20000000
      vertex 0.02760164 11.59140553 0.20000000
    endloop
  endfacet
  facet normal 0.00000000 0.00000000 1.00000000
    outer loop
      vertex -2.36155475 10.07690525 0.20000000
      vertex 0.02760164 11.59140553 0.20000000
      vertex -0.00866164 11.58590745 0.20000000
    endloop
  endfacet
  facet normal 0.00000000 0.00000000 1.00000000
    outer loop
      vertex -2.36155475 10.07690525 0.20000000
      vertex -0.00866164 11.58590745 0.20000000
      vertex -0.79380093 11.45411334 0.20000000
    endloop
  endfacet
  facet normal 0.00000000 0.00000000 1.00000000
    outer loop
      vertex -2.36155475 10.07690525 0.20000000
      vertex -0.79380093 11.45411334 0.20000000
      vertex -1.73544097 11.07018286 0.20000000
    endloop
  endfacet
  facet normal 0.00000000 0.00000000 1.00000000
    outer loop
      vertex -2.36155475 10.07690525 0.20000000
      vertex -1.73544097 11.07018286 0.20000000
      vertex -1.77999190 11.05123688 0.20000000
    endloop
  endfacet
  facet normal 0.00000000 0.00000000 1.00000000
    outer loop
      vertex -2.36155475 10.07690525 0.20000000
      vertex -1.77999190 11.05123688 0.20000000
      vertex -1.82155654 11.03202626 0.20000000
    endloop
  endfacet
  facet normal 0.00000000 0.00000000 1.00000000
    outer loop
      vertex -2.36155475 10.07690525 0.20000000
      vertex -1.82155654 11.03202626 0.20000000
      vertex -1.86135876 11.01205415 0.20000000
    endloop
  endfacet
  facet normal 0.00000000 0.00000000 1.00000000
    outer loop
      vertex -2.36155475 10.07690525 0.20000000
      vertex -1.86135876 11.01205415 0.20000000
      vertex -1.89941350 10.99133870 0.20000000
    endloop
  endfacet
  facet normal 0.00000000 0.00000000 1.00000000
    outer loop
      vertex -2.36155475 10.07690525 0.20000000
      vertex -1.89941350 10.99133870 0.20000000
      vertex -1.93573927 10.96989697 0.20000000
    endloop
  endfacet
  facet normal 0.00000000 0.00000000 1.00000000
    outer loop
      vertex -2.36155475 10.07690525 0.20000000
      vertex -1.93573927 10.96989697 0.20000000
      vertex -1.97035829 10.94774431 0.20000000
    endloop
  endfacet
  facet normal 0.00000000 0.00000000 1.00000000
    outer loop
      vertex -2.36155475 10.07690525 0.20000000
      vertex -1.97035829 10.94774431 0.20000000
      vertex -2.00329655 10.92489364 0.20000000
    endloop
  endfacet
  facet normal 0.00000000 0.00000000 1.00000000
    outer loop
      vertex -2.36155475 10.07690525 0.20000000
      vertex -2.00329655 10.92489364 0.20000000
      vertex -2.03458367 10.90135467 0.20000000
    endloop
  endfacet
  facet normal 0.00000000 0.00000000 1.00000000
    outer loop
      vertex -2.36155475 10.07690525 0.20000000
      vertex -2.03458367 10.90135467 0.20000000
      vertex -2.06425266 10.87713310 0.20000000
    endloop
  endfacet
  facet normal 0.00000000 0.00000000 1.00000000
    outer loop
      vertex -2.36155475 10.07690525 0.20000000
      vertex -2.06425266 10.87713310 0.20000000
      vertex -2.09233941 10.85222989 0.20000000
    endloop
  endfacet
  facet normal 0.00000000 0.00000000 1.00000000
    outer loop
      vertex -2.36155475 10.07690525 0.20000000
      vertex -2.09233941 10.85222989 0.20000000
      vertex -2.11888197 10.82664056 0.20000000
    endloop
  endfacet
  facet normal 0.00000000 0.00000000 1.00000000
    outer loop
      vertex -2.36155475 10.07690525 0.20000000
      vertex -2.11888197 10.82664056 0.20000000
      vertex -2.14391968 10.80035473 0.20000000
    endloop
  endfacet
  facet normal 0.00000000 0.00000000 1.00000000
    outer loop
      vertex -2.36155475 10.07690525 0.20000000
      vertex -2.14391968 10.80035473 0.20000000
      vertex -2.16749208 10.77335578 0.20000000
    endloop
  endfacet
  facet normal 0.00000000 0.00000000 1.00000000
    outer loop
      vertex -2.36155475 10.07690525 0.20000000
      vertex -2.16749208 10.77335578 0.20000000
      vertex -2.18963771 10.74562082 0.20000000
    endloop
  endfacet
  facet normal 0.00000000 0.00000000 1.00000000
    outer loop
      vertex -2.36155475 10.07690525 0.20000000
      vertex -2.18963771 10.74562082 0.20000000
      vertex -2.21039284 10.71712098 0.20000000
    endloop
  endfacet
  facet normal 0.00000000 0.00000000 1.00000000
    outer loop
      vertex -2.36155475 10.07690525 0.20000000
      vertex -2.21039284 10.71712098 0.20000000
      vertex -2.22979031 10.68782198 0.20000000
    endloop
  endfacet
  facet normal 0.00000000 0.00000000 1.00000000
    outer loop
      vertex -2.36155475 10.07690525 0.20000000
      vertex -2.22979031 10.68782198 0.20000000
      vertex -2.24785839 10.65768500 0.20000000
    endloop
  endfacet
  facet normal 0.00000000 0.00000000 1.00000000
    outer loop
      vertex -2.36155475 10.07690525 0.20000000
      vertex -2.24785839 10.65768500 0.20000000
      vertex -2.26461991 10.62666778 0.20000000
    endloop
  endfacet
  facet normal 0.00000000 0.00000000 1.00000000
    outer loop
      vertex -2.36155475 10.07690525 0.20000000
      vertex -2.26461991 10.62666778 0.20000000
      vertex -2.28009164 10.59472592 0.20000000
    endloop
  endfacet
  facet normal 0.00000000 0.00000000 1.00000000
    outer loop
      vertex -2.36155475 10.07690525 0.20000000
      vertex -2.28009164 10.59472592 0.20000000
      vertex -2.29428398 10.56181423 0.20000000
    endloop
  endfacet
  facet normal 0.00000000 0.00000000 1.00000000
    outer loop
      vertex -2.36155475 10.07690525 0.20000000
      vertex -2.29428398 10.56181423 0.20000000
      vertex -2.30720096 10.52788809 0.20000000
    endloop
  endfacet
  facet normal 0.00000000 0.00000000 1.00000000
    outer loop
      vertex -2.36155475 10.07690525 0.20000000
      vertex -2.30720096 10.52788809 0.20000000
      vertex -2.31884053 10.49290464 0.20000000
    endloop
  endfacet
  facet normal 0.00000000 0.00000000 1.00000000
    outer loop
      vertex -2.36155475 10.07690525 0.20000000
      vertex -2.31884053 10.49290464 0.20000000
      vertex -2.32919508 10.45682392 0.20000000
    endloop
  endfacet
  facet normal 0.00000000 0.00000000 1.00000000
    outer loop
      vertex -2.36155475 10.07690525 0.20000000
      vertex -2.32919508 10.45682392 0.20000000
      vertex -2.33825225 10.41960965 0.20000000
    endloop
  endfacet
  facet normal 0.00000000 0.00000000 1.00000000
    outer loop
      vertex -2.36155475 10.07690525 0.20000000
      vertex -2.33825225 10.41960965 0.20000000
      vertex -2.34599568 10.38122989 0.20000000
    endloop
  endfacet
  facet normal 0.00000000 0.00000000 1.00000000
    outer loop
      vertex -2.36155475 10.07690525 0.20000000
      vertex -2.34599568 10.38122989 0.20000000
      vertex -2.35240600 10.34165730 0.20000000
    endloop
  endfacet
  facet normal 0.00000000 0.00000000 1.00000000
    outer loop
      vertex -2.36155475 10.07690525 0.20000000
      vertex -2.35240600 10.34165730 0.20000000
      vertex -2.35746167 10.30086935 0.20000000
    endloop
  endfacet
  facet normal 0.00000000 0.00000000 1.00000000
    outer loop
      vertex -2.36155475 10.07690525 0.20000000
      vertex -2.35746167 10.30086935 0.20000000
      vertex -2.36113983 10.25884816 0.20000000
    endloop
  endfacet
  facet normal 0.00000000 -0.00000000 1.00000000
    outer loop
      vertex -2.36155475 10.07690525 0.20000000
      vertex -2.36113983 10.25884816 0.20000000
      vertex -2.36341705 10.21558030 0.20000000
    endloop
  endfacet
  facet normal 0.00000000 0.00000000 1.00000000
    outer loop
      vertex -2.36155475 10.07690525 0.20000000
      vertex -2.36341705 10.21558030 0.20000000
      vertex -2.36426995 10.17105644 0.20000000
    endloop
  endfacet
  facet normal 0.00000000 0.00000000 1.00000000
    outer loop
      vertex -2.36426995 10.17105644 0.20000000
      vertex -2.36367571 10.12527091 0.20000000
      vertex -2.36155475 10.07690525 0.20000000
    endloop
  endfacet
  facet normal 0.00000000 0.00000000 -1.00000000
    outer loop
      vertex -1.20375587 -9.57213709 0.00000000
      vertex -1.21177055 -9.46414589 0.00000000
      vertex -2.36155475 10.07690525 0.00000000
    endloop
  endfacet
  facet normal 0.00000000 0.00000000 -1.00000000
    outer loop
      vertex -1.19276248 -9.67567359 0.00000000
      vertex -1.20375587 -9.57213709 0.00000000
      vertex -2.36155475 10.07690525 0.00000000
    endloop
  endfacet
  facet normal 0.00000000 0.00000000 -1.00000000
    outer loop
      vertex -1.17871643 -9.77610083 0.00000000
      vertex -1.19276248 -9.67567359 0.00000000
      vertex -2.36155475 10.07690525 0.00000000
    endloop
  endfacet
  facet normal 0.00000000 0.00000000 -1.00000000
    outer loop
      vertex -1.16164451 -9.87342576 0.00000000
      vertex -1.17871643 -9.77610083 0.00000000
      vertex -2.36155475 10.07690525 0.00000000
    endloop
  endfacet
  facet normal 0.00000000 0.00000000 -1.00000000
    outer loop
      vertex -1.14157422 -9.96765988 0.00000000
      vertex -1.16164451 -9.87342576 0.00000000
      vertex -2.36155475 10.07690525 0.00000000
    endloop
  endfacet
  facet normal 0.00000000 0.00000000 -1.00000000
    outer loop
      vertex -1.11853298 -10.05881972 0.00000000
      vertex -1.14157422 -9.96765988 0.00000000
      vertex -2.36155475 10.07690525 0.00000000
    endloop
  endfacet
  facet normal 0.00000000 0.00000000 -1.00000000
    outer loop
      vertex -1.09254736 -10.14692747 0.00000000
      vertex -1.11853298 -10.05881972 0.00000000
      vertex -2.36155475 10.07690525 0.00000000
    endloop
  endfacet
  facet normal 0.00000000 0.00000000 -1.00000000
    outer loop
      vertex -1.06364199 -10.23201121 0.00000000
      vertex -1.09254736 -10.14692747 0.00000000
      vertex -2.36155475 10.07690525 0.00000000
    endloop
  endfacet
  facet normal 0.00000000 0.00000000 -1.00000000
    outer loop
      vertex -1.03183847 -10.31410512 0.00000000
      vertex -1.06364199 -10.23201121 0.00000000
      vertex -2.36155475 10.07690525 0.00000000
    endloop
  endfacet
  facet normal 0.00000000 0.00000000 -1.00000000
    outer loop
      vertex -0.99715402 -10.39324929 0.00000000
      vertex -1.03183847 -10.31410512 0.00000000
      vertex -2.36155475 10.07690525 0.00000000
    endloop
  endfacet
  facet normal 0.00000000 0.00000000 -1.00000000
    outer loop
      vertex -0.95960025 -10.46948923 0.00000000
      vertex -0.99715402 -10.39324929 0.00000000
      vertex -2.36155475 10.07690525 0.00000000
    endloop
  endfacet
  facet normal 0.00000000 0.00000000 -1.00000000
    outer loop
      vertex -0.91918199 -10.54287496 0.00000000
      vertex -0.95960025 -10.46948923 0.00000000
      vertex -2.36155475 10.07690525 0.00000000
    endloop
  endfacet
  facet normal 0.00000000 0.00000000 -1.00000000
    outer loop
      vertex -0.87589622 -10.61345978 0.00000000
      vertex -0.91918199 -10.54287496 0.00000000
      vertex -2.36155475 10.07690525 0.00000000
    endloop
  endfacet
  facet normal 0.00000000 0.00000000 -1.00000000
    outer loop
      vertex -0.82973147 -10.68129868 0.00000000
      vertex -0.87589622 -10.61345978 0.00000000
      vertex -2.36155475 10.07690525 0.00000000
    endloop
  endfacet
  facet normal 0.00000000 0.00000000 -1.00000000
    outer loop
      vertex -0.78066749 -10.74644646 0.00000000
      vertex -0.82973147 -10.68129868 0.00000000
      vertex -2.36155475 10.07690525 0.00000000
    endloop
  endfacet
  facet normal 0.00000000 0.00000000 -1.00000000
    outer loop
      vertex -0.72867548 -10.80895582 0.00000000
      vertex -0.78066749 -10.74644646 0.00000000
      vertex -2.36155475 10.07690525 0.00000000
    endloop
  endfacet
  facet normal 0.00000000 0.00000000 -1.00000000
    outer loop
      vertex -0.67371882 -10.86887539 0.00000000
      vertex -0.72867548 -10.80895582 0.00000000
      vertex -2.36155475 10.07690525 0.00000000
    endloop
  endfacet
  facet normal 0.00000000 0.00000000 -1.00000000
    outer loop
      vertex -0.61575425 -10.92624800 0.00000000
      vertex -0.67371882 -10.86887539 0.00000000
      vertex -2.36155475 10.07690525 0.00000000
    endloop
  endfacet
  facet normal 0.00000000 0.00000000 -1.00000000
    outer loop
      vertex -0.55473341 -10.98110925 0.00000000
      vertex -0.61575425 -10.92624800 0.00000000
      vertex -2.36155475 10.07690525 0.00000000
    endloop
  endfacet
  facet normal 0.00000000 0.00000000 -1.00000000
    outer loop
      vertex -0.49060471 -11.03348658 0.00000000
      vertex -0.55473341 -10.98110925 0.00000000
      vertex -2.36155475 10.07690525 0.00000000
    endloop
  endfacet
  facet normal 0.00000000 0.00000000 -1.00000000
    outer loop
      vertex -0.42331522 -11.08339875 0.00000000
      vertex -0.49060471 -11.03348658 0.00000000
      vertex -2.36155475 10.07690525 0.00000000
    endloop
  endfacet
  facet normal 0.00000000 0.00000000 -1.00000000
    outer loop
      vertex -0.35281250 -11.13085590 0.00000000
      vertex -0.42331522 -11.08339875 0.00000000
      vertex -2.36155475 10.07690525 0.00000000
    endloop
  endfacet
  facet normal 0.00000000 0.00000000 -1.00000000
    outer loop
      vertex -0.27904636 -11.17585998 0.00000000
      vertex -0.35281250 -11.13085590 0.00000000
      vertex -2.36155475 10.07690525 0.00000000
    endloop
  endfacet
  facet normal 0.00000000 0.00000000 -1.00000000
    outer loop
      vertex -0.20197013 -11.21840560 0.00000000
      vertex -0.27904636 -11.17585998 0.00000000
      vertex -2.36155475 10.07690525 0.00000000
    endloop
  endfacet
  facet normal 0.00000000 0.00000000 -1.00000000
    outer loop
      vertex -0.12154178 -11.25848106 0.00000000
      vertex -0.20197013 -11.21840560 0.00000000
      vertex -2.36155475 10.07690525 0.00000000
    endloop
  endfacet
  facet normal 0.00000000 0.00000000 -1.00000000
    outer loop
      vertex -0.03772453 -11.29606959 0.00000000
      vertex -0.12154178 -11.25848106 0.00000000
      vertex -2.36155475 10.07690525 0.00000000
    endloop
  endfacet
  facet normal 0.00000000 0.00000000 -1.00000000
    outer loop
      vertex 0.04951276 -11.33115051 0.00000000
      vertex -0.03772453 -11.29606959 0.00000000
      vertex -2.36155475 10.07690525 0.00000000
    endloop
  endfacet
  facet normal 0.00000000 0.00000000 -1.00000000
    outer loop
      vertex 0.14019562 -11.36370051 0.00000000
      vertex 0.04951276 -11.33115051 0.00000000
      vertex -2.36155475 10.07690525 0.00000000
    endloop
  endfacet
  facet normal 0.00000000 0.00000000 -1.00000000
    outer loop
      vertex 0.23434417 -11.39369461 0.00000000
      vertex 0.14019562 -11.36370051 0.00000000
      vertex -2.36155475 10.07690525 0.00000000
    endloop
  endfacet
  facet normal 0.00000000 0.00000000 -1.00000000
    outer loop
      vertex 0.33197344 -11.42110713 0.00000000
      vertex 0.23434417 -11.39369461 0.00000000
      vertex -2.36155475 10.07690525 0.00000000
    endloop
  endfacet
  facet normal 0.00000000 0.00000000 -1.00000000
    outer loop
      vertex 0.43309395 -11.44591244 0.00000000
      vertex 0.33197344 -11.42110713 0.00000000
      vertex -2.36155475 10.07690525 0.00000000
    endloop
  endfacet
  facet normal 0.00000000 0.00000000 -1.00000000
    outer loop
      vertex 0.53902900 -11.46836460 0.00000000
      vertex 0.43309395 -11.44591244 0.00000000
      vertex -2.36155475 10.07690525 0.00000000
    endloop
  endfacet
  facet normal 0.00000000 0.00000000 -1.00000000
    outer loop
      vertex 0.93402323 -11.54578227 0.00000000
      vertex 0.53902900 -11.46836460 0.00000000
      vertex -2.36155475 10.07690525 0.00000000
    endloop
  endfacet
  facet normal 0.00000000 0.00000000 -1.00000000
    outer loop
      vertex 1.03962320 -11.56480423 0.00000000
      vertex 0.93402323 -11.54578227 0.00000000
      vertex -2.36155475 10.07690525 0.00000000
    endloop
  endfacet
  facet normal 0.00000000 0.00000000 -1.00000000
    outer loop
      vertex 1.13962103 -11.57947375 0.00000000
      vertex 1.03962320 -11.56480423 0.00000000
      vertex -2.36155475 10.07690525 0.00000000
    endloop
  endfacet
  facet normal 0.00000000 0.00000000 -1.00000000
    outer loop
      vertex 1.23527442 -11.59007030 0.00000000
      vertex 1.13962103 -11.57947375 0.00000000
      vertex -2.36155475 10.07690525 0.00000000
    endloop
  endfacet
  facet normal 0.00000000 0.00000000 -1.00000000
    outer loop
      vertex 1.32653672 -11.59664958 0.00000000
      vertex 1.23527442 -11.59007030 0.00000000
      vertex -2.36155475 10.07690525 0.00000000
    endloop
  endfacet
  facet normal 0.00000000 0.00000000 -1.00000000
    outer loop
      vertex 1.41336371 -11.59928031 0.00000000
      vertex 1.32653672 -11.59664958 0.00000000
      vertex -2.36155475 10.07690525 0.00000000
    endloop
  endfacet
  facet normal -0.00000000 0.00000000 -1.00000000
    outer loop
      vertex 1.49571736 -11.59804593 0.00000000
      vertex 1.41336371 -11.59928031 0.00000000
      vertex -2.36155475 10.07690525 0.00000000
    endloop
  endfacet
  facet normal -0.00000000 0.00000000 -1.00000000
    outer loop
      vertex 1.57357091 -11.59304559 0.00000000
      vertex 1.49571736 -11.59804593 0.00000000
      vertex -2.36155475 10.07690525 0.00000000
    endloop
  endfacet
  facet normal -0.00000000 0.00000000 -1.00000000
    outer loop
      vertex 1.64691558 -11.58439398 0.00000000
      vertex 1.57357091 -11.59304559 0.00000000
      vertex -2.36155475 10.07690525 0.00000000
    endloop
  endfacet
  facet normal -0.00000000 0.00000000 -1.00000000
    outer loop
      vertex 1.71576869 -11.57221903 0.00000000
      vertex 1.64691558 -11.58439398 0.00000000
      vertex -2.36155475 10.07690525 0.00000000
    endloop
  endfacet
  facet normal -0.00000000 0.00000000 -1.00000000
    outer loop
      vertex 1.78018269 -11.55665653 0.00000000
      vertex 1.71576869 -11.57221903 0.00000000
      vertex -2.36155475 10.07690525 0.00000000
    endloop
  endfacet
  facet normal -0.00000000 0.00000000 -1.00000000
    outer loop
      vertex 1.84025365 -11.53784088 0.00000000
      vertex 1.78018269 -11.55665653 0.00000000
      vertex -2.36155475 10.07690525 0.00000000
    endloop
  endfacet
  facet normal -0.00000000 0.00000000 -1.00000000
    outer loop
      vertex 1.89612738 -11.51589152 0.00000000
      vertex 1.84025365 -11.53784088 0.00000000
      vertex -2.36155475 10.07690525 0.00000000
    endloop
  endfacet
  facet normal -0.00000000 0.00000000 -1.00000000
    outer loop
      vertex 1.94800028 -11.49089591 0.00000000
      vertex 1.89612738 -11.51589152 0.00000000
      vertex -2.36155475 10.07690525 0.00000000
    endloop
  endfacet
  facet normal -0.00000000 0.00000000 -1.00000000
    outer loop
      vertex 1.99611248 -11.46289132 0.00000000
      vertex 1.94800028 -11.49089591 0.00000000
      vertex -2.36155475 10.07690525 0.00000000
    endloop
  endfacet
  facet normal -0.00000000 0.00000000 -1.00000000
    outer loop
      vertex 2.04073186 -11.43184942 0.00000000
      vertex 1.99611248 -11.46289132 0.00000000
      vertex -2.36155475 10.07690525 0.00000000
    endloop
  endfacet
  facet normal -0.00000000 0.00000000 -1.00000000
    outer loop
      vertex 2.08213016 -11.39766835 0.00000000
      vertex 2.04073186 -11.43184942 0.00000000
      vertex -2.36155475 10.07690525 0.00000000
    endloop
  endfacet
  facet normal -0.00000000 0.00000000 -1.00000000
    outer loop
      vertex 2.12055507 -11.36017580 0.00000000
      vertex 2.08213016 -11.39766835 0.00000000
      vertex -2.36155475 10.07690525 0.00000000
    endloop
  endfacet
  facet normal -0.00000000 0.00000000 -1.00000000
    outer loop
      vertex 2.15620446 -11.31914399 0.00000000
      vertex 2.12055507 -11.36017580 0.00000000
      vertex -2.36155475 10.07690525 0.00000000
    endloop
  endfacet
  facet normal -0.00000000 0.00000000 -1.00000000
    outer loop
      vertex 2.18920877 -11.27431369 0.00000000
      vertex 2.15620446 -11.31914399 0.00000000
      vertex -2.36155475 10.07690525 0.00000000
    endloop
  endfacet
  facet normal -0.00000000 0.00000000 -1.00000000
    outer loop
      vertex 2.21962491 -11.22542159 0.00000000
      vertex 2.18920877 -11.27431369 0.00000000
      vertex -2.36155475 10.07690525 0.00000000
    endloop
  endfacet
  facet normal -0.00000000 0.00000000 -1.00000000
    outer loop
      vertex 2.24744157 -11.17222496 0.00000000
      vertex 2.21962491 -11.22542159 0.00000000
      vertex -2.36155475 10.07690525 0.00000000
    endloop
  endfacet
  facet normal -0.00000000 0.00000000 -1.00000000
    outer loop
      vertex 2.27259287 -11.11451915 0.00000000
      vertex 2.24744157 -11.17222496 0.00000000
      vertex -2.36155475 10.07690525 0.00000000
    endloop
  endfacet
  facet normal -0.00000000 0.00000000 -1.00000000
    outer loop
      vertex 2.29497570 -11.05214637 0.00000000
      vertex 2.27259287 -11.11451915 0.00000000
      vertex -2.36155475 10.07690525 0.00000000
    endloop
  endfacet
  facet normal -0.00000000 0.00000000 -1.00000000
    outer loop
      vertex 2.31446675 -10.98499669 0.00000000
      vertex 2.29497570 -11.05214637 0.00000000
      vertex -2.36155475 10.07690525 0.00000000
    endloop
  endfacet
  facet normal -0.00000000 0.00000000 -1.00000000
    outer loop
      vertex 2.33093663 -10.91300339 0.00000000
      vertex 2.31446675 -10.98499669 0.00000000
      vertex -2.36155475 10.07690525 0.00000000
    endloop
  endfacet
  facet normal -0.00000000 0.00000000 -1.00000000
    outer loop
      vertex 2.34426001 -10.83613555 0.00000000
      vertex 2.33093663 -10.91300339 0.00000000
      vertex -2.36155475 10.07690525 0.00000000
    endloop
  endfacet
  facet normal -0.00000000 0.00000000 -1.00000000
    outer loop
      vertex 2.35432193 -10.75438957 0.00000000
      vertex 2.34426001 -10.83613555 0.00000000
      vertex -2.36155475 10.07690525 0.00000000
    endloop
  endfacet
  facet normal -0.00000000 0.00000000 -1.00000000
    outer loop
      vertex 2.36102091 -10.66778142 0.00000000
      vertex 2.35432193 -10.75438957 0.00000000
      vertex -2.36155475 10.07690525 0.00000000
    endloop
  endfacet
  facet normal -0.00000000 0.00000000 -1.00000000
    outer loop
      vertex 2.36426995 -10.57633998 0.00000000
      vertex 2.36102091 -10.66778142 0.00000000
      vertex -2.36155475 10.07690525 0.00000000
    endloop
  endfacet
  facet normal -0.00000000 -0.00000000 -1.00000000
    outer loop
      vertex 2.36399596 -10.48010182 0.00000000
      vertex 2.36426995 -10.57633998 0.00000000
      vertex -2.36155475 10.07690525 0.00000000
    endloop
  endfacet
  facet normal -0.00000000 -0.00000000 -1.00000000
    outer loop
      vertex 2.36013857 -10.37910736 0.00000000
      vertex 2.36399596 -10.48010182 0.00000000
      vertex -2.36155475 10.07690525 0.00000000
    endloop
  endfacet
  facet normal -0.00000000 -0.00000000 -1.00000000
    outer loop
      vertex 2.35255483 -10.27207617 0.00000000
      vertex 2.36013857 -10.37910736 0.00000000
      vertex -2.36155475 10.07690525 0.00000000
    endloop
  endfacet
  facet normal 0.00000000 -0.00000000 -1.00000000
    outer loop
      vertex 0.50086656 11.19110212 0.00000000
      vertex 2.35255483 -10.27207617 0.00000000
      vertex -2.36155475 10.07690525 0.00000000
    endloop
  endfacet
  facet normal 0.00000000 -0.00000000 -1.00000000
    outer loop
      vertex 0.49713555 11.22758958 0.00000000
      vertex 0.50086656 11.19110212 0.00000000
      vertex -2.36155475 10.07690525 0.00000000
    endloop
  endfacet
  facet normal 0.00000000 -0.00000000 -1.00000000
    outer loop
      vertex 0.49261563 11.26080801 0.00000000
      vertex 0.49713555 11.22758958 0.00000000
      vertex -2.36155475 10.07690525 0.00000000
    endloop
  endfacet
  facet normal 0.00000000 -0.00000000 -1.00000000
    outer loop
      vertex 0.48721243 11.29211456 0.00000000
      vertex 0.49261563 11.26080801 0.00000000
      vertex -2.36155475 10.07690525 0.00000000
    endloop
  endfacet
  facet normal 0.00000000 -0.00000000 -1.00000000
    outer loop
      vertex 0.48097787 11.32150008 0.00000000
      vertex 0.48721243 11.29211456 0.00000000
      vertex -2.36155475 10.07690525 0.00000000
    endloop
  endfacet
  facet normal 0.00000000 -0.00000000 -1.00000000
    outer loop
      vertex 0.47396973 11.34896256 0.00000000
      vertex 0.48097787 11.32150008 0.00000000
      vertex -2.36155475 10.07690525 0.00000000
    endloop
  endfacet
  facet normal 0.00000000 -0.00000000 -1.00000000
    outer loop
      vertex 0.46625101 11.37450973 0.00000000
      vertex 0.47396973 11.34896256 0.00000000
      vertex -2.36155475 10.07690525 0.00000000
    endloop
  endfacet
  facet normal 0.00000000 -0.00000000 -1.00000000
    outer loop
      vertex 0.45788842 11.39816182 0.00000000
      vertex 0.46625101 11.37450973 0.00000000
      vertex -2.36155475 10.07690525 0.00000000
    endloop
  endfacet
  facet normal 0.00000000 -0.00000000 -1.00000000
    outer loop
      vertex 0.44895005 11.41995446 0.00000000
      vertex 0.45788842 11.39816182 0.00000000
      vertex -2.36155475 10.07690525 0.00000000
    endloop
  endfacet
  facet normal 0.00000000 -0.00000000 -1.00000000
    outer loop
      vertex 0.43950185 11.43994136 0.00000000
      vertex 0.44895005 11.41995446 0.00000000
      vertex -2.36155475 10.07690525 0.00000000
    endloop
  endfacet
  facet normal 0.00000000 -0.00000000 -1.00000000
    outer loop
      vertex 0.42960295 11.45819628 0.00000000
      vertex 0.43950185 11.43994136 0.00000000
      vertex -2.36155475 10.07690525 0.00000000
    endloop
  endfacet
  facet normal 0.00000000 -0.00000000 -1.00000000
    outer loop
      vertex 0.41930000 11.47481374 0.00000000
      vertex 0.42960295 11.45819628 0.00000000
      vertex -2.36155475 10.07690525 0.00000000
    endloop
  endfacet
  facet normal 0.00000000 -0.00000000 -1.00000000
    outer loop
      vertex 0.40862082 11.48990774 0.00000000
      vertex 0.41930000 11.47481374 0.00000000
      vertex -2.36155475 10.07690525 0.00000000
    endloop
  endfacet
  facet normal 0.00000000 -0.00000000 -1.00000000
    outer loop
      vertex 0.39756827 11.50360819 0.00000000
      vertex 0.40862082 11.48990774 0.00000000
      vertex -2.36155475 10.07690525 0.00000000
    endloop
  endfacet
  facet normal 0.00000000 -0.00000000 -1.00000000
    outer loop
      vertex 0.38611527 11.51605467 0.00000000
      vertex 0.39756827 11.50360819 0.00000000
      vertex -2.36155475 10.07690525 0.00000000
    endloop
  endfacet
  facet normal 0.00000000 -0.00000000 -1.00000000
    outer loop
      vertex 0.37420207 11.52738797 0.00000000
      vertex 0.38611527 11.51605467 0.00000000
      vertex -2.36155475 10.07690525 0.00000000
    endloop
  endfacet
  facet normal 0.00000000 -0.00000000 -1.00000000
    outer loop
      vertex 0.36173686 11.53774034 0.00000000
      vertex 0.37420207 11.52738797 0.00000000
      vertex -2.36155475 10.07690525 0.00000000
    endloop
  endfacet
  facet normal 0.00000000 -0.00000000 -1.00000000
    outer loop
      vertex 0.34859987 11.54722571 0.00000000
      vertex 0.36173686 11.53774034 0.00000000
      vertex -2.36155475 10.07690525 0.00000000
    endloop
  endfacet
  facet normal 0.00000000 -0.00000000 -1.00000000
    outer loop
      vertex 0.33465084 11.55593161 0.00000000
      vertex 0.34859987 11.54722571 0.00000000
      vertex -2.36155475 10.07690525 0.00000000
    endloop
  endfacet
  facet normal 0.00000000 -0.00000000 -1.00000000
    outer loop
      vertex 0.31973882 11.56391395 0.00000000
      vertex 0.33465084 11.55593161 0.00000000
      vertex -2.36155475 10.07690525 0.00000000
    endloop
  endfacet
  facet normal 0.00000000 -0.00000000 -1.00000000
    outer loop
      vertex 0.30371253 11.57119539 0.00000000
      vertex 0.31973882 11.56391395 0.00000000
      vertex -2.36155475 10.07690525 0.00000000
    endloop
  endfacet
  facet normal 0.00000000 -0.00000000 -1.00000000
    outer loop
      vertex 0.28643007 11.57776732 0.00000000
      vertex 0.30371253 11.57119539 0.00000000
      vertex -2.36155475 10.07690525 0.00000000
    endloop
  endfacet
  facet normal 0.00000000 -0.00000000 -1.00000000
    outer loop
      vertex 0.26776636 11.58359454 0.00000000
      vertex 0.28643007 11.57776732 0.00000000
      vertex -2.36155475 10.07690525 0.00000000
    endloop
  endfacet
  facet normal 0.00000000 -0.00000000 -1.00000000
    outer loop
      vertex 0.24761794 11.58862162 0.00000000
      vertex 0.26776636 11.58359454 0.00000000
      vertex -2.36155475 10.07690525 0.00000000
    endloop
  endfacet
  facet normal 0.00000000 -0.00000000 -1.00000000
    outer loop
      vertex 0.22590495 11.59277982 0.00000000
      vertex 0.24761794 11.58862162 0.00000000
      vertex -2.36155475 10.07690525 0.00000000
    endloop
  endfacet
  facet normal 0.00000000 -0.00000000 -1.00000000
    outer loop
      vertex 0.20257072 11.59599344 0.00000000
      vertex 0.22590495 11.59277982 0.00000000
      vertex -2.36155475 10.07690525 0.00000000
    endloop
  endfacet
  facet normal 0.00000000 -0.00000000 -1.00000000
    outer loop
      vertex 0.17757972 11.59818521 0.00000000
      vertex 0.20257072 11.59599344 0.00000000
      vertex -2.36155475 10.07690525 0.00000000
    endloop
  endfacet
  facet normal 0.00000000 -0.00000000 -1.00000000
    outer loop
      vertex 0.15091443 11.59928031 0.00000000
      vertex 0.17757972 11.59818521 0.00000000
      vertex -2.36155475 10.07690525 0.00000000
    endloop
  endfacet
  facet normal 0.00000000 -0.00000000 -1.00000000
    outer loop
      vertex 0.12257194 11.59920908 0.00000000
      vertex 0.15091443 11.59928031 0.00000000
      vertex -2.36155475 10.07690525 0.00000000
    endloop
  endfacet
  facet normal 0.00000000 -0.00000000 -1.00000000
    outer loop
      vertex 0.09256049 11.59790860 0.00000000
      vertex 0.12257194 11.59920908 0.00000000
      vertex -2.36155475 10.07690525 0.00000000
    endloop
  endfacet
  facet normal 0.00000000 -0.00000000 -1.00000000
    outer loop
      vertex 0.06089645 11.59532341 0.00000000
      vertex 0.09256049 11.59790860 0.00000000
      vertex -2.36155475 10.07690525 0.00000000
    endloop
  endfacet
  facet normal 0.00000000 -0.00000000 -1.00000000
    outer loop
      vertex 0.02760164 11.59140553 0.00000000
      vertex 0.06089645 11.59532341 0.00000000
      vertex -2.36155475 10.07690525 0.00000000
    endloop
  endfacet
  facet normal 0.00000000 -0.00000000 -1.00000000
    outer loop
      vertex -0.00866164 11.58590745 0.00000000
      vertex 0.02760164 11.59140553 0.00000000
      vertex -2.36155475 10.07690525 0.00000000
    endloop
  endfacet
  facet normal 0.00000000 -0.00000000 -1.00000000
    outer loop
      vertex -0.79380093 11.45411334 0.00000000
      vertex -0.00866164 11.58590745 0.00000000
      vertex -2.36155475 10.07690525 0.00000000
    endloop
  endfacet
  facet normal 0.00000000 -0.00000000 -1.00000000
    outer loop
      vertex -1.73544097 11.07018286 0.00000000
      vertex -0.79380093 11.45411334 0.00000000
      vertex -2.36155475 10.07690525 0.00000000
    endloop
  endfacet
  facet normal 0.00000000 -0.00000000 -1.00000000
    outer loop
      vertex -1.77999190 11.05123688 0.00000000
      vertex -1.73544097 11.07018286 0.00000000
      vertex -2.36155475 10.07690525 0.00000000
    endloop
  endfacet
  facet normal 0.00000000 -0.00000000 -1.00000000
    outer loop
      vertex -1.82155654 11.03202626 0.00000000
      vertex -1.77999190 11.05123688 0.00000000
      vertex -2.36155475 10.07690525 0.00000000
    endloop
  endfacet
  facet normal 0.00000000 -0.00000000 -1.00000000
    outer loop
      vertex -1.86135876 11.01205415 0.00000000
      vertex -1.82155654 11.03202626 0.00000000
      vertex -2.36155475 10.07690525 0.00000000
    endloop
  endfacet
  facet normal 0.00000000 -0.00000000 -1.00000000
    outer loop
      vertex -1.89941350 10.99133870 0.00000000
      vertex -1.86135876 11.01205415 0.00000000
      vertex -2.36155475 10.07690525 0.00000000
    endloop
  endfacet
  facet normal 0.00000000 -0.00000000 -1.00000000
    outer loop
      vertex -1.93573927 10.96989697 0.00000000
      vertex -1.89941350 10.99133870 0.00000000
      vertex -2.36155475 10.07690525 0.00000000
    endloop
  endfacet
  facet normal 0.00000000 -0.00000000 -1.00000000
    outer loop
      vertex -1.97035829 10.94774431 0.00000000
      vertex -1.93573927 10.96989697 0.00000000
      vertex -2.36155475 10.07690525 0.00000000
    endloop
  endfacet
  facet normal 0.00000000 -0.00000000 -1.00000000
    outer loop
      vertex -2.00329655 10.92489364 0.00000000
      vertex -1.97035829 10.94774431 0.00000000
      vertex -2.36155475 10.07690525 0.00000000
    endloop
  endfacet
  facet normal 0.00000000 -0.00000000 -1.00000000
    outer loop
      vertex -2.03458367 10.90135467 0.00000000
      vertex -2.00329655 10.92489364 0.00000000
      vertex -2.36155475 10.07690525 0.00000000
    endloop
  endfacet
  facet normal 0.00000000 -0.00000000 -1.00000000
    outer loop
      vertex -2.06425266 10.87713310 0.00000000
      vertex -2.03458367 10.90135467 0.00000000
      vertex -2.36155475 10.07690525 0.00000000
    endloop
  endfacet
  facet normal 0.00000000 -0.00000000 -1.00000000
    outer loop
      vertex -2.09233941 10.85222989 0.00000000
      vertex -2.06425266 10.87713310 0.00000000
      vertex -2.36155475 10.07690525 0.00000000
    endloop
  endfacet
  facet normal 0.00000000 -0.00000000 -1.00000000
    outer loop
      vertex -2.11888197 10.82664056 0.00000000
      vertex -2.09233941 10.85222989 0.00000000
      vertex -2.36155475 10.07690525 0.00000000
    endloop
  endfacet
  facet normal 0.00000000 -0.00000000 -1.00000000
    outer loop
      vertex -2.14391968 10.80035473 0.00000000
      vertex -2.11888197 10.82664056 0.00000000
      vertex -2.36155475 10.07690525 0.00000000
    endloop
  endfacet
  facet normal 0.00000000 -0.00000000 -1.00000000
    outer loop
      vertex -2.16749208 10.77335578 0.00000000
      vertex -2.14391968 10.80035473 0.00000000
      vertex -2.36155475 10.07690525 0.00000000
    endloop
  endfacet
  facet normal 0.00000000 -0.00000000 -1.00000000
    outer loop
      vertex -2.18963771 10.74562082 0.00000000
      vertex -2.16749208 10.77335578 0.00000000
      vertex -2.36155475 10.07690525 0.00000000
    endloop
  endfacet
  facet normal 0.00000000 -0.00000000 -1.00000000
    outer loop
      vertex -2.21039284 10.71712098 0.00000000
      vertex -2.18963771 10.74562082 0.00000000
      vertex -2.36155475 10.07690525 0.00000000
    endloop
  endfacet
  facet normal 0.00000000 -0.00000000 -1.00000000
    outer loop
      vertex -2.22979031 10.68782198 0.00000000
      vertex -2.21039284 10.71712098 0.00000000
      vertex -2.36155475 10.07690525 0.00000000
    endloop
  endfacet
  facet normal 0.00000000 -0.00000000 -1.00000000
    outer loop
      vertex -2.24785839 10.65768500 0.00000000
      vertex -2.22979031 10.68782198 0.00000000
      vertex -2.36155475 10.07690525 0.00000000
    endloop
  endfacet
  facet normal 0.00000000 -0.00000000 -1.00000000
    outer loop
      vertex -2.26461991 10.62666778 0.00000000
      vertex -2.24785839 10.65768500 0.00000000
      vertex -2.36155475 10.07690525 0.00000000
    endloop
  endfacet
  facet normal 0.00000000 -0.00000000 -1.00000000
    outer loop
      vertex -2.28009164 10.59472592 0.00000000
      vertex -2.26461991 10.62666778 0.00000000
      vertex -2.36155475 10.07690525 0.00000000
    endloop
  endfacet
  facet normal 0.00000000 -0.00000000 -1.00000000
    outer loop
      vertex -2.29428398 10.56181423 0.00000000
      vertex -2.28009164 10.59472592 0.00000000
      vertex -2.36155475 10.07690525 0.00000000
    endloop
  endfacet
  facet normal 0.00000000 -0.00000000 -1.00000000
    outer loop
      vertex -2.30720096 10.52788809 0.00000000
      vertex -2.29428398 10.56181423 0.00000000
      vertex -2.36155475 10.07690525 0.00000000
    endloop
  endfacet
  facet normal 0.00000000 -0.00000000 -1.00000000
    outer loop
      vertex -2.31884053 10.49290464 0.00000000
      vertex -2.30720096 10.52788809 0.00000000
      vertex -2.36155475 10.07690525 0.00000000
    endloop
  endfacet
  facet normal 0.00000000 -0.00000000 -1.00000000
    outer loop
      vertex -2.32919508 10.45682392 0.00000000
      vertex -2.31884053 10.49290464 0.00000000
      vertex -2.36155475 10.07690525 0.00000000
    endloop
  endfacet
  facet normal 0.00000000 -0.00000000 -1.00000000
    outer loop
      vertex -2.33825225 10.41960965 0.00000000
      vertex -2.32919508 10.45682392 0.00000000
      vertex -2.36155475 10.07690525 0.00000000
    endloop
  endfacet
  facet normal 0.00000000 -0.00000000 -1.00000000
    outer loop
      vertex -2.34599568 10.38122989 0.00000000
      vertex -2.33825225 10.41960965 0.00000000
      vertex -2.36155475 10.07690525 0.00000000
    endloop
  endfacet
  facet normal 0.00000000 -0.00000000 -1.00000000
    outer loop
      vertex -2.35240600 10.34165730 0.00000000
      vertex -2.34599568 10.38122989 0.00000000
      vertex -2.36155475 10.07690525 0.00000000
    endloop
  endfacet
  facet normal 0.00000000 -0.00000000 -1.00000000
    outer loop
      vertex -2.35746167 10.30086935 0.00000000
      vertex -2.35240600 10.34165730 0.00000000
      vertex -2.36155475 10.07690525 0.00000000
    endloop
  endfacet
  facet normal 0.00000000 -0.00000000 -1.00000000
    outer loop
      vertex -2.36113983 10.25884816 0.00000000
      vertex -2.35746167 10.30086935 0.00000000
      vertex -2.36155475 10.07690525 0.00000000
    endloop
  endfacet
  facet normal 0.00000000 0.00000000 -1.00000000
    outer loop
      vertex -2.36341705 10.21558030 0.00000000
      vertex -2.36113983 10.25884816 0.00000000
      vertex -2.36155475 10.07690525 0.00000000
    endloop
  endfacet
  facet normal 0.00000000 0.00000000 -1.00000000
    outer loop
      vertex -2.36426995 10.17105644 0.00000000
      vertex -2.36341705 10.21558030 0.00000000
      vertex -2.36155475 10.07690525 0.00000000
    endloop
  endfacet
  facet normal 0.00000000 0.00000000 -1.00000000
    outer loop
      vertex -2.36155475 10.07690525 0.00000000
      vertex -2.36367571 10.12527091 0.00000000
      vertex -2.36426995 10.17105644 0.00000000
    endloop
  endfacet
  facet normal 0.99725731 0.07401249 0.00000000
    outer loop
      vertex -1.21177055 -9.46414589 0.20000000
      vertex -1.20375587 -9.57213709 0.20000000
      vertex -1.20375587 -9.57213709 0.00000000
    endloop
  endfacet
  facet normal 0.99725731 0.07401249 0.00000000
    outer loop
      vertex -1.21177055 -9.46414589 0.20000000
      vertex -1.20375587 -9.57213709 0.00000000
      vertex -1.21177055 -9.46414589 0.00000000
    endloop
  endfacet
  facet normal 0.99441024 0.10558535 0.00000000
    outer loop
      vertex -1.20375587 -9.57213709 0.20000000
      vertex -1.19276248 -9.67567359 0.20000000
      vertex -1.19276248 -9.67567359 0.00000000
    endloop
  endfacet
  facet normal 0.99441024 0.10558535 0.00000000
    outer loop
      vertex -1.20375587 -9.57213709 0.20000000
      vertex -1.19276248 -9.67567359 0.00000000
      vertex -1.20375587 -9.57213709 0.00000000
    endloop
  endfacet
  facet normal 0.99036036 0.13851481 0.00000000
    outer loop
      vertex -1.19276248 -9.67567359 0.20000000
      vertex -1.17871643 -9.77610083 0.20000000
      vertex -1.17871643 -9.77610083 0.00000000
    endloop
  endfacet
  facet normal 0.99036036 0.13851481 0.00000000
    outer loop
      vertex -1.19276248 -9.67567359 0.20000000
      vertex -1.17871643 -9.77610083 0.00000000
      vertex -1.19276248 -9.67567359 0.00000000
    endloop
  endfacet
  facet normal 0.98496157 0.17277356 0.00000000
    outer loop
      vertex -1.17871643 -9.77610083 0.20000000
      vertex -1.16164451 -9.87342576 0.20000000
      vertex -1.16164451 -9.87342576 0.00000000
    endloop
  endfacet
  facet normal 0.98496157 0.17277356 0.00000000
    outer loop
      vertex -1.17871643 -9.77610083 0.20000000
      vertex -1.16164451 -9.87342576 0.00000000
      vertex -1.17871643 -9.77610083 0.00000000
    endloop
  endfacet
  facet normal 0.97806263 0.20831104 0.00000000
    outer loop
      vertex -1.16164451 -9.87342576 0.20000000
      vertex -1.14157422 -9.96765988 0.20000000
      vertex -1.14157422 -9.96765988 0.00000000
    endloop
  endfacet
  facet normal 0.97806263 0.20831104 0.00000000
    outer loop
      vertex -1.16164451 -9.87342576 0.20000000
      vertex -1.14157422 -9.96765988 0.00000000
      vertex -1.16164451 -9.87342576 0.00000000
    endloop
  endfacet
  facet normal 0.96951044 0.24505001 0.00000000
    outer loop
      vertex -1.14157422 -9.96765988 0.20000000
      vertex -1.11853298 -10.05881972 0.20000000
      vertex -1.11853298 -10.05881972 0.00000000
    endloop
  endfacet
  facet normal 0.96951044 0.24505001 0.00000000
    outer loop
      vertex -1.14157422 -9.96765988 0.20000000
      vertex -1.11853298 -10.05881972 0.00000000
      vertex -1.14157422 -9.96765988 0.00000000
    endloop
  endfacet
  facet normal 0.95915429 0.28288347 0.00000000
    outer loop
      vertex -1.11853298 -10.05881972 0.20000000
      vertex -1.09254736 -10.14692747 0.20000000
      vertex -1.09254736 -10.14692747 0.00000000
    endloop
  endfacet
  facet normal 0.95915429 0.28288347 0.00000000
    outer loop
      vertex -1.11853298 -10.05881972 0.20000000
      vertex -1.09254736 -10.14692747 0.00000000
      vertex -1.11853298 -10.05881972 0.00000000
    endloop
  endfacet
  facet normal 0.94685110 0.32167219 0.00000000
    outer loop
      vertex -1.09254736 -10.14692747 0.20000000
      vertex -1.06364199 -10.23201121 0.20000000
      vertex -1.06364199 -10.23201121 0.00000000
    endloop
  endfacet
  facet normal 0.94685110 0.32167219 0.00000000
    outer loop
      vertex -1.09254736 -10.14692747 0.20000000
      vertex -1.06364199 -10.23201121 0.00000000
      vertex -1.09254736 -10.14692747 0.00000000
    endloop
  endfacet
  facet normal 0.93247157 0.36124337 0.00000000
    outer loop
      vertex -1.06364199 -10.23201121 0.20000000
      vertex -1.03183847 -10.31410512 0.20000000
      vertex -1.03183847 -10.31410512 0.00000000
    endloop
  endfacet
  facet normal 0.93247157 0.36124337 0.00000000
    outer loop
      vertex -1.06364199 -10.23201121 0.20000000
      vertex -1.03183847 -10.31410512 0.00000000
      vertex -1.06364199 -10.23201121 0.00000000
    endloop
  endfacet
  facet normal 0.91590695 0.40139065 0.00000000
    outer loop
      vertex -1.03183847 -10.31410512 0.20000000
      vertex -0.99715402 -10.39324929 0.20000000
      vertex -0.99715402 -10.39324929 0.00000000
    endloop
  endfacet
  facet normal 0.91590695 0.40139065 0.00000000
    outer loop
      vertex -1.03183847 -10.31410512 0.20000000
      vertex -0.99715402 -10.39324929 0.00000000
      vertex -1.03183847 -10.31410512 0.00000000
    endloop
  endfacet
  facet normal 0.89707621 0.44187586 0.00000000
    outer loop
      vertex -0.99715402 -10.39324929 0.20000000
      vertex -0.95960025 -10.46948923 0.20000000
      vertex -0.95960025 -10.46948923 0.00000000
    endloop
  endfacet
  facet normal 0.89707621 0.44187586 0.00000000
    outer loop
      vertex -0.99715402 -10.39324929 0.20000000
      vertex -0.95960025 -10.46948923 0.00000000
      vertex -0.99715402 -10.39324929 0.00000000
    endloop
  endfacet
  facet normal 0.87593293 0.48243290 0.00000000
    outer loop
      vertex -0.95960025 -10.46948923 0.20000000
      vertex -0.91918199 -10.54287496 0.20000000
      vertex -0.91918199 -10.54287496 0.00000000
    endloop
  endfacet
  facet normal 0.87593293 0.48243290 0.00000000
    outer loop
      vertex -0.95960025 -10.46948923 0.20000000
      vertex -0.91918199 -10.54287496 0.00000000
      vertex -0.95960025 -10.46948923 0.00000000
    endloop
  endfacet
  facet normal 0.85247155 0.52277362 0.00000000
    outer loop
      vertex -0.91918199 -10.54287496 0.20000000
      vertex -0.87589622 -10.61345978 0.20000000
      vertex -0.87589622 -10.61345978 0.00000000
    endloop
  endfacet
  facet normal 0.85247155 0.52277362 0.00000000
    outer loop
      vertex -0.91918199 -10.54287496 0.20000000
      vertex -0.87589622 -10.61345978 0.00000000
      vertex -0.91918199 -10.54287496 0.00000000
    endloop
  endfacet
  facet normal 0.82673207 0.56259584 0.00000000
    outer loop
      vertex -0.87589622 -10.61345978 0.20000000
      vertex -0.82973147 -10.68129868 0.20000000
      vertex -0.82973147 -10.68129868 0.00000000
    endloop
  endfacet
  facet normal 0.82673207 0.56259584 0.00000000
    outer loop
      vertex -0.87589622 -10.61345978 0.20000000
      vertex -0.82973147 -10.68129868 0.00000000
      vertex -0.87589622 -10.61345978 0.00000000
    endloop
  endfacet
  facet normal 0.79880280 0.60159295 0.00000000
    outer loop
      vertex -0.82973147 -10.68129868 0.20000000
      vertex -0.78066749 -10.74644646 0.20000000
      vertex -0.78066749 -10.74644646 0.00000000
    endloop
  endfacet
  facet normal 0.79880280 0.60159295 0.00000000
    outer loop
      vertex -0.82973147 -10.68129868 0.20000000
      vertex -0.78066749 -10.74644646 0.00000000
      vertex -0.82973147 -10.68129868 0.00000000
    endloop
  endfacet
  facet normal 0.76882054 0.63946460 0.00000000
    outer loop
      vertex -0.78066749 -10.74644646 0.20000000
      vertex -0.72867548 -10.80895582 0.20000000
      vertex -0.72867548 -10.80895582 0.00000000
    endloop
  endfacet
  facet normal 0.76882054 0.63946460 0.00000000
    outer loop
      vertex -0.78066749 -10.74644646 0.20000000
      vertex -0.72867548 -10.80895582 0.00000000
      vertex -0.78066749 -10.74644646 0.00000000
    endloop
  endfacet
  facet normal 0.73696796 0.67592768 0.00000000
    outer loop
      vertex -0.72867548 -10.80895582 0.20000000
      vertex -0.67371882 -10.86887539 0.20000000
      vertex -0.67371882 -10.86887539 0.00000000
    endloop
  endfacet
  facet normal 0.73696796 0.67592768 0.00000000
    outer loop
      vertex -0.72867548 -10.80895582 0.20000000
      vertex -0.67371882 -10.86887539 0.00000000
      vertex -0.72867548 -10.80895582 0.00000000
    endloop
  endfacet
  facet normal 0.70346827 0.71072667 0.00000000
    outer loop
      vertex -0.67371882 -10.86887539 0.20000000
      vertex -0.61575425 -10.92624800 0.20000000
      vertex -0.61575425 -10.92624800 0.00000000
    endloop
  endfacet
  facet normal 0.70346827 0.71072667 0.00000000
    outer loop
      vertex -0.67371882 -10.86887539 0.20000000
      vertex -0.61575425 -10.92624800 0.00000000
      vertex -0.67371882 -10.86887539 0.00000000
    endloop
  endfacet
  facet normal 0.66857748 0.74364249 0.00000000
    outer loop
      vertex -0.61575425 -10.92624800 0.20000000
      vertex -0.55473341 -10.98110925 0.20000000
      vertex -0.55473341 -10.98110925 0.00000000
    endloop
  endfacet
  facet normal 0.66857748 0.74364249 0.00000000
    outer loop
      vertex -0.61575425 -10.92624800 0.20000000
      vertex -0.55473341 -10.98110925 0.00000000
      vertex -0.61575425 -10.92624800 0.00000000
    endloop
  endfacet
  facet normal 0.63257483 0.77449925 0.00000000
    outer loop
      vertex -0.55473341 -10.98110925 0.20000000
      vertex -0.49060471 -11.03348658 0.20000000
      vertex -0.49060471 -11.03348658 0.00000000
    endloop
  endfacet
  facet normal 0.63257483 0.77449925 0.00000000
    outer loop
      vertex -0.55473341 -10.98110925 0.20000000
      vertex -0.49060471 -11.03348658 0.00000000
      vertex -0.55473341 -10.98110925 0.00000000
    endloop
  endfacet
  facet normal 0.59575229 0.80316823 0.00000000
    outer loop
      vertex -0.49060471 -11.03348658 0.20000000
      vertex -0.42331522 -11.08339875 0.20000000
      vertex -0.42331522 -11.08339875 0.00000000
    endloop
  endfacet
  facet normal 0.59575229 0.80316823 0.00000000
    outer loop
      vertex -0.49060471 -11.03348658 0.20000000
      vertex -0.42331522 -11.08339875 0.00000000
      vertex -0.49060471 -11.03348658 0.00000000
    endloop
  endfacet
  facet normal 0.55840393 0.82956920 0.00000000
    outer loop
      vertex -0.42331522 -11.08339875 0.20000000
      vertex -0.35281250 -11.13085590 0.20000000
      vertex -0.35281250 -11.13085590 0.00000000
    endloop
  endfacet
  facet normal 0.55840393 0.82956920 0.00000000
    outer loop
      vertex -0.42331522 -11.08339875 0.20000000
      vertex -0.35281250 -11.13085590 0.00000000
      vertex -0.42331522 -11.08339875 0.00000000
    endloop
  endfacet
  facet normal 0.52081601 0.85366895 0.00000000
    outer loop
      vertex -0.35281250 -11.13085590 0.20000000
      vertex -0.27904636 -11.17585998 0.20000000
      vertex -0.27904636 -11.17585998 0.00000000
    endloop
  endfacet
  facet normal 0.52081601 0.85366895 0.00000000
    outer loop
      vertex -0.35281250 -11.13085590 0.20000000
      vertex -0.27904636 -11.17585998 0.00000000
      vertex -0.35281250 -11.13085590 0.00000000
    endloop
  endfacet
  facet normal 0.48325848 0.87547772 0.00000000
    outer loop
      vertex -0.27904636 -11.17585998 0.20000000
      vertex -0.20197013 -11.21840560 0.20000000
      vertex -0.20197013 -11.21840560 0.00000000
    endloop
  endfacet
  facet normal 0.48325848 0.87547772 0.00000000
    outer loop
      vertex -0.27904636 -11.17585998 0.20000000
      vertex -0.20197013 -11.21840560 0.00000000
      vertex -0.27904636 -11.17585998 0.00000000
    endloop
  endfacet
  facet normal 0.44597823 0.89504381 0.00000000
    outer loop
      vertex -0.20197013 -11.21840560 0.20000000
      vertex -0.12154178 -11.25848106 0.20000000
      vertex -0.12154178 -11.25848106 0.00000000
    endloop
  endfacet
  facet normal 0.44597823 0.89504381 0.00000000
    outer loop
      vertex -0.20197013 -11.21840560 0.20000000
      vertex -0.12154178 -11.25848106 0.00000000
      vertex -0.20197013 -11.21840560 0.00000000
    endloop
  endfacet
  facet normal 0.40919435 0.91244725 0.00000000
    outer loop
      vertex -0.12154178 -11.25848106 0.20000000
      vertex -0.03772453 -11.29606959 0.20000000
      vertex -0.03772453 -11.29606959 0.00000000
    endloop
  endfacet
  facet normal 0.40919435 0.91244725 0.00000000
    outer loop
      vertex -0.12154178 -11.25848106 0.20000000
      vertex -0.03772453 -11.29606959 0.00000000
      vertex -0.12154178 -11.25848106 0.00000000
    endloop
  endfacet
  facet normal 0.37309547 0.92779296 0.00000000
    outer loop
      vertex -0.03772453 -11.29606959 0.20000000
      vertex 0.04951276 -11.33115051 0.20000000
      vertex 0.04951276 -11.33115051 0.00000000
    endloop
  endfacet
  facet normal 0.37309547 0.92779296 0.00000000
    outer loop
      vertex -0.03772453 -11.29606959 0.20000000
      vertex 0.04951276 -11.33115051 0.00000000
      vertex -0.03772453 -11.29606959 0.00000000
    endloop
  endfacet
  facet normal 0.33783875 0.94120400 0.00000000
    outer loop
      vertex 0.04951276 -11.33115051 0.20000000
      vertex 0.14019562 -11.36370051 0.20000000
      vertex 0.14019562 -11.36370051 0.00000000
    endloop
  endfacet
  facet normal 0.33783875 0.94120400 0.00000000
    outer loop
      vertex 0.04951276 -11.33115051 0.20000000
      vertex 0.14019562 -11.36370051 0.00000000
      vertex 0.04951276 -11.33115051 0.00000000
    endloop
  endfacet
  facet normal 0.30355050 0.95281535 0.00000000
    outer loop
      vertex 0.14019562 -11.36370051 0.20000000
      vertex 0.23434417 -11.39369461 0.20000000
      vertex 0.23434417 -11.39369461 0.00000000
    endloop
  endfacet
  facet normal 0.30355050 0.95281535 0.00000000
    outer loop
      vertex 0.14019562 -11.36370051 0.20000000
      vertex 0.23434417 -11.39369461 0.00000000
      vertex 0.14019562 -11.36370051 0.00000000
    endloop
  endfacet
  facet normal 0.27032781 0.96276834 0.00000000
    outer loop
      vertex 0.23434417 -11.39369461 0.20000000
      vertex 0.33197344 -11.42110713 0.20000000
      vertex 0.33197344 -11.42110713 0.00000000
    endloop
  endfacet
  facet normal 0.27032781 0.96276834 0.00000000
    outer loop
      vertex 0.23434417 -11.39369461 0.20000000
      vertex 0.33197344 -11.42110713 0.00000000
      vertex 0.23434417 -11.39369461 0.00000000
    endloop
  endfacet
  facet normal 0.23824111 0.97120604 0.00000000
    outer loop
      vertex 0.33197344 -11.42110713 0.20000000
      vertex 0.43309395 -11.44591244 0.20000000
      vertex 0.43309395 -11.44591244 0.00000000
    endloop
  endfacet
  facet normal 0.23824111 0.97120604 0.00000000
    outer loop
      vertex 0.33197344 -11.42110713 0.20000000
      vertex 0.43309395 -11.44591244 0.00000000
      vertex 0.33197344 -11.42110713 0.00000000
    endloop
  endfacet
  facet normal 0.20733710 0.97826956 0.00000000
    outer loop
      vertex 0.43309395 -11.44591244 0.20000000
      vertex 0.53902900 -11.46836460 0.20000000
      vertex 0.53902900 -11.46836460 0.00000000
    endloop
  endfacet
  facet normal 0.20733710 0.97826956 0.00000000
    outer loop
      vertex 0.43309395 -11.44591244 0.20000000
      vertex 0.53902900 -11.46836460 0.00000000
      vertex 0.43309395 -11.44591244 0.00000000
    endloop
  endfacet
  facet normal 0.19233749 0.98132884 0.00000000
    outer loop
      vertex 0.53902900 -11.46836460 0.20000000
      vertex 0.93402323 -11.54578227 0.20000000
      vertex 0.93402323 -11.54578227 0.00000000
    endloop
  endfacet
  facet normal 0.19233749 0.98132884 0.00000000
    outer loop
      vertex 0.53902900 -11.46836460 0.20000000
      vertex 0.93402323 -11.54578227 0.00000000
      vertex 0.53902900 -11.46836460 0.00000000
    endloop
  endfacet
  facet normal 0.17727907 0.98416062 0.00000000
    outer loop
      vertex 0.93402323 -11.54578227 0.20000000
      vertex 1.03962320 -11.56480423 0.20000000
      vertex 1.03962320 -11.56480423 0.00000000
    endloop
  endfacet
  facet normal 0.17727907 0.98416062 0.00000000
    outer loop
      vertex 0.93402323 -11.54578227 0.20000000
      vertex 1.03962320 -11.56480423 0.00000000
      vertex 0.93402323 -11.54578227 0.00000000
    endloop
  endfacet
  facet normal 0.14514485 0.98941042 0.00000000
    outer loop
      vertex 1.03962320 -11.56480423 0.20000000
      vertex 1.13962103 -11.57947375 0.20000000
      vertex 1.13962103 -11.57947375 0.00000000
    endloop
  endfacet
  facet normal 0.14514485 0.98941042 0.00000000
    outer loop
      vertex 1.03962320 -11.56480423 0.20000000
      vertex 1.13962103 -11.57947375 0.00000000
      vertex 1.03962320 -11.56480423 0.00000000
    endloop
  endfacet
  facet normal 0.11010713 0.99391972 0.00000000
    outer loop
      vertex 1.13962103 -11.57947375 0.20000000
      vertex 1.23527442 -11.59007030 0.20000000
      vertex 1.23527442 -11.59007030 0.00000000
    endloop
  endfacet
  facet normal 0.11010713 0.99391972 0.00000000
    outer loop
      vertex 1.13962103 -11.57947375 0.20000000
      vertex 1.23527442 -11.59007030 0.00000000
      vertex 1.13962103 -11.57947375 0.00000000
    endloop
  endfacet
  facet normal 0.07190537 0.99741146 0.00000000
    outer loop
      vertex 1.23527442 -11.59007030 0.20000000
      vertex 1.32653672 -11.59664958 0.20000000
      vertex 1.32653672 -11.59664958 0.00000000
    endloop
  endfacet
  facet normal 0.07190537 0.99741146 0.00000000
    outer loop
      vertex 1.23527442 -11.59007030 0.20000000
      vertex 1.32653672 -11.59664958 0.00000000
      vertex 1.23527442 -11.59007030 0.00000000
    endloop
  endfacet
  facet normal 0.03028468 0.99954131 0.00000000
    outer loop
      vertex 1.32653672 -11.59664958 0.20000000
      vertex 1.41336371 -11.59928031 0.20000000
      vertex 1.41336371 -11.59928031 0.00000000
    endloop
  endfacet
  facet normal 0.03028468 0.99954131 0.00000000
    outer loop
      vertex 1.32653672 -11.59664958 0.20000000
      vertex 1.41336371 -11.59928031 0.00000000
      vertex 1.32653672 -11.59664958 0.00000000
    endloop
  endfacet
  facet normal -0.01498715 0.99988769 0.00000000
    outer loop
      vertex 1.41336371 -11.59928031 0.20000000
      vertex 1.49571736 -11.59804593 0.20000000
      vertex 1.49571736 -11.59804593 0.00000000
    endloop
  endfacet
  facet normal -0.01498715 0.99988769 0.00000000
    outer loop
      vertex 1.41336371 -11.59928031 0.20000000
      vertex 1.49571736 -11.59804593 0.00000000
      vertex 1.41336371 -11.59928031 0.00000000
    endloop
  endfacet
  facet normal -0.06409546 0.99794377 0.00000000
    outer loop
      vertex 1.49571736 -11.59804593 0.20000000
      vertex 1.57357091 -11.59304559 0.20000000
      vertex 1.57357091 -11.59304559 0.00000000
    endloop
  endfacet
  facet normal -0.06409546 0.99794377 0.00000000
    outer loop
      vertex 1.49571736 -11.59804593 0.20000000
      vertex 1.57357091 -11.59304559 0.00000000
      vertex 1.49571736 -11.59804593 0.00000000
    endloop
  endfacet
  facet normal -0.11714604 0.99311470 0.00000000
    outer loop
      vertex 1.57357091 -11.59304559 0.20000000
      vertex 1.64691558 -11.58439398 0.20000000
      vertex 1.64691558 -11.58439398 0.00000000
    endloop
  endfacet
  facet normal -0.11714604 0.99311470 0.00000000
    outer loop
      vertex 1.57357091 -11.59304559 0.20000000
      vertex 1.64691558 -11.58439398 0.00000000
      vertex 1.57357091 -11.59304559 0.00000000
    endloop
  endfacet
  facet normal -0.17412376 0.98472378 0.00000000
    outer loop
      vertex 1.64691558 -11.58439398 0.20000000
      vertex 1.71576869 -11.57221903 0.20000000
      vertex 1.71576869 -11.57221903 0.00000000
    endloop
  endfacet
  facet normal -0.17412376 0.98472378 0.00000000
    outer loop
      vertex 1.64691558 -11.58439398 0.20000000
      vertex 1.71576869 -11.57221903 0.00000000
      vertex 1.64691558 -11.58439398 0.00000000
    endloop
  endfacet
  facet normal -0.23484433 0.97203299 0.00000000
    outer loop
      vertex 1.71576869 -11.57221903 0.20000000
      vertex 1.78018269 -11.55665653 0.20000000
      vertex 1.78018269 -11.55665653 0.00000000
    endloop
  endfacet
  facet normal -0.23484433 0.97203299 0.00000000
    outer loop
      vertex 1.71576869 -11.57221903 0.20000000
      vertex 1.78018269 -11.55665653 0.00000000
      vertex 1.71576869 -11.57221903 0.00000000
    endloop
  endfacet
  facet normal -0.29890414 0.95428314 0.00000000
    outer loop
      vertex 1.78018269 -11.55665653 0.20000000
      vertex 1.84025365 -11.53784088 0.20000000
      vertex 1.84025365 -11.53784088 0.00000000
    endloop
  endfacet
  facet normal -0.29890414 0.95428314 0.00000000
    outer loop
      vertex 1.78018269 -11.55665653 0.20000000
      vertex 1.84025365 -11.53784088 0.00000000
      vertex 1.78018269 -11.55665653 0.00000000
    endloop
  endfacet
  facet normal -0.36563743 0.93075736 0.00000000
    outer loop
      vertex 1.84025365 -11.53784088 0.20000000
      vertex 1.89612738 -11.51589152 0.20000000
      vertex 1.89612738 -11.51589152 0.00000000
    endloop
  endfacet
  facet normal -0.36563743 0.93075736 0.00000000
    outer loop
      vertex 1.84025365 -11.53784088 0.20000000
      vertex 1.89612738 -11.51589152 0.00000000
      vertex 1.84025365 -11.53784088 0.00000000
    endloop
  endfacet
  facet normal -0.43409433 0.90086742 0.00000000
    outer loop
      vertex 1.89612738 -11.51589152 0.20000000
      vertex 1.94800028 -11.49089591 0.20000000
      vertex 1.94800028 -11.49089591 0.00000000
    endloop
  endfacet
  facet normal -0.43409433 0.90086742 0.00000000
    outer loop
      vertex 1.89612738 -11.51589152 0.20000000
      vertex 1.94800028 -11.49089591 0.00000000
      vertex 1.89612738 -11.51589152 0.00000000
    endloop
  endfacet
  facet normal -0.50305519 0.86425429 0.00000000
    outer loop
      vertex 1.94800028 -11.49089591 0.20000000
      vertex 1.99611248 -11.46289132 0.20000000
      vertex 1.99611248 -11.46289132 0.00000000
    endloop
  endfacet
  facet normal -0.50305519 0.86425429 0.00000000
    outer loop
      vertex 1.94800028 -11.49089591 0.20000000
      vertex 1.99611248 -11.46289132 0.00000000
      vertex 1.94800028 -11.49089591 0.00000000
    endloop
  endfacet
  facet normal -0.57109328 0.82088517 0.00000000
    outer loop
      vertex 1.99611248 -11.46289132 0.20000000
      vertex 2.04073186 -11.43184942 0.20000000
      vertex 2.04073186 -11.43184942 0.00000000
    endloop
  endfacet
  facet normal -0.57109328 0.82088517 0.00000000
    outer loop
      vertex 1.99611248 -11.46289132 0.20000000
      vertex 2.04073186 -11.43184942 0.00000000
      vertex 1.99611248 -11.46289132 0.00000000
    endloop
  endfacet
  facet normal -0.63668736 0.77112205 0.00000000
    outer loop
      vertex 2.04073186 -11.43184942 0.20000000
      vertex 2.08213016 -11.39766835 0.20000000
      vertex 2.08213016 -11.39766835 0.00000000
    endloop
  endfacet
  facet normal -0.63668736 0.77112205 0.00000000
    outer loop
      vertex 2.04073186 -11.43184942 0.20000000
      vertex 2.08213016 -11.39766835 0.00000000
      vertex 2.04073186 -11.43184942 0.00000000
    endloop
  endfacet
  facet normal -0.69837011 0.71573682 0.00000000
    outer loop
      vertex 2.08213016 -11.39766835 0.20000000
      vertex 2.12055507 -11.36017580 0.20000000
      vertex 2.12055507 -11.36017580 0.00000000
    endloop
  endfacet
  facet normal -0.69837011 0.71573682 0.00000000
    outer loop
      vertex 2.08213016 -11.39766835 0.20000000
      vertex 2.12055507 -11.36017580 0.00000000
      vertex 2.08213016 -11.39766835 0.00000000
    endloop
  endfacet
  facet normal -0.75488280 0.65585971 0.00000000
    outer loop
      vertex 2.12055507 -11.36017580 0.20000000
      vertex 2.15620446 -11.31914399 0.20000000
      vertex 2.15620446 -11.31914399 0.00000000
    endloop
  endfacet
  facet normal -0.75488280 0.65585971 0.00000000
    outer loop
      vertex 2.12055507 -11.36017580 0.20000000
      vertex 2.15620446 -11.31914399 0.00000000
      vertex 2.12055507 -11.36017580 0.00000000
    endloop
  endfacet
  facet normal -0.80530056 0.59286677 0.00000000
    outer loop
      vertex 2.15620446 -11.31914399 0.20000000
      vertex 2.18920877 -11.27431369 0.20000000
      vertex 2.18920877 -11.27431369 0.00000000
    endloop
  endfacet
  facet normal -0.80530056 0.59286677 0.00000000
    outer loop
      vertex 2.15620446 -11.31914399 0.20000000
      vertex 2.18920877 -11.27431369 0.00000000
      vertex 2.15620446 -11.31914399 0.00000000
    endloop
  endfacet
  facet normal -0.84910033 0.52823161 0.00000000
    outer loop
      vertex 2.18920877 -11.27431369 0.20000000
      vertex 2.21962491 -11.22542159 0.20000000
      vertex 2.21962491 -11.22542159 0.00000000
    endloop
  endfacet
  facet normal -0.84910033 0.52823161 0.00000000
    outer loop
      vertex 2.18920877 -11.27431369 0.20000000
      vertex 2.21962491 -11.22542159 0.00000000
      vertex 2.18920877 -11.27431369 0.00000000
    endloop
  endfacet
  facet normal -0.88616163 0.46337627 0.00000000
    outer loop
      vertex 2.21962491 -11.22542159 0.20000000
      vertex 2.24744157 -11.17222496 0.20000000
      vertex 2.24744157 -11.17222496 0.00000000
    endloop
  endfacet
  facet normal -0.88616163 0.46337627 0.00000000
    outer loop
      vertex 2.21962491 -11.22542159 0.20000000
      vertex 2.24744157 -11.17222496 0.00000000
      vertex 2.21962491 -11.22542159 0.00000000
    endloop
  endfacet
  facet normal -0.91671059 0.39955187 0.00000000
    outer loop
      vertex 2.24744157 -11.17222496 0.20000000
      vertex 2.27259287 -11.11451915 0.20000000
      vertex 2.27259287 -11.11451915 0.00000000
    endloop
  endfacet
  facet normal -0.91671059 0.39955187 0.00000000
    outer loop
      vertex 2.24744157 -11.17222496 0.20000000
      vertex 2.27259287 -11.11451915 0.00000000
      vertex 2.24744157 -11.17222496 0.00000000
    endloop
  endfacet
  facet normal -0.94123016 0.33776589 0.00000000
    outer loop
      vertex 2.27259287 -11.11451915 0.20000000
      vertex 2.29497570 -11.05214637 0.20000000
      vertex 2.29497570 -11.05214637 0.00000000
    endloop
  endfacet
  facet normal -0.94123016 0.33776589 0.00000000
    outer loop
      vertex 2.27259287 -11.11451915 0.20000000
      vertex 2.29497570 -11.05214637 0.00000000
      vertex 2.27259287 -11.11451915 0.00000000
    endloop
  endfacet
  facet normal -0.96036163 0.27875715 0.00000000
    outer loop
      vertex 2.29497570 -11.05214637 0.20000000
      vertex 2.31446675 -10.98499669 0.20000000
      vertex 2.31446675 -10.98499669 0.00000000
    endloop
  endfacet
  facet normal -0.96036163 0.27875715 0.00000000
    outer loop
      vertex 2.29497570 -11.05214637 0.20000000
      vertex 2.31446675 -10.98499669 0.00000000
      vertex 2.29497570 -11.05214637 0.00000000
    endloop
  endfacet
  facet normal -0.97481652 0.22300839 0.00000000
    outer loop
      vertex 2.31446675 -10.98499669 0.20000000
      vertex 2.33093663 -10.91300339 0.20000000
      vertex 2.33093663 -10.91300339 0.00000000
    endloop
  endfacet
  facet normal -0.97481652 0.22300839 0.00000000
    outer loop
      vertex 2.31446675 -10.98499669 0.20000000
      vertex 2.33093663 -10.91300339 0.00000000
      vertex 2.31446675 -10.98499669 0.00000000
    endloop
  endfacet
  facet normal -0.98530884 0.17078201 0.00000000
    outer loop
      vertex 2.33093663 -10.91300339 0.20000000
      vertex 2.34426001 -10.83613555 0.20000000
      vertex 2.34426001 -10.83613555 0.00000000
    endloop
  endfacet
  facet normal -0.98530884 0.17078201 0.00000000
    outer loop
      vertex 2.33093663 -10.91300339 0.20000000
      vertex 2.34426001 -10.83613555 0.00000000
      vertex 2.33093663 -10.91300339 0.00000000
    endloop
  endfacet
  facet normal -0.99250973 0.12216563 0.00000000
    outer loop
      vertex 2.34426001 -10.83613555 0.20000000
      vertex 2.35432193 -10.75438957 0.20000000
      vertex 2.35432193 -10.75438957 0.00000000
    endloop
  endfacet
  facet normal -0.99250973 0.12216563 0.00000000
    outer loop
      vertex 2.34426001 -10.83613555 0.20000000
      vertex 2.35432193 -10.75438957 0.00000000
      vertex 2.34426001 -10.83613555 0.00000000
    endloop
  endfacet
  facet normal -0.99702198 0.07711790 0.00000000
    outer loop
      vertex 2.35432193 -10.75438957 0.20000000
      vertex 2.36102091 -10.66778142 0.20000000
      vertex 2.36102091 -10.66778142 0.00000000
    endloop
  endfacet
  facet normal -0.99702198 0.07711790 0.00000000
    outer loop
      vertex 2.35432193 -10.75438957 0.20000000
      vertex 2.36102091 -10.66778142 0.00000000
      vertex 2.35432193 -10.75438957 0.00000000
    endloop
  endfacet
  facet normal -0.99936936 0.03550891 0.00000000
    outer loop
      vertex 2.36102091 -10.66778142 0.20000000
      vertex 2.36426995 -10.57633998 0.20000000
      vertex 2.36426995 -10.57633998 0.00000000
    endloop
  endfacet
  facet normal -0.99936936 0.03550891 0.00000000
    outer loop
      vertex 2.36102091 -10.66778142 0.20000000
      vertex 2.36426995 -10.57633998 0.00000000
      vertex 2.36102091 -10.66778142 0.00000000
    endloop
  endfacet
  facet normal -0.99999595 -0.00284698 0.00000000
    outer loop
      vertex 2.36426995 -10.57633998 0.20000000
      vertex 2.36399596 -10.48010182 0.20000000
      vertex 2.36399596 -10.48010182 0.00000000
    endloop
  endfacet
  facet normal -0.99999595 -0.00284698 -0.00000000
    outer loop
      vertex 2.36426995 -10.57633998 0.20000000
      vertex 2.36399596 -10.48010182 0.00000000
      vertex 2.36426995 -10.57633998 0.00000000
    endloop
  endfacet
  facet normal -0.99927140 -0.03816624 0.00000000
    outer loop
      vertex 2.36399596 -10.48010182 0.20000000
      vertex 2.36013857 -10.37910736 0.20000000
      vertex 2.36013857 -10.37910736 0.00000000
    endloop
  endfacet
  facet normal -0.99927140 -0.03816624 -0.00000000
    outer loop
      vertex 2.36399596 -10.48010182 0.20000000
      vertex 2.36013857 -10.37910736 0.00000000
      vertex 2.36399596 -10.48010182 0.00000000
    endloop
  endfacet
  facet normal -0.99749917 -0.07067821 0.00000000
    outer loop
      vertex 2.36013857 -10.37910736 0.20000000
      vertex 2.35255483 -10.27207617 0.20000000
      vertex 2.35255483 -10.27207617 0.00000000
    endloop
  endfacet
  facet normal -0.99749917 -0.07067821 -0.00000000
    outer loop
      vertex 2.36013857 -10.37910736 0.20000000
      vertex 2.35255483 -10.27207617 0.00000000
      vertex 2.36013857 -10.37910736 0.00000000
    endloop
  endfacet
  facet normal -0.99629915 -0.08595351 0.00000000
    outer loop
      vertex 2.35255483 -10.27207617 0.20000000
      vertex 0.50086656 11.19110212 0.20000000
      vertex 0.50086656 11.19110212 0.00000000
    endloop
  endfacet
  facet normal -0.99629915 -0.08595351 -0.00000000
    outer loop
      vertex 2.35255483 -10.27207617 0.20000000
      vertex 0.50086656 11.19110212 0.00000000
      vertex 2.35255483 -10.27207617 0.00000000
    endloop
  endfacet
  facet normal -0.99481264 -0.10172420 0.00000000
    outer loop
      vertex 0.50086656 11.19110212 0.20000000
      vertex 0.49713555 11.22758958 0.20000000
      vertex 0.49713555 11.22758958 0.00000000
    endloop
  endfacet
  facet normal -0.99481264 -0.10172420 -0.00000000
    outer loop
      vertex 0.50086656 11.19110212 0.20000000
      vertex 0.49713555 11.22758958 0.00000000
      vertex 0.50086656 11.19110212 0.00000000
    endloop
  endfacet
  facet normal -0.99086953 -0.13482426 0.00000000
    outer loop
      vertex 0.49713555 11.22758958 0.20000000
      vertex 0.49261563 11.26080801 0.20000000
      vertex 0.49261563 11.26080801 0.00000000
    endloop
  endfacet
  facet normal -0.99086953 -0.13482426 -0.00000000
    outer loop
      vertex 0.49713555 11.22758958 0.20000000
      vertex 0.49261563 11.26080801 0.00000000
      vertex 0.49713555 11.22758958 0.00000000
    endloop
  endfacet
  facet normal -0.98543103 -0.17007554 0.00000000
    outer loop
      vertex 0.49261563 11.26080801 0.20000000
      vertex 0.48721243 11.29211456 0.20000000
      vertex 0.48721243 11.29211456 0.00000000
    endloop
  endfacet
  facet normal -0.98543103 -0.17007554 -0.00000000
    outer loop
      vertex 0.49261563 11.26080801 0.20000000
      vertex 0.48721243 11.29211456 0.00000000
      vertex 0.49261563 11.26080801 0.00000000
    endloop
  endfacet
  facet normal -0.97822551 -0.20754480 0.00000000
    outer loop
      vertex 0.48721243 11.29211456 0.20000000
      vertex 0.48097787 11.32150008 0.20000000
      vertex 0.48097787 11.32150008 0.00000000
    endloop
  endfacet
  facet normal -0.97822551 -0.20754480 -0.00000000
    outer loop
      vertex 0.48721243 11.29211456 0.20000000
      vertex 0.48097787 11.32150008 0.00000000
      vertex 0.48721243 11.29211456 0.00000000
    endloop
  endfacet
  facet normal -0.96894785 -0.24726516 0.00000000
    outer loop
      vertex 0.48097787 11.32150008 0.20000000
      vertex 0.47396973 11.34896256 0.20000000
      vertex 0.47396973 11.34896256 0.00000000
    endloop
  endfacet
  facet normal -0.96894785 -0.24726516 -0.00000000
    outer loop
      vertex 0.48097787 11.32150008 0.20000000
      vertex 0.47396973 11.34896256 0.00000000
      vertex 0.48097787 11.32150008 0.00000000
    endloop
  endfacet
  facet normal -0.95726167 -0.28922326 0.00000000
    outer loop
      vertex 0.47396973 11.34896256 0.20000000
      vertex 0.46625101 11.37450973 0.20000000
      vertex 0.46625101 11.37450973 0.00000000
    endloop
  endfacet
  facet normal -0.95726167 -0.28922326 -0.00000000
    outer loop
      vertex 0.47396973 11.34896256 0.20000000
      vertex 0.46625101 11.37450973 0.00000000
      vertex 0.47396973 11.34896256 0.00000000
    endloop
  endfacet
  facet normal -0.94280513 -0.33334439 0.00000000
    outer loop
      vertex 0.46625101 11.37450973 0.20000000
      vertex 0.45788842 11.39816182 0.20000000
      vertex 0.45788842 11.39816182 0.00000000
    endloop
  endfacet
  facet normal -0.94280513 -0.33334439 -0.00000000
    outer loop
      vertex 0.46625101 11.37450973 0.20000000
      vertex 0.45788842 11.39816182 0.00000000
      vertex 0.46625101 11.37450973 0.00000000
    endloop
  endfacet
  facet normal -0.92520139 -0.37947646 0.00000000
    outer loop
      vertex 0.45788842 11.39816182 0.20000000
      vertex 0.44895005 11.41995446 0.20000000
      vertex 0.44895005 11.41995446 0.00000000
    endloop
  endfacet
  facet normal -0.92520139 -0.37947646 -0.00000000
    outer loop
      vertex 0.45788842 11.39816182 0.20000000
      vertex 0.44895005 11.41995446 0.00000000
      vertex 0.45788842 11.39816182 0.00000000
    endloop
  endfacet
  facet normal -0.90407484 -0.42737417 0.00000000
    outer loop
      vertex 0.44895005 11.41995446 0.20000000
      vertex 0.43950185 11.43994136 0.20000000
      vertex 0.43950185 11.43994136 0.00000000
    endloop
  endfacet
  facet normal -0.90407484 -0.42737417 -0.00000000
    outer loop
      vertex 0.44895005 11.41995446 0.20000000
      vertex 0.43950185 11.43994136 0.00000000
      vertex 0.44895005 11.41995446 0.00000000
    endloop
  endfacet
  facet normal -0.87907383 -0.47668564 0.00000000
    outer loop
      vertex 0.43950185 11.43994136 0.20000000
      vertex 0.42960295 11.45819628 0.20000000
      vertex 0.42960295 11.45819628 0.00000000
    endloop
  endfacet
  facet normal -0.87907383 -0.47668564 -0.00000000
    outer loop
      vertex 0.43950185 11.43994136 0.20000000
      vertex 0.42960295 11.45819628 0.00000000
      vertex 0.43950185 11.43994136 0.00000000
    endloop
  endfacet
  facet normal -0.84989974 -0.52694443 0.00000000
    outer loop
      vertex 0.42960295 11.45819628 0.20000000
      vertex 0.41930000 11.47481374 0.20000000
      vertex 0.41930000 11.47481374 0.00000000
    endloop
  endfacet
  facet normal -0.84989974 -0.52694443 -0.00000000
    outer loop
      vertex 0.42960295 11.45819628 0.20000000
      vertex 0.41930000 11.47481374 0.00000000
      vertex 0.42960295 11.45819628 0.00000000
    endloop
  endfacet
  facet normal -0.81634081 -0.57757049 0.00000000
    outer loop
      vertex 0.41930000 11.47481374 0.20000000
      vertex 0.40862082 11.48990774 0.20000000
      vertex 0.40862082 11.48990774 0.00000000
    endloop
  endfacet
  facet normal -0.81634081 -0.57757049 -0.00000000
    outer loop
      vertex 0.41930000 11.47481374 0.20000000
      vertex 0.40862082 11.48990774 0.00000000
      vertex 0.41930000 11.47481374 0.00000000
    endloop
  endfacet
  facet normal -0.77830760 -0.62788317 0.00000000
    outer loop
      vertex 0.40862082 11.48990774 0.20000000
      vertex 0.39756827 11.50360819 0.20000000
      vertex 0.39756827 11.50360819 0.00000000
    endloop
  endfacet
  facet normal -0.77830760 -0.62788317 -0.00000000
    outer loop
      vertex 0.40862082 11.48990774 0.20000000
      vertex 0.39756827 11.50360819 0.00000000
      vertex 0.40862082 11.48990774 0.00000000
    endloop
  endfacet
  facet normal -0.73586481 -0.67712849 0.00000000
    outer loop
      vertex 0.39756827 11.50360819 0.20000000
      vertex 0.38611527 11.51605467 0.20000000
      vertex 0.38611527 11.51605467 0.00000000
    endloop
  endfacet
  facet normal -0.73586481 -0.67712849 -0.00000000
    outer loop
      vertex 0.39756827 11.50360819 0.20000000
      vertex 0.38611527 11.51605467 0.00000000
      vertex 0.39756827 11.50360819 0.00000000
    endloop
  endfacet
  facet normal -0.68925348 -0.72452029 0.00000000
    outer loop
      vertex 0.38611527 11.51605467 0.20000000
      vertex 0.37420207 11.52738797 0.20000000
      vertex 0.37420207 11.52738797 0.00000000
    endloop
  endfacet
  facet normal -0.68925348 -0.72452029 -0.00000000
    outer loop
      vertex 0.38611527 11.51605467 0.20000000
      vertex 0.37420207 11.52738797 0.00000000
      vertex 0.38611527 11.51605467 0.00000000
    endloop
  endfacet
  facet normal -0.63889756 -0.76929182 0.00000000
    outer loop
      vertex 0.37420207 11.52738797 0.20000000
      vertex 0.36173686 11.53774034 0.20000000
      vertex 0.36173686 11.53774034 0.00000000
    endloop
  endfacet
  facet normal -0.63889756 -0.76929182 -0.00000000
    outer loop
      vertex 0.37420207 11.52738797 0.20000000
      vertex 0.36173686 11.53774034 0.00000000
      vertex 0.37420207 11.52738797 0.00000000
    endloop
  endfacet
  facet normal -0.58539078 -0.81075128 0.00000000
    outer loop
      vertex 0.36173686 11.53774034 0.20000000
      vertex 0.34859987 11.54722571 0.20000000
      vertex 0.34859987 11.54722571 0.00000000
    endloop
  endfacet
  facet normal -0.58539078 -0.81075128 -0.00000000
    outer loop
      vertex 0.36173686 11.53774034 0.20000000
      vertex 0.34859987 11.54722571 0.00000000
      vertex 0.36173686 11.53774034 0.00000000
    endloop
  endfacet
  facet normal -0.52946360 -0.84833266 0.00000000
    outer loop
      vertex 0.34859987 11.54722571 0.20000000
      vertex 0.33465084 11.55593161 0.20000000
      vertex 0.33465084 11.55593161 0.00000000
    endloop
  endfacet
  facet normal -0.52946360 -0.84833266 -0.00000000
    outer loop
      vertex 0.34859987 11.54722571 0.20000000
      vertex 0.33465084 11.55593161 0.00000000
      vertex 0.34859987 11.54722571 0.00000000
    endloop
  endfacet
  facet normal -0.47193418 -0.88163378 0.00000000
    outer loop
      vertex 0.33465084 11.55593161 0.20000000
      vertex 0.31973882 11.56391395 0.20000000
      vertex 0.31973882 11.56391395 0.00000000
    endloop
  endfacet
  facet normal -0.47193418 -0.88163378 -0.00000000
    outer loop
      vertex 0.33465084 11.55593161 0.20000000
      vertex 0.31973882 11.56391395 0.00000000
      vertex 0.33465084 11.55593161 0.00000000
    endloop
  endfacet
  facet normal -0.41365084 -0.91043560 0.00000000
    outer loop
      vertex 0.31973882 11.56391395 0.20000000
      vertex 0.30371253 11.57119539 0.20000000
      vertex 0.30371253 11.57119539 0.00000000
    endloop
  endfacet
  facet normal -0.41365084 -0.91043560 -0.00000000
    outer loop
      vertex 0.31973882 11.56391395 0.20000000
      vertex 0.30371253 11.57119539 0.00000000
      vertex 0.31973882 11.56391395 0.00000000
    endloop
  endfacet
  facet normal -0.35543503 -0.93470099 0.00000000
    outer loop
      vertex 0.30371253 11.57119539 0.20000000
      vertex 0.28643007 11.57776732 0.20000000
      vertex 0.28643007 11.57776732 0.00000000
    endloop
  endfacet
  facet normal -0.35543503 -0.93470099 -0.00000000
    outer loop
      vertex 0.30371253 11.57119539 0.20000000
      vertex 0.28643007 11.57776732 0.00000000
      vertex 0.30371253 11.57119539 0.00000000
    endloop
  endfacet
  facet normal -0.29803298 -0.95455557 0.00000000
    outer loop
      vertex 0.28643007 11.57776732 0.20000000
      vertex 0.26776636 11.58359454 0.20000000
      vertex 0.26776636 11.58359454 0.00000000
    endloop
  endfacet
  facet normal -0.29803298 -0.95455557 -0.00000000
    outer loop
      vertex 0.28643007 11.57776732 0.20000000
      vertex 0.26776636 11.58359454 0.00000000
      vertex 0.28643007 11.57776732 0.00000000
    endloop
  endfacet
  facet normal -0.24208146 -0.97025593 0.00000000
    outer loop
      vertex 0.26776636 11.58359454 0.20000000
      vertex 0.24761794 11.58862162 0.20000000
      vertex 0.24761794 11.58862162 0.00000000
    endloop
  endfacet
  facet normal -0.24208146 -0.97025593 -0.00000000
    outer loop
      vertex 0.26776636 11.58359454 0.20000000
      vertex 0.24761794 11.58862162 0.00000000
      vertex 0.26776636 11.58359454 0.00000000
    endloop
  endfacet
  facet normal -0.18808927 -0.98215194 0.00000000
    outer loop
      vertex 0.24761794 11.58862162 0.20000000
      vertex 0.22590495 11.59277982 0.20000000
      vertex 0.22590495 11.59277982 0.00000000
    endloop
  endfacet
  facet normal -0.18808927 -0.98215194 -0.00000000
    outer loop
      vertex 0.24761794 11.58862162 0.20000000
      vertex 0.22590495 11.59277982 0.00000000
      vertex 0.24761794 11.58862162 0.00000000
    endloop
  endfacet
  facet normal -0.13643351 -0.99064923 0.00000000
    outer loop
      vertex 0.22590495 11.59277982 0.20000000
      vertex 0.20257072 11.59599344 0.20000000
      vertex 0.20257072 11.59599344 0.00000000
    endloop
  endfacet
  facet normal -0.13643351 -0.99064923 -0.00000000
    outer loop
      vertex 0.22590495 11.59277982 0.20000000
      vertex 0.20257072 11.59599344 0.00000000
      vertex 0.22590495 11.59277982 0.00000000
    endloop
  endfacet
  facet normal -0.08736710 -0.99617618 0.00000000
    outer loop
      vertex 0.20257072 11.59599344 0.20000000
      vertex 0.17757972 11.59818521 0.20000000
      vertex 0.17757972 11.59818521 0.00000000
    endloop
  endfacet
  facet normal -0.08736710 -0.99617618 -0.00000000
    outer loop
      vertex 0.20257072 11.59599344 0.20000000
      vertex 0.17757972 11.59818521 0.00000000
      vertex 0.20257072 11.59599344 0.00000000
    endloop
  endfacet
  facet normal -0.04103379 -0.99915776 0.00000000
    outer loop
      vertex 0.17757972 11.59818521 0.20000000
      vertex 0.15091443 11.59928031 0.20000000
      vertex 0.15091443 11.59928031 0.00000000
    endloop
  endfacet
  facet normal -0.04103379 -0.99915776 -0.00000000
    outer loop
      vertex 0.17757972 11.59818521 0.20000000
      vertex 0.15091443 11.59928031 0.00000000
      vertex 0.17757972 11.59818521 0.00000000
    endloop
  endfacet
  facet normal 0.00251325 -0.99999684 0.00000000
    outer loop
      vertex 0.15091443 11.59928031 0.20000000
      vertex 0.12257194 11.59920908 0.20000000
      vertex 0.12257194 11.59920908 0.00000000
    endloop
  endfacet
  facet normal 0.00251325 -0.99999684 0.00000000
    outer loop
      vertex 0.15091443 11.59928031 0.20000000
      vertex 0.12257194 11.59920908 0.00000000
      vertex 0.15091443 11.59928031 0.00000000
    endloop
  endfacet
  facet normal 0.04329204 -0.99906246 0.00000000
    outer loop
      vertex 0.12257194 11.59920908 0.20000000
      vertex 0.09256049 11.59790860 0.20000000
      vertex 0.09256049 11.59790860 0.00000000
    endloop
  endfacet
  facet normal 0.04329204 -0.99906246 0.00000000
    outer loop
      vertex 0.12257194 11.59920908 0.20000000
      vertex 0.09256049 11.59790860 0.00000000
      vertex 0.12257194 11.59920908 0.00000000
    endloop
  endfacet
  facet normal 0.08137360 -0.99668367 0.00000000
    outer loop
      vertex 0.09256049 11.59790860 0.20000000
      vertex 0.06089645 11.59532341 0.20000000
      vertex 0.06089645 11.59532341 0.00000000
    endloop
  endfacet
  facet normal 0.08137360 -0.99668367 0.00000000
    outer loop
      vertex 0.09256049 11.59790860 0.20000000
      vertex 0.06089645 11.59532341 0.00000000
      vertex 0.09256049 11.59790860 0.00000000
    endloop
  endfacet
  facet normal 0.11686624 -0.99314766 0.00000000
    outer loop
      vertex 0.06089645 11.59532341 0.20000000
      vertex 0.02760164 11.59140553 0.20000000
      vertex 0.02760164 11.59140553 0.00000000
    endloop
  endfacet
  facet normal 0.11686624 -0.99314766 0.00000000
    outer loop
      vertex 0.06089645 11.59532341 0.20000000
      vertex 0.02760164 11.59140553 0.00000000
      vertex 0.06089645 11.59532341 0.00000000
    endloop
  endfacet
  facet normal 0.14990239 -0.98870080 0.00000000
    outer loop
      vertex 0.02760164 11.59140553 0.20000000
      vertex -0.00866164 11.58590745 0.20000000
      vertex -0.00866164 11.58590745 0.00000000
    endloop
  endfacet
  facet normal 0.14990239 -0.98870080 0.00000000
    outer loop
      vertex 0.02760164 11.59140553 0.20000000
      vertex -0.00866164 11.58590745 0.00000000
      vertex 0.02760164 11.59140553 0.00000000
    endloop
  endfacet
  facet normal 0.16554470 -0.98620229 0.00000000
    outer loop
      vertex -0.00866164 11.58590745 0.20000000
      vertex -0.79380093 11.45411334 0.20000000
      vertex -0.79380093 11.45411334 0.00000000
    endloop
  endfacet
  facet normal 0.16554470 -0.98620229 0.00000000
    outer loop
      vertex -0.00866164 11.58590745 0.20000000
      vertex -0.79380093 11.45411334 0.00000000
      vertex -0.00866164 11.58590745 0.00000000
    endloop
  endfacet
  facet normal 0.37754935 -0.92598946 0.00000000
    outer loop
      vertex -0.79380093 11.45411334 0.20000000
      vertex -1.73544097 11.07018286 0.20000000
      vertex -1.73544097 11.07018286 0.00000000
    endloop
  endfacet
  facet normal 0.37754935 -0.92598946 0.00000000
    outer loop
      vertex -0.79380093 11.45411334 0.20000000
      vertex -1.73544097 11.07018286 0.00000000
      vertex -0.79380093 11.45411334 0.00000000
    endloop
  endfacet
  facet normal 0.39134765 -0.92024291 0.00000000
    outer loop
      vertex -1.73544097 11.07018286 0.20000000
      vertex -1.77999190 11.05123688 0.20000000
      vertex -1.77999190 11.05123688 0.00000000
    endloop
  endfacet
  facet normal 0.39134765 -0.92024291 0.00000000
    outer loop
      vertex -1.73544097 11.07018286 0.20000000
      vertex -1.77999190 11.05123688 0.00000000
      vertex -1.73544097 11.07018286 0.00000000
    endloop
  endfacet
  facet normal 0.41954313 -0.90773540 0.00000000
    outer loop
      vertex -1.77999190 11.05123688 0.20000000
      vertex -1.82155654 11.03202626 0.20000000
      vertex -1.82155654 11.03202626 0.00000000
    endloop
  endfacet
  facet normal 0.41954313 -0.90773540 0.00000000
    outer loop
      vertex -1.77999190 11.05123688 0.20000000
      vertex -1.82155654 11.03202626 0.00000000
      vertex -1.77999190 11.05123688 0.00000000
    endloop
  endfacet
  facet normal 0.44848866 -0.89378852 0.00000000
    outer loop
      vertex -1.82155654 11.03202626 0.20000000
      vertex -1.86135876 11.01205415 0.20000000
      vertex -1.86135876 11.01205415 0.00000000
    endloop
  endfacet
  facet normal 0.44848866 -0.89378852 0.00000000
    outer loop
      vertex -1.82155654 11.03202626 0.20000000
      vertex -1.86135876 11.01205415 0.00000000
      vertex -1.82155654 11.03202626 0.00000000
    endloop
  endfacet
  facet normal 0.47811062 -0.87829963 0.00000000
    outer loop
      vertex -1.86135876 11.01205415 0.20000000
      vertex -1.89941350 10.99133870 0.20000000
      vertex -1.89941350 10.99133870 0.00000000
    endloop
  endfacet
  facet normal 0.47811062 -0.87829963 0.00000000
    outer loop
      vertex -1.86135876 11.01205415 0.20000000
      vertex -1.89941350 10.99133870 0.00000000
      vertex -1.86135876 11.01205415 0.00000000
    endloop
  endfacet
  facet normal 0.50831635 -0.86117042 0.00000000
    outer loop
      vertex -1.89941350 10.99133870 0.20000000
      vertex -1.93573927 10.96989697 0.20000000
      vertex -1.93573927 10.96989697 0.00000000
    endloop
  endfacet
  facet normal 0.50831635 -0.86117042 0.00000000
    outer loop
      vertex -1.89941350 10.99133870 0.20000000
      vertex -1.93573927 10.96989697 0.00000000
      vertex -1.89941350 10.99133870 0.00000000
    endloop
  endfacet
  facet normal 0.53899293 -0.84231029 0.00000000
    outer loop
      vertex -1.93573927 10.96989697 0.20000000
      vertex -1.97035829 10.94774431 0.20000000
      vertex -1.97035829 10.94774431 0.00000000
    endloop
  endfacet
  facet normal 0.53899293 -0.84231029 0.00000000
    outer loop
      vertex -1.93573927 10.96989697 0.20000000
      vertex -1.97035829 10.94774431 0.00000000
      vertex -1.93573927 10.96989697 0.00000000
    endloop
  endfacet
  facet normal 0.57000661 -0.82164010 0.00000000
    outer loop
      vertex -1.97035829 10.94774431 0.20000000
      vertex -2.00329655 10.92489364 0.20000000
      vertex -2.00329655 10.92489364 0.00000000
    endloop
  endfacet
  facet normal 0.57000661 -0.82164010 0.00000000
    outer loop
      vertex -1.97035829 10.94774431 0.20000000
      vertex -2.00329655 10.92489364 0.00000000
      vertex -1.97035829 10.94774431 0.00000000
    endloop
  endfacet
  facet normal 0.60120289 -0.79909642 0.00000000
    outer loop
      vertex -2.00329655 10.92489364 0.20000000
      vertex -2.03458367 10.90135467 0.20000000
      vertex -2.03458367 10.90135467 0.00000000
    endloop
  endfacet
  facet normal 0.60120289 -0.79909642 0.00000000
    outer loop
      vertex -2.00329655 10.92489364 0.20000000
      vertex -2.03458367 10.90135467 0.00000000
      vertex -2.00329655 10.92489364 0.00000000
    endloop
  endfacet
  facet normal 0.63240761 -0.77463580 0.00000000
    outer loop
      vertex -2.03458367 10.90135467 0.20000000
      vertex -2.06425266 10.87713310 0.20000000
      vertex -2.06425266 10.87713310 0.00000000
    endloop
  endfacet
  facet normal 0.63240761 -0.77463580 0.00000000
    outer loop
      vertex -2.03458367 10.90135467 0.20000000
      vertex -2.06425266 10.87713310 0.00000000
      vertex -2.03458367 10.90135467 0.00000000
    endloop
  endfacet
  facet normal 0.66342904 -0.74823920 0.00000000
    outer loop
      vertex -2.06425266 10.87713310 0.20000000
      vertex -2.09233941 10.85222989 0.20000000
      vertex -2.09233941 10.85222989 0.00000000
    endloop
  endfacet
  facet normal 0.66342904 -0.74823920 0.00000000
    outer loop
      vertex -2.06425266 10.87713310 0.20000000
      vertex -2.09233941 10.85222989 0.00000000
      vertex -2.06425266 10.87713310 0.00000000
    endloop
  endfacet
  facet normal 0.69406126 -0.71991595 0.00000000
    outer loop
      vertex -2.09233941 10.85222989 0.20000000
      vertex -2.11888197 10.82664056 0.20000000
      vertex -2.11888197 10.82664056 0.00000000
    endloop
  endfacet
  facet normal 0.69406126 -0.71991595 0.00000000
    outer loop
      vertex -2.09233941 10.85222989 0.20000000
      vertex -2.11888197 10.82664056 0.00000000
      vertex -2.09233941 10.85222989 0.00000000
    endloop
  endfacet
  facet normal 0.72408852 -0.68970705 0.00000000
    outer loop
      vertex -2.11888197 10.82664056 0.20000000
      vertex -2.14391968 10.80035473 0.20000000
      vertex -2.14391968 10.80035473 0.00000000
    endloop
  endfacet
  facet normal 0.72408852 -0.68970705 0.00000000
    outer loop
      vertex -2.11888197 10.82664056 0.20000000
      vertex -2.14391968 10.80035473 0.00000000
      vertex -2.11888197 10.82664056 0.00000000
    endloop
  endfacet
  facet normal 0.75329087 -0.65768752 0.00000000
    outer loop
      vertex -2.14391968 10.80035473 0.20000000
      vertex -2.16749208 10.77335578 0.20000000
      vertex -2.16749208 10.77335578 0.00000000
    endloop
  endfacet
  facet normal 0.75329087 -0.65768752 0.00000000
    outer loop
      vertex -2.14391968 10.80035473 0.20000000
      vertex -2.16749208 10.77335578 0.00000000
      vertex -2.14391968 10.80035473 0.00000000
    endloop
  endfacet
  facet normal 0.78145046 -0.62396729 0.00000000
    outer loop
      vertex -2.16749208 10.77335578 0.20000000
      vertex -2.18963771 10.74562082 0.20000000
      vertex -2.18963771 10.74562082 0.00000000
    endloop
  endfacet
  facet normal 0.78145046 -0.62396729 0.00000000
    outer loop
      vertex -2.16749208 10.77335578 0.20000000
      vertex -2.18963771 10.74562082 0.00000000
      vertex -2.16749208 10.77335578 0.00000000
    endloop
  endfacet
  facet normal 0.80835844 -0.58869061 0.00000000
    outer loop
      vertex -2.18963771 10.74562082 0.20000000
      vertex -2.21039284 10.71712098 0.20000000
      vertex -2.21039284 10.71712098 0.00000000
    endloop
  endfacet
  facet normal 0.80835844 -0.58869061 0.00000000
    outer loop
      vertex -2.18963771 10.74562082 0.20000000
      vertex -2.21039284 10.71712098 0.00000000
      vertex -2.18963771 10.74562082 0.00000000
    endloop
  endfacet
  facet normal 0.83382184 -0.55203364 0.00000000
    outer loop
      vertex -2.21039284 10.71712098 0.20000000
      vertex -2.22979031 10.68782198 0.20000000
      vertex -2.22979031 10.68782198 0.00000000
    endloop
  endfacet
  facet normal 0.83382184 -0.55203364 0.00000000
    outer loop
      vertex -2.21039284 10.71712098 0.20000000
      vertex -2.22979031 10.68782198 0.00000000
      vertex -2.21039284 10.71712098 0.00000000
    endloop
  endfacet
  facet normal 0.85767006 -0.51420041 0.00000000
    outer loop
      vertex -2.22979031 10.68782198 0.20000000
      vertex -2.24785839 10.65768500 0.20000000
      vertex -2.24785839 10.65768500 0.00000000
    endloop
  endfacet
  facet normal 0.85767006 -0.51420041 0.00000000
    outer loop
      vertex -2.22979031 10.68782198 0.20000000
      vertex -2.24785839 10.65768500 0.00000000
      vertex -2.22979031 10.68782198 0.00000000
    endloop
  endfacet
  facet normal 0.87976044 -0.47541725 0.00000000
    outer loop
      vertex -2.24785839 10.65768500 0.20000000
      vertex -2.26461991 10.62666778 0.20000000
      vertex -2.26461991 10.62666778 0.00000000
    endloop
  endfacet
  facet normal 0.87976044 -0.47541725 0.00000000
    outer loop
      vertex -2.24785839 10.65768500 0.20000000
      vertex -2.26461991 10.62666778 0.00000000
      vertex -2.24785839 10.65768500 0.00000000
    endloop
  endfacet
  facet normal 0.89998248 -0.43592607 0.00000000
    outer loop
      vertex -2.26461991 10.62666778 0.20000000
      vertex -2.28009164 10.59472592 0.20000000
      vertex -2.28009164 10.59472592 0.00000000
    endloop
  endfacet
  facet normal 0.89998248 -0.43592607 0.00000000
    outer loop
      vertex -2.26461991 10.62666778 0.20000000
      vertex -2.28009164 10.59472592 0.00000000
      vertex -2.26461991 10.62666778 0.00000000
    endloop
  endfacet
  facet normal 0.91826045 -0.39597695 0.00000000
    outer loop
      vertex -2.28009164 10.59472592 0.20000000
      vertex -2.29428398 10.56181423 0.20000000
      vertex -2.29428398 10.56181423 0.00000000
    endloop
  endfacet
  facet normal 0.91826045 -0.39597695 0.00000000
    outer loop
      vertex -2.28009164 10.59472592 0.20000000
      vertex -2.29428398 10.56181423 0.00000000
      vertex -2.28009164 10.59472592 0.00000000
    endloop
  endfacet
  facet normal 0.93455430 -0.35582054 0.00000000
    outer loop
      vertex -2.29428398 10.56181423 0.20000000
      vertex -2.30720096 10.52788809 0.20000000
      vertex -2.30720096 10.52788809 0.00000000
    endloop
  endfacet
  facet normal 0.93455430 -0.35582054 0.00000000
    outer loop
      vertex -2.29428398 10.56181423 0.20000000
      vertex -2.30720096 10.52788809 0.00000000
      vertex -2.29428398 10.56181423 0.00000000
    endloop
  endfacet
  facet normal 0.94885880 -0.31570077 0.00000000
    outer loop
      vertex -2.30720096 10.52788809 0.20000000
      vertex -2.31884053 10.49290464 0.20000000
      vertex -2.31884053 10.49290464 0.00000000
    endloop
  endfacet
  facet normal 0.94885880 -0.31570077 0.00000000
    outer loop
      vertex -2.30720096 10.52788809 0.20000000
      vertex -2.31884053 10.49290464 0.00000000
      vertex -2.30720096 10.52788809 0.00000000
    endloop
  endfacet
  facet normal 0.96120113 -0.27584847 0.00000000
    outer loop
      vertex -2.31884053 10.49290464 0.20000000
      vertex -2.32919508 10.45682392 0.20000000
      vertex -2.32919508 10.45682392 0.00000000
    endloop
  endfacet
  facet normal 0.96120113 -0.27584847 0.00000000
    outer loop
      vertex -2.31884053 10.49290464 0.20000000
      vertex -2.32919508 10.45682392 0.00000000
      vertex -2.31884053 10.49290464 0.00000000
    endloop
  endfacet
  facet normal 0.97163734 -0.23647595 0.00000000
    outer loop
      vertex -2.32919508 10.45682392 0.20000000
      vertex -2.33825225 10.41960965 0.20000000
      vertex -2.33825225 10.41960965 0.00000000
    endloop
  endfacet
  facet normal 0.97163734 -0.23647595 0.00000000
    outer loop
      vertex -2.32919508 10.45682392 0.20000000
      vertex -2.33825225 10.41960965 0.00000000
      vertex -2.32919508 10.45682392 0.00000000
    endloop
  endfacet
  facet normal 0.98024784 -0.19777304 0.00000000
    outer loop
      vertex -2.33825225 10.41960965 0.20000000
      vertex -2.34599568 10.38122989 0.20000000
      vertex -2.34599568 10.38122989 0.00000000
    endloop
  endfacet
  facet normal 0.98024784 -0.19777304 0.00000000
    outer loop
      vertex -2.33825225 10.41960965 0.20000000
      vertex -2.34599568 10.38122989 0.00000000
      vertex -2.33825225 10.41960965 0.00000000
    endloop
  endfacet
  facet normal 0.98713249 -0.15990449 0.00000000
    outer loop
      vertex -2.34599568 10.38122989 0.20000000
      vertex -2.35240600 10.34165730 0.20000000
      vertex -2.35240600 10.34165730 0.00000000
    endloop
  endfacet
  facet normal 0.98713249 -0.15990449 0.00000000
    outer loop
      vertex -2.34599568 10.38122989 0.20000000
      vertex -2.35240600 10.34165730 0.00000000
      vertex -2.34599568 10.38122989 0.00000000
    endloop
  endfacet
  facet normal 0.99240559 -0.12300870 0.00000000
    outer loop
      vertex -2.35240600 10.34165730 0.20000000
      vertex -2.35746167 10.30086935 0.20000000
      vertex -2.35746167 10.30086935 0.00000000
    endloop
  endfacet
  facet normal 0.99240559 -0.12300870 0.00000000
    outer loop
      vertex -2.35240600 10.34165730 0.20000000
      vertex -2.35746167 10.30086935 0.00000000
      vertex -2.35240600 10.34165730 0.00000000
    endloop
  endfacet
  facet normal 0.99619103 -0.08719770 0.00000000
    outer loop
      vertex -2.35746167 10.30086935 0.20000000
      vertex -2.36113983 10.25884816 0.20000000
      vertex -2.36113983 10.25884816 0.00000000
    endloop
  endfacet
  facet normal 0.99619103 -0.08719770 0.00000000
    outer loop
      vertex -2.35746167 10.30086935 0.20000000
      vertex -2.36113983 10.25884816 0.00000000
      vertex -2.35746167 10.30086935 0.00000000
    endloop
  endfacet
  facet normal 0.99861787 -0.05255803 0.00000000
    outer loop
      vertex -2.36113983 10.25884816 0.20000000
      vertex -2.36341705 10.21558030 0.20000000
      vertex -2.36341705 10.21558030 0.00000000
    endloop
  endfacet
  facet normal 0.99861787 -0.05255803 0.00000000
    outer loop
      vertex -2.36113983 10.25884816 0.20000000
      vertex -2.36341705 10.21558030 0.00000000
      vertex -2.36113983 10.25884816 0.00000000
    endloop
  endfacet
  facet normal 0.99981657 -0.01915250 0.00000000
    outer loop
      vertex -2.36341705 10.21558030 0.20000000
      vertex -2.36426995 10.17105644 0.20000000
      vertex -2.36426995 10.17105644 0.00000000
    endloop
  endfacet
  facet normal 0.99981657 -0.01915250 0.00000000
    outer loop
      vertex -2.36341705 10.21558030 0.20000000
      vertex -2.36426995 10.17105644 0.00000000
      vertex -2.36341705 10.21558030 0.00000000
    endloop
  endfacet
  facet normal 0.99991579 0.01297769 0.00000000
    outer loop
      vertex -2.36426995 10.17105644 0.20000000
      vertex -2.36367571 10.12527091 0.20000000
      vertex -2.36367571 10.12527091 0.00000000
    endloop
  endfacet
  facet normal 0.99991579 0.01297769 0.00000000
    outer loop
      vertex -2.36426995 10.17105644 0.20000000
      vertex -2.36367571 10.12527091 0.00000000
      vertex -2.36426995 10.17105644 0.00000000
    endloop
  endfacet
  facet normal 0.99903986 0.04381040 0.00000000
    outer loop
      vertex -2.36367571 10.12527091 0.20000000
      vertex -2.36155475 10.07690525 0.20000000
      vertex -2.36155475 10.07690525 0.00000000
    endloop
  endfacet
  facet normal 0.99903986 0.04381040 0.00000000
    outer loop
      vertex -2.36367571 10.12527091 0.20000000
      vertex -2.36155475 10.07690525 0.00000000
      vertex -2.36367571 10.12527091 0.00000000
    endloop
  endfacet
  facet normal 0.99827344 0.05873783 0.00000000
    outer loop
      vertex -2.36155475 10.07690525 0.20000000
      vertex -1.21177055 -9.46414589 0.20000000
      vertex -1.21177055 -9.46414589 0.00000000
    endloop
  endfacet
  facet normal 0.99827344 0.05873783 0.00000000
    outer loop
      vertex -2.36155475 10.07690525 0.20000000
      vertex -1.21177055 -9.46414589 0.00000000
      vertex -2.36155475 10.07690525 0.00000000
    endloop
  endfacet
  facet normal 0.00000000 0.00000000 -1.00000000
    outer loop
      vertex -1.20375587 -9.57213709 0.20000000
      vertex -1.21177055 -9.46414589 0.20000000
      vertex -2.36155475 10.07690525 0.20000000
    endloop
  endfacet
  facet normal 0.00000000 0.00000000 -1.00000000
    outer loop
      vertex -1.19276248 -9.67567359 0.20000000
      vertex -1.20375587 -9.57213709 0.20000000
      vertex -2.36155475 10.07690525 0.20000000
    endloop
  endfacet
  facet normal 0.00000000 0.00000000 -1.00000000
    outer loop
      vertex -1.17871643 -9.77610083 0.20000000
      vertex -1.19276248 -9.67567359 0.20000000
      vertex -2.36155475 10.07690525 0.20000000
    endloop
  endfacet
  facet normal 0.00000000 0.00000000 -1.00000000
    outer loop
      vertex -1.16164451 -9.87342576 0.20000000
      vertex -1.17871643 -9.77610083 0.20000000
      vertex -2.36155475 10.07690525 0.20000000
    endloop
  endfacet
  facet normal 0.00000000 0.00000000 -1.00000000
    outer loop
      vertex -1.14157422 -9.96765988 0.20000000
      vertex -1.16164451 -9.87342576 0.20000000
      vertex -2.36155475 10.07690525 0.20000000
    endloop
  endfacet
  facet normal 0.00000000 0.00000000 -1.00000000
    outer loop
      vertex -1.11853298 -10.05881972 0.20000000
      vertex -1.14157422 -9.96765988 0.20000000
      vertex -2.36155475 10.07690525 0.20000000
    endloop
  endfacet
  facet normal 0.00000000 0.00000000 -1.00000000
    outer loop
      vertex -1.09254736 -10.14692747 0.20000000
      vertex -1.11853298 -10.05881972 0.20000000
      vertex -2.36155475 10.07690525 0.20000000
    endloop
  endfacet
  facet normal 0.00000000 0.00000000 -1.00000000
    outer loop
      vertex -1.06364199 -10.23201121 0.20000000
      vertex -1.09254736 -10.14692747 0.20000000
      vertex -2.36155475 10.07690525 0.20000000
    endloop
  endfacet
  facet normal 0.00000000 0.00000000 -1.00000000
    outer loop
      vertex -1.03183847 -10.31410512 0.20000000
      vertex -1.06364199 -10.23201121 0.20000000
      vertex -2.36155475 10.07690525 0.20000000
    endloop
  endfacet
  facet normal 0.00000000 0.00000000 -1.00000000
    outer loop
      vertex -0.99715402 -10.39324929 0.20000000
      vertex -1.03183847 -10.31410512 0.20000000
      vertex -2.36155475 10.07690525 0.20000000
    endloop
  endfacet
  facet normal 0.00000000 0.00000000 -1.00000000
    outer loop
      vertex -0.95960025 -10.46948923 0.20000000
      vertex -0.99715402 -10.39324929 0.20000000
      vertex -2.36155475 10.07690525 0.20000000
    endloop
  endfacet
  facet normal 0.00000000 0.00000000 -1.00000000
    outer loop
      vertex -0.91918199 -10.54287496 0.20000000
      vertex -0.95960025 -10.46948923 0.20000000
      vertex -2.36155475 10.07690525 0.20000000
    endloop
  endfacet
  facet normal 0.00000000 0.00000000 -1.00000000
    outer loop
      vertex -0.87589622 -10.61345978 0.20000000
      vertex -0.91918199 -10.54287496 0.20000000
      vertex -2.36155475 10.07690525 0.20000000
    endloop
  endfacet
  facet normal 0.00000000 0.00000000 -1.00000000
    outer loop
      vertex -0.82973147 -10.68129868 0.20000000
      vertex -0.87589622 -10.61345978 0.20000000
      vertex -2.36155475 10.07690525 0.20000000
    endloop
  endfacet
  facet normal 0.00000000 0.00000000 -1.00000000
    outer loop
      vertex -0.78066749 -10.74644646 0.20000000
      vertex -0.82973147 -10.68129868 0.20000000
      vertex -2.36155475 10.07690525 0.20000000
    endloop
  endfacet
  facet normal 0.00000000 0.00000000 -1.00000000
    outer loop
      vertex -0.72867548 -10.80895582 0.20000000
      vertex -0.78066749 -10.74644646 0.20000000
      vertex -2.36155475 10.07690525 0.20000000
    endloop
  endfacet
  facet normal 0.00000000 0.00000000 -1.00000000
    outer loop
      vertex -0.67371882 -10.86887539 0.20000000
      vertex -0.72867548 -10.80895582 0.20000000
      vertex -2.36155475 10.07690525 0.20000000
    endloop
  endfacet
  facet normal 0.00000000 0.00000000 -1.00000000
    outer loop
      vertex -0.61575425 -10.92624800 0.20000000
      vertex -0.67371882 -10.86887539 0.20000000
      vertex -2.36155475 10.07690525 0.20000000
    endloop
  endfacet
  facet normal 0.00000000 0.00000000 -1.00000000
    outer loop
      vertex -0.55473341 -10.98110925 0.20000000
      vertex -0.61575425 -10.92624800 0.20000000
      vertex -2.36155475 10.07690525 0.20000000
    endloop
  endfacet
  facet normal 0.00000000 0.00000000 -1.00000000
    outer loop
      vertex -0.49060471 -11.03348658 0.20000000
      vertex -0.55473341 -10.98110925 0.20000000
      vertex -2.36155475 10.07690525 0.20000000
    endloop
  endfacet
  facet normal 0.00000000 0.00000000 -1.00000000
    outer loop
      vertex -0.42331522 -11.08339875 0.20000000
      vertex -0.49060471 -11.03348658 0.20000000
      vertex -2.36155475 10.07690525 0.20000000
    endloop
  endfacet
  facet normal 0.00000000 0.00000000 -1.00000000
    outer loop
      vertex -0.35281250 -11.13085590 0.20000000
      vertex -0.42331522 -11.08339875 0.20000000
      vertex -2.36155475 10.07690525 0.20000000
    endloop
  endfacet
  facet normal 0.00000000 0.00000000 -1.00000000
    outer loop
      vertex -0.27904636 -11.17585998 0.20000000
      vertex -0.35281250 -11.13085590 0.20000000
      vertex -2.36155475 10.07690525 0.20000000
    endloop
  endfacet
  facet normal 0.00000000 0.00000000 -1.00000000
    outer loop
      vertex -0.20197013 -11.21840560 0.20000000
      vertex -0.27904636 -11.17585998 0.20000000
      vertex -2.36155475 10.07690525 0.20000000
    endloop
  endfacet
  facet normal 0.00000000 0.00000000 -1.00000000
    outer loop
      vertex -0.12154178 -11.25848106 0.20000000
      vertex -0.20197013 -11.21840560 0.20000000
      vertex -2.36155475 10.07690525 0.20000000
    endloop
  endfacet
  facet normal 0.00000000 0.00000000 -1.00000000
    outer loop
      vertex -0.03772453 -11.29606959 0.20000000
      vertex -0.12154178 -11.25848106 0.20000000
      vertex -2.36155475 10.07690525 0.20000000
    endloop
  endfacet
  facet normal 0.00000000 0.00000000 -1.00000000
    outer loop
      vertex 0.04951276 -11.33115051 0.20000000
      vertex -0.03772453 -11.29606959 0.20000000
      vertex -2.36155475 10.07690525 0.20000000
    endloop
  endfacet
  facet normal 0.00000000 0.00000000 -1.00000000
    outer loop
      vertex 0.14019562 -11.36370051 0.20000000
      vertex 0.04951276 -11.33115051 0.20000000
      vertex -2.36155475 10.07690525 0.20000000
    endloop
  endfacet
  facet normal 0.00000000 0.00000000 -1.00000000
    outer loop
      vertex 0.23434417 -11.39369461 0.20000000
      vertex 0.14019562 -11.36370051 0.20000000
      vertex -2.36155475 10.07690525 0.20000000
    endloop
  endfacet
  facet normal 0.00000000 0.00000000 -1.00000000
    outer loop
      vertex 0.33197344 -11.42110713 0.20000000
      vertex 0.23434417 -11.39369461 0.20000000
      vertex -2.36155475 10.07690525 0.20000000
    endloop
  endfacet
  facet normal 0.00000000 0.00000000 -1.00000000
    outer loop
      vertex 0.43309395 -11.44591244 0.20000000
      vertex 0.33197344 -11.42110713 0.20000000
      vertex -2.36155475 10.07690525 0.20000000
    endloop
  endfacet
  facet normal 0.00000000 0.00000000 -1.00000000
    outer loop
      vertex 0.53902900 -11.46836460 0.20000000
      vertex 0.43309395 -11.44591244 0.20000000
      vertex -2.36155475 10.07690525 0.20000000
    endloop
  endfacet
  facet normal 0.00000000 0.00000000 -1.00000000
    outer loop
      vertex 0.93402323 -11.54578227 0.20000000
      vertex 0.53902900 -11.46836460 0.20000000
      vertex -2.36155475 10.07690525 0.20000000
    endloop
  endfacet
  facet normal 0.00000000 0.00000000 -1.00000000
    outer loop
      vertex 1.03962320 -11.56480423 0.20000000
      vertex 0.93402323 -11.54578227 0.20000000
      vertex -2.36155475 10.07690525 0.20000000
    endloop
  endfacet
  facet normal 0.00000000 0.00000000 -1.00000000
    outer loop
      vertex 1.13962103 -11.57947375 0.20000000
      vertex 1.03962320 -11.56480423 0.20000000
      vertex -2.36155475 10.07690525 0.20000000
    endloop
  endfacet
  facet normal 0.00000000 0.00000000 -1.00000000
    outer loop
      vertex 1.23527442 -11.59007030 0.20000000
      vertex 1.13962103 -11.57947375 0.20000000
      vertex -2.36155475 10.07690525 0.20000000
    endloop
  endfacet
  facet normal 0.00000000 0.00000000 -1.00000000
    outer loop
      vertex 1.32653672 -11.59664958 0.20000000
      vertex 1.23527442 -11.59007030 0.20000000
      vertex -2.36155475 10.07690525 0.20000000
    endloop
  endfacet
  facet normal 0.00000000 0.00000000 -1.00000000
    outer loop
      vertex 1.41336371 -11.59928031 0.20000000
      vertex 1.32653672 -11.59664958 0.20000000
      vertex -2.36155475 10.07690525 0.20000000
    endloop
  endfacet
  facet normal -0.00000000 0.00000000 -1.00000000
    outer loop
      vertex 1.49571736 -11.59804593 0.20000000
      vertex 1.41336371 -11.59928031 0.20000000
      vertex -2.36155475 10.07690525 0.20000000
    endloop
  endfacet
  facet normal -0.00000000 0.00000000 -1.00000000
    outer loop
      vertex 1.57357091 -11.59304559 0.20000000
      vertex 1.49571736 -11.59804593 0.20000000
      vertex -2.36155475 10.07690525 0.20000000
    endloop
  endfacet
  facet normal -0.00000000 0.00000000 -1.00000000
    outer loop
      vertex 1.64691558 -11.58439398 0.20000000
      vertex 1.57357091 -11.59304559 0.20000000
      vertex -2.36155475 10.07690525 0.20000000
    endloop
  endfacet
  facet normal -0.00000000 0.00000000 -1.00000000
    outer loop
      vertex 1.71576869 -11.57221903 0.20000000
      vertex 1.64691558 -11.58439398 0.20000000
      vertex -2.36155475 10.07690525 0.20000000
    endloop
  endfacet
  facet normal -0.00000000 0.00000000 -1.00000000
    outer loop
      vertex 1.78018269 -11.55665653 0.20000000
      vertex 1.71576869 -11.57221903 0.20000000
      vertex -2.36155475 10.07690525 0.20000000
    endloop
  endfacet
  facet normal -0.00000000 0.00000000 -1.00000000
    outer loop
      vertex 1.84025365 -11.53784088 0.20000000
      vertex 1.78018269 -11.55665653 0.20000000
      vertex -2.36155475 10.07690525 0.20000000
    endloop
  endfacet
  facet normal -0.00000000 0.00000000 -1.00000000
    outer loop
      vertex 1.89612738 -11.51589152 0.20000000
      vertex 1.84025365 -11.53784088 0.20000000
      vertex -2.36155475 10.07690525 0.20000000
    endloop
  endfacet
  facet normal -0.00000000 0.00000000 -1.00000000
    outer loop
      vertex 1.94800028 -11.49089591 0.20000000
      vertex 1.89612738 -11.51589152 0.20000000
      vertex -2.36155475 10.07690525 0.20000000
    endloop
  endfacet
  facet normal -0.00000000 0.00000000 -1.00000000
    outer loop
      vertex 1.99611248 -11.46289132 0.20000000
      vertex 1.94800028 -11.49089591 0.20000000
      vertex -2.36155475 10.07690525 0.20000000
    endloop
  endfacet
  facet normal -0.00000000 0.00000000 -1.00000000
    outer loop
      vertex 2.04073186 -11.43184942 0.20000000
      vertex 1.99611248 -11.46289132 0.20000000
      vertex -2.36155475 10.07690525 0.20000000
    endloop
  endfacet
  facet normal -0.00000000 0.00000000 -1.00000000
    outer loop
      vertex 2.08213016 -11.39766835 0.20000000
      vertex 2.04073186 -11.43184942 0.20000000
      vertex -2.36155475 10.07690525 0.20000000
    endloop
  endfacet
  facet normal -0.00000000 0.00000000 -1.00000000
    outer loop
      vertex 2.12055507 -11.36017580 0.20000000
      vertex 2.08213016 -11.39766835 0.20000000
      vertex -2.36155475 10.07690525 0.20000000
    endloop
  endfacet
  facet normal -0.00000000 0.00000000 -1.00000000
    outer loop
      vertex 2.15620446 -11.31914399 0.20000000
      vertex 2.12055507 -11.36017580 0.20000000
      vertex -2.36155475 10.07690525 0.20000000
    endloop
  endfacet
  facet normal -0.00000000 0.00000000 -1.00000000
    outer loop
      vertex 2.18920877 -11.27431369 0.20000000
      vertex 2.15620446 -11.31914399 0.20000000
      vertex -2.36155475 10.07690525 0.20000000
    endloop
  endfacet
  facet normal -0.00000000 0.00000000 -1.00000000
    outer loop
      vertex 2.21962491 -11.22542159 0.20000000
      vertex 2.18920877 -11.27431369 0.20000000
      vertex -2.36155475 10.07690525 0.20000000
    endloop
  endfacet
  facet normal -0.00000000 0.00000000 -1.00000000
    outer loop
      vertex 2.24744157 -11.17222496 0.20000000
      vertex 2.21962491 -11.22542159 0.20000000
      vertex -2.36155475 10.07690525 0.20000000
    endloop
  endfacet
  facet normal -0.00000000 0.00000000 -1.00000000
    outer loop
      vertex 2.27259287 -11.11451915 0.20000000
      vertex 2.24744157 -11.17222496 0.20000000
      vertex -2.36155475 10.07690525 0.20000000
    endloop
  endfacet
  facet normal -0.00000000 0.00000000 -1.00000000
    outer loop
      vertex 2.29497570 -11.05214637 0.20000000
      vertex 2.27259287 -11.11451915 0.20000000
      vertex -2.36155475 10.07690525 0.20000000
    endloop
  endfacet
  facet normal -0.00000000 0.00000000 -1.00000000
    outer loop
      vertex 2.31446675 -10.98499669 0.20000000
      vertex 2.29497570 -11.05214637 0.20000000
      vertex -2.36155475 10.07690525 0.20000000
    endloop
  endfacet
  facet normal -0.00000000 0.00000000 -1.00000000
    outer loop
      vertex 2.33093663 -10.91300339 0.20000000
      vertex 2.31446675 -10.98499669 0.20000000
      vertex -2.36155475 10.07690525 0.20000000
    endloop
  endfacet
  facet normal -0.00000000 0.00000000 -1.00000000
    outer loop
      vertex 2.34426001 -10.83613555 0.20000000
      vertex 2.33093663 -10.91300339 0.20000000
      vertex -2.36155475 10.07690525 0.20000000
    endloop
  endfacet
  facet normal -0.00000000 0.00000000 -1.00000000
    outer loop
      vertex 2.35432193 -10.75438957 0.20000000
      vertex 2.34426001 -10.83613555 0.20000000
      vertex -2.36155475 10.07690525 0.20000000
    endloop
  endfacet
  facet normal -0.00000000 0.00000000 -1.00000000
    outer loop
      vertex 2.36102091 -10.66778142 0.20000000
      vertex 2.35432193 -10.75438957 0.20000000
      vertex -2.36155475 10.07690525 0.20000000
    endloop
  endfacet
  facet normal -0.00000000 0.00000000 -1.00000000
    outer loop
      vertex 2.36426995 -10.57633998 0.20000000
      vertex 2.36102091 -10.66778142 0.20000000
      vertex -2.36155475 10.07690525 0.20000000
    endloop
  endfacet
  facet normal -0.00000000 -0.00000000 -1.00000000
    outer loop
      vertex 2.36399596 -10.48010182 0.20000000
      vertex 2.36426995 -10.57633998 0.20000000
      vertex -2.36155475 10.07690525 0.20000000
    endloop
  endfacet
  facet normal -0.00000000 -0.00000000 -1.00000000
    outer loop
      vertex 2.36013857 -10.37910736 0.20000000
      vertex 2.36399596 -10.48010182 0.20000000
      vertex -2.36155475 10.07690525 0.20000000
    endloop
  endfacet
  facet normal -0.00000000 -0.00000000 -1.00000000
    outer loop
      vertex 2.35255483 -10.27207617 0.20000000
      vertex 2.36013857 -10.37910736 0.20000000
      vertex -2.36155475 10.07690525 0.20000000
    endloop
  endfacet
  facet normal 0.00000000 -0.00000000 -1.00000000
    outer loop
      vertex 0.50086656 11.19110212 0.20000000
      vertex 2.35255483 -10.27207617 0.20000000
      vertex -2.36155475 10.07690525 0.20000000
    endloop
  endfacet
  facet normal 0.00000000 -0.00000000 -1.00000000
    outer loop
      vertex 0.49713555 11.22758958 0.20000000
      vertex 0.50086656 11.19110212 0.20000000
      vertex -2.36155475 10.07690525 0.20000000
    endloop
  endfacet
  facet normal 0.00000000 -0.00000000 -1.00000000
    outer loop
      vertex 0.49261563 11.26080801 0.20000000
      vertex 0.49713555 11.22758958 0.20000000
      vertex -2.36155475 10.07690525 0.20000000
    endloop
  endfacet
  facet normal 0.00000000 -0.00000000 -1.00000000
    outer loop
      vertex 0.48721243 11.29211456 0.20000000
      vertex 0.49261563 11.26080801 0.20000000
      vertex -2.36155475 10.07690525 0.20000000
    endloop
  endfacet
  facet normal 0.00000000 -0.00000000 -1.00000000
    outer loop
      vertex 0.48097787 11.32150008 0.20000000
      vertex 0.48721243 11.29211456 0.20000000
      vertex -2.36155475 10.07690525 0.20000000
    endloop
  endfacet
  facet normal 0.00000000 -0.00000000 -1.00000000
    outer loop
      vertex 0.47396973 11.34896256 0.20000000
      vertex 0.48097787 11.32150008 0.20000000
      vertex -2.36155475 10.07690525 0.20000000
    endloop
  endfacet
  facet normal 0.00000000 -0.00000000 -1.00000000
    outer loop
      vertex 0.46625101 11.37450973 0.20000000
      vertex 0.47396973 11.34896256 0.20000000
      vertex -2.36155475 10.07690525 0.20000000
    endloop
  endfacet
  facet normal 0.00000000 -0.00000000 -1.00000000
    outer loop
      vertex 0.45788842 11.39816182 0.20000000
      vertex 0.46625101 11.37450973 0.20000000
      vertex -2.36155475 10.07690525 0.20000000
    endloop
  endfacet
  facet normal 0.00000000 -0.00000000 -1.00000000
    outer loop
      vertex 0.44895005 11.41995446 0.20000000
      vertex 0.45788842 11.39816182 0.20000000
      vertex -2.36155475 10.07690525 0.20000000
    endloop
  endfacet
  facet normal 0.00000000 -0.00000000 -1.00000000
    outer loop
      vertex 0.43950185 11.43994136 0.20000000
      vertex 0.44895005 11.41995446 0.20000000
      vertex -2.36155475 10.07690525 0.20000000
    endloop
  endfacet
  facet normal 0.00000000 -0.00000000 -1.00000000
    outer loop
      vertex 0.42960295 11.45819628 0.20000000
      vertex 0.43950185 11.43994136 0.20000000
      vertex -2.36155475 10.07690525 0.20000000
    endloop
  endfacet
  facet normal 0.00000000 -0.00000000 -1.00000000
    outer loop
      vertex 0.41930000 11.47481374 0.20000000
      vertex 0.42960295 11.45819628 0.20000000
      vertex -2.36155475 10.07690525 0.20000000
    endloop
  endfacet
  facet normal 0.00000000 -0.00000000 -1.00000000
    outer loop
      vertex 0.40862082 11.48990774 0.20000000
      vertex 0.41930000 11.47481374 0.20000000
      vertex -2.36155475 10.07690525 0.20000000
    endloop
  endfacet
  facet normal 0.00000000 -0.00000000 -1.00000000
    outer loop
      vertex 0.39756827 11.50360819 0.20000000
      vertex 0.40862082 11.48990774 0.20000000
      vertex -2.36155475 10.07690525 0.20000000
    endloop
  endfacet
  facet normal 0.00000000 -0.00000000 -1.00000000
    outer loop
      vertex 0.38611527 11.51605467 0.20000000
      vertex 0.39756827 11.50360819 0.20000000
      vertex -2.36155475 10.07690525 0.20000000
    endloop
  endfacet
  facet normal 0.00000000 -0.00000000 -1.00000000
    outer loop
      vertex 0.37420207 11.52738797 0.20000000
      vertex 0.38611527 11.51605467 0.20000000
      vertex -2.36155475 10.07690525 0.20000000
    endloop
  endfacet
  facet normal 0.00000000 -0.00000000 -1.00000000
    outer loop
      vertex 0.36173686 11.53774034 0.20000000
      vertex 0.37420207 11.52738797 0.20000000
      vertex -2.36155475 10.07690525 0.20000000
    endloop
  endfacet
  facet normal 0.00000000 -0.00000000 -1.00000000
    outer loop
      vertex 0.34859987 11.54722571 0.20000000
      vertex 0.36173686 11.53774034 0.20000000
      vertex -2.36155475 10.07690525 0.20000000
    endloop
  endfacet
  facet normal 0.00000000 -0.00000000 -1.00000000
    outer loop
      vertex 0.33465084 11.55593161 0.20000000
      vertex 0.34859987 11.54722571 0.20000000
      vertex -2.36155475 10.07690525 0.20000000
    endloop
  endfacet
  facet normal 0.00000000 -0.00000000 -1.00000000
    outer loop
      vertex 0.31973882 11.56391395 0.20000000
      vertex 0.33465084 11.55593161 0.20000000
      vertex -2.36155475 10.07690525 0.20000000
    endloop
  endfacet
  facet normal 0.00000000 -0.00000000 -1.00000000
    outer loop
      vertex 0.30371253 11.57119539 0.20000000
      vertex 0.31973882 11.56391395 0.20000000
      vertex -2.36155475 10.07690525 0.20000000
    endloop
  endfacet
  facet normal 0.00000000 -0.00000000 -1.00000000
    outer loop
      vertex 0.28643007 11.57776732 0.20000000
      vertex 0.30371253 11.57119539 0.20000000
      vertex -2.36155475 10.07690525 0.20000000
    endloop
  endfacet
  facet normal 0.00000000 -0.00000000 -1.00000000
    outer loop
      vertex 0.26776636 11.58359454 0.20000000
      vertex 0.28643007 11.57776732 0.20000000
      vertex -2.36155475 10.07690525 0.20000000
    endloop
  endfacet
  facet normal 0.00000000 -0.00000000 -1.00000000
    outer loop
      vertex 0.24761794 11.58862162 0.20000000
      vertex 0.26776636 11.58359454 0.20000000
      vertex -2.36155475 10.07690525 0.20000000
    endloop
  endfacet
  facet normal 0.00000000 -0.00000000 -1.00000000
    outer loop
      vertex 0.22590495 11.59277982 0.20000000
      vertex 0.24761794 11.58862162 0.20000000
      vertex -2.36155475 10.07690525 0.20000000
    endloop
  endfacet
  facet normal 0.00000000 -0.00000000 -1.00000000
    outer loop
      vertex 0.20257072 11.59599344 0.20000000
      vertex 0.22590495 11.59277982 0.20000000
      vertex -2.36155475 10.07690525 0.20000000
    endloop
  endfacet
  facet normal 0.00000000 -0.00000000 -1.00000000
    outer loop
      vertex 0.17757972 11.59818521 0.20000000
      vertex 0.20257072 11.59599344 0.20000000
      vertex -2.36155475 10.07690525 0.20000000
    endloop
  endfacet
  facet normal 0.00000000 -0.00000000 -1.00000000
    outer loop
      vertex 0.15091443 11.59928031 0.20000000
      vertex 0.17757972 11.59818521 0.20000000
      vertex -2.36155475 10.07690525 0.20000000
    endloop
  endfacet
  facet normal 0.00000000 -0.00000000 -1.00000000
    outer loop
      vertex 0.12257194 11.59920908 0.20000000
      vertex 0.15091443 11.59928031 0.20000000
      vertex -2.36155475 10.07690525 0.20000000
    endloop
  endfacet
  facet normal 0.00000000 -0.00000000 -1.00000000
    outer loop
      vertex 0.09256049 11.59790860 0.20000000
      vertex 0.12257194 11.59920908 0.20000000
      vertex -2.36155475 10.07690525 0.20000000
    endloop
  endfacet
  facet normal 0.00000000 -0.00000000 -1.00000000
    outer loop
      vertex 0.06089645 11.59532341 0.20000000
      vertex 0.09256049 11.59790860 0.20000000
      vertex -2.36155475 10.07690525 0.20000000
    endloop
  endfacet
  facet normal 0.00000000 -0.00000000 -1.00000000
    outer loop
      vertex 0.02760164 11.59140553 0.20000000
      vertex 0.06089645 11.59532341 0.20000000
      vertex -2.36155475 10.07690525 0.20000000
    endloop
  endfacet
  facet normal 0.00000000 -0.00000000 -1.00000000
    outer loop
      vertex -0.00866164 11.58590745 0.20000000
      vertex 0.02760164 11.59140553 0.20000000
      vertex -2.36155475 10.07690525 0.20000000
    endloop
  endfacet
  facet normal 0.00000000 -0.00000000 -1.00000000
    outer loop
      vertex -0.79380093 11.45411334 0.20000000
      vertex -0.00866164 11.58590745 0.20000000
      vertex -2.36155475 10.07690525 0.20000000
    endloop
  endfacet
  facet normal 0.00000000 -0.00000000 -1.00000000
    outer loop
      vertex -1.73544097 11.07018286 0.20000000
      vertex -0.79380093 11.45411334 0.20000000
      vertex -2.36155475 10.07690525 0.20000000
    endloop
  endfacet
  facet normal 0.00000000 -0.00000000 -1.00000000
    outer loop
      vertex -1.77999190 11.05123688 0.20000000
      vertex -1.73544097 11.07018286 0.20000000
      vertex -2.36155475 10.07690525 0.20000000
    endloop
  endfacet
  facet normal 0.00000000 -0.00000000 -1.00000000
    outer loop
      vertex -1.82155654 11.03202626 0.20000000
      vertex -1.77999190 11.05123688 0.20000000
      vertex -2.36155475 10.07690525 0.20000000
    endloop
  endfacet
  facet normal 0.00000000 -0.00000000 -1.00000000
    outer loop
      vertex -1.86135876 11.01205415 0.20000000
      vertex -1.82155654 11.03202626 0.20000000
      vertex -2.36155475 10.07690525 0.20000000
    endloop
  endfacet
  facet normal 0.00000000 -0.00000000 -1.00000000
    outer loop
      vertex -1.89941350 10.99133870 0.20000000
      vertex -1.86135876 11.01205415 0.20000000
      vertex -2.36155475 10.07690525 0.20000000
    endloop
  endfacet
  facet normal 0.00000000 -0.00000000 -1.00000000
    outer loop
      vertex -1.93573927 10.96989697 0.20000000
      vertex -1.89941350 10.99133870 0.20000000
      vertex -2.36155475 10.07690525 0.20000000
    endloop
  endfacet
  facet normal 0.00000000 -0.00000000 -1.00000000
    outer loop
      vertex -1.97035829 10.94774431 0.20000000
      vertex -1.93573927 10.96989697 0.20000000
      vertex -2.36155475 10.07690525 0.20000000
    endloop
  endfacet
  facet normal 0.00000000 -0.00000000 -1.00000000
    outer loop
      vertex -2.00329655 10.92489364 0.20000000
      vertex -1.97035829 10.94774431 0.20000000
      vertex -2.36155475 10.07690525 0.20000000
    endloop
  endfacet
  facet normal 0.00000000 -0.00000000 -1.00000000
    outer loop
      vertex -2.03458367 10.90135467 0.20000000
      vertex -2.00329655 10.92489364 0.20000000
      vertex -2.36155475 10.07690525 0.20000000
    endloop
  endfacet
  facet normal 0.00000000 -0.00000000 -1.00000000
    outer loop
      vertex -2.06425266 10.87713310 0.20000000
      vertex -2.03458367 10.90135467 0.20000000
      vertex -2.36155475 10.07690525 0.20000000
    endloop
  endfacet
  facet normal 0.00000000 -0.00000000 -1.00000000
    outer loop
      vertex -2.09233941 10.85222989 0.20000000
      vertex -2.06425266 10.87713310 0.20000000
      vertex -2.36155475 10.07690525 0.20000000
    endloop
  endfacet
  facet normal 0.00000000 -0.00000000 -1.00000000
    outer loop
      vertex -2.11888197 10.82664056 0.20000000
      vertex -2.09233941 10.85222989 0.20000000
      vertex -2.36155475 10.07690525 0.20000000
    endloop
  endfacet
  facet normal 0.00000000 -0.00000000 -1.00000000
    outer loop
      vertex -2.14391968 10.80035473 0.20000000
      vertex -2.11888197 10.82664056 0.20000000
      vertex -2.36155475 10.07690525 0.20000000
    endloop
  endfacet
  facet normal 0.00000000 -0.00000000 -1.00000000
    outer loop
      vertex -2.16749208 10.77335578 0.20000000
      vertex -2.14391968 10.80035473 0.20000000
      vertex -2.36155475 10.07690525 0.20000000
    endloop
  endfacet
  facet normal 0.00000000 -0.00000000 -1.00000000
    outer loop
      vertex -2.18963771 10.74562082 0.20000000
      vertex -2.16749208 10.77335578 0.20000000
      vertex -2.36155475 10.07690525 0.20000000
    endloop
  endfacet
  facet normal 0.00000000 -0.00000000 -1.00000000
    outer loop
      vertex -2.21039284 10.71712098 0.20000000
      vertex -2.18963771 10.74562082 0.20000000
      vertex -2.36155475 10.07690525 0.20000000
    endloop
  endfacet
  facet normal 0.00000000 -0.00000000 -1.00000000
    outer loop
      vertex -2.22979031 10.68782198 0.20000000
      vertex -2.21039284 10.71712098 0.20000000
      vertex -2.36155475 10.07690525 0.20000000
    endloop
  endfacet
  facet normal 0.00000000 -0.00000000 -1.00000000
    outer loop
      vertex -2.24785839 10.65768500 0.20000000
      vertex -2.22979031 10.68782198 0.20000000
      vertex -2.36155475 10.07690525 0.20000000
    endloop
  endfacet
  facet normal 0.00000000 -0.00000000 -1.00000000
    outer loop
      vertex -2.26461991 10.62666778 0.20000000
      vertex -2.24785839 10.65768500 0.20000000
      vertex -2.36155475 10.07690525 0.20000000
    endloop
  endfacet
  facet normal 0.00000000 -0.00000000 -1.00000000
    outer loop
      vertex -2.28009164 10.59472592 0.20000000
      vertex -2.26461991 10.62666778 0.20000000
      vertex -2.36155475 10.07690525 0.20000000
    endloop
  endfacet
  facet normal 0.00000000 -0.00000000 -1.00000000
    outer loop
      vertex -2.29428398 10.56181423 0.20000000
      vertex -2.28009164 10.59472592 0.20000000
      vertex -2.36155475 10.07690525 0.20000000
    endloop
  endfacet
  facet normal 0.00000000 -0.00000000 -1.00000000
    outer loop
      vertex -2.30720096 10.52788809 0.20000000
      vertex -2.29428398 10.56181423 0.20000000
      vertex -2.36155475 10.07690525 0.20000000
    endloop
  endfacet
  facet normal 0.00000000 -0.00000000 -1.00000000
    outer loop
      vertex -2.31884053 10.49290464 0.20000000
      vertex -2.30720096 10.52788809 0.20000000
      vertex -2.36155475 10.07690525 0.20000000
    endloop
  endfacet
  facet normal 0.00000000 -0.00000000 -1.00000000
    outer loop
      vertex -2.32919508 10.45682392 0.20000000
      vertex -2.31884053 10.49290464 0.20000000
      vertex -2.36155475 10.07690525 0.20000000
    endloop
  endfacet
  facet normal 0.00000000 -0.00000000 -1.00000000
    outer loop
      vertex -2.33825225 10.41960965 0.20000000
      vertex -2.32919508 10.45682392 0.20000000
      vertex -2.36155475 10.07690525 0.20000000
    endloop
  endfacet
  facet normal 0.00000000 -0.00000000 -1.00000000
    outer loop
      vertex -2.34599568 10.38122989 0.20000000
      vertex -2.33825225 10.41960965 0.20000000
      vertex -2.36155475 10.07690525 0.20000000
    endloop
  endfacet
  facet normal 0.00000000 -0.00000000 -1.00000000
    outer loop
      vertex -2.35240600 10.34165730 0.20000000
      vertex -2.34599568 10.38122989 0.20000000
      vertex -2.36155475 10.07690525 0.20000000
    endloop
  endfacet
  facet normal 0.00000000 -0.00000000 -1.00000000
    outer loop
      vertex -2.35746167 10.30086935 0.20000000
      vertex -2.35240600 10.34165730 0.20000000
      vertex -2.36155475 10.07690525 0.20000000
    endloop
  endfacet
  facet normal 0.00000000 -0.00000000 -1.00000000
    outer loop
      vertex -2.36113983 10.25884816 0.20000000
      vertex -2.35746167 10.30086935 0.20000000
      vertex -2.36155475 10.07690525 0.20000000
    endloop
  endfacet
  facet normal 0.00000000 0.00000000 -1.00000000
    outer loop
      vertex -2.36341705 10.21558030 0.20000000
      vertex -2.36113983 10.25884816 0.20000000
      vertex -2.36155475 10.07690525 0.20000000
    endloop
  endfacet
  facet normal 0.00000000 0.00000000 -1.00000000
    outer loop
      vertex -2.36426995 10.17105644 0.20000000
      vertex -2.36341705 10.21558030 0.20000000
      vertex -2.36155475 10.07690525 0.20000000
    endloop
  endfacet
  facet normal 0.00000000 0.00000000 -1.00000000
    outer loop
      vertex -2.36155475 10.07690525 0.20000000
      vertex -2.36367571 10.12527091 0.20000000
      vertex -2.36426995 10.17105644 0.20000000
    endloop
  endfacet
  facet normal 0.00000000 0.00000000 1.00000000
    outer loop
      vertex -2.36155475 10.07690525 0.00000000
      vertex -1.21177055 -9.46414589 0.00000000
      vertex -1.20375587 -9.57213709 0.00000000
    endloop
  endfacet
  facet normal 0.00000000 0.00000000 1.00000000
    outer loop
      vertex -2.36155475 10.07690525 0.00000000
      vertex -1.20375587 -9.57213709 0.00000000
      vertex -1.19276248 -9.67567359 0.00000000
    endloop
  endfacet
  facet normal 0.00000000 0.00000000 1.00000000
    outer loop
      vertex -2.36155475 10.07690525 0.00000000
      vertex -1.19276248 -9.67567359 0.00000000
      vertex -1.17871643 -9.77610083 0.00000000
    endloop
  endfacet
  facet normal 0.00000000 0.00000000 1.00000000
    outer loop
      vertex -2.36155475 10.07690525 0.00000000
      vertex -1.17871643 -9.77610083 0.00000000
      vertex -1.16164451 -9.87342576 0.00000000
    endloop
  endfacet
  facet normal 0.00000000 0.00000000 1.00000000
    outer loop
      vertex -2.36155475 10.07690525 0.00000000
      vertex -1.16164451 -9.87342576 0.00000000
      vertex -1.14157422 -9.96765988 0.00000000
    endloop
  endfacet
  facet normal 0.00000000 0.00000000 1.00000000
    outer loop
      vertex -2.36155475 10.07690525 0.00000000
      vertex -1.14157422 -9.96765988 0.00000000
      vertex -1.11853298 -10.05881972 0.00000000
    endloop
  endfacet
  facet normal 0.00000000 0.00000000 1.00000000
    outer loop
      vertex -2.36155475 10.07690525 0.00000000
      vertex -1.11853298 -10.05881972 0.00000000
      vertex -1.09254736 -10.14692747 0.00000000
    endloop
  endfacet
  facet normal 0.00000000 0.00000000 1.00000000
    outer loop
      vertex -2.36155475 10.07690525 0.00000000
      vertex -1.09254736 -10.14692747 0.00000000
      vertex -1.06364199 -10.23201121 0.00000000
    endloop
  endfacet
  facet normal 0.00000000 0.00000000 1.00000000
    outer loop
      vertex -2.36155475 10.07690525 0.00000000
      vertex -1.06364199 -10.23201121 0.00000000
      vertex -1.03183847 -10.31410512 0.00000000
    endloop
  endfacet
  facet normal 0.00000000 0.00000000 1.00000000
    outer loop
      vertex -2.36155475 10.07690525 0.00000000
      vertex -1.03183847 -10.31410512 0.00000000
      vertex -0.99715402 -10.39324929 0.00000000
    endloop
  endfacet
  facet normal 0.00000000 0.00000000 1.00000000
    outer loop
      vertex -2.36155475 10.07690525 0.00000000
      vertex -0.99715402 -10.39324929 0.00000000
      vertex -0.95960025 -10.46948923 0.00000000
    endloop
  endfacet
  facet normal 0.00000000 0.00000000 1.00000000
    outer loop
      vertex -2.36155475 10.07690525 0.00000000
      vertex -0.95960025 -10.46948923 0.00000000
      vertex -0.91918199 -10.54287496 0.00000000
    endloop
  endfacet
  facet normal 0.00000000 0.00000000 1.00000000
    outer loop
      vertex -2.36155475 10.07690525 0.00000000
      vertex -0.91918199 -10.54287496 0.00000000
      vertex -0.87589622 -10.61345978 0.00000000
    endloop
  endfacet
  facet normal 0.00000000 0.00000000 1.00000000
    outer loop
      vertex -2.36155475 10.07690525 0.00000000
      vertex -0.87589622 -10.61345978 0.00000000
      vertex -0.82973147 -10.68129868 0.00000000
    endloop
  endfacet
  facet normal 0.00000000 0.00000000 1.00000000
    outer loop
      vertex -2.36155475 10.07690525 0.00000000
      vertex -0.82973147 -10.68129868 0.00000000
      vertex -0.78066749 -10.74644646 0.00000000
    endloop
  endfacet
  facet normal 0.00000000 0.00000000 1.00000000
    outer loop
      vertex -2.36155475 10.07690525 0.00000000
      vertex -0.78066749 -10.74644646 0.00000000
      vertex -0.72867548 -10.80895582 0.00000000
    endloop
  endfacet
  facet normal 0.00000000 0.00000000 1.00000000
    outer loop
      vertex -2.36155475 10.07690525 0.00000000
      vertex -0.72867548 -10.80895582 0.00000000
      vertex -0.67371882 -10.86887539 0.00000000
    endloop
  endfacet
  facet normal 0.00000000 0.00000000 1.00000000
    outer loop
      vertex -2.36155475 10.07690525 0.00000000
      vertex -0.67371882 -10.86887539 0.00000000
      vertex -0.61575425 -10.92624800 0.00000000
    endloop
  endfacet
  facet normal 0.00000000 0.00000000 1.00000000
    outer loop
      vertex -2.36155475 10.07690525 0.00000000
      vertex -0.61575425 -10.92624800 0.00000000
      vertex -0.55473341 -10.98110925 0.00000000
    endloop
  endfacet
  facet normal 0.00000000 0.00000000 1.00000000
    outer loop
      vertex -2.36155475 10.07690525 0.00000000
      vertex -0.55473341 -10.98110925 0.00000000
      vertex -0.49060471 -11.03348658 0.00000000
    endloop
  endfacet
  facet normal 0.00000000 0.00000000 1.00000000
    outer loop
      vertex -2.36155475 10.07690525 0.00000000
      vertex -0.49060471 -11.03348658 0.00000000
      vertex -0.42331522 -11.08339875 0.00000000
    endloop
  endfacet
  facet normal 0.00000000 0.00000000 1.00000000
    outer loop
      vertex -2.36155475 10.07690525 0.00000000
      vertex -0.42331522 -11.08339875 0.00000000
      vertex -0.35281250 -11.13085590 0.00000000
    endloop
  endfacet
  facet normal 0.00000000 0.00000000 1.00000000
    outer loop
      vertex -2.36155475 10.07690525 0.00000000
      vertex -0.35281250 -11.13085590 0.00000000
      vertex -0.27904636 -11.17585998 0.00000000
    endloop
  endfacet
  facet normal 0.00000000 0.00000000 1.00000000
    outer loop
      vertex -2.36155475 10.07690525 0.00000000
      vertex -0.27904636 -11.17585998 0.00000000
      vertex -0.20197013 -11.21840560 0.00000000
    endloop
  endfacet
  facet normal 0.00000000 0.00000000 1.00000000
    outer loop
      vertex -2.36155475 10.07690525 0.00000000
      vertex -0.20197013 -11.21840560 0.00000000
      vertex -0.12154178 -11.25848106 0.00000000
    endloop
  endfacet
  facet normal 0.00000000 0.00000000 1.00000000
    outer loop
      vertex -2.36155475 10.07690525 0.00000000
      vertex -0.12154178 -11.25848106 0.00000000
      vertex -0.03772453 -11.29606959 0.00000000
    endloop
  endfacet
  facet normal 0.00000000 0.00000000 1.00000000
    outer loop
      vertex -2.36155475 10.07690525 0.00000000
      vertex -0.03772453 -11.29606959 0.00000000
      vertex 0.04951276 -11.33115051 0.00000000
    endloop
  endfacet
  facet normal 0.00000000 0.00000000 1.00000000
    outer loop
      vertex -2.36155475 10.07690525 0.00000000
      vertex 0.04951276 -11.33115051 0.00000000
      vertex 0.14019562 -11.36370051 0.00000000
    endloop
  endfacet
  facet normal 0.00000000 0.00000000 1.00000000
    outer loop
      vertex -2.36155475 10.07690525 0.00000000
      vertex 0.14019562 -11.36370051 0.00000000
      vertex 0.23434417 -11.39369461 0.00000000
    endloop
  endfacet
  facet normal 0.00000000 0.00000000 1.00000000
    outer loop
      vertex -2.36155475 10.07690525 0.00000000
      vertex 0.23434417 -11.39369461 0.00000000
      vertex 0.33197344 -11.42110713 0.00000000
    endloop
  endfacet
  facet normal 0.00000000 0.00000000 1.00000000
    outer loop
      vertex -2.36155475 10.07690525 0.00000000
      vertex 0.33197344 -11.42110713 0.00000000
      vertex 0.43309395 -11.44591244 0.00000000
    endloop
  endfacet
  facet normal 0.00000000 0.00000000 1.00000000
    outer loop
      vertex -2.36155475 10.07690525 0.00000000
      vertex 0.43309395 -11.44591244 0.00000000
      vertex 0.53902900 -11.46836460 0.00000000
    endloop
  endfacet
  facet normal 0.00000000 0.00000000 1.00000000
    outer loop
      vertex -2.36155475 10.07690525 0.00000000
      vertex 0.53902900 -11.46836460 0.00000000
      vertex 0.93402323 -11.54578227 0.00000000
    endloop
  endfacet
  facet normal 0.00000000 0.00000000 1.00000000
    outer loop
      vertex -2.36155475 10.07690525 0.00000000
      vertex 0.93402323 -11.54578227 0.00000000
      vertex 1.03962320 -11.56480423 0.00000000
    endloop
  endfacet
  facet normal 0.00000000 0.00000000 1.00000000
    outer loop
      vertex -2.36155475 10.07690525 0.00000000
      vertex 1.03962320 -11.56480423 0.00000000
      vertex 1.13962103 -11.57947375 0.00000000
    endloop
  endfacet
  facet normal 0.00000000 0.00000000 1.00000000
    outer loop
      vertex -2.36155475 10.07690525 0.00000000
      vertex 1.13962103 -11.57947375 0.00000000
      vertex 1.23527442 -11.59007030 0.00000000
    endloop
  endfacet
  facet normal 0.00000000 0.00000000 1.00000000
    outer loop
      vertex -2.36155475 10.07690525 0.00000000
      vertex 1.23527442 -11.59007030 0.00000000
      vertex 1.32653672 -11.59664958 0.00000000
    endloop
  endfacet
  facet normal 0.00000000 0.00000000 1.00000000
    outer loop
      vertex -2.36155475 10.07690525 0.00000000
      vertex 1.32653672 -11.59664958 0.00000000
      vertex 1.41336371 -11.59928031 0.00000000
    endloop
  endfacet
  facet normal 0.00000000 0.00000000 1.00000000
    outer loop
      vertex -2.36155475 10.07690525 0.00000000
      vertex 1.41336371 -11.59928031 0.00000000
      vertex 1.49571736 -11.59804593 0.00000000
    endloop
  endfacet
  facet normal 0.00000000 0.00000000 1.00000000
    outer loop
      vertex -2.36155475 10.07690525 0.00000000
      vertex 1.49571736 -11.59804593 0.00000000
      vertex 1.57357091 -11.59304559 0.00000000
    endloop
  endfacet
  facet normal 0.00000000 0.00000000 1.00000000
    outer loop
      vertex -2.36155475 10.07690525 0.00000000
      vertex 1.57357091 -11.59304559 0.00000000
      vertex 1.64691558 -11.58439398 0.00000000
    endloop
  endfacet
  facet normal 0.00000000 0.00000000 1.00000000
    outer loop
      vertex -2.36155475 10.07690525 0.00000000
      vertex 1.64691558 -11.58439398 0.00000000
      vertex 1.71576869 -11.57221903 0.00000000
    endloop
  endfacet
  facet normal 0.00000000 0.00000000 1.00000000
    outer loop
      vertex -2.36155475 10.07690525 0.00000000
      vertex 1.71576869 -11.57221903 0.00000000
      vertex 1.78018269 -11.55665653 0.00000000
    endloop
  endfacet
  facet normal 0.00000000 0.00000000 1.00000000
    outer loop
      vertex -2.36155475 10.07690525 0.00000000
      vertex 1.78018269 -11.55665653 0.00000000
      vertex 1.84025365 -11.53784088 0.00000000
    endloop
  endfacet
  facet normal 0.00000000 0.00000000 1.00000000
    outer loop
      vertex -2.36155475 10.07690525 0.00000000
      vertex 1.84025365 -11.53784088 0.00000000
      vertex 1.89612738 -11.51589152 0.00000000
    endloop
  endfacet
  facet normal 0.00000000 0.00000000 1.00000000
    outer loop
      vertex -2.36155475 10.07690525 0.00000000
      vertex 1.89612738 -11.51589152 0.00000000
      vertex 1.94800028 -11.49089591 0.00000000
    endloop
  endfacet
  facet normal 0.00000000 0.00000000 1.00000000
    outer loop
      vertex -2.36155475 10.07690525 0.00000000
      vertex 1.94800028 -11.49089591 0.00000000
      vertex 1.99611248 -11.46289132 0.00000000
    endloop
  endfacet
  facet normal 0.00000000 0.00000000 1.00000000
    outer loop
      vertex -2.36155475 10.07690525 0.00000000
      vertex 1.99611248 -11.46289132 0.00000000
      vertex 2.04073186 -11.43184942 0.00000000
    endloop
  endfacet
  facet normal 0.00000000 0.00000000 1.00000000
    outer loop
      vertex -2.36155475 10.07690525 0.00000000
      vertex 2.04073186 -11.43184942 0.00000000
      vertex 2.08213016 -11.39766835 0.00000000
    endloop
  endfacet
  facet normal 0.00000000 0.00000000 1.00000000
    outer loop
      vertex -2.36155475 10.07690525 0.00000000
      vertex 2.08213016 -11.39766835 0.00000000
      vertex 2.12055507 -11.36017580 0.00000000
    endloop
  endfacet
  facet normal 0.00000000 0.00000000 1.00000000
    outer loop
      vertex -2.36155475 10.07690525 0.00000000
      vertex 2.12055507 -11.36017580 0.00000000
      vertex 2.15620446 -11.31914399 0.00000000
    endloop
  endfacet
  facet normal 0.00000000 0.00000000 1.00000000
    outer loop
      vertex -2.36155475 10.07690525 0.00000000
      vertex 2.15620446 -11.31914399 0.00000000
      vertex 2.18920877 -11.27431369 0.00000000
    endloop
  endfacet
  facet normal 0.00000000 0.00000000 1.00000000
    outer loop
      vertex -2.36155475 10.07690525 0.00000000
      vertex 2.18920877 -11.27431369 0.00000000
      vertex 2.21962491 -11.22542159 0.00000000
    endloop
  endfacet
  facet normal 0.00000000 0.00000000 1.00000000
    outer loop
      vertex -2.36155475 10.07690525 0.00000000
      vertex 2.21962491 -11.22542159 0.00000000
      vertex 2.24744157 -11.17222496 0.00000000
    endloop
  endfacet
  facet normal 0.00000000 0.00000000 1.00000000
    outer loop
      vertex -2.36155475 10.07690525 0.00000000
      vertex 2.24744157 -11.17222496 0.00000000
      vertex 2.27259287 -11.11451915 0.00000000
    endloop
  endfacet
  facet normal 0.00000000 0.00000000 1.00000000
    outer loop
      vertex -2.36155475 10.07690525 0.00000000
      vertex 2.27259287 -11.11451915 0.00000000
      vertex 2.29497570 -11.05214637 0.00000000
    endloop
  endfacet
  facet normal 0.00000000 0.00000000 1.00000000
    outer loop
      vertex -2.36155475 10.07690525 0.00000000
      vertex 2.29497570 -11.05214637 0.00000000
      vertex 2.31446675 -10.98499669 0.00000000
    endloop
  endfacet
  facet normal 0.00000000 0.00000000 1.00000000
    outer loop
      vertex -2.36155475 10.07690525 0.00000000
      vertex 2.31446675 -10.98499669 0.00000000
      vertex 2.33093663 -10.91300339 0.00000000
    endloop
  endfacet
  facet normal 0.00000000 0.00000000 1.00000000
    outer loop
      vertex -2.36155475 10.07690525 0.00000000
      vertex 2.33093663 -10.91300339 0.00000000
      vertex 2.34426001 -10.83613555 0.00000000
    endloop
  endfacet
  facet normal 0.00000000 0.00000000 1.00000000
    outer loop
      vertex -2.36155475 10.07690525 0.00000000
      vertex 2.34426001 -10.83613555 0.00000000
      vertex 2.35432193 -10.75438957 0.00000000
    endloop
  endfacet
  facet normal 0.00000000 0.00000000 1.00000000
    outer loop
      vertex -2.36155475 10.07690525 0.00000000
      vertex 2.35432193 -10.75438957 0.00000000
      vertex 2.36102091 -10.66778142 0.00000000
    endloop
  endfacet
  facet normal 0.00000000 0.00000000 1.00000000
    outer loop
      vertex -2.36155475 10.07690525 0.00000000
      vertex 2.36102091 -10.66778142 0.00000000
      vertex 2.36426995 -10.57633998 0.00000000
    endloop
  endfacet
  facet normal 0.00000000 0.00000000 1.00000000
    outer loop
      vertex -2.36155475 10.07690525 0.00000000
      vertex 2.36426995 -10.57633998 0.00000000
      vertex 2.36399596 -10.48010182 0.00000000
    endloop
  endfacet
  facet normal 0.00000000 0.00000000 1.00000000
    outer loop
      vertex -2.36155475 10.07690525 0.00000000
      vertex 2.36399596 -10.48010182 0.00000000
      vertex 2.36013857 -10.37910736 0.00000000
    endloop
  endfacet
  facet normal 0.00000000 0.00000000 1.00000000
    outer loop
      vertex -2.36155475 10.07690525 0.00000000
      vertex 2.36013857 -10.37910736 0.00000000
      vertex 2.35255483 -10.27207617 0.00000000
    endloop
  endfacet
  facet normal -0.00000000 0.00000000 1.00000000
    outer loop
      vertex -2.36155475 10.07690525 0.00000000
      vertex 2.35255483 -10.27207617 0.00000000
      vertex 0.50086656 11.19110212 0.00000000
    endloop
  endfacet
  facet normal 0.00000000 0.00000000 1.00000000
    outer loop
      vertex -2.36155475 10.07690525 0.00000000
      vertex 0.50086656 11.19110212 0.00000000
      vertex 0.49713555 11.22758958 0.00000000
    endloop
  endfacet
  facet normal 0.00000000 0.00000000 1.00000000
    outer loop
      vertex -2.36155475 10.07690525 0.00000000
      vertex 0.49713555 11.22758958 0.00000000
      vertex 0.49261563 11.26080801 0.00000000
    endloop
  endfacet
  facet normal 0.00000000 0.00000000 1.00000000
    outer loop
      vertex -2.36155475 10.07690525 0.00000000
      vertex 0.49261563 11.26080801 0.00000000
      vertex 0.48721243 11.29211456 0.00000000
    endloop
  endfacet
  facet normal 0.00000000 0.00000000 1.00000000
    outer loop
      vertex -2.36155475 10.07690525 0.00000000
      vertex 0.48721243 11.29211456 0.00000000
      vertex 0.48097787 11.32150008 0.00000000
    endloop
  endfacet
  facet normal 0.00000000 0.00000000 1.00000000
    outer loop
      vertex -2.36155475 10.07690525 0.00000000
      vertex 0.48097787 11.32150008 0.00000000
      vertex 0.47396973 11.34896256 0.00000000
    endloop
  endfacet
  facet normal 0.00000000 0.00000000 1.00000000
    outer loop
      vertex -2.36155475 10.07690525 0.00000000
      vertex 0.47396973 11.34896256 0.00000000
      vertex 0.46625101 11.37450973 0.00000000
    endloop
  endfacet
  facet normal 0.00000000 0.00000000 1.00000000
    outer loop
      vertex -2.36155475 10.07690525 0.00000000
      vertex 0.46625101 11.37450973 0.00000000
      vertex 0.45788842 11.39816182 0.00000000
    endloop
  endfacet
  facet normal 0.00000000 0.00000000 1.00000000
    outer loop
      vertex -2.36155475 10.07690525 0.00000000
      vertex 0.45788842 11.39816182 0.00000000
      vertex 0.44895005 11.41995446 0.00000000
    endloop
  endfacet
  facet normal 0.00000000 0.00000000 1.00000000
    outer loop
      vertex -2.36155475 10.07690525 0.00000000
      vertex 0.44895005 11.41995446 0.00000000
      vertex 0.43950185 11.43994136 0.00000000
    endloop
  endfacet
  facet normal 0.00000000 0.00000000 1.00000000
    outer loop
      vertex -2.36155475 10.07690525 0.00000000
      vertex 0.43950185 11.43994136 0.00000000
      vertex 0.42960295 11.45819628 0.00000000
    endloop
  endfacet
  facet normal 0.00000000 0.00000000 1.00000000
    outer loop
      vertex -2.36155475 10.07690525 0.00000000
      vertex 0.42960295 11.45819628 0.00000000
      vertex 0.41930000 11.47481374 0.00000000
    endloop
  endfacet
  facet normal 0.00000000 0.00000000 1.00000000
    outer loop
      vertex -2.36155475 10.07690525 0.00000000
      vertex 0.41930000 11.47481374 0.00000000
      vertex 0.40862082 11.48990774 0.00000000
    endloop
  endfacet
  facet normal 0.00000000 0.00000000 1.00000000
    outer loop
      vertex -2.36155475 10.07690525 0.00000000
      vertex 0.40862082 11.48990774 0.00000000
      vertex 0.39756827 11.50360819 0.00000000
    endloop
  endfacet
  facet normal 0.00000000 0.00000000 1.00000000
    outer loop
      vertex -2.36155475 10.07690525 0.00000000
      vertex 0.39756827 11.50360819 0.00000000
      vertex 0.38611527 11.51605467 0.00000000
    endloop
  endfacet
  facet normal 0.00000000 0.00000000 1.00000000
    outer loop
      vertex -2.36155475 10.07690525 0.00000000
      vertex 0.38611527 11.51605467 0.00000000
      vertex 0.37420207 11.52738797 0.00000000
    endloop
  endfacet
  facet normal 0.00000000 0.00000000 1.00000000
    outer loop
      vertex -2.36155475 10.07690525 0.00000000
      vertex 0.37420207 11.52738797 0.00000000
      vertex 0.36173686 11.53774034 0.00000000
    endloop
  endfacet
  facet normal 0.00000000 0.00000000 1.00000000
    outer loop
      vertex -2.36155475 10.07690525 0.00000000
      vertex 0.36173686 11.53774034 0.00000000
      vertex 0.34859987 11.54722571 0.00000000
    endloop
  endfacet
  facet normal 0.00000000 0.00000000 1.00000000
    outer loop
      vertex -2.36155475 10.07690525 0.00000000
      vertex 0.34859987 11.54722571 0.00000000
      vertex 0.33465084 11.55593161 0.00000000
    endloop
  endfacet
  facet normal 0.00000000 0.00000000 1.00000000
    outer loop
      vertex -2.36155475 10.07690525 0.00000000
      vertex 0.33465084 11.55593161 0.00000000
      vertex 0.31973882 11.56391395 0.00000000
    endloop
  endfacet
  facet normal 0.00000000 0.00000000 1.00000000
    outer loop
      vertex -2.36155475 10.07690525 0.00000000
      vertex 0.31973882 11.56391395 0.00000000
      vertex 0.30371253 11.57119539 0.00000000
    endloop
  endfacet
  facet normal 0.00000000 0.00000000 1.00000000
    outer loop
      vertex -2.36155475 10.07690525 0.00000000
      vertex 0.30371253 11.57119539 0.00000000
      vertex 0.28643007 11.57776732 0.00000000
    endloop
  endfacet
  facet normal 0.00000000 0.00000000 1.00000000
    outer loop
      vertex -2.36155475 10.07690525 0.00000000
      vertex 0.28643007 11.57776732 0.00000000
      vertex 0.26776636 11.58359454 0.00000000
    endloop
  endfacet
  facet normal 0.00000000 0.00000000 1.00000000
    outer loop
      vertex -2.36155475 10.07690525 0.00000000
      vertex 0.26776636 11.58359454 0.00000000
      vertex 0.24761794 11.58862162 0.00000000
    endloop
  endfacet
  facet normal 0.00000000 0.00000000 1.00000000
    outer loop
      vertex -2.36155475 10.07690525 0.00000000
      vertex 0.24761794 11.58862162 0.00000000
      vertex 0.22590495 11.59277982 0.00000000
    endloop
  endfacet
  facet normal 0.00000000 0.00000000 1.00000000
    outer loop
      vertex -2.36155475 10.07690525 0.00000000
      vertex 0.22590495 11.59277982 0.00000000
      vertex 0.20257072 11.59599344 0.00000000
    endloop
  endfacet
  facet normal 0.00000000 0.00000000 1.00000000
    outer loop
      vertex -2.36155475 10.07690525 0.00000000
      vertex 0.20257072 11.59599344 0.00000000
      vertex 0.17757972 11.59818521 0.00000000
    endloop
  endfacet
  facet normal 0.00000000 0.00000000 1.00000000
    outer loop
      vertex -2.36155475 10.07690525 0.00000000
      vertex 0.17757972 11.59818521 0.00000000
      vertex 0.15091443 11.59928031 0.00000000
    endloop
  endfacet
  facet normal 0.00000000 0.00000000 1.00000000
    outer loop
      vertex -2.36155475 10.07690525 0.00000000
      vertex 0.15091443 11.59928031 0.00000000
      vertex 0.12257194 11.59920908 0.00000000
    endloop
  endfacet
  facet normal 0.00000000 0.00000000 1.00000000
    outer loop
      vertex -2.36155475 10.07690525 0.00000000
      vertex 0.12257194 11.59920908 0.00000000
      vertex 0.09256049 11.59790860 0.00000000
    endloop
  endfacet
  facet normal 0.00000000 0.00000000 1.00000000
    outer loop
      vertex -2.36155475 10.07690525 0.00000000
      vertex 0.09256049 11.59790860 0.00000000
      vertex 0.06089645 11.59532341 0.00000000
    endloop
  endfacet
  facet normal 0.00000000 0.00000000 1.00000000
    outer loop
      vertex -2.36155475 10.07690525 0.00000000
      vertex 0.06089645 11.59532341 0.00000000
      vertex 0.02760164 11.59140553 0.00000000
    endloop
  endfacet
  facet normal 0.00000000 0.00000000 1.00000000
    outer loop
      vertex -2.36155475 10.07690525 0.00000000
      vertex 0.02760164 11.59140553 0.00000000
      vertex -0.00866164 11.58590745 0.00000000
    endloop
  endfacet
  facet normal 0.00000000 0.00000000 1.00000000
    outer loop
      vertex -2.36155475 10.07690525 0.00000000
      vertex -0.00866164 11.58590745 0.00000000
      vertex -0.79380093 11.45411334 0.00000000
    endloop
  endfacet
  facet normal 0.00000000 0.00000000 1.00000000
    outer loop
      vertex -2.36155475 10.07690525 0.00000000
      vertex -0.79380093 11.45411334 0.00000000
      vertex -1.73544097 11.07018286 0.00000000
    endloop
  endfacet
  facet normal 0.00000000 0.00000000 1.00000000
    outer loop
      vertex -2.36155475 10.07690525 0.00000000
      vertex -1.73544097 11.07018286 0.00000000
      vertex -1.77999190 11.05123688 0.00000000
    endloop
  endfacet
  facet normal 0.00000000 0.00000000 1.00000000
    outer loop
      vertex -2.36155475 10.07690525 0.00000000
      vertex -1.77999190 11.05123688 0.00000000
      vertex -1.82155654 11.03202626 0.00000000
    endloop
  endfacet
  facet normal 0.00000000 0.00000000 1.00000000
    outer loop
      vertex -2.36155475 10.07690525 0.00000000
      vertex -1.82155654 11.03202626 0.00000000
      vertex -1.86135876 11.01205415 0.00000000
    endloop
  endfacet
  facet normal 0.00000000 0.00000000 1.00000000
    outer loop
      vertex -2.36155475 10.07690525 0.00000000
      vertex -1.86135876 11.01205415 0.00000000
      vertex -1.89941350 10.99133870 0.00000000
    endloop
  endfacet
  facet normal 0.00000000 0.00000000 1.00000000
    outer loop
      vertex -2.36155475 10.07690525 0.00000000
      vertex -1.89941350 10.99133870 0.00000000
      vertex -1.93573927 10.96989697 0.00000000
    endloop
  endfacet
  facet normal 0.00000000 0.00000000 1.00000000
    outer loop
      vertex -2.36155475 10.07690525 0.00000000
      vertex -1.93573927 10.96989697 0.00000000
      vertex -1.97035829 10.94774431 0.00000000
    endloop
  endfacet
  facet normal 0.00000000 0.00000000 1.00000000
    outer loop
      vertex -2.36155475 10.07690525 0.00000000
      vertex -1.97035829 10.94774431 0.00000000
      vertex -2.00329655 10.92489364 0.00000000
    endloop
  endfacet
  facet normal 0.00000000 0.00000000 1.00000000
    outer loop
      vertex -2.36155475 10.07690525 0.00000000
      vertex -2.00329655 10.92489364 0.00000000
      vertex -2.03458367 10.90135467 0.00000000
    endloop
  endfacet
  facet normal 0.00000000 0.00000000 1.00000000
    outer loop
      vertex -2.36155475 10.07690525 0.00000000
      vertex -2.03458367 10.90135467 0.00000000
      vertex -2.06425266 10.87713310 0.00000000
    endloop
  endfacet
  facet normal 0.00000000 0.00000000 1.00000000
    outer loop
      vertex -2.36155475 10.07690525 0.00000000
      vertex -2.06425266 10.87713310 0.00000000
      vertex -2.09233941 10.85222989 0.00000000
    endloop
  endfacet
  facet normal 0.00000000 0.00000000 1.00000000
    outer loop
      vertex -2.36155475 10.07690525 0.00000000
      vertex -2.09233941 10.85222989 0.00000000
      vertex -2.11888197 10.82664056 0.00000000
    endloop
  endfacet
  facet normal 0.00000000 0.00000000 1.00000000
    outer loop
      vertex -2.36155475 10.07690525 0.00000000
      vertex -2.11888197 10.82664056 0.00000000
      vertex -2.14391968 10.80035473 0.00000000
    endloop
  endfacet
  facet normal 0.00000000 0.00000000 1.00000000
    outer loop
      vertex -2.36155475 10.07690525 0.00000000
      vertex -2.14391968 10.80035473 0.00000000
      vertex -2.16749208 10.77335578 0.00000000
    endloop
  endfacet
  facet normal 0.00000000 0.00000000 1.00000000
    outer loop
      vertex -2.36155475 10.07690525 0.00000000
      vertex -2.16749208 10.77335578 0.00000000
      vertex -2.18963771 10.74562082 0.00000000
    endloop
  endfacet
  facet normal 0.00000000 0.00000000 1.00000000
    outer loop
      vertex -2.36155475 10.07690525 0.00000000
      vertex -2.18963771 10.74562082 0.00000000
      vertex -2.21039284 10.71712098 0.00000000
    endloop
  endfacet
  facet normal 0.00000000 0.00000000 1.00000000
    outer loop
      vertex -2.36155475 10.07690525 0.00000000
      vertex -2.21039284 10.71712098 0.00000000
      vertex -2.22979031 10.68782198 0.00000000
    endloop
  endfacet
  facet normal 0.00000000 0.00000000 1.00000000
    outer loop
      vertex -2.36155475 10.07690525 0.00000000
      vertex -2.22979031 10.68782198 0.00000000
      vertex -2.24785839 10.65768500 0.00000000
    endloop
  endfacet
  facet normal 0.00000000 0.00000000 1.00000000
    outer loop
      vertex -2.36155475 10.07690525 0.00000000
      vertex -2.24785839 10.65768500 0.00000000
      vertex -2.26461991 10.62666778 0.00000000
    endloop
  endfacet
  facet normal 0.00000000 0.00000000 1.00000000
    outer loop
      vertex -2.36155475 10.07690525 0.00000000
      vertex -2.26461991 10.62666778 0.00000000
      vertex -2.28009164 10.59472592 0.00000000
    endloop
  endfacet
  facet normal 0.00000000 0.00000000 1.00000000
    outer loop
      vertex -2.36155475 10.07690525 0.00000000
      vertex -2.28009164 10.59472592 0.00000000
      vertex -2.29428398 10.56181423 0.00000000
    endloop
  endfacet
  facet normal 0.00000000 0.00000000 1.00000000
    outer loop
      vertex -2.36155475 10.07690525 0.00000000
      vertex -2.29428398 10.56181423 0.00000000
      vertex -2.30720096 10.52788809 0.00000000
    endloop
  endfacet
  facet normal 0.00000000 0.00000000 1.00000000
    outer loop
      vertex -2.36155475 10.07690525 0.00000000
      vertex -2.30720096 10.52788809 0.00000000
      vertex -2.31884053 10.49290464 0.00000000
    endloop
  endfacet
  facet normal 0.00000000 0.00000000 1.00000000
    outer loop
      vertex -2.36155475 10.07690525 0.00000000
      vertex -2.31884053 10.49290464 0.00000000
      vertex -2.32919508 10.45682392 0.00000000
    endloop
  endfacet
  facet normal 0.00000000 0.00000000 1.00000000
    outer loop
      vertex -2.36155475 10.07690525 0.00000000
      vertex -2.32919508 10.45682392 0.00000000
      vertex -2.33825225 10.41960965 0.00000000
    endloop
  endfacet
  facet normal 0.00000000 0.00000000 1.00000000
    outer loop
      vertex -2.36155475 10.07690525 0.00000000
      vertex -2.33825225 10.41960965 0.00000000
      vertex -2.34599568 10.38122989 0.00000000
    endloop
  endfacet
  facet normal 0.00000000 0.00000000 1.00000000
    outer loop
      vertex -2.36155475 10.07690525 0.00000000
      vertex -2.34599568 10.38122989 0.00000000
      vertex -2.35240600 10.34165730 0.00000000
    endloop
  endfacet
  facet normal 0.00000000 0.00000000 1.00000000
    outer loop
      vertex -2.36155475 10.07690525 0.00000000
      vertex -2.35240600 10.34165730 0.00000000
      vertex -2.35746167 10.30086935 0.00000000
    endloop
  endfacet
  facet normal 0.00000000 0.00000000 1.00000000
    outer loop
      vertex -2.36155475 10.07690525 0.00000000
      vertex -2.35746167 10.30086935 0.00000000
      vertex -2.36113983 10.25884816 0.00000000
    endloop
  endfacet
  facet normal 0.00000000 -0.00000000 1.00000000
    outer loop
      vertex -2.36155475 10.07690525 0.00000000
      vertex -2.36113983 10.25884816 0.00000000
      vertex -2.36341705 10.21558030 0.00000000
    endloop
  endfacet
  facet normal 0.00000000 0.00000000 1.00000000
    outer loop
      vertex -2.36155475 10.07690525 0.00000000
      vertex -2.36341705 10.21558030 0.00000000
      vertex -2.36426995 10.17105644 0.00000000
    endloop
  endfacet
  facet normal 0.00000000 0.00000000 1.00000000
    outer loop
      vertex -2.36426995 10.17105644 0.00000000
      vertex -2.36367571 10.12527091 0.00000000
      vertex -2.36155475 10.07690525 0.00000000
    endloop
  endfacet
  facet normal -0.99725731 -0.07401249 0.00000000
    outer loop
      vertex -1.20375587 -9.57213709 0.00000000
      vertex -1.20375587 -9.57213709 0.20000000
      vertex -1.21177055 -9.46414589 0.20000000
    endloop
  endfacet
  facet normal -0.99725731 -0.07401249 0.00000000
    outer loop
      vertex -1.21177055 -9.46414589 0.00000000
      vertex -1.20375587 -9.57213709 0.00000000
      vertex -1.21177055 -9.46414589 0.20000000
    endloop
  endfacet
  facet normal -0.99441024 -0.10558535 0.00000000
    outer loop
      vertex -1.19276248 -9.67567359 0.00000000
      vertex -1.19276248 -9.67567359 0.20000000
      vertex -1.20375587 -9.57213709 0.20000000
    endloop
  endfacet
  facet normal -0.99441024 -0.10558535 0.00000000
    outer loop
      vertex -1.20375587 -9.57213709 0.00000000
      vertex -1.19276248 -9.67567359 0.00000000
      vertex -1.20375587 -9.57213709 0.20000000
    endloop
  endfacet
  facet normal -0.99036036 -0.13851481 0.00000000
    outer loop
      vertex -1.17871643 -9.77610083 0.00000000
      vertex -1.17871643 -9.77610083 0.20000000
      vertex -1.19276248 -9.67567359 0.20000000
    endloop
  endfacet
  facet normal -0.99036036 -0.13851481 0.00000000
    outer loop
      vertex -1.19276248 -9.67567359 0.00000000
      vertex -1.17871643 -9.77610083 0.00000000
      vertex -1.19276248 -9.67567359 0.20000000
    endloop
  endfacet
  facet normal -0.98496157 -0.17277356 0.00000000
    outer loop
      vertex -1.16164451 -9.87342576 0.00000000
      vertex -1.16164451 -9.87342576 0.20000000
      vertex -1.17871643 -9.77610083 0.20000000
    endloop
  endfacet
  facet normal -0.98496157 -0.17277356 0.00000000
    outer loop
      vertex -1.17871643 -9.77610083 0.00000000
      vertex -1.16164451 -9.87342576 0.00000000
      vertex -1.17871643 -9.77610083 0.20000000
    endloop
  endfacet
  facet normal -0.97806263 -0.20831104 0.00000000
    outer loop
      vertex -1.14157422 -9.96765988 0.00000000
      vertex -1.14157422 -9.96765988 0.20000000
      vertex -1.16164451 -9.87342576 0.20000000
    endloop
  endfacet
  facet normal -0.97806263 -0.20831104 0.00000000
    outer loop
      vertex -1.16164451 -9.87342576 0.00000000
      vertex -1.14157422 -9.96765988 0.00000000
      vertex -1.16164451 -9.87342576 0.20000000
    endloop
  endfacet
  facet normal -0.96951044 -0.24505001 0.00000000
    outer loop
      vertex -1.11853298 -10.05881972 0.00000000
      vertex -1.11853298 -10.05881972 0.20000000
      vertex -1.14157422 -9.96765988 0.20000000
    endloop
  endfacet
  facet normal -0.96951044 -0.24505001 0.00000000
    outer loop
      vertex -1.14157422 -9.96765988 0.00000000
      vertex -1.11853298 -10.05881972 0.00000000
      vertex -1.14157422 -9.96765988 0.20000000
    endloop
  endfacet
  facet normal -0.95915429 -0.28288347 0.00000000
    outer loop
      vertex -1.09254736 -10.14692747 0.00000000
      vertex -1.09254736 -10.14692747 0.20000000
      vertex -1.11853298 -10.05881972 0.20000000
    endloop
  endfacet
  facet normal -0.95915429 -0.28288347 0.00000000
    outer loop
      vertex -1.11853298 -10.05881972 0.00000000
      vertex -1.09254736 -10.14692747 0.00000000
      vertex -1.11853298 -10.05881972 0.20000000
    endloop
  endfacet
  facet normal -0.94685110 -0.32167219 0.00000000
    outer loop
      vertex -1.06364199 -10.23201121 0.00000000
      vertex -1.06364199 -10.23201121 0.20000000
      vertex -1.09254736 -10.14692747 0.20000000
    endloop
  endfacet
  facet normal -0.94685110 -0.32167219 0.00000000
    outer loop
      vertex -1.09254736 -10.14692747 0.00000000
      vertex -1.06364199 -10.23201121 0.00000000
      vertex -1.09254736 -10.14692747 0.20000000
    endloop
  endfacet
  facet normal -0.93247157 -0.36124337 0.00000000
    outer loop
      vertex -1.03183847 -10.31410512 0.00000000
      vertex -1.03183847 -10.31410512 0.20000000
      vertex -1.06364199 -10.23201121 0.20000000
    endloop
  endfacet
  facet normal -0.93247157 -0.36124337 0.00000000
    outer loop
      vertex -1.06364199 -10.23201121 0.00000000
      vertex -1.03183847 -10.31410512 0.00000000
      vertex -1.06364199 -10.23201121 0.20000000
    endloop
  endfacet
  facet normal -0.91590695 -0.40139065 0.00000000
    outer loop
      vertex -0.99715402 -10.39324929 0.00000000
      vertex -0.99715402 -10.39324929 0.20000000
      vertex -1.03183847 -10.31410512 0.20000000
    endloop
  endfacet
  facet normal -0.91590695 -0.40139065 0.00000000
    outer loop
      vertex -1.03183847 -10.31410512 0.00000000
      vertex -0.99715402 -10.39324929 0.00000000
      vertex -1.03183847 -10.31410512 0.20000000
    endloop
  endfacet
  facet normal -0.89707621 -0.44187586 0.00000000
    outer loop
      vertex -0.95960025 -10.46948923 0.00000000
      vertex -0.95960025 -10.46948923 0.20000000
      vertex -0.99715402 -10.39324929 0.20000000
    endloop
  endfacet
  facet normal -0.89707621 -0.44187586 0.00000000
    outer loop
      vertex -0.99715402 -10.39324929 0.00000000
      vertex -0.95960025 -10.46948923 0.00000000
      vertex -0.99715402 -10.39324929 0.20000000
    endloop
  endfacet
  facet normal -0.87593293 -0.48243290 0.00000000
    outer loop
      vertex -0.91918199 -10.54287496 0.00000000
      vertex -0.91918199 -10.54287496 0.20000000
      vertex -0.95960025 -10.46948923 0.20000000
    endloop
  endfacet
  facet normal -0.87593293 -0.48243290 0.00000000
    outer loop
      vertex -0.95960025 -10.46948923 0.00000000
      vertex -0.91918199 -10.54287496 0.00000000
      vertex -0.95960025 -10.46948923 0.20000000
    endloop
  endfacet
  facet normal -0.85247155 -0.52277362 0.00000000
    outer loop
      vertex -0.87589622 -10.61345978 0.00000000
      vertex -0.87589622 -10.61345978 0.20000000
      vertex -0.91918199 -10.54287496 0.20000000
    endloop
  endfacet
  facet normal -0.85247155 -0.52277362 0.00000000
    outer loop
      vertex -0.91918199 -10.54287496 0.00000000
      vertex -0.87589622 -10.61345978 0.00000000
      vertex -0.91918199 -10.54287496 0.20000000
    endloop
  endfacet
  facet normal -0.82673207 -0.56259584 0.00000000
    outer loop
      vertex -0.82973147 -10.68129868 0.00000000
      vertex -0.82973147 -10.68129868 0.20000000
      vertex -0.87589622 -10.61345978 0.20000000
    endloop
  endfacet
  facet normal -0.82673207 -0.56259584 0.00000000
    outer loop
      vertex -0.87589622 -10.61345978 0.00000000
      vertex -0.82973147 -10.68129868 0.00000000
      vertex -0.87589622 -10.61345978 0.20000000
    endloop
  endfacet
  facet normal -0.79880280 -0.60159295 0.00000000
    outer loop
      vertex -0.78066749 -10.74644646 0.00000000
      vertex -0.78066749 -10.74644646 0.20000000
      vertex -0.82973147 -10.68129868 0.20000000
    endloop
  endfacet
  facet normal -0.79880280 -0.60159295 0.00000000
    outer loop
      vertex -0.82973147 -10.68129868 0.00000000
      vertex -0.78066749 -10.74644646 0.00000000
      vertex -0.82973147 -10.68129868 0.20000000
    endloop
  endfacet
  facet normal -0.76882054 -0.63946460 0.00000000
    outer loop
      vertex -0.72867548 -10.80895582 0.00000000
      vertex -0.72867548 -10.80895582 0.20000000
      vertex -0.78066749 -10.74644646 0.20000000
    endloop
  endfacet
  facet normal -0.76882054 -0.63946460 0.00000000
    outer loop
      vertex -0.78066749 -10.74644646 0.00000000
      vertex -0.72867548 -10.80895582 0.00000000
      vertex -0.78066749 -10.74644646 0.20000000
    endloop
  endfacet
  facet normal -0.73696796 -0.67592768 0.00000000
    outer loop
      vertex -0.67371882 -10.86887539 0.00000000
      vertex -0.67371882 -10.86887539 0.20000000
      vertex -0.72867548 -10.80895582 0.20000000
    endloop
  endfacet
  facet normal -0.73696796 -0.67592768 0.00000000
    outer loop
      vertex -0.72867548 -10.80895582 0.00000000
      vertex -0.67371882 -10.86887539 0.00000000
      vertex -0.72867548 -10.80895582 0.20000000
    endloop
  endfacet
  facet normal -0.70346827 -0.71072667 0.00000000
    outer loop
      vertex -0.61575425 -10.92624800 0.00000000
      vertex -0.61575425 -10.92624800 0.20000000
      vertex -0.67371882 -10.86887539 0.20000000
    endloop
  endfacet
  facet normal -0.70346827 -0.71072667 0.00000000
    outer loop
      vertex -0.67371882 -10.86887539 0.00000000
      vertex -0.61575425 -10.92624800 0.00000000
      vertex -0.67371882 -10.86887539 0.20000000
    endloop
  endfacet
  facet normal -0.66857748 -0.74364249 0.00000000
    outer loop
      vertex -0.55473341 -10.98110925 0.00000000
      vertex -0.55473341 -10.98110925 0.20000000
      vertex -0.61575425 -10.92624800 0.20000000
    endloop
  endfacet
  facet normal -0.66857748 -0.74364249 0.00000000
    outer loop
      vertex -0.61575425 -10.92624800 0.00000000
      vertex -0.55473341 -10.98110925 0.00000000
      vertex -0.61575425 -10.92624800 0.20000000
    endloop
  endfacet
  facet normal -0.63257483 -0.77449925 0.00000000
    outer loop
      vertex -0.49060471 -11.03348658 0.00000000
      vertex -0.49060471 -11.03348658 0.20000000
      vertex -0.55473341 -10.98110925 0.20000000
    endloop
  endfacet
  facet normal -0.63257483 -0.77449925 0.00000000
    outer loop
      vertex -0.55473341 -10.98110925 0.00000000
      vertex -0.49060471 -11.03348658 0.00000000
      vertex -0.55473341 -10.98110925 0.20000000
    endloop
  endfacet
  facet normal -0.59575229 -0.80316823 0.00000000
    outer loop
      vertex -0.42331522 -11.08339875 0.00000000
      vertex -0.42331522 -11.08339875 0.20000000
      vertex -0.49060471 -11.03348658 0.20000000
    endloop
  endfacet
  facet normal -0.59575229 -0.80316823 0.00000000
    outer loop
      vertex -0.49060471 -11.03348658 0.00000000
      vertex -0.42331522 -11.08339875 0.00000000
      vertex -0.49060471 -11.03348658 0.20000000
    endloop
  endfacet
  facet normal -0.55840393 -0.82956920 0.00000000
    outer loop
      vertex -0.35281250 -11.13085590 0.00000000
      vertex -0.35281250 -11.13085590 0.20000000
      vertex -0.42331522 -11.08339875 0.20000000
    endloop
  endfacet
  facet normal -0.55840393 -0.82956920 0.00000000
    outer loop
      vertex -0.42331522 -11.08339875 0.00000000
      vertex -0.35281250 -11.13085590 0.00000000
      vertex -0.42331522 -11.08339875 0.20000000
    endloop
  endfacet
  facet normal -0.52081601 -0.85366895 0.00000000
    outer loop
      vertex -0.27904636 -11.17585998 0.00000000
      vertex -0.27904636 -11.17585998 0.20000000
      vertex -0.35281250 -11.13085590 0.20000000
    endloop
  endfacet
  facet normal -0.52081601 -0.85366895 0.00000000
    outer loop
      vertex -0.35281250 -11.13085590 0.00000000
      vertex -0.27904636 -11.17585998 0.00000000
      vertex -0.35281250 -11.13085590 0.20000000
    endloop
  endfacet
  facet normal -0.48325848 -0.87547772 0.00000000
    outer loop
      vertex -0.20197013 -11.21840560 0.00000000
      vertex -0.20197013 -11.21840560 0.20000000
      vertex -0.27904636 -11.17585998 0.20000000
    endloop
  endfacet
  facet normal -0.48325848 -0.87547772 0.00000000
    outer loop
      vertex -0.27904636 -11.17585998 0.00000000
      vertex -0.20197013 -11.21840560 0.00000000
      vertex -0.27904636 -11.17585998 0.20000000
    endloop
  endfacet
  facet normal -0.44597823 -0.89504381 0.00000000
    outer loop
      vertex -0.12154178 -11.25848106 0.00000000
      vertex -0.12154178 -11.25848106 0.20000000
      vertex -0.20197013 -11.21840560 0.20000000
    endloop
  endfacet
  facet normal -0.44597823 -0.89504381 0.00000000
    outer loop
      vertex -0.20197013 -11.21840560 0.00000000
      vertex -0.12154178 -11.25848106 0.00000000
      vertex -0.20197013 -11.21840560 0.20000000
    endloop
  endfacet
  facet normal -0.40919435 -0.91244725 0.00000000
    outer loop
      vertex -0.03772453 -11.29606959 0.00000000
      vertex -0.03772453 -11.29606959 0.20000000
      vertex -0.12154178 -11.25848106 0.20000000
    endloop
  endfacet
  facet normal -0.40919435 -0.91244725 0.00000000
    outer loop
      vertex -0.12154178 -11.25848106 0.00000000
      vertex -0.03772453 -11.29606959 0.00000000
      vertex -0.12154178 -11.25848106 0.20000000
    endloop
  endfacet
  facet normal -0.37309547 -0.92779296 0.00000000
    outer loop
      vertex 0.04951276 -11.33115051 0.00000000
      vertex 0.04951276 -11.33115051 0.20000000
      vertex -0.03772453 -11.29606959 0.20000000
    endloop
  endfacet
  facet normal -0.37309547 -0.92779296 0.00000000
    outer loop
      vertex -0.03772453 -11.29606959 0.00000000
      vertex 0.04951276 -11.33115051 0.00000000
      vertex -0.03772453 -11.29606959 0.20000000
    endloop
  endfacet
  facet normal -0.33783875 -0.94120400 0.00000000
    outer loop
      vertex 0.14019562 -11.36370051 0.00000000
      vertex 0.14019562 -11.36370051 0.20000000
      vertex 0.04951276 -11.33115051 0.20000000
    endloop
  endfacet
  facet normal -0.33783875 -0.94120400 0.00000000
    outer loop
      vertex 0.04951276 -11.33115051 0.00000000
      vertex 0.14019562 -11.36370051 0.00000000
      vertex 0.04951276 -11.33115051 0.20000000
    endloop
  endfacet
  facet normal -0.30355050 -0.95281535 0.00000000
    outer loop
      vertex 0.23434417 -11.39369461 0.00000000
      vertex 0.23434417 -11.39369461 0.20000000
      vertex 0.14019562 -11.36370051 0.20000000
    endloop
  endfacet
  facet normal -0.30355050 -0.95281535 0.00000000
    outer loop
      vertex 0.14019562 -11.36370051 0.00000000
      vertex 0.23434417 -11.39369461 0.00000000
      vertex 0.14019562 -11.36370051 0.20000000
    endloop
  endfacet
  facet normal -0.27032781 -0.96276834 0.00000000
    outer loop
      vertex 0.33197344 -11.42110713 0.00000000
      vertex 0.33197344 -11.42110713 0.20000000
      vertex 0.23434417 -11.39369461 0.20000000
    endloop
  endfacet
  facet normal -0.27032781 -0.96276834 0.00000000
    outer loop
      vertex 0.23434417 -11.39369461 0.00000000
      vertex 0.33197344 -11.42110713 0.00000000
      vertex 0.23434417 -11.39369461 0.20000000
    endloop
  endfacet
  facet normal -0.23824111 -0.97120604 0.00000000
    outer loop
      vertex 0.43309395 -11.44591244 0.00000000
      vertex 0.43309395 -11.44591244 0.20000000
      vertex 0.33197344 -11.42110713 0.20000000
    endloop
  endfacet
  facet normal -0.23824111 -0.97120604 0.00000000
    outer loop
      vertex 0.33197344 -11.42110713 0.00000000
      vertex 0.43309395 -11.44591244 0.00000000
      vertex 0.33197344 -11.42110713 0.20000000
    endloop
  endfacet
  facet normal -0.20733710 -0.97826956 0.00000000
    outer loop
      vertex 0.53902900 -11.46836460 0.00000000
      vertex 0.53902900 -11.46836460 0.20000000
      vertex 0.43309395 -11.44591244 0.20000000
    endloop
  endfacet
  facet normal -0.20733710 -0.97826956 0.00000000
    outer loop
      vertex 0.43309395 -11.44591244 0.00000000
      vertex 0.53902900 -11.46836460 0.00000000
      vertex 0.43309395 -11.44591244 0.20000000
    endloop
  endfacet
  facet normal -0.19233749 -0.98132884 0.00000000
    outer loop
      vertex 0.93402323 -11.54578227 0.00000000
      vertex 0.93402323 -11.54578227 0.20000000
      vertex 0.53902900 -11.46836460 0.20000000
    endloop
  endfacet
  facet normal -0.19233749 -0.98132884 0.00000000
    outer loop
      vertex 0.53902900 -11.46836460 0.00000000
      vertex 0.93402323 -11.54578227 0.00000000
      vertex 0.53902900 -11.46836460 0.20000000
    endloop
  endfacet
  facet normal -0.17727907 -0.98416062 0.00000000
    outer loop
      vertex 1.03962320 -11.56480423 0.00000000
      vertex 1.03962320 -11.56480423 0.20000000
      vertex 0.93402323 -11.54578227 0.20000000
    endloop
  endfacet
  facet normal -0.17727907 -0.98416062 0.00000000
    outer loop
      vertex 0.93402323 -11.54578227 0.00000000
      vertex 1.03962320 -11.56480423 0.00000000
      vertex 0.93402323 -11.54578227 0.20000000
    endloop
  endfacet
  facet normal -0.14514485 -0.98941042 0.00000000
    outer loop
      vertex 1.13962103 -11.57947375 0.00000000
      vertex 1.13962103 -11.57947375 0.20000000
      vertex 1.03962320 -11.56480423 0.20000000
    endloop
  endfacet
  facet normal -0.14514485 -0.98941042 0.00000000
    outer loop
      vertex 1.03962320 -11.56480423 0.00000000
      vertex 1.13962103 -11.57947375 0.00000000
      vertex 1.03962320 -11.56480423 0.20000000
    endloop
  endfacet
  facet normal -0.11010713 -0.99391972 0.00000000
    outer loop
      vertex 1.23527442 -11.59007030 0.00000000
      vertex 1.23527442 -11.59007030 0.20000000
      vertex 1.13962103 -11.57947375 0.20000000
    endloop
  endfacet
  facet normal -0.11010713 -0.99391972 0.00000000
    outer loop
      vertex 1.13962103 -11.57947375 0.00000000
      vertex 1.23527442 -11.59007030 0.00000000
      vertex 1.13962103 -11.57947375 0.20000000
    endloop
  endfacet
  facet normal -0.07190537 -0.99741146 0.00000000
    outer loop
      vertex 1.32653672 -11.59664958 0.00000000
      vertex 1.32653672 -11.59664958 0.20000000
      vertex 1.23527442 -11.59007030 0.20000000
    endloop
  endfacet
  facet normal -0.07190537 -0.99741146 0.00000000
    outer loop
      vertex 1.23527442 -11.59007030 0.00000000
      vertex 1.32653672 -11.59664958 0.00000000
      vertex 1.23527442 -11.59007030 0.20000000
    endloop
  endfacet
  facet normal -0.03028468 -0.99954131 0.00000000
    outer loop
      vertex 1.41336371 -11.59928031 0.00000000
      vertex 1.41336371 -11.59928031 0.20000000
      vertex 1.32653672 -11.59664958 0.20000000
    endloop
  endfacet
  facet normal -0.03028468 -0.99954131 0.00000000
    outer loop
      vertex 1.32653672 -11.59664958 0.00000000
      vertex 1.41336371 -11.59928031 0.00000000
      vertex 1.32653672 -11.59664958 0.20000000
    endloop
  endfacet
  facet normal 0.01498715 -0.99988769 0.00000000
    outer loop
      vertex 1.49571736 -11.59804593 0.00000000
      vertex 1.49571736 -11.59804593 0.20000000
      vertex 1.41336371 -11.59928031 0.20000000
    endloop
  endfacet
  facet normal 0.01498715 -0.99988769 0.00000000
    outer loop
      vertex 1.41336371 -11.59928031 0.00000000
      vertex 1.49571736 -11.59804593 0.00000000
      vertex 1.41336371 -11.59928031 0.20000000
    endloop
  endfacet
  facet normal 0.06409546 -0.99794377 0.00000000
    outer loop
      vertex 1.57357091 -11.59304559 0.00000000
      vertex 1.57357091 -11.59304559 0.20000000
      vertex 1.49571736 -11.59804593 0.20000000
    endloop
  endfacet
  facet normal 0.06409546 -0.99794377 0.00000000
    outer loop
      vertex 1.49571736 -11.59804593 0.00000000
      vertex 1.57357091 -11.59304559 0.00000000
      vertex 1.49571736 -11.59804593 0.20000000
    endloop
  endfacet
  facet normal 0.11714604 -0.99311470 0.00000000
    outer loop
      vertex 1.64691558 -11.58439398 0.00000000
      vertex 1.64691558 -11.58439398 0.20000000
      vertex 1.57357091 -11.59304559 0.20000000
    endloop
  endfacet
  facet normal 0.11714604 -0.99311470 0.00000000
    outer loop
      vertex 1.57357091 -11.59304559 0.00000000
      vertex 1.64691558 -11.58439398 0.00000000
      vertex 1.57357091 -11.59304559 0.20000000
    endloop
  endfacet
  facet normal 0.17412376 -0.98472378 0.00000000
    outer loop
      vertex 1.71576869 -11.57221903 0.00000000
      vertex 1.71576869 -11.57221903 0.20000000
      vertex 1.64691558 -11.58439398 0.20000000
    endloop
  endfacet
  facet normal 0.17412376 -0.98472378 0.00000000
    outer loop
      vertex 1.64691558 -11.58439398 0.00000000
      vertex 1.71576869 -11.57221903 0.00000000
      vertex 1.64691558 -11.58439398 0.20000000
    endloop
  endfacet
  facet normal 0.23484433 -0.97203299 0.00000000
    outer loop
      vertex 1.78018269 -11.55665653 0.00000000
      vertex 1.78018269 -11.55665653 0.20000000
      vertex 1.71576869 -11.57221903 0.20000000
    endloop
  endfacet
  facet normal 0.23484433 -0.97203299 0.00000000
    outer loop
      vertex 1.71576869 -11.57221903 0.00000000
      vertex 1.78018269 -11.55665653 0.00000000
      vertex 1.71576869 -11.57221903 0.20000000
    endloop
  endfacet
  facet normal 0.29890414 -0.95428314 0.00000000
    outer loop
      vertex 1.84025365 -11.53784088 0.00000000
      vertex 1.84025365 -11.53784088 0.20000000
      vertex 1.78018269 -11.55665653 0.20000000
    endloop
  endfacet
  facet normal 0.29890414 -0.95428314 0.00000000
    outer loop
      vertex 1.78018269 -11.55665653 0.00000000
      vertex 1.84025365 -11.53784088 0.00000000
      vertex 1.78018269 -11.55665653 0.20000000
    endloop
  endfacet
  facet normal 0.36563743 -0.93075736 0.00000000
    outer loop
      vertex 1.89612738 -11.51589152 0.00000000
      vertex 1.89612738 -11.51589152 0.20000000
      vertex 1.84025365 -11.53784088 0.20000000
    endloop
  endfacet
  facet normal 0.36563743 -0.93075736 0.00000000
    outer loop
      vertex 1.84025365 -11.53784088 0.00000000
      vertex 1.89612738 -11.51589152 0.00000000
      vertex 1.84025365 -11.53784088 0.20000000
    endloop
  endfacet
  facet normal 0.43409433 -0.90086742 0.00000000
    outer loop
      vertex 1.94800028 -11.49089591 0.00000000
      vertex 1.94800028 -11.49089591 0.20000000
      vertex 1.89612738 -11.51589152 0.20000000
    endloop
  endfacet
  facet normal 0.43409433 -0.90086742 0.00000000
    outer loop
      vertex 1.89612738 -11.51589152 0.00000000
      vertex 1.94800028 -11.49089591 0.00000000
      vertex 1.89612738 -11.51589152 0.20000000
    endloop
  endfacet
  facet normal 0.50305519 -0.86425429 0.00000000
    outer loop
      vertex 1.99611248 -11.46289132 0.00000000
      vertex 1.99611248 -11.46289132 0.20000000
      vertex 1.94800028 -11.49089591 0.20000000
    endloop
  endfacet
  facet normal 0.50305519 -0.86425429 0.00000000
    outer loop
      vertex 1.94800028 -11.49089591 0.00000000
      vertex 1.99611248 -11.46289132 0.00000000
      vertex 1.94800028 -11.49089591 0.20000000
    endloop
  endfacet
  facet normal 0.57109328 -0.82088517 0.00000000
    outer loop
      vertex 2.04073186 -11.43184942 0.00000000
      vertex 2.04073186 -11.43184942 0.20000000
      vertex 1.99611248 -11.46289132 0.20000000
    endloop
  endfacet
  facet normal 0.57109328 -0.82088517 0.00000000
    outer loop
      vertex 1.99611248 -11.46289132 0.00000000
      vertex 2.04073186 -11.43184942 0.00000000
      vertex 1.99611248 -11.46289132 0.20000000
    endloop
  endfacet
  facet normal 0.63668736 -0.77112205 0.00000000
    outer loop
      vertex 2.08213016 -11.39766835 0.00000000
      vertex 2.08213016 -11.39766835 0.20000000
      vertex 2.04073186 -11.43184942 0.20000000
    endloop
  endfacet
  facet normal 0.63668736 -0.77112205 0.00000000
    outer loop
      vertex 2.04073186 -11.43184942 0.00000000
      vertex 2.08213016 -11.39766835 0.00000000
      vertex 2.04073186 -11.43184942 0.20000000
    endloop
  endfacet
  facet normal 0.69837011 -0.71573682 0.00000000
    outer loop
      vertex 2.12055507 -11.36017580 0.00000000
      vertex 2.12055507 -11.36017580 0.20000000
      vertex 2.08213016 -11.39766835 0.20000000
    endloop
  endfacet
  facet normal 0.69837011 -0.71573682 0.00000000
    outer loop
      vertex 2.08213016 -11.39766835 0.00000000
      vertex 2.12055507 -11.36017580 0.00000000
      vertex 2.08213016 -11.39766835 0.20000000
    endloop
  endfacet
  facet normal 0.75488280 -0.65585971 0.00000000
    outer loop
      vertex 2.15620446 -11.31914399 0.00000000
      vertex 2.15620446 -11.31914399 0.20000000
      vertex 2.12055507 -11.36017580 0.20000000
    endloop
  endfacet
  facet normal 0.75488280 -0.65585971 0.00000000
    outer loop
      vertex 2.12055507 -11.36017580 0.00000000
      vertex 2.15620446 -11.31914399 0.00000000
      vertex 2.12055507 -11.36017580 0.20000000
    endloop
  endfacet
  facet normal 0.80530056 -0.59286677 0.00000000
    outer loop
      vertex 2.18920877 -11.27431369 0.00000000
      vertex 2.18920877 -11.27431369 0.20000000
      vertex 2.15620446 -11.31914399 0.20000000
    endloop
  endfacet
  facet normal 0.80530056 -0.59286677 0.00000000
    outer loop
      vertex 2.15620446 -11.31914399 0.00000000
      vertex 2.18920877 -11.27431369 0.00000000
      vertex 2.15620446 -11.31914399 0.20000000
    endloop
  endfacet
  facet normal 0.84910033 -0.52823161 0.00000000
    outer loop
      vertex 2.21962491 -11.22542159 0.00000000
      vertex 2.21962491 -11.22542159 0.20000000
      vertex 2.18920877 -11.27431369 0.20000000
    endloop
  endfacet
  facet normal 0.84910033 -0.52823161 0.00000000
    outer loop
      vertex 2.18920877 -11.27431369 0.00000000
      vertex 2.21962491 -11.22542159 0.00000000
      vertex 2.18920877 -11.27431369 0.20000000
    endloop
  endfacet
  facet normal 0.88616163 -0.46337627 0.00000000
    outer loop
      vertex 2.24744157 -11.17222496 0.00000000
      vertex 2.24744157 -11.17222496 0.20000000
      vertex 2.21962491 -11.22542159 0.20000000
    endloop
  endfacet
  facet normal 0.88616163 -0.46337627 0.00000000
    outer loop
      vertex 2.21962491 -11.22542159 0.00000000
      vertex 2.24744157 -11.17222496 0.00000000
      vertex 2.21962491 -11.22542159 0.20000000
    endloop
  endfacet
  facet normal 0.91671059 -0.39955187 0.00000000
    outer loop
      vertex 2.27259287 -11.11451915 0.00000000
      vertex 2.27259287 -11.11451915 0.20000000
      vertex 2.24744157 -11.17222496 0.20000000
    endloop
  endfacet
  facet normal 0.91671059 -0.39955187 0.00000000
    outer loop
      vertex 2.24744157 -11.17222496 0.00000000
      vertex 2.27259287 -11.11451915 0.00000000
      vertex 2.24744157 -11.17222496 0.20000000
    endloop
  endfacet
  facet normal 0.94123016 -0.33776589 0.00000000
    outer loop
      vertex 2.29497570 -11.05214637 0.00000000
      vertex 2.29497570 -11.05214637 0.20000000
      vertex 2.27259287 -11.11451915 0.20000000
    endloop
  endfacet
  facet normal 0.94123016 -0.33776589 0.00000000
    outer loop
      vertex 2.27259287 -11.11451915 0.00000000
      vertex 2.29497570 -11.05214637 0.00000000
      vertex 2.27259287 -11.11451915 0.20000000
    endloop
  endfacet
  facet normal 0.96036163 -0.27875715 0.00000000
    outer loop
      vertex 2.31446675 -10.98499669 0.00000000
      vertex 2.31446675 -10.98499669 0.20000000
      vertex 2.29497570 -11.05214637 0.20000000
    endloop
  endfacet
  facet normal 0.96036163 -0.27875715 0.00000000
    outer loop
      vertex 2.29497570 -11.05214637 0.00000000
      vertex 2.31446675 -10.98499669 0.00000000
      vertex 2.29497570 -11.05214637 0.20000000
    endloop
  endfacet
  facet normal 0.97481652 -0.22300839 0.00000000
    outer loop
      vertex 2.33093663 -10.91300339 0.00000000
      vertex 2.33093663 -10.91300339 0.20000000
      vertex 2.31446675 -10.98499669 0.20000000
    endloop
  endfacet
  facet normal 0.97481652 -0.22300839 0.00000000
    outer loop
      vertex 2.31446675 -10.98499669 0.00000000
      vertex 2.33093663 -10.91300339 0.00000000
      vertex 2.31446675 -10.98499669 0.20000000
    endloop
  endfacet
  facet normal 0.98530884 -0.17078201 0.00000000
    outer loop
      vertex 2.34426001 -10.83613555 0.00000000
      vertex 2.34426001 -10.83613555 0.20000000
      vertex 2.33093663 -10.91300339 0.20000000
    endloop
  endfacet
  facet normal 0.98530884 -0.17078201 0.00000000
    outer loop
      vertex 2.33093663 -10.91300339 0.00000000
      vertex 2.34426001 -10.83613555 0.00000000
      vertex 2.33093663 -10.91300339 0.20000000
    endloop
  endfacet
  facet normal 0.99250973 -0.12216563 0.00000000
    outer loop
      vertex 2.35432193 -10.75438957 0.00000000
      vertex 2.35432193 -10.75438957 0.20000000
      vertex 2.34426001 -10.83613555 0.20000000
    endloop
  endfacet
  facet normal 0.99250973 -0.12216563 0.00000000
    outer loop
      vertex 2.34426001 -10.83613555 0.00000000
      vertex 2.35432193 -10.75438957 0.00000000
      vertex 2.34426001 -10.83613555 0.20000000
    endloop
  endfacet
  facet normal 0.99702198 -0.07711790 0.00000000
    outer loop
      vertex 2.36102091 -10.66778142 0.00000000
      vertex 2.36102091 -10.66778142 0.20000000
      vertex 2.35432193 -10.75438957 0.20000000
    endloop
  endfacet
  facet normal 0.99702198 -0.07711790 0.00000000
    outer loop
      vertex 2.35432193 -10.75438957 0.00000000
      vertex 2.36102091 -10.66778142 0.00000000
      vertex 2.35432193 -10.75438957 0.20000000
    endloop
  endfacet
  facet normal 0.99936936 -0.03550891 0.00000000
    outer loop
      vertex 2.36426995 -10.57633998 0.00000000
      vertex 2.36426995 -10.57633998 0.20000000
      vertex 2.36102091 -10.66778142 0.20000000
    endloop
  endfacet
  facet normal 0.99936936 -0.03550891 0.00000000
    outer loop
      vertex 2.36102091 -10.66778142 0.00000000
      vertex 2.36426995 -10.57633998 0.00000000
      vertex 2.36102091 -10.66778142 0.20000000
    endloop
  endfacet
  facet normal 0.99999595 0.00284698 -0.00000000
    outer loop
      vertex 2.36399596 -10.48010182 0.00000000
      vertex 2.36399596 -10.48010182 0.20000000
      vertex 2.36426995 -10.57633998 0.20000000
    endloop
  endfacet
  facet normal 0.99999595 0.00284698 -0.00000000
    outer loop
      vertex 2.36426995 -10.57633998 0.00000000
      vertex 2.36399596 -10.48010182 0.00000000
      vertex 2.36426995 -10.57633998 0.20000000
    endloop
  endfacet
  facet normal 0.99927140 0.03816624 -0.00000000
    outer loop
      vertex 2.36013857 -10.37910736 0.00000000
      vertex 2.36013857 -10.37910736 0.20000000
      vertex 2.36399596 -10.48010182 0.20000000
    endloop
  endfacet
  facet normal 0.99927140 0.03816624 -0.00000000
    outer loop
      vertex 2.36399596 -10.48010182 0.00000000
      vertex 2.36013857 -10.37910736 0.00000000
      vertex 2.36399596 -10.48010182 0.20000000
    endloop
  endfacet
  facet normal 0.99749917 0.07067821 -0.00000000
    outer loop
      vertex 2.35255483 -10.27207617 0.00000000
      vertex 2.35255483 -10.27207617 0.20000000
      vertex 2.36013857 -10.37910736 0.20000000
    endloop
  endfacet
  facet normal 0.99749917 0.07067821 -0.00000000
    outer loop
      vertex 2.36013857 -10.37910736 0.00000000
      vertex 2.35255483 -10.27207617 0.00000000
      vertex 2.36013857 -10.37910736 0.20000000
    endloop
  endfacet
  facet normal 0.99629915 0.08595351 -0.00000000
    outer loop
      vertex 0.50086656 11.19110212 0.00000000
      vertex 0.50086656 11.19110212 0.20000000
      vertex 2.35255483 -10.27207617 0.20000000
    endloop
  endfacet
  facet normal 0.99629915 0.08595351 -0.00000000
    outer loop
      vertex 2.35255483 -10.27207617 0.00000000
      vertex 0.50086656 11.19110212 0.00000000
      vertex 2.35255483 -10.27207617 0.20000000
    endloop
  endfacet
  facet normal 0.99481264 0.10172420 -0.00000000
    outer loop
      vertex 0.49713555 11.22758958 0.00000000
      vertex 0.49713555 11.22758958 0.20000000
      vertex 0.50086656 11.19110212 0.20000000
    endloop
  endfacet
  facet normal 0.99481264 0.10172420 -0.00000000
    outer loop
      vertex 0.50086656 11.19110212 0.00000000
      vertex 0.49713555 11.22758958 0.00000000
      vertex 0.50086656 11.19110212 0.20000000
    endloop
  endfacet
  facet normal 0.99086953 0.13482426 -0.00000000
    outer loop
      vertex 0.49261563 11.26080801 0.00000000
      vertex 0.49261563 11.26080801 0.20000000
      vertex 0.49713555 11.22758958 0.20000000
    endloop
  endfacet
  facet normal 0.99086953 0.13482426 -0.00000000
    outer loop
      vertex 0.49713555 11.22758958 0.00000000
      vertex 0.49261563 11.26080801 0.00000000
      vertex 0.49713555 11.22758958 0.20000000
    endloop
  endfacet
  facet normal 0.98543103 0.17007554 -0.00000000
    outer loop
      vertex 0.48721243 11.29211456 0.00000000
      vertex 0.48721243 11.29211456 0.20000000
      vertex 0.49261563 11.26080801 0.20000000
    endloop
  endfacet
  facet normal 0.98543103 0.17007554 -0.00000000
    outer loop
      vertex 0.49261563 11.26080801 0.00000000
      vertex 0.48721243 11.29211456 0.00000000
      vertex 0.49261563 11.26080801 0.20000000
    endloop
  endfacet
  facet normal 0.97822551 0.20754480 -0.00000000
    outer loop
      vertex 0.48097787 11.32150008 0.00000000
      vertex 0.48097787 11.32150008 0.20000000
      vertex 0.48721243 11.29211456 0.20000000
    endloop
  endfacet
  facet normal 0.97822551 0.20754480 -0.00000000
    outer loop
      vertex 0.48721243 11.29211456 0.00000000
      vertex 0.48097787 11.32150008 0.00000000
      vertex 0.48721243 11.29211456 0.20000000
    endloop
  endfacet
  facet normal 0.96894785 0.24726516 -0.00000000
    outer loop
      vertex 0.47396973 11.34896256 0.00000000
      vertex 0.47396973 11.34896256 0.20000000
      vertex 0.48097787 11.32150008 0.20000000
    endloop
  endfacet
  facet normal 0.96894785 0.24726516 -0.00000000
    outer loop
      vertex 0.48097787 11.32150008 0.00000000
      vertex 0.47396973 11.34896256 0.00000000
      vertex 0.48097787 11.32150008 0.20000000
    endloop
  endfacet
  facet normal 0.95726167 0.28922326 -0.00000000
    outer loop
      vertex 0.46625101 11.37450973 0.00000000
      vertex 0.46625101 11.37450973 0.20000000
      vertex 0.47396973 11.34896256 0.20000000
    endloop
  endfacet
  facet normal 0.95726167 0.28922326 -0.00000000
    outer loop
      vertex 0.47396973 11.34896256 0.00000000
      vertex 0.46625101 11.37450973 0.00000000
      vertex 0.47396973 11.34896256 0.20000000
    endloop
  endfacet
  facet normal 0.94280513 0.33334439 -0.00000000
    outer loop
      vertex 0.45788842 11.39816182 0.00000000
      vertex 0.45788842 11.39816182 0.20000000
      vertex 0.46625101 11.37450973 0.20000000
    endloop
  endfacet
  facet normal 0.94280513 0.33334439 -0.00000000
    outer loop
      vertex 0.46625101 11.37450973 0.00000000
      vertex 0.45788842 11.39816182 0.00000000
      vertex 0.46625101 11.37450973 0.20000000
    endloop
  endfacet
  facet normal 0.92520139 0.37947646 -0.00000000
    outer loop
      vertex 0.44895005 11.41995446 0.00000000
      vertex 0.44895005 11.41995446 0.20000000
      vertex 0.45788842 11.39816182 0.20000000
    endloop
  endfacet
  facet normal 0.92520139 0.37947646 -0.00000000
    outer loop
      vertex 0.45788842 11.39816182 0.00000000
      vertex 0.44895005 11.41995446 0.00000000
      vertex 0.45788842 11.39816182 0.20000000
    endloop
  endfacet
  facet normal 0.90407484 0.42737417 -0.00000000
    outer loop
      vertex 0.43950185 11.43994136 0.00000000
      vertex 0.43950185 11.43994136 0.20000000
      vertex 0.44895005 11.41995446 0.20000000
    endloop
  endfacet
  facet normal 0.90407484 0.42737417 -0.00000000
    outer loop
      vertex 0.44895005 11.41995446 0.00000000
      vertex 0.43950185 11.43994136 0.00000000
      vertex 0.44895005 11.41995446 0.20000000
    endloop
  endfacet
  facet normal 0.87907383 0.47668564 -0.00000000
    outer loop
      vertex 0.42960295 11.45819628 0.00000000
      vertex 0.42960295 11.45819628 0.20000000
      vertex 0.43950185 11.43994136 0.20000000
    endloop
  endfacet
  facet normal 0.87907383 0.47668564 -0.00000000
    outer loop
      vertex 0.43950185 11.43994136 0.00000000
      vertex 0.42960295 11.45819628 0.00000000
      vertex 0.43950185 11.43994136 0.20000000
    endloop
  endfacet
  facet normal 0.84989974 0.52694443 -0.00000000
    outer loop
      vertex 0.41930000 11.47481374 0.00000000
      vertex 0.41930000 11.47481374 0.20000000
      vertex 0.42960295 11.45819628 0.20000000
    endloop
  endfacet
  facet normal 0.84989974 0.52694443 -0.00000000
    outer loop
      vertex 0.42960295 11.45819628 0.00000000
      vertex 0.41930000 11.47481374 0.00000000
      vertex 0.42960295 11.45819628 0.20000000
    endloop
  endfacet
  facet normal 0.81634081 0.57757049 -0.00000000
    outer loop
      vertex 0.40862082 11.48990774 0.00000000
      vertex 0.40862082 11.48990774 0.20000000
      vertex 0.41930000 11.47481374 0.20000000
    endloop
  endfacet
  facet normal 0.81634081 0.57757049 -0.00000000
    outer loop
      vertex 0.41930000 11.47481374 0.00000000
      vertex 0.40862082 11.48990774 0.00000000
      vertex 0.41930000 11.47481374 0.20000000
    endloop
  endfacet
  facet normal 0.77830760 0.62788317 -0.00000000
    outer loop
      vertex 0.39756827 11.50360819 0.00000000
      vertex 0.39756827 11.50360819 0.20000000
      vertex 0.40862082 11.48990774 0.20000000
    endloop
  endfacet
  facet normal 0.77830760 0.62788317 -0.00000000
    outer loop
      vertex 0.40862082 11.48990774 0.00000000
      vertex 0.39756827 11.50360819 0.00000000
      vertex 0.40862082 11.48990774 0.20000000
    endloop
  endfacet
  facet normal 0.73586481 0.67712849 -0.00000000
    outer loop
      vertex 0.38611527 11.51605467 0.00000000
      vertex 0.38611527 11.51605467 0.20000000
      vertex 0.39756827 11.50360819 0.20000000
    endloop
  endfacet
  facet normal 0.73586481 0.67712849 -0.00000000
    outer loop
      vertex 0.39756827 11.50360819 0.00000000
      vertex 0.38611527 11.51605467 0.00000000
      vertex 0.39756827 11.50360819 0.20000000
    endloop
  endfacet
  facet normal 0.68925348 0.72452029 -0.00000000
    outer loop
      vertex 0.37420207 11.52738797 0.00000000
      vertex 0.37420207 11.52738797 0.20000000
      vertex 0.38611527 11.51605467 0.20000000
    endloop
  endfacet
  facet normal 0.68925348 0.72452029 -0.00000000
    outer loop
      vertex 0.38611527 11.51605467 0.00000000
      vertex 0.37420207 11.52738797 0.00000000
      vertex 0.38611527 11.51605467 0.20000000
    endloop
  endfacet
  facet normal 0.63889756 0.76929182 -0.00000000
    outer loop
      vertex 0.36173686 11.53774034 0.00000000
      vertex 0.36173686 11.53774034 0.20000000
      vertex 0.37420207 11.52738797 0.20000000
    endloop
  endfacet
  facet normal 0.63889756 0.76929182 -0.00000000
    outer loop
      vertex 0.37420207 11.52738797 0.00000000
      vertex 0.36173686 11.53774034 0.00000000
      vertex 0.37420207 11.52738797 0.20000000
    endloop
  endfacet
  facet normal 0.58539078 0.81075128 -0.00000000
    outer loop
      vertex 0.34859987 11.54722571 0.00000000
      vertex 0.34859987 11.54722571 0.20000000
      vertex 0.36173686 11.53774034 0.20000000
    endloop
  endfacet
  facet normal 0.58539078 0.81075128 -0.00000000
    outer loop
      vertex 0.36173686 11.53774034 0.00000000
      vertex 0.34859987 11.54722571 0.00000000
      vertex 0.36173686 11.53774034 0.20000000
    endloop
  endfacet
  facet normal 0.52946360 0.84833266 -0.00000000
    outer loop
      vertex 0.33465084 11.55593161 0.00000000
      vertex 0.33465084 11.55593161 0.20000000
      vertex 0.34859987 11.54722571 0.20000000
    endloop
  endfacet
  facet normal 0.52946360 0.84833266 -0.00000000
    outer loop
      vertex 0.34859987 11.54722571 0.00000000
      vertex 0.33465084 11.55593161 0.00000000
      vertex 0.34859987 11.54722571 0.20000000
    endloop
  endfacet
  facet normal 0.47193418 0.88163378 -0.00000000
    outer loop
      vertex 0.31973882 11.56391395 0.00000000
      vertex 0.31973882 11.56391395 0.20000000
      vertex 0.33465084 11.55593161 0.20000000
    endloop
  endfacet
  facet normal 0.47193418 0.88163378 -0.00000000
    outer loop
      vertex 0.33465084 11.55593161 0.00000000
      vertex 0.31973882 11.56391395 0.00000000
      vertex 0.33465084 11.55593161 0.20000000
    endloop
  endfacet
  facet normal 0.41365084 0.91043560 -0.00000000
    outer loop
      vertex 0.30371253 11.57119539 0.00000000
      vertex 0.30371253 11.57119539 0.20000000
      vertex 0.31973882 11.56391395 0.20000000
    endloop
  endfacet
  facet normal 0.41365084 0.91043560 -0.00000000
    outer loop
      vertex 0.31973882 11.56391395 0.00000000
      vertex 0.30371253 11.57119539 0.00000000
      vertex 0.31973882 11.56391395 0.20000000
    endloop
  endfacet
  facet normal 0.35543503 0.93470099 -0.00000000
    outer loop
      vertex 0.28643007 11.57776732 0.00000000
      vertex 0.28643007 11.57776732 0.20000000
      vertex 0.30371253 11.57119539 0.20000000
    endloop
  endfacet
  facet normal 0.35543503 0.93470099 -0.00000000
    outer loop
      vertex 0.30371253 11.57119539 0.00000000
      vertex 0.28643007 11.57776732 0.00000000
      vertex 0.30371253 11.57119539 0.20000000
    endloop
  endfacet
  facet normal 0.29803298 0.95455557 -0.00000000
    outer loop
      vertex 0.26776636 11.58359454 0.00000000
      vertex 0.26776636 11.58359454 0.20000000
      vertex 0.28643007 11.57776732 0.20000000
    endloop
  endfacet
  facet normal 0.29803298 0.95455557 -0.00000000
    outer loop
      vertex 0.28643007 11.57776732 0.00000000
      vertex 0.26776636 11.58359454 0.00000000
      vertex 0.28643007 11.57776732 0.20000000
    endloop
  endfacet
  facet normal 0.24208146 0.97025593 -0.00000000
    outer loop
      vertex 0.24761794 11.58862162 0.00000000
      vertex 0.24761794 11.58862162 0.20000000
      vertex 0.26776636 11.58359454 0.20000000
    endloop
  endfacet
  facet normal 0.24208146 0.97025593 -0.00000000
    outer loop
      vertex 0.26776636 11.58359454 0.00000000
      vertex 0.24761794 11.58862162 0.00000000
      vertex 0.26776636 11.58359454 0.20000000
    endloop
  endfacet
  facet normal 0.18808927 0.98215194 -0.00000000
    outer loop
      vertex 0.22590495 11.59277982 0.00000000
      vertex 0.22590495 11.59277982 0.20000000
      vertex 0.24761794 11.58862162 0.20000000
    endloop
  endfacet
  facet normal 0.18808927 0.98215194 -0.00000000
    outer loop
      vertex 0.24761794 11.58862162 0.00000000
      vertex 0.22590495 11.59277982 0.00000000
      vertex 0.24761794 11.58862162 0.20000000
    endloop
  endfacet
  facet normal 0.13643351 0.99064923 -0.00000000
    outer loop
      vertex 0.20257072 11.59599344 0.00000000
      vertex 0.20257072 11.59599344 0.20000000
      vertex 0.22590495 11.59277982 0.20000000
    endloop
  endfacet
  facet normal 0.13643351 0.99064923 -0.00000000
    outer loop
      vertex 0.22590495 11.59277982 0.00000000
      vertex 0.20257072 11.59599344 0.00000000
      vertex 0.22590495 11.59277982 0.20000000
    endloop
  endfacet
  facet normal 0.08736710 0.99617618 -0.00000000
    outer loop
      vertex 0.17757972 11.59818521 0.00000000
      vertex 0.17757972 11.59818521 0.20000000
      vertex 0.20257072 11.59599344 0.20000000
    endloop
  endfacet
  facet normal 0.08736710 0.99617618 -0.00000000
    outer loop
      vertex 0.20257072 11.59599344 0.00000000
      vertex 0.17757972 11.59818521 0.00000000
      vertex 0.20257072 11.59599344 0.20000000
    endloop
  endfacet
  facet normal 0.04103379 0.99915776 -0.00000000
    outer loop
      vertex 0.15091443 11.59928031 0.00000000
      vertex 0.15091443 11.59928031 0.20000000
      vertex 0.17757972 11.59818521 0.20000000
    endloop
  endfacet
  facet normal 0.04103379 0.99915776 -0.00000000
    outer loop
      vertex 0.17757972 11.59818521 0.00000000
      vertex 0.15091443 11.59928031 0.00000000
      vertex 0.17757972 11.59818521 0.20000000
    endloop
  endfacet
  facet normal -0.00251325 0.99999684 0.00000000
    outer loop
      vertex 0.12257194 11.59920908 0.00000000
      vertex 0.12257194 11.59920908 0.20000000
      vertex 0.15091443 11.59928031 0.20000000
    endloop
  endfacet
  facet normal -0.00251325 0.99999684 0.00000000
    outer loop
      vertex 0.15091443 11.59928031 0.00000000
      vertex 0.12257194 11.59920908 0.00000000
      vertex 0.15091443 11.59928031 0.20000000
    endloop
  endfacet
  facet normal -0.04329204 0.99906246 0.00000000
    outer loop
      vertex 0.09256049 11.59790860 0.00000000
      vertex 0.09256049 11.59790860 0.20000000
      vertex 0.12257194 11.59920908 0.20000000
    endloop
  endfacet
  facet normal -0.04329204 0.99906246 0.00000000
    outer loop
      vertex 0.12257194 11.59920908 0.00000000
      vertex 0.09256049 11.59790860 0.00000000
      vertex 0.12257194 11.59920908 0.20000000
    endloop
  endfacet
  facet normal -0.08137360 0.99668367 0.00000000
    outer loop
      vertex 0.06089645 11.59532341 0.00000000
      vertex 0.06089645 11.59532341 0.20000000
      vertex 0.09256049 11.59790860 0.20000000
    endloop
  endfacet
  facet normal -0.08137360 0.99668367 0.00000000
    outer loop
      vertex 0.09256049 11.59790860 0.00000000
      vertex 0.06089645 11.59532341 0.00000000
      vertex 0.09256049 11.59790860 0.20000000
    endloop
  endfacet
  facet normal -0.11686624 0.99314766 0.00000000
    outer loop
      vertex 0.02760164 11.59140553 0.00000000
      vertex 0.02760164 11.59140553 0.20000000
      vertex 0.06089645 11.59532341 0.20000000
    endloop
  endfacet
  facet normal -0.11686624 0.99314766 0.00000000
    outer loop
      vertex 0.06089645 11.59532341 0.00000000
      vertex 0.02760164 11.59140553 0.00000000
      vertex 0.06089645 11.59532341 0.20000000
    endloop
  endfacet
  facet normal -0.14990239 0.98870080 0.00000000
    outer loop
      vertex -0.00866164 11.58590745 0.00000000
      vertex -0.00866164 11.58590745 0.20000000
      vertex 0.02760164 11.59140553 0.20000000
    endloop
  endfacet
  facet normal -0.14990239 0.98870080 0.00000000
    outer loop
      vertex 0.02760164 11.59140553 0.00000000
      vertex -0.00866164 11.58590745 0.00000000
      vertex 0.02760164 11.59140553 0.20000000
    endloop
  endfacet
  facet normal -0.16554470 0.98620229 0.00000000
    outer loop
      vertex -0.79380093 11.45411334 0.00000000
      vertex -0.79380093 11.45411334 0.20000000
      vertex -0.00866164 11.58590745 0.20000000
    endloop
  endfacet
  facet normal -0.16554470 0.98620229 0.00000000
    outer loop
      vertex -0.00866164 11.58590745 0.00000000
      vertex -0.79380093 11.45411334 0.00000000
      vertex -0.00866164 11.58590745 0.20000000
    endloop
  endfacet
  facet normal -0.37754935 0.92598946 0.00000000
    outer loop
      vertex -1.73544097 11.07018286 0.00000000
      vertex -1.73544097 11.07018286 0.20000000
      vertex -0.79380093 11.45411334 0.20000000
    endloop
  endfacet
  facet normal -0.37754935 0.92598946 0.00000000
    outer loop
      vertex -0.79380093 11.45411334 0.00000000
      vertex -1.73544097 11.07018286 0.00000000
      vertex -0.79380093 11.45411334 0.20000000
    endloop
  endfacet
  facet normal -0.39134765 0.92024291 0.00000000
    outer loop
      vertex -1.77999190 11.05123688 0.00000000
      vertex -1.77999190 11.05123688 0.20000000
      vertex -1.73544097 11.07018286 0.20000000
    endloop
  endfacet
  facet normal -0.39134765 0.92024291 0.00000000
    outer loop
      vertex -1.73544097 11.07018286 0.00000000
      vertex -1.77999190 11.05123688 0.00000000
      vertex -1.73544097 11.07018286 0.20000000
    endloop
  endfacet
  facet normal -0.41954313 0.90773540 0.00000000
    outer loop
      vertex -1.82155654 11.03202626 0.00000000
      vertex -1.82155654 11.03202626 0.20000000
      vertex -1.77999190 11.05123688 0.20000000
    endloop
  endfacet
  facet normal -0.41954313 0.90773540 0.00000000
    outer loop
      vertex -1.77999190 11.05123688 0.00000000
      vertex -1.82155654 11.03202626 0.00000000
      vertex -1.77999190 11.05123688 0.20000000
    endloop
  endfacet
  facet normal -0.44848866 0.89378852 0.00000000
    outer loop
      vertex -1.86135876 11.01205415 0.00000000
      vertex -1.86135876 11.01205415 0.20000000
      vertex -1.82155654 11.03202626 0.20000000
    endloop
  endfacet
  facet normal -0.44848866 0.89378852 0.00000000
    outer loop
      vertex -1.82155654 11.03202626 0.00000000
      vertex -1.86135876 11.01205415 0.00000000
      vertex -1.82155654 11.03202626 0.20000000
    endloop
  endfacet
  facet normal -0.47811062 0.87829963 0.00000000
    outer loop
      vertex -1.89941350 10.99133870 0.00000000
      vertex -1.89941350 10.99133870 0.20000000
      vertex -1.86135876 11.01205415 0.20000000
    endloop
  endfacet
  facet normal -0.47811062 0.87829963 0.00000000
    outer loop
      vertex -1.86135876 11.01205415 0.00000000
      vertex -1.89941350 10.99133870 0.00000000
      vertex -1.86135876 11.01205415 0.20000000
    endloop
  endfacet
  facet normal -0.50831635 0.86117042 0.00000000
    outer loop
      vertex -1.93573927 10.96989697 0.00000000
      vertex -1.93573927 10.96989697 0.20000000
      vertex -1.89941350 10.99133870 0.20000000
    endloop
  endfacet
  facet normal -0.50831635 0.86117042 0.00000000
    outer loop
      vertex -1.89941350 10.99133870 0.00000000
      vertex -1.93573927 10.96989697 0.00000000
      vertex -1.89941350 10.99133870 0.20000000
    endloop
  endfacet
  facet normal -0.53899293 0.84231029 0.00000000
    outer loop
      vertex -1.97035829 10.94774431 0.00000000
      vertex -1.97035829 10.94774431 0.20000000
      vertex -1.93573927 10.96989697 0.20000000
    endloop
  endfacet
  facet normal -0.53899293 0.84231029 0.00000000
    outer loop
      vertex -1.93573927 10.96989697 0.00000000
      vertex -1.97035829 10.94774431 0.00000000
      vertex -1.93573927 10.96989697 0.20000000
    endloop
  endfacet
  facet normal -0.57000661 0.82164010 0.00000000
    outer loop
      vertex -2.00329655 10.92489364 0.00000000
      vertex -2.00329655 10.92489364 0.20000000
      vertex -1.97035829 10.94774431 0.20000000
    endloop
  endfacet
  facet normal -0.57000661 0.82164010 0.00000000
    outer loop
      vertex -1.97035829 10.94774431 0.00000000
      vertex -2.00329655 10.92489364 0.00000000
      vertex -1.97035829 10.94774431 0.20000000
    endloop
  endfacet
  facet normal -0.60120289 0.79909642 0.00000000
    outer loop
      vertex -2.03458367 10.90135467 0.00000000
      vertex -2.03458367 10.90135467 0.20000000
      vertex -2.00329655 10.92489364 0.20000000
    endloop
  endfacet
  facet normal -0.60120289 0.79909642 0.00000000
    outer loop
      vertex -2.00329655 10.92489364 0.00000000
      vertex -2.03458367 10.90135467 0.00000000
      vertex -2.00329655 10.92489364 0.20000000
    endloop
  endfacet
  facet normal -0.63240761 0.77463580 0.00000000
    outer loop
      vertex -2.06425266 10.87713310 0.00000000
      vertex -2.06425266 10.87713310 0.20000000
      vertex -2.03458367 10.90135467 0.20000000
    endloop
  endfacet
  facet normal -0.63240761 0.77463580 0.00000000
    outer loop
      vertex -2.03458367 10.90135467 0.00000000
      vertex -2.06425266 10.87713310 0.00000000
      vertex -2.03458367 10.90135467 0.20000000
    endloop
  endfacet
  facet normal -0.66342904 0.74823920 0.00000000
    outer loop
      vertex -2.09233941 10.85222989 0.00000000
      vertex -2.09233941 10.85222989 0.20000000
      vertex -2.06425266 10.87713310 0.20000000
    endloop
  endfacet
  facet normal -0.66342904 0.74823920 0.00000000
    outer loop
      vertex -2.06425266 10.87713310 0.00000000
      vertex -2.09233941 10.85222989 0.00000000
      vertex -2.06425266 10.87713310 0.20000000
    endloop
  endfacet
  facet normal -0.69406126 0.71991595 0.00000000
    outer loop
      vertex -2.11888197 10.82664056 0.00000000
      vertex -2.11888197 10.82664056 0.20000000
      vertex -2.09233941 10.85222989 0.20000000
    endloop
  endfacet
  facet normal -0.69406126 0.71991595 0.00000000
    outer loop
      vertex -2.09233941 10.85222989 0.00000000
      vertex -2.11888197 10.82664056 0.00000000
      vertex -2.09233941 10.85222989 0.20000000
    endloop
  endfacet
  facet normal -0.72408852 0.68970705 0.00000000
    outer loop
      vertex -2.14391968 10.80035473 0.00000000
      vertex -2.14391968 10.80035473 0.20000000
      vertex -2.11888197 10.82664056 0.20000000
    endloop
  endfacet
  facet normal -0.72408852 0.68970705 0.00000000
    outer loop
      vertex -2.11888197 10.82664056 0.00000000
      vertex -2.14391968 10.80035473 0.00000000
      vertex -2.11888197 10.82664056 0.20000000
    endloop
  endfacet
  facet normal -0.75329087 0.65768752 0.00000000
    outer loop
      vertex -2.16749208 10.77335578 0.00000000
      vertex -2.16749208 10.77335578 0.20000000
      vertex -2.14391968 10.80035473 0.20000000
    endloop
  endfacet
  facet normal -0.75329087 0.65768752 0.00000000
    outer loop
      vertex -2.14391968 10.80035473 0.00000000
      vertex -2.16749208 10.77335578 0.00000000
      vertex -2.14391968 10.80035473 0.20000000
    endloop
  endfacet
  facet normal -0.78145046 0.62396729 0.00000000
    outer loop
      vertex -2.18963771 10.74562082 0.00000000
      vertex -2.18963771 10.74562082 0.20000000
      vertex -2.16749208 10.77335578 0.20000000
    endloop
  endfacet
  facet normal -0.78145046 0.62396729 0.00000000
    outer loop
      vertex -2.16749208 10.77335578 0.00000000
      vertex -2.18963771 10.74562082 0.00000000
      vertex -2.16749208 10.77335578 0.20000000
    endloop
  endfacet
  facet normal -0.80835844 0.58869061 0.00000000
    outer loop
      vertex -2.21039284 10.71712098 0.00000000
      vertex -2.21039284 10.71712098 0.20000000
      vertex -2.18963771 10.74562082 0.20000000
    endloop
  endfacet
  facet normal -0.80835844 0.58869061 0.00000000
    outer loop
      vertex -2.18963771 10.74562082 0.00000000
      vertex -2.21039284 10.71712098 0.00000000
      vertex -2.18963771 10.74562082 0.20000000
    endloop
  endfacet
  facet normal -0.83382184 0.55203364 0.00000000
    outer loop
      vertex -2.22979031 10.68782198 0.00000000
      vertex -2.22979031 10.68782198 0.20000000
      vertex -2.21039284 10.71712098 0.20000000
    endloop
  endfacet
  facet normal -0.83382184 0.55203364 0.00000000
    outer loop
      vertex -2.21039284 10.71712098 0.00000000
      vertex -2.22979031 10.68782198 0.00000000
      vertex -2.21039284 10.71712098 0.20000000
    endloop
  endfacet
  facet normal -0.85767006 0.51420041 0.00000000
    outer loop
      vertex -2.24785839 10.65768500 0.00000000
      vertex -2.24785839 10.65768500 0.20000000
      vertex -2.22979031 10.68782198 0.20000000
    endloop
  endfacet
  facet normal -0.85767006 0.51420041 0.00000000
    outer loop
      vertex -2.22979031 10.68782198 0.00000000
      vertex -2.24785839 10.65768500 0.00000000
      vertex -2.22979031 10.68782198 0.20000000
    endloop
  endfacet
  facet normal -0.87976044 0.47541725 0.00000000
    outer loop
      vertex -2.26461991 10.62666778 0.00000000
      vertex -2.26461991 10.62666778 0.20000000
      vertex -2.24785839 10.65768500 0.20000000
    endloop
  endfacet
  facet normal -0.87976044 0.47541725 0.00000000
    outer loop
      vertex -2.24785839 10.65768500 0.00000000
      vertex -2.26461991 10.62666778 0.00000000
      vertex -2.24785839 10.65768500 0.20000000
    endloop
  endfacet
  facet normal -0.89998248 0.43592607 0.00000000
    outer loop
      vertex -2.28009164 10.59472592 0.00000000
      vertex -2.28009164 10.59472592 0.20000000
      vertex -2.26461991 10.62666778 0.20000000
    endloop
  endfacet
  facet normal -0.89998248 0.43592607 0.00000000
    outer loop
      vertex -2.26461991 10.62666778 0.00000000
      vertex -2.28009164 10.59472592 0.00000000
      vertex -2.26461991 10.62666778 0.20000000
    endloop
  endfacet
  facet normal -0.91826045 0.39597695 0.00000000
    outer loop
      vertex -2.29428398 10.56181423 0.00000000
      vertex -2.29428398 10.56181423 0.20000000
      vertex -2.28009164 10.59472592 0.20000000
    endloop
  endfacet
  facet normal -0.91826045 0.39597695 0.00000000
    outer loop
      vertex -2.28009164 10.59472592 0.00000000
      vertex -2.29428398 10.56181423 0.00000000
      vertex -2.28009164 10.59472592 0.20000000
    endloop
  endfacet
  facet normal -0.93455430 0.35582054 0.00000000
    outer loop
      vertex -2.30720096 10.52788809 0.00000000
      vertex -2.30720096 10.52788809 0.20000000
      vertex -2.29428398 10.56181423 0.20000000
    endloop
  endfacet
  facet normal -0.93455430 0.35582054 0.00000000
    outer loop
      vertex -2.29428398 10.56181423 0.00000000
      vertex -2.30720096 10.52788809 0.00000000
      vertex -2.29428398 10.56181423 0.20000000
    endloop
  endfacet
  facet normal -0.94885880 0.31570077 0.00000000
    outer loop
      vertex -2.31884053 10.49290464 0.00000000
      vertex -2.31884053 10.49290464 0.20000000
      vertex -2.30720096 10.52788809 0.20000000
    endloop
  endfacet
  facet normal -0.94885880 0.31570077 0.00000000
    outer loop
      vertex -2.30720096 10.52788809 0.00000000
      vertex -2.31884053 10.49290464 0.00000000
      vertex -2.30720096 10.52788809 0.20000000
    endloop
  endfacet
  facet normal -0.96120113 0.27584847 0.00000000
    outer loop
      vertex -2.32919508 10.45682392 0.00000000
      vertex -2.32919508 10.45682392 0.20000000
      vertex -2.31884053 10.49290464 0.20000000
    endloop
  endfacet
  facet normal -0.96120113 0.27584847 0.00000000
    outer loop
      vertex -2.31884053 10.49290464 0.00000000
      vertex -2.32919508 10.45682392 0.00000000
      vertex -2.31884053 10.49290464 0.20000000
    endloop
  endfacet
  facet normal -0.97163734 0.23647595 0.00000000
    outer loop
      vertex -2.33825225 10.41960965 0.00000000
      vertex -2.33825225 10.41960965 0.20000000
      vertex -2.32919508 10.45682392 0.20000000
    endloop
  endfacet
  facet normal -0.97163734 0.23647595 0.00000000
    outer loop
      vertex -2.32919508 10.45682392 0.00000000
      vertex -2.33825225 10.41960965 0.00000000
      vertex -2.32919508 10.45682392 0.20000000
    endloop
  endfacet
  facet normal -0.98024784 0.19777304 0.00000000
    outer loop
      vertex -2.34599568 10.38122989 0.00000000
      vertex -2.34599568 10.38122989 0.20000000
      vertex -2.33825225 10.41960965 0.20000000
    endloop
  endfacet
  facet normal -0.98024784 0.19777304 0.00000000
    outer loop
      vertex -2.33825225 10.41960965 0.00000000
      vertex -2.34599568 10.38122989 0.00000000
      vertex -2.33825225 10.41960965 0.20000000
    endloop
  endfacet
  facet normal -0.98713249 0.15990449 0.00000000
    outer loop
      vertex -2.35240600 10.34165730 0.00000000
      vertex -2.35240600 10.34165730 0.20000000
      vertex -2.34599568 10.38122989 0.20000000
    endloop
  endfacet
  facet normal -0.98713249 0.15990449 0.00000000
    outer loop
      vertex -2.34599568 10.38122989 0.00000000
      vertex -2.35240600 10.34165730 0.00000000
      vertex -2.34599568 10.38122989 0.20000000
    endloop
  endfacet
  facet normal -0.99240559 0.12300870 0.00000000
    outer loop
      vertex -2.35746167 10.30086935 0.00000000
      vertex -2.35746167 10.30086935 0.20000000
      vertex -2.35240600 10.34165730 0.20000000
    endloop
  endfacet
  facet normal -0.99240559 0.12300870 0.00000000
    outer loop
      vertex -2.35240600 10.34165730 0.00000000
      vertex -2.35746167 10.30086935 0.00000000
      vertex -2.35240600 10.34165730 0.20000000
    endloop
  endfacet
  facet normal -0.99619103 0.08719770 0.00000000
    outer loop
      vertex -2.36113983 10.25884816 0.00000000
      vertex -2.36113983 10.25884816 0.20000000
      vertex -2.35746167 10.30086935 0.20000000
    endloop
  endfacet
  facet normal -0.99619103 0.08719770 0.00000000
    outer loop
      vertex -2.35746167 10.30086935 0.00000000
      vertex -2.36113983 10.25884816 0.00000000
      vertex -2.35746167 10.30086935 0.20000000
    endloop
  endfacet
  facet normal -0.99861787 0.05255803 0.00000000
    outer loop
      vertex -2.36341705 10.21558030 0.00000000
      vertex -2.36341705 10.21558030 0.20000000
      vertex -2.36113983 10.25884816 0.20000000
    endloop
  endfacet
  facet normal -0.99861787 0.05255803 0.00000000
    outer loop
      vertex -2.36113983 10.25884816 0.00000000
      vertex -2.36341705 10.21558030 0.00000000
      vertex -2.36113983 10.25884816 0.20000000
    endloop
  endfacet
  facet normal -0.99981657 0.01915250 0.00000000
    outer loop
      vertex -2.36426995 10.17105644 0.00000000
      vertex -2.36426995 10.17105644 0.20000000
      vertex -2.36341705 10.21558030 0.20000000
    endloop
  endfacet
  facet normal -0.99981657 0.01915250 0.00000000
    outer loop
      vertex -2.36341705 10.21558030 0.00000000
      vertex -2.36426995 10.17105644 0.00000000
      vertex -2.36341705 10.21558030 0.20000000
    endloop
  endfacet
  facet normal -0.99991579 -0.01297769 0.00000000
    outer loop
      vertex -2.36367571 10.12527091 0.00000000
      vertex -2.36367571 10.12527091 0.20000000
      vertex -2.36426995 10.17105644 0.20000000
    endloop
  endfacet
  facet normal -0.99991579 -0.01297769 0.00000000
    outer loop
      vertex -2.36426995 10.17105644 0.00000000
      vertex -2.36367571 10.12527091 0.00000000
      vertex -2.36426995 10.17105644 0.20000000
    endloop
  endfacet
  facet normal -0.99903986 -0.04381040 0.00000000
    outer loop
      vertex -2.36155475 10.07690525 0.00000000
      vertex -2.36155475 10.07690525 0.20000000
      vertex -2.36367571 10.12527091 0.20000000
    endloop
  endfacet
  facet normal -0.99903986 -0.04381040 0.00000000
    outer loop
      vertex -2.36367571 10.12527091 0.00000000
      vertex -2.36155475 10.07690525 0.00000000
      vertex -2.36367571 10.12527091 0.20000000
    endloop
  endfacet
  facet normal -0.99827344 -0.05873783 0.00000000
    outer loop
      vertex -1.21177055 -9.46414589 0.00000000
      vertex -1.21177055 -9.46414589 0.20000000
      vertex -2.36155475 10.07690525 0.20000000
    endloop
  endfacet
  facet normal -0.99827344 -0.05873783 0.00000000
    outer loop
      vertex -2.36155475 10.07690525 0.00000000
      vertex -1.21177055 -9.46414589 0.00000000
      vertex -2.36155475 10.07690525 0.20000000
    endloop
  endfacet
endsolid green_island_03
