solid green_island_06
  facet normal 0.00000000 0.00000000 1.00000000
    outer loop
      vertex -12.69510483 -11.32400827 0.20000000
      vertex -8.14707189 -10.86748585 0.20000000
      vertex -8.06886994 -10.85838211 0.20000000
    endloop
  endfacet
  facet normal 0.00000000 0.00000000 1.00000000
    outer loop
      vertex -12.69510483 -11.32400827 0.20000000
      vertex -8.06886994 -10.85838211 0.20000000
      vertex -7.99515211 -10.84731255 0.20000000
    endloop
  endfacet
  facet normal 0.00000000 0.00000000 1.00000000
    outer loop
      vertex -12.69510483 -11.32400827 0.20000000
      vertex -7.99515211 -10.84731255 0.20000000
      vertex -7.92454844 -10.83415578 0.20000000
    endloop
  endfacet
  facet normal 0.00000000 0.00000000 1.00000000
    outer loop
      vertex -12.69510483 -11.32400827 0.20000000
      vertex -7.92454844 -10.83415578 0.20000000
      vertex -7.85705895 -10.81895411 0.20000000
    endloop
  endfacet
  facet normal 0.00000000 0.00000000 1.00000000
    outer loop
      vertex -12.69510483 -11.32400827 0.20000000
      vertex -7.85705895 -10.81895411 0.20000000
      vertex -7.79267705 -10.80175308 0.20000000
    endloop
  endfacet
  facet normal 0.00000000 0.00000000 1.00000000
    outer loop
      vertex -12.69510483 -11.32400827 0.20000000
      vertex -7.79267705 -10.80175308 0.20000000
      vertex -7.73138786 -10.78260046 0.20000000
    endloop
  endfacet
  facet normal 0.00000000 0.00000000 1.00000000
    outer loop
      vertex -12.69510483 -11.32400827 0.20000000
      vertex -7.73138786 -10.78260046 0.20000000
      vertex -7.67316656 -10.76154489 0.20000000
    endloop
  endfacet
  facet normal 0.00000000 0.00000000 1.00000000
    outer loop
      vertex -12.69510483 -11.32400827 0.20000000
      vertex -7.67316656 -10.76154489 0.20000000
      vertex -7.61797692 -10.73863389 0.20000000
    endloop
  endfacet
  facet normal 0.00000000 0.00000000 1.00000000
    outer loop
      vertex -12.69510483 -11.32400827 0.20000000
      vertex -7.61797692 -10.73863389 0.20000000
      vertex -7.56577006 -10.71391133 0.20000000
    endloop
  endfacet
  facet normal 0.00000000 0.00000000 1.00000000
    outer loop
      vertex -12.69510483 -11.32400827 0.20000000
      vertex -7.56577006 -10.71391133 0.20000000
      vertex -7.51648395 -10.68741429 0.20000000
    endloop
  endfacet
  facet normal 0.00000000 0.00000000 1.00000000
    outer loop
      vertex -12.69510483 -11.32400827 0.20000000
      vertex -7.51648395 -10.68741429 0.20000000
      vertex -7.47004367 -10.65916964 0.20000000
    endloop
  endfacet
  facet normal 0.00000000 0.00000000 1.00000000
    outer loop
      vertex -12.69510483 -11.32400827 0.20000000
      vertex -7.47004367 -10.65916964 0.20000000
      vertex -7.42636289 -10.62919050 0.20000000
    endloop
  endfacet
  facet normal 0.00000000 0.00000000 1.00000000
    outer loop
      vertex -12.69510483 -11.32400827 0.20000000
      vertex -7.42636289 -10.62919050 0.20000000
      vertex -7.38534661 -10.59747300 0.20000000
    endloop
  endfacet
  facet normal 0.00000000 0.00000000 1.00000000
    outer loop
      vertex -12.69510483 -11.32400827 0.20000000
      vertex -7.38534661 -10.59747300 0.20000000
      vertex -7.34689509 -10.56399395 0.20000000
    endloop
  endfacet
  facet normal 0.00000000 0.00000000 1.00000000
    outer loop
      vertex -12.69510483 -11.32400827 0.20000000
      vertex -7.34689509 -10.56399395 0.20000000
      vertex -7.31090890 -10.52870972 0.20000000
    endloop
  endfacet
  facet normal 0.00000000 0.00000000 1.00000000
    outer loop
      vertex -12.69510483 -11.32400827 0.20000000
      vertex -7.31090890 -10.52870972 0.20000000
      vertex -7.27729436 -10.49155688 0.20000000
    endloop
  endfacet
  facet normal 0.00000000 0.00000000 1.00000000
    outer loop
      vertex -12.69510483 -11.32400827 0.20000000
      vertex -7.27729436 -10.49155688 0.20000000
      vertex -7.24596899 -10.45245456 0.20000000
    endloop
  endfacet
  facet normal 0.00000000 0.00000000 1.00000000
    outer loop
      vertex -12.69510483 -11.32400827 0.20000000
      vertex -7.24596899 -10.45245456 0.20000000
      vertex -7.21686609 -10.41130843 0.20000000
    endloop
  endfacet
  facet normal 0.00000000 0.00000000 1.00000000
    outer loop
      vertex -12.69510483 -11.32400827 0.20000000
      vertex -7.21686609 -10.41130843 0.20000000
      vertex -7.18993793 -10.36801593 0.20000000
    endloop
  endfacet
  facet normal 0.00000000 0.00000000 1.00000000
    outer loop
      vertex -12.69510483 -11.32400827 0.20000000
      vertex -7.18993793 -10.36801593 0.20000000
      vertex -7.16515731 -10.32247193 0.20000000
    endloop
  endfacet
  facet normal 0.00000000 0.00000000 1.00000000
    outer loop
      vertex -12.69510483 -11.32400827 0.20000000
      vertex -7.16515731 -10.32247193 0.20000000
      vertex -7.14251719 -10.27457428 0.20000000
    endloop
  endfacet
  facet normal 0.00000000 0.00000000 1.00000000
    outer loop
      vertex -12.69510483 -11.32400827 0.20000000
      vertex -7.14251719 -10.27457428 0.20000000
      vertex -7.12202889 -10.22422858 0.20000000
    endloop
  endfacet
  facet normal 0.00000000 0.00000000 1.00000000
    outer loop
      vertex -12.69510483 -11.32400827 0.20000000
      vertex -7.12202889 -10.22422858 0.20000000
      vertex -7.10371912 -10.17135169 0.20000000
    endloop
  endfacet
  facet normal 0.00000000 0.00000000 1.00000000
    outer loop
      vertex -12.69510483 -11.32400827 0.20000000
      vertex -7.10371912 -10.17135169 0.20000000
      vertex -7.08762631 -10.11587392 0.20000000
    endloop
  endfacet
  facet normal 0.00000000 0.00000000 1.00000000
    outer loop
      vertex -12.69510483 -11.32400827 0.20000000
      vertex -7.08762631 -10.11587392 0.20000000
      vertex -7.07379698 -10.05773993 0.20000000
    endloop
  endfacet
  facet normal 0.00000000 0.00000000 1.00000000
    outer loop
      vertex -12.69510483 -11.32400827 0.20000000
      vertex -7.07379698 -10.05773993 0.20000000
      vertex -7.06228220 -9.99690848 0.20000000
    endloop
  endfacet
  facet normal 0.00000000 0.00000000 1.00000000
    outer loop
      vertex -12.69510483 -11.32400827 0.20000000
      vertex -7.06228220 -9.99690848 0.20000000
      vertex -7.05313467 -9.93335133 0.20000000
    endloop
  endfacet
  facet normal 0.00000000 0.00000000 1.00000000
    outer loop
      vertex -12.69510483 -11.32400827 0.20000000
      vertex -7.05313467 -9.93335133 0.20000000
      vertex -7.04640635 -9.86705175 0.20000000
    endloop
  endfacet
  facet normal 0.00000000 0.00000000 1.00000000
    outer loop
      vertex -12.69510483 -11.32400827 0.20000000
      vertex -7.04640635 -9.86705175 0.20000000
      vertex -7.04214678 -9.79800266 0.20000000
    endloop
  endfacet
  facet normal 0.00000000 0.00000000 1.00000000
    outer loop
      vertex -12.69510483 -11.32400827 0.20000000
      vertex -7.04214678 -9.79800266 0.20000000
      vertex -7.04040195 -9.72620478 0.20000000
    endloop
  endfacet
  facet normal 0.00000000 0.00000000 1.00000000
    outer loop
      vertex -12.69510483 -11.32400827 0.20000000
      vertex -7.04040195 -9.72620478 0.20000000
      vertex -7.04121365 -9.65166490 0.20000000
    endloop
  endfacet
  facet normal 0.00000000 0.00000000 1.00000000
    outer loop
      vertex -12.69510483 -11.32400827 0.20000000
      vertex -7.04121365 -9.65166490 0.20000000
      vertex -7.04468019 -9.57301119 0.20000000
    endloop
  endfacet
  facet normal 0.00000000 0.00000000 1.00000000
    outer loop
      vertex -12.69510483 -11.32400827 0.20000000
      vertex -7.04468019 -9.57301119 0.20000000
      vertex -7.77273515 2.56823073 0.20000000
    endloop
  endfacet
  facet normal 0.00000000 0.00000000 1.00000000
    outer loop
      vertex -12.69510483 -11.32400827 0.20000000
      vertex -7.77273515 2.56823073 0.20000000
      vertex -7.77638709 2.65108558 0.20000000
    endloop
  endfacet
  facet normal 0.00000000 0.00000000 1.00000000
    outer loop
      vertex -12.69510483 -11.32400827 0.20000000
      vertex -7.77638709 2.65108558 0.20000000
      vertex -7.77728523 2.73345389 0.20000000
    endloop
  endfacet
  facet normal 0.00000000 0.00000000 1.00000000
    outer loop
      vertex -12.69510483 -11.32400827 0.20000000
      vertex -7.77728523 2.73345389 0.20000000
      vertex -7.77533143 2.81396374 0.20000000
    endloop
  endfacet
  facet normal 0.00000000 0.00000000 1.00000000
    outer loop
      vertex -12.69510483 -11.32400827 0.20000000
      vertex -7.77533143 2.81396374 0.20000000
      vertex -7.77048413 2.89262169 0.20000000
    endloop
  endfacet
  facet normal 0.00000000 0.00000000 1.00000000
    outer loop
      vertex -12.69510483 -11.32400827 0.20000000
      vertex -7.77048413 2.89262169 0.20000000
      vertex -7.76269762 2.96942825 0.20000000
    endloop
  endfacet
  facet normal 0.00000000 0.00000000 1.00000000
    outer loop
      vertex -12.69510483 -11.32400827 0.20000000
      vertex -7.76269762 2.96942825 0.20000000
      vertex -7.75192272 3.04437617 0.20000000
    endloop
  endfacet
  facet normal 0.00000000 0.00000000 1.00000000
    outer loop
      vertex -12.69510483 -11.32400827 0.20000000
      vertex -7.75192272 3.04437617 0.20000000
      vertex -7.73810788 3.11744859 0.20000000
    endloop
  endfacet
  facet normal 0.00000000 0.00000000 1.00000000
    outer loop
      vertex -12.69510483 -11.32400827 0.20000000
      vertex -7.73810788 3.11744859 0.20000000
      vertex -7.72120088 3.18861729 0.20000000
    endloop
  endfacet
  facet normal 0.00000000 0.00000000 1.00000000
    outer loop
      vertex -12.69510483 -11.32400827 0.20000000
      vertex -7.72120088 3.18861729 0.20000000
      vertex -7.70115115 3.25784112 0.20000000
    endloop
  endfacet
  facet normal 0.00000000 0.00000000 1.00000000
    outer loop
      vertex -6.42076172 4.16098206 0.20000000
      vertex 17.79767322 6.67107086 0.20000000
      vertex 17.93497640 6.68750821 0.20000000
    endloop
  endfacet
  facet normal 0.00000000 0.00000000 1.00000000
    outer loop
      vertex -6.42076172 4.16098206 0.20000000
      vertex 17.93497640 6.68750821 0.20000000
      vertex 18.06551519 6.70756396 0.20000000
    endloop
  endfacet
  facet normal 0.00000000 0.00000000 1.00000000
    outer loop
      vertex -6.42076172 4.16098206 0.20000000
      vertex 18.06551519 6.70756396 0.20000000
      vertex 18.19065538 6.73136052 0.20000000
    endloop
  endfacet
  facet normal 0.00000000 0.00000000 1.00000000
    outer loop
      vertex -6.42076172 4.16098206 0.20000000
      vertex 18.19065538 6.73136052 0.20000000
      vertex 18.31039361 6.75885111 0.20000000
    endloop
  endfacet
  facet normal 0.00000000 0.00000000 1.00000000
    outer loop
      vertex -6.42076172 4.16098206 0.20000000
      vertex 18.31039361 6.75885111 0.20000000
      vertex 18.42473354 6.78998471 0.20000000
    endloop
  endfacet
  facet normal 0.00000000 0.00000000 1.00000000
    outer loop
      vertex -6.42076172 4.16098206 0.20000000
      vertex 18.42473354 6.78998471 0.20000000
      vertex 18.53368786 6.82470694 0.20000000
    endloop
  endfacet
  facet normal 0.00000000 0.00000000 1.00000000
    outer loop
      vertex -6.42076172 4.16098206 0.20000000
      vertex 18.53368786 6.82470694 0.20000000
      vertex 18.63728044 6.86296154 0.20000000
    endloop
  endfacet
  facet normal 0.00000000 0.00000000 1.00000000
    outer loop
      vertex -6.42076172 4.16098206 0.20000000
      vertex 18.63728044 6.86296154 0.20000000
      vertex 18.73554835 6.90469256 0.20000000
    endloop
  endfacet
  facet normal 0.00000000 0.00000000 1.00000000
    outer loop
      vertex -6.42076172 4.16098206 0.20000000
      vertex 18.73554835 6.90469256 0.20000000
      vertex 18.82854360 6.94984741 0.20000000
    endloop
  endfacet
  facet normal 0.00000000 0.00000000 1.00000000
    outer loop
      vertex -6.42076172 4.16098206 0.20000000
      vertex 18.82854360 6.94984741 0.20000000
      vertex 18.91633422 6.99838061 0.20000000
    endloop
  endfacet
  facet normal 0.00000000 0.00000000 1.00000000
    outer loop
      vertex -6.42076172 4.16098206 0.20000000
      vertex 18.91633422 6.99838061 0.20000000
      vertex 18.99900416 7.05025817 0.20000000
    endloop
  endfacet
  facet normal 0.00000000 0.00000000 1.00000000
    outer loop
      vertex -6.42076172 4.16098206 0.20000000
      vertex 18.99900416 7.05025817 0.20000000
      vertex 19.07665192 7.10546222 0.20000000
    endloop
  endfacet
  facet normal 0.00000000 0.00000000 1.00000000
    outer loop
      vertex -6.42076172 4.16098206 0.20000000
      vertex 19.07665192 7.10546222 0.20000000
      vertex 19.14938723 7.16399533 0.20000000
    endloop
  endfacet
  facet normal 0.00000000 0.00000000 1.00000000
    outer loop
      vertex -6.42076172 4.16098206 0.20000000
      vertex 19.14938723 7.16399533 0.20000000
      vertex 19.21732622 7.22588379 0.20000000
    endloop
  endfacet
  facet normal 0.00000000 0.00000000 1.00000000
    outer loop
      vertex -6.42076172 4.16098206 0.20000000
      vertex 19.21732622 7.22588379 0.20000000
      vertex 19.28058497 7.29117920 0.20000000
    endloop
  endfacet
  facet normal 0.00000000 0.00000000 1.00000000
    outer loop
      vertex -6.50310930 4.15112609 0.20000000
      vertex -6.42076172 4.16098206 0.20000000
      vertex 19.28058497 7.29117920 0.20000000
    endloop
  endfacet
  facet normal 0.00000000 0.00000000 1.00000000
    outer loop
      vertex -6.50310930 4.15112609 0.20000000
      vertex 19.28058497 7.29117920 0.20000000
      vertex 19.33927239 7.35995780 0.20000000
    endloop
  endfacet
  facet normal 0.00000000 0.00000000 1.00000000
    outer loop
      vertex -6.50310930 4.15112609 0.20000000
      vertex 19.33927239 7.35995780 0.20000000
      vertex 19.39348316 7.43231733 0.20000000
    endloop
  endfacet
  facet normal 0.00000000 0.00000000 1.00000000
    outer loop
      vertex -6.50310930 4.15112609 0.20000000
      vertex 19.39348316 7.43231733 0.20000000
      vertex 19.44329184 7.50837163 0.20000000
    endloop
  endfacet
  facet normal 0.00000000 0.00000000 1.00000000
    outer loop
      vertex -6.50310930 4.15112609 0.20000000
      vertex 19.44329184 7.50837163 0.20000000
      vertex 19.48874888 7.58824368 0.20000000
    endloop
  endfacet
  facet normal 0.00000000 0.00000000 1.00000000
    outer loop
      vertex -6.50310930 4.15112609 0.20000000
      vertex 19.48874888 7.58824368 0.20000000
      vertex 19.52987914 7.67205808 0.20000000
    endloop
  endfacet
  facet normal 0.00000000 0.00000000 1.00000000
    outer loop
      vertex -6.50310930 4.15112609 0.20000000
      vertex 19.52987914 7.67205808 0.20000000
      vertex 19.56668277 7.75993386 0.20000000
    endloop
  endfacet
  facet normal 0.00000000 0.00000000 1.00000000
    outer loop
      vertex -6.50310930 4.15112609 0.20000000
      vertex 19.56668277 7.75993386 0.20000000
      vertex 19.59913816 7.85197868 0.20000000
    endloop
  endfacet
  facet normal 0.00000000 0.00000000 1.00000000
    outer loop
      vertex -6.50310930 4.15112609 0.20000000
      vertex 19.59913816 7.85197868 0.20000000
      vertex 19.62720626 7.94828468 0.20000000
    endloop
  endfacet
  facet normal 0.00000000 0.00000000 1.00000000
    outer loop
      vertex -6.50310930 4.15112609 0.20000000
      vertex 19.62720626 7.94828468 0.20000000
      vertex 19.65083547 8.04892631 0.20000000
    endloop
  endfacet
  facet normal 0.00000000 0.00000000 1.00000000
    outer loop
      vertex -6.50310930 4.15112609 0.20000000
      vertex 19.65083547 8.04892631 0.20000000
      vertex 19.66996648 8.15395995 0.20000000
    endloop
  endfacet
  facet normal 0.00000000 0.00000000 1.00000000
    outer loop
      vertex -6.50310930 4.15112609 0.20000000
      vertex 19.66996648 8.15395995 0.20000000
      vertex 19.68453655 8.26342478 0.20000000
    endloop
  endfacet
  facet normal 0.00000000 0.00000000 1.00000000
    outer loop
      vertex -6.58452945 4.13863192 0.20000000
      vertex -6.50310930 4.15112609 0.20000000
      vertex 19.68453655 8.26342478 0.20000000
    endloop
  endfacet
  facet normal 0.00000000 0.00000000 1.00000000
    outer loop
      vertex -6.58452945 4.13863192 0.20000000
      vertex 19.68453655 8.26342478 0.20000000
      vertex 19.69448297 8.37734470 0.20000000
    endloop
  endfacet
  facet normal 0.00000000 0.00000000 1.00000000
    outer loop
      vertex -6.58452945 4.13863192 0.20000000
      vertex 19.69448297 8.37734470 0.20000000
      vertex 19.69974560 8.49573061 0.20000000
    endloop
  endfacet
  facet normal 0.00000000 0.00000000 1.00000000
    outer loop
      vertex -6.58452945 4.13863192 0.20000000
      vertex 19.69974560 8.49573061 0.20000000
      vertex 19.70026861 8.61858297 0.20000000
    endloop
  endfacet
  facet normal 0.00000000 0.00000000 1.00000000
    outer loop
      vertex -6.58452945 4.13863192 0.20000000
      vertex 19.70026861 8.61858297 0.20000000
      vertex 19.69600141 8.74589414 0.20000000
    endloop
  endfacet
  facet normal 0.00000000 0.00000000 1.00000000
    outer loop
      vertex -6.58452945 4.13863192 0.20000000
      vertex 19.69600141 8.74589414 0.20000000
      vertex 19.68689911 8.87765057 0.20000000
    endloop
  endfacet
  facet normal 0.00000000 0.00000000 1.00000000
    outer loop
      vertex -6.58452945 4.13863192 0.20000000
      vertex 19.68689911 8.87765057 0.20000000
      vertex 19.67278118 9.01521159 0.20000000
    endloop
  endfacet
  facet normal 0.00000000 0.00000000 1.00000000
    outer loop
      vertex -6.58452945 4.13863192 0.20000000
      vertex 19.67278118 9.01521159 0.20000000
      vertex 19.61235277 9.52430237 0.20000000
    endloop
  endfacet
  facet normal 0.00000000 0.00000000 1.00000000
    outer loop
      vertex -6.66365254 4.12362560 0.20000000
      vertex -6.58452945 4.13863192 0.20000000
      vertex 19.61235277 9.52430237 0.20000000
    endloop
  endfacet
  facet normal 0.00000000 0.00000000 1.00000000
    outer loop
      vertex -6.66365254 4.12362560 0.20000000
      vertex 19.61235277 9.52430237 0.20000000
      vertex 19.59388138 9.66130446 0.20000000
    endloop
  endfacet
  facet normal 0.00000000 0.00000000 1.00000000
    outer loop
      vertex -6.66365254 4.12362560 0.20000000
      vertex 19.59388138 9.66130446 0.20000000
      vertex 19.57190515 9.79140381 0.20000000
    endloop
  endfacet
  facet normal 0.00000000 0.00000000 1.00000000
    outer loop
      vertex -6.66365254 4.12362560 0.20000000
      vertex 19.57190515 9.79140381 0.20000000
      vertex 19.54628258 9.91596208 0.20000000
    endloop
  endfacet
  facet normal 0.00000000 0.00000000 1.00000000
    outer loop
      vertex -6.66365254 4.12362560 0.20000000
      vertex 19.54628258 9.91596208 0.20000000
      vertex 19.51706197 10.03497538 0.20000000
    endloop
  endfacet
  facet normal 0.00000000 0.00000000 1.00000000
    outer loop
      vertex -6.66365254 4.12362560 0.20000000
      vertex 19.51706197 10.03497538 0.20000000
      vertex 19.48429608 10.14844701 0.20000000
    endloop
  endfacet
  facet normal 0.00000000 0.00000000 1.00000000
    outer loop
      vertex -6.74047829 4.10606504 0.20000000
      vertex -6.66365254 4.12362560 0.20000000
      vertex 19.48429608 10.14844701 0.20000000
    endloop
  endfacet
  facet normal 0.00000000 0.00000000 1.00000000
    outer loop
      vertex -6.74047829 4.10606504 0.20000000
      vertex 19.48429608 10.14844701 0.20000000
      vertex 19.44804136 10.25638959 0.20000000
    endloop
  endfacet
  facet normal 0.00000000 0.00000000 1.00000000
    outer loop
      vertex -6.74047829 4.10606504 0.20000000
      vertex 19.44804136 10.25638959 0.20000000
      vertex 19.40835633 10.35882732 0.20000000
    endloop
  endfacet
  facet normal 0.00000000 0.00000000 1.00000000
    outer loop
      vertex -6.74047829 4.10606504 0.20000000
      vertex 19.40835633 10.35882732 0.20000000
      vertex 19.36529931 10.45579819 0.20000000
    endloop
  endfacet
  facet normal 0.00000000 0.00000000 1.00000000
    outer loop
      vertex -6.74047829 4.10606504 0.20000000
      vertex 19.36529931 10.45579819 0.20000000
      vertex 19.31892527 10.54735590 0.20000000
    endloop
  endfacet
  facet normal 0.00000000 0.00000000 1.00000000
    outer loop
      vertex -6.74047829 4.10606504 0.20000000
      vertex 19.31892527 10.54735590 0.20000000
      vertex 19.26928173 10.63357103 0.20000000
    endloop
  endfacet
  facet normal 0.00000000 0.00000000 1.00000000
    outer loop
      vertex -6.74047829 4.10606504 0.20000000
      vertex 19.26928173 10.63357103 0.20000000
      vertex 19.21640408 10.71453107 0.20000000
    endloop
  endfacet
  facet normal 0.00000000 0.00000000 1.00000000
    outer loop
      vertex -6.74047829 4.10606504 0.20000000
      vertex 19.21640408 10.71453107 0.20000000
      vertex 19.16031057 10.79033891 0.20000000
    endloop
  endfacet
  facet normal 0.00000000 0.00000000 1.00000000
    outer loop
      vertex -6.74047829 4.10606504 0.20000000
      vertex 19.16031057 10.79033891 0.20000000
      vertex 19.10099765 10.86110942 0.20000000
    endloop
  endfacet
  facet normal 0.00000000 0.00000000 1.00000000
    outer loop
      vertex -6.74047829 4.10606504 0.20000000
      vertex 19.10099765 10.86110942 0.20000000
      vertex 19.03843632 10.92696408 0.20000000
    endloop
  endfacet
  facet normal 0.00000000 0.00000000 1.00000000
    outer loop
      vertex -6.74047829 4.10606504 0.20000000
      vertex 19.03843632 10.92696408 0.20000000
      vertex 18.97257050 10.98802412 0.20000000
    endloop
  endfacet
  facet normal 0.00000000 0.00000000 1.00000000
    outer loop
      vertex -6.74047829 4.10606504 0.20000000
      vertex 18.97257050 10.98802412 0.20000000
      vertex 18.90331778 11.04440269 0.20000000
    endloop
  endfacet
  facet normal 0.00000000 0.00000000 1.00000000
    outer loop
      vertex -6.81499979 4.08590507 0.20000000
      vertex -6.74047829 4.10606504 0.20000000
      vertex 18.90331778 11.04440269 0.20000000
    endloop
  endfacet
  facet normal 0.00000000 0.00000000 1.00000000
    outer loop
      vertex -6.81499979 4.08590507 0.20000000
      vertex 18.90331778 11.04440269 0.20000000
      vertex 18.83057300 11.09619728 0.20000000
    endloop
  endfacet
  facet normal 0.00000000 0.00000000 1.00000000
    outer loop
      vertex -6.81499979 4.08590507 0.20000000
      vertex 18.83057300 11.09619728 0.20000000
      vertex 18.75421425 11.14348339 0.20000000
    endloop
  endfacet
  facet normal 0.00000000 0.00000000 1.00000000
    outer loop
      vertex -6.81499979 4.08590507 0.20000000
      vertex 18.75421425 11.14348339 0.20000000
      vertex 18.67411054 11.18631041 0.20000000
    endloop
  endfacet
  facet normal 0.00000000 0.00000000 1.00000000
    outer loop
      vertex -6.81499979 4.08590507 0.20000000
      vertex 18.67411054 11.18631041 0.20000000
      vertex 18.59013013 11.22470023 0.20000000
    endloop
  endfacet
  facet normal 0.00000000 0.00000000 1.00000000
    outer loop
      vertex -6.81499979 4.08590507 0.20000000
      vertex 18.59013013 11.22470023 0.20000000
      vertex 18.50214818 11.25864853 0.20000000
    endloop
  endfacet
  facet normal 0.00000000 0.00000000 1.00000000
    outer loop
      vertex -6.81499979 4.08590507 0.20000000
      vertex 18.50214818 11.25864853 0.20000000
      vertex 18.41005301 11.28812824 0.20000000
    endloop
  endfacet
  facet normal 0.00000000 0.00000000 1.00000000
    outer loop
      vertex -6.81499979 4.08590507 0.20000000
      vertex 18.41005301 11.28812824 0.20000000
      vertex 18.31375027 11.31309444 0.20000000
    endloop
  endfacet
  facet normal 0.00000000 0.00000000 1.00000000
    outer loop
      vertex -6.81499979 4.08590507 0.20000000
      vertex 18.31375027 11.31309444 0.20000000
      vertex 18.21316500 11.33348978 0.20000000
    endloop
  endfacet
  facet normal 0.00000000 0.00000000 1.00000000
    outer loop
      vertex -6.81499979 4.08590507 0.20000000
      vertex 18.21316500 11.33348978 0.20000000
      vertex 18.10824178 11.34924969 0.20000000
    endloop
  endfacet
  facet normal 0.00000000 0.00000000 1.00000000
    outer loop
      vertex -6.81499979 4.08590507 0.20000000
      vertex 18.10824178 11.34924969 0.20000000
      vertex 17.99894344 11.36030694 0.20000000
    endloop
  endfacet
  facet normal 0.00000000 0.00000000 1.00000000
    outer loop
      vertex -6.81499979 4.08590507 0.20000000
      vertex 17.99894344 11.36030694 0.20000000
      vertex 17.88524883 11.36659520 0.20000000
    endloop
  endfacet
  facet normal 0.00000000 0.00000000 1.00000000
    outer loop
      vertex -6.81499979 4.08590507 0.20000000
      vertex 17.88524883 11.36659520 0.20000000
      vertex 17.76715017 11.36805161 0.20000000
    endloop
  endfacet
  facet normal 0.00000000 0.00000000 1.00000000
    outer loop
      vertex -6.81499979 4.08590507 0.20000000
      vertex 17.76715017 11.36805161 0.20000000
      vertex 17.64465028 11.36461842 0.20000000
    endloop
  endfacet
  facet normal 0.00000000 0.00000000 1.00000000
    outer loop
      vertex -6.81499979 4.08590507 0.20000000
      vertex 17.64465028 11.36461842 0.20000000
      vertex 17.51776000 11.35624387 0.20000000
    endloop
  endfacet
  facet normal 0.00000000 0.00000000 1.00000000
    outer loop
      vertex -6.81499979 4.08590507 0.20000000
      vertex 17.51776000 11.35624387 0.20000000
      vertex 17.38649588 11.34288244 0.20000000
    endloop
  endfacet
  facet normal 0.00000000 0.00000000 1.00000000
    outer loop
      vertex -6.81499979 4.08590507 0.20000000
      vertex 17.38649588 11.34288244 0.20000000
      vertex 17.24950760 11.32430894 0.20000000
    endloop
  endfacet
  facet normal 0.00000000 -0.00000000 1.00000000
    outer loop
      vertex -6.81499979 4.08590507 0.20000000
      vertex 17.24950760 11.32430894 0.20000000
      vertex -13.41200603 6.67037960 0.20000000
    endloop
  endfacet
  facet normal 0.00000000 -0.00000000 1.00000000
    outer loop
      vertex -6.88720187 4.06309833 0.20000000
      vertex -6.81499979 4.08590507 0.20000000
      vertex -13.41200603 6.67037960 0.20000000
    endloop
  endfacet
  facet normal 0.00000000 -0.00000000 1.00000000
    outer loop
      vertex -6.95705955 4.03759669 0.20000000
      vertex -6.88720187 4.06309833 0.20000000
      vertex -13.41200603 6.67037960 0.20000000
    endloop
  endfacet
  facet normal 0.00000000 -0.00000000 1.00000000
    outer loop
      vertex -7.02453648 4.00935321 0.20000000
      vertex -6.95705955 4.03759669 0.20000000
      vertex -13.41200603 6.67037960 0.20000000
    endloop
  endfacet
  facet normal 0.00000000 -0.00000000 1.00000000
    outer loop
      vertex -7.08958385 3.97832468 0.20000000
      vertex -7.02453648 4.00935321 0.20000000
      vertex -13.41200603 6.67037960 0.20000000
    endloop
  endfacet
  facet normal 0.00000000 -0.00000000 1.00000000
    outer loop
      vertex -7.15213984 3.94447466 0.20000000
      vertex -7.08958385 3.97832468 0.20000000
      vertex -13.41200603 6.67037960 0.20000000
    endloop
  endfacet
  facet normal 0.00000000 -0.00000000 1.00000000
    outer loop
      vertex -7.21212996 3.90777691 0.20000000
      vertex -7.15213984 3.94447466 0.20000000
      vertex -13.41200603 6.67037960 0.20000000
    endloop
  endfacet
  facet normal 0.00000000 -0.00000000 1.00000000
    outer loop
      vertex -7.26946851 3.86821886 0.20000000
      vertex -7.21212996 3.90777691 0.20000000
      vertex -13.41200603 6.67037960 0.20000000
    endloop
  endfacet
  facet normal 0.00000000 -0.00000000 1.00000000
    outer loop
      vertex -7.32406130 3.82580474 0.20000000
      vertex -7.26946851 3.86821886 0.20000000
      vertex -13.41200603 6.67037960 0.20000000
    endloop
  endfacet
  facet normal 0.00000000 -0.00000000 1.00000000
    outer loop
      vertex -7.37580959 3.78055791 0.20000000
      vertex -7.32406130 3.82580474 0.20000000
      vertex -13.41200603 6.67037960 0.20000000
    endloop
  endfacet
  facet normal 0.00000000 -0.00000000 1.00000000
    outer loop
      vertex -7.42461496 3.73252190 0.20000000
      vertex -7.37580959 3.78055791 0.20000000
      vertex -13.41200603 6.67037960 0.20000000
    endloop
  endfacet
  facet normal 0.00000000 -0.00000000 1.00000000
    outer loop
      vertex -7.47038481 3.68175976 0.20000000
      vertex -7.42461496 3.73252190 0.20000000
      vertex -13.41200603 6.67037960 0.20000000
    endloop
  endfacet
  facet normal 0.00000000 -0.00000000 1.00000000
    outer loop
      vertex -7.51303759 3.62835177 0.20000000
      vertex -7.47038481 3.68175976 0.20000000
      vertex -13.41200603 6.67037960 0.20000000
    endloop
  endfacet
  facet normal 0.00000000 -0.00000000 1.00000000
    outer loop
      vertex -7.55250734 3.57239141 0.20000000
      vertex -7.51303759 3.62835177 0.20000000
      vertex -13.41200603 6.67037960 0.20000000
    endloop
  endfacet
  facet normal 0.00000000 -0.00000000 1.00000000
    outer loop
      vertex -7.58874689 3.51398032 0.20000000
      vertex -7.55250734 3.57239141 0.20000000
      vertex -13.41200603 6.67037960 0.20000000
    endloop
  endfacet
  facet normal 0.00000000 -0.00000000 1.00000000
    outer loop
      vertex -7.62172929 3.45322267 0.20000000
      vertex -7.58874689 3.51398032 0.20000000
      vertex -13.41200603 6.67037960 0.20000000
    endloop
  endfacet
  facet normal 0.00000000 -0.00000000 1.00000000
    outer loop
      vertex -7.65144751 3.39021968 0.20000000
      vertex -7.62172929 3.45322267 0.20000000
      vertex -13.41200603 6.67037960 0.20000000
    endloop
  endfacet
  facet normal 0.00000000 -0.00000000 1.00000000
    outer loop
      vertex -7.67791269 3.32506499 0.20000000
      vertex -7.65144751 3.39021968 0.20000000
      vertex -13.41200603 6.67037960 0.20000000
    endloop
  endfacet
  facet normal 0.00000000 -0.00000000 1.00000000
    outer loop
      vertex -7.70115115 3.25784112 0.20000000
      vertex -7.67791269 3.32506499 0.20000000
      vertex -13.41200603 6.67037960 0.20000000
    endloop
  endfacet
  facet normal 0.00000000 -0.00000000 1.00000000
    outer loop
      vertex -12.69510483 -11.32400827 0.20000000
      vertex -7.70115115 3.25784112 0.20000000
      vertex -13.41200603 6.67037960 0.20000000
    endloop
  endfacet
  facet normal 0.00000000 0.00000000 1.00000000
    outer loop
      vertex -12.69510483 -11.32400827 0.20000000
      vertex -13.41200603 6.67037960 0.20000000
      vertex -13.88518058 6.59086264 0.20000000
    endloop
  endfacet
  facet normal 0.00000000 0.00000000 1.00000000
    outer loop
      vertex -12.69510483 -11.32400827 0.20000000
      vertex -13.88518058 6.59086264 0.20000000
      vertex -14.33825054 6.49909967 0.20000000
    endloop
  endfacet
  facet normal 0.00000000 0.00000000 1.00000000
    outer loop
      vertex -12.69510483 -11.32400827 0.20000000
      vertex -14.33825054 6.49909967 0.20000000
      vertex -14.77256846 6.39490702 0.20000000
    endloop
  endfacet
  facet normal 0.00000000 0.00000000 1.00000000
    outer loop
      vertex -12.69510483 -11.32400827 0.20000000
      vertex -14.77256846 6.39490702 0.20000000
      vertex -15.18813026 6.27833518 0.20000000
    endloop
  endfacet
  facet normal 0.00000000 0.00000000 1.00000000
    outer loop
      vertex -12.69510483 -11.32400827 0.20000000
      vertex -15.18813026 6.27833518 0.20000000
      vertex -15.58493931 6.14943947 0.20000000
    endloop
  endfacet
  facet normal 0.00000000 0.00000000 1.00000000
    outer loop
      vertex -12.69510483 -11.32400827 0.20000000
      vertex -15.58493931 6.14943947 0.20000000
      vertex -15.96300875 6.00827915 0.20000000
    endloop
  endfacet
  facet normal 0.00000000 0.00000000 1.00000000
    outer loop
      vertex -12.69510483 -11.32400827 0.20000000
      vertex -15.96300875 6.00827915 0.20000000
      vertex -16.32236391 5.85491582 0.20000000
    endloop
  endfacet
  facet normal 0.00000000 0.00000000 1.00000000
    outer loop
      vertex -12.69510483 -11.32400827 0.20000000
      vertex -16.32236391 5.85491582 0.20000000
      vertex -16.66304481 5.68941092 0.20000000
    endloop
  endfacet
  facet normal 0.00000000 0.00000000 1.00000000
    outer loop
      vertex -12.69510483 -11.32400827 0.20000000
      vertex -16.66304481 5.68941092 0.20000000
      vertex -16.98510821 5.51182226 0.20000000
    endloop
  endfacet
  facet normal 0.00000000 0.00000000 1.00000000
    outer loop
      vertex -12.69510483 -11.32400827 0.20000000
      vertex -16.98510821 5.51182226 0.20000000
      vertex -17.28862900 5.32219962 0.20000000
    endloop
  endfacet
  facet normal 0.00000000 0.00000000 1.00000000
    outer loop
      vertex -12.69510483 -11.32400827 0.20000000
      vertex -17.28862900 5.32219962 0.20000000
      vertex -17.57370028 5.12057945 0.20000000
    endloop
  endfacet
  facet normal 0.00000000 0.00000000 1.00000000
    outer loop
      vertex -12.69510483 -11.32400827 0.20000000
      vertex -17.57370028 5.12057945 0.20000000
      vertex -17.84043170 4.90697939 0.20000000
    endloop
  endfacet
  facet normal 0.00000000 0.00000000 1.00000000
    outer loop
      vertex -12.69510483 -11.32400827 0.20000000
      vertex -17.84043170 4.90697939 0.20000000
      vertex -18.08894563 4.68139294 0.20000000
    endloop
  endfacet
  facet normal 0.00000000 0.00000000 1.00000000
    outer loop
      vertex -12.69510483 -11.32400827 0.20000000
      vertex -18.08894563 4.68139294 0.20000000
      vertex -18.31937119 4.44378557 0.20000000
    endloop
  endfacet
  facet normal 0.00000000 0.00000000 1.00000000
    outer loop
      vertex -12.69510483 -11.32400827 0.20000000
      vertex -18.31937119 4.44378557 0.20000000
      vertex -18.53183645 4.19409286 0.20000000
    endloop
  endfacet
  facet normal 0.00000000 0.00000000 1.00000000
    outer loop
      vertex -12.69510483 -11.32400827 0.20000000
      vertex -18.53183645 4.19409286 0.20000000
      vertex -18.72645972 3.93222165 0.20000000
    endloop
  endfacet
  facet normal 0.00000000 0.00000000 1.00000000
    outer loop
      vertex -12.69510483 -11.32400827 0.20000000
      vertex -18.72645972 3.93222165 0.20000000
      vertex -18.90334110 3.65805431 0.20000000
    endloop
  endfacet
  facet normal 0.00000000 0.00000000 1.00000000
    outer loop
      vertex -12.69510483 -11.32400827 0.20000000
      vertex -18.90334110 3.65805431 0.20000000
      vertex -19.06255558 3.37145583 0.20000000
    endloop
  endfacet
  facet normal 0.00000000 0.00000000 1.00000000
    outer loop
      vertex -12.69510483 -11.32400827 0.20000000
      vertex -19.06255558 3.37145583 0.20000000
      vertex -19.20414886 3.07228273 0.20000000
    endloop
  endfacet
  facet normal 0.00000000 0.00000000 1.00000000
    outer loop
      vertex -12.69510483 -11.32400827 0.20000000
      vertex -19.20414886 3.07228273 0.20000000
      vertex -19.32813629 2.76039247 0.20000000
    endloop
  endfacet
  facet normal 0.00000000 0.00000000 1.00000000
    outer loop
      vertex -12.69510483 -11.32400827 0.20000000
      vertex -19.32813629 2.76039247 0.20000000
      vertex -19.43450490 2.43565203 0.20000000
    endloop
  endfacet
  facet normal 0.00000000 0.00000000 1.00000000
    outer loop
      vertex -12.69510483 -11.32400827 0.20000000
      vertex -19.43450490 2.43565203 0.20000000
      vertex -19.52321780 2.09794454 0.20000000
    endloop
  endfacet
  facet normal 0.00000000 0.00000000 1.00000000
    outer loop
      vertex -12.69510483 -11.32400827 0.20000000
      vertex -19.52321780 2.09794454 0.20000000
      vertex -19.59421999 1.74717352 0.20000000
    endloop
  endfacet
  facet normal 0.00000000 0.00000000 1.00000000
    outer loop
      vertex -12.69510483 -11.32400827 0.20000000
      vertex -19.59421999 1.74717352 0.20000000
      vertex -19.64744465 1.38326461 0.20000000
    endloop
  endfacet
  facet normal 0.00000000 0.00000000 1.00000000
    outer loop
      vertex -12.69510483 -11.32400827 0.20000000
      vertex -19.64744465 1.38326461 0.20000000
      vertex -19.68281888 1.00616514 0.20000000
    endloop
  endfacet
  facet normal 0.00000000 0.00000000 1.00000000
    outer loop
      vertex -12.69510483 -11.32400827 0.20000000
      vertex -19.68281888 1.00616514 0.20000000
      vertex -19.70026861 0.61584225 0.20000000
    endloop
  endfacet
  facet normal 0.00000000 0.00000000 1.00000000
    outer loop
      vertex -12.69510483 -11.32400827 0.20000000
      vertex -19.70026861 0.61584225 0.20000000
      vertex -19.69972228 0.21228007 0.20000000
    endloop
  endfacet
  facet normal 0.00000000 0.00000000 1.00000000
    outer loop
      vertex -12.69510483 -11.32400827 0.20000000
      vertex -19.69972228 0.21228007 0.20000000
      vertex -19.68111332 -0.20452352 0.20000000
    endloop
  endfacet
  facet normal 0.00000000 0.00000000 1.00000000
    outer loop
      vertex -12.69510483 -11.32400827 0.20000000
      vertex -19.68111332 -0.20452352 0.20000000
      vertex -19.64438162 -0.63456001 0.20000000
    endloop
  endfacet
  facet normal 0.00000000 0.00000000 1.00000000
    outer loop
      vertex -12.69510483 -11.32400827 0.20000000
      vertex -19.64438162 -0.63456001 0.20000000
      vertex -19.58947419 -1.07781314 0.20000000
    endloop
  endfacet
  facet normal 0.00000000 0.00000000 1.00000000
    outer loop
      vertex -12.69510483 -11.32400827 0.20000000
      vertex -19.58947419 -1.07781314 0.20000000
      vertex -19.51634520 -1.53426137 0.20000000
    endloop
  endfacet
  facet normal 0.00000000 0.00000000 1.00000000
    outer loop
      vertex -12.69510483 -11.32400827 0.20000000
      vertex -19.51634520 -1.53426137 0.20000000
      vertex -19.42469180 -2.00523564 0.20000000
    endloop
  endfacet
  facet normal 0.00000000 0.00000000 1.00000000
    outer loop
      vertex -12.69510483 -11.32400827 0.20000000
      vertex -19.42469180 -2.00523564 0.20000000
      vertex -18.32665038 -7.20634490 0.20000000
    endloop
  endfacet
  facet normal 0.00000000 0.00000000 1.00000000
    outer loop
      vertex -12.69510483 -11.32400827 0.20000000
      vertex -18.32665038 -7.20634490 0.20000000
      vertex -18.26131381 -7.49337792 0.20000000
    endloop
  endfacet
  facet normal 0.00000000 0.00000000 1.00000000
    outer loop
      vertex -12.69510483 -11.32400827 0.20000000
      vertex -18.26131381 -7.49337792 0.20000000
      vertex -18.18908578 -7.76858748 0.20000000
    endloop
  endfacet
  facet normal 0.00000000 0.00000000 1.00000000
    outer loop
      vertex -12.69510483 -11.32400827 0.20000000
      vertex -18.18908578 -7.76858748 0.20000000
      vertex -18.10969458 -8.03332039 0.20000000
    endloop
  endfacet
  facet normal 0.00000000 0.00000000 1.00000000
    outer loop
      vertex -12.69510483 -11.32400827 0.20000000
      vertex -18.10969458 -8.03332039 0.20000000
      vertex -18.02317661 -8.28758405 0.20000000
    endloop
  endfacet
  facet normal 0.00000000 0.00000000 1.00000000
    outer loop
      vertex -12.69510483 -11.32400827 0.20000000
      vertex -18.02317661 -8.28758405 0.20000000
      vertex -17.92956970 -8.53139210 0.20000000
    endloop
  endfacet
  facet normal 0.00000000 0.00000000 1.00000000
    outer loop
      vertex -12.69510483 -11.32400827 0.20000000
      vertex -17.92956970 -8.53139210 0.20000000
      vertex -17.82891202 -8.76476553 0.20000000
    endloop
  endfacet
  facet normal 0.00000000 0.00000000 1.00000000
    outer loop
      vertex -12.69510483 -11.32400827 0.20000000
      vertex -17.82891202 -8.76476553 0.20000000
      vertex -17.72124077 -8.98773368 0.20000000
    endloop
  endfacet
  facet normal 0.00000000 0.00000000 1.00000000
    outer loop
      vertex -12.69510483 -11.32400827 0.20000000
      vertex -17.72124077 -8.98773368 0.20000000
      vertex -17.60659040 -9.20033509 0.20000000
    endloop
  endfacet
  facet normal 0.00000000 0.00000000 1.00000000
    outer loop
      vertex -12.69510483 -11.32400827 0.20000000
      vertex -17.60659040 -9.20033509 0.20000000
      vertex -17.48499047 -9.40261790 0.20000000
    endloop
  endfacet
  facet normal 0.00000000 0.00000000 1.00000000
    outer loop
      vertex -12.69510483 -11.32400827 0.20000000
      vertex -17.48499047 -9.40261790 0.20000000
      vertex -17.35646332 -9.59463976 0.20000000
    endloop
  endfacet
  facet normal 0.00000000 0.00000000 1.00000000
    outer loop
      vertex -12.69510483 -11.32400827 0.20000000
      vertex -17.35646332 -9.59463976 0.20000000
      vertex -17.22102157 -9.77646708 0.20000000
    endloop
  endfacet
  facet normal 0.00000000 0.00000000 1.00000000
    outer loop
      vertex -12.69510483 -11.32400827 0.20000000
      vertex -17.22102157 -9.77646708 0.20000000
      vertex -17.07866578 -9.94817340 0.20000000
    endloop
  endfacet
  facet normal 0.00000000 0.00000000 1.00000000
    outer loop
      vertex -12.69510483 -11.32400827 0.20000000
      vertex -17.07866578 -9.94817340 0.20000000
      vertex -16.92938248 -10.10983697 0.20000000
    endloop
  endfacet
  facet normal 0.00000000 0.00000000 1.00000000
    outer loop
      vertex -12.69510483 -11.32400827 0.20000000
      vertex -16.92938248 -10.10983697 0.20000000
      vertex -16.77314297 -10.26153759 0.20000000
    endloop
  endfacet
  facet normal 0.00000000 0.00000000 1.00000000
    outer loop
      vertex -12.69510483 -11.32400827 0.20000000
      vertex -16.77314297 -10.26153759 0.20000000
      vertex -16.60990308 -10.40335293 0.20000000
    endloop
  endfacet
  facet normal 0.00000000 0.00000000 1.00000000
    outer loop
      vertex -12.69510483 -11.32400827 0.20000000
      vertex -16.60990308 -10.40335293 0.20000000
      vertex -16.43960406 -10.53535456 0.20000000
    endloop
  endfacet
  facet normal 0.00000000 0.00000000 1.00000000
    outer loop
      vertex -12.69510483 -11.32400827 0.20000000
      vertex -16.43960406 -10.53535456 0.20000000
      vertex -16.26217470 -10.65760435 0.20000000
    endloop
  endfacet
  facet normal 0.00000000 0.00000000 1.00000000
    outer loop
      vertex -12.69510483 -11.32400827 0.20000000
      vertex -16.26217470 -10.65760435 0.20000000
      vertex -16.07753446 -10.77015138 0.20000000
    endloop
  endfacet
  facet normal 0.00000000 0.00000000 1.00000000
    outer loop
      vertex -12.69510483 -11.32400827 0.20000000
      vertex -16.07753446 -10.77015138 0.20000000
      vertex -15.88559731 -10.87302993 0.20000000
    endloop
  endfacet
  facet normal 0.00000000 0.00000000 1.00000000
    outer loop
      vertex -12.69510483 -11.32400827 0.20000000
      vertex -15.88559731 -10.87302993 0.20000000
      vertex -15.68627587 -10.96625855 0.20000000
    endloop
  endfacet
  facet normal 0.00000000 0.00000000 1.00000000
    outer loop
      vertex -12.69510483 -11.32400827 0.20000000
      vertex -15.68627587 -10.96625855 0.20000000
      vertex -15.47948538 -11.04984039 0.20000000
    endloop
  endfacet
  facet normal 0.00000000 0.00000000 1.00000000
    outer loop
      vertex -12.69510483 -11.32400827 0.20000000
      vertex -15.47948538 -11.04984039 0.20000000
      vertex -15.26514719 -11.12376454 0.20000000
    endloop
  endfacet
  facet normal 0.00000000 0.00000000 1.00000000
    outer loop
      vertex -12.69510483 -11.32400827 0.20000000
      vertex -15.26514719 -11.12376454 0.20000000
      vertex -15.04319138 -11.18800818 0.20000000
    endloop
  endfacet
  facet normal 0.00000000 0.00000000 1.00000000
    outer loop
      vertex -12.69510483 -11.32400827 0.20000000
      vertex -15.04319138 -11.18800818 0.20000000
      vertex -14.81355852 -11.24253913 0.20000000
    endloop
  endfacet
  facet normal 0.00000000 0.00000000 1.00000000
    outer loop
      vertex -12.69510483 -11.32400827 0.20000000
      vertex -14.81355852 -11.24253913 0.20000000
      vertex -14.57620043 -11.28731864 0.20000000
    endloop
  endfacet
  facet normal 0.00000000 0.00000000 1.00000000
    outer loop
      vertex -12.69510483 -11.32400827 0.20000000
      vertex -14.57620043 -11.28731864 0.20000000
      vertex -14.33108020 -11.32230392 0.20000000
    endloop
  endfacet
  facet normal 0.00000000 0.00000000 1.00000000
    outer loop
      vertex -12.69510483 -11.32400827 0.20000000
      vertex -14.33108020 -11.32230392 0.20000000
      vertex -14.07817157 -11.34745047 0.20000000
    endloop
  endfacet
  facet normal 0.00000000 0.00000000 1.00000000
    outer loop
      vertex -12.69510483 -11.32400827 0.20000000
      vertex -14.07817157 -11.34745047 0.20000000
      vertex -13.81745785 -11.36271395 0.20000000
    endloop
  endfacet
  facet normal 0.00000000 0.00000000 1.00000000
    outer loop
      vertex -12.69510483 -11.32400827 0.20000000
      vertex -13.81745785 -11.36271395 0.20000000
      vertex -13.54893061 -11.36805161 0.20000000
    endloop
  endfacet
  facet normal 0.00000000 0.00000000 1.00000000
    outer loop
      vertex -12.69510483 -11.32400827 0.20000000
      vertex -13.54893061 -11.36805161 0.20000000
      vertex -13.27258833 -11.36342327 0.20000000
    endloop
  endfacet
  facet normal 0.00000000 0.00000000 1.00000000
    outer loop
      vertex -13.27258833 -11.36342327 0.20000000
      vertex -12.98843500 -11.34879198 0.20000000
      vertex -12.69510483 -11.32400827 0.20000000
    endloop
  endfacet
  facet normal 0.00000000 0.00000000 -1.00000000
    outer loop
      vertex -8.06886994 -10.85838211 0.00000000
      vertex -8.14707189 -10.86748585 0.00000000
      vertex -12.69510483 -11.32400827 0.00000000
    endloop
  endfacet
  facet normal 0.00000000 0.00000000 -1.00000000
    outer loop
      vertex -7.99515211 -10.84731255 0.00000000
      vertex -8.06886994 -10.85838211 0.00000000
      vertex -12.69510483 -11.32400827 0.00000000
    endloop
  endfacet
  facet normal 0.00000000 0.00000000 -1.00000000
    outer loop
      vertex -7.92454844 -10.83415578 0.00000000
      vertex -7.99515211 -10.84731255 0.00000000
      vertex -12.69510483 -11.32400827 0.00000000
    endloop
  endfacet
  facet normal 0.00000000 0.00000000 -1.00000000
    outer loop
      vertex -7.85705895 -10.81895411 0.00000000
      vertex -7.92454844 -10.83415578 0.00000000
      vertex -12.69510483 -11.32400827 0.00000000
    endloop
  endfacet
  facet normal 0.00000000 0.00000000 -1.00000000
    outer loop
      vertex -7.79267705 -10.80175308 0.00000000
      vertex -7.85705895 -10.81895411 0.00000000
      vertex -12.69510483 -11.32400827 0.00000000
    endloop
  endfacet
  facet normal 0.00000000 0.00000000 -1.00000000
    outer loop
      vertex -7.73138786 -10.78260046 0.00000000
      vertex -7.79267705 -10.80175308 0.00000000
      vertex -12.69510483 -11.32400827 0.00000000
    endloop
  endfacet
  facet normal 0.00000000 0.00000000 -1.00000000
    outer loop
      vertex -7.67316656 -10.76154489 0.00000000
      vertex -7.73138786 -10.78260046 0.00000000
      vertex -12.69510483 -11.32400827 0.00000000
    endloop
  endfacet
  facet normal 0.00000000 0.00000000 -1.00000000
    outer loop
      vertex -7.61797692 -10.73863389 0.00000000
      vertex -7.67316656 -10.76154489 0.00000000
      vertex -12.69510483 -11.32400827 0.00000000
    endloop
  endfacet
  facet normal 0.00000000 0.00000000 -1.00000000
    outer loop
      vertex -7.56577006 -10.71391133 0.00000000
      vertex -7.61797692 -10.73863389 0.00000000
      vertex -12.69510483 -11.32400827 0.00000000
    endloop
  endfacet
  facet normal 0.00000000 0.00000000 -1.00000000
    outer loop
      vertex -7.51648395 -10.68741429 0.00000000
      vertex -7.56577006 -10.71391133 0.00000000
      vertex -12.69510483 -11.32400827 0.00000000
    endloop
  endfacet
  facet normal 0.00000000 0.00000000 -1.00000000
    outer loop
      vertex -7.47004367 -10.65916964 0.00000000
      vertex -7.51648395 -10.68741429 0.00000000
      vertex -12.69510483 -11.32400827 0.00000000
    endloop
  endfacet
  facet normal 0.00000000 0.00000000 -1.00000000
    outer loop
      vertex -7.42636289 -10.62919050 0.00000000
      vertex -7.47004367 -10.65916964 0.00000000
      vertex -12.69510483 -11.32400827 0.00000000
    endloop
  endfacet
  facet normal 0.00000000 0.00000000 -1.00000000
    outer loop
      vertex -7.38534661 -10.59747300 0.00000000
      vertex -7.42636289 -10.62919050 0.00000000
      vertex -12.69510483 -11.32400827 0.00000000
    endloop
  endfacet
  facet normal 0.00000000 0.00000000 -1.00000000
    outer loop
      vertex -7.34689509 -10.56399395 0.00000000
      vertex -7.38534661 -10.59747300 0.00000000
      vertex -12.69510483 -11.32400827 0.00000000
    endloop
  endfacet
  facet normal 0.00000000 0.00000000 -1.00000000
    outer loop
      vertex -7.31090890 -10.52870972 0.00000000
      vertex -7.34689509 -10.56399395 0.00000000
      vertex -12.69510483 -11.32400827 0.00000000
    endloop
  endfacet
  facet normal 0.00000000 0.00000000 -1.00000000
    outer loop
      vertex -7.27729436 -10.49155688 0.00000000
      vertex -7.31090890 -10.52870972 0.00000000
      vertex -12.69510483 -11.32400827 0.00000000
    endloop
  endfacet
  facet normal 0.00000000 0.00000000 -1.00000000
    outer loop
      vertex -7.24596899 -10.45245456 0.00000000
      vertex -7.27729436 -10.49155688 0.00000000
      vertex -12.69510483 -11.32400827 0.00000000
    endloop
  endfacet
  facet normal 0.00000000 0.00000000 -1.00000000
    outer loop
      vertex -7.21686609 -10.41130843 0.00000000
      vertex -7.24596899 -10.45245456 0.00000000
      vertex -12.69510483 -11.32400827 0.00000000
    endloop
  endfacet
  facet normal 0.00000000 0.00000000 -1.00000000
    outer loop
      vertex -7.18993793 -10.36801593 0.00000000
      vertex -7.21686609 -10.41130843 0.00000000
      vertex -12.69510483 -11.32400827 0.00000000
    endloop
  endfacet
  facet normal 0.00000000 0.00000000 -1.00000000
    outer loop
      vertex -7.16515731 -10.32247193 0.00000000
      vertex -7.18993793 -10.36801593 0.00000000
      vertex -12.69510483 -11.32400827 0.00000000
    endloop
  endfacet
  facet normal 0.00000000 0.00000000 -1.00000000
    outer loop
      vertex -7.14251719 -10.27457428 0.00000000
      vertex -7.16515731 -10.32247193 0.00000000
      vertex -12.69510483 -11.32400827 0.00000000
    endloop
  endfacet
  facet normal 0.00000000 0.00000000 -1.00000000
    outer loop
      vertex -7.12202889 -10.22422858 0.00000000
      vertex -7.14251719 -10.27457428 0.00000000
      vertex -12.69510483 -11.32400827 0.00000000
    endloop
  endfacet
  facet normal 0.00000000 0.00000000 -1.00000000
    outer loop
      vertex -7.10371912 -10.17135169 0.00000000
      vertex -7.12202889 -10.22422858 0.00000000
      vertex -12.69510483 -11.32400827 0.00000000
    endloop
  endfacet
  facet normal 0.00000000 0.00000000 -1.00000000
    outer loop
      vertex -7.08762631 -10.11587392 0.00000000
      vertex -7.10371912 -10.17135169 0.00000000
      vertex -12.69510483 -11.32400827 0.00000000
    endloop
  endfacet
  facet normal 0.00000000 0.00000000 -1.00000000
    outer loop
      vertex -7.07379698 -10.05773993 0.00000000
      vertex -7.08762631 -10.11587392 0.00000000
      vertex -12.69510483 -11.32400827 0.00000000
    endloop
  endfacet
  facet normal 0.00000000 0.00000000 -1.00000000
    outer loop
      vertex -7.06228220 -9.99690848 0.00000000
      vertex -7.07379698 -10.05773993 0.00000000
      vertex -12.69510483 -11.32400827 0.00000000
    endloop
  endfacet
  facet normal 0.00000000 0.00000000 -1.00000000
    outer loop
      vertex -7.05313467 -9.93335133 0.00000000
      vertex -7.06228220 -9.99690848 0.00000000
      vertex -12.69510483 -11.32400827 0.00000000
    endloop
  endfacet
  facet normal 0.00000000 0.00000000 -1.00000000
    outer loop
      vertex -7.04640635 -9.86705175 0.00000000
      vertex -7.05313467 -9.93335133 0.00000000
      vertex -12.69510483 -11.32400827 0.00000000
    endloop
  endfacet
  facet normal 0.00000000 0.00000000 -1.00000000
    outer loop
      vertex -7.04214678 -9.79800266 0.00000000
      vertex -7.04640635 -9.86705175 0.00000000
      vertex -12.69510483 -11.32400827 0.00000000
    endloop
  endfacet
  facet normal 0.00000000 0.00000000 -1.00000000
    outer loop
      vertex -7.04040195 -9.72620478 0.00000000
      vertex -7.04214678 -9.79800266 0.00000000
      vertex -12.69510483 -11.32400827 0.00000000
    endloop
  endfacet
  facet normal 0.00000000 -0.00000000 -1.00000000
    outer loop
      vertex -7.04121365 -9.65166490 0.00000000
      vertex -7.04040195 -9.72620478 0.00000000
      vertex -12.69510483 -11.32400827 0.00000000
    endloop
  endfacet
  facet normal 0.00000000 -0.00000000 -1.00000000
    outer loop
      vertex -7.04468019 -9.57301119 0.00000000
      vertex -7.04121365 -9.65166490 0.00000000
      vertex -12.69510483 -11.32400827 0.00000000
    endloop
  endfacet
  facet normal 0.00000000 -0.00000000 -1.00000000
    outer loop
      vertex -7.77273515 2.56823073 0.00000000
      vertex -7.04468019 -9.57301119 0.00000000
      vertex -12.69510483 -11.32400827 0.00000000
    endloop
  endfacet
  facet normal 0.00000000 -0.00000000 -1.00000000
    outer loop
      vertex -7.77638709 2.65108558 0.00000000
      vertex -7.77273515 2.56823073 0.00000000
      vertex -12.69510483 -11.32400827 0.00000000
    endloop
  endfacet
  facet normal 0.00000000 -0.00000000 -1.00000000
    outer loop
      vertex -7.77728523 2.73345389 0.00000000
      vertex -7.77638709 2.65108558 0.00000000
      vertex -12.69510483 -11.32400827 0.00000000
    endloop
  endfacet
  facet normal 0.00000000 0.00000000 -1.00000000
    outer loop
      vertex -7.77533143 2.81396374 0.00000000
      vertex -7.77728523 2.73345389 0.00000000
      vertex -12.69510483 -11.32400827 0.00000000
    endloop
  endfacet
  facet normal 0.00000000 0.00000000 -1.00000000
    outer loop
      vertex -7.77048413 2.89262169 0.00000000
      vertex -7.77533143 2.81396374 0.00000000
      vertex -12.69510483 -11.32400827 0.00000000
    endloop
  endfacet
  facet normal 0.00000000 0.00000000 -1.00000000
    outer loop
      vertex -7.76269762 2.96942825 0.00000000
      vertex -7.77048413 2.89262169 0.00000000
      vertex -12.69510483 -11.32400827 0.00000000
    endloop
  endfacet
  facet normal 0.00000000 0.00000000 -1.00000000
    outer loop
      vertex -7.75192272 3.04437617 0.00000000
      vertex -7.76269762 2.96942825 0.00000000
      vertex -12.69510483 -11.32400827 0.00000000
    endloop
  endfacet
  facet normal 0.00000000 0.00000000 -1.00000000
    outer loop
      vertex -7.73810788 3.11744859 0.00000000
      vertex -7.75192272 3.04437617 0.00000000
      vertex -12.69510483 -11.32400827 0.00000000
    endloop
  endfacet
  facet normal 0.00000000 0.00000000 -1.00000000
    outer loop
      vertex -7.72120088 3.18861729 0.00000000
      vertex -7.73810788 3.11744859 0.00000000
      vertex -12.69510483 -11.32400827 0.00000000
    endloop
  endfacet
  facet normal 0.00000000 0.00000000 -1.00000000
    outer loop
      vertex -7.70115115 3.25784112 0.00000000
      vertex -7.72120088 3.18861729 0.00000000
      vertex -12.69510483 -11.32400827 0.00000000
    endloop
  endfacet
  facet normal 0.00000000 0.00000000 -1.00000000
    outer loop
      vertex 17.93497640 6.68750821 0.00000000
      vertex 17.79767322 6.67107086 0.00000000
      vertex -6.42076172 4.16098206 0.00000000
    endloop
  endfacet
  facet normal 0.00000000 0.00000000 -1.00000000
    outer loop
      vertex 18.06551519 6.70756396 0.00000000
      vertex 17.93497640 6.68750821 0.00000000
      vertex -6.42076172 4.16098206 0.00000000
    endloop
  endfacet
  facet normal 0.00000000 0.00000000 -1.00000000
    outer loop
      vertex 18.19065538 6.73136052 0.00000000
      vertex 18.06551519 6.70756396 0.00000000
      vertex -6.42076172 4.16098206 0.00000000
    endloop
  endfacet
  facet normal 0.00000000 0.00000000 -1.00000000
    outer loop
      vertex 18.31039361 6.75885111 0.00000000
      vertex 18.19065538 6.73136052 0.00000000
      vertex -6.42076172 4.16098206 0.00000000
    endloop
  endfacet
  facet normal 0.00000000 0.00000000 -1.00000000
    outer loop
      vertex 18.42473354 6.78998471 0.00000000
      vertex 18.31039361 6.75885111 0.00000000
      vertex -6.42076172 4.16098206 0.00000000
    endloop
  endfacet
  facet normal 0.00000000 0.00000000 -1.00000000
    outer loop
      vertex 18.53368786 6.82470694 0.00000000
      vertex 18.42473354 6.78998471 0.00000000
      vertex -6.42076172 4.16098206 0.00000000
    endloop
  endfacet
  facet normal 0.00000000 0.00000000 -1.00000000
    outer loop
      vertex 18.63728044 6.86296154 0.00000000
      vertex 18.53368786 6.82470694 0.00000000
      vertex -6.42076172 4.16098206 0.00000000
    endloop
  endfacet
  facet normal 0.00000000 0.00000000 -1.00000000
    outer loop
      vertex 18.73554835 6.90469256 0.00000000
      vertex 18.63728044 6.86296154 0.00000000
      vertex -6.42076172 4.16098206 0.00000000
    endloop
  endfacet
  facet normal 0.00000000 0.00000000 -1.00000000
    outer loop
      vertex 18.82854360 6.94984741 0.00000000
      vertex 18.73554835 6.90469256 0.00000000
      vertex -6.42076172 4.16098206 0.00000000
    endloop
  endfacet
  facet normal 0.00000000 0.00000000 -1.00000000
    outer loop
      vertex 18.91633422 6.99838061 0.00000000
      vertex 18.82854360 6.94984741 0.00000000
      vertex -6.42076172 4.16098206 0.00000000
    endloop
  endfacet
  facet normal 0.00000000 0.00000000 -1.00000000
    outer loop
      vertex 18.99900416 7.05025817 0.00000000
      vertex 18.91633422 6.99838061 0.00000000
      vertex -6.42076172 4.16098206 0.00000000
    endloop
  endfacet
  facet normal 0.00000000 0.00000000 -1.00000000
    outer loop
      vertex 19.07665192 7.10546222 0.00000000
      vertex 18.99900416 7.05025817 0.00000000
      vertex -6.42076172 4.16098206 0.00000000
    endloop
  endfacet
  facet normal 0.00000000 0.00000000 -1.00000000
    outer loop
      vertex 19.14938723 7.16399533 0.00000000
      vertex 19.07665192 7.10546222 0.00000000
      vertex -6.42076172 4.16098206 0.00000000
    endloop
  endfacet
  facet normal 0.00000000 0.00000000 -1.00000000
    outer loop
      vertex 19.21732622 7.22588379 0.00000000
      vertex 19.14938723 7.16399533 0.00000000
      vertex -6.42076172 4.16098206 0.00000000
    endloop
  endfacet
  facet normal 0.00000000 0.00000000 -1.00000000
    outer loop
      vertex 19.28058497 7.29117920 0.00000000
      vertex 19.21732622 7.22588379 0.00000000
      vertex -6.42076172 4.16098206 0.00000000
    endloop
  endfacet
  facet normal 0.00000000 0.00000000 -1.00000000
    outer loop
      vertex 19.28058497 7.29117920 0.00000000
      vertex -6.42076172 4.16098206 0.00000000
      vertex -6.50310930 4.15112609 0.00000000
    endloop
  endfacet
  facet normal 0.00000000 0.00000000 -1.00000000
    outer loop
      vertex 19.33927239 7.35995780 0.00000000
      vertex 19.28058497 7.29117920 0.00000000
      vertex -6.50310930 4.15112609 0.00000000
    endloop
  endfacet
  facet normal 0.00000000 0.00000000 -1.00000000
    outer loop
      vertex 19.39348316 7.43231733 0.00000000
      vertex 19.33927239 7.35995780 0.00000000
      vertex -6.50310930 4.15112609 0.00000000
    endloop
  endfacet
  facet normal 0.00000000 0.00000000 -1.00000000
    outer loop
      vertex 19.44329184 7.50837163 0.00000000
      vertex 19.39348316 7.43231733 0.00000000
      vertex -6.50310930 4.15112609 0.00000000
    endloop
  endfacet
  facet normal 0.00000000 0.00000000 -1.00000000
    outer loop
      vertex 19.48874888 7.58824368 0.00000000
      vertex 19.44329184 7.50837163 0.00000000
      vertex -6.50310930 4.15112609 0.00000000
    endloop
  endfacet
  facet normal 0.00000000 0.00000000 -1.00000000
    outer loop
      vertex 19.52987914 7.67205808 0.00000000
      vertex 19.48874888 7.58824368 0.00000000
      vertex -6.50310930 4.15112609 0.00000000
    endloop
  endfacet
  facet normal 0.00000000 0.00000000 -1.00000000
    outer loop
      vertex 19.56668277 7.75993386 0.00000000
      vertex 19.52987914 7.67205808 0.00000000
      vertex -6.50310930 4.15112609 0.00000000
    endloop
  endfacet
  facet normal 0.00000000 0.00000000 -1.00000000
    outer loop
      vertex 19.59913816 7.85197868 0.00000000
      vertex 19.56668277 7.75993386 0.00000000
      vertex -6.50310930 4.15112609 0.00000000
    endloop
  endfacet
  facet normal 0.00000000 0.00000000 -1.00000000
    outer loop
      vertex 19.62720626 7.94828468 0.00000000
      vertex 19.59913816 7.85197868 0.00000000
      vertex -6.50310930 4.15112609 0.00000000
    endloop
  endfacet
  facet normal 0.00000000 0.00000000 -1.00000000
    outer loop
      vertex 19.65083547 8.04892631 0.00000000
      vertex 19.62720626 7.94828468 0.00000000
      vertex -6.50310930 4.15112609 0.00000000
    endloop
  endfacet
  facet normal 0.00000000 0.00000000 -1.00000000
    outer loop
      vertex 19.66996648 8.15395995 0.00000000
      vertex 19.65083547 8.04892631 0.00000000
      vertex -6.50310930 4.15112609 0.00000000
    endloop
  endfacet
  facet normal 0.00000000 0.00000000 -1.00000000
    outer loop
      vertex 19.68453655 8.26342478 0.00000000
      vertex 19.66996648 8.15395995 0.00000000
      vertex -6.50310930 4.15112609 0.00000000
    endloop
  endfacet
  facet normal 0.00000000 0.00000000 -1.00000000
    outer loop
      vertex 19.68453655 8.26342478 0.00000000
      vertex -6.50310930 4.15112609 0.00000000
      vertex -6.58452945 4.13863192 0.00000000
    endloop
  endfacet
  facet normal 0.00000000 0.00000000 -1.00000000
    outer loop
      vertex 19.69448297 8.37734470 0.00000000
      vertex 19.68453655 8.26342478 0.00000000
      vertex -6.58452945 4.13863192 0.00000000
    endloop
  endfacet
  facet normal 0.00000000 0.00000000 -1.00000000
    outer loop
      vertex 19.69974560 8.49573061 0.00000000
      vertex 19.69448297 8.37734470 0.00000000
      vertex -6.58452945 4.13863192 0.00000000
    endloop
  endfacet
  facet normal 0.00000000 0.00000000 -1.00000000
    outer loop
      vertex 19.70026861 8.61858297 0.00000000
      vertex 19.69974560 8.49573061 0.00000000
      vertex -6.58452945 4.13863192 0.00000000
    endloop
  endfacet
  facet normal 0.00000000 -0.00000000 -1.00000000
    outer loop
      vertex 19.69600141 8.74589414 0.00000000
      vertex 19.70026861 8.61858297 0.00000000
      vertex -6.58452945 4.13863192 0.00000000
    endloop
  endfacet
  facet normal 0.00000000 -0.00000000 -1.00000000
    outer loop
      vertex 19.68689911 8.87765057 0.00000000
      vertex 19.69600141 8.74589414 0.00000000
      vertex -6.58452945 4.13863192 0.00000000
    endloop
  endfacet
  facet normal 0.00000000 -0.00000000 -1.00000000
    outer loop
      vertex 19.67278118 9.01521159 0.00000000
      vertex 19.68689911 8.87765057 0.00000000
      vertex -6.58452945 4.13863192 0.00000000
    endloop
  endfacet
  facet normal 0.00000000 -0.00000000 -1.00000000
    outer loop
      vertex 19.61235277 9.52430237 0.00000000
      vertex 19.67278118 9.01521159 0.00000000
      vertex -6.58452945 4.13863192 0.00000000
    endloop
  endfacet
  facet normal 0.00000000 0.00000000 -1.00000000
    outer loop
      vertex 19.61235277 9.52430237 0.00000000
      vertex -6.58452945 4.13863192 0.00000000
      vertex -6.66365254 4.12362560 0.00000000
    endloop
  endfacet
  facet normal 0.00000000 -0.00000000 -1.00000000
    outer loop
      vertex 19.59388138 9.66130446 0.00000000
      vertex 19.61235277 9.52430237 0.00000000
      vertex -6.66365254 4.12362560 0.00000000
    endloop
  endfacet
  facet normal 0.00000000 -0.00000000 -1.00000000
    outer loop
      vertex 19.57190515 9.79140381 0.00000000
      vertex 19.59388138 9.66130446 0.00000000
      vertex -6.66365254 4.12362560 0.00000000
    endloop
  endfacet
  facet normal 0.00000000 -0.00000000 -1.00000000
    outer loop
      vertex 19.54628258 9.91596208 0.00000000
      vertex 19.57190515 9.79140381 0.00000000
      vertex -6.66365254 4.12362560 0.00000000
    endloop
  endfacet
  facet normal 0.00000000 -0.00000000 -1.00000000
    outer loop
      vertex 19.51706197 10.03497538 0.00000000
      vertex 19.54628258 9.91596208 0.00000000
      vertex -6.66365254 4.12362560 0.00000000
    endloop
  endfacet
  facet normal 0.00000000 -0.00000000 -1.00000000
    outer loop
      vertex 19.48429608 10.14844701 0.00000000
      vertex 19.51706197 10.03497538 0.00000000
      vertex -6.66365254 4.12362560 0.00000000
    endloop
  endfacet
  facet normal 0.00000000 0.00000000 -1.00000000
    outer loop
      vertex 19.48429608 10.14844701 0.00000000
      vertex -6.66365254 4.12362560 0.00000000
      vertex -6.74047829 4.10606504 0.00000000
    endloop
  endfacet
  facet normal 0.00000000 -0.00000000 -1.00000000
    outer loop
      vertex 19.44804136 10.25638959 0.00000000
      vertex 19.48429608 10.14844701 0.00000000
      vertex -6.74047829 4.10606504 0.00000000
    endloop
  endfacet
  facet normal 0.00000000 -0.00000000 -1.00000000
    outer loop
      vertex 19.40835633 10.35882732 0.00000000
      vertex 19.44804136 10.25638959 0.00000000
      vertex -6.74047829 4.10606504 0.00000000
    endloop
  endfacet
  facet normal 0.00000000 -0.00000000 -1.00000000
    outer loop
      vertex 19.36529931 10.45579819 0.00000000
      vertex 19.40835633 10.35882732 0.00000000
      vertex -6.74047829 4.10606504 0.00000000
    endloop
  endfacet
  facet normal 0.00000000 -0.00000000 -1.00000000
    outer loop
      vertex 19.31892527 10.54735590 0.00000000
      vertex 19.36529931 10.45579819 0.00000000
      vertex -6.74047829 4.10606504 0.00000000
    endloop
  endfacet
  facet normal 0.00000000 -0.00000000 -1.00000000
    outer loop
      vertex 19.26928173 10.63357103 0.00000000
      vertex 19.31892527 10.54735590 0.00000000
      vertex -6.74047829 4.10606504 0.00000000
    endloop
  endfacet
  facet normal 0.00000000 -0.00000000 -1.00000000
    outer loop
      vertex 19.21640408 10.71453107 0.00000000
      vertex 19.26928173 10.63357103 0.00000000
      vertex -6.74047829 4.10606504 0.00000000
    endloop
  endfacet
  facet normal 0.00000000 -0.00000000 -1.00000000
    outer loop
      vertex 19.16031057 10.79033891 0.00000000
      vertex 19.21640408 10.71453107 0.00000000
      vertex -6.74047829 4.10606504 0.00000000
    endloop
  endfacet
  facet normal 0.00000000 -0.00000000 -1.00000000
    outer loop
      vertex 19.10099765 10.86110942 0.00000000
      vertex 19.16031057 10.79033891 0.00000000
      vertex -6.74047829 4.10606504 0.00000000
    endloop
  endfacet
  facet normal 0.00000000 -0.00000000 -1.00000000
    outer loop
      vertex 19.03843632 10.92696408 0.00000000
      vertex 19.10099765 10.86110942 0.00000000
      vertex -6.74047829 4.10606504 0.00000000
    endloop
  endfacet
  facet normal 0.00000000 -0.00000000 -1.00000000
    outer loop
      vertex 18.97257050 10.98802412 0.00000000
      vertex 19.03843632 10.92696408 0.00000000
      vertex -6.74047829 4.10606504 0.00000000
    endloop
  endfacet
  facet normal 0.00000000 -0.00000000 -1.00000000
    outer loop
      vertex 18.90331778 11.04440269 0.00000000
      vertex 18.97257050 10.98802412 0.00000000
      vertex -6.74047829 4.10606504 0.00000000
    endloop
  endfacet
  facet normal 0.00000000 0.00000000 -1.00000000
    outer loop
      vertex 18.90331778 11.04440269 0.00000000
      vertex -6.74047829 4.10606504 0.00000000
      vertex -6.81499979 4.08590507 0.00000000
    endloop
  endfacet
  facet normal 0.00000000 -0.00000000 -1.00000000
    outer loop
      vertex 18.83057300 11.09619728 0.00000000
      vertex 18.90331778 11.04440269 0.00000000
      vertex -6.81499979 4.08590507 0.00000000
    endloop
  endfacet
  facet normal 0.00000000 -0.00000000 -1.00000000
    outer loop
      vertex 18.75421425 11.14348339 0.00000000
      vertex 18.83057300 11.09619728 0.00000000
      vertex -6.81499979 4.08590507 0.00000000
    endloop
  endfacet
  facet normal 0.00000000 -0.00000000 -1.00000000
    outer loop
      vertex 18.67411054 11.18631041 0.00000000
      vertex 18.75421425 11.14348339 0.00000000
      vertex -6.81499979 4.08590507 0.00000000
    endloop
  endfacet
  facet normal 0.00000000 -0.00000000 -1.00000000
    outer loop
      vertex 18.59013013 11.22470023 0.00000000
      vertex 18.67411054 11.18631041 0.00000000
      vertex -6.81499979 4.08590507 0.00000000
    endloop
  endfacet
  facet normal 0.00000000 -0.00000000 -1.00000000
    outer loop
      vertex 18.50214818 11.25864853 0.00000000
      vertex 18.59013013 11.22470023 0.00000000
      vertex -6.81499979 4.08590507 0.00000000
    endloop
  endfacet
  facet normal 0.00000000 -0.00000000 -1.00000000
    outer loop
      vertex 18.41005301 11.28812824 0.00000000
      vertex 18.50214818 11.25864853 0.00000000
      vertex -6.81499979 4.08590507 0.00000000
    endloop
  endfacet
  facet normal 0.00000000 -0.00000000 -1.00000000
    outer loop
      vertex 18.31375027 11.31309444 0.00000000
      vertex 18.41005301 11.28812824 0.00000000
      vertex -6.81499979 4.08590507 0.00000000
    endloop
  endfacet
  facet normal 0.00000000 -0.00000000 -1.00000000
    outer loop
      vertex 18.21316500 11.33348978 0.00000000
      vertex 18.31375027 11.31309444 0.00000000
      vertex -6.81499979 4.08590507 0.00000000
    endloop
  endfacet
  facet normal 0.00000000 -0.00000000 -1.00000000
    outer loop
      vertex 18.10824178 11.34924969 0.00000000
      vertex 18.21316500 11.33348978 0.00000000
      vertex -6.81499979 4.08590507 0.00000000
    endloop
  endfacet
  facet normal 0.00000000 -0.00000000 -1.00000000
    outer loop
      vertex 17.99894344 11.36030694 0.00000000
      vertex 18.10824178 11.34924969 0.00000000
      vertex -6.81499979 4.08590507 0.00000000
    endloop
  endfacet
  facet normal 0.00000000 -0.00000000 -1.00000000
    outer loop
      vertex 17.88524883 11.36659520 0.00000000
      vertex 17.99894344 11.36030694 0.00000000
      vertex -6.81499979 4.08590507 0.00000000
    endloop
  endfacet
  facet normal 0.00000000 -0.00000000 -1.00000000
    outer loop
      vertex 17.76715017 11.36805161 0.00000000
      vertex 17.88524883 11.36659520 0.00000000
      vertex -6.81499979 4.08590507 0.00000000
    endloop
  endfacet
  facet normal 0.00000000 -0.00000000 -1.00000000
    outer loop
      vertex 17.64465028 11.36461842 0.00000000
      vertex 17.76715017 11.36805161 0.00000000
      vertex -6.81499979 4.08590507 0.00000000
    endloop
  endfacet
  facet normal 0.00000000 -0.00000000 -1.00000000
    outer loop
      vertex 17.51776000 11.35624387 0.00000000
      vertex 17.64465028 11.36461842 0.00000000
      vertex -6.81499979 4.08590507 0.00000000
    endloop
  endfacet
  facet normal 0.00000000 -0.00000000 -1.00000000
    outer loop
      vertex 17.38649588 11.34288244 0.00000000
      vertex 17.51776000 11.35624387 0.00000000
      vertex -6.81499979 4.08590507 0.00000000
    endloop
  endfacet
  facet normal 0.00000000 -0.00000000 -1.00000000
    outer loop
      vertex 17.24950760 11.32430894 0.00000000
      vertex 17.38649588 11.34288244 0.00000000
      vertex -6.81499979 4.08590507 0.00000000
    endloop
  endfacet
  facet normal 0.00000000 0.00000000 -1.00000000
    outer loop
      vertex -13.41200603 6.67037960 0.00000000
      vertex 17.24950760 11.32430894 0.00000000
      vertex -6.81499979 4.08590507 0.00000000
    endloop
  endfacet
  facet normal 0.00000000 0.00000000 -1.00000000
    outer loop
      vertex -13.41200603 6.67037960 0.00000000
      vertex -6.81499979 4.08590507 0.00000000
      vertex -6.88720187 4.06309833 0.00000000
    endloop
  endfacet
  facet normal 0.00000000 0.00000000 -1.00000000
    outer loop
      vertex -13.41200603 6.67037960 0.00000000
      vertex -6.88720187 4.06309833 0.00000000
      vertex -6.95705955 4.03759669 0.00000000
    endloop
  endfacet
  facet normal 0.00000000 0.00000000 -1.00000000
    outer loop
      vertex -13.41200603 6.67037960 0.00000000
      vertex -6.95705955 4.03759669 0.00000000
      vertex -7.02453648 4.00935321 0.00000000
    endloop
  endfacet
  facet normal 0.00000000 0.00000000 -1.00000000
    outer loop
      vertex -13.41200603 6.67037960 0.00000000
      vertex -7.02453648 4.00935321 0.00000000
      vertex -7.08958385 3.97832468 0.00000000
    endloop
  endfacet
  facet normal 0.00000000 0.00000000 -1.00000000
    outer loop
      vertex -13.41200603 6.67037960 0.00000000
      vertex -7.08958385 3.97832468 0.00000000
      vertex -7.15213984 3.94447466 0.00000000
    endloop
  endfacet
  facet normal 0.00000000 0.00000000 -1.00000000
    outer loop
      vertex -13.41200603 6.67037960 0.00000000
      vertex -7.15213984 3.94447466 0.00000000
      vertex -7.21212996 3.90777691 0.00000000
    endloop
  endfacet
  facet normal 0.00000000 0.00000000 -1.00000000
    outer loop
      vertex -13.41200603 6.67037960 0.00000000
      vertex -7.21212996 3.90777691 0.00000000
      vertex -7.26946851 3.86821886 0.00000000
    endloop
  endfacet
  facet normal 0.00000000 0.00000000 -1.00000000
    outer loop
      vertex -13.41200603 6.67037960 0.00000000
      vertex -7.26946851 3.86821886 0.00000000
      vertex -7.32406130 3.82580474 0.00000000
    endloop
  endfacet
  facet normal 0.00000000 0.00000000 -1.00000000
    outer loop
      vertex -13.41200603 6.67037960 0.00000000
      vertex -7.32406130 3.82580474 0.00000000
      vertex -7.37580959 3.78055791 0.00000000
    endloop
  endfacet
  facet normal 0.00000000 0.00000000 -1.00000000
    outer loop
      vertex -13.41200603 6.67037960 0.00000000
      vertex -7.37580959 3.78055791 0.00000000
      vertex -7.42461496 3.73252190 0.00000000
    endloop
  endfacet
  facet normal 0.00000000 0.00000000 -1.00000000
    outer loop
      vertex -13.41200603 6.67037960 0.00000000
      vertex -7.42461496 3.73252190 0.00000000
      vertex -7.47038481 3.68175976 0.00000000
    endloop
  endfacet
  facet normal 0.00000000 0.00000000 -1.00000000
    outer loop
      vertex -13.41200603 6.67037960 0.00000000
      vertex -7.47038481 3.68175976 0.00000000
      vertex -7.51303759 3.62835177 0.00000000
    endloop
  endfacet
  facet normal 0.00000000 0.00000000 -1.00000000
    outer loop
      vertex -13.41200603 6.67037960 0.00000000
      vertex -7.51303759 3.62835177 0.00000000
      vertex -7.55250734 3.57239141 0.00000000
    endloop
  endfacet
  facet normal 0.00000000 0.00000000 -1.00000000
    outer loop
      vertex -13.41200603 6.67037960 0.00000000
      vertex -7.55250734 3.57239141 0.00000000
      vertex -7.58874689 3.51398032 0.00000000
    endloop
  endfacet
  facet normal 0.00000000 0.00000000 -1.00000000
    outer loop
      vertex -13.41200603 6.67037960 0.00000000
      vertex -7.58874689 3.51398032 0.00000000
      vertex -7.62172929 3.45322267 0.00000000
    endloop
  endfacet
  facet normal 0.00000000 0.00000000 -1.00000000
    outer loop
      vertex -13.41200603 6.67037960 0.00000000
      vertex -7.62172929 3.45322267 0.00000000
      vertex -7.65144751 3.39021968 0.00000000
    endloop
  endfacet
  facet normal 0.00000000 0.00000000 -1.00000000
    outer loop
      vertex -13.41200603 6.67037960 0.00000000
      vertex -7.65144751 3.39021968 0.00000000
      vertex -7.67791269 3.32506499 0.00000000
    endloop
  endfacet
  facet normal 0.00000000 0.00000000 -1.00000000
    outer loop
      vertex -13.41200603 6.67037960 0.00000000
      vertex -7.67791269 3.32506499 0.00000000
      vertex -7.70115115 3.25784112 0.00000000
    endloop
  endfacet
  facet normal 0.00000000 0.00000000 -1.00000000
    outer loop
      vertex -13.41200603 6.67037960 0.00000000
      vertex -7.70115115 3.25784112 0.00000000
      vertex -12.69510483 -11.32400827 0.00000000
    endloop
  endfacet
  facet normal 0.00000000 0.00000000 -1.00000000
    outer loop
      vertex -13.88518058 6.59086264 0.00000000
      vertex -13.41200603 6.67037960 0.00000000
      vertex -12.69510483 -11.32400827 0.00000000
    endloop
  endfacet
  facet normal 0.00000000 0.00000000 -1.00000000
    outer loop
      vertex -14.33825054 6.49909967 0.00000000
      vertex -13.88518058 6.59086264 0.00000000
      vertex -12.69510483 -11.32400827 0.00000000
    endloop
  endfacet
  facet normal 0.00000000 0.00000000 -1.00000000
    outer loop
      vertex -14.77256846 6.39490702 0.00000000
      vertex -14.33825054 6.49909967 0.00000000
      vertex -12.69510483 -11.32400827 0.00000000
    endloop
  endfacet
  facet normal 0.00000000 0.00000000 -1.00000000
    outer loop
      vertex -15.18813026 6.27833518 0.00000000
      vertex -14.77256846 6.39490702 0.00000000
      vertex -12.69510483 -11.32400827 0.00000000
    endloop
  endfacet
  facet normal 0.00000000 0.00000000 -1.00000000
    outer loop
      vertex -15.58493931 6.14943947 0.00000000
      vertex -15.18813026 6.27833518 0.00000000
      vertex -12.69510483 -11.32400827 0.00000000
    endloop
  endfacet
  facet normal 0.00000000 0.00000000 -1.00000000
    outer loop
      vertex -15.96300875 6.00827915 0.00000000
      vertex -15.58493931 6.14943947 0.00000000
      vertex -12.69510483 -11.32400827 0.00000000
    endloop
  endfacet
  facet normal 0.00000000 0.00000000 -1.00000000
    outer loop
      vertex -16.32236391 5.85491582 0.00000000
      vertex -15.96300875 6.00827915 0.00000000
      vertex -12.69510483 -11.32400827 0.00000000
    endloop
  endfacet
  facet normal 0.00000000 0.00000000 -1.00000000
    outer loop
      vertex -16.66304481 5.68941092 0.00000000
      vertex -16.32236391 5.85491582 0.00000000
      vertex -12.69510483 -11.32400827 0.00000000
    endloop
  endfacet
  facet normal 0.00000000 0.00000000 -1.00000000
    outer loop
      vertex -16.98510821 5.51182226 0.00000000
      vertex -16.66304481 5.68941092 0.00000000
      vertex -12.69510483 -11.32400827 0.00000000
    endloop
  endfacet
  facet normal 0.00000000 0.00000000 -1.00000000
    outer loop
      vertex -17.28862900 5.32219962 0.00000000
      vertex -16.98510821 5.51182226 0.00000000
      vertex -12.69510483 -11.32400827 0.00000000
    endloop
  endfacet
  facet normal 0.00000000 0.00000000 -1.00000000
    outer loop
      vertex -17.57370028 5.12057945 0.00000000
      vertex -17.28862900 5.32219962 0.00000000
      vertex -12.69510483 -11.32400827 0.00000000
    endloop
  endfacet
  facet normal 0.00000000 0.00000000 -1.00000000
    outer loop
      vertex -17.84043170 4.90697939 0.00000000
      vertex -17.57370028 5.12057945 0.00000000
      vertex -12.69510483 -11.32400827 0.00000000
    endloop
  endfacet
  facet normal 0.00000000 0.00000000 -1.00000000
    outer loop
      vertex -18.08894563 4.68139294 0.00000000
      vertex -17.84043170 4.90697939 0.00000000
      vertex -12.69510483 -11.32400827 0.00000000
    endloop
  endfacet
  facet normal 0.00000000 0.00000000 -1.00000000
    outer loop
      vertex -18.31937119 4.44378557 0.00000000
      vertex -18.08894563 4.68139294 0.00000000
      vertex -12.69510483 -11.32400827 0.00000000
    endloop
  endfacet
  facet normal 0.00000000 0.00000000 -1.00000000
    outer loop
      vertex -18.53183645 4.19409286 0.00000000
      vertex -18.31937119 4.44378557 0.00000000
      vertex -12.69510483 -11.32400827 0.00000000
    endloop
  endfacet
  facet normal 0.00000000 0.00000000 -1.00000000
    outer loop
      vertex -18.72645972 3.93222165 0.00000000
      vertex -18.53183645 4.19409286 0.00000000
      vertex -12.69510483 -11.32400827 0.00000000
    endloop
  endfacet
  facet normal 0.00000000 0.00000000 -1.00000000
    outer loop
      vertex -18.90334110 3.65805431 0.00000000
      vertex -18.72645972 3.93222165 0.00000000
      vertex -12.69510483 -11.32400827 0.00000000
    endloop
  endfacet
  facet normal 0.00000000 0.00000000 -1.00000000
    outer loop
      vertex -19.06255558 3.37145583 0.00000000
      vertex -18.90334110 3.65805431 0.00000000
      vertex -12.69510483 -11.32400827 0.00000000
    endloop
  endfacet
  facet normal 0.00000000 0.00000000 -1.00000000
    outer loop
      vertex -19.20414886 3.07228273 0.00000000
      vertex -19.06255558 3.37145583 0.00000000
      vertex -12.69510483 -11.32400827 0.00000000
    endloop
  endfacet
  facet normal 0.00000000 0.00000000 -1.00000000
    outer loop
      vertex -19.32813629 2.76039247 0.00000000
      vertex -19.20414886 3.07228273 0.00000000
      vertex -12.69510483 -11.32400827 0.00000000
    endloop
  endfacet
  facet normal 0.00000000 0.00000000 -1.00000000
    outer loop
      vertex -19.43450490 2.43565203 0.00000000
      vertex -19.32813629 2.76039247 0.00000000
      vertex -12.69510483 -11.32400827 0.00000000
    endloop
  endfacet
  facet normal 0.00000000 0.00000000 -1.00000000
    outer loop
      vertex -19.52321780 2.09794454 0.00000000
      vertex -19.43450490 2.43565203 0.00000000
      vertex -12.69510483 -11.32400827 0.00000000
    endloop
  endfacet
  facet normal 0.00000000 0.00000000 -1.00000000
    outer loop
      vertex -19.59421999 1.74717352 0.00000000
      vertex -19.52321780 2.09794454 0.00000000
      vertex -12.69510483 -11.32400827 0.00000000
    endloop
  endfacet
  facet normal 0.00000000 0.00000000 -1.00000000
    outer loop
      vertex -19.64744465 1.38326461 0.00000000
      vertex -19.59421999 1.74717352 0.00000000
      vertex -12.69510483 -11.32400827 0.00000000
    endloop
  endfacet
  facet normal 0.00000000 0.00000000 -1.00000000
    outer loop
      vertex -19.68281888 1.00616514 0.00000000
      vertex -19.64744465 1.38326461 0.00000000
      vertex -12.69510483 -11.32400827 0.00000000
    endloop
  endfacet
  facet normal 0.00000000 0.00000000 -1.00000000
    outer loop
      vertex -19.70026861 0.61584225 0.00000000
      vertex -19.68281888 1.00616514 0.00000000
      vertex -12.69510483 -11.32400827 0.00000000
    endloop
  endfacet
  facet normal 0.00000000 0.00000000 -1.00000000
    outer loop
      vertex -19.69972228 0.21228007 0.00000000
      vertex -19.70026861 0.61584225 0.00000000
      vertex -12.69510483 -11.32400827 0.00000000
    endloop
  endfacet
  facet normal 0.00000000 0.00000000 -1.00000000
    outer loop
      vertex -19.68111332 -0.20452352 0.00000000
      vertex -19.69972228 0.21228007 0.00000000
      vertex -12.69510483 -11.32400827 0.00000000
    endloop
  endfacet
  facet normal 0.00000000 0.00000000 -1.00000000
    outer loop
      vertex -19.64438162 -0.63456001 0.00000000
      vertex -19.68111332 -0.20452352 0.00000000
      vertex -12.69510483 -11.32400827 0.00000000
    endloop
  endfacet
  facet normal 0.00000000 0.00000000 -1.00000000
    outer loop
      vertex -19.58947419 -1.07781314 0.00000000
      vertex -19.64438162 -0.63456001 0.00000000
      vertex -12.69510483 -11.32400827 0.00000000
    endloop
  endfacet
  facet normal 0.00000000 0.00000000 -1.00000000
    outer loop
      vertex -19.51634520 -1.53426137 0.00000000
      vertex -19.58947419 -1.07781314 0.00000000
      vertex -12.69510483 -11.32400827 0.00000000
    endloop
  endfacet
  facet normal 0.00000000 0.00000000 -1.00000000
    outer loop
      vertex -19.42469180 -2.00523564 0.00000000
      vertex -19.51634520 -1.53426137 0.00000000
      vertex -12.69510483 -11.32400827 0.00000000
    endloop
  endfacet
  facet normal 0.00000000 0.00000000 -1.00000000
    outer loop
      vertex -18.32665038 -7.20634490 0.00000000
      vertex -19.42469180 -2.00523564 0.00000000
      vertex -12.69510483 -11.32400827 0.00000000
    endloop
  endfacet
  facet normal 0.00000000 0.00000000 -1.00000000
    outer loop
      vertex -18.26131381 -7.49337792 0.00000000
      vertex -18.32665038 -7.20634490 0.00000000
      vertex -12.69510483 -11.32400827 0.00000000
    endloop
  endfacet
  facet normal 0.00000000 0.00000000 -1.00000000
    outer loop
      vertex -18.18908578 -7.76858748 0.00000000
      vertex -18.26131381 -7.49337792 0.00000000
      vertex -12.69510483 -11.32400827 0.00000000
    endloop
  endfacet
  facet normal 0.00000000 0.00000000 -1.00000000
    outer loop
      vertex -18.10969458 -8.03332039 0.00000000
      vertex -18.18908578 -7.76858748 0.00000000
      vertex -12.69510483 -11.32400827 0.00000000
    endloop
  endfacet
  facet normal 0.00000000 0.00000000 -1.00000000
    outer loop
      vertex -18.02317661 -8.28758405 0.00000000
      vertex -18.10969458 -8.03332039 0.00000000
      vertex -12.69510483 -11.32400827 0.00000000
    endloop
  endfacet
  facet normal 0.00000000 0.00000000 -1.00000000
    outer loop
      vertex -17.92956970 -8.53139210 0.00000000
      vertex -18.02317661 -8.28758405 0.00000000
      vertex -12.69510483 -11.32400827 0.00000000
    endloop
  endfacet
  facet normal 0.00000000 0.00000000 -1.00000000
    outer loop
      vertex -17.82891202 -8.76476553 0.00000000
      vertex -17.92956970 -8.53139210 0.00000000
      vertex -12.69510483 -11.32400827 0.00000000
    endloop
  endfacet
  facet normal 0.00000000 0.00000000 -1.00000000
    outer loop
      vertex -17.72124077 -8.98773368 0.00000000
      vertex -17.82891202 -8.76476553 0.00000000
      vertex -12.69510483 -11.32400827 0.00000000
    endloop
  endfacet
  facet normal 0.00000000 0.00000000 -1.00000000
    outer loop
      vertex -17.60659040 -9.20033509 0.00000000
      vertex -17.72124077 -8.98773368 0.00000000
      vertex -12.69510483 -11.32400827 0.00000000
    endloop
  endfacet
  facet normal 0.00000000 0.00000000 -1.00000000
    outer loop
      vertex -17.48499047 -9.40261790 0.00000000
      vertex -17.60659040 -9.20033509 0.00000000
      vertex -12.69510483 -11.32400827 0.00000000
    endloop
  endfacet
  facet normal 0.00000000 0.00000000 -1.00000000
    outer loop
      vertex -17.35646332 -9.59463976 0.00000000
      vertex -17.48499047 -9.40261790 0.00000000
      vertex -12.69510483 -11.32400827 0.00000000
    endloop
  endfacet
  facet normal 0.00000000 0.00000000 -1.00000000
    outer loop
      vertex -17.22102157 -9.77646708 0.00000000
      vertex -17.35646332 -9.59463976 0.00000000
      vertex -12.69510483 -11.32400827 0.00000000
    endloop
  endfacet
  facet normal 0.00000000 0.00000000 -1.00000000
    outer loop
      vertex -17.07866578 -9.94817340 0.00000000
      vertex -17.22102157 -9.77646708 0.00000000
      vertex -12.69510483 -11.32400827 0.00000000
    endloop
  endfacet
  facet normal 0.00000000 0.00000000 -1.00000000
    outer loop
      vertex -16.92938248 -10.10983697 0.00000000
      vertex -17.07866578 -9.94817340 0.00000000
      vertex -12.69510483 -11.32400827 0.00000000
    endloop
  endfacet
  facet normal 0.00000000 0.00000000 -1.00000000
    outer loop
      vertex -16.77314297 -10.26153759 0.00000000
      vertex -16.92938248 -10.10983697 0.00000000
      vertex -12.69510483 -11.32400827 0.00000000
    endloop
  endfacet
  facet normal 0.00000000 0.00000000 -1.00000000
    outer loop
      vertex -16.60990308 -10.40335293 0.00000000
      vertex -16.77314297 -10.26153759 0.00000000
      vertex -12.69510483 -11.32400827 0.00000000
    endloop
  endfacet
  facet normal 0.00000000 0.00000000 -1.00000000
    outer loop
      vertex -16.43960406 -10.53535456 0.00000000
      vertex -16.60990308 -10.40335293 0.00000000
      vertex -12.69510483 -11.32400827 0.00000000
    endloop
  endfacet
  facet normal 0.00000000 0.00000000 -1.00000000
    outer loop
      vertex -16.26217470 -10.65760435 0.00000000
      vertex -16.43960406 -10.53535456 0.00000000
      vertex -12.69510483 -11.32400827 0.00000000
    endloop
  endfacet
  facet normal 0.00000000 0.00000000 -1.00000000
    outer loop
      vertex -16.07753446 -10.77015138 0.00000000
      vertex -16.26217470 -10.65760435 0.00000000
      vertex -12.69510483 -11.32400827 0.00000000
    endloop
  endfacet
  facet normal 0.00000000 0.00000000 -1.00000000
    outer loop
      vertex -15.88559731 -10.87302993 0.00000000
      vertex -16.07753446 -10.77015138 0.00000000
      vertex -12.69510483 -11.32400827 0.00000000
    endloop
  endfacet
  facet normal 0.00000000 0.00000000 -1.00000000
    outer loop
      vertex -15.68627587 -10.96625855 0.00000000
      vertex -15.88559731 -10.87302993 0.00000000
      vertex -12.69510483 -11.32400827 0.00000000
    endloop
  endfacet
  facet normal 0.00000000 0.00000000 -1.00000000
    outer loop
      vertex -15.47948538 -11.04984039 0.00000000
      vertex -15.68627587 -10.96625855 0.00000000
      vertex -12.69510483 -11.32400827 0.00000000
    endloop
  endfacet
  facet normal 0.00000000 0.00000000 -1.00000000
    outer loop
      vertex -15.26514719 -11.12376454 0.00000000
      vertex -15.47948538 -11.04984039 0.00000000
      vertex -12.69510483 -11.32400827 0.00000000
    endloop
  endfacet
  facet normal 0.00000000 0.00000000 -1.00000000
    outer loop
      vertex -15.04319138 -11.18800818 0.00000000
      vertex -15.26514719 -11.12376454 0.00000000
      vertex -12.69510483 -11.32400827 0.00000000
    endloop
  endfacet
  facet normal 0.00000000 0.00000000 -1.00000000
    outer loop
      vertex -14.81355852 -11.24253913 0.00000000
      vertex -15.04319138 -11.18800818 0.00000000
      vertex -12.69510483 -11.32400827 0.00000000
    endloop
  endfacet
  facet normal 0.00000000 0.00000000 -1.00000000
    outer loop
      vertex -14.57620043 -11.28731864 0.00000000
      vertex -14.81355852 -11.24253913 0.00000000
      vertex -12.69510483 -11.32400827 0.00000000
    endloop
  endfacet
  facet normal 0.00000000 0.00000000 -1.00000000
    outer loop
      vertex -14.33108020 -11.32230392 0.00000000
      vertex -14.57620043 -11.28731864 0.00000000
      vertex -12.69510483 -11.32400827 0.00000000
    endloop
  endfacet
  facet normal 0.00000000 0.00000000 -1.00000000
    outer loop
      vertex -14.07817157 -11.34745047 0.00000000
      vertex -14.33108020 -11.32230392 0.00000000
      vertex -12.69510483 -11.32400827 0.00000000
    endloop
  endfacet
  facet normal 0.00000000 0.00000000 -1.00000000
    outer loop
      vertex -13.81745785 -11.36271395 0.00000000
      vertex -14.07817157 -11.34745047 0.00000000
      vertex -12.69510483 -11.32400827 0.00000000
    endloop
  endfacet
  facet normal 0.00000000 0.00000000 -1.00000000
    outer loop
      vertex -13.54893061 -11.36805161 0.00000000
      vertex -13.81745785 -11.36271395 0.00000000
      vertex -12.69510483 -11.32400827 0.00000000
    endloop
  endfacet
  facet normal -0.00000000 0.00000000 -1.00000000
    outer loop
      vertex -13.27258833 -11.36342327 0.00000000
      vertex -13.54893061 -11.36805161 0.00000000
      vertex -12.69510483 -11.32400827 0.00000000
    endloop
  endfacet
  facet normal 0.00000000 0.00000000 -1.00000000
    outer loop
      vertex -12.69510483 -11.32400827 0.00000000
      vertex -12.98843500 -11.34879198 0.00000000
      vertex -13.27258833 -11.36342327 0.00000000
    endloop
  endfacet
  facet normal -0.11563244 0.99329207 0.00000000
    outer loop
      vertex -8.14707189 -10.86748585 0.20000000
      vertex -8.06886994 -10.85838211 0.20000000
      vertex -8.06886994 -10.85838211 0.00000000
    endloop
  endfacet
  facet normal -0.11563244 0.99329207 0.00000000
    outer loop
      vertex -8.14707189 -10.86748585 0.20000000
      vertex -8.06886994 -10.85838211 0.00000000
      vertex -8.14707189 -10.86748585 0.00000000
    endloop
  endfacet
  facet normal -0.14849627 0.98891297 0.00000000
    outer loop
      vertex -8.06886994 -10.85838211 0.20000000
      vertex -7.99515211 -10.84731255 0.20000000
      vertex -7.99515211 -10.84731255 0.00000000
    endloop
  endfacet
  facet normal -0.14849627 0.98891297 0.00000000
    outer loop
      vertex -8.06886994 -10.85838211 0.20000000
      vertex -7.99515211 -10.84731255 0.00000000
      vertex -8.06886994 -10.85838211 0.00000000
    endloop
  endfacet
  facet normal -0.18319337 0.98307690 0.00000000
    outer loop
      vertex -7.99515211 -10.84731255 0.20000000
      vertex -7.92454844 -10.83415578 0.20000000
      vertex -7.92454844 -10.83415578 0.00000000
    endloop
  endfacet
  facet normal -0.18319337 0.98307690 0.00000000
    outer loop
      vertex -7.99515211 -10.84731255 0.20000000
      vertex -7.92454844 -10.83415578 0.00000000
      vertex -7.99515211 -10.84731255 0.00000000
    endloop
  endfacet
  facet normal -0.21973961 0.97555856 0.00000000
    outer loop
      vertex -7.92454844 -10.83415578 0.20000000
      vertex -7.85705895 -10.81895411 0.20000000
      vertex -7.85705895 -10.81895411 0.00000000
    endloop
  endfacet
  facet normal -0.21973961 0.97555856 0.00000000
    outer loop
      vertex -7.92454844 -10.83415578 0.20000000
      vertex -7.85705895 -10.81895411 0.00000000
      vertex -7.92454844 -10.83415578 0.00000000
    endloop
  endfacet
  facet normal -0.25811829 0.96611332 0.00000000
    outer loop
      vertex -7.85705895 -10.81895411 0.20000000
      vertex -7.79267705 -10.80175308 0.20000000
      vertex -7.79267705 -10.80175308 0.00000000
    endloop
  endfacet
  facet normal -0.25811829 0.96611332 0.00000000
    outer loop
      vertex -7.85705895 -10.81895411 0.20000000
      vertex -7.79267705 -10.80175308 0.00000000
      vertex -7.85705895 -10.81895411 0.00000000
    endloop
  endfacet
  facet normal -0.29827140 0.95448110 0.00000000
    outer loop
      vertex -7.79267705 -10.80175308 0.20000000
      vertex -7.73138786 -10.78260046 0.20000000
      vertex -7.73138786 -10.78260046 0.00000000
    endloop
  endfacet
  facet normal -0.29827140 0.95448110 0.00000000
    outer loop
      vertex -7.79267705 -10.80175308 0.20000000
      vertex -7.73138786 -10.78260046 0.00000000
      vertex -7.79267705 -10.80175308 0.00000000
    endloop
  endfacet
  facet normal -0.34009044 0.94039273 0.00000000
    outer loop
      vertex -7.73138786 -10.78260046 0.20000000
      vertex -7.67316656 -10.76154489 0.20000000
      vertex -7.67316656 -10.76154489 0.00000000
    endloop
  endfacet
  facet normal -0.34009044 0.94039273 0.00000000
    outer loop
      vertex -7.73138786 -10.78260046 0.20000000
      vertex -7.67316656 -10.76154489 0.00000000
      vertex -7.73138786 -10.78260046 0.00000000
    endloop
  endfacet
  facet normal -0.38340747 0.92357929 0.00000000
    outer loop
      vertex -7.67316656 -10.76154489 0.20000000
      vertex -7.61797692 -10.73863389 0.20000000
      vertex -7.61797692 -10.73863389 0.00000000
    endloop
  endfacet
  facet normal -0.38340747 0.92357929 0.00000000
    outer loop
      vertex -7.67316656 -10.76154489 0.20000000
      vertex -7.61797692 -10.73863389 0.00000000
      vertex -7.67316656 -10.76154489 0.00000000
    endloop
  endfacet
  facet normal -0.42798740 0.90378470 0.00000000
    outer loop
      vertex -7.61797692 -10.73863389 0.20000000
      vertex -7.56577006 -10.71391133 0.20000000
      vertex -7.56577006 -10.71391133 0.00000000
    endloop
  endfacet
  facet normal -0.42798740 0.90378470 0.00000000
    outer loop
      vertex -7.61797692 -10.73863389 0.20000000
      vertex -7.56577006 -10.71391133 0.00000000
      vertex -7.61797692 -10.73863389 0.00000000
    endloop
  endfacet
  facet normal -0.47352289 0.88078151 0.00000000
    outer loop
      vertex -7.56577006 -10.71391133 0.20000000
      vertex -7.51648395 -10.68741429 0.20000000
      vertex -7.51648395 -10.68741429 0.00000000
    endloop
  endfacet
  facet normal -0.47352289 0.88078151 0.00000000
    outer loop
      vertex -7.56577006 -10.71391133 0.20000000
      vertex -7.51648395 -10.68741429 0.00000000
      vertex -7.56577006 -10.71391133 0.00000000
    endloop
  endfacet
  facet normal -0.51963342 0.85438932 0.00000000
    outer loop
      vertex -7.51648395 -10.68741429 0.20000000
      vertex -7.47004367 -10.65916964 0.20000000
      vertex -7.47004367 -10.65916964 0.00000000
    endloop
  endfacet
  facet normal -0.51963342 0.85438932 0.00000000
    outer loop
      vertex -7.51648395 -10.68741429 0.20000000
      vertex -7.47004367 -10.65916964 0.00000000
      vertex -7.51648395 -10.68741429 0.00000000
    endloop
  endfacet
  facet normal -0.56586993 0.82449452 0.00000000
    outer loop
      vertex -7.47004367 -10.65916964 0.20000000
      vertex -7.42636289 -10.62919050 0.20000000
      vertex -7.42636289 -10.62919050 0.00000000
    endloop
  endfacet
  facet normal -0.56586993 0.82449452 0.00000000
    outer loop
      vertex -7.47004367 -10.65916964 0.20000000
      vertex -7.42636289 -10.62919050 0.00000000
      vertex -7.47004367 -10.65916964 0.00000000
    endloop
  endfacet
  facet normal -0.61172637 0.79106943 0.00000000
    outer loop
      vertex -7.42636289 -10.62919050 0.20000000
      vertex -7.38534661 -10.59747300 0.20000000
      vertex -7.38534661 -10.59747300 0.00000000
    endloop
  endfacet
  facet normal -0.61172637 0.79106943 0.00000000
    outer loop
      vertex -7.42636289 -10.62919050 0.20000000
      vertex -7.38534661 -10.59747300 0.00000000
      vertex -7.42636289 -10.62919050 0.00000000
    endloop
  endfacet
  facet normal -0.65665835 0.75418818 0.00000000
    outer loop
      vertex -7.38534661 -10.59747300 0.20000000
      vertex -7.34689509 -10.56399395 0.20000000
      vertex -7.34689509 -10.56399395 0.00000000
    endloop
  endfacet
  facet normal -0.65665835 0.75418818 0.00000000
    outer loop
      vertex -7.38534661 -10.59747300 0.20000000
      vertex -7.34689509 -10.56399395 0.00000000
      vertex -7.38534661 -10.59747300 0.00000000
    endloop
  endfacet
  facet normal -0.70010831 0.71403666 0.00000000
    outer loop
      vertex -7.34689509 -10.56399395 0.20000000
      vertex -7.31090890 -10.52870972 0.20000000
      vertex -7.31090890 -10.52870972 0.00000000
    endloop
  endfacet
  facet normal -0.70010831 0.71403666 0.00000000
    outer loop
      vertex -7.34689509 -10.56399395 0.20000000
      vertex -7.31090890 -10.52870972 0.00000000
      vertex -7.34689509 -10.56399395 0.00000000
    endloop
  endfacet
  facet normal -0.74153515 0.67091402 0.00000000
    outer loop
      vertex -7.31090890 -10.52870972 0.20000000
      vertex -7.27729436 -10.49155688 0.20000000
      vertex -7.27729436 -10.49155688 0.00000000
    endloop
  endfacet
  facet normal -0.74153515 0.67091402 0.00000000
    outer loop
      vertex -7.31090890 -10.52870972 0.20000000
      vertex -7.27729436 -10.49155688 0.00000000
      vertex -7.31090890 -10.52870972 0.00000000
    endloop
  endfacet
  facet normal -0.78044505 0.62522438 0.00000000
    outer loop
      vertex -7.27729436 -10.49155688 0.20000000
      vertex -7.24596899 -10.45245456 0.20000000
      vertex -7.24596899 -10.45245456 0.00000000
    endloop
  endfacet
  facet normal -0.78044505 0.62522438 0.00000000
    outer loop
      vertex -7.27729436 -10.49155688 0.20000000
      vertex -7.24596899 -10.45245456 0.00000000
      vertex -7.27729436 -10.49155688 0.00000000
    endloop
  endfacet
  facet normal -0.81641987 0.57745874 0.00000000
    outer loop
      vertex -7.24596899 -10.45245456 0.20000000
      vertex -7.21686609 -10.41130843 0.20000000
      vertex -7.21686609 -10.41130843 0.00000000
    endloop
  endfacet
  facet normal -0.81641987 0.57745874 0.00000000
    outer loop
      vertex -7.24596899 -10.45245456 0.20000000
      vertex -7.21686609 -10.41130843 0.00000000
      vertex -7.24596899 -10.45245456 0.00000000
    endloop
  endfacet
  facet normal -0.84913930 0.52816895 0.00000000
    outer loop
      vertex -7.21686609 -10.41130843 0.20000000
      vertex -7.18993793 -10.36801593 0.20000000
      vertex -7.18993793 -10.36801593 0.00000000
    endloop
  endfacet
  facet normal -0.84913930 0.52816895 0.00000000
    outer loop
      vertex -7.21686609 -10.41130843 0.20000000
      vertex -7.18993793 -10.36801593 0.00000000
      vertex -7.21686609 -10.41130843 0.00000000
    endloop
  endfacet
  facet normal -0.87839418 0.47793688 0.00000000
    outer loop
      vertex -7.18993793 -10.36801593 0.20000000
      vertex -7.16515731 -10.32247193 0.20000000
      vertex -7.16515731 -10.32247193 0.00000000
    endloop
  endfacet
  facet normal -0.87839418 0.47793688 0.00000000
    outer loop
      vertex -7.18993793 -10.36801593 0.20000000
      vertex -7.16515731 -10.32247193 0.00000000
      vertex -7.18993793 -10.36801593 0.00000000
    endloop
  endfacet
  facet normal -0.90408978 0.42734256 0.00000000
    outer loop
      vertex -7.16515731 -10.32247193 0.20000000
      vertex -7.14251719 -10.27457428 0.20000000
      vertex -7.14251719 -10.27457428 0.00000000
    endloop
  endfacet
  facet normal -0.90408978 0.42734256 0.00000000
    outer loop
      vertex -7.16515731 -10.32247193 0.20000000
      vertex -7.14251719 -10.27457428 0.00000000
      vertex -7.16515731 -10.32247193 0.00000000
    endloop
  endfacet
  facet normal -0.92623962 0.37693523 0.00000000
    outer loop
      vertex -7.14251719 -10.27457428 0.20000000
      vertex -7.12202889 -10.22422858 0.20000000
      vertex -7.12202889 -10.22422858 0.00000000
    endloop
  endfacet
  facet normal -0.92623962 0.37693523 0.00000000
    outer loop
      vertex -7.14251719 -10.27457428 0.20000000
      vertex -7.12202889 -10.22422858 0.00000000
      vertex -7.14251719 -10.27457428 0.00000000
    endloop
  endfacet
  facet normal -0.94495162 0.32721009 0.00000000
    outer loop
      vertex -7.12202889 -10.22422858 0.20000000
      vertex -7.10371912 -10.17135169 0.20000000
      vertex -7.10371912 -10.17135169 0.00000000
    endloop
  endfacet
  facet normal -0.94495162 0.32721009 0.00000000
    outer loop
      vertex -7.12202889 -10.22422858 0.20000000
      vertex -7.10371912 -10.17135169 0.00000000
      vertex -7.12202889 -10.22422858 0.00000000
    endloop
  endfacet
  facet normal -0.96040944 0.27859236 0.00000000
    outer loop
      vertex -7.10371912 -10.17135169 0.20000000
      vertex -7.08762631 -10.11587392 0.20000000
      vertex -7.08762631 -10.11587392 0.00000000
    endloop
  endfacet
  facet normal -0.96040944 0.27859236 0.00000000
    outer loop
      vertex -7.10371912 -10.17135169 0.20000000
      vertex -7.08762631 -10.11587392 0.00000000
      vertex -7.10371912 -10.17135169 0.00000000
    endloop
  endfacet
  facet normal -0.97285180 0.23142899 0.00000000
    outer loop
      vertex -7.08762631 -10.11587392 0.20000000
      vertex -7.07379698 -10.05773993 0.20000000
      vertex -7.07379698 -10.05773993 0.00000000
    endloop
  endfacet
  facet normal -0.97285180 0.23142899 0.00000000
    outer loop
      vertex -7.08762631 -10.11587392 0.20000000
      vertex -7.07379698 -10.05773993 0.00000000
      vertex -7.08762631 -10.11587392 0.00000000
    endloop
  endfacet
  facet normal -0.98255217 0.18598716 0.00000000
    outer loop
      vertex -7.07379698 -10.05773993 0.20000000
      vertex -7.06228220 -9.99690848 0.20000000
      vertex -7.06228220 -9.99690848 0.00000000
    endloop
  endfacet
  facet normal -0.98255217 0.18598716 0.00000000
    outer loop
      vertex -7.07379698 -10.05773993 0.20000000
      vertex -7.06228220 -9.99690848 0.00000000
      vertex -7.07379698 -10.05773993 0.00000000
    endloop
  endfacet
  facet normal -0.98980082 0.14245819 0.00000000
    outer loop
      vertex -7.06228220 -9.99690848 0.20000000
      vertex -7.05313467 -9.93335133 0.20000000
      vertex -7.05313467 -9.93335133 0.00000000
    endloop
  endfacet
  facet normal -0.98980082 0.14245819 0.00000000
    outer loop
      vertex -7.06228220 -9.99690848 0.20000000
      vertex -7.05313467 -9.93335133 0.00000000
      vertex -7.06228220 -9.99690848 0.00000000
    endloop
  endfacet
  facet normal -0.99488997 0.10096504 0.00000000
    outer loop
      vertex -7.05313467 -9.93335133 0.20000000
      vertex -7.04640635 -9.86705175 0.20000000
      vertex -7.04640635 -9.86705175 0.00000000
    endloop
  endfacet
  facet normal -0.99488997 0.10096504 0.00000000
    outer loop
      vertex -7.05313467 -9.93335133 0.20000000
      vertex -7.04640635 -9.86705175 0.00000000
      vertex -7.05313467 -9.93335133 0.00000000
    endloop
  endfacet
  facet normal -0.99810265 0.06157197 0.00000000
    outer loop
      vertex -7.04640635 -9.86705175 0.20000000
      vertex -7.04214678 -9.79800266 0.20000000
      vertex -7.04214678 -9.79800266 0.00000000
    endloop
  endfacet
  facet normal -0.99810265 0.06157197 0.00000000
    outer loop
      vertex -7.04640635 -9.86705175 0.20000000
      vertex -7.04214678 -9.79800266 0.00000000
      vertex -7.04640635 -9.86705175 0.00000000
    endloop
  endfacet
  facet normal -0.99970484 0.02429481 0.00000000
    outer loop
      vertex -7.04214678 -9.79800266 0.20000000
      vertex -7.04040195 -9.72620478 0.20000000
      vertex -7.04040195 -9.72620478 0.00000000
    endloop
  endfacet
  facet normal -0.99970484 0.02429481 0.00000000
    outer loop
      vertex -7.04214678 -9.79800266 0.20000000
      vertex -7.04040195 -9.72620478 0.00000000
      vertex -7.04214678 -9.79800266 0.00000000
    endloop
  endfacet
  facet normal -0.99994071 -0.01088889 0.00000000
    outer loop
      vertex -7.04040195 -9.72620478 0.20000000
      vertex -7.04121365 -9.65166490 0.20000000
      vertex -7.04121365 -9.65166490 0.00000000
    endloop
  endfacet
  facet normal -0.99994071 -0.01088889 -0.00000000
    outer loop
      vertex -7.04040195 -9.72620478 0.20000000
      vertex -7.04121365 -9.65166490 0.00000000
      vertex -7.04040195 -9.72620478 0.00000000
    endloop
  endfacet
  facet normal -0.99903018 -0.04403068 0.00000000
    outer loop
      vertex -7.04121365 -9.65166490 0.20000000
      vertex -7.04468019 -9.57301119 0.20000000
      vertex -7.04468019 -9.57301119 0.00000000
    endloop
  endfacet
  facet normal -0.99903018 -0.04403068 -0.00000000
    outer loop
      vertex -7.04121365 -9.65166490 0.20000000
      vertex -7.04468019 -9.57301119 0.00000000
      vertex -7.04121365 -9.65166490 0.00000000
    endloop
  endfacet
  facet normal -0.99820691 -0.05985792 0.00000000
    outer loop
      vertex -7.04468019 -9.57301119 0.20000000
      vertex -7.77273515 2.56823073 0.20000000
      vertex -7.77273515 2.56823073 0.00000000
    endloop
  endfacet
  facet normal -0.99820691 -0.05985792 -0.00000000
    outer loop
      vertex -7.04468019 -9.57301119 0.20000000
      vertex -7.77273515 2.56823073 0.00000000
      vertex -7.04468019 -9.57301119 0.00000000
    endloop
  endfacet
  facet normal -0.99903005 -0.04403363 0.00000000
    outer loop
      vertex -7.77273515 2.56823073 0.20000000
      vertex -7.77638709 2.65108558 0.20000000
      vertex -7.77638709 2.65108558 0.00000000
    endloop
  endfacet
  facet normal -0.99903005 -0.04403363 -0.00000000
    outer loop
      vertex -7.77273515 2.56823073 0.20000000
      vertex -7.77638709 2.65108558 0.00000000
      vertex -7.77273515 2.56823073 0.00000000
    endloop
  endfacet
  facet normal -0.99994056 -0.01090325 0.00000000
    outer loop
      vertex -7.77638709 2.65108558 0.20000000
      vertex -7.77728523 2.73345389 0.20000000
      vertex -7.77728523 2.73345389 0.00000000
    endloop
  endfacet
  facet normal -0.99994056 -0.01090325 -0.00000000
    outer loop
      vertex -7.77638709 2.65108558 0.20000000
      vertex -7.77728523 2.73345389 0.00000000
      vertex -7.77638709 2.65108558 0.00000000
    endloop
  endfacet
  facet normal -0.99970567 0.02426066 0.00000000
    outer loop
      vertex -7.77728523 2.73345389 0.20000000
      vertex -7.77533143 2.81396374 0.20000000
      vertex -7.77533143 2.81396374 0.00000000
    endloop
  endfacet
  facet normal -0.99970567 0.02426066 0.00000000
    outer loop
      vertex -7.77728523 2.73345389 0.20000000
      vertex -7.77533143 2.81396374 0.00000000
      vertex -7.77728523 2.73345389 0.00000000
    endloop
  endfacet
  facet normal -0.99810657 0.06150839 0.00000000
    outer loop
      vertex -7.77533143 2.81396374 0.20000000
      vertex -7.77048413 2.89262169 0.20000000
      vertex -7.77048413 2.89262169 0.00000000
    endloop
  endfacet
  facet normal -0.99810657 0.06150839 0.00000000
    outer loop
      vertex -7.77533143 2.81396374 0.20000000
      vertex -7.77048413 2.89262169 0.00000000
      vertex -7.77533143 2.81396374 0.00000000
    endloop
  endfacet
  facet normal -0.99490051 0.10086117 0.00000000
    outer loop
      vertex -7.77048413 2.89262169 0.20000000
      vertex -7.76269762 2.96942825 0.20000000
      vertex -7.76269762 2.96942825 0.00000000
    endloop
  endfacet
  facet normal -0.99490051 0.10086117 0.00000000
    outer loop
      vertex -7.77048413 2.89262169 0.20000000
      vertex -7.76269762 2.96942825 0.00000000
      vertex -7.77048413 2.89262169 0.00000000
    endloop
  endfacet
  facet normal -0.98982327 0.14230209 0.00000000
    outer loop
      vertex -7.76269762 2.96942825 0.20000000
      vertex -7.75192272 3.04437617 0.20000000
      vertex -7.75192272 3.04437617 0.00000000
    endloop
  endfacet
  facet normal -0.98982327 0.14230209 0.00000000
    outer loop
      vertex -7.76269762 2.96942825 0.20000000
      vertex -7.75192272 3.04437617 0.00000000
      vertex -7.76269762 2.96942825 0.00000000
    endloop
  endfacet
  facet normal -0.98259400 0.18576609 0.00000000
    outer loop
      vertex -7.75192272 3.04437617 0.20000000
      vertex -7.73810788 3.11744859 0.20000000
      vertex -7.73810788 3.11744859 0.00000000
    endloop
  endfacet
  facet normal -0.98259400 0.18576609 0.00000000
    outer loop
      vertex -7.75192272 3.04437617 0.20000000
      vertex -7.73810788 3.11744859 0.00000000
      vertex -7.75192272 3.04437617 0.00000000
    endloop
  endfacet
  facet normal -0.97292292 0.23112981 0.00000000
    outer loop
      vertex -7.73810788 3.11744859 0.20000000
      vertex -7.72120088 3.18861729 0.20000000
      vertex -7.72120088 3.18861729 0.00000000
    endloop
  endfacet
  facet normal -0.97292292 0.23112981 0.00000000
    outer loop
      vertex -7.73810788 3.11744859 0.20000000
      vertex -7.72120088 3.18861729 0.00000000
      vertex -7.73810788 3.11744859 0.00000000
    endloop
  endfacet
  facet normal -0.96052254 0.27820218 0.00000000
    outer loop
      vertex -7.72120088 3.18861729 0.20000000
      vertex -7.70115115 3.25784112 0.20000000
      vertex -7.70115115 3.25784112 0.00000000
    endloop
  endfacet
  facet normal -0.96052254 0.27820218 0.00000000
    outer loop
      vertex -7.72120088 3.18861729 0.20000000
      vertex -7.70115115 3.25784112 0.00000000
      vertex -7.72120088 3.18861729 0.00000000
    endloop
  endfacet
  facet normal -0.94512221 0.32671701 0.00000000
    outer loop
      vertex -7.70115115 3.25784112 0.20000000
      vertex -7.67791269 3.32506499 0.20000000
      vertex -7.67791269 3.32506499 0.00000000
    endloop
  endfacet
  facet normal -0.94512221 0.32671701 0.00000000
    outer loop
      vertex -7.70115115 3.25784112 0.20000000
      vertex -7.67791269 3.32506499 0.00000000
      vertex -7.70115115 3.25784112 0.00000000
    endloop
  endfacet
  facet normal -0.92648598 0.37632929 0.00000000
    outer loop
      vertex -7.67791269 3.32506499 0.20000000
      vertex -7.65144751 3.39021968 0.20000000
      vertex -7.65144751 3.39021968 0.00000000
    endloop
  endfacet
  facet normal -0.92648598 0.37632929 0.00000000
    outer loop
      vertex -7.67791269 3.32506499 0.20000000
      vertex -7.65144751 3.39021968 0.00000000
      vertex -7.67791269 3.32506499 0.00000000
    endloop
  endfacet
  facet normal -0.90443249 0.42661676 0.00000000
    outer loop
      vertex -7.65144751 3.39021968 0.20000000
      vertex -7.62172929 3.45322267 0.20000000
      vertex -7.62172929 3.45322267 0.00000000
    endloop
  endfacet
  facet normal -0.90443249 0.42661676 0.00000000
    outer loop
      vertex -7.65144751 3.39021968 0.20000000
      vertex -7.62172929 3.45322267 0.00000000
      vertex -7.65144751 3.39021968 0.00000000
    endloop
  endfacet
  facet normal -0.87885545 0.47708815 0.00000000
    outer loop
      vertex -7.62172929 3.45322267 0.20000000
      vertex -7.58874689 3.51398032 0.20000000
      vertex -7.58874689 3.51398032 0.00000000
    endloop
  endfacet
  facet normal -0.87885545 0.47708815 0.00000000
    outer loop
      vertex -7.62172929 3.45322267 0.20000000
      vertex -7.58874689 3.51398032 0.00000000
      vertex -7.62172929 3.45322267 0.00000000
    endloop
  endfacet
  facet normal -0.84974188 0.52719896 0.00000000
    outer loop
      vertex -7.58874689 3.51398032 0.20000000
      vertex -7.55250734 3.57239141 0.20000000
      vertex -7.55250734 3.57239141 0.00000000
    endloop
  endfacet
  facet normal -0.84974188 0.52719896 0.00000000
    outer loop
      vertex -7.58874689 3.51398032 0.20000000
      vertex -7.55250734 3.57239141 0.00000000
      vertex -7.58874689 3.51398032 0.00000000
    endloop
  endfacet
  facet normal -0.81718574 0.57637442 0.00000000
    outer loop
      vertex -7.55250734 3.57239141 0.20000000
      vertex -7.51303759 3.62835177 0.20000000
      vertex -7.51303759 3.62835177 0.00000000
    endloop
  endfacet
  facet normal -0.81718574 0.57637442 0.00000000
    outer loop
      vertex -7.55250734 3.57239141 0.20000000
      vertex -7.51303759 3.62835177 0.00000000
      vertex -7.55250734 3.57239141 0.00000000
    endloop
  endfacet
  facet normal -0.78139398 0.62403802 0.00000000
    outer loop
      vertex -7.51303759 3.62835177 0.20000000
      vertex -7.47038481 3.68175976 0.20000000
      vertex -7.47038481 3.68175976 0.00000000
    endloop
  endfacet
  facet normal -0.78139398 0.62403802 0.00000000
    outer loop
      vertex -7.51303759 3.62835177 0.20000000
      vertex -7.47038481 3.68175976 0.00000000
      vertex -7.51303759 3.62835177 0.00000000
    endloop
  endfacet
  facet normal -0.74268328 0.66964285 0.00000000
    outer loop
      vertex -7.47038481 3.68175976 0.20000000
      vertex -7.42461496 3.73252190 0.20000000
      vertex -7.42461496 3.73252190 0.00000000
    endloop
  endfacet
  facet normal -0.74268328 0.66964285 0.00000000
    outer loop
      vertex -7.47038481 3.68175976 0.20000000
      vertex -7.42461496 3.73252190 0.00000000
      vertex -7.47038481 3.68175976 0.00000000
    endloop
  endfacet
  facet normal -0.70146698 0.71270196 0.00000000
    outer loop
      vertex -7.42461496 3.73252190 0.20000000
      vertex -7.37580959 3.78055791 0.20000000
      vertex -7.37580959 3.78055791 0.00000000
    endloop
  endfacet
  facet normal -0.70146698 0.71270196 0.00000000
    outer loop
      vertex -7.42461496 3.73252190 0.20000000
      vertex -7.37580959 3.78055791 0.00000000
      vertex -7.42461496 3.73252190 0.00000000
    endloop
  endfacet
  facet normal -0.65823330 0.75281401 0.00000000
    outer loop
      vertex -7.37580959 3.78055791 0.20000000
      vertex -7.32406130 3.82580474 0.20000000
      vertex -7.32406130 3.82580474 0.00000000
    endloop
  endfacet
  facet normal -0.65823330 0.75281401 0.00000000
    outer loop
      vertex -7.37580959 3.78055791 0.20000000
      vertex -7.32406130 3.82580474 0.00000000
      vertex -7.37580959 3.78055791 0.00000000
    endloop
  endfacet
  facet normal -0.61351745 0.78968116 0.00000000
    outer loop
      vertex -7.32406130 3.82580474 0.20000000
      vertex -7.26946851 3.86821886 0.20000000
      vertex -7.26946851 3.86821886 0.00000000
    endloop
  endfacet
  facet normal -0.61351745 0.78968116 0.00000000
    outer loop
      vertex -7.32406130 3.82580474 0.20000000
      vertex -7.26946851 3.86821886 0.00000000
      vertex -7.32406130 3.82580474 0.00000000
    endloop
  endfacet
  facet normal -0.56787133 0.82311733 0.00000000
    outer loop
      vertex -7.26946851 3.86821886 0.20000000
      vertex -7.21212996 3.90777691 0.20000000
      vertex -7.21212996 3.90777691 0.00000000
    endloop
  endfacet
  facet normal -0.56787133 0.82311733 0.00000000
    outer loop
      vertex -7.26946851 3.86821886 0.20000000
      vertex -7.21212996 3.90777691 0.00000000
      vertex -7.26946851 3.86821886 0.00000000
    endloop
  endfacet
  facet normal -0.52183430 0.85304687 0.00000000
    outer loop
      vertex -7.21212996 3.90777691 0.20000000
      vertex -7.15213984 3.94447466 0.20000000
      vertex -7.15213984 3.94447466 0.00000000
    endloop
  endfacet
  facet normal -0.52183430 0.85304687 0.00000000
    outer loop
      vertex -7.21212996 3.90777691 0.20000000
      vertex -7.15213984 3.94447466 0.00000000
      vertex -7.21212996 3.90777691 0.00000000
    endloop
  endfacet
  facet normal -0.47590837 0.87949487 0.00000000
    outer loop
      vertex -7.15213984 3.94447466 0.20000000
      vertex -7.08958385 3.97832468 0.20000000
      vertex -7.08958385 3.97832468 0.00000000
    endloop
  endfacet
  facet normal -0.47590837 0.87949487 0.00000000
    outer loop
      vertex -7.15213984 3.94447466 0.20000000
      vertex -7.08958385 3.97832468 0.00000000
      vertex -7.15213984 3.94447466 0.00000000
    endloop
  endfacet
  facet normal -0.43053965 0.90257167 0.00000000
    outer loop
      vertex -7.08958385 3.97832468 0.20000000
      vertex -7.02453648 4.00935321 0.20000000
      vertex -7.02453648 4.00935321 0.00000000
    endloop
  endfacet
  facet normal -0.43053965 0.90257167 0.00000000
    outer loop
      vertex -7.08958385 3.97832468 0.20000000
      vertex -7.02453648 4.00935321 0.00000000
      vertex -7.08958385 3.97832468 0.00000000
    endloop
  endfacet
  facet normal -0.38610691 0.92245404 0.00000000
    outer loop
      vertex -7.02453648 4.00935321 0.20000000
      vertex -6.95705955 4.03759669 0.20000000
      vertex -6.95705955 4.03759669 0.00000000
    endloop
  endfacet
  facet normal -0.38610691 0.92245404 0.00000000
    outer loop
      vertex -7.02453648 4.00935321 0.20000000
      vertex -6.95705955 4.03759669 0.00000000
      vertex -7.02453648 4.00935321 0.00000000
    endloop
  endfacet
  facet normal -0.34291675 0.93936580 0.00000000
    outer loop
      vertex -6.95705955 4.03759669 0.20000000
      vertex -6.88720187 4.06309833 0.20000000
      vertex -6.88720187 4.06309833 0.00000000
    endloop
  endfacet
  facet normal -0.34291675 0.93936580 0.00000000
    outer loop
      vertex -6.95705955 4.03759669 0.20000000
      vertex -6.88720187 4.06309833 0.00000000
      vertex -6.95705955 4.03759669 0.00000000
    endloop
  endfacet
  facet normal -0.30120443 0.95355959 0.00000000
    outer loop
      vertex -6.88720187 4.06309833 0.20000000
      vertex -6.81499979 4.08590507 0.20000000
      vertex -6.81499979 4.08590507 0.00000000
    endloop
  endfacet
  facet normal -0.30120443 0.95355959 0.00000000
    outer loop
      vertex -6.88720187 4.06309833 0.20000000
      vertex -6.81499979 4.08590507 0.00000000
      vertex -6.88720187 4.06309833 0.00000000
    endloop
  endfacet
  facet normal -0.26113873 0.96530128 0.00000000
    outer loop
      vertex -6.81499979 4.08590507 0.20000000
      vertex -6.74047829 4.10606504 0.20000000
      vertex -6.74047829 4.10606504 0.00000000
    endloop
  endfacet
  facet normal -0.26113873 0.96530128 0.00000000
    outer loop
      vertex -6.81499979 4.08590507 0.20000000
      vertex -6.74047829 4.10606504 0.00000000
      vertex -6.81499979 4.08590507 0.00000000
    endloop
  endfacet
  facet normal -0.22282946 0.97485744 0.00000000
    outer loop
      vertex -6.74047829 4.10606504 0.20000000
      vertex -6.66365254 4.12362560 0.20000000
      vertex -6.66365254 4.12362560 0.00000000
    endloop
  endfacet
  facet normal -0.22282946 0.97485744 0.00000000
    outer loop
      vertex -6.74047829 4.10606504 0.20000000
      vertex -6.66365254 4.12362560 0.00000000
      vertex -6.74047829 4.10606504 0.00000000
    endloop
  endfacet
  facet normal -0.18633624 0.98248603 0.00000000
    outer loop
      vertex -6.66365254 4.12362560 0.20000000
      vertex -6.58452945 4.13863192 0.20000000
      vertex -6.58452945 4.13863192 0.00000000
    endloop
  endfacet
  facet normal -0.18633624 0.98248603 0.00000000
    outer loop
      vertex -6.66365254 4.12362560 0.20000000
      vertex -6.58452945 4.13863192 0.00000000
      vertex -6.66365254 4.12362560 0.00000000
    endloop
  endfacet
  facet normal -0.15167755 0.98843003 0.00000000
    outer loop
      vertex -6.58452945 4.13863192 0.20000000
      vertex -6.50310930 4.15112609 0.20000000
      vertex -6.50310930 4.15112609 0.00000000
    endloop
  endfacet
  facet normal -0.15167755 0.98843003 0.00000000
    outer loop
      vertex -6.58452945 4.13863192 0.20000000
      vertex -6.50310930 4.15112609 0.00000000
      vertex -6.58452945 4.13863192 0.00000000
    endloop
  endfacet
  facet normal -0.11883931 0.99291350 0.00000000
    outer loop
      vertex -6.50310930 4.15112609 0.20000000
      vertex -6.42076172 4.16098206 0.20000000
      vertex -6.42076172 4.16098206 0.00000000
    endloop
  endfacet
  facet normal -0.11883931 0.99291350 0.00000000
    outer loop
      vertex -6.50310930 4.15112609 0.20000000
      vertex -6.42076172 4.16098206 0.00000000
      vertex -6.50310930 4.15112609 0.00000000
    endloop
  endfacet
  facet normal -0.10309150 0.99467188 0.00000000
    outer loop
      vertex -6.42076172 4.16098206 0.20000000
      vertex 17.79767322 6.67107086 0.20000000
      vertex 17.79767322 6.67107086 0.00000000
    endloop
  endfacet
  facet normal -0.10309150 0.99467188 0.00000000
    outer loop
      vertex -6.42076172 4.16098206 0.20000000
      vertex 17.79767322 6.67107086 0.00000000
      vertex -6.42076172 4.16098206 0.00000000
    endloop
  endfacet
  facet normal -0.11886694 0.99291019 0.00000000
    outer loop
      vertex 17.79767322 6.67107086 0.20000000
      vertex 17.93497640 6.68750821 0.20000000
      vertex 17.93497640 6.68750821 0.00000000
    endloop
  endfacet
  facet normal -0.11886694 0.99291019 0.00000000
    outer loop
      vertex 17.79767322 6.67107086 0.20000000
      vertex 17.93497640 6.68750821 0.00000000
      vertex 17.79767322 6.67107086 0.00000000
    endloop
  endfacet
  facet normal -0.15185641 0.98840256 0.00000000
    outer loop
      vertex 17.93497640 6.68750821 0.20000000
      vertex 18.06551519 6.70756396 0.20000000
      vertex 18.06551519 6.70756396 0.00000000
    endloop
  endfacet
  facet normal -0.15185641 0.98840256 0.00000000
    outer loop
      vertex 17.93497640 6.68750821 0.20000000
      vertex 18.06551519 6.70756396 0.00000000
      vertex 17.93497640 6.68750821 0.00000000
    endloop
  endfacet
  facet normal -0.18681159 0.98239576 0.00000000
    outer loop
      vertex 18.06551519 6.70756396 0.20000000
      vertex 18.19065538 6.73136052 0.20000000
      vertex 18.19065538 6.73136052 0.00000000
    endloop
  endfacet
  facet normal -0.18681159 0.98239576 0.00000000
    outer loop
      vertex 18.06551519 6.70756396 0.20000000
      vertex 18.19065538 6.73136052 0.00000000
      vertex 18.06551519 6.70756396 0.00000000
    endloop
  endfacet
  facet normal -0.22376731 0.97464260 0.00000000
    outer loop
      vertex 18.19065538 6.73136052 0.20000000
      vertex 18.31039361 6.75885111 0.20000000
      vertex 18.31039361 6.75885111 0.00000000
    endloop
  endfacet
  facet normal -0.22376731 0.97464260 0.00000000
    outer loop
      vertex 18.19065538 6.73136052 0.20000000
      vertex 18.31039361 6.75885111 0.00000000
      vertex 18.19065538 6.73136052 0.00000000
    endloop
  endfacet
  facet normal -0.26272456 0.96487088 0.00000000
    outer loop
      vertex 18.31039361 6.75885111 0.20000000
      vertex 18.42473354 6.78998471 0.20000000
      vertex 18.42473354 6.78998471 0.00000000
    endloop
  endfacet
  facet normal -0.26272456 0.96487088 0.00000000
    outer loop
      vertex 18.31039361 6.75885111 0.20000000
      vertex 18.42473354 6.78998471 0.00000000
      vertex 18.31039361 6.75885111 0.00000000
    endloop
  endfacet
  facet normal -0.30363994 0.95278685 0.00000000
    outer loop
      vertex 18.42473354 6.78998471 0.20000000
      vertex 18.53368786 6.82470694 0.20000000
      vertex 18.53368786 6.82470694 0.00000000
    endloop
  endfacet
  facet normal -0.30363994 0.95278685 0.00000000
    outer loop
      vertex 18.42473354 6.78998471 0.20000000
      vertex 18.53368786 6.82470694 0.00000000
      vertex 18.42473354 6.78998471 0.00000000
    endloop
  endfacet
  facet normal -0.34641414 0.93808168 0.00000000
    outer loop
      vertex 18.53368786 6.82470694 0.20000000
      vertex 18.63728044 6.86296154 0.20000000
      vertex 18.63728044 6.86296154 0.00000000
    endloop
  endfacet
  facet normal -0.34641414 0.93808168 0.00000000
    outer loop
      vertex 18.53368786 6.82470694 0.20000000
      vertex 18.63728044 6.86296154 0.00000000
      vertex 18.53368786 6.82470694 0.00000000
    endloop
  endfacet
  facet normal -0.39088010 0.92044160 0.00000000
    outer loop
      vertex 18.63728044 6.86296154 0.20000000
      vertex 18.73554835 6.90469256 0.20000000
      vertex 18.73554835 6.90469256 0.00000000
    endloop
  endfacet
  facet normal -0.39088010 0.92044160 0.00000000
    outer loop
      vertex 18.63728044 6.86296154 0.20000000
      vertex 18.73554835 6.90469256 0.00000000
      vertex 18.63728044 6.86296154 0.00000000
    endloop
  endfacet
  facet normal -0.43679226 0.89956240 0.00000000
    outer loop
      vertex 18.73554835 6.90469256 0.20000000
      vertex 18.82854360 6.94984741 0.20000000
      vertex 18.82854360 6.94984741 0.00000000
    endloop
  endfacet
  facet normal -0.43679226 0.89956240 0.00000000
    outer loop
      vertex 18.73554835 6.90469256 0.20000000
      vertex 18.82854360 6.94984741 0.00000000
      vertex 18.73554835 6.90469256 0.00000000
    endloop
  endfacet
  facet normal -0.48381847 0.87516837 0.00000000
    outer loop
      vertex 18.82854360 6.94984741 0.20000000
      vertex 18.91633422 6.99838061 0.20000000
      vertex 18.91633422 6.99838061 0.00000000
    endloop
  endfacet
  facet normal -0.48381847 0.87516837 0.00000000
    outer loop
      vertex 18.82854360 6.94984741 0.20000000
      vertex 18.91633422 6.99838061 0.00000000
      vertex 18.82854360 6.94984741 0.00000000
    endloop
  endfacet
  facet normal -0.53153678 0.84703521 0.00000000
    outer loop
      vertex 18.91633422 6.99838061 0.20000000
      vertex 18.99900416 7.05025817 0.20000000
      vertex 18.99900416 7.05025817 0.00000000
    endloop
  endfacet
  facet normal -0.53153678 0.84703521 0.00000000
    outer loop
      vertex 18.91633422 6.99838061 0.20000000
      vertex 18.99900416 7.05025817 0.00000000
      vertex 18.91633422 6.99838061 0.00000000
    endloop
  endfacet
  facet normal -0.57943925 0.81501543 0.00000000
    outer loop
      vertex 18.99900416 7.05025817 0.20000000
      vertex 19.07665192 7.10546222 0.20000000
      vertex 19.07665192 7.10546222 0.00000000
    endloop
  endfacet
  facet normal -0.57943925 0.81501543 0.00000000
    outer loop
      vertex 18.99900416 7.05025817 0.20000000
      vertex 19.07665192 7.10546222 0.00000000
      vertex 18.99900416 7.05025817 0.00000000
    endloop
  endfacet
  facet normal -0.62694474 0.77906373 0.00000000
    outer loop
      vertex 19.07665192 7.10546222 0.20000000
      vertex 19.14938723 7.16399533 0.20000000
      vertex 19.14938723 7.16399533 0.00000000
    endloop
  endfacet
  facet normal -0.62694474 0.77906373 0.00000000
    outer loop
      vertex 19.07665192 7.10546222 0.20000000
      vertex 19.14938723 7.16399533 0.00000000
      vertex 19.07665192 7.10546222 0.00000000
    endloop
  endfacet
  facet normal -0.67342156 0.73925869 0.00000000
    outer loop
      vertex 19.14938723 7.16399533 0.20000000
      vertex 19.21732622 7.22588379 0.20000000
      vertex 19.21732622 7.22588379 0.00000000
    endloop
  endfacet
  facet normal -0.67342156 0.73925869 0.00000000
    outer loop
      vertex 19.14938723 7.16399533 0.20000000
      vertex 19.21732622 7.22588379 0.00000000
      vertex 19.14938723 7.16399533 0.00000000
    endloop
  endfacet
  facet normal -0.71821920 0.69581692 0.00000000
    outer loop
      vertex 19.21732622 7.22588379 0.20000000
      vertex 19.28058497 7.29117920 0.20000000
      vertex 19.28058497 7.29117920 0.00000000
    endloop
  endfacet
  facet normal -0.71821920 0.69581692 0.00000000
    outer loop
      vertex 19.21732622 7.22588379 0.20000000
      vertex 19.28058497 7.29117920 0.00000000
      vertex 19.21732622 7.22588379 0.00000000
    endloop
  endfacet
  facet normal -0.76070661 0.64909587 0.00000000
    outer loop
      vertex 19.28058497 7.29117920 0.20000000
      vertex 19.33927239 7.35995780 0.20000000
      vertex 19.33927239 7.35995780 0.00000000
    endloop
  endfacet
  facet normal -0.76070661 0.64909587 0.00000000
    outer loop
      vertex 19.28058497 7.29117920 0.20000000
      vertex 19.33927239 7.35995780 0.00000000
      vertex 19.28058497 7.29117920 0.00000000
    endloop
  endfacet
  facet normal -0.80031247 0.59958314 0.00000000
    outer loop
      vertex 19.33927239 7.35995780 0.20000000
      vertex 19.39348316 7.43231733 0.20000000
      vertex 19.39348316 7.43231733 0.00000000
    endloop
  endfacet
  facet normal -0.80031247 0.59958314 0.00000000
    outer loop
      vertex 19.33927239 7.35995780 0.20000000
      vertex 19.39348316 7.43231733 0.00000000
      vertex 19.33927239 7.35995780 0.00000000
    endloop
  endfacet
  facet normal -0.83656197 0.54787231 0.00000000
    outer loop
      vertex 19.39348316 7.43231733 0.20000000
      vertex 19.44329184 7.50837163 0.20000000
      vertex 19.44329184 7.50837163 0.00000000
    endloop
  endfacet
  facet normal -0.83656197 0.54787231 0.00000000
    outer loop
      vertex 19.39348316 7.43231733 0.20000000
      vertex 19.44329184 7.50837163 0.00000000
      vertex 19.39348316 7.43231733 0.00000000
    endloop
  endfacet
  facet normal -0.86910489 0.49462783 0.00000000
    outer loop
      vertex 19.44329184 7.50837163 0.20000000
      vertex 19.48874888 7.58824368 0.20000000
      vertex 19.48874888 7.58824368 0.00000000
    endloop
  endfacet
  facet normal -0.86910489 0.49462783 0.00000000
    outer loop
      vertex 19.44329184 7.50837163 0.20000000
      vertex 19.48874888 7.58824368 0.00000000
      vertex 19.44329184 7.50837163 0.00000000
    endloop
  endfacet
  facet normal -0.89773109 0.44054385 0.00000000
    outer loop
      vertex 19.48874888 7.58824368 0.20000000
      vertex 19.52987914 7.67205808 0.20000000
      vertex 19.52987914 7.67205808 0.00000000
    endloop
  endfacet
  facet normal -0.89773109 0.44054385 0.00000000
    outer loop
      vertex 19.48874888 7.58824368 0.20000000
      vertex 19.52987914 7.67205808 0.00000000
      vertex 19.48874888 7.58824368 0.00000000
    endloop
  endfacet
  facet normal -0.92237212 0.38630257 0.00000000
    outer loop
      vertex 19.52987914 7.67205808 0.20000000
      vertex 19.56668277 7.75993386 0.20000000
      vertex 19.56668277 7.75993386 0.00000000
    endloop
  endfacet
  facet normal -0.92237212 0.38630257 0.00000000
    outer loop
      vertex 19.52987914 7.67205808 0.20000000
      vertex 19.56668277 7.75993386 0.00000000
      vertex 19.52987914 7.67205808 0.00000000
    endloop
  endfacet
  facet normal -0.94309003 0.33253752 0.00000000
    outer loop
      vertex 19.56668277 7.75993386 0.20000000
      vertex 19.59913816 7.85197868 0.20000000
      vertex 19.59913816 7.85197868 0.00000000
    endloop
  endfacet
  facet normal -0.94309003 0.33253752 0.00000000
    outer loop
      vertex 19.56668277 7.75993386 0.20000000
      vertex 19.59913816 7.85197868 0.00000000
      vertex 19.56668277 7.75993386 0.00000000
    endloop
  endfacet
  facet normal -0.96005665 0.27980569 0.00000000
    outer loop
      vertex 19.59913816 7.85197868 0.20000000
      vertex 19.62720626 7.94828468 0.20000000
      vertex 19.62720626 7.94828468 0.00000000
    endloop
  endfacet
  facet normal -0.96005665 0.27980569 0.00000000
    outer loop
      vertex 19.59913816 7.85197868 0.20000000
      vertex 19.62720626 7.94828468 0.00000000
      vertex 19.59913816 7.85197868 0.00000000
    endloop
  endfacet
  facet normal -0.97352742 0.22857024 0.00000000
    outer loop
      vertex 19.62720626 7.94828468 0.20000000
      vertex 19.65083547 8.04892631 0.20000000
      vertex 19.65083547 8.04892631 0.00000000
    endloop
  endfacet
  facet normal -0.97352742 0.22857024 0.00000000
    outer loop
      vertex 19.62720626 7.94828468 0.20000000
      vertex 19.65083547 8.04892631 0.00000000
      vertex 19.62720626 7.94828468 0.00000000
    endloop
  endfacet
  facet normal -0.98381384 0.17919356 0.00000000
    outer loop
      vertex 19.65083547 8.04892631 0.20000000
      vertex 19.66996648 8.15395995 0.20000000
      vertex 19.66996648 8.15395995 0.00000000
    endloop
  endfacet
  facet normal -0.98381384 0.17919356 0.00000000
    outer loop
      vertex 19.65083547 8.04892631 0.20000000
      vertex 19.66996648 8.15395995 0.00000000
      vertex 19.65083547 8.04892631 0.00000000
    endloop
  endfacet
  facet normal -0.99125782 0.13193913 0.00000000
    outer loop
      vertex 19.66996648 8.15395995 0.20000000
      vertex 19.68453655 8.26342478 0.20000000
      vertex 19.68453655 8.26342478 0.00000000
    endloop
  endfacet
  facet normal -0.99125782 0.13193913 0.00000000
    outer loop
      vertex 19.66996648 8.15395995 0.20000000
      vertex 19.68453655 8.26342478 0.00000000
      vertex 19.66996648 8.15395995 0.00000000
    endloop
  endfacet
  facet normal -0.99621008 0.08697971 0.00000000
    outer loop
      vertex 19.68453655 8.26342478 0.20000000
      vertex 19.69448297 8.37734470 0.20000000
      vertex 19.69448297 8.37734470 0.00000000
    endloop
  endfacet
  facet normal -0.99621008 0.08697971 0.00000000
    outer loop
      vertex 19.68453655 8.26342478 0.20000000
      vertex 19.69448297 8.37734470 0.00000000
      vertex 19.68453655 8.26342478 0.00000000
    endloop
  endfacet
  facet normal -0.99901342 0.04440937 0.00000000
    outer loop
      vertex 19.69448297 8.37734470 0.20000000
      vertex 19.69974560 8.49573061 0.20000000
      vertex 19.69974560 8.49573061 0.00000000
    endloop
  endfacet
  facet normal -0.99901342 0.04440937 0.00000000
    outer loop
      vertex 19.69448297 8.37734470 0.20000000
      vertex 19.69974560 8.49573061 0.00000000
      vertex 19.69448297 8.37734470 0.00000000
    endloop
  endfacet
  facet normal -0.99999094 0.00425718 0.00000000
    outer loop
      vertex 19.69974560 8.49573061 0.20000000
      vertex 19.70026861 8.61858297 0.20000000
      vertex 19.70026861 8.61858297 0.00000000
    endloop
  endfacet
  facet normal -0.99999094 0.00425718 0.00000000
    outer loop
      vertex 19.69974560 8.49573061 0.20000000
      vertex 19.70026861 8.61858297 0.00000000
      vertex 19.69974560 8.49573061 0.00000000
    endloop
  endfacet
  facet normal -0.99943875 -0.03349904 0.00000000
    outer loop
      vertex 19.70026861 8.61858297 0.20000000
      vertex 19.69600141 8.74589414 0.20000000
      vertex 19.69600141 8.74589414 0.00000000
    endloop
  endfacet
  facet normal -0.99943875 -0.03349904 -0.00000000
    outer loop
      vertex 19.70026861 8.61858297 0.20000000
      vertex 19.69600141 8.74589414 0.00000000
      vertex 19.70026861 8.61858297 0.00000000
    endloop
  endfacet
  facet normal -0.99762219 -0.06892002 0.00000000
    outer loop
      vertex 19.69600141 8.74589414 0.20000000
      vertex 19.68689911 8.87765057 0.20000000
      vertex 19.68689911 8.87765057 0.00000000
    endloop
  endfacet
  facet normal -0.99762219 -0.06892002 -0.00000000
    outer loop
      vertex 19.69600141 8.74589414 0.20000000
      vertex 19.68689911 8.87765057 0.00000000
      vertex 19.69600141 8.74589414 0.00000000
    endloop
  endfacet
  facet normal -0.99477475 -0.10209404 0.00000000
    outer loop
      vertex 19.68689911 8.87765057 0.20000000
      vertex 19.67278118 9.01521159 0.20000000
      vertex 19.67278118 9.01521159 0.00000000
    endloop
  endfacet
  facet normal -0.99477475 -0.10209404 -0.00000000
    outer loop
      vertex 19.68689911 8.87765057 0.20000000
      vertex 19.67278118 9.01521159 0.00000000
      vertex 19.68689911 8.87765057 0.00000000
    endloop
  endfacet
  facet normal -0.99302889 -0.11787125 0.00000000
    outer loop
      vertex 19.67278118 9.01521159 0.20000000
      vertex 19.61235277 9.52430237 0.20000000
      vertex 19.61235277 9.52430237 0.00000000
    endloop
  endfacet
  facet normal -0.99302889 -0.11787125 -0.00000000
    outer loop
      vertex 19.67278118 9.01521159 0.20000000
      vertex 19.61235277 9.52430237 0.00000000
      vertex 19.67278118 9.01521159 0.00000000
    endloop
  endfacet
  facet normal -0.99103310 -0.13361659 0.00000000
    outer loop
      vertex 19.61235277 9.52430237 0.20000000
      vertex 19.59388138 9.66130446 0.20000000
      vertex 19.59388138 9.66130446 0.00000000
    endloop
  endfacet
  facet normal -0.99103310 -0.13361659 -0.00000000
    outer loop
      vertex 19.61235277 9.52430237 0.20000000
      vertex 19.59388138 9.66130446 0.00000000
      vertex 19.61235277 9.52430237 0.00000000
    endloop
  endfacet
  facet normal -0.98603144 -0.16655933 0.00000000
    outer loop
      vertex 19.59388138 9.66130446 0.20000000
      vertex 19.57190515 9.79140381 0.20000000
      vertex 19.57190515 9.79140381 0.00000000
    endloop
  endfacet
  facet normal -0.98603144 -0.16655933 -0.00000000
    outer loop
      vertex 19.59388138 9.66130446 0.20000000
      vertex 19.57190515 9.79140381 0.00000000
      vertex 19.59388138 9.66130446 0.00000000
    endloop
  endfacet
  facet normal -0.97949087 -0.20148855 0.00000000
    outer loop
      vertex 19.57190515 9.79140381 0.20000000
      vertex 19.54628258 9.91596208 0.20000000
      vertex 19.54628258 9.91596208 0.00000000
    endloop
  endfacet
  facet normal -0.97949087 -0.20148855 -0.00000000
    outer loop
      vertex 19.57190515 9.79140381 0.20000000
      vertex 19.54628258 9.91596208 0.00000000
      vertex 19.57190515 9.79140381 0.00000000
    endloop
  endfacet
  facet normal -0.97115668 -0.23844224 0.00000000
    outer loop
      vertex 19.54628258 9.91596208 0.20000000
      vertex 19.51706197 10.03497538 0.20000000
      vertex 19.51706197 10.03497538 0.00000000
    endloop
  endfacet
  facet normal -0.97115668 -0.23844224 -0.00000000
    outer loop
      vertex 19.54628258 9.91596208 0.20000000
      vertex 19.51706197 10.03497538 0.00000000
      vertex 19.54628258 9.91596208 0.00000000
    endloop
  endfacet
  facet normal -0.96074761 -0.27742391 0.00000000
    outer loop
      vertex 19.51706197 10.03497538 0.20000000
      vertex 19.48429608 10.14844701 0.20000000
      vertex 19.48429608 10.14844701 0.00000000
    endloop
  endfacet
  facet normal -0.96074761 -0.27742391 -0.00000000
    outer loop
      vertex 19.51706197 10.03497538 0.20000000
      vertex 19.48429608 10.14844701 0.00000000
      vertex 19.51706197 10.03497538 0.00000000
    endloop
  endfacet
  facet normal -0.94795930 -0.31839153 0.00000000
    outer loop
      vertex 19.48429608 10.14844701 0.20000000
      vertex 19.44804136 10.25638959 0.20000000
      vertex 19.44804136 10.25638959 0.00000000
    endloop
  endfacet
  facet normal -0.94795930 -0.31839153 -0.00000000
    outer loop
      vertex 19.48429608 10.14844701 0.20000000
      vertex 19.44804136 10.25638959 0.00000000
      vertex 19.48429608 10.14844701 0.00000000
    endloop
  endfacet
  facet normal -0.93247086 -0.36124520 0.00000000
    outer loop
      vertex 19.44804136 10.25638959 0.20000000
      vertex 19.40835633 10.35882732 0.20000000
      vertex 19.40835633 10.35882732 0.00000000
    endloop
  endfacet
  facet normal -0.93247086 -0.36124520 -0.00000000
    outer loop
      vertex 19.44804136 10.25638959 0.20000000
      vertex 19.40835633 10.35882732 0.00000000
      vertex 19.44804136 10.25638959 0.00000000
    endloop
  endfacet
  facet normal -0.91395544 -0.40581455 0.00000000
    outer loop
      vertex 19.40835633 10.35882732 0.20000000
      vertex 19.36529931 10.45579819 0.20000000
      vertex 19.36529931 10.45579819 0.00000000
    endloop
  endfacet
  facet normal -0.91395544 -0.40581455 -0.00000000
    outer loop
      vertex 19.40835633 10.35882732 0.20000000
      vertex 19.36529931 10.45579819 0.00000000
      vertex 19.40835633 10.35882732 0.00000000
    endloop
  endfacet
  facet normal -0.89209547 -0.45184696 0.00000000
    outer loop
      vertex 19.36529931 10.45579819 0.20000000
      vertex 19.31892527 10.54735590 0.20000000
      vertex 19.31892527 10.54735590 0.00000000
    endloop
  endfacet
  facet normal -0.89209547 -0.45184696 -0.00000000
    outer loop
      vertex 19.36529931 10.45579819 0.20000000
      vertex 19.31892527 10.54735590 0.00000000
      vertex 19.36529931 10.45579819 0.00000000
    endloop
  endfacet
  facet normal -0.86660276 -0.49899866 0.00000000
    outer loop
      vertex 19.31892527 10.54735590 0.20000000
      vertex 19.26928173 10.63357103 0.20000000
      vertex 19.26928173 10.63357103 0.00000000
    endloop
  endfacet
  facet normal -0.86660276 -0.49899866 -0.00000000
    outer loop
      vertex 19.31892527 10.54735590 0.20000000
      vertex 19.26928173 10.63357103 0.00000000
      vertex 19.31892527 10.54735590 0.00000000
    endloop
  endfacet
  facet normal -0.83724310 -0.54683086 0.00000000
    outer loop
      vertex 19.26928173 10.63357103 0.20000000
      vertex 19.21640408 10.71453107 0.20000000
      vertex 19.21640408 10.71453107 0.00000000
    endloop
  endfacet
  facet normal -0.83724310 -0.54683086 -0.00000000
    outer loop
      vertex 19.26928173 10.63357103 0.20000000
      vertex 19.21640408 10.71453107 0.00000000
      vertex 19.26928173 10.63357103 0.00000000
    endloop
  endfacet
  facet normal -0.80386371 -0.59481354 0.00000000
    outer loop
      vertex 19.21640408 10.71453107 0.20000000
      vertex 19.16031057 10.79033891 0.20000000
      vertex 19.16031057 10.79033891 0.00000000
    endloop
  endfacet
  facet normal -0.80386371 -0.59481354 -0.00000000
    outer loop
      vertex 19.21640408 10.71453107 0.20000000
      vertex 19.16031057 10.79033891 0.00000000
      vertex 19.21640408 10.71453107 0.00000000
    endloop
  endfacet
  facet normal -0.76642069 -0.64233895 0.00000000
    outer loop
      vertex 19.16031057 10.79033891 0.20000000
      vertex 19.10099765 10.86110942 0.20000000
      vertex 19.10099765 10.86110942 0.00000000
    endloop
  endfacet
  facet normal -0.76642069 -0.64233895 -0.00000000
    outer loop
      vertex 19.16031057 10.79033891 0.20000000
      vertex 19.10099765 10.86110942 0.00000000
      vertex 19.16031057 10.79033891 0.00000000
    endloop
  endfacet
  facet normal -0.72500276 -0.68874596 0.00000000
    outer loop
      vertex 19.10099765 10.86110942 0.20000000
      vertex 19.03843632 10.92696408 0.20000000
      vertex 19.03843632 10.92696408 0.00000000
    endloop
  endfacet
  facet normal -0.72500276 -0.68874596 -0.00000000
    outer loop
      vertex 19.10099765 10.86110942 0.20000000
      vertex 19.03843632 10.92696408 0.00000000
      vertex 19.10099765 10.86110942 0.00000000
    endloop
  endfacet
  facet normal -0.67984652 -0.73335443 0.00000000
    outer loop
      vertex 19.03843632 10.92696408 0.20000000
      vertex 18.97257050 10.98802412 0.20000000
      vertex 18.97257050 10.98802412 0.00000000
    endloop
  endfacet
  facet normal -0.67984652 -0.73335443 -0.00000000
    outer loop
      vertex 19.03843632 10.92696408 0.20000000
      vertex 18.97257050 10.98802412 0.00000000
      vertex 19.03843632 10.92696408 0.00000000
    endloop
  endfacet
  facet normal -0.63133928 -0.77550675 0.00000000
    outer loop
      vertex 18.97257050 10.98802412 0.20000000
      vertex 18.90331778 11.04440269 0.20000000
      vertex 18.90331778 11.04440269 0.00000000
    endloop
  endfacet
  facet normal -0.63133928 -0.77550675 -0.00000000
    outer loop
      vertex 18.97257050 10.98802412 0.20000000
      vertex 18.90331778 11.04440269 0.00000000
      vertex 18.97257050 10.98802412 0.00000000
    endloop
  endfacet
  facet normal -0.58000689 -0.81461157 0.00000000
    outer loop
      vertex 18.90331778 11.04440269 0.20000000
      vertex 18.83057300 11.09619728 0.20000000
      vertex 18.83057300 11.09619728 0.00000000
    endloop
  endfacet
  facet normal -0.58000689 -0.81461157 -0.00000000
    outer loop
      vertex 18.90331778 11.04440269 0.20000000
      vertex 18.83057300 11.09619728 0.00000000
      vertex 18.90331778 11.04440269 0.00000000
    endloop
  endfacet
  facet normal -0.52648665 -0.85018340 0.00000000
    outer loop
      vertex 18.83057300 11.09619728 0.20000000
      vertex 18.75421425 11.14348339 0.20000000
      vertex 18.75421425 11.14348339 0.00000000
    endloop
  endfacet
  facet normal -0.52648665 -0.85018340 -0.00000000
    outer loop
      vertex 18.83057300 11.09619728 0.20000000
      vertex 18.75421425 11.14348339 0.00000000
      vertex 18.83057300 11.09619728 0.00000000
    endloop
  endfacet
  facet normal -0.47148833 -0.88187230 0.00000000
    outer loop
      vertex 18.75421425 11.14348339 0.20000000
      vertex 18.67411054 11.18631041 0.20000000
      vertex 18.67411054 11.18631041 0.00000000
    endloop
  endfacet
  facet normal -0.47148833 -0.88187230 -0.00000000
    outer loop
      vertex 18.75421425 11.14348339 0.20000000
      vertex 18.67411054 11.18631041 0.00000000
      vertex 18.75421425 11.14348339 0.00000000
    endloop
  endfacet
  facet normal -0.41574878 -0.90947950 0.00000000
    outer loop
      vertex 18.67411054 11.18631041 0.20000000
      vertex 18.59013013 11.22470023 0.20000000
      vertex 18.59013013 11.22470023 0.00000000
    endloop
  endfacet
  facet normal -0.41574878 -0.90947950 -0.00000000
    outer loop
      vertex 18.67411054 11.18631041 0.20000000
      vertex 18.59013013 11.22470023 0.00000000
      vertex 18.67411054 11.18631041 0.00000000
    endloop
  endfacet
  facet normal -0.35998653 -0.93295750 0.00000000
    outer loop
      vertex 18.59013013 11.22470023 0.20000000
      vertex 18.50214818 11.25864853 0.20000000
      vertex 18.50214818 11.25864853 0.00000000
    endloop
  endfacet
  facet normal -0.35998653 -0.93295750 -0.00000000
    outer loop
      vertex 18.59013013 11.22470023 0.20000000
      vertex 18.50214818 11.25864853 0.00000000
      vertex 18.59013013 11.22470023 0.00000000
    endloop
  endfacet
  facet normal -0.30486256 -0.95239636 0.00000000
    outer loop
      vertex 18.50214818 11.25864853 0.20000000
      vertex 18.41005301 11.28812824 0.20000000
      vertex 18.41005301 11.28812824 0.00000000
    endloop
  endfacet
  facet normal -0.30486256 -0.95239636 -0.00000000
    outer loop
      vertex 18.50214818 11.25864853 0.20000000
      vertex 18.41005301 11.28812824 0.00000000
      vertex 18.50214818 11.25864853 0.00000000
    endloop
  endfacet
  facet normal -0.25095113 -0.96799976 0.00000000
    outer loop
      vertex 18.41005301 11.28812824 0.20000000
      vertex 18.31375027 11.31309444 0.20000000
      vertex 18.31375027 11.31309444 0.00000000
    endloop
  endfacet
  facet normal -0.25095113 -0.96799976 -0.00000000
    outer loop
      vertex 18.41005301 11.28812824 0.20000000
      vertex 18.31375027 11.31309444 0.00000000
      vertex 18.41005301 11.28812824 0.00000000
    endloop
  endfacet
  facet normal -0.19872265 -0.98005577 0.00000000
    outer loop
      vertex 18.31375027 11.31309444 0.20000000
      vertex 18.21316500 11.33348978 0.20000000
      vertex 18.21316500 11.33348978 0.00000000
    endloop
  endfacet
  facet normal -0.19872265 -0.98005577 -0.00000000
    outer loop
      vertex 18.31375027 11.31309444 0.20000000
      vertex 18.21316500 11.33348978 0.00000000
      vertex 18.31375027 11.31309444 0.00000000
    endloop
  endfacet
  facet normal -0.14853797 -0.98890671 0.00000000
    outer loop
      vertex 18.21316500 11.33348978 0.20000000
      vertex 18.10824178 11.34924969 0.20000000
      vertex 18.10824178 11.34924969 0.00000000
    endloop
  endfacet
  facet normal -0.14853797 -0.98890671 -0.00000000
    outer loop
      vertex 18.21316500 11.33348978 0.20000000
      vertex 18.10824178 11.34924969 0.00000000
      vertex 18.21316500 11.33348978 0.00000000
    endloop
  endfacet
  facet normal -0.10065198 -0.99492169 0.00000000
    outer loop
      vertex 18.10824178 11.34924969 0.20000000
      vertex 17.99894344 11.36030694 0.20000000
      vertex 17.99894344 11.36030694 0.00000000
    endloop
  endfacet
  facet normal -0.10065198 -0.99492169 -0.00000000
    outer loop
      vertex 18.10824178 11.34924969 0.20000000
      vertex 17.99894344 11.36030694 0.00000000
      vertex 18.10824178 11.34924969 0.00000000
    endloop
  endfacet
  facet normal -0.05522391 -0.99847400 0.00000000
    outer loop
      vertex 17.99894344 11.36030694 0.20000000
      vertex 17.88524883 11.36659520 0.20000000
      vertex 17.88524883 11.36659520 0.00000000
    endloop
  endfacet
  facet normal -0.05522391 -0.99847400 -0.00000000
    outer loop
      vertex 17.99894344 11.36030694 0.20000000
      vertex 17.88524883 11.36659520 0.00000000
      vertex 17.99894344 11.36030694 0.00000000
    endloop
  endfacet
  facet normal -0.01233120 -0.99992397 0.00000000
    outer loop
      vertex 17.88524883 11.36659520 0.20000000
      vertex 17.76715017 11.36805161 0.20000000
      vertex 17.76715017 11.36805161 0.00000000
    endloop
  endfacet
  facet normal -0.01233120 -0.99992397 -0.00000000
    outer loop
      vertex 17.88524883 11.36659520 0.20000000
      vertex 17.76715017 11.36805161 0.00000000
      vertex 17.88524883 11.36659520 0.00000000
    endloop
  endfacet
  facet normal 0.02801504 -0.99960750 0.00000000
    outer loop
      vertex 17.76715017 11.36805161 0.20000000
      vertex 17.64465028 11.36461842 0.20000000
      vertex 17.64465028 11.36461842 0.00000000
    endloop
  endfacet
  facet normal 0.02801504 -0.99960750 0.00000000
    outer loop
      vertex 17.76715017 11.36805161 0.20000000
      vertex 17.64465028 11.36461842 0.00000000
      vertex 17.76715017 11.36805161 0.00000000
    endloop
  endfacet
  facet normal 0.06585512 -0.99782920 0.00000000
    outer loop
      vertex 17.64465028 11.36461842 0.20000000
      vertex 17.51776000 11.35624387 0.20000000
      vertex 17.51776000 11.35624387 0.00000000
    endloop
  endfacet
  facet normal 0.06585512 -0.99782920 0.00000000
    outer loop
      vertex 17.64465028 11.36461842 0.20000000
      vertex 17.51776000 11.35624387 0.00000000
      vertex 17.64465028 11.36461842 0.00000000
    endloop
  endfacet
  facet normal 0.10126711 -0.99485927 0.00000000
    outer loop
      vertex 17.51776000 11.35624387 0.20000000
      vertex 17.38649588 11.34288244 0.20000000
      vertex 17.38649588 11.34288244 0.00000000
    endloop
  endfacet
  facet normal 0.10126711 -0.99485927 0.00000000
    outer loop
      vertex 17.51776000 11.35624387 0.20000000
      vertex 17.38649588 11.34288244 0.00000000
      vertex 17.51776000 11.35624387 0.00000000
    endloop
  endfacet
  facet normal 0.13435528 -0.99093323 0.00000000
    outer loop
      vertex 17.38649588 11.34288244 0.20000000
      vertex 17.24950760 11.32430894 0.20000000
      vertex 17.24950760 11.32430894 0.00000000
    endloop
  endfacet
  facet normal 0.13435528 -0.99093323 0.00000000
    outer loop
      vertex 17.38649588 11.34288244 0.20000000
      vertex 17.24950760 11.32430894 0.00000000
      vertex 17.38649588 11.34288244 0.00000000
    endloop
  endfacet
  facet normal 0.15006528 -0.98867609 0.00000000
    outer loop
      vertex 17.24950760 11.32430894 0.20000000
      vertex -13.41200603 6.67037960 0.20000000
      vertex -13.41200603 6.67037960 0.00000000
    endloop
  endfacet
  facet normal 0.15006528 -0.98867609 0.00000000
    outer loop
      vertex 17.24950760 11.32430894 0.20000000
      vertex -13.41200603 6.67037960 0.00000000
      vertex 17.24950760 11.32430894 0.00000000
    endloop
  endfacet
  facet normal 0.16572612 -0.98617182 0.00000000
    outer loop
      vertex -13.41200603 6.67037960 0.20000000
      vertex -13.88518058 6.59086264 0.20000000
      vertex -13.88518058 6.59086264 0.00000000
    endloop
  endfacet
  facet normal 0.16572612 -0.98617182 0.00000000
    outer loop
      vertex -13.41200603 6.67037960 0.20000000
      vertex -13.88518058 6.59086264 0.00000000
      vertex -13.41200603 6.67037960 0.00000000
    endloop
  endfacet
  facet normal 0.19850547 -0.98009978 0.00000000
    outer loop
      vertex -13.88518058 6.59086264 0.20000000
      vertex -14.33825054 6.49909967 0.20000000
      vertex -14.33825054 6.49909967 0.00000000
    endloop
  endfacet
  facet normal 0.19850547 -0.98009978 0.00000000
    outer loop
      vertex -13.88518058 6.59086264 0.20000000
      vertex -14.33825054 6.49909967 0.00000000
      vertex -13.88518058 6.59086264 0.00000000
    endloop
  endfacet
  facet normal 0.23328053 -0.97240948 0.00000000
    outer loop
      vertex -14.33825054 6.49909967 0.20000000
      vertex -14.77256846 6.39490702 0.20000000
      vertex -14.77256846 6.39490702 0.00000000
    endloop
  endfacet
  facet normal 0.23328053 -0.97240948 0.00000000
    outer loop
      vertex -14.33825054 6.49909967 0.20000000
      vertex -14.77256846 6.39490702 0.00000000
      vertex -14.33825054 6.49909967 0.00000000
    endloop
  endfacet
  facet normal 0.27009084 -0.96283485 0.00000000
    outer loop
      vertex -14.77256846 6.39490702 0.20000000
      vertex -15.18813026 6.27833518 0.20000000
      vertex -15.18813026 6.27833518 0.00000000
    endloop
  endfacet
  facet normal 0.27009084 -0.96283485 0.00000000
    outer loop
      vertex -14.77256846 6.39490702 0.20000000
      vertex -15.18813026 6.27833518 0.00000000
      vertex -14.77256846 6.39490702 0.00000000
    endloop
  endfacet
  facet normal 0.30894033 -0.95108142 0.00000000
    outer loop
      vertex -15.18813026 6.27833518 0.20000000
      vertex -15.58493931 6.14943947 0.20000000
      vertex -15.58493931 6.14943947 0.00000000
    endloop
  endfacet
  facet normal 0.30894033 -0.95108142 0.00000000
    outer loop
      vertex -15.18813026 6.27833518 0.20000000
      vertex -15.58493931 6.14943947 0.00000000
      vertex -15.18813026 6.27833518 0.00000000
    endloop
  endfacet
  facet normal 0.34978547 -0.93682983 0.00000000
    outer loop
      vertex -15.58493931 6.14943947 0.20000000
      vertex -15.96300875 6.00827915 0.20000000
      vertex -15.96300875 6.00827915 0.00000000
    endloop
  endfacet
  facet normal 0.34978547 -0.93682983 0.00000000
    outer loop
      vertex -15.58493931 6.14943947 0.20000000
      vertex -15.96300875 6.00827915 0.00000000
      vertex -15.58493931 6.14943947 0.00000000
    endloop
  endfacet
  facet normal 0.39252195 -0.91974264 0.00000000
    outer loop
      vertex -15.96300875 6.00827915 0.20000000
      vertex -16.32236391 5.85491582 0.20000000
      vertex -16.32236391 5.85491582 0.00000000
    endloop
  endfacet
  facet normal 0.39252195 -0.91974264 0.00000000
    outer loop
      vertex -15.96300875 6.00827915 0.20000000
      vertex -16.32236391 5.85491582 0.00000000
      vertex -15.96300875 6.00827915 0.00000000
    endloop
  endfacet
  facet normal 0.43697087 -0.89947566 0.00000000
    outer loop
      vertex -16.32236391 5.85491582 0.20000000
      vertex -16.66304481 5.68941092 0.20000000
      vertex -16.66304481 5.68941092 0.00000000
    endloop
  endfacet
  facet normal 0.43697087 -0.89947566 0.00000000
    outer loop
      vertex -16.32236391 5.85491582 0.20000000
      vertex -16.66304481 5.68941092 0.00000000
      vertex -16.32236391 5.85491582 0.00000000
    endloop
  endfacet
  facet normal 0.48286576 -0.87569438 0.00000000
    outer loop
      vertex -16.66304481 5.68941092 0.20000000
      vertex -16.98510821 5.51182226 0.20000000
      vertex -16.98510821 5.51182226 0.00000000
    endloop
  endfacet
  facet normal 0.48286576 -0.87569438 0.00000000
    outer loop
      vertex -16.66304481 5.68941092 0.20000000
      vertex -16.98510821 5.51182226 0.00000000
      vertex -16.66304481 5.68941092 0.00000000
    endloop
  endfacet
  facet normal 0.52984252 -0.84809605 0.00000000
    outer loop
      vertex -16.98510821 5.51182226 0.20000000
      vertex -17.28862900 5.32219962 0.20000000
      vertex -17.28862900 5.32219962 0.00000000
    endloop
  endfacet
  facet normal 0.52984252 -0.84809605 0.00000000
    outer loop
      vertex -16.98510821 5.51182226 0.20000000
      vertex -17.28862900 5.32219962 0.00000000
      vertex -16.98510821 5.51182226 0.00000000
    endloop
  endfacet
  facet normal 0.57743490 -0.81643673 0.00000000
    outer loop
      vertex -17.28862900 5.32219962 0.20000000
      vertex -17.57370028 5.12057945 0.20000000
      vertex -17.57370028 5.12057945 0.00000000
    endloop
  endfacet
  facet normal 0.57743490 -0.81643673 0.00000000
    outer loop
      vertex -17.28862900 5.32219962 0.20000000
      vertex -17.57370028 5.12057945 0.00000000
      vertex -17.28862900 5.32219962 0.00000000
    endloop
  endfacet
  facet normal 0.62507849 -0.78056190 0.00000000
    outer loop
      vertex -17.57370028 5.12057945 0.20000000
      vertex -17.84043170 4.90697939 0.20000000
      vertex -17.84043170 4.90697939 0.00000000
    endloop
  endfacet
  facet normal 0.62507849 -0.78056190 0.00000000
    outer loop
      vertex -17.57370028 5.12057945 0.20000000
      vertex -17.84043170 4.90697939 0.00000000
      vertex -17.57370028 5.12057945 0.00000000
    endloop
  endfacet
  facet normal 0.67212562 -0.74043713 0.00000000
    outer loop
      vertex -17.84043170 4.90697939 0.20000000
      vertex -18.08894563 4.68139294 0.20000000
      vertex -18.08894563 4.68139294 0.00000000
    endloop
  endfacet
  facet normal 0.67212562 -0.74043713 0.00000000
    outer loop
      vertex -17.84043170 4.90697939 0.20000000
      vertex -18.08894563 4.68139294 0.00000000
      vertex -17.84043170 4.90697939 0.00000000
    endloop
  endfacet
  facet normal 0.71787260 -0.69617450 0.00000000
    outer loop
      vertex -18.08894563 4.68139294 0.20000000
      vertex -18.31937119 4.44378557 0.20000000
      vertex -18.31937119 4.44378557 0.00000000
    endloop
  endfacet
  facet normal 0.71787260 -0.69617450 0.00000000
    outer loop
      vertex -18.08894563 4.68139294 0.20000000
      vertex -18.31937119 4.44378557 0.00000000
      vertex -18.08894563 4.68139294 0.00000000
    endloop
  endfacet
  facet normal 0.76159836 -0.64804933 0.00000000
    outer loop
      vertex -18.31937119 4.44378557 0.20000000
      vertex -18.53183645 4.19409286 0.20000000
      vertex -18.53183645 4.19409286 0.00000000
    endloop
  endfacet
  facet normal 0.76159836 -0.64804933 0.00000000
    outer loop
      vertex -18.31937119 4.44378557 0.20000000
      vertex -18.53183645 4.19409286 0.00000000
      vertex -18.31937119 4.44378557 0.00000000
    endloop
  endfacet
  facet normal 0.80261124 -0.59650247 0.00000000
    outer loop
      vertex -18.53183645 4.19409286 0.20000000
      vertex -18.72645972 3.93222165 0.20000000
      vertex -18.72645972 3.93222165 0.00000000
    endloop
  endfacet
  facet normal 0.80261124 -0.59650247 0.00000000
    outer loop
      vertex -18.53183645 4.19409286 0.20000000
      vertex -18.72645972 3.93222165 0.00000000
      vertex -18.53183645 4.19409286 0.00000000
    endloop
  endfacet
  facet normal 0.84029774 -0.54212518 0.00000000
    outer loop
      vertex -18.72645972 3.93222165 0.20000000
      vertex -18.90334110 3.65805431 0.20000000
      vertex -18.90334110 3.65805431 0.00000000
    endloop
  endfacet
  facet normal 0.84029774 -0.54212518 0.00000000
    outer loop
      vertex -18.72645972 3.93222165 0.20000000
      vertex -18.90334110 3.65805431 0.00000000
      vertex -18.72645972 3.93222165 0.00000000
    endloop
  endfacet
  facet normal 0.87416621 -0.48562685 0.00000000
    outer loop
      vertex -18.90334110 3.65805431 0.20000000
      vertex -19.06255558 3.37145583 0.20000000
      vertex -19.06255558 3.37145583 0.00000000
    endloop
  endfacet
  facet normal 0.87416621 -0.48562685 0.00000000
    outer loop
      vertex -18.90334110 3.65805431 0.20000000
      vertex -19.06255558 3.37145583 0.00000000
      vertex -18.90334110 3.65805431 0.00000000
    endloop
  endfacet
  facet normal 0.90387840 -0.42778949 0.00000000
    outer loop
      vertex -19.06255558 3.37145583 0.20000000
      vertex -19.20414886 3.07228273 0.20000000
      vertex -19.20414886 3.07228273 0.00000000
    endloop
  endfacet
  facet normal 0.90387840 -0.42778949 0.00000000
    outer loop
      vertex -19.06255558 3.37145583 0.20000000
      vertex -19.20414886 3.07228273 0.00000000
      vertex -19.06255558 3.37145583 0.00000000
    endloop
  endfacet
  facet normal 0.92926432 -0.36941551 0.00000000
    outer loop
      vertex -19.20414886 3.07228273 0.20000000
      vertex -19.32813629 2.76039247 0.20000000
      vertex -19.32813629 2.76039247 0.00000000
    endloop
  endfacet
  facet normal 0.92926432 -0.36941551 0.00000000
    outer loop
      vertex -19.20414886 3.07228273 0.20000000
      vertex -19.32813629 2.76039247 0.00000000
      vertex -19.20414886 3.07228273 0.00000000
    endloop
  endfacet
  facet normal 0.95031931 -0.31127674 0.00000000
    outer loop
      vertex -19.32813629 2.76039247 0.20000000
      vertex -19.43450490 2.43565203 0.20000000
      vertex -19.43450490 2.43565203 0.00000000
    endloop
  endfacet
  facet normal 0.95031931 -0.31127674 0.00000000
    outer loop
      vertex -19.32813629 2.76039247 0.20000000
      vertex -19.43450490 2.43565203 0.00000000
      vertex -19.32813629 2.76039247 0.00000000
    endloop
  endfacet
  facet normal 0.96718546 -0.25407142 0.00000000
    outer loop
      vertex -19.43450490 2.43565203 0.20000000
      vertex -19.52321780 2.09794454 0.20000000
      vertex -19.52321780 2.09794454 0.00000000
    endloop
  endfacet
  facet normal 0.96718546 -0.25407142 0.00000000
    outer loop
      vertex -19.43450490 2.43565203 0.20000000
      vertex -19.52321780 2.09794454 0.00000000
      vertex -19.43450490 2.43565203 0.00000000
    endloop
  endfacet
  facet normal 0.98012236 -0.19839393 0.00000000
    outer loop
      vertex -19.52321780 2.09794454 0.20000000
      vertex -19.59421999 1.74717352 0.20000000
      vertex -19.59421999 1.74717352 0.00000000
    endloop
  endfacet
  facet normal 0.98012236 -0.19839393 0.00000000
    outer loop
      vertex -19.52321780 2.09794454 0.20000000
      vertex -19.59421999 1.74717352 0.00000000
      vertex -19.52321780 2.09794454 0.00000000
    endloop
  endfacet
  facet normal 0.98947287 -0.14471850 0.00000000
    outer loop
      vertex -19.59421999 1.74717352 0.20000000
      vertex -19.64744465 1.38326461 0.20000000
      vertex -19.64744465 1.38326461 0.00000000
    endloop
  endfacet
  facet normal 0.98947287 -0.14471850 0.00000000
    outer loop
      vertex -19.59421999 1.74717352 0.20000000
      vertex -19.64744465 1.38326461 0.00000000
      vertex -19.59421999 1.74717352 0.00000000
    endloop
  endfacet
  facet normal 0.99562903 -0.09339607 0.00000000
    outer loop
      vertex -19.64744465 1.38326461 0.20000000
      vertex -19.68281888 1.00616514 0.20000000
      vertex -19.68281888 1.00616514 0.00000000
    endloop
  endfacet
  facet normal 0.99562903 -0.09339607 0.00000000
    outer loop
      vertex -19.64744465 1.38326461 0.20000000
      vertex -19.68281888 1.00616514 0.00000000
      vertex -19.64744465 1.38326461 0.00000000
    endloop
  endfacet
  facet normal 0.99900219 -0.04466129 0.00000000
    outer loop
      vertex -19.68281888 1.00616514 0.20000000
      vertex -19.70026861 0.61584225 0.20000000
      vertex -19.70026861 0.61584225 0.00000000
    endloop
  endfacet
  facet normal 0.99900219 -0.04466129 0.00000000
    outer loop
      vertex -19.68281888 1.00616514 0.20000000
      vertex -19.70026861 0.61584225 0.00000000
      vertex -19.68281888 1.00616514 0.00000000
    endloop
  endfacet
  facet normal 0.99999908 0.00135376 0.00000000
    outer loop
      vertex -19.70026861 0.61584225 0.20000000
      vertex -19.69972228 0.21228007 0.20000000
      vertex -19.69972228 0.21228007 0.00000000
    endloop
  endfacet
  facet normal 0.99999908 0.00135376 0.00000000
    outer loop
      vertex -19.70026861 0.61584225 0.20000000
      vertex -19.69972228 0.21228007 0.00000000
      vertex -19.70026861 0.61584225 0.00000000
    endloop
  endfacet
  facet normal 0.99900482 0.04460240 0.00000000
    outer loop
      vertex -19.69972228 0.21228007 0.20000000
      vertex -19.68111332 -0.20452352 0.20000000
      vertex -19.68111332 -0.20452352 0.00000000
    endloop
  endfacet
  facet normal 0.99900482 0.04460240 0.00000000
    outer loop
      vertex -19.69972228 0.21228007 0.20000000
      vertex -19.68111332 -0.20452352 0.00000000
      vertex -19.69972228 0.21228007 0.00000000
    endloop
  endfacet
  facet normal 0.99637195 0.08510542 0.00000000
    outer loop
      vertex -19.68111332 -0.20452352 0.20000000
      vertex -19.64438162 -0.63456001 0.20000000
      vertex -19.64438162 -0.63456001 0.00000000
    endloop
  endfacet
  facet normal 0.99637195 0.08510542 0.00000000
    outer loop
      vertex -19.68111332 -0.20452352 0.20000000
      vertex -19.64438162 -0.63456001 0.00000000
      vertex -19.68111332 -0.20452352 0.00000000
    endloop
  endfacet
  facet normal 0.99241483 0.12293416 0.00000000
    outer loop
      vertex -19.64438162 -0.63456001 0.20000000
      vertex -19.58947419 -1.07781314 0.20000000
      vertex -19.58947419 -1.07781314 0.00000000
    endloop
  endfacet
  facet normal 0.99241483 0.12293416 0.00000000
    outer loop
      vertex -19.64438162 -0.63456001 0.20000000
      vertex -19.58947419 -1.07781314 0.00000000
      vertex -19.64438162 -0.63456001 0.00000000
    endloop
  endfacet
  facet normal 0.98740778 0.15819568 0.00000000
    outer loop
      vertex -19.58947419 -1.07781314 0.20000000
      vertex -19.51634520 -1.53426137 0.20000000
      vertex -19.51634520 -1.53426137 0.00000000
    endloop
  endfacet
  facet normal 0.98740778 0.15819568 0.00000000
    outer loop
      vertex -19.58947419 -1.07781314 0.20000000
      vertex -19.51634520 -1.53426137 0.00000000
      vertex -19.58947419 -1.07781314 0.00000000
    endloop
  endfacet
  facet normal 0.98158607 0.19102041 0.00000000
    outer loop
      vertex -19.51634520 -1.53426137 0.20000000
      vertex -19.42469180 -2.00523564 0.20000000
      vertex -19.42469180 -2.00523564 0.00000000
    endloop
  endfacet
  facet normal 0.98158607 0.19102041 0.00000000
    outer loop
      vertex -19.51634520 -1.53426137 0.20000000
      vertex -19.42469180 -2.00523564 0.00000000
      vertex -19.51634520 -1.53426137 0.00000000
    endloop
  endfacet
  facet normal 0.97843316 0.20656366 0.00000000
    outer loop
      vertex -19.42469180 -2.00523564 0.20000000
      vertex -18.32665038 -7.20634490 0.20000000
      vertex -18.32665038 -7.20634490 0.00000000
    endloop
  endfacet
  facet normal 0.97843316 0.20656366 0.00000000
    outer loop
      vertex -19.42469180 -2.00523564 0.20000000
      vertex -18.32665038 -7.20634490 0.00000000
      vertex -19.42469180 -2.00523564 0.00000000
    endloop
  endfacet
  facet normal 0.97505807 0.22194991 0.00000000
    outer loop
      vertex -18.32665038 -7.20634490 0.20000000
      vertex -18.26131381 -7.49337792 0.20000000
      vertex -18.26131381 -7.49337792 0.00000000
    endloop
  endfacet
  facet normal 0.97505807 0.22194991 0.00000000
    outer loop
      vertex -18.32665038 -7.20634490 0.20000000
      vertex -18.26131381 -7.49337792 0.00000000
      vertex -18.32665038 -7.20634490 0.00000000
    endloop
  endfacet
  facet normal 0.96724347 0.25385050 0.00000000
    outer loop
      vertex -18.26131381 -7.49337792 0.20000000
      vertex -18.18908578 -7.76858748 0.20000000
      vertex -18.18908578 -7.76858748 0.00000000
    endloop
  endfacet
  facet normal 0.96724347 0.25385050 0.00000000
    outer loop
      vertex -18.26131381 -7.49337792 0.20000000
      vertex -18.18908578 -7.76858748 0.00000000
      vertex -18.26131381 -7.49337792 0.00000000
    endloop
  endfacet
  facet normal 0.95785483 0.28725271 0.00000000
    outer loop
      vertex -18.18908578 -7.76858748 0.20000000
      vertex -18.10969458 -8.03332039 0.20000000
      vertex -18.10969458 -8.03332039 0.00000000
    endloop
  endfacet
  facet normal 0.95785483 0.28725271 0.00000000
    outer loop
      vertex -18.18908578 -7.76858748 0.20000000
      vertex -18.10969458 -8.03332039 0.00000000
      vertex -18.18908578 -7.76858748 0.00000000
    endloop
  endfacet
  facet normal 0.94669519 0.32213075 0.00000000
    outer loop
      vertex -18.10969458 -8.03332039 0.20000000
      vertex -18.02317661 -8.28758405 0.20000000
      vertex -18.02317661 -8.28758405 0.00000000
    endloop
  endfacet
  facet normal 0.94669519 0.32213075 0.00000000
    outer loop
      vertex -18.10969458 -8.03332039 0.20000000
      vertex -18.02317661 -8.28758405 0.00000000
      vertex -18.10969458 -8.03332039 0.00000000
    endloop
  endfacet
  facet normal 0.93355765 0.35842727 0.00000000
    outer loop
      vertex -18.02317661 -8.28758405 0.20000000
      vertex -17.92956970 -8.53139210 0.20000000
      vertex -17.92956970 -8.53139210 0.00000000
    endloop
  endfacet
  facet normal 0.93355765 0.35842727 0.00000000
    outer loop
      vertex -18.02317661 -8.28758405 0.20000000
      vertex -17.92956970 -8.53139210 0.00000000
      vertex -18.02317661 -8.28758405 0.00000000
    endloop
  endfacet
  facet normal 0.91823012 0.39604728 0.00000000
    outer loop
      vertex -17.92956970 -8.53139210 0.20000000
      vertex -17.82891202 -8.76476553 0.20000000
      vertex -17.82891202 -8.76476553 0.00000000
    endloop
  endfacet
  facet normal 0.91823012 0.39604728 0.00000000
    outer loop
      vertex -17.92956970 -8.53139210 0.20000000
      vertex -17.82891202 -8.76476553 0.00000000
      vertex -17.92956970 -8.53139210 0.00000000
    endloop
  endfacet
  facet normal 0.90050191 0.43485206 0.00000000
    outer loop
      vertex -17.82891202 -8.76476553 0.20000000
      vertex -17.72124077 -8.98773368 0.20000000
      vertex -17.72124077 -8.98773368 0.00000000
    endloop
  endfacet
  facet normal 0.90050191 0.43485206 0.00000000
    outer loop
      vertex -17.82891202 -8.76476553 0.20000000
      vertex -17.72124077 -8.98773368 0.00000000
      vertex -17.82891202 -8.76476553 0.00000000
    endloop
  endfacet
  facet normal 0.88017249 0.47465397 0.00000000
    outer loop
      vertex -17.72124077 -8.98773368 0.20000000
      vertex -17.60659040 -9.20033509 0.20000000
      vertex -17.60659040 -9.20033509 0.00000000
    endloop
  endfacet
  facet normal 0.88017249 0.47465397 0.00000000
    outer loop
      vertex -17.72124077 -8.98773368 0.20000000
      vertex -17.60659040 -9.20033509 0.00000000
      vertex -17.72124077 -8.98773368 0.00000000
    endloop
  endfacet
  facet normal 0.85706224 0.51521288 0.00000000
    outer loop
      vertex -17.60659040 -9.20033509 0.20000000
      vertex -17.48499047 -9.40261790 0.20000000
      vertex -17.48499047 -9.40261790 0.00000000
    endloop
  endfacet
  facet normal 0.85706224 0.51521288 0.00000000
    outer loop
      vertex -17.60659040 -9.20033509 0.20000000
      vertex -17.48499047 -9.40261790 0.00000000
      vertex -17.60659040 -9.20033509 0.00000000
    endloop
  endfacet
  facet normal 0.83102505 0.55623499 0.00000000
    outer loop
      vertex -17.48499047 -9.40261790 0.20000000
      vertex -17.35646332 -9.59463976 0.20000000
      vertex -17.35646332 -9.59463976 0.00000000
    endloop
  endfacet
  facet normal 0.83102505 0.55623499 0.00000000
    outer loop
      vertex -17.48499047 -9.40261790 0.20000000
      vertex -17.35646332 -9.59463976 0.00000000
      vertex -17.48499047 -9.40261790 0.00000000
    endloop
  endfacet
  facet normal 0.80196192 0.59737516 0.00000000
    outer loop
      vertex -17.35646332 -9.59463976 0.20000000
      vertex -17.22102157 -9.77646708 0.20000000
      vertex -17.22102157 -9.77646708 0.00000000
    endloop
  endfacet
  facet normal 0.80196192 0.59737516 0.00000000
    outer loop
      vertex -17.35646332 -9.59463976 0.20000000
      vertex -17.22102157 -9.77646708 0.00000000
      vertex -17.35646332 -9.59463976 0.00000000
    endloop
  endfacet
  facet normal 0.76983464 0.63824339 0.00000000
    outer loop
      vertex -17.22102157 -9.77646708 0.20000000
      vertex -17.07866578 -9.94817340 0.20000000
      vertex -17.07866578 -9.94817340 0.00000000
    endloop
  endfacet
  facet normal 0.76983464 0.63824339 0.00000000
    outer loop
      vertex -17.22102157 -9.77646708 0.20000000
      vertex -17.07866578 -9.94817340 0.00000000
      vertex -17.22102157 -9.77646708 0.00000000
    endloop
  endfacet
  facet normal 0.73467798 0.67841600 0.00000000
    outer loop
      vertex -17.07866578 -9.94817340 0.20000000
      vertex -16.92938248 -10.10983697 0.20000000
      vertex -16.92938248 -10.10983697 0.00000000
    endloop
  endfacet
  facet normal 0.73467798 0.67841600 0.00000000
    outer loop
      vertex -17.07866578 -9.94817340 0.20000000
      vertex -16.92938248 -10.10983697 0.00000000
      vertex -17.07866578 -9.94817340 0.00000000
    endloop
  endfacet
  facet normal 0.69660873 0.71745124 0.00000000
    outer loop
      vertex -16.92938248 -10.10983697 0.20000000
      vertex -16.77314297 -10.26153759 0.20000000
      vertex -16.77314297 -10.26153759 0.00000000
    endloop
  endfacet
  facet normal 0.69660873 0.71745124 0.00000000
    outer loop
      vertex -16.92938248 -10.10983697 0.20000000
      vertex -16.77314297 -10.26153759 0.00000000
      vertex -16.92938248 -10.10983697 0.00000000
    endloop
  endfacet
  facet normal 0.65582999 0.75490862 0.00000000
    outer loop
      vertex -16.77314297 -10.26153759 0.20000000
      vertex -16.60990308 -10.40335293 0.20000000
      vertex -16.60990308 -10.40335293 0.00000000
    endloop
  endfacet
  facet normal 0.65582999 0.75490862 0.00000000
    outer loop
      vertex -16.77314297 -10.26153759 0.20000000
      vertex -16.60990308 -10.40335293 0.00000000
      vertex -16.77314297 -10.26153759 0.00000000
    endloop
  endfacet
  facet normal 0.61262933 0.79037036 0.00000000
    outer loop
      vertex -16.60990308 -10.40335293 0.20000000
      vertex -16.43960406 -10.53535456 0.20000000
      vertex -16.43960406 -10.53535456 0.00000000
    endloop
  endfacet
  facet normal 0.61262933 0.79037036 0.00000000
    outer loop
      vertex -16.60990308 -10.40335293 0.20000000
      vertex -16.43960406 -10.53535456 0.00000000
      vertex -16.60990308 -10.40335293 0.00000000
    endloop
  endfacet
  facet normal 0.56737030 0.82346278 0.00000000
    outer loop
      vertex -16.43960406 -10.53535456 0.20000000
      vertex -16.26217470 -10.65760435 0.20000000
      vertex -16.26217470 -10.65760435 0.00000000
    endloop
  endfacet
  facet normal 0.56737030 0.82346278 0.00000000
    outer loop
      vertex -16.43960406 -10.53535456 0.20000000
      vertex -16.26217470 -10.65760435 0.00000000
      vertex -16.43960406 -10.53535456 0.00000000
    endloop
  endfacet
  facet normal 0.52047771 0.85387525 0.00000000
    outer loop
      vertex -16.26217470 -10.65760435 0.20000000
      vertex -16.07753446 -10.77015138 0.20000000
      vertex -16.07753446 -10.77015138 0.00000000
    endloop
  endfacet
  facet normal 0.52047771 0.85387525 0.00000000
    outer loop
      vertex -16.26217470 -10.65760435 0.20000000
      vertex -16.07753446 -10.77015138 0.00000000
      vertex -16.26217470 -10.65760435 0.00000000
    endloop
  endfacet
  facet normal 0.47241793 0.88137467 0.00000000
    outer loop
      vertex -16.07753446 -10.77015138 0.20000000
      vertex -15.88559731 -10.87302993 0.20000000
      vertex -15.88559731 -10.87302993 0.00000000
    endloop
  endfacet
  facet normal 0.47241793 0.88137467 0.00000000
    outer loop
      vertex -16.07753446 -10.77015138 0.20000000
      vertex -15.88559731 -10.87302993 0.00000000
      vertex -16.07753446 -10.77015138 0.00000000
    endloop
  endfacet
  facet normal 0.42367625 0.90581369 0.00000000
    outer loop
      vertex -15.88559731 -10.87302993 0.20000000
      vertex -15.68627587 -10.96625855 0.20000000
      vertex -15.68627587 -10.96625855 0.00000000
    endloop
  endfacet
  facet normal 0.42367625 0.90581369 0.00000000
    outer loop
      vertex -15.88559731 -10.87302993 0.20000000
      vertex -15.68627587 -10.96625855 0.00000000
      vertex -15.88559731 -10.87302993 0.00000000
    endloop
  endfacet
  facet normal 0.37473400 0.92713237 0.00000000
    outer loop
      vertex -15.68627587 -10.96625855 0.20000000
      vertex -15.47948538 -11.04984039 0.20000000
      vertex -15.47948538 -11.04984039 0.00000000
    endloop
  endfacet
  facet normal 0.37473400 0.92713237 0.00000000
    outer loop
      vertex -15.68627587 -10.96625855 0.20000000
      vertex -15.47948538 -11.04984039 0.00000000
      vertex -15.68627587 -10.96625855 0.00000000
    endloop
  endfacet
  facet normal 0.32604756 0.94535337 0.00000000
    outer loop
      vertex -15.47948538 -11.04984039 0.20000000
      vertex -15.26514719 -11.12376454 0.20000000
      vertex -15.26514719 -11.12376454 0.00000000
    endloop
  endfacet
  facet normal 0.32604756 0.94535337 0.00000000
    outer loop
      vertex -15.47948538 -11.04984039 0.20000000
      vertex -15.26514719 -11.12376454 0.00000000
      vertex -15.47948538 -11.04984039 0.00000000
    endloop
  endfacet
  facet normal 0.27803120 0.96057204 0.00000000
    outer loop
      vertex -15.26514719 -11.12376454 0.20000000
      vertex -15.04319138 -11.18800818 0.20000000
      vertex -15.04319138 -11.18800818 0.00000000
    endloop
  endfacet
  facet normal 0.27803120 0.96057204 0.00000000
    outer loop
      vertex -15.26514719 -11.12376454 0.20000000
      vertex -15.04319138 -11.18800818 0.00000000
      vertex -15.26514719 -11.12376454 0.00000000
    endloop
  endfacet
  facet normal 0.23104496 0.97294307 0.00000000
    outer loop
      vertex -15.04319138 -11.18800818 0.20000000
      vertex -14.81355852 -11.24253913 0.20000000
      vertex -14.81355852 -11.24253913 0.00000000
    endloop
  endfacet
  facet normal 0.23104496 0.97294307 0.00000000
    outer loop
      vertex -15.04319138 -11.18800818 0.20000000
      vertex -14.81355852 -11.24253913 0.00000000
      vertex -15.04319138 -11.18800818 0.00000000
    endloop
  endfacet
  facet normal 0.18538772 0.98266545 0.00000000
    outer loop
      vertex -14.81355852 -11.24253913 0.20000000
      vertex -14.57620043 -11.28731864 0.20000000
      vertex -14.57620043 -11.28731864 0.00000000
    endloop
  endfacet
  facet normal 0.18538772 0.98266545 0.00000000
    outer loop
      vertex -14.81355852 -11.24253913 0.20000000
      vertex -14.57620043 -11.28731864 0.00000000
      vertex -14.81355852 -11.24253913 0.00000000
    endloop
  endfacet
  facet normal 0.14129511 0.98996752 0.00000000
    outer loop
      vertex -14.57620043 -11.28731864 0.20000000
      vertex -14.33108020 -11.32230392 0.20000000
      vertex -14.33108020 -11.32230392 0.00000000
    endloop
  endfacet
  facet normal 0.14129511 0.98996752 0.00000000
    outer loop
      vertex -14.57620043 -11.28731864 0.20000000
      vertex -14.33108020 -11.32230392 0.00000000
      vertex -14.57620043 -11.28731864 0.00000000
    endloop
  endfacet
  facet normal 0.09894152 0.99509325 0.00000000
    outer loop
      vertex -14.33108020 -11.32230392 0.20000000
      vertex -14.07817157 -11.34745047 0.20000000
      vertex -14.07817157 -11.34745047 0.00000000
    endloop
  endfacet
  facet normal 0.09894152 0.99509325 0.00000000
    outer loop
      vertex -14.33108020 -11.32230392 0.20000000
      vertex -14.07817157 -11.34745047 0.00000000
      vertex -14.33108020 -11.32230392 0.00000000
    endloop
  endfacet
  facet normal 0.05844491 0.99829064 0.00000000
    outer loop
      vertex -14.07817157 -11.34745047 0.20000000
      vertex -13.81745785 -11.36271395 0.20000000
      vertex -13.81745785 -11.36271395 0.00000000
    endloop
  endfacet
  facet normal 0.05844491 0.99829064 0.00000000
    outer loop
      vertex -14.07817157 -11.34745047 0.20000000
      vertex -13.81745785 -11.36271395 0.00000000
      vertex -14.07817157 -11.34745047 0.00000000
    endloop
  endfacet
  facet normal 0.01987359 0.99980250 0.00000000
    outer loop
      vertex -13.81745785 -11.36271395 0.20000000
      vertex -13.54893061 -11.36805161 0.20000000
      vertex -13.54893061 -11.36805161 0.00000000
    endloop
  endfacet
  facet normal 0.01987359 0.99980250 0.00000000
    outer loop
      vertex -13.81745785 -11.36271395 0.20000000
      vertex -13.54893061 -11.36805161 0.00000000
      vertex -13.81745785 -11.36271395 0.00000000
    endloop
  endfacet
  facet normal -0.01674623 0.99985977 0.00000000
    outer loop
      vertex -13.54893061 -11.36805161 0.20000000
      vertex -13.27258833 -11.36342327 0.20000000
      vertex -13.27258833 -11.36342327 0.00000000
    endloop
  endfacet
  facet normal -0.01674623 0.99985977 0.00000000
    outer loop
      vertex -13.54893061 -11.36805161 0.20000000
      vertex -13.27258833 -11.36342327 0.00000000
      vertex -13.54893061 -11.36805161 0.00000000
    endloop
  endfacet
  facet normal -0.05142268 0.99867698 0.00000000
    outer loop
      vertex -13.27258833 -11.36342327 0.20000000
      vertex -12.98843500 -11.34879198 0.20000000
      vertex -12.98843500 -11.34879198 0.00000000
    endloop
  endfacet
  facet normal -0.05142268 0.99867698 0.00000000
    outer loop
      vertex -13.27258833 -11.36342327 0.20000000
      vertex -12.98843500 -11.34879198 0.00000000
      vertex -13.27258833 -11.36342327 0.00000000
    endloop
  endfacet
  facet normal -0.08419087 0.99644965 0.00000000
    outer loop
      vertex -12.98843500 -11.34879198 0.20000000
      vertex -12.69510483 -11.32400827 0.20000000
      vertex -12.69510483 -11.32400827 0.00000000
    endloop
  endfacet
  facet normal -0.08419087 0.99644965 0.00000000
    outer loop
      vertex -12.98843500 -11.34879198 0.20000000
      vertex -12.69510483 -11.32400827 0.00000000
      vertex -12.98843500 -11.34879198 0.00000000
    endloop
  endfacet
  facet normal -0.09987609 0.99499988 0.00000000
    outer loop
      vertex -12.69510483 -11.32400827 0.20000000
      vertex -8.14707189 -10.86748585 0.20000000
      vertex -8.14707189 -10.86748585 0.00000000
    endloop
  endfacet
  facet normal -0.09987609 0.99499988 0.00000000
    outer loop
      vertex -12.69510483 -11.32400827 0.20000000
      vertex -8.14707189 -10.86748585 0.00000000
      vertex -12.69510483 -11.32400827 0.00000000
    endloop
  endfacet
  facet normal 0.00000000 0.00000000 -1.00000000
    outer loop
      vertex -8.06886994 -10.85838211 0.20000000
      vertex -8.14707189 -10.86748585 0.20000000
      vertex -12.69510483 -11.32400827 0.20000000
    endloop
  endfacet
  facet normal 0.00000000 0.00000000 -1.00000000
    outer loop
      vertex -7.99515211 -10.84731255 0.20000000
      vertex -8.06886994 -10.85838211 0.20000000
      vertex -12.69510483 -11.32400827 0.20000000
    endloop
  endfacet
  facet normal 0.00000000 0.00000000 -1.00000000
    outer loop
      vertex -7.92454844 -10.83415578 0.20000000
      vertex -7.99515211 -10.84731255 0.20000000
      vertex -12.69510483 -11.32400827 0.20000000
    endloop
  endfacet
  facet normal 0.00000000 0.00000000 -1.00000000
    outer loop
      vertex -7.85705895 -10.81895411 0.20000000
      vertex -7.92454844 -10.83415578 0.20000000
      vertex -12.69510483 -11.32400827 0.20000000
    endloop
  endfacet
  facet normal 0.00000000 0.00000000 -1.00000000
    outer loop
      vertex -7.79267705 -10.80175308 0.20000000
      vertex -7.85705895 -10.81895411 0.20000000
      vertex -12.69510483 -11.32400827 0.20000000
    endloop
  endfacet
  facet normal 0.00000000 0.00000000 -1.00000000
    outer loop
      vertex -7.73138786 -10.78260046 0.20000000
      vertex -7.79267705 -10.80175308 0.20000000
      vertex -12.69510483 -11.32400827 0.20000000
    endloop
  endfacet
  facet normal 0.00000000 0.00000000 -1.00000000
    outer loop
      vertex -7.67316656 -10.76154489 0.20000000
      vertex -7.73138786 -10.78260046 0.20000000
      vertex -12.69510483 -11.32400827 0.20000000
    endloop
  endfacet
  facet normal 0.00000000 0.00000000 -1.00000000
    outer loop
      vertex -7.61797692 -10.73863389 0.20000000
      vertex -7.67316656 -10.76154489 0.20000000
      vertex -12.69510483 -11.32400827 0.20000000
    endloop
  endfacet
  facet normal 0.00000000 0.00000000 -1.00000000
    outer loop
      vertex -7.56577006 -10.71391133 0.20000000
      vertex -7.61797692 -10.73863389 0.20000000
      vertex -12.69510483 -11.32400827 0.20000000
    endloop
  endfacet
  facet normal 0.00000000 0.00000000 -1.00000000
    outer loop
      vertex -7.51648395 -10.68741429 0.20000000
      vertex -7.56577006 -10.71391133 0.20000000
      vertex -12.69510483 -11.32400827 0.20000000
    endloop
  endfacet
  facet normal 0.00000000 0.00000000 -1.00000000
    outer loop
      vertex -7.47004367 -10.65916964 0.20000000
      vertex -7.51648395 -10.68741429 0.20000000
      vertex -12.69510483 -11.32400827 0.20000000
    endloop
  endfacet
  facet normal 0.00000000 0.00000000 -1.00000000
    outer loop
      vertex -7.42636289 -10.62919050 0.20000000
      vertex -7.47004367 -10.65916964 0.20000000
      vertex -12.69510483 -11.32400827 0.20000000
    endloop
  endfacet
  facet normal 0.00000000 0.00000000 -1.00000000
    outer loop
      vertex -7.38534661 -10.59747300 0.20000000
      vertex -7.42636289 -10.62919050 0.20000000
      vertex -12.69510483 -11.32400827 0.20000000
    endloop
  endfacet
  facet normal 0.00000000 0.00000000 -1.00000000
    outer loop
      vertex -7.34689509 -10.56399395 0.20000000
      vertex -7.38534661 -10.59747300 0.20000000
      vertex -12.69510483 -11.32400827 0.20000000
    endloop
  endfacet
  facet normal 0.00000000 0.00000000 -1.00000000
    outer loop
      vertex -7.31090890 -10.52870972 0.20000000
      vertex -7.34689509 -10.56399395 0.20000000
      vertex -12.69510483 -11.32400827 0.20000000
    endloop
  endfacet
  facet normal 0.00000000 0.00000000 -1.00000000
    outer loop
      vertex -7.27729436 -10.49155688 0.20000000
      vertex -7.31090890 -10.52870972 0.20000000
      vertex -12.69510483 -11.32400827 0.20000000
    endloop
  endfacet
  facet normal 0.00000000 0.00000000 -1.00000000
    outer loop
      vertex -7.24596899 -10.45245456 0.20000000
      vertex -7.27729436 -10.49155688 0.20000000
      vertex -12.69510483 -11.32400827 0.20000000
    endloop
  endfacet
  facet normal 0.00000000 0.00000000 -1.00000000
    outer loop
      vertex -7.21686609 -10.41130843 0.20000000
      vertex -7.24596899 -10.45245456 0.20000000
      vertex -12.69510483 -11.32400827 0.20000000
    endloop
  endfacet
  facet normal 0.00000000 0.00000000 -1.00000000
    outer loop
      vertex -7.18993793 -10.36801593 0.20000000
      vertex -7.21686609 -10.41130843 0.20000000
      vertex -12.69510483 -11.32400827 0.20000000
    endloop
  endfacet
  facet normal 0.00000000 0.00000000 -1.00000000
    outer loop
      vertex -7.16515731 -10.32247193 0.20000000
      vertex -7.18993793 -10.36801593 0.20000000
      vertex -12.69510483 -11.32400827 0.20000000
    endloop
  endfacet
  facet normal 0.00000000 0.00000000 -1.00000000
    outer loop
      vertex -7.14251719 -10.27457428 0.20000000
      vertex -7.16515731 -10.32247193 0.20000000
      vertex -12.69510483 -11.32400827 0.20000000
    endloop
  endfacet
  facet normal 0.00000000 0.00000000 -1.00000000
    outer loop
      vertex -7.12202889 -10.22422858 0.20000000
      vertex -7.14251719 -10.27457428 0.20000000
      vertex -12.69510483 -11.32400827 0.20000000
    endloop
  endfacet
  facet normal 0.00000000 0.00000000 -1.00000000
    outer loop
      vertex -7.10371912 -10.17135169 0.20000000
      vertex -7.12202889 -10.22422858 0.20000000
      vertex -12.69510483 -11.32400827 0.20000000
    endloop
  endfacet
  facet normal 0.00000000 0.00000000 -1.00000000
    outer loop
      vertex -7.08762631 -10.11587392 0.20000000
      vertex -7.10371912 -10.17135169 0.20000000
      vertex -12.69510483 -11.32400827 0.20000000
    endloop
  endfacet
  facet normal 0.00000000 0.00000000 -1.00000000
    outer loop
      vertex -7.07379698 -10.05773993 0.20000000
      vertex -7.08762631 -10.11587392 0.20000000
      vertex -12.69510483 -11.32400827 0.20000000
    endloop
  endfacet
  facet normal 0.00000000 0.00000000 -1.00000000
    outer loop
      vertex -7.06228220 -9.99690848 0.20000000
      vertex -7.07379698 -10.05773993 0.20000000
      vertex -12.69510483 -11.32400827 0.20000000
    endloop
  endfacet
  facet normal 0.00000000 0.00000000 -1.00000000
    outer loop
      vertex -7.05313467 -9.93335133 0.20000000
      vertex -7.06228220 -9.99690848 0.20000000
      vertex -12.69510483 -11.32400827 0.20000000
    endloop
  endfacet
  facet normal 0.00000000 0.00000000 -1.00000000
    outer loop
      vertex -7.04640635 -9.86705175 0.20000000
      vertex -7.05313467 -9.93335133 0.20000000
      vertex -12.69510483 -11.32400827 0.20000000
    endloop
  endfacet
  facet normal 0.00000000 0.00000000 -1.00000000
    outer loop
      vertex -7.04214678 -9.79800266 0.20000000
      vertex -7.04640635 -9.86705175 0.20000000
      vertex -12.69510483 -11.32400827 0.20000000
    endloop
  endfacet
  facet normal 0.00000000 0.00000000 -1.00000000
    outer loop
      vertex -7.04040195 -9.72620478 0.20000000
      vertex -7.04214678 -9.79800266 0.20000000
      vertex -12.69510483 -11.32400827 0.20000000
    endloop
  endfacet
  facet normal 0.00000000 -0.00000000 -1.00000000
    outer loop
      vertex -7.04121365 -9.65166490 0.20000000
      vertex -7.04040195 -9.72620478 0.20000000
      vertex -12.69510483 -11.32400827 0.20000000
    endloop
  endfacet
  facet normal 0.00000000 -0.00000000 -1.00000000
    outer loop
      vertex -7.04468019 -9.57301119 0.20000000
      vertex -7.04121365 -9.65166490 0.20000000
      vertex -12.69510483 -11.32400827 0.20000000
    endloop
  endfacet
  facet normal 0.00000000 -0.00000000 -1.00000000
    outer loop
      vertex -7.77273515 2.56823073 0.20000000
      vertex -7.04468019 -9.57301119 0.20000000
      vertex -12.69510483 -11.32400827 0.20000000
    endloop
  endfacet
  facet normal 0.00000000 -0.00000000 -1.00000000
    outer loop
      vertex -7.77638709 2.65108558 0.20000000
      vertex -7.77273515 2.56823073 0.20000000
      vertex -12.69510483 -11.32400827 0.20000000
    endloop
  endfacet
  facet normal 0.00000000 -0.00000000 -1.00000000
    outer loop
      vertex -7.77728523 2.73345389 0.20000000
      vertex -7.77638709 2.65108558 0.20000000
      vertex -12.69510483 -11.32400827 0.20000000
    endloop
  endfacet
  facet normal 0.00000000 0.00000000 -1.00000000
    outer loop
      vertex -7.77533143 2.81396374 0.20000000
      vertex -7.77728523 2.73345389 0.20000000
      vertex -12.69510483 -11.32400827 0.20000000
    endloop
  endfacet
  facet normal 0.00000000 0.00000000 -1.00000000
    outer loop
      vertex -7.77048413 2.89262169 0.20000000
      vertex -7.77533143 2.81396374 0.20000000
      vertex -12.69510483 -11.32400827 0.20000000
    endloop
  endfacet
  facet normal 0.00000000 0.00000000 -1.00000000
    outer loop
      vertex -7.76269762 2.96942825 0.20000000
      vertex -7.77048413 2.89262169 0.20000000
      vertex -12.69510483 -11.32400827 0.20000000
    endloop
  endfacet
  facet normal 0.00000000 0.00000000 -1.00000000
    outer loop
      vertex -7.75192272 3.04437617 0.20000000
      vertex -7.76269762 2.96942825 0.20000000
      vertex -12.69510483 -11.32400827 0.20000000
    endloop
  endfacet
  facet normal 0.00000000 0.00000000 -1.00000000
    outer loop
      vertex -7.73810788 3.11744859 0.20000000
      vertex -7.75192272 3.04437617 0.20000000
      vertex -12.69510483 -11.32400827 0.20000000
    endloop
  endfacet
  facet normal 0.00000000 0.00000000 -1.00000000
    outer loop
      vertex -7.72120088 3.18861729 0.20000000
      vertex -7.73810788 3.11744859 0.20000000
      vertex -12.69510483 -11.32400827 0.20000000
    endloop
  endfacet
  facet normal 0.00000000 0.00000000 -1.00000000
    outer loop
      vertex -7.70115115 3.25784112 0.20000000
      vertex -7.72120088 3.18861729 0.20000000
      vertex -12.69510483 -11.32400827 0.20000000
    endloop
  endfacet
  facet normal 0.00000000 0.00000000 -1.00000000
    outer loop
      vertex 17.93497640 6.68750821 0.20000000
      vertex 17.79767322 6.67107086 0.20000000
      vertex -6.42076172 4.16098206 0.20000000
    endloop
  endfacet
  facet normal 0.00000000 0.00000000 -1.00000000
    outer loop
      vertex 18.06551519 6.70756396 0.20000000
      vertex 17.93497640 6.68750821 0.20000000
      vertex -6.42076172 4.16098206 0.20000000
    endloop
  endfacet
  facet normal 0.00000000 0.00000000 -1.00000000
    outer loop
      vertex 18.19065538 6.73136052 0.20000000
      vertex 18.06551519 6.70756396 0.20000000
      vertex -6.42076172 4.16098206 0.20000000
    endloop
  endfacet
  facet normal 0.00000000 0.00000000 -1.00000000
    outer loop
      vertex 18.31039361 6.75885111 0.20000000
      vertex 18.19065538 6.73136052 0.20000000
      vertex -6.42076172 4.16098206 0.20000000
    endloop
  endfacet
  facet normal 0.00000000 0.00000000 -1.00000000
    outer loop
      vertex 18.42473354 6.78998471 0.20000000
      vertex 18.31039361 6.75885111 0.20000000
      vertex -6.42076172 4.16098206 0.20000000
    endloop
  endfacet
  facet normal 0.00000000 0.00000000 -1.00000000
    outer loop
      vertex 18.53368786 6.82470694 0.20000000
      vertex 18.42473354 6.78998471 0.20000000
      vertex -6.42076172 4.16098206 0.20000000
    endloop
  endfacet
  facet normal 0.00000000 0.00000000 -1.00000000
    outer loop
      vertex 18.63728044 6.86296154 0.20000000
      vertex 18.53368786 6.82470694 0.20000000
      vertex -6.42076172 4.16098206 0.20000000
    endloop
  endfacet
  facet normal 0.00000000 0.00000000 -1.00000000
    outer loop
      vertex 18.73554835 6.90469256 0.20000000
      vertex 18.63728044 6.86296154 0.20000000
      vertex -6.42076172 4.16098206 0.20000000
    endloop
  endfacet
  facet normal 0.00000000 0.00000000 -1.00000000
    outer loop
      vertex 18.82854360 6.94984741 0.20000000
      vertex 18.73554835 6.90469256 0.20000000
      vertex -6.42076172 4.16098206 0.20000000
    endloop
  endfacet
  facet normal 0.00000000 0.00000000 -1.00000000
    outer loop
      vertex 18.91633422 6.99838061 0.20000000
      vertex 18.82854360 6.94984741 0.20000000
      vertex -6.42076172 4.16098206 0.20000000
    endloop
  endfacet
  facet normal 0.00000000 0.00000000 -1.00000000
    outer loop
      vertex 18.99900416 7.05025817 0.20000000
      vertex 18.91633422 6.99838061 0.20000000
      vertex -6.42076172 4.16098206 0.20000000
    endloop
  endfacet
  facet normal 0.00000000 0.00000000 -1.00000000
    outer loop
      vertex 19.07665192 7.10546222 0.20000000
      vertex 18.99900416 7.05025817 0.20000000
      vertex -6.42076172 4.16098206 0.20000000
    endloop
  endfacet
  facet normal 0.00000000 0.00000000 -1.00000000
    outer loop
      vertex 19.14938723 7.16399533 0.20000000
      vertex 19.07665192 7.10546222 0.20000000
      vertex -6.42076172 4.16098206 0.20000000
    endloop
  endfacet
  facet normal 0.00000000 0.00000000 -1.00000000
    outer loop
      vertex 19.21732622 7.22588379 0.20000000
      vertex 19.14938723 7.16399533 0.20000000
      vertex -6.42076172 4.16098206 0.20000000
    endloop
  endfacet
  facet normal 0.00000000 0.00000000 -1.00000000
    outer loop
      vertex 19.28058497 7.29117920 0.20000000
      vertex 19.21732622 7.22588379 0.20000000
      vertex -6.42076172 4.16098206 0.20000000
    endloop
  endfacet
  facet normal 0.00000000 0.00000000 -1.00000000
    outer loop
      vertex 19.28058497 7.29117920 0.20000000
      vertex -6.42076172 4.16098206 0.20000000
      vertex -6.50310930 4.15112609 0.20000000
    endloop
  endfacet
  facet normal 0.00000000 0.00000000 -1.00000000
    outer loop
      vertex 19.33927239 7.35995780 0.20000000
      vertex 19.28058497 7.29117920 0.20000000
      vertex -6.50310930 4.15112609 0.20000000
    endloop
  endfacet
  facet normal 0.00000000 0.00000000 -1.00000000
    outer loop
      vertex 19.39348316 7.43231733 0.20000000
      vertex 19.33927239 7.35995780 0.20000000
      vertex -6.50310930 4.15112609 0.20000000
    endloop
  endfacet
  facet normal 0.00000000 0.00000000 -1.00000000
    outer loop
      vertex 19.44329184 7.50837163 0.20000000
      vertex 19.39348316 7.43231733 0.20000000
      vertex -6.50310930 4.15112609 0.20000000
    endloop
  endfacet
  facet normal 0.00000000 0.00000000 -1.00000000
    outer loop
      vertex 19.48874888 7.58824368 0.20000000
      vertex 19.44329184 7.50837163 0.20000000
      vertex -6.50310930 4.15112609 0.20000000
    endloop
  endfacet
  facet normal 0.00000000 0.00000000 -1.00000000
    outer loop
      vertex 19.52987914 7.67205808 0.20000000
      vertex 19.48874888 7.58824368 0.20000000
      vertex -6.50310930 4.15112609 0.20000000
    endloop
  endfacet
  facet normal 0.00000000 0.00000000 -1.00000000
    outer loop
      vertex 19.56668277 7.75993386 0.20000000
      vertex 19.52987914 7.67205808 0.20000000
      vertex -6.50310930 4.15112609 0.20000000
    endloop
  endfacet
  facet normal 0.00000000 0.00000000 -1.00000000
    outer loop
      vertex 19.59913816 7.85197868 0.20000000
      vertex 19.56668277 7.75993386 0.20000000
      vertex -6.50310930 4.15112609 0.20000000
    endloop
  endfacet
  facet normal 0.00000000 0.00000000 -1.00000000
    outer loop
      vertex 19.62720626 7.94828468 0.20000000
      vertex 19.59913816 7.85197868 0.20000000
      vertex -6.50310930 4.15112609 0.20000000
    endloop
  endfacet
  facet normal 0.00000000 0.00000000 -1.00000000
    outer loop
      vertex 19.65083547 8.04892631 0.20000000
      vertex 19.62720626 7.94828468 0.20000000
      vertex -6.50310930 4.15112609 0.20000000
    endloop
  endfacet
  facet normal 0.00000000 0.00000000 -1.00000000
    outer loop
      vertex 19.66996648 8.15395995 0.20000000
      vertex 19.65083547 8.04892631 0.20000000
      vertex -6.50310930 4.15112609 0.20000000
    endloop
  endfacet
  facet normal 0.00000000 0.00000000 -1.00000000
    outer loop
      vertex 19.68453655 8.26342478 0.20000000
      vertex 19.66996648 8.15395995 0.20000000
      vertex -6.50310930 4.15112609 0.20000000
    endloop
  endfacet
  facet normal 0.00000000 0.00000000 -1.00000000
    outer loop
      vertex 19.68453655 8.26342478 0.20000000
      vertex -6.50310930 4.15112609 0.20000000
      vertex -6.58452945 4.13863192 0.20000000
    endloop
  endfacet
  facet normal 0.00000000 0.00000000 -1.00000000
    outer loop
      vertex 19.69448297 8.37734470 0.20000000
      vertex 19.68453655 8.26342478 0.20000000
      vertex -6.58452945 4.13863192 0.20000000
    endloop
  endfacet
  facet normal 0.00000000 0.00000000 -1.00000000
    outer loop
      vertex 19.69974560 8.49573061 0.20000000
      vertex 19.69448297 8.37734470 0.20000000
      vertex -6.58452945 4.13863192 0.20000000
    endloop
  endfacet
  facet normal 0.00000000 0.00000000 -1.00000000
    outer loop
      vertex 19.70026861 8.61858297 0.20000000
      vertex 19.69974560 8.49573061 0.20000000
      vertex -6.58452945 4.13863192 0.20000000
    endloop
  endfacet
  facet normal 0.00000000 -0.00000000 -1.00000000
    outer loop
      vertex 19.69600141 8.74589414 0.20000000
      vertex 19.70026861 8.61858297 0.20000000
      vertex -6.58452945 4.13863192 0.20000000
    endloop
  endfacet
  facet normal 0.00000000 -0.00000000 -1.00000000
    outer loop
      vertex 19.68689911 8.87765057 0.20000000
      vertex 19.69600141 8.74589414 0.20000000
      vertex -6.58452945 4.13863192 0.20000000
    endloop
  endfacet
  facet normal 0.00000000 -0.00000000 -1.00000000
    outer loop
      vertex 19.67278118 9.01521159 0.20000000
      vertex 19.68689911 8.87765057 0.20000000
      vertex -6.58452945 4.13863192 0.20000000
    endloop
  endfacet
  facet normal 0.00000000 -0.00000000 -1.00000000
    outer loop
      vertex 19.61235277 9.52430237 0.20000000
      vertex 19.67278118 9.01521159 0.20000000
      vertex -6.58452945 4.13863192 0.20000000
    endloop
  endfacet
  facet normal 0.00000000 0.00000000 -1.00000000
    outer loop
      vertex 19.61235277 9.52430237 0.20000000
      vertex -6.58452945 4.13863192 0.20000000
      vertex -6.66365254 4.12362560 0.20000000
    endloop
  endfacet
  facet normal 0.00000000 -0.00000000 -1.00000000
    outer loop
      vertex 19.59388138 9.66130446 0.20000000
      vertex 19.61235277 9.52430237 0.20000000
      vertex -6.66365254 4.12362560 0.20000000
    endloop
  endfacet
  facet normal 0.00000000 -0.00000000 -1.00000000
    outer loop
      vertex 19.57190515 9.79140381 0.20000000
      vertex 19.59388138 9.66130446 0.20000000
      vertex -6.66365254 4.12362560 0.20000000
    endloop
  endfacet
  facet normal 0.00000000 -0.00000000 -1.00000000
    outer loop
      vertex 19.54628258 9.91596208 0.20000000
      vertex 19.57190515 9.79140381 0.20000000
      vertex -6.66365254 4.12362560 0.20000000
    endloop
  endfacet
  facet normal 0.00000000 -0.00000000 -1.00000000
    outer loop
      vertex 19.51706197 10.03497538 0.20000000
      vertex 19.54628258 9.91596208 0.20000000
      vertex -6.66365254 4.12362560 0.20000000
    endloop
  endfacet
  facet normal 0.00000000 -0.00000000 -1.00000000
    outer loop
      vertex 19.48429608 10.14844701 0.20000000
      vertex 19.51706197 10.03497538 0.20000000
      vertex -6.66365254 4.12362560 0.20000000
    endloop
  endfacet
  facet normal 0.00000000 0.00000000 -1.00000000
    outer loop
      vertex 19.48429608 10.14844701 0.20000000
      vertex -6.66365254 4.12362560 0.20000000
      vertex -6.74047829 4.10606504 0.20000000
    endloop
  endfacet
  facet normal 0.00000000 -0.00000000 -1.00000000
    outer loop
      vertex 19.44804136 10.25638959 0.20000000
      vertex 19.48429608 10.14844701 0.20000000
      vertex -6.74047829 4.10606504 0.20000000
    endloop
  endfacet
  facet normal 0.00000000 -0.00000000 -1.00000000
    outer loop
      vertex 19.40835633 10.35882732 0.20000000
      vertex 19.44804136 10.25638959 0.20000000
      vertex -6.74047829 4.10606504 0.20000000
    endloop
  endfacet
  facet normal 0.00000000 -0.00000000 -1.00000000
    outer loop
      vertex 19.36529931 10.45579819 0.20000000
      vertex 19.40835633 10.35882732 0.20000000
      vertex -6.74047829 4.10606504 0.20000000
    endloop
  endfacet
  facet normal 0.00000000 -0.00000000 -1.00000000
    outer loop
      vertex 19.31892527 10.54735590 0.20000000
      vertex 19.36529931 10.45579819 0.20000000
      vertex -6.74047829 4.10606504 0.20000000
    endloop
  endfacet
  facet normal 0.00000000 -0.00000000 -1.00000000
    outer loop
      vertex 19.26928173 10.63357103 0.20000000
      vertex 19.31892527 10.54735590 0.20000000
      vertex -6.74047829 4.10606504 0.20000000
    endloop
  endfacet
  facet normal 0.00000000 -0.00000000 -1.00000000
    outer loop
      vertex 19.21640408 10.71453107 0.20000000
      vertex 19.26928173 10.63357103 0.20000000
      vertex -6.74047829 4.10606504 0.20000000
    endloop
  endfacet
  facet normal 0.00000000 -0.00000000 -1.00000000
    outer loop
      vertex 19.16031057 10.79033891 0.20000000
      vertex 19.21640408 10.71453107 0.20000000
      vertex -6.74047829 4.10606504 0.20000000
    endloop
  endfacet
  facet normal 0.00000000 -0.00000000 -1.00000000
    outer loop
      vertex 19.10099765 10.86110942 0.20000000
      vertex 19.16031057 10.79033891 0.20000000
      vertex -6.74047829 4.10606504 0.20000000
    endloop
  endfacet
  facet normal 0.00000000 -0.00000000 -1.00000000
    outer loop
      vertex 19.03843632 10.92696408 0.20000000
      vertex 19.10099765 10.86110942 0.20000000
      vertex -6.74047829 4.10606504 0.20000000
    endloop
  endfacet
  facet normal 0.00000000 -0.00000000 -1.00000000
    outer loop
      vertex 18.97257050 10.98802412 0.20000000
      vertex 19.03843632 10.92696408 0.20000000
      vertex -6.74047829 4.10606504 0.20000000
    endloop
  endfacet
  facet normal 0.00000000 -0.00000000 -1.00000000
    outer loop
      vertex 18.90331778 11.04440269 0.20000000
      vertex 18.97257050 10.98802412 0.20000000
      vertex -6.74047829 4.10606504 0.20000000
    endloop
  endfacet
  facet normal 0.00000000 0.00000000 -1.00000000
    outer loop
      vertex 18.90331778 11.04440269 0.20000000
      vertex -6.74047829 4.10606504 0.20000000
      vertex -6.81499979 4.08590507 0.20000000
    endloop
  endfacet
  facet normal 0.00000000 -0.00000000 -1.00000000
    outer loop
      vertex 18.83057300 11.09619728 0.20000000
      vertex 18.90331778 11.04440269 0.20000000
      vertex -6.81499979 4.08590507 0.20000000
    endloop
  endfacet
  facet normal 0.00000000 -0.00000000 -1.00000000
    outer loop
      vertex 18.75421425 11.14348339 0.20000000
      vertex 18.83057300 11.09619728 0.20000000
      vertex -6.81499979 4.08590507 0.20000000
    endloop
  endfacet
  facet normal 0.00000000 -0.00000000 -1.00000000
    outer loop
      vertex 18.67411054 11.18631041 0.20000000
      vertex 18.75421425 11.14348339 0.20000000
      vertex -6.81499979 4.08590507 0.20000000
    endloop
  endfacet
  facet normal 0.00000000 -0.00000000 -1.00000000
    outer loop
      vertex 18.59013013 11.22470023 0.20000000
      vertex 18.67411054 11.18631041 0.20000000
      vertex -6.81499979 4.08590507 0.20000000
    endloop
  endfacet
  facet normal 0.00000000 -0.00000000 -1.00000000
    outer loop
      vertex 18.50214818 11.25864853 0.20000000
      vertex 18.59013013 11.22470023 0.20000000
      vertex -6.81499979 4.08590507 0.20000000
    endloop
  endfacet
  facet normal 0.00000000 -0.00000000 -1.00000000
    outer loop
      vertex 18.41005301 11.28812824 0.20000000
      vertex 18.50214818 11.25864853 0.20000000
      vertex -6.81499979 4.08590507 0.20000000
    endloop
  endfacet
  facet normal 0.00000000 -0.00000000 -1.00000000
    outer loop
      vertex 18.31375027 11.31309444 0.20000000
      vertex 18.41005301 11.28812824 0.20000000
      vertex -6.81499979 4.08590507 0.20000000
    endloop
  endfacet
  facet normal 0.00000000 -0.00000000 -1.00000000
    outer loop
      vertex 18.21316500 11.33348978 0.20000000
      vertex 18.31375027 11.31309444 0.20000000
      vertex -6.81499979 4.08590507 0.20000000
    endloop
  endfacet
  facet normal 0.00000000 -0.00000000 -1.00000000
    outer loop
      vertex 18.10824178 11.34924969 0.20000000
      vertex 18.21316500 11.33348978 0.20000000
      vertex -6.81499979 4.08590507 0.20000000
    endloop
  endfacet
  facet normal 0.00000000 -0.00000000 -1.00000000
    outer loop
      vertex 17.99894344 11.36030694 0.20000000
      vertex 18.10824178 11.34924969 0.20000000
      vertex -6.81499979 4.08590507 0.20000000
    endloop
  endfacet
  facet normal 0.00000000 -0.00000000 -1.00000000
    outer loop
      vertex 17.88524883 11.36659520 0.20000000
      vertex 17.99894344 11.36030694 0.20000000
      vertex -6.81499979 4.08590507 0.20000000
    endloop
  endfacet
  facet normal 0.00000000 -0.00000000 -1.00000000
    outer loop
      vertex 17.76715017 11.36805161 0.20000000
      vertex 17.88524883 11.36659520 0.20000000
      vertex -6.81499979 4.08590507 0.20000000
    endloop
  endfacet
  facet normal 0.00000000 -0.00000000 -1.00000000
    outer loop
      vertex 17.64465028 11.36461842 0.20000000
      vertex 17.76715017 11.36805161 0.20000000
      vertex -6.81499979 4.08590507 0.20000000
    endloop
  endfacet
  facet normal 0.00000000 -0.00000000 -1.00000000
    outer loop
      vertex 17.51776000 11.35624387 0.20000000
      vertex 17.64465028 11.36461842 0.20000000
      vertex -6.81499979 4.08590507 0.20000000
    endloop
  endfacet
  facet normal 0.00000000 -0.00000000 -1.00000000
    outer loop
      vertex 17.38649588 11.34288244 0.20000000
      vertex 17.51776000 11.35624387 0.20000000
      vertex -6.81499979 4.08590507 0.20000000
    endloop
  endfacet
  facet normal 0.00000000 -0.00000000 -1.00000000
    outer loop
      vertex 17.24950760 11.32430894 0.20000000
      vertex 17.38649588 11.34288244 0.20000000
      vertex -6.81499979 4.08590507 0.20000000
    endloop
  endfacet
  facet normal 0.00000000 0.00000000 -1.00000000
    outer loop
      vertex -13.41200603 6.67037960 0.20000000
      vertex 17.24950760 11.32430894 0.20000000
      vertex -6.81499979 4.08590507 0.20000000
    endloop
  endfacet
  facet normal 0.00000000 0.00000000 -1.00000000
    outer loop
      vertex -13.41200603 6.67037960 0.20000000
      vertex -6.81499979 4.08590507 0.20000000
      vertex -6.88720187 4.06309833 0.20000000
    endloop
  endfacet
  facet normal 0.00000000 0.00000000 -1.00000000
    outer loop
      vertex -13.41200603 6.67037960 0.20000000
      vertex -6.88720187 4.06309833 0.20000000
      vertex -6.95705955 4.03759669 0.20000000
    endloop
  endfacet
  facet normal 0.00000000 0.00000000 -1.00000000
    outer loop
      vertex -13.41200603 6.67037960 0.20000000
      vertex -6.95705955 4.03759669 0.20000000
      vertex -7.02453648 4.00935321 0.20000000
    endloop
  endfacet
  facet normal 0.00000000 0.00000000 -1.00000000
    outer loop
      vertex -13.41200603 6.67037960 0.20000000
      vertex -7.02453648 4.00935321 0.20000000
      vertex -7.08958385 3.97832468 0.20000000
    endloop
  endfacet
  facet normal 0.00000000 0.00000000 -1.00000000
    outer loop
      vertex -13.41200603 6.67037960 0.20000000
      vertex -7.08958385 3.97832468 0.20000000
      vertex -7.15213984 3.94447466 0.20000000
    endloop
  endfacet
  facet normal 0.00000000 0.00000000 -1.00000000
    outer loop
      vertex -13.41200603 6.67037960 0.20000000
      vertex -7.15213984 3.94447466 0.20000000
      vertex -7.21212996 3.90777691 0.20000000
    endloop
  endfacet
  facet normal 0.00000000 0.00000000 -1.00000000
    outer loop
      vertex -13.41200603 6.67037960 0.20000000
      vertex -7.21212996 3.90777691 0.20000000
      vertex -7.26946851 3.86821886 0.20000000
    endloop
  endfacet
  facet normal 0.00000000 0.00000000 -1.00000000
    outer loop
      vertex -13.41200603 6.67037960 0.20000000
      vertex -7.26946851 3.86821886 0.20000000
      vertex -7.32406130 3.82580474 0.20000000
    endloop
  endfacet
  facet normal 0.00000000 0.00000000 -1.00000000
    outer loop
      vertex -13.41200603 6.67037960 0.20000000
      vertex -7.32406130 3.82580474 0.20000000
      vertex -7.37580959 3.78055791 0.20000000
    endloop
  endfacet
  facet normal 0.00000000 0.00000000 -1.00000000
    outer loop
      vertex -13.41200603 6.67037960 0.20000000
      vertex -7.37580959 3.78055791 0.20000000
      vertex -7.42461496 3.73252190 0.20000000
    endloop
  endfacet
  facet normal 0.00000000 0.00000000 -1.00000000
    outer loop
      vertex -13.41200603 6.67037960 0.20000000
      vertex -7.42461496 3.73252190 0.20000000
      vertex -7.47038481 3.68175976 0.20000000
    endloop
  endfacet
  facet normal 0.00000000 0.00000000 -1.00000000
    outer loop
      vertex -13.41200603 6.67037960 0.20000000
      vertex -7.47038481 3.68175976 0.20000000
      vertex -7.51303759 3.62835177 0.20000000
    endloop
  endfacet
  facet normal 0.00000000 0.00000000 -1.00000000
    outer loop
      vertex -13.41200603 6.67037960 0.20000000
      vertex -7.51303759 3.62835177 0.20000000
      vertex -7.55250734 3.57239141 0.20000000
    endloop
  endfacet
  facet normal 0.00000000 0.00000000 -1.00000000
    outer loop
      vertex -13.41200603 6.67037960 0.20000000
      vertex -7.55250734 3.57239141 0.20000000
      vertex -7.58874689 3.51398032 0.20000000
    endloop
  endfacet
  facet normal 0.00000000 0.00000000 -1.00000000
    outer loop
      vertex -13.41200603 6.67037960 0.20000000
      vertex -7.58874689 3.51398032 0.20000000
      vertex -7.62172929 3.45322267 0.20000000
    endloop
  endfacet
  facet normal 0.00000000 0.00000000 -1.00000000
    outer loop
      vertex -13.41200603 6.67037960 0.20000000
      vertex -7.62172929 3.45322267 0.20000000
      vertex -7.65144751 3.39021968 0.20000000
    endloop
  endfacet
  facet normal 0.00000000 0.00000000 -1.00000000
    outer loop
      vertex -13.41200603 6.67037960 0.20000000
      vertex -7.65144751 3.39021968 0.20000000
      vertex -7.67791269 3.32506499 0.20000000
    endloop
  endfacet
  facet normal 0.00000000 0.00000000 -1.00000000
    outer loop
      vertex -13.41200603 6.67037960 0.20000000
      vertex -7.67791269 3.32506499 0.20000000
      vertex -7.70115115 3.25784112 0.20000000
    endloop
  endfacet
  facet normal 0.00000000 0.00000000 -1.00000000
    outer loop
      vertex -13.41200603 6.67037960 0.20000000
      vertex -7.70115115 3.25784112 0.20000000
      vertex -12.69510483 -11.32400827 0.20000000
    endloop
  endfacet
  facet normal 0.00000000 0.00000000 -1.00000000
    outer loop
      vertex -13.88518058 6.59086264 0.20000000
      vertex -13.41200603 6.67037960 0.20000000
      vertex -12.69510483 -11.32400827 0.20000000
    endloop
  endfacet
  facet normal 0.00000000 0.00000000 -1.00000000
    outer loop
      vertex -14.33825054 6.49909967 0.20000000
      vertex -13.88518058 6.59086264 0.20000000
      vertex -12.69510483 -11.32400827 0.20000000
    endloop
  endfacet
  facet normal 0.00000000 0.00000000 -1.00000000
    outer loop
      vertex -14.77256846 6.39490702 0.20000000
      vertex -14.33825054 6.49909967 0.20000000
      vertex -12.69510483 -11.32400827 0.20000000
    endloop
  endfacet
  facet normal 0.00000000 0.00000000 -1.00000000
    outer loop
      vertex -15.18813026 6.27833518 0.20000000
      vertex -14.77256846 6.39490702 0.20000000
      vertex -12.69510483 -11.32400827 0.20000000
    endloop
  endfacet
  facet normal 0.00000000 0.00000000 -1.00000000
    outer loop
      vertex -15.58493931 6.14943947 0.20000000
      vertex -15.18813026 6.27833518 0.20000000
      vertex -12.69510483 -11.32400827 0.20000000
    endloop
  endfacet
  facet normal 0.00000000 0.00000000 -1.00000000
    outer loop
      vertex -15.96300875 6.00827915 0.20000000
      vertex -15.58493931 6.14943947 0.20000000
      vertex -12.69510483 -11.32400827 0.20000000
    endloop
  endfacet
  facet normal 0.00000000 0.00000000 -1.00000000
    outer loop
      vertex -16.32236391 5.85491582 0.20000000
      vertex -15.96300875 6.00827915 0.20000000
      vertex -12.69510483 -11.32400827 0.20000000
    endloop
  endfacet
  facet normal 0.00000000 0.00000000 -1.00000000
    outer loop
      vertex -16.66304481 5.68941092 0.20000000
      vertex -16.32236391 5.85491582 0.20000000
      vertex -12.69510483 -11.32400827 0.20000000
    endloop
  endfacet
  facet normal 0.00000000 0.00000000 -1.00000000
    outer loop
      vertex -16.98510821 5.51182226 0.20000000
      vertex -16.66304481 5.68941092 0.20000000
      vertex -12.69510483 -11.32400827 0.20000000
    endloop
  endfacet
  facet normal 0.00000000 0.00000000 -1.00000000
    outer loop
      vertex -17.28862900 5.32219962 0.20000000
      vertex -16.98510821 5.51182226 0.20000000
      vertex -12.69510483 -11.32400827 0.20000000
    endloop
  endfacet
  facet normal 0.00000000 0.00000000 -1.00000000
    outer loop
      vertex -17.57370028 5.12057945 0.20000000
      vertex -17.28862900 5.32219962 0.20000000
      vertex -12.69510483 -11.32400827 0.20000000
    endloop
  endfacet
  facet normal 0.00000000 0.00000000 -1.00000000
    outer loop
      vertex -17.84043170 4.90697939 0.20000000
      vertex -17.57370028 5.12057945 0.20000000
      vertex -12.69510483 -11.32400827 0.20000000
    endloop
  endfacet
  facet normal 0.00000000 0.00000000 -1.00000000
    outer loop
      vertex -18.08894563 4.68139294 0.20000000
      vertex -17.84043170 4.90697939 0.20000000
      vertex -12.69510483 -11.32400827 0.20000000
    endloop
  endfacet
  facet normal 0.00000000 0.00000000 -1.00000000
    outer loop
      vertex -18.31937119 4.44378557 0.20000000
      vertex -18.08894563 4.68139294 0.20000000
      vertex -12.69510483 -11.32400827 0.20000000
    endloop
  endfacet
  facet normal 0.00000000 0.00000000 -1.00000000
    outer loop
      vertex -18.53183645 4.19409286 0.20000000
      vertex -18.31937119 4.44378557 0.20000000
      vertex -12.69510483 -11.32400827 0.20000000
    endloop
  endfacet
  facet normal 0.00000000 0.00000000 -1.00000000
    outer loop
      vertex -18.72645972 3.93222165 0.20000000
      vertex -18.53183645 4.19409286 0.20000000
      vertex -12.69510483 -11.32400827 0.20000000
    endloop
  endfacet
  facet normal 0.00000000 0.00000000 -1.00000000
    outer loop
      vertex -18.90334110 3.65805431 0.20000000
      vertex -18.72645972 3.93222165 0.20000000
      vertex -12.69510483 -11.32400827 0.20000000
    endloop
  endfacet
  facet normal 0.00000000 0.00000000 -1.00000000
    outer loop
      vertex -19.06255558 3.37145583 0.20000000
      vertex -18.90334110 3.65805431 0.20000000
      vertex -12.69510483 -11.32400827 0.20000000
    endloop
  endfacet
  facet normal 0.00000000 0.00000000 -1.00000000
    outer loop
      vertex -19.20414886 3.07228273 0.20000000
      vertex -19.06255558 3.37145583 0.20000000
      vertex -12.69510483 -11.32400827 0.20000000
    endloop
  endfacet
  facet normal 0.00000000 0.00000000 -1.00000000
    outer loop
      vertex -19.32813629 2.76039247 0.20000000
      vertex -19.20414886 3.07228273 0.20000000
      vertex -12.69510483 -11.32400827 0.20000000
    endloop
  endfacet
  facet normal 0.00000000 0.00000000 -1.00000000
    outer loop
      vertex -19.43450490 2.43565203 0.20000000
      vertex -19.32813629 2.76039247 0.20000000
      vertex -12.69510483 -11.32400827 0.20000000
    endloop
  endfacet
  facet normal 0.00000000 0.00000000 -1.00000000
    outer loop
      vertex -19.52321780 2.09794454 0.20000000
      vertex -19.43450490 2.43565203 0.20000000
      vertex -12.69510483 -11.32400827 0.20000000
    endloop
  endfacet
  facet normal 0.00000000 0.00000000 -1.00000000
    outer loop
      vertex -19.59421999 1.74717352 0.20000000
      vertex -19.52321780 2.09794454 0.20000000
      vertex -12.69510483 -11.32400827 0.20000000
    endloop
  endfacet
  facet normal 0.00000000 0.00000000 -1.00000000
    outer loop
      vertex -19.64744465 1.38326461 0.20000000
      vertex -19.59421999 1.74717352 0.20000000
      vertex -12.69510483 -11.32400827 0.20000000
    endloop
  endfacet
  facet normal 0.00000000 0.00000000 -1.00000000
    outer loop
      vertex -19.68281888 1.00616514 0.20000000
      vertex -19.64744465 1.38326461 0.20000000
      vertex -12.69510483 -11.32400827 0.20000000
    endloop
  endfacet
  facet normal 0.00000000 0.00000000 -1.00000000
    outer loop
      vertex -19.70026861 0.61584225 0.20000000
      vertex -19.68281888 1.00616514 0.20000000
      vertex -12.69510483 -11.32400827 0.20000000
    endloop
  endfacet
  facet normal 0.00000000 0.00000000 -1.00000000
    outer loop
      vertex -19.69972228 0.21228007 0.20000000
      vertex -19.70026861 0.61584225 0.20000000
      vertex -12.69510483 -11.32400827 0.20000000
    endloop
  endfacet
  facet normal 0.00000000 0.00000000 -1.00000000
    outer loop
      vertex -19.68111332 -0.20452352 0.20000000
      vertex -19.69972228 0.21228007 0.20000000
      vertex -12.69510483 -11.32400827 0.20000000
    endloop
  endfacet
  facet normal 0.00000000 0.00000000 -1.00000000
    outer loop
      vertex -19.64438162 -0.63456001 0.20000000
      vertex -19.68111332 -0.20452352 0.20000000
      vertex -12.69510483 -11.32400827 0.20000000
    endloop
  endfacet
  facet normal 0.00000000 0.00000000 -1.00000000
    outer loop
      vertex -19.58947419 -1.07781314 0.20000000
      vertex -19.64438162 -0.63456001 0.20000000
      vertex -12.69510483 -11.32400827 0.20000000
    endloop
  endfacet
  facet normal 0.00000000 0.00000000 -1.00000000
    outer loop
      vertex -19.51634520 -1.53426137 0.20000000
      vertex -19.58947419 -1.07781314 0.20000000
      vertex -12.69510483 -11.32400827 0.20000000
    endloop
  endfacet
  facet normal 0.00000000 0.00000000 -1.00000000
    outer loop
      vertex -19.42469180 -2.00523564 0.20000000
      vertex -19.51634520 -1.53426137 0.20000000
      vertex -12.69510483 -11.32400827 0.20000000
    endloop
  endfacet
  facet normal 0.00000000 0.00000000 -1.00000000
    outer loop
      vertex -18.32665038 -7.20634490 0.20000000
      vertex -19.42469180 -2.00523564 0.20000000
      vertex -12.69510483 -11.32400827 0.20000000
    endloop
  endfacet
  facet normal 0.00000000 0.00000000 -1.00000000
    outer loop
      vertex -18.26131381 -7.49337792 0.20000000
      vertex -18.32665038 -7.20634490 0.20000000
      vertex -12.69510483 -11.32400827 0.20000000
    endloop
  endfacet
  facet normal 0.00000000 0.00000000 -1.00000000
    outer loop
      vertex -18.18908578 -7.76858748 0.20000000
      vertex -18.26131381 -7.49337792 0.20000000
      vertex -12.69510483 -11.32400827 0.20000000
    endloop
  endfacet
  facet normal 0.00000000 0.00000000 -1.00000000
    outer loop
      vertex -18.10969458 -8.03332039 0.20000000
      vertex -18.18908578 -7.76858748 0.20000000
      vertex -12.69510483 -11.32400827 0.20000000
    endloop
  endfacet
  facet normal 0.00000000 0.00000000 -1.00000000
    outer loop
      vertex -18.02317661 -8.28758405 0.20000000
      vertex -18.10969458 -8.03332039 0.20000000
      vertex -12.69510483 -11.32400827 0.20000000
    endloop
  endfacet
  facet normal 0.00000000 0.00000000 -1.00000000
    outer loop
      vertex -17.92956970 -8.53139210 0.20000000
      vertex -18.02317661 -8.28758405 0.20000000
      vertex -12.69510483 -11.32400827 0.20000000
    endloop
  endfacet
  facet normal 0.00000000 0.00000000 -1.00000000
    outer loop
      vertex -17.82891202 -8.76476553 0.20000000
      vertex -17.92956970 -8.53139210 0.20000000
      vertex -12.69510483 -11.32400827 0.20000000
    endloop
  endfacet
  facet normal 0.00000000 0.00000000 -1.00000000
    outer loop
      vertex -17.72124077 -8.98773368 0.20000000
      vertex -17.82891202 -8.76476553 0.20000000
      vertex -12.69510483 -11.32400827 0.20000000
    endloop
  endfacet
  facet normal 0.00000000 0.00000000 -1.00000000
    outer loop
      vertex -17.60659040 -9.20033509 0.20000000
      vertex -17.72124077 -8.98773368 0.20000000
      vertex -12.69510483 -11.32400827 0.20000000
    endloop
  endfacet
  facet normal 0.00000000 0.00000000 -1.00000000
    outer loop
      vertex -17.48499047 -9.40261790 0.20000000
      vertex -17.60659040 -9.20033509 0.20000000
      vertex -12.69510483 -11.32400827 0.20000000
    endloop
  endfacet
  facet normal 0.00000000 0.00000000 -1.00000000
    outer loop
      vertex -17.35646332 -9.59463976 0.20000000
      vertex -17.48499047 -9.40261790 0.20000000
      vertex -12.69510483 -11.32400827 0.20000000
    endloop
  endfacet
  facet normal 0.00000000 0.00000000 -1.00000000
    outer loop
      vertex -17.22102157 -9.77646708 0.20000000
      vertex -17.35646332 -9.59463976 0.20000000
      vertex -12.69510483 -11.32400827 0.20000000
    endloop
  endfacet
  facet normal 0.00000000 0.00000000 -1.00000000
    outer loop
      vertex -17.07866578 -9.94817340 0.20000000
      vertex -17.22102157 -9.77646708 0.20000000
      vertex -12.69510483 -11.32400827 0.20000000
    endloop
  endfacet
  facet normal 0.00000000 0.00000000 -1.00000000
    outer loop
      vertex -16.92938248 -10.10983697 0.20000000
      vertex -17.07866578 -9.94817340 0.20000000
      vertex -12.69510483 -11.32400827 0.20000000
    endloop
  endfacet
  facet normal 0.00000000 0.00000000 -1.00000000
    outer loop
      vertex -16.77314297 -10.26153759 0.20000000
      vertex -16.92938248 -10.10983697 0.20000000
      vertex -12.69510483 -11.32400827 0.20000000
    endloop
  endfacet
  facet normal 0.00000000 0.00000000 -1.00000000
    outer loop
      vertex -16.60990308 -10.40335293 0.20000000
      vertex -16.77314297 -10.26153759 0.20000000
      vertex -12.69510483 -11.32400827 0.20000000
    endloop
  endfacet
  facet normal 0.00000000 0.00000000 -1.00000000
    outer loop
      vertex -16.43960406 -10.53535456 0.20000000
      vertex -16.60990308 -10.40335293 0.20000000
      vertex -12.69510483 -11.32400827 0.20000000
    endloop
  endfacet
  facet normal 0.00000000 0.00000000 -1.00000000
    outer loop
      vertex -16.26217470 -10.65760435 0.20000000
      vertex -16.43960406 -10.53535456 0.20000000
      vertex -12.69510483 -11.32400827 0.20000000
    endloop
  endfacet
  facet normal 0.00000000 0.00000000 -1.00000000
    outer loop
      vertex -16.07753446 -10.77015138 0.20000000
      vertex -16.26217470 -10.65760435 0.20000000
      vertex -12.69510483 -11.32400827 0.20000000
    endloop
  endfacet
  facet normal 0.00000000 0.00000000 -1.00000000
    outer loop
      vertex -15.88559731 -10.87302993 0.20000000
      vertex -16.07753446 -10.77015138 0.20000000
      vertex -12.69510483 -11.32400827 0.20000000
    endloop
  endfacet
  facet normal 0.00000000 0.00000000 -1.00000000
    outer loop
      vertex -15.68627587 -10.96625855 0.20000000
      vertex -15.88559731 -10.87302993 0.20000000
      vertex -12.69510483 -11.32400827 0.20000000
    endloop
  endfacet
  facet normal 0.00000000 0.00000000 -1.00000000
    outer loop
      vertex -15.47948538 -11.04984039 0.20000000
      vertex -15.68627587 -10.96625855 0.20000000
      vertex -12.69510483 -11.32400827 0.20000000
    endloop
  endfacet
  facet normal 0.00000000 0.00000000 -1.00000000
    outer loop
      vertex -15.26514719 -11.12376454 0.20000000
      vertex -15.47948538 -11.04984039 0.20000000
      vertex -12.69510483 -11.32400827 0.20000000
    endloop
  endfacet
  facet normal 0.00000000 0.00000000 -1.00000000
    outer loop
      vertex -15.04319138 -11.18800818 0.20000000
      vertex -15.26514719 -11.12376454 0.20000000
      vertex -12.69510483 -11.32400827 0.20000000
    endloop
  endfacet
  facet normal 0.00000000 0.00000000 -1.00000000
    outer loop
      vertex -14.81355852 -11.24253913 0.20000000
      vertex -15.04319138 -11.18800818 0.20000000
      vertex -12.69510483 -11.32400827 0.20000000
    endloop
  endfacet
  facet normal 0.00000000 0.00000000 -1.00000000
    outer loop
      vertex -14.57620043 -11.28731864 0.20000000
      vertex -14.81355852 -11.24253913 0.20000000
      vertex -12.69510483 -11.32400827 0.20000000
    endloop
  endfacet
  facet normal 0.00000000 0.00000000 -1.00000000
    outer loop
      vertex -14.33108020 -11.32230392 0.20000000
      vertex -14.57620043 -11.28731864 0.20000000
      vertex -12.69510483 -11.32400827 0.20000000
    endloop
  endfacet
  facet normal 0.00000000 0.00000000 -1.00000000
    outer loop
      vertex -14.07817157 -11.34745047 0.20000000
      vertex -14.33108020 -11.32230392 0.20000000
      vertex -12.69510483 -11.32400827 0.20000000
    endloop
  endfacet
  facet normal 0.00000000 0.00000000 -1.00000000
    outer loop
      vertex -13.81745785 -11.36271395 0.20000000
      vertex -14.07817157 -11.34745047 0.20000000
      vertex -12.69510483 -11.32400827 0.20000000
    endloop
  endfacet
  facet normal 0.00000000 0.00000000 -1.00000000
    outer loop
      vertex -13.54893061 -11.36805161 0.20000000
      vertex -13.81745785 -11.36271395 0.20000000
      vertex -12.69510483 -11.32400827 0.20000000
    endloop
  endfacet
  facet normal -0.00000000 0.00000000 -1.00000000
    outer loop
      vertex -13.27258833 -11.36342327 0.20000000
      vertex -13.54893061 -11.36805161 0.20000000
      vertex -12.69510483 -11.32400827 0.20000000
    endloop
  endfacet
  facet normal 0.00000000 0.00000000 -1.00000000
    outer loop
      vertex -12.69510483 -11.32400827 0.20000000
      vertex -12.98843500 -11.34879198 0.20000000
      vertex -13.27258833 -11.36342327 0.20000000
    endloop
  endfacet
  facet normal 0.00000000 0.00000000 1.00000000
    outer loop
      vertex -12.69510483 -11.32400827 0.00000000
      vertex -8.14707189 -10.86748585 0.00000000
      vertex -8.06886994 -10.85838211 0.00000000
    endloop
  endfacet
  facet normal 0.00000000 0.00000000 1.00000000
    outer loop
      vertex -12.69510483 -11.32400827 0.00000000
      vertex -8.06886994 -10.85838211 0.00000000
      vertex -7.99515211 -10.84731255 0.00000000
    endloop
  endfacet
  facet normal 0.00000000 0.00000000 1.00000000
    outer loop
      vertex -12.69510483 -11.32400827 0.00000000
      vertex -7.99515211 -10.84731255 0.00000000
      vertex -7.92454844 -10.83415578 0.00000000
    endloop
  endfacet
  facet normal 0.00000000 0.00000000 1.00000000
    outer loop
      vertex -12.69510483 -11.32400827 0.00000000
      vertex -7.92454844 -10.83415578 0.00000000
      vertex -7.85705895 -10.81895411 0.00000000
    endloop
  endfacet
  facet normal 0.00000000 0.00000000 1.00000000
    outer loop
      vertex -12.69510483 -11.32400827 0.00000000
      vertex -7.85705895 -10.81895411 0.00000000
      vertex -7.79267705 -10.80175308 0.00000000
    endloop
  endfacet
  facet normal 0.00000000 0.00000000 1.00000000
    outer loop
      vertex -12.69510483 -11.32400827 0.00000000
      vertex -7.79267705 -10.80175308 0.00000000
      vertex -7.73138786 -10.78260046 0.00000000
    endloop
  endfacet
  facet normal 0.00000000 0.00000000 1.00000000
    outer loop
      vertex -12.69510483 -11.32400827 0.00000000
      vertex -7.73138786 -10.78260046 0.00000000
      vertex -7.67316656 -10.76154489 0.00000000
    endloop
  endfacet
  facet normal 0.00000000 0.00000000 1.00000000
    outer loop
      vertex -12.69510483 -11.32400827 0.00000000
      vertex -7.67316656 -10.76154489 0.00000000
      vertex -7.61797692 -10.73863389 0.00000000
    endloop
  endfacet
  facet normal 0.00000000 0.00000000 1.00000000
    outer loop
      vertex -12.69510483 -11.32400827 0.00000000
      vertex -7.61797692 -10.73863389 0.00000000
      vertex -7.56577006 -10.71391133 0.00000000
    endloop
  endfacet
  facet normal 0.00000000 0.00000000 1.00000000
    outer loop
      vertex -12.69510483 -11.32400827 0.00000000
      vertex -7.56577006 -10.71391133 0.00000000
      vertex -7.51648395 -10.68741429 0.00000000
    endloop
  endfacet
  facet normal 0.00000000 0.00000000 1.00000000
    outer loop
      vertex -12.69510483 -11.32400827 0.00000000
      vertex -7.51648395 -10.68741429 0.00000000
      vertex -7.47004367 -10.65916964 0.00000000
    endloop
  endfacet
  facet normal 0.00000000 0.00000000 1.00000000
    outer loop
      vertex -12.69510483 -11.32400827 0.00000000
      vertex -7.47004367 -10.65916964 0.00000000
      vertex -7.42636289 -10.62919050 0.00000000
    endloop
  endfacet
  facet normal 0.00000000 0.00000000 1.00000000
    outer loop
      vertex -12.69510483 -11.32400827 0.00000000
      vertex -7.42636289 -10.62919050 0.00000000
      vertex -7.38534661 -10.59747300 0.00000000
    endloop
  endfacet
  facet normal 0.00000000 0.00000000 1.00000000
    outer loop
      vertex -12.69510483 -11.32400827 0.00000000
      vertex -7.38534661 -10.59747300 0.00000000
      vertex -7.34689509 -10.56399395 0.00000000
    endloop
  endfacet
  facet normal 0.00000000 0.00000000 1.00000000
    outer loop
      vertex -12.69510483 -11.32400827 0.00000000
      vertex -7.34689509 -10.56399395 0.00000000
      vertex -7.31090890 -10.52870972 0.00000000
    endloop
  endfacet
  facet normal 0.00000000 0.00000000 1.00000000
    outer loop
      vertex -12.69510483 -11.32400827 0.00000000
      vertex -7.31090890 -10.52870972 0.00000000
      vertex -7.27729436 -10.49155688 0.00000000
    endloop
  endfacet
  facet normal 0.00000000 0.00000000 1.00000000
    outer loop
      vertex -12.69510483 -11.32400827 0.00000000
      vertex -7.27729436 -10.49155688 0.00000000
      vertex -7.24596899 -10.45245456 0.00000000
    endloop
  endfacet
  facet normal 0.00000000 0.00000000 1.00000000
    outer loop
      vertex -12.69510483 -11.32400827 0.00000000
      vertex -7.24596899 -10.45245456 0.00000000
      vertex -7.21686609 -10.41130843 0.00000000
    endloop
  endfacet
  facet normal 0.00000000 0.00000000 1.00000000
    outer loop
      vertex -12.69510483 -11.32400827 0.00000000
      vertex -7.21686609 -10.41130843 0.00000000
      vertex -7.18993793 -10.36801593 0.00000000
    endloop
  endfacet
  facet normal 0.00000000 0.00000000 1.00000000
    outer loop
      vertex -12.69510483 -11.32400827 0.00000000
      vertex -7.18993793 -10.36801593 0.00000000
      vertex -7.16515731 -10.32247193 0.00000000
    endloop
  endfacet
  facet normal 0.00000000 0.00000000 1.00000000
    outer loop
      vertex -12.69510483 -11.32400827 0.00000000
      vertex -7.16515731 -10.32247193 0.00000000
      vertex -7.14251719 -10.27457428 0.00000000
    endloop
  endfacet
  facet normal 0.00000000 0.00000000 1.00000000
    outer loop
      vertex -12.69510483 -11.32400827 0.00000000
      vertex -7.14251719 -10.27457428 0.00000000
      vertex -7.12202889 -10.22422858 0.00000000
    endloop
  endfacet
  facet normal 0.00000000 0.00000000 1.00000000
    outer loop
      vertex -12.69510483 -11.32400827 0.00000000
      vertex -7.12202889 -10.22422858 0.00000000
      vertex -7.10371912 -10.17135169 0.00000000
    endloop
  endfacet
  facet normal 0.00000000 0.00000000 1.00000000
    outer loop
      vertex -12.69510483 -11.32400827 0.00000000
      vertex -7.10371912 -10.17135169 0.00000000
      vertex -7.08762631 -10.11587392 0.00000000
    endloop
  endfacet
  facet normal 0.00000000 0.00000000 1.00000000
    outer loop
      vertex -12.69510483 -11.32400827 0.00000000
      vertex -7.08762631 -10.11587392 0.00000000
      vertex -7.07379698 -10.05773993 0.00000000
    endloop
  endfacet
  facet normal 0.00000000 0.00000000 1.00000000
    outer loop
      vertex -12.69510483 -11.32400827 0.00000000
      vertex -7.07379698 -10.05773993 0.00000000
      vertex -7.06228220 -9.99690848 0.00000000
    endloop
  endfacet
  facet normal 0.00000000 0.00000000 1.00000000
    outer loop
      vertex -12.69510483 -11.32400827 0.00000000
      vertex -7.06228220 -9.99690848 0.00000000
      vertex -7.05313467 -9.93335133 0.00000000
    endloop
  endfacet
  facet normal 0.00000000 0.00000000 1.00000000
    outer loop
      vertex -12.69510483 -11.32400827 0.00000000
      vertex -7.05313467 -9.93335133 0.00000000
      vertex -7.04640635 -9.86705175 0.00000000
    endloop
  endfacet
  facet normal 0.00000000 0.00000000 1.00000000
    outer loop
      vertex -12.69510483 -11.32400827 0.00000000
      vertex -7.04640635 -9.86705175 0.00000000
      vertex -7.04214678 -9.79800266 0.00000000
    endloop
  endfacet
  facet normal 0.00000000 0.00000000 1.00000000
    outer loop
      vertex -12.69510483 -11.32400827 0.00000000
      vertex -7.04214678 -9.79800266 0.00000000
      vertex -7.04040195 -9.72620478 0.00000000
    endloop
  endfacet
  facet normal 0.00000000 0.00000000 1.00000000
    outer loop
      vertex -12.69510483 -11.32400827 0.00000000
      vertex -7.04040195 -9.72620478 0.00000000
      vertex -7.04121365 -9.65166490 0.00000000
    endloop
  endfacet
  facet normal 0.00000000 0.00000000 1.00000000
    outer loop
      vertex -12.69510483 -11.32400827 0.00000000
      vertex -7.04121365 -9.65166490 0.00000000
      vertex -7.04468019 -9.57301119 0.00000000
    endloop
  endfacet
  facet normal 0.00000000 0.00000000 1.00000000
    outer loop
      vertex -12.69510483 -11.32400827 0.00000000
      vertex -7.04468019 -9.57301119 0.00000000
      vertex -7.77273515 2.56823073 0.00000000
    endloop
  endfacet
  facet normal 0.00000000 0.00000000 1.00000000
    outer loop
      vertex -12.69510483 -11.32400827 0.00000000
      vertex -7.77273515 2.56823073 0.00000000
      vertex -7.77638709 2.65108558 0.00000000
    endloop
  endfacet
  facet normal 0.00000000 0.00000000 1.00000000
    outer loop
      vertex -12.69510483 -11.32400827 0.00000000
      vertex -7.77638709 2.65108558 0.00000000
      vertex -7.77728523 2.73345389 0.00000000
    endloop
  endfacet
  facet normal 0.00000000 0.00000000 1.00000000
    outer loop
      vertex -12.69510483 -11.32400827 0.00000000
      vertex -7.77728523 2.73345389 0.00000000
      vertex -7.77533143 2.81396374 0.00000000
    endloop
  endfacet
  facet normal 0.00000000 0.00000000 1.00000000
    outer loop
      vertex -12.69510483 -11.32400827 0.00000000
      vertex -7.77533143 2.81396374 0.00000000
      vertex -7.77048413 2.89262169 0.00000000
    endloop
  endfacet
  facet normal 0.00000000 0.00000000 1.00000000
    outer loop
      vertex -12.69510483 -11.32400827 0.00000000
      vertex -7.77048413 2.89262169 0.00000000
      vertex -7.76269762 2.96942825 0.00000000
    endloop
  endfacet
  facet normal 0.00000000 0.00000000 1.00000000
    outer loop
      vertex -12.69510483 -11.32400827 0.00000000
      vertex -7.76269762 2.96942825 0.00000000
      vertex -7.75192272 3.04437617 0.00000000
    endloop
  endfacet
  facet normal 0.00000000 0.00000000 1.00000000
    outer loop
      vertex -12.69510483 -11.32400827 0.00000000
      vertex -7.75192272 3.04437617 0.00000000
      vertex -7.73810788 3.11744859 0.00000000
    endloop
  endfacet
  facet normal 0.00000000 0.00000000 1.00000000
    outer loop
      vertex -12.69510483 -11.32400827 0.00000000
      vertex -7.73810788 3.11744859 0.00000000
      vertex -7.72120088 3.18861729 0.00000000
    endloop
  endfacet
  facet normal 0.00000000 0.00000000 1.00000000
    outer loop
      vertex -12.69510483 -11.32400827 0.00000000
      vertex -7.72120088 3.18861729 0.00000000
      vertex -7.70115115 3.25784112 0.00000000
    endloop
  endfacet
  facet normal 0.00000000 0.00000000 1.00000000
    outer loop
      vertex -6.42076172 4.16098206 0.00000000
      vertex 17.79767322 6.67107086 0.00000000
      vertex 17.93497640 6.68750821 0.00000000
    endloop
  endfacet
  facet normal 0.00000000 0.00000000 1.00000000
    outer loop
      vertex -6.42076172 4.16098206 0.00000000
      vertex 17.93497640 6.68750821 0.00000000
      vertex 18.06551519 6.70756396 0.00000000
    endloop
  endfacet
  facet normal 0.00000000 0.00000000 1.00000000
    outer loop
      vertex -6.42076172 4.16098206 0.00000000
      vertex 18.06551519 6.70756396 0.00000000
      vertex 18.19065538 6.73136052 0.00000000
    endloop
  endfacet
  facet normal 0.00000000 0.00000000 1.00000000
    outer loop
      vertex -6.42076172 4.16098206 0.00000000
      vertex 18.19065538 6.73136052 0.00000000
      vertex 18.31039361 6.75885111 0.00000000
    endloop
  endfacet
  facet normal 0.00000000 0.00000000 1.00000000
    outer loop
      vertex -6.42076172 4.16098206 0.00000000
      vertex 18.31039361 6.75885111 0.00000000
      vertex 18.42473354 6.78998471 0.00000000
    endloop
  endfacet
  facet normal 0.00000000 0.00000000 1.00000000
    outer loop
      vertex -6.42076172 4.16098206 0.00000000
      vertex 18.42473354 6.78998471 0.00000000
      vertex 18.53368786 6.82470694 0.00000000
    endloop
  endfacet
  facet normal 0.00000000 0.00000000 1.00000000
    outer loop
      vertex -6.42076172 4.16098206 0.00000000
      vertex 18.53368786 6.82470694 0.00000000
      vertex 18.63728044 6.86296154 0.00000000
    endloop
  endfacet
  facet normal 0.00000000 0.00000000 1.00000000
    outer loop
      vertex -6.42076172 4.16098206 0.00000000
      vertex 18.63728044 6.86296154 0.00000000
      vertex 18.73554835 6.90469256 0.00000000
    endloop
  endfacet
  facet normal 0.00000000 0.00000000 1.00000000
    outer loop
      vertex -6.42076172 4.16098206 0.00000000
      vertex 18.73554835 6.90469256 0.00000000
      vertex 18.82854360 6.94984741 0.00000000
    endloop
  endfacet
  facet normal 0.00000000 0.00000000 1.00000000
    outer loop
      vertex -6.42076172 4.16098206 0.00000000
      vertex 18.82854360 6.94984741 0.00000000
      vertex 18.91633422 6.99838061 0.00000000
    endloop
  endfacet
  facet normal 0.00000000 0.00000000 1.00000000
    outer loop
      vertex -6.42076172 4.16098206 0.00000000
      vertex 18.91633422 6.99838061 0.00000000
      vertex 18.99900416 7.05025817 0.00000000
    endloop
  endfacet
  facet normal 0.00000000 0.00000000 1.00000000
    outer loop
      vertex -6.42076172 4.16098206 0.00000000
      vertex 18.99900416 7.05025817 0.00000000
      vertex 19.07665192 7.10546222 0.00000000
    endloop
  endfacet
  facet normal 0.00000000 0.00000000 1.00000000
    outer loop
      vertex -6.42076172 4.16098206 0.00000000
      vertex 19.07665192 7.10546222 0.00000000
      vertex 19.14938723 7.16399533 0.00000000
    endloop
  endfacet
  facet normal 0.00000000 0.00000000 1.00000000
    outer loop
      vertex -6.42076172 4.16098206 0.00000000
      vertex 19.14938723 7.16399533 0.00000000
      vertex 19.21732622 7.22588379 0.00000000
    endloop
  endfacet
  facet normal 0.00000000 0.00000000 1.00000000
    outer loop
      vertex -6.42076172 4.16098206 0.00000000
      vertex 19.21732622 7.22588379 0.00000000
      vertex 19.28058497 7.29117920 0.00000000
    endloop
  endfacet
  facet normal 0.00000000 0.00000000 1.00000000
    outer loop
      vertex -6.50310930 4.15112609 0.00000000
      vertex -6.42076172 4.16098206 0.00000000
      vertex 19.28058497 7.29117920 0.00000000
    endloop
  endfacet
  facet normal 0.00000000 0.00000000 1.00000000
    outer loop
      vertex -6.50310930 4.15112609 0.00000000
      vertex 19.28058497 7.29117920 0.00000000
      vertex 19.33927239 7.35995780 0.00000000
    endloop
  endfacet
  facet normal 0.00000000 0.00000000 1.00000000
    outer loop
      vertex -6.50310930 4.15112609 0.00000000
      vertex 19.33927239 7.35995780 0.00000000
      vertex 19.39348316 7.43231733 0.00000000
    endloop
  endfacet
  facet normal 0.00000000 0.00000000 1.00000000
    outer loop
      vertex -6.50310930 4.15112609 0.00000000
      vertex 19.39348316 7.43231733 0.00000000
      vertex 19.44329184 7.50837163 0.00000000
    endloop
  endfacet
  facet normal 0.00000000 0.00000000 1.00000000
    outer loop
      vertex -6.50310930 4.15112609 0.00000000
      vertex 19.44329184 7.50837163 0.00000000
      vertex 19.48874888 7.58824368 0.00000000
    endloop
  endfacet
  facet normal 0.00000000 0.00000000 1.00000000
    outer loop
      vertex -6.50310930 4.15112609 0.00000000
      vertex 19.48874888 7.58824368 0.00000000
      vertex 19.52987914 7.67205808 0.00000000
    endloop
  endfacet
  facet normal 0.00000000 0.00000000 1.00000000
    outer loop
      vertex -6.50310930 4.15112609 0.00000000
      vertex 19.52987914 7.67205808 0.00000000
      vertex 19.56668277 7.75993386 0.00000000
    endloop
  endfacet
  facet normal 0.00000000 0.00000000 1.00000000
    outer loop
      vertex -6.50310930 4.15112609 0.00000000
      vertex 19.56668277 7.75993386 0.00000000
      vertex 19.59913816 7.85197868 0.00000000
    endloop
  endfacet
  facet normal 0.00000000 0.00000000 1.00000000
    outer loop
      vertex -6.50310930 4.15112609 0.00000000
      vertex 19.59913816 7.85197868 0.00000000
      vertex 19.62720626 7.94828468 0.00000000
    endloop
  endfacet
  facet normal 0.00000000 0.00000000 1.00000000
    outer loop
      vertex -6.50310930 4.15112609 0.00000000
      vertex 19.62720626 7.94828468 0.00000000
      vertex 19.65083547 8.04892631 0.00000000
    endloop
  endfacet
  facet normal 0.00000000 0.00000000 1.00000000
    outer loop
      vertex -6.50310930 4.15112609 0.00000000
      vertex 19.65083547 8.04892631 0.00000000
      vertex 19.66996648 8.15395995 0.00000000
    endloop
  endfacet
  facet normal 0.00000000 0.00000000 1.00000000
    outer loop
      vertex -6.50310930 4.15112609 0.00000000
      vertex 19.66996648 8.15395995 0.00000000
      vertex 19.68453655 8.26342478 0.00000000
    endloop
  endfacet
  facet normal 0.00000000 0.00000000 1.00000000
    outer loop
      vertex -6.58452945 4.13863192 0.00000000
      vertex -6.50310930 4.15112609 0.00000000
      vertex 19.68453655 8.26342478 0.00000000
    endloop
  endfacet
  facet normal 0.00000000 0.00000000 1.00000000
    outer loop
      vertex -6.58452945 4.13863192 0.00000000
      vertex 19.68453655 8.26342478 0.00000000
      vertex 19.69448297 8.37734470 0.00000000
    endloop
  endfacet
  facet normal 0.00000000 0.00000000 1.00000000
    outer loop
      vertex -6.58452945 4.13863192 0.00000000
      vertex 19.69448297 8.37734470 0.00000000
      vertex 19.69974560 8.49573061 0.00000000
    endloop
  endfacet
  facet normal 0.00000000 0.00000000 1.00000000
    outer loop
      vertex -6.58452945 4.13863192 0.00000000
      vertex 19.69974560 8.49573061 0.00000000
      vertex 19.70026861 8.61858297 0.00000000
    endloop
  endfacet
  facet normal 0.00000000 0.00000000 1.00000000
    outer loop
      vertex -6.58452945 4.13863192 0.00000000
      vertex 19.70026861 8.61858297 0.00000000
      vertex 19.69600141 8.74589414 0.00000000
    endloop
  endfacet
  facet normal 0.00000000 0.00000000 1.00000000
    outer loop
      vertex -6.58452945 4.13863192 0.00000000
      vertex 19.69600141 8.74589414 0.00000000
      vertex 19.68689911 8.87765057 0.00000000
    endloop
  endfacet
  facet normal 0.00000000 0.00000000 1.00000000
    outer loop
      vertex -6.58452945 4.13863192 0.00000000
      vertex 19.68689911 8.87765057 0.00000000
      vertex 19.67278118 9.01521159 0.00000000
    endloop
  endfacet
  facet normal 0.00000000 0.00000000 1.00000000
    outer loop
      vertex -6.58452945 4.13863192 0.00000000
      vertex 19.67278118 9.01521159 0.00000000
      vertex 19.61235277 9.52430237 0.00000000
    endloop
  endfacet
  facet normal 0.00000000 0.00000000 1.00000000
    outer loop
      vertex -6.66365254 4.12362560 0.00000000
      vertex -6.58452945 4.13863192 0.00000000
      vertex 19.61235277 9.52430237 0.00000000
    endloop
  endfacet
  facet normal 0.00000000 0.00000000 1.00000000
    outer loop
      vertex -6.66365254 4.12362560 0.00000000
      vertex 19.61235277 9.52430237 0.00000000
      vertex 19.59388138 9.66130446 0.00000000
    endloop
  endfacet
  facet normal 0.00000000 0.00000000 1.00000000
    outer loop
      vertex -6.66365254 4.12362560 0.00000000
      vertex 19.59388138 9.66130446 0.00000000
      vertex 19.57190515 9.79140381 0.00000000
    endloop
  endfacet
  facet normal 0.00000000 0.00000000 1.00000000
    outer loop
      vertex -6.66365254 4.12362560 0.00000000
      vertex 19.57190515 9.79140381 0.00000000
      vertex 19.54628258 9.91596208 0.00000000
    endloop
  endfacet
  facet normal 0.00000000 0.00000000 1.00000000
    outer loop
      vertex -6.66365254 4.12362560 0.00000000
      vertex 19.54628258 9.91596208 0.00000000
      vertex 19.51706197 10.03497538 0.00000000
    endloop
  endfacet
  facet normal 0.00000000 0.00000000 1.00000000
    outer loop
      vertex -6.66365254 4.12362560 0.00000000
      vertex 19.51706197 10.03497538 0.00000000
      vertex 19.48429608 10.14844701 0.00000000
    endloop
  endfacet
  facet normal 0.00000000 0.00000000 1.00000000
    outer loop
      vertex -6.74047829 4.10606504 0.00000000
      vertex -6.66365254 4.12362560 0.00000000
      vertex 19.48429608 10.14844701 0.00000000
    endloop
  endfacet
  facet normal 0.00000000 0.00000000 1.00000000
    outer loop
      vertex -6.74047829 4.10606504 0.00000000
      vertex 19.48429608 10.14844701 0.00000000
      vertex 19.44804136 10.25638959 0.00000000
    endloop
  endfacet
  facet normal 0.00000000 0.00000000 1.00000000
    outer loop
      vertex -6.74047829 4.10606504 0.00000000
      vertex 19.44804136 10.25638959 0.00000000
      vertex 19.40835633 10.35882732 0.00000000
    endloop
  endfacet
  facet normal 0.00000000 0.00000000 1.00000000
    outer loop
      vertex -6.74047829 4.10606504 0.00000000
      vertex 19.40835633 10.35882732 0.00000000
      vertex 19.36529931 10.45579819 0.00000000
    endloop
  endfacet
  facet normal 0.00000000 0.00000000 1.00000000
    outer loop
      vertex -6.74047829 4.10606504 0.00000000
      vertex 19.36529931 10.45579819 0.00000000
      vertex 19.31892527 10.54735590 0.00000000
    endloop
  endfacet
  facet normal 0.00000000 0.00000000 1.00000000
    outer loop
      vertex -6.74047829 4.10606504 0.00000000
      vertex 19.31892527 10.54735590 0.00000000
      vertex 19.26928173 10.63357103 0.00000000
    endloop
  endfacet
  facet normal 0.00000000 0.00000000 1.00000000
    outer loop
      vertex -6.74047829 4.10606504 0.00000000
      vertex 19.26928173 10.63357103 0.00000000
      vertex 19.21640408 10.71453107 0.00000000
    endloop
  endfacet
  facet normal 0.00000000 0.00000000 1.00000000
    outer loop
      vertex -6.74047829 4.10606504 0.00000000
      vertex 19.21640408 10.71453107 0.00000000
      vertex 19.16031057 10.79033891 0.00000000
    endloop
  endfacet
  facet normal 0.00000000 0.00000000 1.00000000
    outer loop
      vertex -6.74047829 4.10606504 0.00000000
      vertex 19.16031057 10.79033891 0.00000000
      vertex 19.10099765 10.86110942 0.00000000
    endloop
  endfacet
  facet normal 0.00000000 0.00000000 1.00000000
    outer loop
      vertex -6.74047829 4.10606504 0.00000000
      vertex 19.10099765 10.86110942 0.00000000
      vertex 19.03843632 10.92696408 0.00000000
    endloop
  endfacet
  facet normal 0.00000000 0.00000000 1.00000000
    outer loop
      vertex -6.74047829 4.10606504 0.00000000
      vertex 19.03843632 10.92696408 0.00000000
      vertex 18.97257050 10.98802412 0.00000000
    endloop
  endfacet
  facet normal 0.00000000 0.00000000 1.00000000
    outer loop
      vertex -6.74047829 4.10606504 0.00000000
      vertex 18.97257050 10.98802412 0.00000000
      vertex 18.90331778 11.04440269 0.00000000
    endloop
  endfacet
  facet normal 0.00000000 0.00000000 1.00000000
    outer loop
      vertex -6.81499979 4.08590507 0.00000000
      vertex -6.74047829 4.10606504 0.00000000
      vertex 18.90331778 11.04440269 0.00000000
    endloop
  endfacet
  facet normal 0.00000000 0.00000000 1.00000000
    outer loop
      vertex -6.81499979 4.08590507 0.00000000
      vertex 18.90331778 11.04440269 0.00000000
      vertex 18.83057300 11.09619728 0.00000000
    endloop
  endfacet
  facet normal 0.00000000 0.00000000 1.00000000
    outer loop
      vertex -6.81499979 4.08590507 0.00000000
      vertex 18.83057300 11.09619728 0.00000000
      vertex 18.75421425 11.14348339 0.00000000
    endloop
  endfacet
  facet normal 0.00000000 0.00000000 1.00000000
    outer loop
      vertex -6.81499979 4.08590507 0.00000000
      vertex 18.75421425 11.14348339 0.00000000
      vertex 18.67411054 11.18631041 0.00000000
    endloop
  endfacet
  facet normal 0.00000000 0.00000000 1.00000000
    outer loop
      vertex -6.81499979 4.08590507 0.00000000
      vertex 18.67411054 11.18631041 0.00000000
      vertex 18.59013013 11.22470023 0.00000000
    endloop
  endfacet
  facet normal 0.00000000 0.00000000 1.00000000
    outer loop
      vertex -6.81499979 4.08590507 0.00000000
      vertex 18.59013013 11.22470023 0.00000000
      vertex 18.50214818 11.25864853 0.00000000
    endloop
  endfacet
  facet normal 0.00000000 0.00000000 1.00000000
    outer loop
      vertex -6.81499979 4.08590507 0.00000000
      vertex 18.50214818 11.25864853 0.00000000
      vertex 18.41005301 11.28812824 0.00000000
    endloop
  endfacet
  facet normal 0.00000000 0.00000000 1.00000000
    outer loop
      vertex -6.81499979 4.08590507 0.00000000
      vertex 18.41005301 11.28812824 0.00000000
      vertex 18.31375027 11.31309444 0.00000000
    endloop
  endfacet
  facet normal 0.00000000 0.00000000 1.00000000
    outer loop
      vertex -6.81499979 4.08590507 0.00000000
      vertex 18.31375027 11.31309444 0.00000000
      vertex 18.21316500 11.33348978 0.00000000
    endloop
  endfacet
  facet normal 0.00000000 0.00000000 1.00000000
    outer loop
      vertex -6.81499979 4.08590507 0.00000000
      vertex 18.21316500 11.33348978 0.00000000
      vertex 18.10824178 11.34924969 0.00000000
    endloop
  endfacet
  facet normal 0.00000000 0.00000000 1.00000000
    outer loop
      vertex -6.81499979 4.08590507 0.00000000
      vertex 18.10824178 11.34924969 0.00000000
      vertex 17.99894344 11.36030694 0.00000000
    endloop
  endfacet
  facet normal 0.00000000 0.00000000 1.00000000
    outer loop
      vertex -6.81499979 4.08590507 0.00000000
      vertex 17.99894344 11.36030694 0.00000000
      vertex 17.88524883 11.36659520 0.00000000
    endloop
  endfacet
  facet normal 0.00000000 0.00000000 1.00000000
    outer loop
      vertex -6.81499979 4.08590507 0.00000000
      vertex 17.88524883 11.36659520 0.00000000
      vertex 17.76715017 11.36805161 0.00000000
    endloop
  endfacet
  facet normal 0.00000000 0.00000000 1.00000000
    outer loop
      vertex -6.81499979 4.08590507 0.00000000
      vertex 17.76715017 11.36805161 0.00000000
      vertex 17.64465028 11.36461842 0.00000000
    endloop
  endfacet
  facet normal 0.00000000 0.00000000 1.00000000
    outer loop
      vertex -6.81499979 4.08590507 0.00000000
      vertex 17.64465028 11.36461842 0.00000000
      vertex 17.51776000 11.35624387 0.00000000
    endloop
  endfacet
  facet normal 0.00000000 0.00000000 1.00000000
    outer loop
      vertex -6.81499979 4.08590507 0.00000000
      vertex 17.51776000 11.35624387 0.00000000
      vertex 17.38649588 11.34288244 0.00000000
    endloop
  endfacet
  facet normal 0.00000000 0.00000000 1.00000000
    outer loop
      vertex -6.81499979 4.08590507 0.00000000
      vertex 17.38649588 11.34288244 0.00000000
      vertex 17.24950760 11.32430894 0.00000000
    endloop
  endfacet
  facet normal 0.00000000 -0.00000000 1.00000000
    outer loop
      vertex -6.81499979 4.08590507 0.00000000
      vertex 17.24950760 11.32430894 0.00000000
      vertex -13.41200603 6.67037960 0.00000000
    endloop
  endfacet
  facet normal 0.00000000 -0.00000000 1.00000000
    outer loop
      vertex -6.88720187 4.06309833 0.00000000
      vertex -6.81499979 4.08590507 0.00000000
      vertex -13.41200603 6.67037960 0.00000000
    endloop
  endfacet
  facet normal 0.00000000 -0.00000000 1.00000000
    outer loop
      vertex -6.95705955 4.03759669 0.00000000
      vertex -6.88720187 4.06309833 0.00000000
      vertex -13.41200603 6.67037960 0.00000000
    endloop
  endfacet
  facet normal 0.00000000 -0.00000000 1.00000000
    outer loop
      vertex -7.02453648 4.00935321 0.00000000
      vertex -6.95705955 4.03759669 0.00000000
      vertex -13.41200603 6.67037960 0.00000000
    endloop
  endfacet
  facet normal 0.00000000 -0.00000000 1.00000000
    outer loop
      vertex -7.08958385 3.97832468 0.00000000
      vertex -7.02453648 4.00935321 0.00000000
      vertex -13.41200603 6.67037960 0.00000000
    endloop
  endfacet
  facet normal 0.00000000 -0.00000000 1.00000000
    outer loop
      vertex -7.15213984 3.94447466 0.00000000
      vertex -7.08958385 3.97832468 0.00000000
      vertex -13.41200603 6.67037960 0.00000000
    endloop
  endfacet
  facet normal 0.00000000 -0.00000000 1.00000000
    outer loop
      vertex -7.21212996 3.90777691 0.00000000
      vertex -7.15213984 3.94447466 0.00000000
      vertex -13.41200603 6.67037960 0.00000000
    endloop
  endfacet
  facet normal 0.00000000 -0.00000000 1.00000000
    outer loop
      vertex -7.26946851 3.86821886 0.00000000
      vertex -7.21212996 3.90777691 0.00000000
      vertex -13.41200603 6.67037960 0.00000000
    endloop
  endfacet
  facet normal 0.00000000 -0.00000000 1.00000000
    outer loop
      vertex -7.32406130 3.82580474 0.00000000
      vertex -7.26946851 3.86821886 0.00000000
      vertex -13.41200603 6.67037960 0.00000000
    endloop
  endfacet
  facet normal 0.00000000 -0.00000000 1.00000000
    outer loop
      vertex -7.37580959 3.78055791 0.00000000
      vertex -7.32406130 3.82580474 0.00000000
      vertex -13.41200603 6.67037960 0.00000000
    endloop
  endfacet
  facet normal 0.00000000 -0.00000000 1.00000000
    outer loop
      vertex -7.42461496 3.73252190 0.00000000
      vertex -7.37580959 3.78055791 0.00000000
      vertex -13.41200603 6.67037960 0.00000000
    endloop
  endfacet
  facet normal 0.00000000 -0.00000000 1.00000000
    outer loop
      vertex -7.47038481 3.68175976 0.00000000
      vertex -7.42461496 3.73252190 0.00000000
      vertex -13.41200603 6.67037960 0.00000000
    endloop
  endfacet
  facet normal 0.00000000 -0.00000000 1.00000000
    outer loop
      vertex -7.51303759 3.62835177 0.00000000
      vertex -7.47038481 3.68175976 0.00000000
      vertex -13.41200603 6.67037960 0.00000000
    endloop
  endfacet
  facet normal 0.00000000 -0.00000000 1.00000000
    outer loop
      vertex -7.55250734 3.57239141 0.00000000
      vertex -7.51303759 3.62835177 0.00000000
      vertex -13.41200603 6.67037960 0.00000000
    endloop
  endfacet
  facet normal 0.00000000 -0.00000000 1.00000000
    outer loop
      vertex -7.58874689 3.51398032 0.00000000
      vertex -7.55250734 3.57239141 0.00000000
      vertex -13.41200603 6.67037960 0.00000000
    endloop
  endfacet
  facet normal 0.00000000 -0.00000000 1.00000000
    outer loop
      vertex -7.62172929 3.45322267 0.00000000
      vertex -7.58874689 3.51398032 0.00000000
      vertex -13.41200603 6.67037960 0.00000000
    endloop
  endfacet
  facet normal 0.00000000 -0.00000000 1.00000000
    outer loop
      vertex -7.65144751 3.39021968 0.00000000
      vertex -7.62172929 3.45322267 0.00000000
      vertex -13.41200603 6.67037960 0.00000000
    endloop
  endfacet
  facet normal 0.00000000 -0.00000000 1.00000000
    outer loop
      vertex -7.67791269 3.32506499 0.00000000
      vertex -7.65144751 3.39021968 0.00000000
      vertex -13.41200603 6.67037960 0.00000000
    endloop
  endfacet
  facet normal 0.00000000 -0.00000000 1.00000000
    outer loop
      vertex -7.70115115 3.25784112 0.00000000
      vertex -7.67791269 3.32506499 0.00000000
      vertex -13.41200603 6.67037960 0.00000000
    endloop
  endfacet
  facet normal 0.00000000 -0.00000000 1.00000000
    outer loop
      vertex -12.69510483 -11.32400827 0.00000000
      vertex -7.70115115 3.25784112 0.00000000
      vertex -13.41200603 6.67037960 0.00000000
    endloop
  endfacet
  facet normal 0.00000000 0.00000000 1.00000000
    outer loop
      vertex -12.69510483 -11.32400827 0.00000000
      vertex -13.41200603 6.67037960 0.00000000
      vertex -13.88518058 6.59086264 0.00000000
    endloop
  endfacet
  facet normal 0.00000000 0.00000000 1.00000000
    outer loop
      vertex -12.69510483 -11.32400827 0.00000000
      vertex -13.88518058 6.59086264 0.00000000
      vertex -14.33825054 6.49909967 0.00000000
    endloop
  endfacet
  facet normal 0.00000000 0.00000000 1.00000000
    outer loop
      vertex -12.69510483 -11.32400827 0.00000000
      vertex -14.33825054 6.49909967 0.00000000
      vertex -14.77256846 6.39490702 0.00000000
    endloop
  endfacet
  facet normal 0.00000000 0.00000000 1.00000000
    outer loop
      vertex -12.69510483 -11.32400827 0.00000000
      vertex -14.77256846 6.39490702 0.00000000
      vertex -15.18813026 6.27833518 0.00000000
    endloop
  endfacet
  facet normal 0.00000000 0.00000000 1.00000000
    outer loop
      vertex -12.69510483 -11.32400827 0.00000000
      vertex -15.18813026 6.27833518 0.00000000
      vertex -15.58493931 6.14943947 0.00000000
    endloop
  endfacet
  facet normal 0.00000000 0.00000000 1.00000000
    outer loop
      vertex -12.69510483 -11.32400827 0.00000000
      vertex -15.58493931 6.14943947 0.00000000
      vertex -15.96300875 6.00827915 0.00000000
    endloop
  endfacet
  facet normal 0.00000000 0.00000000 1.00000000
    outer loop
      vertex -12.69510483 -11.32400827 0.00000000
      vertex -15.96300875 6.00827915 0.00000000
      vertex -16.32236391 5.85491582 0.00000000
    endloop
  endfacet
  facet normal 0.00000000 0.00000000 1.00000000
    outer loop
      vertex -12.69510483 -11.32400827 0.00000000
      vertex -16.32236391 5.85491582 0.00000000
      vertex -16.66304481 5.68941092 0.00000000
    endloop
  endfacet
  facet normal 0.00000000 0.00000000 1.00000000
    outer loop
      vertex -12.69510483 -11.32400827 0.00000000
      vertex -16.66304481 5.68941092 0.00000000
      vertex -16.98510821 5.51182226 0.00000000
    endloop
  endfacet
  facet normal 0.00000000 0.00000000 1.00000000
    outer loop
      vertex -12.69510483 -11.32400827 0.00000000
      vertex -16.98510821 5.51182226 0.00000000
      vertex -17.28862900 5.32219962 0.00000000
    endloop
  endfacet
  facet normal 0.00000000 0.00000000 1.00000000
    outer loop
      vertex -12.69510483 -11.32400827 0.00000000
      vertex -17.28862900 5.32219962 0.00000000
      vertex -17.57370028 5.12057945 0.00000000
    endloop
  endfacet
  facet normal 0.00000000 0.00000000 1.00000000
    outer loop
      vertex -12.69510483 -11.32400827 0.00000000
      vertex -17.57370028 5.12057945 0.00000000
      vertex -17.84043170 4.90697939 0.00000000
    endloop
  endfacet
  facet normal 0.00000000 0.00000000 1.00000000
    outer loop
      vertex -12.69510483 -11.32400827 0.00000000
      vertex -17.84043170 4.90697939 0.00000000
      vertex -18.08894563 4.68139294 0.00000000
    endloop
  endfacet
  facet normal 0.00000000 0.00000000 1.00000000
    outer loop
      vertex -12.69510483 -11.32400827 0.00000000
      vertex -18.08894563 4.68139294 0.00000000
      vertex -18.31937119 4.44378557 0.00000000
    endloop
  endfacet
  facet normal 0.00000000 0.00000000 1.00000000
    outer loop
      vertex -12.69510483 -11.32400827 0.00000000
      vertex -18.31937119 4.44378557 0.00000000
      vertex -18.53183645 4.19409286 0.00000000
    endloop
  endfacet
  facet normal 0.00000000 0.00000000 1.00000000
    outer loop
      vertex -12.69510483 -11.32400827 0.00000000
      vertex -18.53183645 4.19409286 0.00000000
      vertex -18.72645972 3.93222165 0.00000000
    endloop
  endfacet
  facet normal 0.00000000 0.00000000 1.00000000
    outer loop
      vertex -12.69510483 -11.32400827 0.00000000
      vertex -18.72645972 3.93222165 0.00000000
      vertex -18.90334110 3.65805431 0.00000000
    endloop
  endfacet
  facet normal 0.00000000 0.00000000 1.00000000
    outer loop
      vertex -12.69510483 -11.32400827 0.00000000
      vertex -18.90334110 3.65805431 0.00000000
      vertex -19.06255558 3.37145583 0.00000000
    endloop
  endfacet
  facet normal 0.00000000 0.00000000 1.00000000
    outer loop
      vertex -12.69510483 -11.32400827 0.00000000
      vertex -19.06255558 3.37145583 0.00000000
      vertex -19.20414886 3.07228273 0.00000000
    endloop
  endfacet
  facet normal 0.00000000 0.00000000 1.00000000
    outer loop
      vertex -12.69510483 -11.32400827 0.00000000
      vertex -19.20414886 3.07228273 0.00000000
      vertex -19.32813629 2.76039247 0.00000000
    endloop
  endfacet
  facet normal 0.00000000 0.00000000 1.00000000
    outer loop
      vertex -12.69510483 -11.32400827 0.00000000
      vertex -19.32813629 2.76039247 0.00000000
      vertex -19.43450490 2.43565203 0.00000000
    endloop
  endfacet
  facet normal 0.00000000 0.00000000 1.00000000
    outer loop
      vertex -12.69510483 -11.32400827 0.00000000
      vertex -19.43450490 2.43565203 0.00000000
      vertex -19.52321780 2.09794454 0.00000000
    endloop
  endfacet
  facet normal 0.00000000 0.00000000 1.00000000
    outer loop
      vertex -12.69510483 -11.32400827 0.00000000
      vertex -19.52321780 2.09794454 0.00000000
      vertex -19.59421999 1.74717352 0.00000000
    endloop
  endfacet
  facet normal 0.00000000 0.00000000 1.00000000
    outer loop
      vertex -12.69510483 -11.32400827 0.00000000
      vertex -19.59421999 1.74717352 0.00000000
      vertex -19.64744465 1.38326461 0.00000000
    endloop
  endfacet
  facet normal 0.00000000 0.00000000 1.00000000
    outer loop
      vertex -12.69510483 -11.32400827 0.00000000
      vertex -19.64744465 1.38326461 0.00000000
      vertex -19.68281888 1.00616514 0.00000000
    endloop
  endfacet
  facet normal 0.00000000 0.00000000 1.00000000
    outer loop
      vertex -12.69510483 -11.32400827 0.00000000
      vertex -19.68281888 1.00616514 0.00000000
      vertex -19.70026861 0.61584225 0.00000000
    endloop
  endfacet
  facet normal 0.00000000 0.00000000 1.00000000
    outer loop
      vertex -12.69510483 -11.32400827 0.00000000
      vertex -19.70026861 0.61584225 0.00000000
      vertex -19.69972228 0.21228007 0.00000000
    endloop
  endfacet
  facet normal 0.00000000 0.00000000 1.00000000
    outer loop
      vertex -12.69510483 -11.32400827 0.00000000
      vertex -19.69972228 0.21228007 0.00000000
      vertex -19.68111332 -0.20452352 0.00000000
    endloop
  endfacet
  facet normal 0.00000000 0.00000000 1.00000000
    outer loop
      vertex -12.69510483 -11.32400827 0.00000000
      vertex -19.68111332 -0.20452352 0.00000000
      vertex -19.64438162 -0.63456001 0.00000000
    endloop
  endfacet
  facet normal 0.00000000 0.00000000 1.00000000
    outer loop
      vertex -12.69510483 -11.32400827 0.00000000
      vertex -19.64438162 -0.63456001 0.00000000
      vertex -19.58947419 -1.07781314 0.00000000
    endloop
  endfacet
  facet normal 0.00000000 0.00000000 1.00000000
    outer loop
      vertex -12.69510483 -11.32400827 0.00000000
      vertex -19.58947419 -1.07781314 0.00000000
      vertex -19.51634520 -1.53426137 0.00000000
    endloop
  endfacet
  facet normal 0.00000000 0.00000000 1.00000000
    outer loop
      vertex -12.69510483 -11.32400827 0.00000000
      vertex -19.51634520 -1.53426137 0.00000000
      vertex -19.42469180 -2.00523564 0.00000000
    endloop
  endfacet
  facet normal 0.00000000 0.00000000 1.00000000
    outer loop
      vertex -12.69510483 -11.32400827 0.00000000
      vertex -19.42469180 -2.00523564 0.00000000
      vertex -18.32665038 -7.20634490 0.00000000
    endloop
  endfacet
  facet normal 0.00000000 0.00000000 1.00000000
    outer loop
      vertex -12.69510483 -11.32400827 0.00000000
      vertex -18.32665038 -7.20634490 0.00000000
      vertex -18.26131381 -7.49337792 0.00000000
    endloop
  endfacet
  facet normal 0.00000000 0.00000000 1.00000000
    outer loop
      vertex -12.69510483 -11.32400827 0.00000000
      vertex -18.26131381 -7.49337792 0.00000000
      vertex -18.18908578 -7.76858748 0.00000000
    endloop
  endfacet
  facet normal 0.00000000 0.00000000 1.00000000
    outer loop
      vertex -12.69510483 -11.32400827 0.00000000
      vertex -18.18908578 -7.76858748 0.00000000
      vertex -18.10969458 -8.03332039 0.00000000
    endloop
  endfacet
  facet normal 0.00000000 0.00000000 1.00000000
    outer loop
      vertex -12.69510483 -11.32400827 0.00000000
      vertex -18.10969458 -8.03332039 0.00000000
      vertex -18.02317661 -8.28758405 0.00000000
    endloop
  endfacet
  facet normal 0.00000000 0.00000000 1.00000000
    outer loop
      vertex -12.69510483 -11.32400827 0.00000000
      vertex -18.02317661 -8.28758405 0.00000000
      vertex -17.92956970 -8.53139210 0.00000000
    endloop
  endfacet
  facet normal 0.00000000 0.00000000 1.00000000
    outer loop
      vertex -12.69510483 -11.32400827 0.00000000
      vertex -17.92956970 -8.53139210 0.00000000
      vertex -17.82891202 -8.76476553 0.00000000
    endloop
  endfacet
  facet normal 0.00000000 0.00000000 1.00000000
    outer loop
      vertex -12.69510483 -11.32400827 0.00000000
      vertex -17.82891202 -8.76476553 0.00000000
      vertex -17.72124077 -8.98773368 0.00000000
    endloop
  endfacet
  facet normal 0.00000000 0.00000000 1.00000000
    outer loop
      vertex -12.69510483 -11.32400827 0.00000000
      vertex -17.72124077 -8.98773368 0.00000000
      vertex -17.60659040 -9.20033509 0.00000000
    endloop
  endfacet
  facet normal 0.00000000 0.00000000 1.00000000
    outer loop
      vertex -12.69510483 -11.32400827 0.00000000
      vertex -17.60659040 -9.20033509 0.00000000
      vertex -17.48499047 -9.40261790 0.00000000
    endloop
  endfacet
  facet normal 0.00000000 0.00000000 1.00000000
    outer loop
      vertex -12.69510483 -11.32400827 0.00000000
      vertex -17.48499047 -9.40261790 0.00000000
      vertex -17.35646332 -9.59463976 0.00000000
    endloop
  endfacet
  facet normal 0.00000000 0.00000000 1.00000000
    outer loop
      vertex -12.69510483 -11.32400827 0.00000000
      vertex -17.35646332 -9.59463976 0.00000000
      vertex -17.22102157 -9.77646708 0.00000000
    endloop
  endfacet
  facet normal 0.00000000 0.00000000 1.00000000
    outer loop
      vertex -12.69510483 -11.32400827 0.00000000
      vertex -17.22102157 -9.77646708 0.00000000
      vertex -17.07866578 -9.94817340 0.00000000
    endloop
  endfacet
  facet normal 0.00000000 0.00000000 1.00000000
    outer loop
      vertex -12.69510483 -11.32400827 0.00000000
      vertex -17.07866578 -9.94817340 0.00000000
      vertex -16.92938248 -10.10983697 0.00000000
    endloop
  endfacet
  facet normal 0.00000000 0.00000000 1.00000000
    outer loop
      vertex -12.69510483 -11.32400827 0.00000000
      vertex -16.92938248 -10.10983697 0.00000000
      vertex -16.77314297 -10.26153759 0.00000000
    endloop
  endfacet
  facet normal 0.00000000 0.00000000 1.00000000
    outer loop
      vertex -12.69510483 -11.32400827 0.00000000
      vertex -16.77314297 -10.26153759 0.00000000
      vertex -16.60990308 -10.40335293 0.00000000
    endloop
  endfacet
  facet normal 0.00000000 0.00000000 1.00000000
    outer loop
      vertex -12.69510483 -11.32400827 0.00000000
      vertex -16.60990308 -10.40335293 0.00000000
      vertex -16.43960406 -10.53535456 0.00000000
    endloop
  endfacet
  facet normal 0.00000000 0.00000000 1.00000000
    outer loop
      vertex -12.69510483 -11.32400827 0.00000000
      vertex -16.43960406 -10.53535456 0.00000000
      vertex -16.26217470 -10.65760435 0.00000000
    endloop
  endfacet
  facet normal 0.00000000 0.00000000 1.00000000
    outer loop
      vertex -12.69510483 -11.32400827 0.00000000
      vertex -16.26217470 -10.65760435 0.00000000
      vertex -16.07753446 -10.77015138 0.00000000
    endloop
  endfacet
  facet normal 0.00000000 0.00000000 1.00000000
    outer loop
      vertex -12.69510483 -11.32400827 0.00000000
      vertex -16.07753446 -10.77015138 0.00000000
      vertex -15.88559731 -10.87302993 0.00000000
    endloop
  endfacet
  facet normal 0.00000000 0.00000000 1.00000000
    outer loop
      vertex -12.69510483 -11.32400827 0.00000000
      vertex -15.88559731 -10.87302993 0.00000000
      vertex -15.68627587 -10.96625855 0.00000000
    endloop
  endfacet
  facet normal 0.00000000 0.00000000 1.00000000
    outer loop
      vertex -12.69510483 -11.32400827 0.00000000
      vertex -15.68627587 -10.96625855 0.00000000
      vertex -15.47948538 -11.04984039 0.00000000
    endloop
  endfacet
  facet normal 0.00000000 0.00000000 1.00000000
    outer loop
      vertex -12.69510483 -11.32400827 0.00000000
      vertex -15.47948538 -11.04984039 0.00000000
      vertex -15.26514719 -11.12376454 0.00000000
    endloop
  endfacet
  facet normal 0.00000000 0.00000000 1.00000000
    outer loop
      vertex -12.69510483 -11.32400827 0.00000000
      vertex -15.26514719 -11.12376454 0.00000000
      vertex -15.04319138 -11.18800818 0.00000000
    endloop
  endfacet
  facet normal 0.00000000 0.00000000 1.00000000
    outer loop
      vertex -12.69510483 -11.32400827 0.00000000
      vertex -15.04319138 -11.18800818 0.00000000
      vertex -14.81355852 -11.24253913 0.00000000
    endloop
  endfacet
  facet normal 0.00000000 0.00000000 1.00000000
    outer loop
      vertex -12.69510483 -11.32400827 0.00000000
      vertex -14.81355852 -11.24253913 0.00000000
      vertex -14.57620043 -11.28731864 0.00000000
    endloop
  endfacet
  facet normal 0.00000000 0.00000000 1.00000000
    outer loop
      vertex -12.69510483 -11.32400827 0.00000000
      vertex -14.57620043 -11.28731864 0.00000000
      vertex -14.33108020 -11.32230392 0.00000000
    endloop
  endfacet
  facet normal 0.00000000 0.00000000 1.00000000
    outer loop
      vertex -12.69510483 -11.32400827 0.00000000
      vertex -14.33108020 -11.32230392 0.00000000
      vertex -14.07817157 -11.34745047 0.00000000
    endloop
  endfacet
  facet normal 0.00000000 0.00000000 1.00000000
    outer loop
      vertex -12.69510483 -11.32400827 0.00000000
      vertex -14.07817157 -11.34745047 0.00000000
      vertex -13.81745785 -11.36271395 0.00000000
    endloop
  endfacet
  facet normal 0.00000000 0.00000000 1.00000000
    outer loop
      vertex -12.69510483 -11.32400827 0.00000000
      vertex -13.81745785 -11.36271395 0.00000000
      vertex -13.54893061 -11.36805161 0.00000000
    endloop
  endfacet
  facet normal 0.00000000 0.00000000 1.00000000
    outer loop
      vertex -12.69510483 -11.32400827 0.00000000
      vertex -13.54893061 -11.36805161 0.00000000
      vertex -13.27258833 -11.36342327 0.00000000
    endloop
  endfacet
  facet normal 0.00000000 0.00000000 1.00000000
    outer loop
      vertex -13.27258833 -11.36342327 0.00000000
      vertex -12.98843500 -11.34879198 0.00000000
      vertex -12.69510483 -11.32400827 0.00000000
    endloop
  endfacet
  facet normal 0.11563244 -0.99329207 0.00000000
    outer loop
      vertex -8.06886994 -10.85838211 0.00000000
      vertex -8.06886994 -10.85838211 0.20000000
      vertex -8.14707189 -10.86748585 0.20000000
    endloop
  endfacet
  facet normal 0.11563244 -0.99329207 0.00000000
    outer loop
      vertex -8.14707189 -10.86748585 0.00000000
      vertex -8.06886994 -10.85838211 0.00000000
      vertex -8.14707189 -10.86748585 0.20000000
    endloop
  endfacet
  facet normal 0.14849627 -0.98891297 0.00000000
    outer loop
      vertex -7.99515211 -10.84731255 0.00000000
      vertex -7.99515211 -10.84731255 0.20000000
      vertex -8.06886994 -10.85838211 0.20000000
    endloop
  endfacet
  facet normal 0.14849627 -0.98891297 0.00000000
    outer loop
      vertex -8.06886994 -10.85838211 0.00000000
      vertex -7.99515211 -10.84731255 0.00000000
      vertex -8.06886994 -10.85838211 0.20000000
    endloop
  endfacet
  facet normal 0.18319337 -0.98307690 0.00000000
    outer loop
      vertex -7.92454844 -10.83415578 0.00000000
      vertex -7.92454844 -10.83415578 0.20000000
      vertex -7.99515211 -10.84731255 0.20000000
    endloop
  endfacet
  facet normal 0.18319337 -0.98307690 0.00000000
    outer loop
      vertex -7.99515211 -10.84731255 0.00000000
      vertex -7.92454844 -10.83415578 0.00000000
      vertex -7.99515211 -10.84731255 0.20000000
    endloop
  endfacet
  facet normal 0.21973961 -0.97555856 0.00000000
    outer loop
      vertex -7.85705895 -10.81895411 0.00000000
      vertex -7.85705895 -10.81895411 0.20000000
      vertex -7.92454844 -10.83415578 0.20000000
    endloop
  endfacet
  facet normal 0.21973961 -0.97555856 0.00000000
    outer loop
      vertex -7.92454844 -10.83415578 0.00000000
      vertex -7.85705895 -10.81895411 0.00000000
      vertex -7.92454844 -10.83415578 0.20000000
    endloop
  endfacet
  facet normal 0.25811829 -0.96611332 0.00000000
    outer loop
      vertex -7.79267705 -10.80175308 0.00000000
      vertex -7.79267705 -10.80175308 0.20000000
      vertex -7.85705895 -10.81895411 0.20000000
    endloop
  endfacet
  facet normal 0.25811829 -0.96611332 0.00000000
    outer loop
      vertex -7.85705895 -10.81895411 0.00000000
      vertex -7.79267705 -10.80175308 0.00000000
      vertex -7.85705895 -10.81895411 0.20000000
    endloop
  endfacet
  facet normal 0.29827140 -0.95448110 0.00000000
    outer loop
      vertex -7.73138786 -10.78260046 0.00000000
      vertex -7.73138786 -10.78260046 0.20000000
      vertex -7.79267705 -10.80175308 0.20000000
    endloop
  endfacet
  facet normal 0.29827140 -0.95448110 0.00000000
    outer loop
      vertex -7.79267705 -10.80175308 0.00000000
      vertex -7.73138786 -10.78260046 0.00000000
      vertex -7.79267705 -10.80175308 0.20000000
    endloop
  endfacet
  facet normal 0.34009044 -0.94039273 0.00000000
    outer loop
      vertex -7.67316656 -10.76154489 0.00000000
      vertex -7.67316656 -10.76154489 0.20000000
      vertex -7.73138786 -10.78260046 0.20000000
    endloop
  endfacet
  facet normal 0.34009044 -0.94039273 0.00000000
    outer loop
      vertex -7.73138786 -10.78260046 0.00000000
      vertex -7.67316656 -10.76154489 0.00000000
      vertex -7.73138786 -10.78260046 0.20000000
    endloop
  endfacet
  facet normal 0.38340747 -0.92357929 0.00000000
    outer loop
      vertex -7.61797692 -10.73863389 0.00000000
      vertex -7.61797692 -10.73863389 0.20000000
      vertex -7.67316656 -10.76154489 0.20000000
    endloop
  endfacet
  facet normal 0.38340747 -0.92357929 0.00000000
    outer loop
      vertex -7.67316656 -10.76154489 0.00000000
      vertex -7.61797692 -10.73863389 0.00000000
      vertex -7.67316656 -10.76154489 0.20000000
    endloop
  endfacet
  facet normal 0.42798740 -0.90378470 0.00000000
    outer loop
      vertex -7.56577006 -10.71391133 0.00000000
      vertex -7.56577006 -10.71391133 0.20000000
      vertex -7.61797692 -10.73863389 0.20000000
    endloop
  endfacet
  facet normal 0.42798740 -0.90378470 0.00000000
    outer loop
      vertex -7.61797692 -10.73863389 0.00000000
      vertex -7.56577006 -10.71391133 0.00000000
      vertex -7.61797692 -10.73863389 0.20000000
    endloop
  endfacet
  facet normal 0.47352289 -0.88078151 0.00000000
    outer loop
      vertex -7.51648395 -10.68741429 0.00000000
      vertex -7.51648395 -10.68741429 0.20000000
      vertex -7.56577006 -10.71391133 0.20000000
    endloop
  endfacet
  facet normal 0.47352289 -0.88078151 0.00000000
    outer loop
      vertex -7.56577006 -10.71391133 0.00000000
      vertex -7.51648395 -10.68741429 0.00000000
      vertex -7.56577006 -10.71391133 0.20000000
    endloop
  endfacet
  facet normal 0.51963342 -0.85438932 0.00000000
    outer loop
      vertex -7.47004367 -10.65916964 0.00000000
      vertex -7.47004367 -10.65916964 0.20000000
      vertex -7.51648395 -10.68741429 0.20000000
    endloop
  endfacet
  facet normal 0.51963342 -0.85438932 0.00000000
    outer loop
      vertex -7.51648395 -10.68741429 0.00000000
      vertex -7.47004367 -10.65916964 0.00000000
      vertex -7.51648395 -10.68741429 0.20000000
    endloop
  endfacet
  facet normal 0.56586993 -0.82449452 0.00000000
    outer loop
      vertex -7.42636289 -10.62919050 0.00000000
      vertex -7.42636289 -10.62919050 0.20000000
      vertex -7.47004367 -10.65916964 0.20000000
    endloop
  endfacet
  facet normal 0.56586993 -0.82449452 0.00000000
    outer loop
      vertex -7.47004367 -10.65916964 0.00000000
      vertex -7.42636289 -10.62919050 0.00000000
      vertex -7.47004367 -10.65916964 0.20000000
    endloop
  endfacet
  facet normal 0.61172637 -0.79106943 0.00000000
    outer loop
      vertex -7.38534661 -10.59747300 0.00000000
      vertex -7.38534661 -10.59747300 0.20000000
      vertex -7.42636289 -10.62919050 0.20000000
    endloop
  endfacet
  facet normal 0.61172637 -0.79106943 0.00000000
    outer loop
      vertex -7.42636289 -10.62919050 0.00000000
      vertex -7.38534661 -10.59747300 0.00000000
      vertex -7.42636289 -10.62919050 0.20000000
    endloop
  endfacet
  facet normal 0.65665835 -0.75418818 0.00000000
    outer loop
      vertex -7.34689509 -10.56399395 0.00000000
      vertex -7.34689509 -10.56399395 0.20000000
      vertex -7.38534661 -10.59747300 0.20000000
    endloop
  endfacet
  facet normal 0.65665835 -0.75418818 0.00000000
    outer loop
      vertex -7.38534661 -10.59747300 0.00000000
      vertex -7.34689509 -10.56399395 0.00000000
      vertex -7.38534661 -10.59747300 0.20000000
    endloop
  endfacet
  facet normal 0.70010831 -0.71403666 0.00000000
    outer loop
      vertex -7.31090890 -10.52870972 0.00000000
      vertex -7.31090890 -10.52870972 0.20000000
      vertex -7.34689509 -10.56399395 0.20000000
    endloop
  endfacet
  facet normal 0.70010831 -0.71403666 0.00000000
    outer loop
      vertex -7.34689509 -10.56399395 0.00000000
      vertex -7.31090890 -10.52870972 0.00000000
      vertex -7.34689509 -10.56399395 0.20000000
    endloop
  endfacet
  facet normal 0.74153515 -0.67091402 0.00000000
    outer loop
      vertex -7.27729436 -10.49155688 0.00000000
      vertex -7.27729436 -10.49155688 0.20000000
      vertex -7.31090890 -10.52870972 0.20000000
    endloop
  endfacet
  facet normal 0.74153515 -0.67091402 0.00000000
    outer loop
      vertex -7.31090890 -10.52870972 0.00000000
      vertex -7.27729436 -10.49155688 0.00000000
      vertex -7.31090890 -10.52870972 0.20000000
    endloop
  endfacet
  facet normal 0.78044505 -0.62522438 0.00000000
    outer loop
      vertex -7.24596899 -10.45245456 0.00000000
      vertex -7.24596899 -10.45245456 0.20000000
      vertex -7.27729436 -10.49155688 0.20000000
    endloop
  endfacet
  facet normal 0.78044505 -0.62522438 0.00000000
    outer loop
      vertex -7.27729436 -10.49155688 0.00000000
      vertex -7.24596899 -10.45245456 0.00000000
      vertex -7.27729436 -10.49155688 0.20000000
    endloop
  endfacet
  facet normal 0.81641987 -0.57745874 0.00000000
    outer loop
      vertex -7.21686609 -10.41130843 0.00000000
      vertex -7.21686609 -10.41130843 0.20000000
      vertex -7.24596899 -10.45245456 0.20000000
    endloop
  endfacet
  facet normal 0.81641987 -0.57745874 0.00000000
    outer loop
      vertex -7.24596899 -10.45245456 0.00000000
      vertex -7.21686609 -10.41130843 0.00000000
      vertex -7.24596899 -10.45245456 0.20000000
    endloop
  endfacet
  facet normal 0.84913930 -0.52816895 0.00000000
    outer loop
      vertex -7.18993793 -10.36801593 0.00000000
      vertex -7.18993793 -10.36801593 0.20000000
      vertex -7.21686609 -10.41130843 0.20000000
    endloop
  endfacet
  facet normal 0.84913930 -0.52816895 0.00000000
    outer loop
      vertex -7.21686609 -10.41130843 0.00000000
      vertex -7.18993793 -10.36801593 0.00000000
      vertex -7.21686609 -10.41130843 0.20000000
    endloop
  endfacet
  facet normal 0.87839418 -0.47793688 0.00000000
    outer loop
      vertex -7.16515731 -10.32247193 0.00000000
      vertex -7.16515731 -10.32247193 0.20000000
      vertex -7.18993793 -10.36801593 0.20000000
    endloop
  endfacet
  facet normal 0.87839418 -0.47793688 0.00000000
    outer loop
      vertex -7.18993793 -10.36801593 0.00000000
      vertex -7.16515731 -10.32247193 0.00000000
      vertex -7.18993793 -10.36801593 0.20000000
    endloop
  endfacet
  facet normal 0.90408978 -0.42734256 0.00000000
    outer loop
      vertex -7.14251719 -10.27457428 0.00000000
      vertex -7.14251719 -10.27457428 0.20000000
      vertex -7.16515731 -10.32247193 0.20000000
    endloop
  endfacet
  facet normal 0.90408978 -0.42734256 0.00000000
    outer loop
      vertex -7.16515731 -10.32247193 0.00000000
      vertex -7.14251719 -10.27457428 0.00000000
      vertex -7.16515731 -10.32247193 0.20000000
    endloop
  endfacet
  facet normal 0.92623962 -0.37693523 0.00000000
    outer loop
      vertex -7.12202889 -10.22422858 0.00000000
      vertex -7.12202889 -10.22422858 0.20000000
      vertex -7.14251719 -10.27457428 0.20000000
    endloop
  endfacet
  facet normal 0.92623962 -0.37693523 0.00000000
    outer loop
      vertex -7.14251719 -10.27457428 0.00000000
      vertex -7.12202889 -10.22422858 0.00000000
      vertex -7.14251719 -10.27457428 0.20000000
    endloop
  endfacet
  facet normal 0.94495162 -0.32721009 0.00000000
    outer loop
      vertex -7.10371912 -10.17135169 0.00000000
      vertex -7.10371912 -10.17135169 0.20000000
      vertex -7.12202889 -10.22422858 0.20000000
    endloop
  endfacet
  facet normal 0.94495162 -0.32721009 0.00000000
    outer loop
      vertex -7.12202889 -10.22422858 0.00000000
      vertex -7.10371912 -10.17135169 0.00000000
      vertex -7.12202889 -10.22422858 0.20000000
    endloop
  endfacet
  facet normal 0.96040944 -0.27859236 0.00000000
    outer loop
      vertex -7.08762631 -10.11587392 0.00000000
      vertex -7.08762631 -10.11587392 0.20000000
      vertex -7.10371912 -10.17135169 0.20000000
    endloop
  endfacet
  facet normal 0.96040944 -0.27859236 0.00000000
    outer loop
      vertex -7.10371912 -10.17135169 0.00000000
      vertex -7.08762631 -10.11587392 0.00000000
      vertex -7.10371912 -10.17135169 0.20000000
    endloop
  endfacet
  facet normal 0.97285180 -0.23142899 0.00000000
    outer loop
      vertex -7.07379698 -10.05773993 0.00000000
      vertex -7.07379698 -10.05773993 0.20000000
      vertex -7.08762631 -10.11587392 0.20000000
    endloop
  endfacet
  facet normal 0.97285180 -0.23142899 0.00000000
    outer loop
      vertex -7.08762631 -10.11587392 0.00000000
      vertex -7.07379698 -10.05773993 0.00000000
      vertex -7.08762631 -10.11587392 0.20000000
    endloop
  endfacet
  facet normal 0.98255217 -0.18598716 0.00000000
    outer loop
      vertex -7.06228220 -9.99690848 0.00000000
      vertex -7.06228220 -9.99690848 0.20000000
      vertex -7.07379698 -10.05773993 0.20000000
    endloop
  endfacet
  facet normal 0.98255217 -0.18598716 0.00000000
    outer loop
      vertex -7.07379698 -10.05773993 0.00000000
      vertex -7.06228220 -9.99690848 0.00000000
      vertex -7.07379698 -10.05773993 0.20000000
    endloop
  endfacet
  facet normal 0.98980082 -0.14245819 0.00000000
    outer loop
      vertex -7.05313467 -9.93335133 0.00000000
      vertex -7.05313467 -9.93335133 0.20000000
      vertex -7.06228220 -9.99690848 0.20000000
    endloop
  endfacet
  facet normal 0.98980082 -0.14245819 0.00000000
    outer loop
      vertex -7.06228220 -9.99690848 0.00000000
      vertex -7.05313467 -9.93335133 0.00000000
      vertex -7.06228220 -9.99690848 0.20000000
    endloop
  endfacet
  facet normal 0.99488997 -0.10096504 0.00000000
    outer loop
      vertex -7.04640635 -9.86705175 0.00000000
      vertex -7.04640635 -9.86705175 0.20000000
      vertex -7.05313467 -9.93335133 0.20000000
    endloop
  endfacet
  facet normal 0.99488997 -0.10096504 0.00000000
    outer loop
      vertex -7.05313467 -9.93335133 0.00000000
      vertex -7.04640635 -9.86705175 0.00000000
      vertex -7.05313467 -9.93335133 0.20000000
    endloop
  endfacet
  facet normal 0.99810265 -0.06157197 0.00000000
    outer loop
      vertex -7.04214678 -9.79800266 0.00000000
      vertex -7.04214678 -9.79800266 0.20000000
      vertex -7.04640635 -9.86705175 0.20000000
    endloop
  endfacet
  facet normal 0.99810265 -0.06157197 0.00000000
    outer loop
      vertex -7.04640635 -9.86705175 0.00000000
      vertex -7.04214678 -9.79800266 0.00000000
      vertex -7.04640635 -9.86705175 0.20000000
    endloop
  endfacet
  facet normal 0.99970484 -0.02429481 0.00000000
    outer loop
      vertex -7.04040195 -9.72620478 0.00000000
      vertex -7.04040195 -9.72620478 0.20000000
      vertex -7.04214678 -9.79800266 0.20000000
    endloop
  endfacet
  facet normal 0.99970484 -0.02429481 0.00000000
    outer loop
      vertex -7.04214678 -9.79800266 0.00000000
      vertex -7.04040195 -9.72620478 0.00000000
      vertex -7.04214678 -9.79800266 0.20000000
    endloop
  endfacet
  facet normal 0.99994071 0.01088889 -0.00000000
    outer loop
      vertex -7.04121365 -9.65166490 0.00000000
      vertex -7.04121365 -9.65166490 0.20000000
      vertex -7.04040195 -9.72620478 0.20000000
    endloop
  endfacet
  facet normal 0.99994071 0.01088889 -0.00000000
    outer loop
      vertex -7.04040195 -9.72620478 0.00000000
      vertex -7.04121365 -9.65166490 0.00000000
      vertex -7.04040195 -9.72620478 0.20000000
    endloop
  endfacet
  facet normal 0.99903018 0.04403068 -0.00000000
    outer loop
      vertex -7.04468019 -9.57301119 0.00000000
      vertex -7.04468019 -9.57301119 0.20000000
      vertex -7.04121365 -9.65166490 0.20000000
    endloop
  endfacet
  facet normal 0.99903018 0.04403068 -0.00000000
    outer loop
      vertex -7.04121365 -9.65166490 0.00000000
      vertex -7.04468019 -9.57301119 0.00000000
      vertex -7.04121365 -9.65166490 0.20000000
    endloop
  endfacet
  facet normal 0.99820691 0.05985792 -0.00000000
    outer loop
      vertex -7.77273515 2.56823073 0.00000000
      vertex -7.77273515 2.56823073 0.20000000
      vertex -7.04468019 -9.57301119 0.20000000
    endloop
  endfacet
  facet normal 0.99820691 0.05985792 -0.00000000
    outer loop
      vertex -7.04468019 -9.57301119 0.00000000
      vertex -7.77273515 2.56823073 0.00000000
      vertex -7.04468019 -9.57301119 0.20000000
    endloop
  endfacet
  facet normal 0.99903005 0.04403363 -0.00000000
    outer loop
      vertex -7.77638709 2.65108558 0.00000000
      vertex -7.77638709 2.65108558 0.20000000
      vertex -7.77273515 2.56823073 0.20000000
    endloop
  endfacet
  facet normal 0.99903005 0.04403363 -0.00000000
    outer loop
      vertex -7.77273515 2.56823073 0.00000000
      vertex -7.77638709 2.65108558 0.00000000
      vertex -7.77273515 2.56823073 0.20000000
    endloop
  endfacet
  facet normal 0.99994056 0.01090325 -0.00000000
    outer loop
      vertex -7.77728523 2.73345389 0.00000000
      vertex -7.77728523 2.73345389 0.20000000
      vertex -7.77638709 2.65108558 0.20000000
    endloop
  endfacet
  facet normal 0.99994056 0.01090325 -0.00000000
    outer loop
      vertex -7.77638709 2.65108558 0.00000000
      vertex -7.77728523 2.73345389 0.00000000
      vertex -7.77638709 2.65108558 0.20000000
    endloop
  endfacet
  facet normal 0.99970567 -0.02426066 0.00000000
    outer loop
      vertex -7.77533143 2.81396374 0.00000000
      vertex -7.77533143 2.81396374 0.20000000
      vertex -7.77728523 2.73345389 0.20000000
    endloop
  endfacet
  facet normal 0.99970567 -0.02426066 0.00000000
    outer loop
      vertex -7.77728523 2.73345389 0.00000000
      vertex -7.77533143 2.81396374 0.00000000
      vertex -7.77728523 2.73345389 0.20000000
    endloop
  endfacet
  facet normal 0.99810657 -0.06150839 0.00000000
    outer loop
      vertex -7.77048413 2.89262169 0.00000000
      vertex -7.77048413 2.89262169 0.20000000
      vertex -7.77533143 2.81396374 0.20000000
    endloop
  endfacet
  facet normal 0.99810657 -0.06150839 0.00000000
    outer loop
      vertex -7.77533143 2.81396374 0.00000000
      vertex -7.77048413 2.89262169 0.00000000
      vertex -7.77533143 2.81396374 0.20000000
    endloop
  endfacet
  facet normal 0.99490051 -0.10086117 0.00000000
    outer loop
      vertex -7.76269762 2.96942825 0.00000000
      vertex -7.76269762 2.96942825 0.20000000
      vertex -7.77048413 2.89262169 0.20000000
    endloop
  endfacet
  facet normal 0.99490051 -0.10086117 0.00000000
    outer loop
      vertex -7.77048413 2.89262169 0.00000000
      vertex -7.76269762 2.96942825 0.00000000
      vertex -7.77048413 2.89262169 0.20000000
    endloop
  endfacet
  facet normal 0.98982327 -0.14230209 0.00000000
    outer loop
      vertex -7.75192272 3.04437617 0.00000000
      vertex -7.75192272 3.04437617 0.20000000
      vertex -7.76269762 2.96942825 0.20000000
    endloop
  endfacet
  facet normal 0.98982327 -0.14230209 0.00000000
    outer loop
      vertex -7.76269762 2.96942825 0.00000000
      vertex -7.75192272 3.04437617 0.00000000
      vertex -7.76269762 2.96942825 0.20000000
    endloop
  endfacet
  facet normal 0.98259400 -0.18576609 0.00000000
    outer loop
      vertex -7.73810788 3.11744859 0.00000000
      vertex -7.73810788 3.11744859 0.20000000
      vertex -7.75192272 3.04437617 0.20000000
    endloop
  endfacet
  facet normal 0.98259400 -0.18576609 0.00000000
    outer loop
      vertex -7.75192272 3.04437617 0.00000000
      vertex -7.73810788 3.11744859 0.00000000
      vertex -7.75192272 3.04437617 0.20000000
    endloop
  endfacet
  facet normal 0.97292292 -0.23112981 0.00000000
    outer loop
      vertex -7.72120088 3.18861729 0.00000000
      vertex -7.72120088 3.18861729 0.20000000
      vertex -7.73810788 3.11744859 0.20000000
    endloop
  endfacet
  facet normal 0.97292292 -0.23112981 0.00000000
    outer loop
      vertex -7.73810788 3.11744859 0.00000000
      vertex -7.72120088 3.18861729 0.00000000
      vertex -7.73810788 3.11744859 0.20000000
    endloop
  endfacet
  facet normal 0.96052254 -0.27820218 0.00000000
    outer loop
      vertex -7.70115115 3.25784112 0.00000000
      vertex -7.70115115 3.25784112 0.20000000
      vertex -7.72120088 3.18861729 0.20000000
    endloop
  endfacet
  facet normal 0.96052254 -0.27820218 0.00000000
    outer loop
      vertex -7.72120088 3.18861729 0.00000000
      vertex -7.70115115 3.25784112 0.00000000
      vertex -7.72120088 3.18861729 0.20000000
    endloop
  endfacet
  facet normal 0.94512221 -0.32671701 0.00000000
    outer loop
      vertex -7.67791269 3.32506499 0.00000000
      vertex -7.67791269 3.32506499 0.20000000
      vertex -7.70115115 3.25784112 0.20000000
    endloop
  endfacet
  facet normal 0.94512221 -0.32671701 0.00000000
    outer loop
      vertex -7.70115115 3.25784112 0.00000000
      vertex -7.67791269 3.32506499 0.00000000
      vertex -7.70115115 3.25784112 0.20000000
    endloop
  endfacet
  facet normal 0.92648598 -0.37632929 0.00000000
    outer loop
      vertex -7.65144751 3.39021968 0.00000000
      vertex -7.65144751 3.39021968 0.20000000
      vertex -7.67791269 3.32506499 0.20000000
    endloop
  endfacet
  facet normal 0.92648598 -0.37632929 0.00000000
    outer loop
      vertex -7.67791269 3.32506499 0.00000000
      vertex -7.65144751 3.39021968 0.00000000
      vertex -7.67791269 3.32506499 0.20000000
    endloop
  endfacet
  facet normal 0.90443249 -0.42661676 0.00000000
    outer loop
      vertex -7.62172929 3.45322267 0.00000000
      vertex -7.62172929 3.45322267 0.20000000
      vertex -7.65144751 3.39021968 0.20000000
    endloop
  endfacet
  facet normal 0.90443249 -0.42661676 0.00000000
    outer loop
      vertex -7.65144751 3.39021968 0.00000000
      vertex -7.62172929 3.45322267 0.00000000
      vertex -7.65144751 3.39021968 0.20000000
    endloop
  endfacet
  facet normal 0.87885545 -0.47708815 0.00000000
    outer loop
      vertex -7.58874689 3.51398032 0.00000000
      vertex -7.58874689 3.51398032 0.20000000
      vertex -7.62172929 3.45322267 0.20000000
    endloop
  endfacet
  facet normal 0.87885545 -0.47708815 0.00000000
    outer loop
      vertex -7.62172929 3.45322267 0.00000000
      vertex -7.58874689 3.51398032 0.00000000
      vertex -7.62172929 3.45322267 0.20000000
    endloop
  endfacet
  facet normal 0.84974188 -0.52719896 0.00000000
    outer loop
      vertex -7.55250734 3.57239141 0.00000000
      vertex -7.55250734 3.57239141 0.20000000
      vertex -7.58874689 3.51398032 0.20000000
    endloop
  endfacet
  facet normal 0.84974188 -0.52719896 0.00000000
    outer loop
      vertex -7.58874689 3.51398032 0.00000000
      vertex -7.55250734 3.57239141 0.00000000
      vertex -7.58874689 3.51398032 0.20000000
    endloop
  endfacet
  facet normal 0.81718574 -0.57637442 0.00000000
    outer loop
      vertex -7.51303759 3.62835177 0.00000000
      vertex -7.51303759 3.62835177 0.20000000
      vertex -7.55250734 3.57239141 0.20000000
    endloop
  endfacet
  facet normal 0.81718574 -0.57637442 0.00000000
    outer loop
      vertex -7.55250734 3.57239141 0.00000000
      vertex -7.51303759 3.62835177 0.00000000
      vertex -7.55250734 3.57239141 0.20000000
    endloop
  endfacet
  facet normal 0.78139398 -0.62403802 0.00000000
    outer loop
      vertex -7.47038481 3.68175976 0.00000000
      vertex -7.47038481 3.68175976 0.20000000
      vertex -7.51303759 3.62835177 0.20000000
    endloop
  endfacet
  facet normal 0.78139398 -0.62403802 0.00000000
    outer loop
      vertex -7.51303759 3.62835177 0.00000000
      vertex -7.47038481 3.68175976 0.00000000
      vertex -7.51303759 3.62835177 0.20000000
    endloop
  endfacet
  facet normal 0.74268328 -0.66964285 0.00000000
    outer loop
      vertex -7.42461496 3.73252190 0.00000000
      vertex -7.42461496 3.73252190 0.20000000
      vertex -7.47038481 3.68175976 0.20000000
    endloop
  endfacet
  facet normal 0.74268328 -0.66964285 0.00000000
    outer loop
      vertex -7.47038481 3.68175976 0.00000000
      vertex -7.42461496 3.73252190 0.00000000
      vertex -7.47038481 3.68175976 0.20000000
    endloop
  endfacet
  facet normal 0.70146698 -0.71270196 0.00000000
    outer loop
      vertex -7.37580959 3.78055791 0.00000000
      vertex -7.37580959 3.78055791 0.20000000
      vertex -7.42461496 3.73252190 0.20000000
    endloop
  endfacet
  facet normal 0.70146698 -0.71270196 0.00000000
    outer loop
      vertex -7.42461496 3.73252190 0.00000000
      vertex -7.37580959 3.78055791 0.00000000
      vertex -7.42461496 3.73252190 0.20000000
    endloop
  endfacet
  facet normal 0.65823330 -0.75281401 0.00000000
    outer loop
      vertex -7.32406130 3.82580474 0.00000000
      vertex -7.32406130 3.82580474 0.20000000
      vertex -7.37580959 3.78055791 0.20000000
    endloop
  endfacet
  facet normal 0.65823330 -0.75281401 0.00000000
    outer loop
      vertex -7.37580959 3.78055791 0.00000000
      vertex -7.32406130 3.82580474 0.00000000
      vertex -7.37580959 3.78055791 0.20000000
    endloop
  endfacet
  facet normal 0.61351745 -0.78968116 0.00000000
    outer loop
      vertex -7.26946851 3.86821886 0.00000000
      vertex -7.26946851 3.86821886 0.20000000
      vertex -7.32406130 3.82580474 0.20000000
    endloop
  endfacet
  facet normal 0.61351745 -0.78968116 0.00000000
    outer loop
      vertex -7.32406130 3.82580474 0.00000000
      vertex -7.26946851 3.86821886 0.00000000
      vertex -7.32406130 3.82580474 0.20000000
    endloop
  endfacet
  facet normal 0.56787133 -0.82311733 0.00000000
    outer loop
      vertex -7.21212996 3.90777691 0.00000000
      vertex -7.21212996 3.90777691 0.20000000
      vertex -7.26946851 3.86821886 0.20000000
    endloop
  endfacet
  facet normal 0.56787133 -0.82311733 0.00000000
    outer loop
      vertex -7.26946851 3.86821886 0.00000000
      vertex -7.21212996 3.90777691 0.00000000
      vertex -7.26946851 3.86821886 0.20000000
    endloop
  endfacet
  facet normal 0.52183430 -0.85304687 0.00000000
    outer loop
      vertex -7.15213984 3.94447466 0.00000000
      vertex -7.15213984 3.94447466 0.20000000
      vertex -7.21212996 3.90777691 0.20000000
    endloop
  endfacet
  facet normal 0.52183430 -0.85304687 0.00000000
    outer loop
      vertex -7.21212996 3.90777691 0.00000000
      vertex -7.15213984 3.94447466 0.00000000
      vertex -7.21212996 3.90777691 0.20000000
    endloop
  endfacet
  facet normal 0.47590837 -0.87949487 0.00000000
    outer loop
      vertex -7.08958385 3.97832468 0.00000000
      vertex -7.08958385 3.97832468 0.20000000
      vertex -7.15213984 3.94447466 0.20000000
    endloop
  endfacet
  facet normal 0.47590837 -0.87949487 0.00000000
    outer loop
      vertex -7.15213984 3.94447466 0.00000000
      vertex -7.08958385 3.97832468 0.00000000
      vertex -7.15213984 3.94447466 0.20000000
    endloop
  endfacet
  facet normal 0.43053965 -0.90257167 0.00000000
    outer loop
      vertex -7.02453648 4.00935321 0.00000000
      vertex -7.02453648 4.00935321 0.20000000
      vertex -7.08958385 3.97832468 0.20000000
    endloop
  endfacet
  facet normal 0.43053965 -0.90257167 0.00000000
    outer loop
      vertex -7.08958385 3.97832468 0.00000000
      vertex -7.02453648 4.00935321 0.00000000
      vertex -7.08958385 3.97832468 0.20000000
    endloop
  endfacet
  facet normal 0.38610691 -0.92245404 0.00000000
    outer loop
      vertex -6.95705955 4.03759669 0.00000000
      vertex -6.95705955 4.03759669 0.20000000
      vertex -7.02453648 4.00935321 0.20000000
    endloop
  endfacet
  facet normal 0.38610691 -0.92245404 0.00000000
    outer loop
      vertex -7.02453648 4.00935321 0.00000000
      vertex -6.95705955 4.03759669 0.00000000
      vertex -7.02453648 4.00935321 0.20000000
    endloop
  endfacet
  facet normal 0.34291675 -0.93936580 0.00000000
    outer loop
      vertex -6.88720187 4.06309833 0.00000000
      vertex -6.88720187 4.06309833 0.20000000
      vertex -6.95705955 4.03759669 0.20000000
    endloop
  endfacet
  facet normal 0.34291675 -0.93936580 0.00000000
    outer loop
      vertex -6.95705955 4.03759669 0.00000000
      vertex -6.88720187 4.06309833 0.00000000
      vertex -6.95705955 4.03759669 0.20000000
    endloop
  endfacet
  facet normal 0.30120443 -0.95355959 0.00000000
    outer loop
      vertex -6.81499979 4.08590507 0.00000000
      vertex -6.81499979 4.08590507 0.20000000
      vertex -6.88720187 4.06309833 0.20000000
    endloop
  endfacet
  facet normal 0.30120443 -0.95355959 0.00000000
    outer loop
      vertex -6.88720187 4.06309833 0.00000000
      vertex -6.81499979 4.08590507 0.00000000
      vertex -6.88720187 4.06309833 0.20000000
    endloop
  endfacet
  facet normal 0.26113873 -0.96530128 0.00000000
    outer loop
      vertex -6.74047829 4.10606504 0.00000000
      vertex -6.74047829 4.10606504 0.20000000
      vertex -6.81499979 4.08590507 0.20000000
    endloop
  endfacet
  facet normal 0.26113873 -0.96530128 0.00000000
    outer loop
      vertex -6.81499979 4.08590507 0.00000000
      vertex -6.74047829 4.10606504 0.00000000
      vertex -6.81499979 4.08590507 0.20000000
    endloop
  endfacet
  facet normal 0.22282946 -0.97485744 0.00000000
    outer loop
      vertex -6.66365254 4.12362560 0.00000000
      vertex -6.66365254 4.12362560 0.20000000
      vertex -6.74047829 4.10606504 0.20000000
    endloop
  endfacet
  facet normal 0.22282946 -0.97485744 0.00000000
    outer loop
      vertex -6.74047829 4.10606504 0.00000000
      vertex -6.66365254 4.12362560 0.00000000
      vertex -6.74047829 4.10606504 0.20000000
    endloop
  endfacet
  facet normal 0.18633624 -0.98248603 0.00000000
    outer loop
      vertex -6.58452945 4.13863192 0.00000000
      vertex -6.58452945 4.13863192 0.20000000
      vertex -6.66365254 4.12362560 0.20000000
    endloop
  endfacet
  facet normal 0.18633624 -0.98248603 0.00000000
    outer loop
      vertex -6.66365254 4.12362560 0.00000000
      vertex -6.58452945 4.13863192 0.00000000
      vertex -6.66365254 4.12362560 0.20000000
    endloop
  endfacet
  facet normal 0.15167755 -0.98843003 0.00000000
    outer loop
      vertex -6.50310930 4.15112609 0.00000000
      vertex -6.50310930 4.15112609 0.20000000
      vertex -6.58452945 4.13863192 0.20000000
    endloop
  endfacet
  facet normal 0.15167755 -0.98843003 0.00000000
    outer loop
      vertex -6.58452945 4.13863192 0.00000000
      vertex -6.50310930 4.15112609 0.00000000
      vertex -6.58452945 4.13863192 0.20000000
    endloop
  endfacet
  facet normal 0.11883931 -0.99291350 0.00000000
    outer loop
      vertex -6.42076172 4.16098206 0.00000000
      vertex -6.42076172 4.16098206 0.20000000
      vertex -6.50310930 4.15112609 0.20000000
    endloop
  endfacet
  facet normal 0.11883931 -0.99291350 0.00000000
    outer loop
      vertex -6.50310930 4.15112609 0.00000000
      vertex -6.42076172 4.16098206 0.00000000
      vertex -6.50310930 4.15112609 0.20000000
    endloop
  endfacet
  facet normal 0.10309150 -0.99467188 0.00000000
    outer loop
      vertex 17.79767322 6.67107086 0.00000000
      vertex 17.79767322 6.67107086 0.20000000
      vertex -6.42076172 4.16098206 0.20000000
    endloop
  endfacet
  facet normal 0.10309150 -0.99467188 0.00000000
    outer loop
      vertex -6.42076172 4.16098206 0.00000000
      vertex 17.79767322 6.67107086 0.00000000
      vertex -6.42076172 4.16098206 0.20000000
    endloop
  endfacet
  facet normal 0.11886694 -0.99291019 0.00000000
    outer loop
      vertex 17.93497640 6.68750821 0.00000000
      vertex 17.93497640 6.68750821 0.20000000
      vertex 17.79767322 6.67107086 0.20000000
    endloop
  endfacet
  facet normal 0.11886694 -0.99291019 0.00000000
    outer loop
      vertex 17.79767322 6.67107086 0.00000000
      vertex 17.93497640 6.68750821 0.00000000
      vertex 17.79767322 6.67107086 0.20000000
    endloop
  endfacet
  facet normal 0.15185641 -0.98840256 0.00000000
    outer loop
      vertex 18.06551519 6.70756396 0.00000000
      vertex 18.06551519 6.70756396 0.20000000
      vertex 17.93497640 6.68750821 0.20000000
    endloop
  endfacet
  facet normal 0.15185641 -0.98840256 0.00000000
    outer loop
      vertex 17.93497640 6.68750821 0.00000000
      vertex 18.06551519 6.70756396 0.00000000
      vertex 17.93497640 6.68750821 0.20000000
    endloop
  endfacet
  facet normal 0.18681159 -0.98239576 0.00000000
    outer loop
      vertex 18.19065538 6.73136052 0.00000000
      vertex 18.19065538 6.73136052 0.20000000
      vertex 18.06551519 6.70756396 0.20000000
    endloop
  endfacet
  facet normal 0.18681159 -0.98239576 0.00000000
    outer loop
      vertex 18.06551519 6.70756396 0.00000000
      vertex 18.19065538 6.73136052 0.00000000
      vertex 18.06551519 6.70756396 0.20000000
    endloop
  endfacet
  facet normal 0.22376731 -0.97464260 0.00000000
    outer loop
      vertex 18.31039361 6.75885111 0.00000000
      vertex 18.31039361 6.75885111 0.20000000
      vertex 18.19065538 6.73136052 0.20000000
    endloop
  endfacet
  facet normal 0.22376731 -0.97464260 0.00000000
    outer loop
      vertex 18.19065538 6.73136052 0.00000000
      vertex 18.31039361 6.75885111 0.00000000
      vertex 18.19065538 6.73136052 0.20000000
    endloop
  endfacet
  facet normal 0.26272456 -0.96487088 0.00000000
    outer loop
      vertex 18.42473354 6.78998471 0.00000000
      vertex 18.42473354 6.78998471 0.20000000
      vertex 18.31039361 6.75885111 0.20000000
    endloop
  endfacet
  facet normal 0.26272456 -0.96487088 0.00000000
    outer loop
      vertex 18.31039361 6.75885111 0.00000000
      vertex 18.42473354 6.78998471 0.00000000
      vertex 18.31039361 6.75885111 0.20000000
    endloop
  endfacet
  facet normal 0.30363994 -0.95278685 0.00000000
    outer loop
      vertex 18.53368786 6.82470694 0.00000000
      vertex 18.53368786 6.82470694 0.20000000
      vertex 18.42473354 6.78998471 0.20000000
    endloop
  endfacet
  facet normal 0.30363994 -0.95278685 0.00000000
    outer loop
      vertex 18.42473354 6.78998471 0.00000000
      vertex 18.53368786 6.82470694 0.00000000
      vertex 18.42473354 6.78998471 0.20000000
    endloop
  endfacet
  facet normal 0.34641414 -0.93808168 0.00000000
    outer loop
      vertex 18.63728044 6.86296154 0.00000000
      vertex 18.63728044 6.86296154 0.20000000
      vertex 18.53368786 6.82470694 0.20000000
    endloop
  endfacet
  facet normal 0.34641414 -0.93808168 0.00000000
    outer loop
      vertex 18.53368786 6.82470694 0.00000000
      vertex 18.63728044 6.86296154 0.00000000
      vertex 18.53368786 6.82470694 0.20000000
    endloop
  endfacet
  facet normal 0.39088010 -0.92044160 0.00000000
    outer loop
      vertex 18.73554835 6.90469256 0.00000000
      vertex 18.73554835 6.90469256 0.20000000
      vertex 18.63728044 6.86296154 0.20000000
    endloop
  endfacet
  facet normal 0.39088010 -0.92044160 0.00000000
    outer loop
      vertex 18.63728044 6.86296154 0.00000000
      vertex 18.73554835 6.90469256 0.00000000
      vertex 18.63728044 6.86296154 0.20000000
    endloop
  endfacet
  facet normal 0.43679226 -0.89956240 0.00000000
    outer loop
      vertex 18.82854360 6.94984741 0.00000000
      vertex 18.82854360 6.94984741 0.20000000
      vertex 18.73554835 6.90469256 0.20000000
    endloop
  endfacet
  facet normal 0.43679226 -0.89956240 0.00000000
    outer loop
      vertex 18.73554835 6.90469256 0.00000000
      vertex 18.82854360 6.94984741 0.00000000
      vertex 18.73554835 6.90469256 0.20000000
    endloop
  endfacet
  facet normal 0.48381847 -0.87516837 0.00000000
    outer loop
      vertex 18.91633422 6.99838061 0.00000000
      vertex 18.91633422 6.99838061 0.20000000
      vertex 18.82854360 6.94984741 0.20000000
    endloop
  endfacet
  facet normal 0.48381847 -0.87516837 0.00000000
    outer loop
      vertex 18.82854360 6.94984741 0.00000000
      vertex 18.91633422 6.99838061 0.00000000
      vertex 18.82854360 6.94984741 0.20000000
    endloop
  endfacet
  facet normal 0.53153678 -0.84703521 0.00000000
    outer loop
      vertex 18.99900416 7.05025817 0.00000000
      vertex 18.99900416 7.05025817 0.20000000
      vertex 18.91633422 6.99838061 0.20000000
    endloop
  endfacet
  facet normal 0.53153678 -0.84703521 0.00000000
    outer loop
      vertex 18.91633422 6.99838061 0.00000000
      vertex 18.99900416 7.05025817 0.00000000
      vertex 18.91633422 6.99838061 0.20000000
    endloop
  endfacet
  facet normal 0.57943925 -0.81501543 0.00000000
    outer loop
      vertex 19.07665192 7.10546222 0.00000000
      vertex 19.07665192 7.10546222 0.20000000
      vertex 18.99900416 7.05025817 0.20000000
    endloop
  endfacet
  facet normal 0.57943925 -0.81501543 0.00000000
    outer loop
      vertex 18.99900416 7.05025817 0.00000000
      vertex 19.07665192 7.10546222 0.00000000
      vertex 18.99900416 7.05025817 0.20000000
    endloop
  endfacet
  facet normal 0.62694474 -0.77906373 0.00000000
    outer loop
      vertex 19.14938723 7.16399533 0.00000000
      vertex 19.14938723 7.16399533 0.20000000
      vertex 19.07665192 7.10546222 0.20000000
    endloop
  endfacet
  facet normal 0.62694474 -0.77906373 0.00000000
    outer loop
      vertex 19.07665192 7.10546222 0.00000000
      vertex 19.14938723 7.16399533 0.00000000
      vertex 19.07665192 7.10546222 0.20000000
    endloop
  endfacet
  facet normal 0.67342156 -0.73925869 0.00000000
    outer loop
      vertex 19.21732622 7.22588379 0.00000000
      vertex 19.21732622 7.22588379 0.20000000
      vertex 19.14938723 7.16399533 0.20000000
    endloop
  endfacet
  facet normal 0.67342156 -0.73925869 0.00000000
    outer loop
      vertex 19.14938723 7.16399533 0.00000000
      vertex 19.21732622 7.22588379 0.00000000
      vertex 19.14938723 7.16399533 0.20000000
    endloop
  endfacet
  facet normal 0.71821920 -0.69581692 0.00000000
    outer loop
      vertex 19.28058497 7.29117920 0.00000000
      vertex 19.28058497 7.29117920 0.20000000
      vertex 19.21732622 7.22588379 0.20000000
    endloop
  endfacet
  facet normal 0.71821920 -0.69581692 0.00000000
    outer loop
      vertex 19.21732622 7.22588379 0.00000000
      vertex 19.28058497 7.29117920 0.00000000
      vertex 19.21732622 7.22588379 0.20000000
    endloop
  endfacet
  facet normal 0.76070661 -0.64909587 0.00000000
    outer loop
      vertex 19.33927239 7.35995780 0.00000000
      vertex 19.33927239 7.35995780 0.20000000
      vertex 19.28058497 7.29117920 0.20000000
    endloop
  endfacet
  facet normal 0.76070661 -0.64909587 0.00000000
    outer loop
      vertex 19.28058497 7.29117920 0.00000000
      vertex 19.33927239 7.35995780 0.00000000
      vertex 19.28058497 7.29117920 0.20000000
    endloop
  endfacet
  facet normal 0.80031247 -0.59958314 0.00000000
    outer loop
      vertex 19.39348316 7.43231733 0.00000000
      vertex 19.39348316 7.43231733 0.20000000
      vertex 19.33927239 7.35995780 0.20000000
    endloop
  endfacet
  facet normal 0.80031247 -0.59958314 0.00000000
    outer loop
      vertex 19.33927239 7.35995780 0.00000000
      vertex 19.39348316 7.43231733 0.00000000
      vertex 19.33927239 7.35995780 0.20000000
    endloop
  endfacet
  facet normal 0.83656197 -0.54787231 0.00000000
    outer loop
      vertex 19.44329184 7.50837163 0.00000000
      vertex 19.44329184 7.50837163 0.20000000
      vertex 19.39348316 7.43231733 0.20000000
    endloop
  endfacet
  facet normal 0.83656197 -0.54787231 0.00000000
    outer loop
      vertex 19.39348316 7.43231733 0.00000000
      vertex 19.44329184 7.50837163 0.00000000
      vertex 19.39348316 7.43231733 0.20000000
    endloop
  endfacet
  facet normal 0.86910489 -0.49462783 0.00000000
    outer loop
      vertex 19.48874888 7.58824368 0.00000000
      vertex 19.48874888 7.58824368 0.20000000
      vertex 19.44329184 7.50837163 0.20000000
    endloop
  endfacet
  facet normal 0.86910489 -0.49462783 0.00000000
    outer loop
      vertex 19.44329184 7.50837163 0.00000000
      vertex 19.48874888 7.58824368 0.00000000
      vertex 19.44329184 7.50837163 0.20000000
    endloop
  endfacet
  facet normal 0.89773109 -0.44054385 0.00000000
    outer loop
      vertex 19.52987914 7.67205808 0.00000000
      vertex 19.52987914 7.67205808 0.20000000
      vertex 19.48874888 7.58824368 0.20000000
    endloop
  endfacet
  facet normal 0.89773109 -0.44054385 0.00000000
    outer loop
      vertex 19.48874888 7.58824368 0.00000000
      vertex 19.52987914 7.67205808 0.00000000
      vertex 19.48874888 7.58824368 0.20000000
    endloop
  endfacet
  facet normal 0.92237212 -0.38630257 0.00000000
    outer loop
      vertex 19.56668277 7.75993386 0.00000000
      vertex 19.56668277 7.75993386 0.20000000
      vertex 19.52987914 7.67205808 0.20000000
    endloop
  endfacet
  facet normal 0.92237212 -0.38630257 0.00000000
    outer loop
      vertex 19.52987914 7.67205808 0.00000000
      vertex 19.56668277 7.75993386 0.00000000
      vertex 19.52987914 7.67205808 0.20000000
    endloop
  endfacet
  facet normal 0.94309003 -0.33253752 0.00000000
    outer loop
      vertex 19.59913816 7.85197868 0.00000000
      vertex 19.59913816 7.85197868 0.20000000
      vertex 19.56668277 7.75993386 0.20000000
    endloop
  endfacet
  facet normal 0.94309003 -0.33253752 0.00000000
    outer loop
      vertex 19.56668277 7.75993386 0.00000000
      vertex 19.59913816 7.85197868 0.00000000
      vertex 19.56668277 7.75993386 0.20000000
    endloop
  endfacet
  facet normal 0.96005665 -0.27980569 0.00000000
    outer loop
      vertex 19.62720626 7.94828468 0.00000000
      vertex 19.62720626 7.94828468 0.20000000
      vertex 19.59913816 7.85197868 0.20000000
    endloop
  endfacet
  facet normal 0.96005665 -0.27980569 0.00000000
    outer loop
      vertex 19.59913816 7.85197868 0.00000000
      vertex 19.62720626 7.94828468 0.00000000
      vertex 19.59913816 7.85197868 0.20000000
    endloop
  endfacet
  facet normal 0.97352742 -0.22857024 0.00000000
    outer loop
      vertex 19.65083547 8.04892631 0.00000000
      vertex 19.65083547 8.04892631 0.20000000
      vertex 19.62720626 7.94828468 0.20000000
    endloop
  endfacet
  facet normal 0.97352742 -0.22857024 0.00000000
    outer loop
      vertex 19.62720626 7.94828468 0.00000000
      vertex 19.65083547 8.04892631 0.00000000
      vertex 19.62720626 7.94828468 0.20000000
    endloop
  endfacet
  facet normal 0.98381384 -0.17919356 0.00000000
    outer loop
      vertex 19.66996648 8.15395995 0.00000000
      vertex 19.66996648 8.15395995 0.20000000
      vertex 19.65083547 8.04892631 0.20000000
    endloop
  endfacet
  facet normal 0.98381384 -0.17919356 0.00000000
    outer loop
      vertex 19.65083547 8.04892631 0.00000000
      vertex 19.66996648 8.15395995 0.00000000
      vertex 19.65083547 8.04892631 0.20000000
    endloop
  endfacet
  facet normal 0.99125782 -0.13193913 0.00000000
    outer loop
      vertex 19.68453655 8.26342478 0.00000000
      vertex 19.68453655 8.26342478 0.20000000
      vertex 19.66996648 8.15395995 0.20000000
    endloop
  endfacet
  facet normal 0.99125782 -0.13193913 0.00000000
    outer loop
      vertex 19.66996648 8.15395995 0.00000000
      vertex 19.68453655 8.26342478 0.00000000
      vertex 19.66996648 8.15395995 0.20000000
    endloop
  endfacet
  facet normal 0.99621008 -0.08697971 0.00000000
    outer loop
      vertex 19.69448297 8.37734470 0.00000000
      vertex 19.69448297 8.37734470 0.20000000
      vertex 19.68453655 8.26342478 0.20000000
    endloop
  endfacet
  facet normal 0.99621008 -0.08697971 0.00000000
    outer loop
      vertex 19.68453655 8.26342478 0.00000000
      vertex 19.69448297 8.37734470 0.00000000
      vertex 19.68453655 8.26342478 0.20000000
    endloop
  endfacet
  facet normal 0.99901342 -0.04440937 0.00000000
    outer loop
      vertex 19.69974560 8.49573061 0.00000000
      vertex 19.69974560 8.49573061 0.20000000
      vertex 19.69448297 8.37734470 0.20000000
    endloop
  endfacet
  facet normal 0.99901342 -0.04440937 0.00000000
    outer loop
      vertex 19.69448297 8.37734470 0.00000000
      vertex 19.69974560 8.49573061 0.00000000
      vertex 19.69448297 8.37734470 0.20000000
    endloop
  endfacet
  facet normal 0.99999094 -0.00425718 0.00000000
    outer loop
      vertex 19.70026861 8.61858297 0.00000000
      vertex 19.70026861 8.61858297 0.20000000
      vertex 19.69974560 8.49573061 0.20000000
    endloop
  endfacet
  facet normal 0.99999094 -0.00425718 0.00000000
    outer loop
      vertex 19.69974560 8.49573061 0.00000000
      vertex 19.70026861 8.61858297 0.00000000
      vertex 19.69974560 8.49573061 0.20000000
    endloop
  endfacet
  facet normal 0.99943875 0.03349904 -0.00000000
    outer loop
      vertex 19.69600141 8.74589414 0.00000000
      vertex 19.69600141 8.74589414 0.20000000
      vertex 19.70026861 8.61858297 0.20000000
    endloop
  endfacet
  facet normal 0.99943875 0.03349904 -0.00000000
    outer loop
      vertex 19.70026861 8.61858297 0.00000000
      vertex 19.69600141 8.74589414 0.00000000
      vertex 19.70026861 8.61858297 0.20000000
    endloop
  endfacet
  facet normal 0.99762219 0.06892002 -0.00000000
    outer loop
      vertex 19.68689911 8.87765057 0.00000000
      vertex 19.68689911 8.87765057 0.20000000
      vertex 19.69600141 8.74589414 0.20000000
    endloop
  endfacet
  facet normal 0.99762219 0.06892002 -0.00000000
    outer loop
      vertex 19.69600141 8.74589414 0.00000000
      vertex 19.68689911 8.87765057 0.00000000
      vertex 19.69600141 8.74589414 0.20000000
    endloop
  endfacet
  facet normal 0.99477475 0.10209404 -0.00000000
    outer loop
      vertex 19.67278118 9.01521159 0.00000000
      vertex 19.67278118 9.01521159 0.20000000
      vertex 19.68689911 8.87765057 0.20000000
    endloop
  endfacet
  facet normal 0.99477475 0.10209404 -0.00000000
    outer loop
      vertex 19.68689911 8.87765057 0.00000000
      vertex 19.67278118 9.01521159 0.00000000
      vertex 19.68689911 8.87765057 0.20000000
    endloop
  endfacet
  facet normal 0.99302889 0.11787125 -0.00000000
    outer loop
      vertex 19.61235277 9.52430237 0.00000000
      vertex 19.61235277 9.52430237 0.20000000
      vertex 19.67278118 9.01521159 0.20000000
    endloop
  endfacet
  facet normal 0.99302889 0.11787125 -0.00000000
    outer loop
      vertex 19.67278118 9.01521159 0.00000000
      vertex 19.61235277 9.52430237 0.00000000
      vertex 19.67278118 9.01521159 0.20000000
    endloop
  endfacet
  facet normal 0.99103310 0.13361659 -0.00000000
    outer loop
      vertex 19.59388138 9.66130446 0.00000000
      vertex 19.59388138 9.66130446 0.20000000
      vertex 19.61235277 9.52430237 0.20000000
    endloop
  endfacet
  facet normal 0.99103310 0.13361659 -0.00000000
    outer loop
      vertex 19.61235277 9.52430237 0.00000000
      vertex 19.59388138 9.66130446 0.00000000
      vertex 19.61235277 9.52430237 0.20000000
    endloop
  endfacet
  facet normal 0.98603144 0.16655933 -0.00000000
    outer loop
      vertex 19.57190515 9.79140381 0.00000000
      vertex 19.57190515 9.79140381 0.20000000
      vertex 19.59388138 9.66130446 0.20000000
    endloop
  endfacet
  facet normal 0.98603144 0.16655933 -0.00000000
    outer loop
      vertex 19.59388138 9.66130446 0.00000000
      vertex 19.57190515 9.79140381 0.00000000
      vertex 19.59388138 9.66130446 0.20000000
    endloop
  endfacet
  facet normal 0.97949087 0.20148855 -0.00000000
    outer loop
      vertex 19.54628258 9.91596208 0.00000000
      vertex 19.54628258 9.91596208 0.20000000
      vertex 19.57190515 9.79140381 0.20000000
    endloop
  endfacet
  facet normal 0.97949087 0.20148855 -0.00000000
    outer loop
      vertex 19.57190515 9.79140381 0.00000000
      vertex 19.54628258 9.91596208 0.00000000
      vertex 19.57190515 9.79140381 0.20000000
    endloop
  endfacet
  facet normal 0.97115668 0.23844224 -0.00000000
    outer loop
      vertex 19.51706197 10.03497538 0.00000000
      vertex 19.51706197 10.03497538 0.20000000
      vertex 19.54628258 9.91596208 0.20000000
    endloop
  endfacet
  facet normal 0.97115668 0.23844224 -0.00000000
    outer loop
      vertex 19.54628258 9.91596208 0.00000000
      vertex 19.51706197 10.03497538 0.00000000
      vertex 19.54628258 9.91596208 0.20000000
    endloop
  endfacet
  facet normal 0.96074761 0.27742391 -0.00000000
    outer loop
      vertex 19.48429608 10.14844701 0.00000000
      vertex 19.48429608 10.14844701 0.20000000
      vertex 19.51706197 10.03497538 0.20000000
    endloop
  endfacet
  facet normal 0.96074761 0.27742391 -0.00000000
    outer loop
      vertex 19.51706197 10.03497538 0.00000000
      vertex 19.48429608 10.14844701 0.00000000
      vertex 19.51706197 10.03497538 0.20000000
    endloop
  endfacet
  facet normal 0.94795930 0.31839153 -0.00000000
    outer loop
      vertex 19.44804136 10.25638959 0.00000000
      vertex 19.44804136 10.25638959 0.20000000
      vertex 19.48429608 10.14844701 0.20000000
    endloop
  endfacet
  facet normal 0.94795930 0.31839153 -0.00000000
    outer loop
      vertex 19.48429608 10.14844701 0.00000000
      vertex 19.44804136 10.25638959 0.00000000
      vertex 19.48429608 10.14844701 0.20000000
    endloop
  endfacet
  facet normal 0.93247086 0.36124520 -0.00000000
    outer loop
      vertex 19.40835633 10.35882732 0.00000000
      vertex 19.40835633 10.35882732 0.20000000
      vertex 19.44804136 10.25638959 0.20000000
    endloop
  endfacet
  facet normal 0.93247086 0.36124520 -0.00000000
    outer loop
      vertex 19.44804136 10.25638959 0.00000000
      vertex 19.40835633 10.35882732 0.00000000
      vertex 19.44804136 10.25638959 0.20000000
    endloop
  endfacet
  facet normal 0.91395544 0.40581455 -0.00000000
    outer loop
      vertex 19.36529931 10.45579819 0.00000000
      vertex 19.36529931 10.45579819 0.20000000
      vertex 19.40835633 10.35882732 0.20000000
    endloop
  endfacet
  facet normal 0.91395544 0.40581455 -0.00000000
    outer loop
      vertex 19.40835633 10.35882732 0.00000000
      vertex 19.36529931 10.45579819 0.00000000
      vertex 19.40835633 10.35882732 0.20000000
    endloop
  endfacet
  facet normal 0.89209547 0.45184696 -0.00000000
    outer loop
      vertex 19.31892527 10.54735590 0.00000000
      vertex 19.31892527 10.54735590 0.20000000
      vertex 19.36529931 10.45579819 0.20000000
    endloop
  endfacet
  facet normal 0.89209547 0.45184696 -0.00000000
    outer loop
      vertex 19.36529931 10.45579819 0.00000000
      vertex 19.31892527 10.54735590 0.00000000
      vertex 19.36529931 10.45579819 0.20000000
    endloop
  endfacet
  facet normal 0.86660276 0.49899866 -0.00000000
    outer loop
      vertex 19.26928173 10.63357103 0.00000000
      vertex 19.26928173 10.63357103 0.20000000
      vertex 19.31892527 10.54735590 0.20000000
    endloop
  endfacet
  facet normal 0.86660276 0.49899866 -0.00000000
    outer loop
      vertex 19.31892527 10.54735590 0.00000000
      vertex 19.26928173 10.63357103 0.00000000
      vertex 19.31892527 10.54735590 0.20000000
    endloop
  endfacet
  facet normal 0.83724310 0.54683086 -0.00000000
    outer loop
      vertex 19.21640408 10.71453107 0.00000000
      vertex 19.21640408 10.71453107 0.20000000
      vertex 19.26928173 10.63357103 0.20000000
    endloop
  endfacet
  facet normal 0.83724310 0.54683086 -0.00000000
    outer loop
      vertex 19.26928173 10.63357103 0.00000000
      vertex 19.21640408 10.71453107 0.00000000
      vertex 19.26928173 10.63357103 0.20000000
    endloop
  endfacet
  facet normal 0.80386371 0.59481354 -0.00000000
    outer loop
      vertex 19.16031057 10.79033891 0.00000000
      vertex 19.16031057 10.79033891 0.20000000
      vertex 19.21640408 10.71453107 0.20000000
    endloop
  endfacet
  facet normal 0.80386371 0.59481354 -0.00000000
    outer loop
      vertex 19.21640408 10.71453107 0.00000000
      vertex 19.16031057 10.79033891 0.00000000
      vertex 19.21640408 10.71453107 0.20000000
    endloop
  endfacet
  facet normal 0.76642069 0.64233895 -0.00000000
    outer loop
      vertex 19.10099765 10.86110942 0.00000000
      vertex 19.10099765 10.86110942 0.20000000
      vertex 19.16031057 10.79033891 0.20000000
    endloop
  endfacet
  facet normal 0.76642069 0.64233895 -0.00000000
    outer loop
      vertex 19.16031057 10.79033891 0.00000000
      vertex 19.10099765 10.86110942 0.00000000
      vertex 19.16031057 10.79033891 0.20000000
    endloop
  endfacet
  facet normal 0.72500276 0.68874596 -0.00000000
    outer loop
      vertex 19.03843632 10.92696408 0.00000000
      vertex 19.03843632 10.92696408 0.20000000
      vertex 19.10099765 10.86110942 0.20000000
    endloop
  endfacet
  facet normal 0.72500276 0.68874596 -0.00000000
    outer loop
      vertex 19.10099765 10.86110942 0.00000000
      vertex 19.03843632 10.92696408 0.00000000
      vertex 19.10099765 10.86110942 0.20000000
    endloop
  endfacet
  facet normal 0.67984652 0.73335443 -0.00000000
    outer loop
      vertex 18.97257050 10.98802412 0.00000000
      vertex 18.97257050 10.98802412 0.20000000
      vertex 19.03843632 10.92696408 0.20000000
    endloop
  endfacet
  facet normal 0.67984652 0.73335443 -0.00000000
    outer loop
      vertex 19.03843632 10.92696408 0.00000000
      vertex 18.97257050 10.98802412 0.00000000
      vertex 19.03843632 10.92696408 0.20000000
    endloop
  endfacet
  facet normal 0.63133928 0.77550675 -0.00000000
    outer loop
      vertex 18.90331778 11.04440269 0.00000000
      vertex 18.90331778 11.04440269 0.20000000
      vertex 18.97257050 10.98802412 0.20000000
    endloop
  endfacet
  facet normal 0.63133928 0.77550675 -0.00000000
    outer loop
      vertex 18.97257050 10.98802412 0.00000000
      vertex 18.90331778 11.04440269 0.00000000
      vertex 18.97257050 10.98802412 0.20000000
    endloop
  endfacet
  facet normal 0.58000689 0.81461157 -0.00000000
    outer loop
      vertex 18.83057300 11.09619728 0.00000000
      vertex 18.83057300 11.09619728 0.20000000
      vertex 18.90331778 11.04440269 0.20000000
    endloop
  endfacet
  facet normal 0.58000689 0.81461157 -0.00000000
    outer loop
      vertex 18.90331778 11.04440269 0.00000000
      vertex 18.83057300 11.09619728 0.00000000
      vertex 18.90331778 11.04440269 0.20000000
    endloop
  endfacet
  facet normal 0.52648665 0.85018340 -0.00000000
    outer loop
      vertex 18.75421425 11.14348339 0.00000000
      vertex 18.75421425 11.14348339 0.20000000
      vertex 18.83057300 11.09619728 0.20000000
    endloop
  endfacet
  facet normal 0.52648665 0.85018340 -0.00000000
    outer loop
      vertex 18.83057300 11.09619728 0.00000000
      vertex 18.75421425 11.14348339 0.00000000
      vertex 18.83057300 11.09619728 0.20000000
    endloop
  endfacet
  facet normal 0.47148833 0.88187230 -0.00000000
    outer loop
      vertex 18.67411054 11.18631041 0.00000000
      vertex 18.67411054 11.18631041 0.20000000
      vertex 18.75421425 11.14348339 0.20000000
    endloop
  endfacet
  facet normal 0.47148833 0.88187230 -0.00000000
    outer loop
      vertex 18.75421425 11.14348339 0.00000000
      vertex 18.67411054 11.18631041 0.00000000
      vertex 18.75421425 11.14348339 0.20000000
    endloop
  endfacet
  facet normal 0.41574878 0.90947950 -0.00000000
    outer loop
      vertex 18.59013013 11.22470023 0.00000000
      vertex 18.59013013 11.22470023 0.20000000
      vertex 18.67411054 11.18631041 0.20000000
    endloop
  endfacet
  facet normal 0.41574878 0.90947950 -0.00000000
    outer loop
      vertex 18.67411054 11.18631041 0.00000000
      vertex 18.59013013 11.22470023 0.00000000
      vertex 18.67411054 11.18631041 0.20000000
    endloop
  endfacet
  facet normal 0.35998653 0.93295750 -0.00000000
    outer loop
      vertex 18.50214818 11.25864853 0.00000000
      vertex 18.50214818 11.25864853 0.20000000
      vertex 18.59013013 11.22470023 0.20000000
    endloop
  endfacet
  facet normal 0.35998653 0.93295750 -0.00000000
    outer loop
      vertex 18.59013013 11.22470023 0.00000000
      vertex 18.50214818 11.25864853 0.00000000
      vertex 18.59013013 11.22470023 0.20000000
    endloop
  endfacet
  facet normal 0.30486256 0.95239636 -0.00000000
    outer loop
      vertex 18.41005301 11.28812824 0.00000000
      vertex 18.41005301 11.28812824 0.20000000
      vertex 18.50214818 11.25864853 0.20000000
    endloop
  endfacet
  facet normal 0.30486256 0.95239636 -0.00000000
    outer loop
      vertex 18.50214818 11.25864853 0.00000000
      vertex 18.41005301 11.28812824 0.00000000
      vertex 18.50214818 11.25864853 0.20000000
    endloop
  endfacet
  facet normal 0.25095113 0.96799976 -0.00000000
    outer loop
      vertex 18.31375027 11.31309444 0.00000000
      vertex 18.31375027 11.31309444 0.20000000
      vertex 18.41005301 11.28812824 0.20000000
    endloop
  endfacet
  facet normal 0.25095113 0.96799976 -0.00000000
    outer loop
      vertex 18.41005301 11.28812824 0.00000000
      vertex 18.31375027 11.31309444 0.00000000
      vertex 18.41005301 11.28812824 0.20000000
    endloop
  endfacet
  facet normal 0.19872265 0.98005577 -0.00000000
    outer loop
      vertex 18.21316500 11.33348978 0.00000000
      vertex 18.21316500 11.33348978 0.20000000
      vertex 18.31375027 11.31309444 0.20000000
    endloop
  endfacet
  facet normal 0.19872265 0.98005577 -0.00000000
    outer loop
      vertex 18.31375027 11.31309444 0.00000000
      vertex 18.21316500 11.33348978 0.00000000
      vertex 18.31375027 11.31309444 0.20000000
    endloop
  endfacet
  facet normal 0.14853797 0.98890671 -0.00000000
    outer loop
      vertex 18.10824178 11.34924969 0.00000000
      vertex 18.10824178 11.34924969 0.20000000
      vertex 18.21316500 11.33348978 0.20000000
    endloop
  endfacet
  facet normal 0.14853797 0.98890671 -0.00000000
    outer loop
      vertex 18.21316500 11.33348978 0.00000000
      vertex 18.10824178 11.34924969 0.00000000
      vertex 18.21316500 11.33348978 0.20000000
    endloop
  endfacet
  facet normal 0.10065198 0.99492169 -0.00000000
    outer loop
      vertex 17.99894344 11.36030694 0.00000000
      vertex 17.99894344 11.36030694 0.20000000
      vertex 18.10824178 11.34924969 0.20000000
    endloop
  endfacet
  facet normal 0.10065198 0.99492169 -0.00000000
    outer loop
      vertex 18.10824178 11.34924969 0.00000000
      vertex 17.99894344 11.36030694 0.00000000
      vertex 18.10824178 11.34924969 0.20000000
    endloop
  endfacet
  facet normal 0.05522391 0.99847400 -0.00000000
    outer loop
      vertex 17.88524883 11.36659520 0.00000000
      vertex 17.88524883 11.36659520 0.20000000
      vertex 17.99894344 11.36030694 0.20000000
    endloop
  endfacet
  facet normal 0.05522391 0.99847400 -0.00000000
    outer loop
      vertex 17.99894344 11.36030694 0.00000000
      vertex 17.88524883 11.36659520 0.00000000
      vertex 17.99894344 11.36030694 0.20000000
    endloop
  endfacet
  facet normal 0.01233120 0.99992397 -0.00000000
    outer loop
      vertex 17.76715017 11.36805161 0.00000000
      vertex 17.76715017 11.36805161 0.20000000
      vertex 17.88524883 11.36659520 0.20000000
    endloop
  endfacet
  facet normal 0.01233120 0.99992397 -0.00000000
    outer loop
      vertex 17.88524883 11.36659520 0.00000000
      vertex 17.76715017 11.36805161 0.00000000
      vertex 17.88524883 11.36659520 0.20000000
    endloop
  endfacet
  facet normal -0.02801504 0.99960750 0.00000000
    outer loop
      vertex 17.64465028 11.36461842 0.00000000
      vertex 17.64465028 11.36461842 0.20000000
      vertex 17.76715017 11.36805161 0.20000000
    endloop
  endfacet
  facet normal -0.02801504 0.99960750 0.00000000
    outer loop
      vertex 17.76715017 11.36805161 0.00000000
      vertex 17.64465028 11.36461842 0.00000000
      vertex 17.76715017 11.36805161 0.20000000
    endloop
  endfacet
  facet normal -0.06585512 0.99782920 0.00000000
    outer loop
      vertex 17.51776000 11.35624387 0.00000000
      vertex 17.51776000 11.35624387 0.20000000
      vertex 17.64465028 11.36461842 0.20000000
    endloop
  endfacet
  facet normal -0.06585512 0.99782920 0.00000000
    outer loop
      vertex 17.64465028 11.36461842 0.00000000
      vertex 17.51776000 11.35624387 0.00000000
      vertex 17.64465028 11.36461842 0.20000000
    endloop
  endfacet
  facet normal -0.10126711 0.99485927 0.00000000
    outer loop
      vertex 17.38649588 11.34288244 0.00000000
      vertex 17.38649588 11.34288244 0.20000000
      vertex 17.51776000 11.35624387 0.20000000
    endloop
  endfacet
  facet normal -0.10126711 0.99485927 0.00000000
    outer loop
      vertex 17.51776000 11.35624387 0.00000000
      vertex 17.38649588 11.34288244 0.00000000
      vertex 17.51776000 11.35624387 0.20000000
    endloop
  endfacet
  facet normal -0.13435528 0.99093323 0.00000000
    outer loop
      vertex 17.24950760 11.32430894 0.00000000
      vertex 17.24950760 11.32430894 0.20000000
      vertex 17.38649588 11.34288244 0.20000000
    endloop
  endfacet
  facet normal -0.13435528 0.99093323 0.00000000
    outer loop
      vertex 17.38649588 11.34288244 0.00000000
      vertex 17.24950760 11.32430894 0.00000000
      vertex 17.38649588 11.34288244 0.20000000
    endloop
  endfacet
  facet normal -0.15006528 0.98867609 0.00000000
    outer loop
      vertex -13.41200603 6.67037960 0.00000000
      vertex -13.41200603 6.67037960 0.20000000
      vertex 17.24950760 11.32430894 0.20000000
    endloop
  endfacet
  facet normal -0.15006528 0.98867609 0.00000000
    outer loop
      vertex 17.24950760 11.32430894 0.00000000
      vertex -13.41200603 6.67037960 0.00000000
      vertex 17.24950760 11.32430894 0.20000000
    endloop
  endfacet
  facet normal -0.16572612 0.98617182 0.00000000
    outer loop
      vertex -13.88518058 6.59086264 0.00000000
      vertex -13.88518058 6.59086264 0.20000000
      vertex -13.41200603 6.67037960 0.20000000
    endloop
  endfacet
  facet normal -0.16572612 0.98617182 0.00000000
    outer loop
      vertex -13.41200603 6.67037960 0.00000000
      vertex -13.88518058 6.59086264 0.00000000
      vertex -13.41200603 6.67037960 0.20000000
    endloop
  endfacet
  facet normal -0.19850547 0.98009978 0.00000000
    outer loop
      vertex -14.33825054 6.49909967 0.00000000
      vertex -14.33825054 6.49909967 0.20000000
      vertex -13.88518058 6.59086264 0.20000000
    endloop
  endfacet
  facet normal -0.19850547 0.98009978 0.00000000
    outer loop
      vertex -13.88518058 6.59086264 0.00000000
      vertex -14.33825054 6.49909967 0.00000000
      vertex -13.88518058 6.59086264 0.20000000
    endloop
  endfacet
  facet normal -0.23328053 0.97240948 0.00000000
    outer loop
      vertex -14.77256846 6.39490702 0.00000000
      vertex -14.77256846 6.39490702 0.20000000
      vertex -14.33825054 6.49909967 0.20000000
    endloop
  endfacet
  facet normal -0.23328053 0.97240948 0.00000000
    outer loop
      vertex -14.33825054 6.49909967 0.00000000
      vertex -14.77256846 6.39490702 0.00000000
      vertex -14.33825054 6.49909967 0.20000000
    endloop
  endfacet
  facet normal -0.27009084 0.96283485 0.00000000
    outer loop
      vertex -15.18813026 6.27833518 0.00000000
      vertex -15.18813026 6.27833518 0.20000000
      vertex -14.77256846 6.39490702 0.20000000
    endloop
  endfacet
  facet normal -0.27009084 0.96283485 0.00000000
    outer loop
      vertex -14.77256846 6.39490702 0.00000000
      vertex -15.18813026 6.27833518 0.00000000
      vertex -14.77256846 6.39490702 0.20000000
    endloop
  endfacet
  facet normal -0.30894033 0.95108142 0.00000000
    outer loop
      vertex -15.58493931 6.14943947 0.00000000
      vertex -15.58493931 6.14943947 0.20000000
      vertex -15.18813026 6.27833518 0.20000000
    endloop
  endfacet
  facet normal -0.30894033 0.95108142 0.00000000
    outer loop
      vertex -15.18813026 6.27833518 0.00000000
      vertex -15.58493931 6.14943947 0.00000000
      vertex -15.18813026 6.27833518 0.20000000
    endloop
  endfacet
  facet normal -0.34978547 0.93682983 0.00000000
    outer loop
      vertex -15.96300875 6.00827915 0.00000000
      vertex -15.96300875 6.00827915 0.20000000
      vertex -15.58493931 6.14943947 0.20000000
    endloop
  endfacet
  facet normal -0.34978547 0.93682983 0.00000000
    outer loop
      vertex -15.58493931 6.14943947 0.00000000
      vertex -15.96300875 6.00827915 0.00000000
      vertex -15.58493931 6.14943947 0.20000000
    endloop
  endfacet
  facet normal -0.39252195 0.91974264 0.00000000
    outer loop
      vertex -16.32236391 5.85491582 0.00000000
      vertex -16.32236391 5.85491582 0.20000000
      vertex -15.96300875 6.00827915 0.20000000
    endloop
  endfacet
  facet normal -0.39252195 0.91974264 0.00000000
    outer loop
      vertex -15.96300875 6.00827915 0.00000000
      vertex -16.32236391 5.85491582 0.00000000
      vertex -15.96300875 6.00827915 0.20000000
    endloop
  endfacet
  facet normal -0.43697087 0.89947566 0.00000000
    outer loop
      vertex -16.66304481 5.68941092 0.00000000
      vertex -16.66304481 5.68941092 0.20000000
      vertex -16.32236391 5.85491582 0.20000000
    endloop
  endfacet
  facet normal -0.43697087 0.89947566 0.00000000
    outer loop
      vertex -16.32236391 5.85491582 0.00000000
      vertex -16.66304481 5.68941092 0.00000000
      vertex -16.32236391 5.85491582 0.20000000
    endloop
  endfacet
  facet normal -0.48286576 0.87569438 0.00000000
    outer loop
      vertex -16.98510821 5.51182226 0.00000000
      vertex -16.98510821 5.51182226 0.20000000
      vertex -16.66304481 5.68941092 0.20000000
    endloop
  endfacet
  facet normal -0.48286576 0.87569438 0.00000000
    outer loop
      vertex -16.66304481 5.68941092 0.00000000
      vertex -16.98510821 5.51182226 0.00000000
      vertex -16.66304481 5.68941092 0.20000000
    endloop
  endfacet
  facet normal -0.52984252 0.84809605 0.00000000
    outer loop
      vertex -17.28862900 5.32219962 0.00000000
      vertex -17.28862900 5.32219962 0.20000000
      vertex -16.98510821 5.51182226 0.20000000
    endloop
  endfacet
  facet normal -0.52984252 0.84809605 0.00000000
    outer loop
      vertex -16.98510821 5.51182226 0.00000000
      vertex -17.28862900 5.32219962 0.00000000
      vertex -16.98510821 5.51182226 0.20000000
    endloop
  endfacet
  facet normal -0.57743490 0.81643673 0.00000000
    outer loop
      vertex -17.57370028 5.12057945 0.00000000
      vertex -17.57370028 5.12057945 0.20000000
      vertex -17.28862900 5.32219962 0.20000000
    endloop
  endfacet
  facet normal -0.57743490 0.81643673 0.00000000
    outer loop
      vertex -17.28862900 5.32219962 0.00000000
      vertex -17.57370028 5.12057945 0.00000000
      vertex -17.28862900 5.32219962 0.20000000
    endloop
  endfacet
  facet normal -0.62507849 0.78056190 0.00000000
    outer loop
      vertex -17.84043170 4.90697939 0.00000000
      vertex -17.84043170 4.90697939 0.20000000
      vertex -17.57370028 5.12057945 0.20000000
    endloop
  endfacet
  facet normal -0.62507849 0.78056190 0.00000000
    outer loop
      vertex -17.57370028 5.12057945 0.00000000
      vertex -17.84043170 4.90697939 0.00000000
      vertex -17.57370028 5.12057945 0.20000000
    endloop
  endfacet
  facet normal -0.67212562 0.74043713 0.00000000
    outer loop
      vertex -18.08894563 4.68139294 0.00000000
      vertex -18.08894563 4.68139294 0.20000000
      vertex -17.84043170 4.90697939 0.20000000
    endloop
  endfacet
  facet normal -0.67212562 0.74043713 0.00000000
    outer loop
      vertex -17.84043170 4.90697939 0.00000000
      vertex -18.08894563 4.68139294 0.00000000
      vertex -17.84043170 4.90697939 0.20000000
    endloop
  endfacet
  facet normal -0.71787260 0.69617450 0.00000000
    outer loop
      vertex -18.31937119 4.44378557 0.00000000
      vertex -18.31937119 4.44378557 0.20000000
      vertex -18.08894563 4.68139294 0.20000000
    endloop
  endfacet
  facet normal -0.71787260 0.69617450 0.00000000
    outer loop
      vertex -18.08894563 4.68139294 0.00000000
      vertex -18.31937119 4.44378557 0.00000000
      vertex -18.08894563 4.68139294 0.20000000
    endloop
  endfacet
  facet normal -0.76159836 0.64804933 0.00000000
    outer loop
      vertex -18.53183645 4.19409286 0.00000000
      vertex -18.53183645 4.19409286 0.20000000
      vertex -18.31937119 4.44378557 0.20000000
    endloop
  endfacet
  facet normal -0.76159836 0.64804933 0.00000000
    outer loop
      vertex -18.31937119 4.44378557 0.00000000
      vertex -18.53183645 4.19409286 0.00000000
      vertex -18.31937119 4.44378557 0.20000000
    endloop
  endfacet
  facet normal -0.80261124 0.59650247 0.00000000
    outer loop
      vertex -18.72645972 3.93222165 0.00000000
      vertex -18.72645972 3.93222165 0.20000000
      vertex -18.53183645 4.19409286 0.20000000
    endloop
  endfacet
  facet normal -0.80261124 0.59650247 0.00000000
    outer loop
      vertex -18.53183645 4.19409286 0.00000000
      vertex -18.72645972 3.93222165 0.00000000
      vertex -18.53183645 4.19409286 0.20000000
    endloop
  endfacet
  facet normal -0.84029774 0.54212518 0.00000000
    outer loop
      vertex -18.90334110 3.65805431 0.00000000
      vertex -18.90334110 3.65805431 0.20000000
      vertex -18.72645972 3.93222165 0.20000000
    endloop
  endfacet
  facet normal -0.84029774 0.54212518 0.00000000
    outer loop
      vertex -18.72645972 3.93222165 0.00000000
      vertex -18.90334110 3.65805431 0.00000000
      vertex -18.72645972 3.93222165 0.20000000
    endloop
  endfacet
  facet normal -0.87416621 0.48562685 0.00000000
    outer loop
      vertex -19.06255558 3.37145583 0.00000000
      vertex -19.06255558 3.37145583 0.20000000
      vertex -18.90334110 3.65805431 0.20000000
    endloop
  endfacet
  facet normal -0.87416621 0.48562685 0.00000000
    outer loop
      vertex -18.90334110 3.65805431 0.00000000
      vertex -19.06255558 3.37145583 0.00000000
      vertex -18.90334110 3.65805431 0.20000000
    endloop
  endfacet
  facet normal -0.90387840 0.42778949 0.00000000
    outer loop
      vertex -19.20414886 3.07228273 0.00000000
      vertex -19.20414886 3.07228273 0.20000000
      vertex -19.06255558 3.37145583 0.20000000
    endloop
  endfacet
  facet normal -0.90387840 0.42778949 0.00000000
    outer loop
      vertex -19.06255558 3.37145583 0.00000000
      vertex -19.20414886 3.07228273 0.00000000
      vertex -19.06255558 3.37145583 0.20000000
    endloop
  endfacet
  facet normal -0.92926432 0.36941551 0.00000000
    outer loop
      vertex -19.32813629 2.76039247 0.00000000
      vertex -19.32813629 2.76039247 0.20000000
      vertex -19.20414886 3.07228273 0.20000000
    endloop
  endfacet
  facet normal -0.92926432 0.36941551 0.00000000
    outer loop
      vertex -19.20414886 3.07228273 0.00000000
      vertex -19.32813629 2.76039247 0.00000000
      vertex -19.20414886 3.07228273 0.20000000
    endloop
  endfacet
  facet normal -0.95031931 0.31127674 0.00000000
    outer loop
      vertex -19.43450490 2.43565203 0.00000000
      vertex -19.43450490 2.43565203 0.20000000
      vertex -19.32813629 2.76039247 0.20000000
    endloop
  endfacet
  facet normal -0.95031931 0.31127674 0.00000000
    outer loop
      vertex -19.32813629 2.76039247 0.00000000
      vertex -19.43450490 2.43565203 0.00000000
      vertex -19.32813629 2.76039247 0.20000000
    endloop
  endfacet
  facet normal -0.96718546 0.25407142 0.00000000
    outer loop
      vertex -19.52321780 2.09794454 0.00000000
      vertex -19.52321780 2.09794454 0.20000000
      vertex -19.43450490 2.43565203 0.20000000
    endloop
  endfacet
  facet normal -0.96718546 0.25407142 0.00000000
    outer loop
      vertex -19.43450490 2.43565203 0.00000000
      vertex -19.52321780 2.09794454 0.00000000
      vertex -19.43450490 2.43565203 0.20000000
    endloop
  endfacet
  facet normal -0.98012236 0.19839393 0.00000000
    outer loop
      vertex -19.59421999 1.74717352 0.00000000
      vertex -19.59421999 1.74717352 0.20000000
      vertex -19.52321780 2.09794454 0.20000000
    endloop
  endfacet
  facet normal -0.98012236 0.19839393 0.00000000
    outer loop
      vertex -19.52321780 2.09794454 0.00000000
      vertex -19.59421999 1.74717352 0.00000000
      vertex -19.52321780 2.09794454 0.20000000
    endloop
  endfacet
  facet normal -0.98947287 0.14471850 0.00000000
    outer loop
      vertex -19.64744465 1.38326461 0.00000000
      vertex -19.64744465 1.38326461 0.20000000
      vertex -19.59421999 1.74717352 0.20000000
    endloop
  endfacet
  facet normal -0.98947287 0.14471850 0.00000000
    outer loop
      vertex -19.59421999 1.74717352 0.00000000
      vertex -19.64744465 1.38326461 0.00000000
      vertex -19.59421999 1.74717352 0.20000000
    endloop
  endfacet
  facet normal -0.99562903 0.09339607 0.00000000
    outer loop
      vertex -19.68281888 1.00616514 0.00000000
      vertex -19.68281888 1.00616514 0.20000000
      vertex -19.64744465 1.38326461 0.20000000
    endloop
  endfacet
  facet normal -0.99562903 0.09339607 0.00000000
    outer loop
      vertex -19.64744465 1.38326461 0.00000000
      vertex -19.68281888 1.00616514 0.00000000
      vertex -19.64744465 1.38326461 0.20000000
    endloop
  endfacet
  facet normal -0.99900219 0.04466129 0.00000000
    outer loop
      vertex -19.70026861 0.61584225 0.00000000
      vertex -19.70026861 0.61584225 0.20000000
      vertex -19.68281888 1.00616514 0.20000000
    endloop
  endfacet
  facet normal -0.99900219 0.04466129 0.00000000
    outer loop
      vertex -19.68281888 1.00616514 0.00000000
      vertex -19.70026861 0.61584225 0.00000000
      vertex -19.68281888 1.00616514 0.20000000
    endloop
  endfacet
  facet normal -0.99999908 -0.00135376 0.00000000
    outer loop
      vertex -19.69972228 0.21228007 0.00000000
      vertex -19.69972228 0.21228007 0.20000000
      vertex -19.70026861 0.61584225 0.20000000
    endloop
  endfacet
  facet normal -0.99999908 -0.00135376 0.00000000
    outer loop
      vertex -19.70026861 0.61584225 0.00000000
      vertex -19.69972228 0.21228007 0.00000000
      vertex -19.70026861 0.61584225 0.20000000
    endloop
  endfacet
  facet normal -0.99900482 -0.04460240 0.00000000
    outer loop
      vertex -19.68111332 -0.20452352 0.00000000
      vertex -19.68111332 -0.20452352 0.20000000
      vertex -19.69972228 0.21228007 0.20000000
    endloop
  endfacet
  facet normal -0.99900482 -0.04460240 0.00000000
    outer loop
      vertex -19.69972228 0.21228007 0.00000000
      vertex -19.68111332 -0.20452352 0.00000000
      vertex -19.69972228 0.21228007 0.20000000
    endloop
  endfacet
  facet normal -0.99637195 -0.08510542 0.00000000
    outer loop
      vertex -19.64438162 -0.63456001 0.00000000
      vertex -19.64438162 -0.63456001 0.20000000
      vertex -19.68111332 -0.20452352 0.20000000
    endloop
  endfacet
  facet normal -0.99637195 -0.08510542 0.00000000
    outer loop
      vertex -19.68111332 -0.20452352 0.00000000
      vertex -19.64438162 -0.63456001 0.00000000
      vertex -19.68111332 -0.20452352 0.20000000
    endloop
  endfacet
  facet normal -0.99241483 -0.12293416 0.00000000
    outer loop
      vertex -19.58947419 -1.07781314 0.00000000
      vertex -19.58947419 -1.07781314 0.20000000
      vertex -19.64438162 -0.63456001 0.20000000
    endloop
  endfacet
  facet normal -0.99241483 -0.12293416 0.00000000
    outer loop
      vertex -19.64438162 -0.63456001 0.00000000
      vertex -19.58947419 -1.07781314 0.00000000
      vertex -19.64438162 -0.63456001 0.20000000
    endloop
  endfacet
  facet normal -0.98740778 -0.15819568 0.00000000
    outer loop
      vertex -19.51634520 -1.53426137 0.00000000
      vertex -19.51634520 -1.53426137 0.20000000
      vertex -19.58947419 -1.07781314 0.20000000
    endloop
  endfacet
  facet normal -0.98740778 -0.15819568 0.00000000
    outer loop
      vertex -19.58947419 -1.07781314 0.00000000
      vertex -19.51634520 -1.53426137 0.00000000
      vertex -19.58947419 -1.07781314 0.20000000
    endloop
  endfacet
  facet normal -0.98158607 -0.19102041 0.00000000
    outer loop
      vertex -19.42469180 -2.00523564 0.00000000
      vertex -19.42469180 -2.00523564 0.20000000
      vertex -19.51634520 -1.53426137 0.20000000
    endloop
  endfacet
  facet normal -0.98158607 -0.19102041 0.00000000
    outer loop
      vertex -19.51634520 -1.53426137 0.00000000
      vertex -19.42469180 -2.00523564 0.00000000
      vertex -19.51634520 -1.53426137 0.20000000
    endloop
  endfacet
  facet normal -0.97843316 -0.20656366 0.00000000
    outer loop
      vertex -18.32665038 -7.20634490 0.00000000
      vertex -18.32665038 -7.20634490 0.20000000
      vertex -19.42469180 -2.00523564 0.20000000
    endloop
  endfacet
  facet normal -0.97843316 -0.20656366 0.00000000
    outer loop
      vertex -19.42469180 -2.00523564 0.00000000
      vertex -18.32665038 -7.20634490 0.00000000
      vertex -19.42469180 -2.00523564 0.20000000
    endloop
  endfacet
  facet normal -0.97505807 -0.22194991 0.00000000
    outer loop
      vertex -18.26131381 -7.49337792 0.00000000
      vertex -18.26131381 -7.49337792 0.20000000
      vertex -18.32665038 -7.20634490 0.20000000
    endloop
  endfacet
  facet normal -0.97505807 -0.22194991 0.00000000
    outer loop
      vertex -18.32665038 -7.20634490 0.00000000
      vertex -18.26131381 -7.49337792 0.00000000
      vertex -18.32665038 -7.20634490 0.20000000
    endloop
  endfacet
  facet normal -0.96724347 -0.25385050 0.00000000
    outer loop
      vertex -18.18908578 -7.76858748 0.00000000
      vertex -18.18908578 -7.76858748 0.20000000
      vertex -18.26131381 -7.49337792 0.20000000
    endloop
  endfacet
  facet normal -0.96724347 -0.25385050 0.00000000
    outer loop
      vertex -18.26131381 -7.49337792 0.00000000
      vertex -18.18908578 -7.76858748 0.00000000
      vertex -18.26131381 -7.49337792 0.20000000
    endloop
  endfacet
  facet normal -0.95785483 -0.28725271 0.00000000
    outer loop
      vertex -18.10969458 -8.03332039 0.00000000
      vertex -18.10969458 -8.03332039 0.20000000
      vertex -18.18908578 -7.76858748 0.20000000
    endloop
  endfacet
  facet normal -0.95785483 -0.28725271 0.00000000
    outer loop
      vertex -18.18908578 -7.76858748 0.00000000
      vertex -18.10969458 -8.03332039 0.00000000
      vertex -18.18908578 -7.76858748 0.20000000
    endloop
  endfacet
  facet normal -0.94669519 -0.32213075 0.00000000
    outer loop
      vertex -18.02317661 -8.28758405 0.00000000
      vertex -18.02317661 -8.28758405 0.20000000
      vertex -18.10969458 -8.03332039 0.20000000
    endloop
  endfacet
  facet normal -0.94669519 -0.32213075 0.00000000
    outer loop
      vertex -18.10969458 -8.03332039 0.00000000
      vertex -18.02317661 -8.28758405 0.00000000
      vertex -18.10969458 -8.03332039 0.20000000
    endloop
  endfacet
  facet normal -0.93355765 -0.35842727 0.00000000
    outer loop
      vertex -17.92956970 -8.53139210 0.00000000
      vertex -17.92956970 -8.53139210 0.20000000
      vertex -18.02317661 -8.28758405 0.20000000
    endloop
  endfacet
  facet normal -0.93355765 -0.35842727 0.00000000
    outer loop
      vertex -18.02317661 -8.28758405 0.00000000
      vertex -17.92956970 -8.53139210 0.00000000
      vertex -18.02317661 -8.28758405 0.20000000
    endloop
  endfacet
  facet normal -0.91823012 -0.39604728 0.00000000
    outer loop
      vertex -17.82891202 -8.76476553 0.00000000
      vertex -17.82891202 -8.76476553 0.20000000
      vertex -17.92956970 -8.53139210 0.20000000
    endloop
  endfacet
  facet normal -0.91823012 -0.39604728 0.00000000
    outer loop
      vertex -17.92956970 -8.53139210 0.00000000
      vertex -17.82891202 -8.76476553 0.00000000
      vertex -17.92956970 -8.53139210 0.20000000
    endloop
  endfacet
  facet normal -0.90050191 -0.43485206 0.00000000
    outer loop
      vertex -17.72124077 -8.98773368 0.00000000
      vertex -17.72124077 -8.98773368 0.20000000
      vertex -17.82891202 -8.76476553 0.20000000
    endloop
  endfacet
  facet normal -0.90050191 -0.43485206 0.00000000
    outer loop
      vertex -17.82891202 -8.76476553 0.00000000
      vertex -17.72124077 -8.98773368 0.00000000
      vertex -17.82891202 -8.76476553 0.20000000
    endloop
  endfacet
  facet normal -0.88017249 -0.47465397 0.00000000
    outer loop
      vertex -17.60659040 -9.20033509 0.00000000
      vertex -17.60659040 -9.20033509 0.20000000
      vertex -17.72124077 -8.98773368 0.20000000
    endloop
  endfacet
  facet normal -0.88017249 -0.47465397 0.00000000
    outer loop
      vertex -17.72124077 -8.98773368 0.00000000
      vertex -17.60659040 -9.20033509 0.00000000
      vertex -17.72124077 -8.98773368 0.20000000
    endloop
  endfacet
  facet normal -0.85706224 -0.51521288 0.00000000
    outer loop
      vertex -17.48499047 -9.40261790 0.00000000
      vertex -17.48499047 -9.40261790 0.20000000
      vertex -17.60659040 -9.20033509 0.20000000
    endloop
  endfacet
  facet normal -0.85706224 -0.51521288 0.00000000
    outer loop
      vertex -17.60659040 -9.20033509 0.00000000
      vertex -17.48499047 -9.40261790 0.00000000
      vertex -17.60659040 -9.20033509 0.20000000
    endloop
  endfacet
  facet normal -0.83102505 -0.55623499 0.00000000
    outer loop
      vertex -17.35646332 -9.59463976 0.00000000
      vertex -17.35646332 -9.59463976 0.20000000
      vertex -17.48499047 -9.40261790 0.20000000
    endloop
  endfacet
  facet normal -0.83102505 -0.55623499 0.00000000
    outer loop
      vertex -17.48499047 -9.40261790 0.00000000
      vertex -17.35646332 -9.59463976 0.00000000
      vertex -17.48499047 -9.40261790 0.20000000
    endloop
  endfacet
  facet normal -0.80196192 -0.59737516 0.00000000
    outer loop
      vertex -17.22102157 -9.77646708 0.00000000
      vertex -17.22102157 -9.77646708 0.20000000
      vertex -17.35646332 -9.59463976 0.20000000
    endloop
  endfacet
  facet normal -0.80196192 -0.59737516 0.00000000
    outer loop
      vertex -17.35646332 -9.59463976 0.00000000
      vertex -17.22102157 -9.77646708 0.00000000
      vertex -17.35646332 -9.59463976 0.20000000
    endloop
  endfacet
  facet normal -0.76983464 -0.63824339 0.00000000
    outer loop
      vertex -17.07866578 -9.94817340 0.00000000
      vertex -17.07866578 -9.94817340 0.20000000
      vertex -17.22102157 -9.77646708 0.20000000
    endloop
  endfacet
  facet normal -0.76983464 -0.63824339 0.00000000
    outer loop
      vertex -17.22102157 -9.77646708 0.00000000
      vertex -17.07866578 -9.94817340 0.00000000
      vertex -17.22102157 -9.77646708 0.20000000
    endloop
  endfacet
  facet normal -0.73467798 -0.67841600 0.00000000
    outer loop
      vertex -16.92938248 -10.10983697 0.00000000
      vertex -16.92938248 -10.10983697 0.20000000
      vertex -17.07866578 -9.94817340 0.20000000
    endloop
  endfacet
  facet normal -0.73467798 -0.67841600 0.00000000
    outer loop
      vertex -17.07866578 -9.94817340 0.00000000
      vertex -16.92938248 -10.10983697 0.00000000
      vertex -17.07866578 -9.94817340 0.20000000
    endloop
  endfacet
  facet normal -0.69660873 -0.71745124 0.00000000
    outer loop
      vertex -16.77314297 -10.26153759 0.00000000
      vertex -16.77314297 -10.26153759 0.20000000
      vertex -16.92938248 -10.10983697 0.20000000
    endloop
  endfacet
  facet normal -0.69660873 -0.71745124 0.00000000
    outer loop
      vertex -16.92938248 -10.10983697 0.00000000
      vertex -16.77314297 -10.26153759 0.00000000
      vertex -16.92938248 -10.10983697 0.20000000
    endloop
  endfacet
  facet normal -0.65582999 -0.75490862 0.00000000
    outer loop
      vertex -16.60990308 -10.40335293 0.00000000
      vertex -16.60990308 -10.40335293 0.20000000
      vertex -16.77314297 -10.26153759 0.20000000
    endloop
  endfacet
  facet normal -0.65582999 -0.75490862 0.00000000
    outer loop
      vertex -16.77314297 -10.26153759 0.00000000
      vertex -16.60990308 -10.40335293 0.00000000
      vertex -16.77314297 -10.26153759 0.20000000
    endloop
  endfacet
  facet normal -0.61262933 -0.79037036 0.00000000
    outer loop
      vertex -16.43960406 -10.53535456 0.00000000
      vertex -16.43960406 -10.53535456 0.20000000
      vertex -16.60990308 -10.40335293 0.20000000
    endloop
  endfacet
  facet normal -0.61262933 -0.79037036 0.00000000
    outer loop
      vertex -16.60990308 -10.40335293 0.00000000
      vertex -16.43960406 -10.53535456 0.00000000
      vertex -16.60990308 -10.40335293 0.20000000
    endloop
  endfacet
  facet normal -0.56737030 -0.82346278 0.00000000
    outer loop
      vertex -16.26217470 -10.65760435 0.00000000
      vertex -16.26217470 -10.65760435 0.20000000
      vertex -16.43960406 -10.53535456 0.20000000
    endloop
  endfacet
  facet normal -0.56737030 -0.82346278 0.00000000
    outer loop
      vertex -16.43960406 -10.53535456 0.00000000
      vertex -16.26217470 -10.65760435 0.00000000
      vertex -16.43960406 -10.53535456 0.20000000
    endloop
  endfacet
  facet normal -0.52047771 -0.85387525 0.00000000
    outer loop
      vertex -16.07753446 -10.77015138 0.00000000
      vertex -16.07753446 -10.77015138 0.20000000
      vertex -16.26217470 -10.65760435 0.20000000
    endloop
  endfacet
  facet normal -0.52047771 -0.85387525 0.00000000
    outer loop
      vertex -16.26217470 -10.65760435 0.00000000
      vertex -16.07753446 -10.77015138 0.00000000
      vertex -16.26217470 -10.65760435 0.20000000
    endloop
  endfacet
  facet normal -0.47241793 -0.88137467 0.00000000
    outer loop
      vertex -15.88559731 -10.87302993 0.00000000
      vertex -15.88559731 -10.87302993 0.20000000
      vertex -16.07753446 -10.77015138 0.20000000
    endloop
  endfacet
  facet normal -0.47241793 -0.88137467 0.00000000
    outer loop
      vertex -16.07753446 -10.77015138 0.00000000
      vertex -15.88559731 -10.87302993 0.00000000
      vertex -16.07753446 -10.77015138 0.20000000
    endloop
  endfacet
  facet normal -0.42367625 -0.90581369 0.00000000
    outer loop
      vertex -15.68627587 -10.96625855 0.00000000
      vertex -15.68627587 -10.96625855 0.20000000
      vertex -15.88559731 -10.87302993 0.20000000
    endloop
  endfacet
  facet normal -0.42367625 -0.90581369 0.00000000
    outer loop
      vertex -15.88559731 -10.87302993 0.00000000
      vertex -15.68627587 -10.96625855 0.00000000
      vertex -15.88559731 -10.87302993 0.20000000
    endloop
  endfacet
  facet normal -0.37473400 -0.92713237 0.00000000
    outer loop
      vertex -15.47948538 -11.04984039 0.00000000
      vertex -15.47948538 -11.04984039 0.20000000
      vertex -15.68627587 -10.96625855 0.20000000
    endloop
  endfacet
  facet normal -0.37473400 -0.92713237 0.00000000
    outer loop
      vertex -15.68627587 -10.96625855 0.00000000
      vertex -15.47948538 -11.04984039 0.00000000
      vertex -15.68627587 -10.96625855 0.20000000
    endloop
  endfacet
  facet normal -0.32604756 -0.94535337 0.00000000
    outer loop
      vertex -15.26514719 -11.12376454 0.00000000
      vertex -15.26514719 -11.12376454 0.20000000
      vertex -15.47948538 -11.04984039 0.20000000
    endloop
  endfacet
  facet normal -0.32604756 -0.94535337 0.00000000
    outer loop
      vertex -15.47948538 -11.04984039 0.00000000
      vertex -15.26514719 -11.12376454 0.00000000
      vertex -15.47948538 -11.04984039 0.20000000
    endloop
  endfacet
  facet normal -0.27803120 -0.96057204 0.00000000
    outer loop
      vertex -15.04319138 -11.18800818 0.00000000
      vertex -15.04319138 -11.18800818 0.20000000
      vertex -15.26514719 -11.12376454 0.20000000
    endloop
  endfacet
  facet normal -0.27803120 -0.96057204 0.00000000
    outer loop
      vertex -15.26514719 -11.12376454 0.00000000
      vertex -15.04319138 -11.18800818 0.00000000
      vertex -15.26514719 -11.12376454 0.20000000
    endloop
  endfacet
  facet normal -0.23104496 -0.97294307 0.00000000
    outer loop
      vertex -14.81355852 -11.24253913 0.00000000
      vertex -14.81355852 -11.24253913 0.20000000
      vertex -15.04319138 -11.18800818 0.20000000
    endloop
  endfacet
  facet normal -0.23104496 -0.97294307 0.00000000
    outer loop
      vertex -15.04319138 -11.18800818 0.00000000
      vertex -14.81355852 -11.24253913 0.00000000
      vertex -15.04319138 -11.18800818 0.20000000
    endloop
  endfacet
  facet normal -0.18538772 -0.98266545 0.00000000
    outer loop
      vertex -14.57620043 -11.28731864 0.00000000
      vertex -14.57620043 -11.28731864 0.20000000
      vertex -14.81355852 -11.24253913 0.20000000
    endloop
  endfacet
  facet normal -0.18538772 -0.98266545 0.00000000
    outer loop
      vertex -14.81355852 -11.24253913 0.00000000
      vertex -14.57620043 -11.28731864 0.00000000
      vertex -14.81355852 -11.24253913 0.20000000
    endloop
  endfacet
  facet normal -0.14129511 -0.98996752 0.00000000
    outer loop
      vertex -14.33108020 -11.32230392 0.00000000
      vertex -14.33108020 -11.32230392 0.20000000
      vertex -14.57620043 -11.28731864 0.20000000
    endloop
  endfacet
  facet normal -0.14129511 -0.98996752 0.00000000
    outer loop
      vertex -14.57620043 -11.28731864 0.00000000
      vertex -14.33108020 -11.32230392 0.00000000
      vertex -14.57620043 -11.28731864 0.20000000
    endloop
  endfacet
  facet normal -0.09894152 -0.99509325 0.00000000
    outer loop
      vertex -14.07817157 -11.34745047 0.00000000
      vertex -14.07817157 -11.34745047 0.20000000
      vertex -14.33108020 -11.32230392 0.20000000
    endloop
  endfacet
  facet normal -0.09894152 -0.99509325 0.00000000
    outer loop
      vertex -14.33108020 -11.32230392 0.00000000
      vertex -14.07817157 -11.34745047 0.00000000
      vertex -14.33108020 -11.32230392 0.20000000
    endloop
  endfacet
  facet normal -0.05844491 -0.99829064 0.00000000
    outer loop
      vertex -13.81745785 -11.36271395 0.00000000
      vertex -13.81745785 -11.36271395 0.20000000
      vertex -14.07817157 -11.34745047 0.20000000
    endloop
  endfacet
  facet normal -0.05844491 -0.99829064 0.00000000
    outer loop
      vertex -14.07817157 -11.34745047 0.00000000
      vertex -13.81745785 -11.36271395 0.00000000
      vertex -14.07817157 -11.34745047 0.20000000
    endloop
  endfacet
  facet normal -0.01987359 -0.99980250 0.00000000
    outer loop
      vertex -13.54893061 -11.36805161 0.00000000
      vertex -13.54893061 -11.36805161 0.20000000
      vertex -13.81745785 -11.36271395 0.20000000
    endloop
  endfacet
  facet normal -0.01987359 -0.99980250 0.00000000
    outer loop
      vertex -13.81745785 -11.36271395 0.00000000
      vertex -13.54893061 -11.36805161 0.00000000
      vertex -13.81745785 -11.36271395 0.20000000
    endloop
  endfacet
  facet normal 0.01674623 -0.99985977 0.00000000
    outer loop
      vertex -13.27258833 -11.36342327 0.00000000
      vertex -13.27258833 -11.36342327 0.20000000
      vertex -13.54893061 -11.36805161 0.20000000
    endloop
  endfacet
  facet normal 0.01674623 -0.99985977 0.00000000
    outer loop
      vertex -13.54893061 -11.36805161 0.00000000
      vertex -13.27258833 -11.36342327 0.00000000
      vertex -13.54893061 -11.36805161 0.20000000
    endloop
  endfacet
  facet normal 0.05142268 -0.99867698 0.00000000
    outer loop
      vertex -12.98843500 -11.34879198 0.00000000
      vertex -12.98843500 -11.34879198 0.20000000
      vertex -13.27258833 -11.36342327 0.20000000
    endloop
  endfacet
  facet normal 0.05142268 -0.99867698 0.00000000
    outer loop
      vertex -13.27258833 -11.36342327 0.00000000
      vertex -12.98843500 -11.34879198 0.00000000
      vertex -13.27258833 -11.36342327 0.20000000
    endloop
  endfacet
  facet normal 0.08419087 -0.99644965 0.00000000
    outer loop
      vertex -12.69510483 -11.32400827 0.00000000
      vertex -12.69510483 -11.32400827 0.20000000
      vertex -12.98843500 -11.34879198 0.20000000
    endloop
  endfacet
  facet normal 0.08419087 -0.99644965 0.00000000
    outer loop
      vertex -12.98843500 -11.34879198 0.00000000
      vertex -12.69510483 -11.32400827 0.00000000
      vertex -12.98843500 -11.34879198 0.20000000
    endloop
  endfacet
  facet normal 0.09987609 -0.99499988 0.00000000
    outer loop
      vertex -8.14707189 -10.86748585 0.00000000
      vertex -8.14707189 -10.86748585 0.20000000
      vertex -12.69510483 -11.32400827 0.20000000
    endloop
  endfacet
  facet normal 0.09987609 -0.99499988 0.00000000
    outer loop
      vertex -12.69510483 -11.32400827 0.00000000
      vertex -8.14707189 -10.86748585 0.00000000
      vertex -12.69510483 -11.32400827 0.20000000
    endloop
  endfacet
endsolid green_island_06
