solid lane_yellow_line_00
  facet normal 0.00000000 0.00000000 1.00000000
    outer loop
      vertex 41.54844020 44.74838989 0.00000000
      vertex 37.27425298 44.27026425 0.00000000
      vertex 37.31421473 44.03355373 0.00000000
    endloop
  endfacet
  facet normal 0.00000000 0.00000000 1.00000000
    outer loop
      vertex 41.54844020 44.74838989 0.00000000
      vertex 41.50847795 44.98510033 0.00000000
      vertex 37.27425298 44.27026425 0.00000000
    endloop
  endfacet
  facet normal 0.00000000 0.00000000 1.00000000
    outer loop
      vertex 37.31421473 44.03355373 0.00000000
      vertex 33.04002826 43.55544674 0.00000000
      vertex 33.07998900 43.31873606 0.00000000
    endloop
  endfacet
  facet normal 0.00000000 0.00000000 1.00000000
    outer loop
      vertex 37.31421473 44.03355373 0.00000000
      vertex 37.27425298 44.27026425 0.00000000
      vertex 33.04002826 43.55544674 0.00000000
    endloop
  endfacet
  facet normal 0.00000000 0.00000000 1.00000000
    outer loop
      vertex 33.07998900 43.31873606 0.00000000
      vertex 28.80580354 42.84064776 0.00000000
      vertex 28.84576328 42.60393690 0.00000000
    endloop
  endfacet
  facet normal 0.00000000 0.00000000 1.00000000
    outer loop
      vertex 33.07998900 43.31873606 0.00000000
      vertex 33.04002826 43.55544674 0.00000000
      vertex 28.80580354 42.84064776 0.00000000
    endloop
  endfacet
  facet normal 0.00000000 0.00000000 1.00000000
    outer loop
      vertex 28.84576328 42.60393690 0.00000000
      vertex 24.57157882 42.12586730 0.00000000
      vertex 24.61153755 41.88915627 0.00000000
    endloop
  endfacet
  facet normal 0.00000000 0.00000000 1.00000000
    outer loop
      vertex 28.84576328 42.60393690 0.00000000
      vertex 28.80580354 42.84064776 0.00000000
      vertex 24.57157882 42.12586730 0.00000000
    endloop
  endfacet
  facet normal 0.00000000 0.00000000 1.00000000
    outer loop
      vertex 24.61153755 41.88915627 0.00000000
      vertex 20.33735410 41.41110536 0.00000000
      vertex 20.37731182 41.17439416 0.00000000
    endloop
  endfacet
  facet normal 0.00000000 0.00000000 1.00000000
    outer loop
      vertex 24.61153755 41.88915627 0.00000000
      vertex 24.57157882 42.12586730 0.00000000
      vertex 20.33735410 41.41110536 0.00000000
    endloop
  endfacet
  facet normal 0.00000000 0.00000000 1.00000000
    outer loop
      vertex 20.37731182 41.17439416 0.00000000
      vertex 16.10312938 40.69636194 0.00000000
      vertex 16.14308610 40.45965057 0.00000000
    endloop
  endfacet
  facet normal 0.00000000 0.00000000 1.00000000
    outer loop
      vertex 20.37731182 41.17439416 0.00000000
      vertex 20.33735410 41.41110536 0.00000000
      vertex 16.10312938 40.69636194 0.00000000
    endloop
  endfacet
  facet normal 0.00000000 0.00000000 1.00000000
    outer loop
      vertex 16.14308610 40.45965057 0.00000000
      vertex 11.86890466 39.98163705 0.00000000
      vertex 11.90886037 39.74492551 0.00000000
    endloop
  endfacet
  facet normal 0.00000000 0.00000000 1.00000000
    outer loop
      vertex 16.14308610 40.45965057 0.00000000
      vertex 16.10312938 40.69636194 0.00000000
      vertex 11.86890466 39.98163705 0.00000000
    endloop
  endfacet
  facet normal 0.00000000 0.00000000 1.00000000
    outer loop
      vertex 11.90886037 39.74492551 0.00000000
      vertex 7.63467994 39.26693068 0.00000000
      vertex 7.67463464 39.03021897 0.00000000
    endloop
  endfacet
  facet normal 0.00000000 0.00000000 1.00000000
    outer loop
      vertex 11.90886037 39.74492551 0.00000000
      vertex 11.86890466 39.98163705 0.00000000
      vertex 7.63467994 39.26693068 0.00000000
    endloop
  endfacet
  facet normal 0.00000000 0.00000000 1.00000000
    outer loop
      vertex 7.67463464 39.03021897 0.00000000
      vertex 3.40045522 38.55224283 0.00000000
      vertex 3.44040892 38.31553096 0.00000000
    endloop
  endfacet
  facet normal 0.00000000 0.00000000 1.00000000
    outer loop
      vertex 7.67463464 39.03021897 0.00000000
      vertex 7.63467994 39.26693068 0.00000000
      vertex 3.40045522 38.55224283 0.00000000
    endloop
  endfacet
  facet normal 0.00000000 0.00000000 1.00000000
    outer loop
      vertex 3.44040892 38.31553096 0.00000000
      vertex -0.83376949 37.83757351 0.00000000
      vertex -0.79381681 37.60086146 0.00000000
    endloop
  endfacet
  facet normal 0.00000000 0.00000000 1.00000000
    outer loop
      vertex 3.44040892 38.31553096 0.00000000
      vertex 3.40045522 38.55224283 0.00000000
      vertex -0.83376949 37.83757351 0.00000000
    endloop
  endfacet
  facet normal 0.00000000 0.00000000 1.00000000
    outer loop
      vertex -0.79381681 37.60086146 0.00000000
      vertex -5.06799421 37.12292271 0.00000000
      vertex -5.02804254 36.88621049 0.00000000
    endloop
  endfacet
  facet normal 0.00000000 0.00000000 1.00000000
    outer loop
      vertex -0.79381681 37.60086146 0.00000000
      vertex -0.83376949 37.83757351 0.00000000
      vertex -5.06799421 37.12292271 0.00000000
    endloop
  endfacet
  facet normal 0.00000000 0.00000000 1.00000000
    outer loop
      vertex -5.02804254 36.88621049 0.00000000
      vertex -9.30221893 36.40829043 0.00000000
      vertex -9.26226826 36.17157805 0.00000000
    endloop
  endfacet
  facet normal 0.00000000 0.00000000 1.00000000
    outer loop
      vertex -5.02804254 36.88621049 0.00000000
      vertex -5.06799421 37.12292271 0.00000000
      vertex -9.30221893 36.40829043 0.00000000
    endloop
  endfacet
  facet normal 0.00000000 0.00000000 1.00000000
    outer loop
      vertex -9.26226826 36.17157805 0.00000000
      vertex -13.53644365 35.69367668 0.00000000
      vertex -13.49649399 35.45696412 0.00000000
    endloop
  endfacet
  facet normal 0.00000000 0.00000000 1.00000000
    outer loop
      vertex -9.26226826 36.17157805 0.00000000
      vertex -9.30221893 36.40829043 0.00000000
      vertex -13.53644365 35.69367668 0.00000000
    endloop
  endfacet
  facet normal 0.00000000 0.00000000 1.00000000
    outer loop
      vertex -13.49649399 35.45696412 0.00000000
      vertex -17.77066837 34.97908145 0.00000000
      vertex -17.73071972 34.74236872 0.00000000
    endloop
  endfacet
  facet normal 0.00000000 0.00000000 1.00000000
    outer loop
      vertex -13.49649399 35.45696412 0.00000000
      vertex -13.53644365 35.69367668 0.00000000
      vertex -17.77066837 34.97908145 0.00000000
    endloop
  endfacet
  facet normal 0.00000000 0.00000000 1.00000000
    outer loop
      vertex -17.73071972 34.74236872 0.00000000
      vertex -22.00489309 34.26450474 0.00000000
      vertex -21.96494544 34.02779185 0.00000000
    endloop
  endfacet
  facet normal 0.00000000 0.00000000 1.00000000
    outer loop
      vertex -17.73071972 34.74236872 0.00000000
      vertex -17.77066837 34.97908145 0.00000000
      vertex -22.00489309 34.26450474 0.00000000
    endloop
  endfacet
  facet normal 0.00000000 0.00000000 1.00000000
    outer loop
      vertex -21.96494544 34.02779185 0.00000000
      vertex -26.23911781 33.54994656 0.00000000
      vertex -26.19917117 33.31323349 0.00000000
    endloop
  endfacet
  facet normal 0.00000000 0.00000000 1.00000000
    outer loop
      vertex -21.96494544 34.02779185 0.00000000
      vertex -22.00489309 34.26450474 0.00000000
      vertex -26.23911781 33.54994656 0.00000000
    endloop
  endfacet
  facet normal 0.00000000 0.00000000 1.00000000
    outer loop
      vertex -26.19917117 33.31323349 0.00000000
      vertex -30.47334253 32.83540690 0.00000000
      vertex -30.43339689 32.59869366 0.00000000
    endloop
  endfacet
  facet normal 0.00000000 0.00000000 1.00000000
    outer loop
      vertex -26.19917117 33.31323349 0.00000000
      vertex -26.23911781 33.54994656 0.00000000
      vertex -30.47334253 32.83540690 0.00000000
    endloop
  endfacet
  facet normal 0.00000000 0.00000000 1.00000000
    outer loop
      vertex -30.43339689 32.59869366 0.00000000
      vertex -34.70941784 32.12057347 0.00000000
      vertex -34.66577203 31.88448464 0.00000000
    endloop
  endfacet
  facet normal 0.00000000 0.00000000 1.00000000
    outer loop
      vertex -30.43339689 32.59869366 0.00000000
      vertex -30.47334253 32.83540690 0.00000000
      vertex -34.70941784 32.12057347 0.00000000
    endloop
  endfacet
  facet normal 0.00000000 0.00000000 1.00000000
    outer loop
      vertex -34.66577203 31.88448464 0.00000000
      vertex -35.33052612 31.99567789 0.00000000
      vertex -35.27722189 31.76153122 0.00000000
    endloop
  endfacet
  facet normal 0.00000000 0.00000000 1.00000000
    outer loop
      vertex -34.66577203 31.88448464 0.00000000
      vertex -34.70941784 32.12057347 0.00000000
      vertex -35.33052612 31.99567789 0.00000000
    endloop
  endfacet
  facet normal 0.00000000 0.00000000 1.00000000
    outer loop
      vertex -35.27722189 31.76153122 0.00000000
      vertex -35.92615413 31.84407242 0.00000000
      vertex -35.86063865 31.61303389 0.00000000
    endloop
  endfacet
  facet normal 0.00000000 0.00000000 1.00000000
    outer loop
      vertex -35.27722189 31.76153122 0.00000000
      vertex -35.33052612 31.99567789 0.00000000
      vertex -35.92615413 31.84407242 0.00000000
    endloop
  endfacet
  facet normal 0.00000000 0.00000000 1.00000000
    outer loop
      vertex -35.86063865 31.61303389 0.00000000
      vertex -36.49531671 31.66589152 0.00000000
      vertex -36.41700744 31.43885818 0.00000000
    endloop
  endfacet
  facet normal 0.00000000 0.00000000 1.00000000
    outer loop
      vertex -35.86063865 31.61303389 0.00000000
      vertex -35.92615413 31.84407242 0.00000000
      vertex -36.49531671 31.66589152 0.00000000
    endloop
  endfacet
  facet normal 0.00000000 0.00000000 1.00000000
    outer loop
      vertex -36.41700744 31.43885818 0.00000000
      vertex -37.03796814 31.46107927 0.00000000
      vertex -36.94637402 31.23906002 0.00000000
    endloop
  endfacet
  facet normal 0.00000000 0.00000000 1.00000000
    outer loop
      vertex -36.41700744 31.43885818 0.00000000
      vertex -36.49531671 31.66589152 0.00000000
      vertex -37.03796814 31.46107927 0.00000000
    endloop
  endfacet
  facet normal 0.00000000 0.00000000 1.00000000
    outer loop
      vertex -36.94637402 31.23906002 0.00000000
      vertex -37.55404421 31.22958627 0.00000000
      vertex -37.44880257 31.01368880 0.00000000
    endloop
  endfacet
  facet normal 0.00000000 0.00000000 1.00000000
    outer loop
      vertex -36.94637402 31.23906002 0.00000000
      vertex -37.03796814 31.46107927 0.00000000
      vertex -37.55404421 31.22958627 0.00000000
    endloop
  endfacet
  facet normal 0.00000000 0.00000000 1.00000000
    outer loop
      vertex -37.44880257 31.01368880 0.00000000
      vertex -38.04346208 30.97137517 0.00000000
      vertex -37.92437596 30.76278188 0.00000000
    endloop
  endfacet
  facet normal 0.00000000 0.00000000 1.00000000
    outer loop
      vertex -37.44880257 31.01368880 0.00000000
      vertex -37.55404421 31.22958627 0.00000000
      vertex -38.04346208 30.97137517 0.00000000
    endloop
  endfacet
  facet normal 0.00000000 0.00000000 1.00000000
    outer loop
      vertex -37.92437596 30.76278188 0.00000000
      vertex -38.50612208 30.68642663 0.00000000
      vertex -38.37319382 30.48635860 0.00000000
    endloop
  endfacet
  facet normal 0.00000000 0.00000000 1.00000000
    outer loop
      vertex -37.92437596 30.76278188 0.00000000
      vertex -38.04346208 30.97137517 0.00000000
      vertex -38.50612208 30.68642663 0.00000000
    endloop
  endfacet
  facet normal 0.00000000 0.00000000 1.00000000
    outer loop
      vertex -38.37319382 30.48635860 0.00000000
      vertex -38.94191225 30.37474471 0.00000000
      vertex -38.79536815 30.18441489 0.00000000
    endloop
  endfacet
  facet normal 0.00000000 0.00000000 1.00000000
    outer loop
      vertex -38.37319382 30.48635860 0.00000000
      vertex -38.50612208 30.68642663 0.00000000
      vertex -38.94191225 30.37474471 0.00000000
    endloop
  endfacet
  facet normal 0.00000000 0.00000000 1.00000000
    outer loop
      vertex -38.79536815 30.18441489 0.00000000
      vertex -39.35071517 30.03636062 0.00000000
      vertex -39.19101633 29.85691955 0.00000000
    endloop
  endfacet
  facet normal 0.00000000 0.00000000 1.00000000
    outer loop
      vertex -38.79536815 30.18441489 0.00000000
      vertex -38.94191225 30.37474471 0.00000000
      vertex -39.35071517 30.03636062 0.00000000
    endloop
  endfacet
  facet normal 0.00000000 0.00000000 1.00000000
    outer loop
      vertex -39.19101633 29.85691955 0.00000000
      vertex -39.73241673 29.67133358 0.00000000
      vertex -39.56025251 29.50381335 0.00000000
    endloop
  endfacet
  facet normal 0.00000000 0.00000000 1.00000000
    outer loop
      vertex -39.19101633 29.85691955 0.00000000
      vertex -39.35071517 30.03636062 0.00000000
      vertex -39.73241673 29.67133358 0.00000000
    endloop
  endfacet
  facet normal 0.00000000 0.00000000 1.00000000
    outer loop
      vertex -39.56025251 29.50381335 0.00000000
      vertex -40.08691526 29.27974837 0.00000000
      vertex -39.90317834 29.12501152 0.00000000
    endloop
  endfacet
  facet normal 0.00000000 0.00000000 1.00000000
    outer loop
      vertex -39.56025251 29.50381335 0.00000000
      vertex -39.73241673 29.67133358 0.00000000
      vertex -40.08691526 29.27974837 0.00000000
    endloop
  endfacet
  facet normal 0.00000000 0.00000000 1.00000000
    outer loop
      vertex -39.90317834 29.12501152 0.00000000
      vertex -40.41412958 28.86170942 0.00000000
      vertex -40.21987499 28.72040963 0.00000000
    endloop
  endfacet
  facet normal 0.00000000 0.00000000 1.00000000
    outer loop
      vertex -39.90317834 29.12501152 0.00000000
      vertex -40.08691526 29.27974837 0.00000000
      vertex -40.41412958 28.86170942 0.00000000
    endloop
  endfacet
  facet normal 0.00000000 0.00000000 1.00000000
    outer loop
      vertex -40.21987499 28.72040963 0.00000000
      vertex -40.71400456 28.41733258 0.00000000
      vertex -40.51039761 28.28989182 0.00000000
    endloop
  endfacet
  facet normal 0.00000000 0.00000000 1.00000000
    outer loop
      vertex -40.21987499 28.72040963 0.00000000
      vertex -40.41412958 28.86170942 0.00000000
      vertex -40.71400456 28.41733258 0.00000000
    endloop
  endfacet
  facet normal 0.00000000 0.00000000 1.00000000
    outer loop
      vertex -40.51039761 28.28989182 0.00000000
      vertex -40.98651319 27.94673586 0.00000000
      vertex -40.77477320 27.83334008 0.00000000
    endloop
  endfacet
  facet normal 0.00000000 0.00000000 1.00000000
    outer loop
      vertex -40.51039761 28.28989182 0.00000000
      vertex -40.71400456 28.41733258 0.00000000
      vertex -40.98651319 27.94673586 0.00000000
    endloop
  endfacet
  facet normal 0.00000000 0.00000000 1.00000000
    outer loop
      vertex -40.77477320 27.83334008 0.00000000
      vertex -41.23165531 27.45003081 0.00000000
      vertex -41.01300193 27.35064287 0.00000000
    endloop
  endfacet
  facet normal 0.00000000 0.00000000 1.00000000
    outer loop
      vertex -40.77477320 27.83334008 0.00000000
      vertex -40.98651319 27.94673586 0.00000000
      vertex -41.23165531 27.45003081 0.00000000
    endloop
  endfacet
  facet normal 0.00000000 0.00000000 1.00000000
    outer loop
      vertex -41.01300193 27.35064287 0.00000000
      vertex -41.44945361 26.92731583 0.00000000
      vertex -41.22506110 26.84170179 0.00000000
    endloop
  endfacet
  facet normal 0.00000000 0.00000000 1.00000000
    outer loop
      vertex -41.01300193 27.35064287 0.00000000
      vertex -41.23165531 27.45003081 0.00000000
      vertex -41.44945361 26.92731583 0.00000000
    endloop
  endfacet
  facet normal 0.00000000 0.00000000 1.00000000
    outer loop
      vertex -41.22506110 26.84170179 0.00000000
      vertex -41.63994811 26.37867195 0.00000000
      vertex -41.41091068 26.30643580 0.00000000
    endloop
  endfacet
  facet normal 0.00000000 0.00000000 1.00000000
    outer loop
      vertex -41.22506110 26.84170179 0.00000000
      vertex -41.44945361 26.92731583 0.00000000
      vertex -41.63994811 26.37867195 0.00000000
    endloop
  endfacet
  facet normal 0.00000000 0.00000000 1.00000000
    outer loop
      vertex -41.41091068 26.30643580 0.00000000
      vertex -41.80513386 25.79732067 0.00000000
      vertex -41.56855563 25.75162341 0.00000000
    endloop
  endfacet
  facet normal 0.00000000 0.00000000 1.00000000
    outer loop
      vertex -41.41091068 26.30643580 0.00000000
      vertex -41.63994811 26.37867195 0.00000000
      vertex -41.80513386 25.79732067 0.00000000
    endloop
  endfacet
  facet normal 0.00000000 0.00000000 1.00000000
    outer loop
      vertex -41.56855563 25.75162341 0.00000000
      vertex -41.89834711 24.91091876 0.00000000
      vertex -41.65961068 24.88574467 0.00000000
    endloop
  endfacet
  facet normal 0.00000000 0.00000000 1.00000000
    outer loop
      vertex -41.56855563 25.75162341 0.00000000
      vertex -41.80513386 25.79732067 0.00000000
      vertex -41.89834711 24.91091876 0.00000000
    endloop
  endfacet
  facet normal 0.00000000 0.00000000 1.00000000
    outer loop
      vertex -41.65961068 24.88574467 0.00000000
      vertex -41.99036287 24.04067243 0.00000000
      vertex -41.75164093 24.01536139 0.00000000
    endloop
  endfacet
  facet normal 0.00000000 0.00000000 1.00000000
    outer loop
      vertex -41.65961068 24.88574467 0.00000000
      vertex -41.89834711 24.91091876 0.00000000
      vertex -41.99036287 24.04067243 0.00000000
    endloop
  endfacet
  facet normal 0.00000000 0.00000000 1.00000000
    outer loop
      vertex -41.75164093 24.01536139 0.00000000
      vertex -42.08226736 23.17625255 0.00000000
      vertex -41.84356017 23.15080273 0.00000000
    endloop
  endfacet
  facet normal 0.00000000 0.00000000 1.00000000
    outer loop
      vertex -41.75164093 24.01536139 0.00000000
      vertex -41.99036287 24.04067243 0.00000000
      vertex -42.08226736 23.17625255 0.00000000
    endloop
  endfacet
  facet normal 0.00000000 0.00000000 1.00000000
    outer loop
      vertex -41.84356017 23.15080273 0.00000000
      vertex -42.17406057 22.31765913 0.00000000
      vertex -41.93536842 22.29206867 0.00000000
    endloop
  endfacet
  facet normal 0.00000000 0.00000000 1.00000000
    outer loop
      vertex -41.84356017 23.15080273 0.00000000
      vertex -42.08226736 23.17625255 0.00000000
      vertex -42.17406057 22.31765913 0.00000000
    endloop
  endfacet
  facet normal 0.00000000 0.00000000 1.00000000
    outer loop
      vertex -41.93536842 22.29206867 0.00000000
      vertex -42.26574250 21.46489219 0.00000000
      vertex -42.02706567 21.43915919 0.00000000
    endloop
  endfacet
  facet normal 0.00000000 0.00000000 1.00000000
    outer loop
      vertex -41.93536842 22.29206867 0.00000000
      vertex -42.17406057 22.31765913 0.00000000
      vertex -42.26574250 21.46489219 0.00000000
    endloop
  endfacet
  facet normal 0.00000000 0.00000000 1.00000000
    outer loop
      vertex -42.02706567 21.43915919 0.00000000
      vertex -42.35731314 20.61795175 0.00000000
      vertex -42.11865193 20.59207427 0.00000000
    endloop
  endfacet
  facet normal 0.00000000 0.00000000 1.00000000
    outer loop
      vertex -42.02706567 21.43915919 0.00000000
      vertex -42.26574250 21.46489219 0.00000000
      vertex -42.35731314 20.61795175 0.00000000
    endloop
  endfacet
  facet normal 0.00000000 0.00000000 1.00000000
    outer loop
      vertex -42.11865193 20.59207427 0.00000000
      vertex -42.44877249 19.77683783 0.00000000
      vertex -42.21012720 19.75081390 0.00000000
    endloop
  endfacet
  facet normal 0.00000000 0.00000000 1.00000000
    outer loop
      vertex -42.11865193 20.59207427 0.00000000
      vertex -42.35731314 20.61795175 0.00000000
      vertex -42.44877249 19.77683783 0.00000000
    endloop
  endfacet
  facet normal 0.00000000 0.00000000 1.00000000
    outer loop
      vertex -42.21012720 19.75081390 0.00000000
      vertex -42.54012054 18.94155045 0.00000000
      vertex -42.30149149 18.91537804 0.00000000
    endloop
  endfacet
  facet normal 0.00000000 0.00000000 1.00000000
    outer loop
      vertex -42.21012720 19.75081390 0.00000000
      vertex -42.44877249 19.77683783 0.00000000
      vertex -42.54012054 18.94155045 0.00000000
    endloop
  endfacet
  facet normal 0.00000000 0.00000000 1.00000000
    outer loop
      vertex -42.30149149 18.91537804 0.00000000
      vertex -42.63135729 18.11208963 0.00000000
      vertex -42.39274481 18.08576668 0.00000000
    endloop
  endfacet
  facet normal 0.00000000 0.00000000 1.00000000
    outer loop
      vertex -42.30149149 18.91537804 0.00000000
      vertex -42.54012054 18.94155045 0.00000000
      vertex -42.63135729 18.11208963 0.00000000
    endloop
  endfacet
  facet normal 0.00000000 0.00000000 1.00000000
    outer loop
      vertex -42.39274481 18.08576668 0.00000000
      vertex -42.72248274 17.28845540 0.00000000
      vertex -42.48388715 17.26197980 0.00000000
    endloop
  endfacet
  facet normal 0.00000000 0.00000000 1.00000000
    outer loop
      vertex -42.39274481 18.08576668 0.00000000
      vertex -42.63135729 18.11208963 0.00000000
      vertex -42.72248274 17.28845540 0.00000000
    endloop
  endfacet
  facet normal 0.00000000 0.00000000 1.00000000
    outer loop
      vertex -42.48388715 17.26197980 0.00000000
      vertex -42.81349689 16.47064777 0.00000000
      vertex -42.57491851 16.44401738 0.00000000
    endloop
  endfacet
  facet normal 0.00000000 0.00000000 1.00000000
    outer loop
      vertex -42.48388715 17.26197980 0.00000000
      vertex -42.72248274 17.28845540 0.00000000
      vertex -42.81349689 16.47064777 0.00000000
    endloop
  endfacet
  facet normal 0.00000000 0.00000000 1.00000000
    outer loop
      vertex -42.57491851 16.44401738 0.00000000
      vertex -42.90439972 15.65866677 0.00000000
      vertex -42.66583892 15.63187939 0.00000000
    endloop
  endfacet
  facet normal 0.00000000 0.00000000 1.00000000
    outer loop
      vertex -42.57491851 16.44401738 0.00000000
      vertex -42.81349689 16.47064777 0.00000000
      vertex -42.90439972 15.65866677 0.00000000
    endloop
  endfacet
  facet normal 0.00000000 0.00000000 1.00000000
    outer loop
      vertex -42.66583892 15.63187939 0.00000000
      vertex -42.99519123 14.85251242 0.00000000
      vertex -42.75664836 14.82556580 0.00000000
    endloop
  endfacet
  facet normal 0.00000000 0.00000000 1.00000000
    outer loop
      vertex -42.66583892 15.63187939 0.00000000
      vertex -42.90439972 15.65866677 0.00000000
      vertex -42.99519123 14.85251242 0.00000000
    endloop
  endfacet
  facet normal 0.00000000 0.00000000 1.00000000
    outer loop
      vertex -42.75664836 14.82556580 0.00000000
      vertex -43.08587141 14.05218474 0.00000000
      vertex -42.84734685 14.02507661 0.00000000
    endloop
  endfacet
  facet normal 0.00000000 0.00000000 1.00000000
    outer loop
      vertex -42.75664836 14.82556580 0.00000000
      vertex -42.99519123 14.85251242 0.00000000
      vertex -43.08587141 14.05218474 0.00000000
    endloop
  endfacet
  facet normal 0.00000000 0.00000000 1.00000000
    outer loop
      vertex -42.84734685 14.02507661 0.00000000
      vertex -43.17644028 13.25768376 0.00000000
      vertex -42.93793439 13.23041177 0.00000000
    endloop
  endfacet
  facet normal 0.00000000 0.00000000 1.00000000
    outer loop
      vertex -42.84734685 14.02507661 0.00000000
      vertex -43.08587141 14.05218474 0.00000000
      vertex -43.17644028 13.25768376 0.00000000
    endloop
  endfacet
  facet normal 0.00000000 0.00000000 1.00000000
    outer loop
      vertex -42.93793439 13.23041177 0.00000000
      vertex -43.26689780 12.46900951 0.00000000
      vertex -43.02841099 12.44157127 0.00000000
    endloop
  endfacet
  facet normal 0.00000000 0.00000000 1.00000000
    outer loop
      vertex -42.93793439 13.23041177 0.00000000
      vertex -43.17644028 13.25768376 0.00000000
      vertex -43.26689780 12.46900951 0.00000000
    endloop
  endfacet
  facet normal 0.00000000 0.00000000 1.00000000
    outer loop
      vertex -43.02841099 12.44157127 0.00000000
      vertex -43.35724399 11.68616202 0.00000000
      vertex -43.11877664 11.65855508 0.00000000
    endloop
  endfacet
  facet normal 0.00000000 0.00000000 1.00000000
    outer loop
      vertex -43.02841099 12.44157127 0.00000000
      vertex -43.26689780 12.46900951 0.00000000
      vertex -43.35724399 11.68616202 0.00000000
    endloop
  endfacet
  facet normal 0.00000000 0.00000000 1.00000000
    outer loop
      vertex -43.11877664 11.65855508 0.00000000
      vertex -43.44870091 10.89861791 0.00000000
      vertex -43.20780929 10.89188656 0.00000000
    endloop
  endfacet
  facet normal 0.00000000 0.00000000 1.00000000
    outer loop
      vertex -43.11877664 11.65855508 0.00000000
      vertex -43.35724399 11.68616202 0.00000000
      vertex -43.44870091 10.89861791 0.00000000
    endloop
  endfacet
  facet normal 0.00000000 0.00000000 1.00000000
    outer loop
      vertex -43.20780929 10.89188656 0.00000000
      vertex -43.42473502 10.49791856 0.00000000
      vertex -43.18520799 10.51400238 0.00000000
    endloop
  endfacet
  facet normal 0.00000000 0.00000000 1.00000000
    outer loop
      vertex -43.20780929 10.89188656 0.00000000
      vertex -43.44870091 10.89861791 0.00000000
      vertex -43.42473502 10.49791856 0.00000000
    endloop
  endfacet
  facet normal 0.00000000 0.00000000 1.00000000
    outer loop
      vertex -43.18520799 10.51400238 0.00000000
      vertex -43.39609541 10.11346110 0.00000000
      vertex -43.15683334 10.13310183 0.00000000
    endloop
  endfacet
  facet normal 0.00000000 0.00000000 1.00000000
    outer loop
      vertex -43.18520799 10.51400238 0.00000000
      vertex -43.42473502 10.49791856 0.00000000
      vertex -43.39609541 10.11346110 0.00000000
    endloop
  endfacet
  facet normal 0.00000000 0.00000000 1.00000000
    outer loop
      vertex -43.15683334 10.13310183 0.00000000
      vertex -43.36220019 9.73556015 0.00000000
      vertex -43.12326725 9.75887030 0.00000000
    endloop
  endfacet
  facet normal 0.00000000 0.00000000 1.00000000
    outer loop
      vertex -43.15683334 10.13310183 0.00000000
      vertex -43.39609541 10.11346110 0.00000000
      vertex -43.36220019 9.73556015 0.00000000
    endloop
  endfacet
  facet normal 0.00000000 0.00000000 1.00000000
    outer loop
      vertex -43.12326725 9.75887030 0.00000000
      vertex -43.32304649 9.36421437 0.00000000
      vertex -43.08451259 9.39130914 0.00000000
    endloop
  endfacet
  facet normal 0.00000000 0.00000000 1.00000000
    outer loop
      vertex -43.12326725 9.75887030 0.00000000
      vertex -43.36220019 9.73556015 0.00000000
      vertex -43.32304649 9.36421437 0.00000000
    endloop
  endfacet
  facet normal 0.00000000 0.00000000 1.00000000
    outer loop
      vertex -43.08451259 9.39130914 0.00000000
      vertex -43.27863121 8.99942249 0.00000000
      vertex -43.04057244 9.03041959 0.00000000
    endloop
  endfacet
  facet normal 0.00000000 0.00000000 1.00000000
    outer loop
      vertex -43.08451259 9.39130914 0.00000000
      vertex -43.32304649 9.36421437 0.00000000
      vertex -43.27863121 8.99942249 0.00000000
    endloop
  endfacet
  facet normal 0.00000000 0.00000000 1.00000000
    outer loop
      vertex -43.04057244 9.03041959 0.00000000
      vertex -43.22895107 8.64118340 0.00000000
      vertex -42.99145010 8.67620280 0.00000000
    endloop
  endfacet
  facet normal 0.00000000 0.00000000 1.00000000
    outer loop
      vertex -43.04057244 9.03041959 0.00000000
      vertex -43.27863121 8.99942249 0.00000000
      vertex -43.22895107 8.64118340 0.00000000
    endloop
  endfacet
  facet normal 0.00000000 0.00000000 1.00000000
    outer loop
      vertex -42.99145010 8.67620280 0.00000000
      vertex -43.17400255 8.28949609 0.00000000
      vertex -42.93714909 8.32865974 0.00000000
    endloop
  endfacet
  facet normal 0.00000000 0.00000000 1.00000000
    outer loop
      vertex -42.99145010 8.67620280 0.00000000
      vertex -43.22895107 8.64118340 0.00000000
      vertex -43.17400255 8.28949609 0.00000000
    endloop
  endfacet
  facet normal 0.00000000 0.00000000 1.00000000
    outer loop
      vertex -42.93714909 8.32865974 0.00000000
      vertex -43.11378192 7.94435978 0.00000000
      vertex -42.87767312 7.98779122 0.00000000
    endloop
  endfacet
  facet normal 0.00000000 0.00000000 1.00000000
    outer loop
      vertex -42.93714909 8.32865974 0.00000000
      vertex -43.17400255 8.28949609 0.00000000
      vertex -43.11378192 7.94435978 0.00000000
    endloop
  endfacet
  facet normal 0.00000000 0.00000000 1.00000000
    outer loop
      vertex -42.87767312 7.98779122 0.00000000
      vertex -43.04828525 7.60577386 0.00000000
      vertex -42.81302615 7.65359783 0.00000000
    endloop
  endfacet
  facet normal 0.00000000 0.00000000 1.00000000
    outer loop
      vertex -42.87767312 7.98779122 0.00000000
      vertex -43.11378192 7.94435978 0.00000000
      vertex -43.04828525 7.60577386 0.00000000
    endloop
  endfacet
  facet normal 0.00000000 0.00000000 1.00000000
    outer loop
      vertex -42.81302615 7.65359783 0.00000000
      vertex -42.97750838 7.27373801 0.00000000
      vertex -42.74321232 7.32607991 0.00000000
    endloop
  endfacet
  facet normal 0.00000000 0.00000000 1.00000000
    outer loop
      vertex -42.81302615 7.65359783 0.00000000
      vertex -43.04828525 7.60577386 0.00000000
      vertex -42.97750838 7.27373801 0.00000000
    endloop
  endfacet
  facet normal 0.00000000 0.00000000 1.00000000
    outer loop
      vertex -42.74321232 7.32607991 0.00000000
      vertex -42.90144695 6.94825217 0.00000000
      vertex -42.66823599 7.00523750 0.00000000
    endloop
  endfacet
  facet normal 0.00000000 0.00000000 1.00000000
    outer loop
      vertex -42.74321232 7.32607991 0.00000000
      vertex -42.97750838 7.27373801 0.00000000
      vertex -42.90144695 6.94825217 0.00000000
    endloop
  endfacet
  facet normal 0.00000000 0.00000000 1.00000000
    outer loop
      vertex -42.66823599 7.00523750 0.00000000
      vertex -42.82009641 6.62931663 0.00000000
      vertex -42.58810171 6.69107032 0.00000000
    endloop
  endfacet
  facet normal 0.00000000 0.00000000 1.00000000
    outer loop
      vertex -42.66823599 7.00523750 0.00000000
      vertex -42.90144695 6.94825217 0.00000000
      vertex -42.82009641 6.62931663 0.00000000
    endloop
  endfacet
  facet normal 0.00000000 0.00000000 1.00000000
    outer loop
      vertex -42.58810171 6.69107032 0.00000000
      vertex -42.73345205 6.31693207 0.00000000
      vertex -42.50281420 6.38357768 0.00000000
    endloop
  endfacet
  facet normal 0.00000000 0.00000000 1.00000000
    outer loop
      vertex -42.58810171 6.69107032 0.00000000
      vertex -42.82009641 6.62931663 0.00000000
      vertex -42.73345205 6.31693207 0.00000000
    endloop
  endfacet
  facet normal 0.00000000 0.00000000 1.00000000
    outer loop
      vertex -42.50281420 6.38357768 0.00000000
      vertex -42.64150901 6.01109961 0.00000000
      vertex -42.41237831 6.08275848 0.00000000
    endloop
  endfacet
  facet normal 0.00000000 0.00000000 1.00000000
    outer loop
      vertex -42.50281420 6.38357768 0.00000000
      vertex -42.73345205 6.31693207 0.00000000
      vertex -42.64150901 6.01109961 0.00000000
    endloop
  endfacet
  facet normal 0.00000000 0.00000000 1.00000000
    outer loop
      vertex -42.41237831 6.08275848 0.00000000
      vertex -42.54426232 5.71182082 0.00000000
      vertex -42.31679902 5.78861113 0.00000000
    endloop
  endfacet
  facet normal 0.00000000 0.00000000 1.00000000
    outer loop
      vertex -42.41237831 6.08275848 0.00000000
      vertex -42.64150901 6.01109961 0.00000000
      vertex -42.54426232 5.71182082 0.00000000
    endloop
  endfacet
  facet normal 0.00000000 0.00000000 1.00000000
    outer loop
      vertex -42.31679902 5.78861113 0.00000000
      vertex -42.44170695 5.41909785 0.00000000
      vertex -42.21608135 5.50113350 0.00000000
    endloop
  endfacet
  facet normal 0.00000000 0.00000000 1.00000000
    outer loop
      vertex -42.31679902 5.78861113 0.00000000
      vertex -42.54426232 5.71182082 0.00000000
      vertex -42.44170695 5.41909785 0.00000000
    endloop
  endfacet
  facet normal 0.00000000 0.00000000 1.00000000
    outer loop
      vertex -42.21608135 5.50113350 0.00000000
      vertex -42.33383784 5.13293338 0.00000000
      vertex -42.11023036 5.22032289 0.00000000
    endloop
  endfacet
  facet normal 0.00000000 0.00000000 1.00000000
    outer loop
      vertex -42.21608135 5.50113350 0.00000000
      vertex -42.44170695 5.41909785 0.00000000
      vertex -42.33383784 5.13293338 0.00000000
    endloop
  endfacet
  facet normal 0.00000000 0.00000000 1.00000000
    outer loop
      vertex -42.11023036 5.22032289 0.00000000
      vertex -42.22241725 4.85769635 0.00000000
      vertex -41.99748380 4.94181037 0.00000000
    endloop
  endfacet
  facet normal 0.00000000 0.00000000 1.00000000
    outer loop
      vertex -42.11023036 5.22032289 0.00000000
      vertex -42.33383784 5.13293338 0.00000000
      vertex -42.22241725 4.85769635 0.00000000
    endloop
  endfacet
  facet normal 0.00000000 0.00000000 1.00000000
    outer loop
      vertex -41.99748380 4.94181037 0.00000000
      vertex -42.07368378 4.42495070 0.00000000
      vertex -41.84849469 4.50832095 0.00000000
    endloop
  endfacet
  facet normal 0.00000000 0.00000000 1.00000000
    outer loop
      vertex -41.99748380 4.94181037 0.00000000
      vertex -42.22241725 4.85769635 0.00000000
      vertex -42.07368378 4.42495070 0.00000000
    endloop
  endfacet
  facet normal 0.00000000 0.00000000 1.00000000
    outer loop
      vertex -41.84849469 4.50832095 0.00000000
      vertex -41.90900058 4.01035672 0.00000000
      vertex -41.68815219 4.10465480 0.00000000
    endloop
  endfacet
  facet normal 0.00000000 0.00000000 1.00000000
    outer loop
      vertex -41.84849469 4.50832095 0.00000000
      vertex -42.07368378 4.42495070 0.00000000
      vertex -41.90900058 4.01035672 0.00000000
    endloop
  endfacet
  facet normal 0.00000000 0.00000000 1.00000000
    outer loop
      vertex -41.68815219 4.10465480 0.00000000
      vertex -41.73019446 3.61943867 0.00000000
      vertex -41.51462948 3.72528769 0.00000000
    endloop
  endfacet
  facet normal 0.00000000 0.00000000 1.00000000
    outer loop
      vertex -41.68815219 4.10465480 0.00000000
      vertex -41.90900058 4.01035672 0.00000000
      vertex -41.73019446 3.61943867 0.00000000
    endloop
  endfacet
  facet normal 0.00000000 0.00000000 1.00000000
    outer loop
      vertex -41.51462948 3.72528769 0.00000000
      vertex -41.53719547 3.25222736 0.00000000
      vertex -41.32799654 3.37018879 0.00000000
    endloop
  endfacet
  facet normal 0.00000000 0.00000000 1.00000000
    outer loop
      vertex -41.51462948 3.72528769 0.00000000
      vertex -41.73019446 3.61943867 0.00000000
      vertex -41.53719547 3.25222736 0.00000000
    endloop
  endfacet
  facet normal 0.00000000 0.00000000 1.00000000
    outer loop
      vertex -41.32799654 3.37018879 0.00000000
      vertex -41.32993462 2.90877381 0.00000000
      vertex -41.12832232 3.03930710 0.00000000
    endloop
  endfacet
  facet normal 0.00000000 0.00000000 1.00000000
    outer loop
      vertex -41.32799654 3.37018879 0.00000000
      vertex -41.53719547 3.25222736 0.00000000
      vertex -41.32993462 2.90877381 0.00000000
    endloop
  endfacet
  facet normal 0.00000000 0.00000000 1.00000000
    outer loop
      vertex -41.12832232 3.03930710 0.00000000
      vertex -41.10835003 2.58915248 0.00000000
      vertex -40.91566871 2.73256813 0.00000000
    endloop
  endfacet
  facet normal 0.00000000 0.00000000 1.00000000
    outer loop
      vertex -41.12832232 3.03930710 0.00000000
      vertex -41.32993462 2.90877381 0.00000000
      vertex -41.10835003 2.58915248 0.00000000
    endloop
  endfacet
  facet normal 0.00000000 0.00000000 1.00000000
    outer loop
      vertex -40.91566871 2.73256813 0.00000000
      vertex -40.87239490 2.29346283 0.00000000
      vertex -40.69008254 2.44987245 0.00000000
    endloop
  endfacet
  facet normal 0.00000000 0.00000000 1.00000000
    outer loop
      vertex -40.91566871 2.73256813 0.00000000
      vertex -41.10835003 2.58915248 0.00000000
      vertex -40.87239490 2.29346283 0.00000000
    endloop
  endfacet
  facet normal 0.00000000 0.00000000 1.00000000
    outer loop
      vertex -40.69008254 2.44987245 0.00000000
      vertex -40.62204667 2.02182774 0.00000000
      vertex -40.45158633 2.19109715 0.00000000
    endloop
  endfacet
  facet normal 0.00000000 0.00000000 1.00000000
    outer loop
      vertex -40.69008254 2.44987245 0.00000000
      vertex -40.87239490 2.29346283 0.00000000
      vertex -40.62204667 2.02182774 0.00000000
    endloop
  endfacet
  facet normal 0.00000000 0.00000000 1.00000000
    outer loop
      vertex -40.45158633 2.19109715 0.00000000
      vertex -40.35731617 1.77438809 0.00000000
      vertex -40.20016928 1.95610138 0.00000000
    endloop
  endfacet
  facet normal 0.00000000 0.00000000 1.00000000
    outer loop
      vertex -40.45158633 2.19109715 0.00000000
      vertex -40.62204667 2.02182774 0.00000000
      vertex -40.35731617 1.77438809 0.00000000
    endloop
  endfacet
  facet normal 0.00000000 0.00000000 1.00000000
    outer loop
      vertex -40.20016928 1.95610138 0.00000000
      vertex -40.07825437 1.55129274 0.00000000
      vertex -39.93578040 1.74473626 0.00000000
    endloop
  endfacet
  facet normal 0.00000000 0.00000000 1.00000000
    outer loop
      vertex -40.20016928 1.95610138 0.00000000
      vertex -40.35731617 1.77438809 0.00000000
      vertex -40.07825437 1.55129274 0.00000000
    endloop
  endfacet
  facet normal 0.00000000 0.00000000 1.00000000
    outer loop
      vertex -39.93578040 1.74473626 0.00000000
      vertex -39.78495473 1.35268511 0.00000000
      vertex -39.65832623 1.55685838 0.00000000
    endloop
  endfacet
  facet normal 0.00000000 0.00000000 1.00000000
    outer loop
      vertex -39.93578040 1.74473626 0.00000000
      vertex -40.07825437 1.55129274 0.00000000
      vertex -39.78495473 1.35268511 0.00000000
    endloop
  endfacet
  facet normal 0.00000000 0.00000000 1.00000000
    outer loop
      vertex -39.65832623 1.55685838 0.00000000
      vertex -39.47754924 1.17868829 0.00000000
      vertex -39.36767480 1.39234465 0.00000000
    endloop
  endfacet
  facet normal 0.00000000 0.00000000 1.00000000
    outer loop
      vertex -39.65832623 1.55685838 0.00000000
      vertex -39.78495473 1.35268511 0.00000000
      vertex -39.47754924 1.17868829 0.00000000
    endloop
  endfacet
  facet normal 0.00000000 0.00000000 1.00000000
    outer loop
      vertex -39.36767480 1.39234465 0.00000000
      vertex -39.15619815 1.02939200 0.00000000
      vertex -39.06366586 1.25110534 0.00000000
    endloop
  endfacet
  facet normal 0.00000000 0.00000000 1.00000000
    outer loop
      vertex -39.36767480 1.39234465 0.00000000
      vertex -39.47754924 1.17868829 0.00000000
      vertex -39.15619815 1.02939200 0.00000000
    endloop
  endfacet
  facet normal 0.00000000 0.00000000 1.00000000
    outer loop
      vertex -39.06366586 1.25110534 0.00000000
      vertex -38.82107501 0.90484432 0.00000000
      vertex -38.74612583 1.13309238 0.00000000
    endloop
  endfacet
  facet normal 0.00000000 0.00000000 1.00000000
    outer loop
      vertex -39.06366586 1.25110534 0.00000000
      vertex -39.15619815 1.02939200 0.00000000
      vertex -38.82107501 0.90484432 0.00000000
    endloop
  endfacet
  facet normal 0.00000000 0.00000000 1.00000000
    outer loop
      vertex -38.74612583 1.13309238 0.00000000
      vertex -38.47235023 0.80504989 0.00000000
      vertex -38.41488432 1.03830113 0.00000000
    endloop
  endfacet
  facet normal 0.00000000 0.00000000 1.00000000
    outer loop
      vertex -38.74612583 1.13309238 0.00000000
      vertex -38.82107501 0.90484432 0.00000000
      vertex -38.47235023 0.80504989 0.00000000
    endloop
  endfacet
  facet normal 0.00000000 0.00000000 1.00000000
    outer loop
      vertex -38.41488432 1.03830113 0.00000000
      vertex -38.11017648 0.72997446 0.00000000
      vertex -38.06978866 0.96676583 0.00000000
    endloop
  endfacet
  facet normal 0.00000000 0.00000000 1.00000000
    outer loop
      vertex -38.41488432 1.03830113 0.00000000
      vertex -38.47235023 0.80504989 0.00000000
      vertex -38.11017648 0.72997446 0.00000000
    endloop
  endfacet
  facet normal 0.00000000 0.00000000 1.00000000
    outer loop
      vertex -38.06978866 0.96676583 0.00000000
      vertex -37.73467859 0.67955395 0.00000000
      vertex -37.71071401 0.91855058 0.00000000
    endloop
  endfacet
  facet normal 0.00000000 0.00000000 1.00000000
    outer loop
      vertex -38.06978866 0.96676583 0.00000000
      vertex -38.11017648 0.72997446 0.00000000
      vertex -37.73467859 0.67955395 0.00000000
    endloop
  endfacet
  facet normal 0.00000000 0.00000000 1.00000000
    outer loop
      vertex -37.71071401 0.91855058 0.00000000
      vertex -37.33920007 0.65325666 0.00000000
      vertex -37.34431688 0.89418705 0.00000000
    endloop
  endfacet
  facet normal 0.00000000 0.00000000 1.00000000
    outer loop
      vertex -37.71071401 0.91855058 0.00000000
      vertex -37.73467859 0.67955395 0.00000000
      vertex -37.33920007 0.65325666 0.00000000
    endloop
  endfacet
  facet normal -0.00000000 0.00000000 1.00000000
    outer loop
      vertex -37.34431688 0.89418705 0.00000000
      vertex -36.05207374 0.79393733 0.00000000
      vertex -36.07815674 1.03257615 0.00000000
    endloop
  endfacet
  facet normal 0.00000000 0.00000000 1.00000000
    outer loop
      vertex -37.34431688 0.89418705 0.00000000
      vertex -37.33920007 0.65325666 0.00000000
      vertex -36.05207374 0.79393733 0.00000000
    endloop
  endfacet
  facet normal -0.00000000 0.00000000 1.00000000
    outer loop
      vertex -36.07815674 1.03257615 0.00000000
      vertex -34.77544884 0.93347223 0.00000000
      vertex -34.80153222 1.17211101 0.00000000
    endloop
  endfacet
  facet normal 0.00000000 0.00000000 1.00000000
    outer loop
      vertex -36.07815674 1.03257615 0.00000000
      vertex -36.05207374 0.79393733 0.00000000
      vertex -34.77544884 0.93347223 0.00000000
    endloop
  endfacet
  facet normal -0.00000000 0.00000000 1.00000000
    outer loop
      vertex -34.80153222 1.17211101 0.00000000
      vertex -33.49884247 1.07300713 0.00000000
      vertex -33.52492621 1.31164588 0.00000000
    endloop
  endfacet
  facet normal 0.00000000 0.00000000 1.00000000
    outer loop
      vertex -34.80153222 1.17211101 0.00000000
      vertex -34.77544884 0.93347223 0.00000000
      vertex -33.49884247 1.07300713 0.00000000
    endloop
  endfacet
  facet normal -0.00000000 0.00000000 1.00000000
    outer loop
      vertex -33.52492621 1.31164588 0.00000000
      vertex -32.22225462 1.21254204 0.00000000
      vertex -32.24833874 1.45118074 0.00000000
    endloop
  endfacet
  facet normal 0.00000000 0.00000000 1.00000000
    outer loop
      vertex -33.52492621 1.31164588 0.00000000
      vertex -33.49884247 1.07300713 0.00000000
      vertex -32.22225462 1.21254204 0.00000000
    endloop
  endfacet
  facet normal -0.00000000 0.00000000 1.00000000
    outer loop
      vertex -32.24833874 1.45118074 0.00000000
      vertex -30.94568529 1.35207694 0.00000000
      vertex -30.97176978 1.59071560 0.00000000
    endloop
  endfacet
  facet normal 0.00000000 0.00000000 1.00000000
    outer loop
      vertex -32.24833874 1.45118074 0.00000000
      vertex -32.22225462 1.21254204 0.00000000
      vertex -30.94568529 1.35207694 0.00000000
    endloop
  endfacet
  facet normal -0.00000000 0.00000000 1.00000000
    outer loop
      vertex -30.97176978 1.59071560 0.00000000
      vertex -29.66913448 1.49161185 0.00000000
      vertex -29.69521935 1.73025047 0.00000000
    endloop
  endfacet
  facet normal 0.00000000 0.00000000 1.00000000
    outer loop
      vertex -30.97176978 1.59071560 0.00000000
      vertex -30.94568529 1.35207694 0.00000000
      vertex -29.66913448 1.49161185 0.00000000
    endloop
  endfacet
  facet normal -0.00000000 0.00000000 1.00000000
    outer loop
      vertex -29.69521935 1.73025047 0.00000000
      vertex -28.39260220 1.63114675 0.00000000
      vertex -28.41868744 1.86978533 0.00000000
    endloop
  endfacet
  facet normal 0.00000000 0.00000000 1.00000000
    outer loop
      vertex -29.69521935 1.73025047 0.00000000
      vertex -29.66913448 1.49161185 0.00000000
      vertex -28.39260220 1.63114675 0.00000000
    endloop
  endfacet
  facet normal -0.00000000 0.00000000 1.00000000
    outer loop
      vertex -28.41868744 1.86978533 0.00000000
      vertex -27.11608844 1.77068166 0.00000000
      vertex -27.14217405 2.00932019 0.00000000
    endloop
  endfacet
  facet normal 0.00000000 0.00000000 1.00000000
    outer loop
      vertex -28.41868744 1.86978533 0.00000000
      vertex -28.39260220 1.63114675 0.00000000
      vertex -27.11608844 1.77068166 0.00000000
    endloop
  endfacet
  facet normal -0.00000000 0.00000000 1.00000000
    outer loop
      vertex -27.14217405 2.00932019 0.00000000
      vertex -25.83959320 1.91021656 0.00000000
      vertex -25.86567919 2.14885506 0.00000000
    endloop
  endfacet
  facet normal 0.00000000 0.00000000 1.00000000
    outer loop
      vertex -27.14217405 2.00932019 0.00000000
      vertex -27.11608844 1.77068166 0.00000000
      vertex -25.83959320 1.91021656 0.00000000
    endloop
  endfacet
  facet normal -0.00000000 0.00000000 1.00000000
    outer loop
      vertex -25.86567919 2.14885506 0.00000000
      vertex -24.56311649 2.04975146 0.00000000
      vertex -24.58920285 2.28838992 0.00000000
    endloop
  endfacet
  facet normal 0.00000000 0.00000000 1.00000000
    outer loop
      vertex -25.86567919 2.14885506 0.00000000
      vertex -25.83959320 1.91021656 0.00000000
      vertex -24.56311649 2.04975146 0.00000000
    endloop
  endfacet
  facet normal -0.00000000 0.00000000 1.00000000
    outer loop
      vertex -24.58920285 2.28838992 0.00000000
      vertex -23.28665830 2.18928637 0.00000000
      vertex -23.31274504 2.42792478 0.00000000
    endloop
  endfacet
  facet normal 0.00000000 0.00000000 1.00000000
    outer loop
      vertex -24.58920285 2.28838992 0.00000000
      vertex -24.56311649 2.04975146 0.00000000
      vertex -23.28665830 2.18928637 0.00000000
    endloop
  endfacet
  facet normal -0.00000000 0.00000000 1.00000000
    outer loop
      vertex -23.31274504 2.42792478 0.00000000
      vertex -22.01021863 2.32882127 0.00000000
      vertex -22.03630574 2.56745965 0.00000000
    endloop
  endfacet
  facet normal 0.00000000 0.00000000 1.00000000
    outer loop
      vertex -23.31274504 2.42792478 0.00000000
      vertex -23.28665830 2.18928637 0.00000000
      vertex -22.01021863 2.32882127 0.00000000
    endloop
  endfacet
  facet normal -0.00000000 0.00000000 1.00000000
    outer loop
      vertex -22.03630574 2.56745965 0.00000000
      vertex -20.73379749 2.46835618 0.00000000
      vertex -20.75988497 2.70699451 0.00000000
    endloop
  endfacet
  facet normal 0.00000000 0.00000000 1.00000000
    outer loop
      vertex -22.03630574 2.56745965 0.00000000
      vertex -22.01021863 2.32882127 0.00000000
      vertex -20.73379749 2.46835618 0.00000000
    endloop
  endfacet
  facet normal -0.00000000 0.00000000 1.00000000
    outer loop
      vertex -20.75988497 2.70699451 0.00000000
      vertex -19.45739487 2.60789108 0.00000000
      vertex -19.48348273 2.84652937 0.00000000
    endloop
  endfacet
  facet normal 0.00000000 0.00000000 1.00000000
    outer loop
      vertex -20.75988497 2.70699451 0.00000000
      vertex -20.73379749 2.46835618 0.00000000
      vertex -19.45739487 2.60789108 0.00000000
    endloop
  endfacet
  facet normal -0.00000000 0.00000000 1.00000000
    outer loop
      vertex -19.48348273 2.84652937 0.00000000
      vertex -18.18101077 2.74742598 0.00000000
      vertex -18.20709900 2.98606424 0.00000000
    endloop
  endfacet
  facet normal 0.00000000 0.00000000 1.00000000
    outer loop
      vertex -19.48348273 2.84652937 0.00000000
      vertex -19.45739487 2.60789108 0.00000000
      vertex -18.18101077 2.74742598 0.00000000
    endloop
  endfacet
  facet normal -0.00000000 0.00000000 1.00000000
    outer loop
      vertex -18.20709900 2.98606424 0.00000000
      vertex -16.90464519 2.88696089 0.00000000
      vertex -16.93073380 3.12559910 0.00000000
    endloop
  endfacet
  facet normal 0.00000000 0.00000000 1.00000000
    outer loop
      vertex -18.20709900 2.98606424 0.00000000
      vertex -18.18101077 2.74742598 0.00000000
      vertex -16.90464519 2.88696089 0.00000000
    endloop
  endfacet
  facet normal -0.00000000 0.00000000 1.00000000
    outer loop
      vertex -16.93073380 3.12559910 0.00000000
      vertex -15.62829814 3.02649579 0.00000000
      vertex -15.65438712 3.26513396 0.00000000
    endloop
  endfacet
  facet normal 0.00000000 0.00000000 1.00000000
    outer loop
      vertex -16.93073380 3.12559910 0.00000000
      vertex -16.90464519 2.88696089 0.00000000
      vertex -15.62829814 3.02649579 0.00000000
    endloop
  endfacet
  facet normal -0.00000000 0.00000000 1.00000000
    outer loop
      vertex -15.65438712 3.26513396 0.00000000
      vertex -14.23351951 3.17898028 0.00000000
      vertex -14.49650907 3.39171924 0.00000000
    endloop
  endfacet
  facet normal 0.00000000 0.00000000 1.00000000
    outer loop
      vertex -15.65438712 3.26513396 0.00000000
      vertex -15.62829814 3.02649579 0.00000000
      vertex -14.23351951 3.17898028 0.00000000
    endloop
  endfacet
  facet normal 0.00000000 -0.00000000 1.00000000
    outer loop
      vertex -14.49650907 3.39171924 0.00000000
      vertex -14.31612542 3.98935782 0.00000000
      vertex -14.55494769 3.96501169 0.00000000
    endloop
  endfacet
  facet normal -0.00000000 0.00000000 1.00000000
    outer loop
      vertex -14.49650907 3.39171924 0.00000000
      vertex -14.23351951 3.17898028 0.00000000
      vertex -14.31612542 3.98935782 0.00000000
    endloop
  endfacet
  facet normal 0.00000000 -0.00000000 1.00000000
    outer loop
      vertex -14.55494769 3.96501169 0.00000000
      vertex -14.38665712 4.68118530 0.00000000
      vertex -14.62547903 4.65683568 0.00000000
    endloop
  endfacet
  facet normal 0.00000000 0.00000000 1.00000000
    outer loop
      vertex -14.55494769 3.96501169 0.00000000
      vertex -14.31612542 3.98935782 0.00000000
      vertex -14.38665712 4.68118530 0.00000000
    endloop
  endfacet
  facet normal 0.00000000 -0.00000000 1.00000000
    outer loop
      vertex -14.62547903 4.65683568 0.00000000
      vertex -14.45719808 5.37300352 0.00000000
      vertex -14.69601964 5.34865041 0.00000000
    endloop
  endfacet
  facet normal 0.00000000 0.00000000 1.00000000
    outer loop
      vertex -14.62547903 4.65683568 0.00000000
      vertex -14.38665712 4.68118530 0.00000000
      vertex -14.45719808 5.37300352 0.00000000
    endloop
  endfacet
  facet normal 0.00000000 -0.00000000 1.00000000
    outer loop
      vertex -14.69601964 5.34865041 0.00000000
      vertex -14.52774830 6.06481247 0.00000000
      vertex -14.76656950 6.04045588 0.00000000
    endloop
  endfacet
  facet normal 0.00000000 0.00000000 1.00000000
    outer loop
      vertex -14.69601964 5.34865041 0.00000000
      vertex -14.45719808 5.37300352 0.00000000
      vertex -14.52774830 6.06481247 0.00000000
    endloop
  endfacet
  facet normal 0.00000000 -0.00000000 1.00000000
    outer loop
      vertex -14.76656950 6.04045588 0.00000000
      vertex -14.59830778 6.75661216 0.00000000
      vertex -14.83712863 6.73225209 0.00000000
    endloop
  endfacet
  facet normal 0.00000000 0.00000000 1.00000000
    outer loop
      vertex -14.76656950 6.04045588 0.00000000
      vertex -14.52774830 6.06481247 0.00000000
      vertex -14.59830778 6.75661216 0.00000000
    endloop
  endfacet
  facet normal 0.00000000 -0.00000000 1.00000000
    outer loop
      vertex -14.83712863 6.73225209 0.00000000
      vertex -14.66887653 7.44840260 0.00000000
      vertex -14.90769702 7.42403903 0.00000000
    endloop
  endfacet
  facet normal 0.00000000 0.00000000 1.00000000
    outer loop
      vertex -14.83712863 6.73225209 0.00000000
      vertex -14.59830778 6.75661216 0.00000000
      vertex -14.66887653 7.44840260 0.00000000
    endloop
  endfacet
  facet normal 0.00000000 -0.00000000 1.00000000
    outer loop
      vertex -14.90769702 7.42403903 0.00000000
      vertex -14.73945454 8.14018377 0.00000000
      vertex -14.97827467 8.11581671 0.00000000
    endloop
  endfacet
  facet normal 0.00000000 0.00000000 1.00000000
    outer loop
      vertex -14.90769702 7.42403903 0.00000000
      vertex -14.66887653 7.44840260 0.00000000
      vertex -14.73945454 8.14018377 0.00000000
    endloop
  endfacet
  facet normal 0.00000000 -0.00000000 1.00000000
    outer loop
      vertex -14.97827467 8.11581671 0.00000000
      vertex -14.81004181 8.83195567 0.00000000
      vertex -15.04886159 8.80758513 0.00000000
    endloop
  endfacet
  facet normal 0.00000000 0.00000000 1.00000000
    outer loop
      vertex -14.97827467 8.11581671 0.00000000
      vertex -14.73945454 8.14018377 0.00000000
      vertex -14.81004181 8.83195567 0.00000000
    endloop
  endfacet
  facet normal 0.00000000 -0.00000000 1.00000000
    outer loop
      vertex -15.04886159 8.80758513 0.00000000
      vertex -14.88063834 9.52371832 0.00000000
      vertex -15.11945776 9.49934429 0.00000000
    endloop
  endfacet
  facet normal 0.00000000 0.00000000 1.00000000
    outer loop
      vertex -15.04886159 8.80758513 0.00000000
      vertex -14.81004181 8.83195567 0.00000000
      vertex -14.88063834 9.52371832 0.00000000
    endloop
  endfacet
  facet normal 0.00000000 -0.00000000 1.00000000
    outer loop
      vertex -15.11945776 9.49934429 0.00000000
      vertex -14.95124413 10.21547171 0.00000000
      vertex -15.19006320 10.19109419 0.00000000
    endloop
  endfacet
  facet normal 0.00000000 0.00000000 1.00000000
    outer loop
      vertex -15.11945776 9.49934429 0.00000000
      vertex -14.88063834 9.52371832 0.00000000
      vertex -14.95124413 10.21547171 0.00000000
    endloop
  endfacet
  facet normal 0.00000000 -0.00000000 1.00000000
    outer loop
      vertex -15.19006320 10.19109419 0.00000000
      vertex -15.02185918 10.90721583 0.00000000
      vertex -15.26067790 10.88283483 0.00000000
    endloop
  endfacet
  facet normal 0.00000000 0.00000000 1.00000000
    outer loop
      vertex -15.19006320 10.19109419 0.00000000
      vertex -14.95124413 10.21547171 0.00000000
      vertex -15.02185918 10.90721583 0.00000000
    endloop
  endfacet
  facet normal 0.00000000 -0.00000000 1.00000000
    outer loop
      vertex -15.26067790 10.88283483 0.00000000
      vertex -15.09248350 11.59895069 0.00000000
      vertex -15.33130186 11.57456620 0.00000000
    endloop
  endfacet
  facet normal 0.00000000 0.00000000 1.00000000
    outer loop
      vertex -15.26067790 10.88283483 0.00000000
      vertex -15.02185918 10.90721583 0.00000000
      vertex -15.09248350 11.59895069 0.00000000
    endloop
  endfacet
  facet normal 0.00000000 -0.00000000 1.00000000
    outer loop
      vertex -15.33130186 11.57456620 0.00000000
      vertex -15.16311708 12.29067629 0.00000000
      vertex -15.40193508 12.26628831 0.00000000
    endloop
  endfacet
  facet normal 0.00000000 0.00000000 1.00000000
    outer loop
      vertex -15.33130186 11.57456620 0.00000000
      vertex -15.09248350 11.59895069 0.00000000
      vertex -15.16311708 12.29067629 0.00000000
    endloop
  endfacet
  facet normal 0.00000000 -0.00000000 1.00000000
    outer loop
      vertex -15.40193508 12.26628831 0.00000000
      vertex -15.23375991 12.98239263 0.00000000
      vertex -15.47257756 12.95800117 0.00000000
    endloop
  endfacet
  facet normal 0.00000000 0.00000000 1.00000000
    outer loop
      vertex -15.40193508 12.26628831 0.00000000
      vertex -15.16311708 12.29067629 0.00000000
      vertex -15.23375991 12.98239263 0.00000000
    endloop
  endfacet
  facet normal 0.00000000 -0.00000000 1.00000000
    outer loop
      vertex -15.47257756 12.95800117 0.00000000
      vertex -15.30441202 13.67409971 0.00000000
      vertex -15.54322930 13.64970476 0.00000000
    endloop
  endfacet
  facet normal 0.00000000 0.00000000 1.00000000
    outer loop
      vertex -15.47257756 12.95800117 0.00000000
      vertex -15.23375991 12.98239263 0.00000000
      vertex -15.30441202 13.67409971 0.00000000
    endloop
  endfacet
  facet normal 0.00000000 -0.00000000 1.00000000
    outer loop
      vertex -15.54322930 13.64970476 0.00000000
      vertex -15.37507338 14.36579753 0.00000000
      vertex -15.61389031 14.34139908 0.00000000
    endloop
  endfacet
  facet normal 0.00000000 0.00000000 1.00000000
    outer loop
      vertex -15.54322930 13.64970476 0.00000000
      vertex -15.30441202 13.67409971 0.00000000
      vertex -15.37507338 14.36579753 0.00000000
    endloop
  endfacet
  facet normal 0.00000000 -0.00000000 1.00000000
    outer loop
      vertex -15.61389031 14.34139908 0.00000000
      vertex -15.44574400 15.05748608 0.00000000
      vertex -15.68456058 15.03308415 0.00000000
    endloop
  endfacet
  facet normal 0.00000000 0.00000000 1.00000000
    outer loop
      vertex -15.61389031 14.34139908 0.00000000
      vertex -15.37507338 14.36579753 0.00000000
      vertex -15.44574400 15.05748608 0.00000000
    endloop
  endfacet
  facet normal 0.00000000 -0.00000000 1.00000000
    outer loop
      vertex -15.68456058 15.03308415 0.00000000
      vertex -15.51614569 15.74644294 0.00000000
      vertex -15.75551830 15.72748239 0.00000000
    endloop
  endfacet
  facet normal 0.00000000 0.00000000 1.00000000
    outer loop
      vertex -15.68456058 15.03308415 0.00000000
      vertex -15.44574400 15.05748608 0.00000000
      vertex -15.51614569 15.74644294 0.00000000
    endloop
  endfacet
  facet normal 0.00000000 -0.00000000 1.00000000
    outer loop
      vertex -15.75551830 15.72748239 0.00000000
      vertex -15.52890210 15.97295935 0.00000000
      vertex -15.76895363 15.96605448 0.00000000
    endloop
  endfacet
  facet normal 0.00000000 0.00000000 1.00000000
    outer loop
      vertex -15.75551830 15.72748239 0.00000000
      vertex -15.51614569 15.74644294 0.00000000
      vertex -15.52890210 15.97295935 0.00000000
    endloop
  endfacet
  facet normal 0.00000000 -0.00000000 1.00000000
    outer loop
      vertex -15.76895363 15.96605448 0.00000000
      vertex -15.52917120 16.18717879 0.00000000
      vertex -15.76924022 16.19419562 0.00000000
    endloop
  endfacet
  facet normal 0.00000000 0.00000000 1.00000000
    outer loop
      vertex -15.76895363 15.96605448 0.00000000
      vertex -15.52890210 15.97295935 0.00000000
      vertex -15.52917120 16.18717879 0.00000000
    endloop
  endfacet
  facet normal 0.00000000 0.00000000 1.00000000
    outer loop
      vertex -15.76924022 16.19419562 0.00000000
      vertex -15.51709074 16.38930344 0.00000000
      vertex -15.75624033 16.41170366 0.00000000
    endloop
  endfacet
  facet normal -0.00000000 0.00000000 1.00000000
    outer loop
      vertex -15.76924022 16.19419562 0.00000000
      vertex -15.52917120 16.18717879 0.00000000
      vertex -15.51709074 16.38930344 0.00000000
    endloop
  endfacet
  facet normal 0.00000000 0.00000000 1.00000000
    outer loop
      vertex -15.75624033 16.41170366 0.00000000
      vertex -15.49281009 16.57932302 0.00000000
      vertex -15.72980460 16.61858886 0.00000000
    endloop
  endfacet
  facet normal -0.00000000 0.00000000 1.00000000
    outer loop
      vertex -15.75624033 16.41170366 0.00000000
      vertex -15.51709074 16.38930344 0.00000000
      vertex -15.49281009 16.57932302 0.00000000
    endloop
  endfacet
  facet normal 0.00000000 0.00000000 1.00000000
    outer loop
      vertex -15.72980460 16.61858886 0.00000000
      vertex -15.45649882 16.75727201 0.00000000
      vertex -15.68976345 16.81481675 0.00000000
    endloop
  endfacet
  facet normal -0.00000000 0.00000000 1.00000000
    outer loop
      vertex -15.72980460 16.61858886 0.00000000
      vertex -15.49281009 16.57932302 0.00000000
      vertex -15.45649882 16.75727201 0.00000000
    endloop
  endfacet
  facet normal 0.00000000 0.00000000 1.00000000
    outer loop
      vertex -15.68976345 16.81481675 0.00000000
      vertex -15.40833367 16.92324759 0.00000000
      vertex -15.63594014 17.00029014 0.00000000
    endloop
  endfacet
  facet normal -0.00000000 0.00000000 1.00000000
    outer loop
      vertex -15.68976345 16.81481675 0.00000000
      vertex -15.45649882 16.75727201 0.00000000
      vertex -15.40833367 16.92324759 0.00000000
    endloop
  endfacet
  facet normal 0.00000000 0.00000000 1.00000000
    outer loop
      vertex -15.63594014 17.00029014 0.00000000
      vertex -15.34847521 17.07742438 0.00000000
      vertex -15.56817410 17.17483442 0.00000000
    endloop
  endfacet
  facet normal -0.00000000 0.00000000 1.00000000
    outer loop
      vertex -15.63594014 17.00029014 0.00000000
      vertex -15.40833367 16.92324759 0.00000000
      vertex -15.34847521 17.07742438 0.00000000
    endloop
  endfacet
  facet normal 0.00000000 0.00000000 1.00000000
    outer loop
      vertex -15.56817410 17.17483442 0.00000000
      vertex -15.27703519 17.22005835 0.00000000
      vertex -15.48635358 17.33819362 0.00000000
    endloop
  endfacet
  facet normal -0.00000000 0.00000000 1.00000000
    outer loop
      vertex -15.56817410 17.17483442 0.00000000
      vertex -15.34847521 17.07742438 0.00000000
      vertex -15.27703519 17.22005835 0.00000000
    endloop
  endfacet
  facet normal 0.00000000 0.00000000 1.00000000
    outer loop
      vertex -15.48635358 17.33819362 0.00000000
      vertex -15.19404063 17.35147214 0.00000000
      vertex -15.39045157 17.49004509 0.00000000
    endloop
  endfacet
  facet normal -0.00000000 0.00000000 1.00000000
    outer loop
      vertex -15.48635358 17.33819362 0.00000000
      vertex -15.27703519 17.22005835 0.00000000
      vertex -15.19404063 17.35147214 0.00000000
    endloop
  endfacet
  facet normal -0.00000000 0.00000000 1.00000000
    outer loop
      vertex -15.39045157 17.49004509 0.00000000
      vertex -15.09940688 17.47201832 0.00000000
      vertex -15.28055270 17.63003627 0.00000000
    endloop
  endfacet
  facet normal 0.00000000 0.00000000 1.00000000
    outer loop
      vertex -15.39045157 17.49004509 0.00000000
      vertex -15.19404063 17.35147214 0.00000000
      vertex -15.09940688 17.47201832 0.00000000
    endloop
  endfacet
  facet normal -0.00000000 0.00000000 1.00000000
    outer loop
      vertex -15.28055270 17.63003627 0.00000000
      vertex -14.99293302 17.58202675 0.00000000
      vertex -15.15685791 17.75783729 0.00000000
    endloop
  endfacet
  facet normal 0.00000000 0.00000000 1.00000000
    outer loop
      vertex -15.28055270 17.63003627 0.00000000
      vertex -15.09940688 17.47201832 0.00000000
      vertex -14.99293302 17.58202675 0.00000000
    endloop
  endfacet
  facet normal -0.00000000 0.00000000 1.00000000
    outer loop
      vertex -15.15685791 17.75783729 0.00000000
      vertex -14.87432607 17.68175192 0.00000000
      vertex -15.01966017 17.87319367 0.00000000
    endloop
  endfacet
  facet normal 0.00000000 0.00000000 1.00000000
    outer loop
      vertex -15.15685791 17.75783729 0.00000000
      vertex -14.99293302 17.58202675 0.00000000
      vertex -14.87432607 17.68175192 0.00000000
    endloop
  endfacet
  facet normal -0.00000000 0.00000000 1.00000000
    outer loop
      vertex -15.01966017 17.87319367 0.00000000
      vertex -14.74324823 17.77133845 0.00000000
      vertex -14.86929728 17.97596077 0.00000000
    endloop
  endfacet
  facet normal 0.00000000 0.00000000 1.00000000
    outer loop
      vertex -15.01966017 17.87319367 0.00000000
      vertex -14.87432607 17.68175192 0.00000000
      vertex -14.74324823 17.77133845 0.00000000
    endloop
  endfacet
  facet normal -0.00000000 0.00000000 1.00000000
    outer loop
      vertex -14.86929728 17.97596077 0.00000000
      vertex -14.59937031 17.85081499 0.00000000
      vertex -14.70609843 18.06610998 0.00000000
    endloop
  endfacet
  facet normal 0.00000000 0.00000000 1.00000000
    outer loop
      vertex -14.86929728 17.97596077 0.00000000
      vertex -14.74324823 17.77133845 0.00000000
      vertex -14.59937031 17.85081499 0.00000000
    endloop
  endfacet
  facet normal -0.00000000 0.00000000 1.00000000
    outer loop
      vertex -14.70609843 18.06610998 0.00000000
      vertex -14.44241431 17.92011349 0.00000000
      vertex -14.53034162 18.14370932 0.00000000
    endloop
  endfacet
  facet normal 0.00000000 0.00000000 1.00000000
    outer loop
      vertex -14.70609843 18.06610998 0.00000000
      vertex -14.59937031 17.85081499 0.00000000
      vertex -14.44241431 17.92011349 0.00000000
    endloop
  endfacet
  facet normal -0.00000000 0.00000000 1.00000000
    outer loop
      vertex -14.53034162 18.14370932 0.00000000
      vertex -14.27217558 17.97910218 0.00000000
      vertex -14.34223150 18.20889055 0.00000000
    endloop
  endfacet
  facet normal 0.00000000 0.00000000 1.00000000
    outer loop
      vertex -14.53034162 18.14370932 0.00000000
      vertex -14.44241431 17.92011349 0.00000000
      vertex -14.27217558 17.97910218 0.00000000
    endloop
  endfacet
  facet normal -0.00000000 0.00000000 1.00000000
    outer loop
      vertex -14.34223150 18.20889055 0.00000000
      vertex -14.08852539 18.02761932 0.00000000
      vertex -14.14189680 18.26181544 0.00000000
    endloop
  endfacet
  facet normal 0.00000000 0.00000000 1.00000000
    outer loop
      vertex -14.34223150 18.20889055 0.00000000
      vertex -14.27217558 17.97910218 0.00000000
      vertex -14.08852539 18.02761932 0.00000000
    endloop
  endfacet
  facet normal -0.00000000 0.00000000 1.00000000
    outer loop
      vertex -14.14189680 18.26181544 0.00000000
      vertex -13.89224951 18.06533635 0.00000000
      vertex -13.92855176 18.30281254 0.00000000
    endloop
  endfacet
  facet normal 0.00000000 0.00000000 1.00000000
    outer loop
      vertex -14.14189680 18.26181544 0.00000000
      vertex -14.08852539 18.02761932 0.00000000
      vertex -13.89224951 18.06533635 0.00000000
    endloop
  endfacet
  facet normal -0.00000000 0.00000000 1.00000000
    outer loop
      vertex -13.92855176 18.30281254 0.00000000
      vertex -13.52687041 18.10699921 0.00000000
      vertex -13.55406997 18.34551335 0.00000000
    endloop
  endfacet
  facet normal 0.00000000 0.00000000 1.00000000
    outer loop
      vertex -13.92855176 18.30281254 0.00000000
      vertex -13.89224951 18.06533635 0.00000000
      vertex -13.52687041 18.10699921 0.00000000
    endloop
  endfacet
  facet normal -0.00000000 0.00000000 1.00000000
    outer loop
      vertex -13.55406997 18.34551335 0.00000000
      vertex -13.15692809 18.14919062 0.00000000
      vertex -13.18413287 18.38770416 0.00000000
    endloop
  endfacet
  facet normal 0.00000000 0.00000000 1.00000000
    outer loop
      vertex -13.55406997 18.34551335 0.00000000
      vertex -13.52687041 18.10699921 0.00000000
      vertex -13.15692809 18.14919062 0.00000000
    endloop
  endfacet
  facet normal -0.00000000 0.00000000 1.00000000
    outer loop
      vertex -13.18413287 18.38770416 0.00000000
      vertex -12.78697652 18.19139128 0.00000000
      vertex -12.81418652 18.42990423 0.00000000
    endloop
  endfacet
  facet normal 0.00000000 0.00000000 1.00000000
    outer loop
      vertex -13.18413287 18.38770416 0.00000000
      vertex -13.15692809 18.14919062 0.00000000
      vertex -12.78697652 18.19139128 0.00000000
    endloop
  endfacet
  facet normal -0.00000000 0.00000000 1.00000000
    outer loop
      vertex -12.81418652 18.42990423 0.00000000
      vertex -12.41701567 18.23360120 0.00000000
      vertex -12.44423090 18.47211356 0.00000000
    endloop
  endfacet
  facet normal 0.00000000 0.00000000 1.00000000
    outer loop
      vertex -12.81418652 18.42990423 0.00000000
      vertex -12.78697652 18.19139128 0.00000000
      vertex -12.41701567 18.23360120 0.00000000
    endloop
  endfacet
  facet normal -0.00000000 0.00000000 1.00000000
    outer loop
      vertex -12.44423090 18.47211356 0.00000000
      vertex -12.04704557 18.27582039 0.00000000
      vertex -12.07426602 18.51433215 0.00000000
    endloop
  endfacet
  facet normal 0.00000000 0.00000000 1.00000000
    outer loop
      vertex -12.44423090 18.47211356 0.00000000
      vertex -12.41701567 18.23360120 0.00000000
      vertex -12.04704557 18.27582039 0.00000000
    endloop
  endfacet
  facet normal -0.00000000 0.00000000 1.00000000
    outer loop
      vertex -12.07426602 18.51433215 0.00000000
      vertex -11.67706621 18.31804884 0.00000000
      vertex -11.70429187 18.55656000 0.00000000
    endloop
  endfacet
  facet normal 0.00000000 0.00000000 1.00000000
    outer loop
      vertex -12.07426602 18.51433215 0.00000000
      vertex -12.04704557 18.27582039 0.00000000
      vertex -11.67706621 18.31804884 0.00000000
    endloop
  endfacet
  facet normal -0.00000000 0.00000000 1.00000000
    outer loop
      vertex -11.70429187 18.55656000 0.00000000
      vertex -11.30707758 18.36028655 0.00000000
      vertex -11.33430847 18.59879711 0.00000000
    endloop
  endfacet
  facet normal 0.00000000 0.00000000 1.00000000
    outer loop
      vertex -11.70429187 18.55656000 0.00000000
      vertex -11.67706621 18.31804884 0.00000000
      vertex -11.30707758 18.36028655 0.00000000
    endloop
  endfacet
  facet normal -0.00000000 0.00000000 1.00000000
    outer loop
      vertex -11.33430847 18.59879711 0.00000000
      vertex -10.93707970 18.40253352 0.00000000
      vertex -10.96431580 18.64104349 0.00000000
    endloop
  endfacet
  facet normal 0.00000000 0.00000000 1.00000000
    outer loop
      vertex -11.33430847 18.59879711 0.00000000
      vertex -11.30707758 18.36028655 0.00000000
      vertex -10.93707970 18.40253352 0.00000000
    endloop
  endfacet
  facet normal -0.00000000 0.00000000 1.00000000
    outer loop
      vertex -10.96431580 18.64104349 0.00000000
      vertex -10.56707255 18.44478975 0.00000000
      vertex -10.59431387 18.68329912 0.00000000
    endloop
  endfacet
  facet normal 0.00000000 0.00000000 1.00000000
    outer loop
      vertex -10.96431580 18.64104349 0.00000000
      vertex -10.93707970 18.40253352 0.00000000
      vertex -10.56707255 18.44478975 0.00000000
    endloop
  endfacet
  facet normal -0.00000000 0.00000000 1.00000000
    outer loop
      vertex -10.59431387 18.68329912 0.00000000
      vertex -10.19705614 18.48705524 0.00000000
      vertex -10.22430268 18.72556402 0.00000000
    endloop
  endfacet
  facet normal 0.00000000 0.00000000 1.00000000
    outer loop
      vertex -10.59431387 18.68329912 0.00000000
      vertex -10.56707255 18.44478975 0.00000000
      vertex -10.19705614 18.48705524 0.00000000
    endloop
  endfacet
  facet normal -0.00000000 0.00000000 1.00000000
    outer loop
      vertex -10.22430268 18.72556402 0.00000000
      vertex -9.82703047 18.52933000 0.00000000
      vertex -9.85428223 18.76783818 0.00000000
    endloop
  endfacet
  facet normal 0.00000000 0.00000000 1.00000000
    outer loop
      vertex -10.22430268 18.72556402 0.00000000
      vertex -10.19705614 18.48705524 0.00000000
      vertex -9.82703047 18.52933000 0.00000000
    endloop
  endfacet
  facet normal -0.00000000 0.00000000 1.00000000
    outer loop
      vertex -9.85428223 18.76783818 0.00000000
      vertex -9.45699553 18.57161402 0.00000000
      vertex -9.48425252 18.81012160 0.00000000
    endloop
  endfacet
  facet normal 0.00000000 0.00000000 1.00000000
    outer loop
      vertex -9.85428223 18.76783818 0.00000000
      vertex -9.82703047 18.52933000 0.00000000
      vertex -9.45699553 18.57161402 0.00000000
    endloop
  endfacet
  facet normal -0.00000000 0.00000000 1.00000000
    outer loop
      vertex -9.48425252 18.81012160 0.00000000
      vertex -9.08695134 18.61390729 0.00000000
      vertex -9.11421354 18.85241428 0.00000000
    endloop
  endfacet
  facet normal 0.00000000 0.00000000 1.00000000
    outer loop
      vertex -9.48425252 18.81012160 0.00000000
      vertex -9.45699553 18.57161402 0.00000000
      vertex -9.08695134 18.61390729 0.00000000
    endloop
  endfacet
  facet normal -0.00000000 0.00000000 1.00000000
    outer loop
      vertex -9.11421354 18.85241428 0.00000000
      vertex -8.71689788 18.65620984 0.00000000
      vertex -8.74416531 18.89471623 0.00000000
    endloop
  endfacet
  facet normal 0.00000000 0.00000000 1.00000000
    outer loop
      vertex -9.11421354 18.85241428 0.00000000
      vertex -9.08695134 18.61390729 0.00000000
      vertex -8.71689788 18.65620984 0.00000000
    endloop
  endfacet
  facet normal -0.00000000 0.00000000 1.00000000
    outer loop
      vertex -8.74416531 18.89471623 0.00000000
      vertex -8.34683517 18.69852164 0.00000000
      vertex -8.37410781 18.93702743 0.00000000
    endloop
  endfacet
  facet normal 0.00000000 0.00000000 1.00000000
    outer loop
      vertex -8.74416531 18.89471623 0.00000000
      vertex -8.71689788 18.65620984 0.00000000
      vertex -8.34683517 18.69852164 0.00000000
    endloop
  endfacet
  facet normal -0.00000000 0.00000000 1.00000000
    outer loop
      vertex -8.37410781 18.93702743 0.00000000
      vertex -7.97676319 18.74084270 0.00000000
      vertex -8.00404105 18.97934790 0.00000000
    endloop
  endfacet
  facet normal 0.00000000 0.00000000 1.00000000
    outer loop
      vertex -8.37410781 18.93702743 0.00000000
      vertex -8.34683517 18.69852164 0.00000000
      vertex -7.97676319 18.74084270 0.00000000
    endloop
  endfacet
  facet normal -0.00000000 0.00000000 1.00000000
    outer loop
      vertex -8.00404105 18.97934790 0.00000000
      vertex -7.60668195 18.78317303 0.00000000
      vertex -7.63396503 19.02167763 0.00000000
    endloop
  endfacet
  facet normal 0.00000000 0.00000000 1.00000000
    outer loop
      vertex -8.00404105 18.97934790 0.00000000
      vertex -7.97676319 18.74084270 0.00000000
      vertex -7.60668195 18.78317303 0.00000000
    endloop
  endfacet
  facet normal -0.00000000 0.00000000 1.00000000
    outer loop
      vertex -7.63396503 19.02167763 0.00000000
      vertex -7.23399954 18.82580914 0.00000000
      vertex -7.26647165 19.06372009 0.00000000
    endloop
  endfacet
  facet normal 0.00000000 0.00000000 1.00000000
    outer loop
      vertex -7.63396503 19.02167763 0.00000000
      vertex -7.60668195 18.78317303 0.00000000
      vertex -7.23399954 18.82580914 0.00000000
    endloop
  endfacet
  facet normal -0.00000000 0.00000000 1.00000000
    outer loop
      vertex -7.26647165 19.06372009 0.00000000
      vertex -6.54697337 18.93484374 0.00000000
      vertex -6.57732044 19.17309195 0.00000000
    endloop
  endfacet
  facet normal 0.00000000 0.00000000 1.00000000
    outer loop
      vertex -7.26647165 19.06372009 0.00000000
      vertex -7.23399954 18.82580914 0.00000000
      vertex -6.54697337 18.93484374 0.00000000
    endloop
  endfacet
  facet normal -0.00000000 0.00000000 1.00000000
    outer loop
      vertex -6.57732044 19.17309195 0.00000000
      vertex -5.89477281 18.99764457 0.00000000
      vertex -5.90969105 19.23737844 0.00000000
    endloop
  endfacet
  facet normal 0.00000000 0.00000000 1.00000000
    outer loop
      vertex -6.57732044 19.17309195 0.00000000
      vertex -6.54697337 18.93484374 0.00000000
      vertex -5.89477281 18.99764457 0.00000000
    endloop
  endfacet
  facet normal -0.00000000 0.00000000 1.00000000
    outer loop
      vertex -5.90969105 19.23737844 0.00000000
      vertex -5.27155273 19.01528745 0.00000000
      vertex -5.26942859 19.25550377 0.00000000
    endloop
  endfacet
  facet normal 0.00000000 0.00000000 1.00000000
    outer loop
      vertex -5.90969105 19.23737844 0.00000000
      vertex -5.89477281 18.99764457 0.00000000
      vertex -5.27155273 19.01528745 0.00000000
    endloop
  endfacet
  facet normal 0.00000000 0.00000000 1.00000000
    outer loop
      vertex -5.26942859 19.25550377 0.00000000
      vertex -4.67729681 18.98794049 0.00000000
      vertex -4.65654939 19.22729979 0.00000000
    endloop
  endfacet
  facet normal 0.00000000 0.00000000 1.00000000
    outer loop
      vertex -5.26942859 19.25550377 0.00000000
      vertex -5.27155273 19.01528745 0.00000000
      vertex -4.67729681 18.98794049 0.00000000
    endloop
  endfacet
  facet normal 0.00000000 0.00000000 1.00000000
    outer loop
      vertex -4.65654939 19.22729979 0.00000000
      vertex -4.11192862 18.91578500 0.00000000
      vertex -4.07112989 19.15258524 0.00000000
    endloop
  endfacet
  facet normal 0.00000000 0.00000000 1.00000000
    outer loop
      vertex -4.65654939 19.22729979 0.00000000
      vertex -4.67729681 18.98794049 0.00000000
      vertex -4.11192862 18.91578500 0.00000000
    endloop
  endfacet
  facet normal 0.00000000 0.00000000 1.00000000
    outer loop
      vertex -4.07112989 19.15258524 0.00000000
      vertex -3.57529584 18.79899460 0.00000000
      vertex -3.51332239 19.03118646 0.00000000
    endloop
  endfacet
  facet normal 0.00000000 0.00000000 1.00000000
    outer loop
      vertex -4.07112989 19.15258524 0.00000000
      vertex -4.11192862 18.91578500 0.00000000
      vertex -3.57529584 18.79899460 0.00000000
    endloop
  endfacet
  facet normal 0.00000000 0.00000000 1.00000000
    outer loop
      vertex -3.51332239 19.03118646 0.00000000
      vertex -3.06716427 18.63770501 0.00000000
      vertex -2.98336110 18.86296775 0.00000000
    endloop
  endfacet
  facet normal 0.00000000 0.00000000 1.00000000
    outer loop
      vertex -3.51332239 19.03118646 0.00000000
      vertex -3.57529584 18.79899460 0.00000000
      vertex -3.06716427 18.63770501 0.00000000
    endloop
  endfacet
  facet normal 0.00000000 0.00000000 1.00000000
    outer loop
      vertex -2.98336110 18.86296775 0.00000000
      vertex -2.58722884 18.43197959 0.00000000
      vertex -2.48155109 18.64786574 0.00000000
    endloop
  endfacet
  facet normal 0.00000000 0.00000000 1.00000000
    outer loop
      vertex -2.98336110 18.86296775 0.00000000
      vertex -3.06716427 18.63770501 0.00000000
      vertex -2.58722884 18.43197959 0.00000000
    endloop
  endfacet
  facet normal 0.00000000 0.00000000 1.00000000
    outer loop
      vertex -2.48155109 18.64786574 0.00000000
      vertex -2.13514559 18.18178143 0.00000000
      vertex -2.00823633 18.38591735 0.00000000
    endloop
  endfacet
  facet normal 0.00000000 0.00000000 1.00000000
    outer loop
      vertex -2.48155109 18.64786574 0.00000000
      vertex -2.58722884 18.43197959 0.00000000
      vertex -2.13514559 18.18178143 0.00000000
    endloop
  endfacet
  facet normal 0.00000000 0.00000000 1.00000000
    outer loop
      vertex -2.00823633 18.38591735 0.00000000
      vertex -1.71057954 17.88696426 0.00000000
      vertex -1.56375178 18.07726884 0.00000000
    endloop
  endfacet
  facet normal 0.00000000 0.00000000 1.00000000
    outer loop
      vertex -2.00823633 18.38591735 0.00000000
      vertex -2.13514559 18.18178143 0.00000000
      vertex -1.71057954 17.88696426 0.00000000
    endloop
  endfacet
  facet normal 0.00000000 0.00000000 1.00000000
    outer loop
      vertex -1.56375178 18.07726884 0.00000000
      vertex -1.31325504 17.54728917 0.00000000
      vertex -1.14837310 17.72215912 0.00000000
    endloop
  endfacet
  facet normal 0.00000000 0.00000000 1.00000000
    outer loop
      vertex -1.56375178 18.07726884 0.00000000
      vertex -1.71057954 17.88696426 0.00000000
      vertex -1.31325504 17.54728917 0.00000000
    endloop
  endfacet
  facet normal 0.00000000 0.00000000 1.00000000
    outer loop
      vertex -1.14837310 17.72215912 0.00000000
      vertex -0.94299180 17.16246313 0.00000000
      vertex -0.76228059 17.32088122 0.00000000
    endloop
  endfacet
  facet normal 0.00000000 0.00000000 1.00000000
    outer loop
      vertex -1.14837310 17.72215912 0.00000000
      vertex -1.31325504 17.54728917 0.00000000
      vertex -0.94299180 17.16246313 0.00000000
    endloop
  endfacet
  facet normal 0.00000000 0.00000000 1.00000000
    outer loop
      vertex -0.76228059 17.32088122 0.00000000
      vertex -0.59971659 16.73218598 0.00000000
      vertex -0.40554747 16.87373531 0.00000000
    endloop
  endfacet
  facet normal 0.00000000 0.00000000 1.00000000
    outer loop
      vertex -0.76228059 17.32088122 0.00000000
      vertex -0.94299180 17.16246313 0.00000000
      vertex -0.59971659 16.73218598 0.00000000
    endloop
  endfacet
  facet normal 0.00000000 0.00000000 1.00000000
    outer loop
      vertex -0.40554747 16.87373531 0.00000000
      vertex -0.28345125 16.25619067 0.00000000
      vertex -0.07815189 16.38098844 0.00000000
    endloop
  endfacet
  facet normal 0.00000000 0.00000000 1.00000000
    outer loop
      vertex -0.40554747 16.87373531 0.00000000
      vertex -0.59971659 16.73218598 0.00000000
      vertex -0.28345125 16.25619067 0.00000000
    endloop
  endfacet
  facet normal 0.00000000 0.00000000 1.00000000
    outer loop
      vertex -0.07815189 16.38098844 0.00000000
      vertex 0.00571371 15.73426738 0.00000000
      vertex 0.21999664 15.84285041 0.00000000
    endloop
  endfacet
  facet normal 0.00000000 0.00000000 1.00000000
    outer loop
      vertex -0.07815189 16.38098844 0.00000000
      vertex -0.28345125 16.25619067 0.00000000
      vertex 0.00571371 15.73426738 0.00000000
    endloop
  endfacet
  facet normal 0.00000000 0.00000000 1.00000000
    outer loop
      vertex 0.21999664 15.84285041 0.00000000
      vertex 0.26764883 15.16627070 0.00000000
      vertex 0.48902760 15.25946666 0.00000000
    endloop
  endfacet
  facet normal 0.00000000 0.00000000 1.00000000
    outer loop
      vertex 0.21999664 15.84285041 0.00000000
      vertex 0.00571371 15.73426738 0.00000000
      vertex 0.26764883 15.16627070 0.00000000
    endloop
  endfacet
  facet normal 0.00000000 0.00000000 1.00000000
    outer loop
      vertex 0.48902760 15.25946666 0.00000000
      vertex 0.50221085 14.55211422 0.00000000
      vertex 0.72908423 14.63092357 0.00000000
    endloop
  endfacet
  facet normal 0.00000000 0.00000000 1.00000000
    outer loop
      vertex 0.48902760 15.25946666 0.00000000
      vertex 0.26764883 15.16627070 0.00000000
      vertex 0.50221085 14.55211422 0.00000000
    endloop
  endfacet
  facet normal 0.00000000 0.00000000 1.00000000
    outer loop
      vertex 0.72908423 14.63092357 0.00000000
      vertex 0.70598229 13.90221320 0.00000000
      vertex 0.94358403 13.94680590 0.00000000
    endloop
  endfacet
  facet normal 0.00000000 0.00000000 1.00000000
    outer loop
      vertex 0.72908423 14.63092357 0.00000000
      vertex 0.50221085 14.55211422 0.00000000
      vertex 0.70598229 13.90221320 0.00000000
    endloop
  endfacet
  facet normal 0.00000000 0.00000000 1.00000000
    outer loop
      vertex 0.94358403 13.94680590 0.00000000
      vertex 0.73630428 13.45171497 0.00000000
      vertex 0.97582397 13.46781250 0.00000000
    endloop
  endfacet
  facet normal 0.00000000 0.00000000 1.00000000
    outer loop
      vertex 0.94358403 13.94680590 0.00000000
      vertex 0.70598229 13.90221320 0.00000000
      vertex 0.73630428 13.45171497 0.00000000
    endloop
  endfacet
  facet normal 0.00000000 0.00000000 1.00000000
    outer loop
      vertex 0.97582397 13.46781250 0.00000000
      vertex 0.76746325 12.98740055 0.00000000
      vertex 1.00698614 13.00345031 0.00000000
    endloop
  endfacet
  facet normal 0.00000000 0.00000000 1.00000000
    outer loop
      vertex 0.97582397 13.46781250 0.00000000
      vertex 0.73630428 13.45171497 0.00000000
      vertex 0.76746325 12.98740055 0.00000000
    endloop
  endfacet
  facet normal 0.00000000 0.00000000 1.00000000
    outer loop
      vertex 1.00698614 13.00345031 0.00000000
      vertex 0.79850181 12.52349369 0.00000000
      vertex 1.03802791 12.53949557 0.00000000
    endloop
  endfacet
  facet normal 0.00000000 0.00000000 1.00000000
    outer loop
      vertex 1.00698614 13.00345031 0.00000000
      vertex 0.76746325 12.98740055 0.00000000
      vertex 0.79850181 12.52349369 0.00000000
    endloop
  endfacet
  facet normal 0.00000000 0.00000000 1.00000000
    outer loop
      vertex 1.03802791 12.53949557 0.00000000
      vertex 0.82941998 12.05999438 0.00000000
      vertex 1.06894928 12.07594831 0.00000000
    endloop
  endfacet
  facet normal 0.00000000 0.00000000 1.00000000
    outer loop
      vertex 1.03802791 12.53949557 0.00000000
      vertex 0.79850181 12.52349369 0.00000000
      vertex 0.82941998 12.05999438 0.00000000
    endloop
  endfacet
  facet normal 0.00000000 0.00000000 1.00000000
    outer loop
      vertex 1.06894928 12.07594831 0.00000000
      vertex 0.86021775 11.59690262 0.00000000
      vertex 1.09975024 11.61280850 0.00000000
    endloop
  endfacet
  facet normal 0.00000000 0.00000000 1.00000000
    outer loop
      vertex 1.06894928 12.07594831 0.00000000
      vertex 0.82941998 12.05999438 0.00000000
      vertex 0.86021775 11.59690262 0.00000000
    endloop
  endfacet
  facet normal 0.00000000 0.00000000 1.00000000
    outer loop
      vertex 1.09975024 11.61280850 0.00000000
      vertex 0.89089512 11.13421842 0.00000000
      vertex 1.13043080 11.15007617 0.00000000
    endloop
  endfacet
  facet normal 0.00000000 0.00000000 1.00000000
    outer loop
      vertex 1.09975024 11.61280850 0.00000000
      vertex 0.86021775 11.59690262 0.00000000
      vertex 0.89089512 11.13421842 0.00000000
    endloop
  endfacet
  facet normal 0.00000000 0.00000000 1.00000000
    outer loop
      vertex 1.13043080 11.15007617 0.00000000
      vertex 0.92145209 10.67194177 0.00000000
      vertex 1.16099096 10.68775130 0.00000000
    endloop
  endfacet
  facet normal 0.00000000 0.00000000 1.00000000
    outer loop
      vertex 1.13043080 11.15007617 0.00000000
      vertex 0.89089512 11.13421842 0.00000000
      vertex 0.92145209 10.67194177 0.00000000
    endloop
  endfacet
  facet normal 0.00000000 0.00000000 1.00000000
    outer loop
      vertex 1.16099096 10.68775130 0.00000000
      vertex 0.95188867 10.21007267 0.00000000
      vertex 1.19143072 10.22583390 0.00000000
    endloop
  endfacet
  facet normal 0.00000000 0.00000000 1.00000000
    outer loop
      vertex 1.16099096 10.68775130 0.00000000
      vertex 0.92145209 10.67194177 0.00000000
      vertex 0.95188867 10.21007267 0.00000000
    endloop
  endfacet
  facet normal 0.00000000 0.00000000 1.00000000
    outer loop
      vertex 1.19143072 10.22583390 0.00000000
      vertex 0.98220484 9.74861112 0.00000000
      vertex 1.22175007 9.76432396 0.00000000
    endloop
  endfacet
  facet normal 0.00000000 0.00000000 1.00000000
    outer loop
      vertex 1.19143072 10.22583390 0.00000000
      vertex 0.95188867 10.21007267 0.00000000
      vertex 0.98220484 9.74861112 0.00000000
    endloop
  endfacet
  facet normal 0.00000000 0.00000000 1.00000000
    outer loop
      vertex 1.22175007 9.76432396 0.00000000
      vertex 1.01240062 9.28755713 0.00000000
      vertex 1.25194902 9.30322149 0.00000000
    endloop
  endfacet
  facet normal 0.00000000 0.00000000 1.00000000
    outer loop
      vertex 1.22175007 9.76432396 0.00000000
      vertex 0.98220484 9.74861112 0.00000000
      vertex 1.01240062 9.28755713 0.00000000
    endloop
  endfacet
  facet normal 0.00000000 0.00000000 1.00000000
    outer loop
      vertex 1.25194902 9.30322149 0.00000000
      vertex 1.04247600 8.82691069 0.00000000
      vertex 1.28202757 8.84252648 0.00000000
    endloop
  endfacet
  facet normal 0.00000000 0.00000000 1.00000000
    outer loop
      vertex 1.25194902 9.30322149 0.00000000
      vertex 1.01240062 9.28755713 0.00000000
      vertex 1.04247600 8.82691069 0.00000000
    endloop
  endfacet
  facet normal 0.00000000 0.00000000 1.00000000
    outer loop
      vertex 1.28202757 8.84252648 0.00000000
      vertex 1.07243098 8.36667180 0.00000000
      vertex 1.31198572 8.38223894 0.00000000
    endloop
  endfacet
  facet normal 0.00000000 0.00000000 1.00000000
    outer loop
      vertex 1.28202757 8.84252648 0.00000000
      vertex 1.04247600 8.82691069 0.00000000
      vertex 1.07243098 8.36667180 0.00000000
    endloop
  endfacet
  facet normal 0.00000000 0.00000000 1.00000000
    outer loop
      vertex 1.31198572 8.38223894 0.00000000
      vertex 1.10226556 7.90684047 0.00000000
      vertex 1.34182346 7.92235887 0.00000000
    endloop
  endfacet
  facet normal 0.00000000 0.00000000 1.00000000
    outer loop
      vertex 1.31198572 8.38223894 0.00000000
      vertex 1.07243098 8.36667180 0.00000000
      vertex 1.10226556 7.90684047 0.00000000
    endloop
  endfacet
  facet normal 0.00000000 0.00000000 1.00000000
    outer loop
      vertex 1.34182346 7.92235887 0.00000000
      vertex 1.13197974 7.44741669 0.00000000
      vertex 1.37154081 7.46288625 0.00000000
    endloop
  endfacet
  facet normal 0.00000000 0.00000000 1.00000000
    outer loop
      vertex 1.34182346 7.92235887 0.00000000
      vertex 1.10226556 7.90684047 0.00000000
      vertex 1.13197974 7.44741669 0.00000000
    endloop
  endfacet
  facet normal 0.00000000 0.00000000 1.00000000
    outer loop
      vertex 1.37154081 7.46288625 0.00000000
      vertex 1.16157353 6.98840046 0.00000000
      vertex 1.40113774 7.00382111 0.00000000
    endloop
  endfacet
  facet normal 0.00000000 0.00000000 1.00000000
    outer loop
      vertex 1.37154081 7.46288625 0.00000000
      vertex 1.13197974 7.44741669 0.00000000
      vertex 1.16157353 6.98840046 0.00000000
    endloop
  endfacet
  facet normal 0.00000000 0.00000000 1.00000000
    outer loop
      vertex 1.40113774 7.00382111 0.00000000
      vertex 1.19104691 6.52979179 0.00000000
      vertex 1.43061428 6.54516343 0.00000000
    endloop
  endfacet
  facet normal 0.00000000 0.00000000 1.00000000
    outer loop
      vertex 1.40113774 7.00382111 0.00000000
      vertex 1.16157353 6.98840046 0.00000000
      vertex 1.19104691 6.52979179 0.00000000
    endloop
  endfacet
  facet normal 0.00000000 0.00000000 1.00000000
    outer loop
      vertex 1.43061428 6.54516343 0.00000000
      vertex 1.22039990 6.07159067 0.00000000
      vertex 1.45997041 6.08691321 0.00000000
    endloop
  endfacet
  facet normal 0.00000000 0.00000000 1.00000000
    outer loop
      vertex 1.43061428 6.54516343 0.00000000
      vertex 1.19104691 6.52979179 0.00000000
      vertex 1.22039990 6.07159067 0.00000000
    endloop
  endfacet
  facet normal 0.00000000 0.00000000 1.00000000
    outer loop
      vertex 1.45997041 6.08691321 0.00000000
      vertex 1.24863530 5.62941353 0.00000000
      vertex 1.49020334 5.61345404 0.00000000
    endloop
  endfacet
  facet normal 0.00000000 0.00000000 1.00000000
    outer loop
      vertex 1.45997041 6.08691321 0.00000000
      vertex 1.22039990 6.07159067 0.00000000
      vertex 1.24863530 5.62941353 0.00000000
    endloop
  endfacet
  facet normal 0.00000000 0.00000000 1.00000000
    outer loop
      vertex 1.49020334 5.61345404 0.00000000
      vertex 1.14165117 5.08976327 0.00000000
      vertex 1.37553946 5.03506553 0.00000000
    endloop
  endfacet
  facet normal 0.00000000 0.00000000 1.00000000
    outer loop
      vertex 1.49020334 5.61345404 0.00000000
      vertex 1.24863530 5.62941353 0.00000000
      vertex 1.14165117 5.08976327 0.00000000
    endloop
  endfacet
  facet normal 0.00000000 0.00000000 1.00000000
    outer loop
      vertex 1.37553946 5.03506553 0.00000000
      vertex 1.00043043 4.56681975 0.00000000
      vertex 1.22991071 4.49579905 0.00000000
    endloop
  endfacet
  facet normal 0.00000000 0.00000000 1.00000000
    outer loop
      vertex 1.37553946 5.03506553 0.00000000
      vertex 1.14165117 5.08976327 0.00000000
      vertex 1.00043043 4.56681975 0.00000000
    endloop
  endfacet
  facet normal 0.00000000 0.00000000 1.00000000
    outer loop
      vertex 1.22991071 4.49579905 0.00000000
      vertex 0.82737639 4.07212339 0.00000000
      vertex 1.05091378 3.98411419 0.00000000
    endloop
  endfacet
  facet normal 0.00000000 0.00000000 1.00000000
    outer loop
      vertex 1.22991071 4.49579905 0.00000000
      vertex 1.00043043 4.56681975 0.00000000
      vertex 0.82737639 4.07212339 0.00000000
    endloop
  endfacet
  facet normal 0.00000000 0.00000000 1.00000000
    outer loop
      vertex 1.05091378 3.98411419 0.00000000
      vertex 0.62256388 3.60553530 0.00000000
      vertex 0.83847382 3.50014982 0.00000000
    endloop
  endfacet
  facet normal 0.00000000 0.00000000 1.00000000
    outer loop
      vertex 1.05091378 3.98411419 0.00000000
      vertex 0.82737639 4.07212339 0.00000000
      vertex 0.62256388 3.60553530 0.00000000
    endloop
  endfacet
  facet normal 0.00000000 0.00000000 1.00000000
    outer loop
      vertex 0.83847382 3.50014982 0.00000000
      vertex 0.38603173 3.16688012 0.00000000
      vertex 0.59255203 3.04408132 0.00000000
    endloop
  endfacet
  facet normal 0.00000000 0.00000000 1.00000000
    outer loop
      vertex 0.83847382 3.50014982 0.00000000
      vertex 0.62256388 3.60553530 0.00000000
      vertex 0.38603173 3.16688012 0.00000000
    endloop
  endfacet
  facet normal 0.00000000 0.00000000 1.00000000
    outer loop
      vertex 0.59255203 3.04408132 0.00000000
      vertex 0.11776931 2.75595755 0.00000000
      vertex 0.31315902 2.61610898 0.00000000
    endloop
  endfacet
  facet normal 0.00000000 0.00000000 1.00000000
    outer loop
      vertex 0.59255203 3.04408132 0.00000000
      vertex 0.38603173 3.16688012 0.00000000
      vertex 0.11776931 2.75595755 0.00000000
    endloop
  endfacet
  facet normal 0.00000000 0.00000000 1.00000000
    outer loop
      vertex 0.31315902 2.61610898 0.00000000
      vertex -0.18229115 2.37256108 0.00000000
      vertex 0.00036255 2.21643932 0.00000000
    endloop
  endfacet
  facet normal 0.00000000 0.00000000 1.00000000
    outer loop
      vertex 0.31315902 2.61610898 0.00000000
      vertex 0.11776931 2.75595755 0.00000000
      vertex -0.18229115 2.37256108 0.00000000
    endloop
  endfacet
  facet normal 0.00000000 0.00000000 1.00000000
    outer loop
      vertex 0.00036255 2.21643932 0.00000000
      vertex -0.51427328 2.01650058 0.00000000
      vertex -0.34571372 1.84526245 0.00000000
    endloop
  endfacet
  facet normal 0.00000000 0.00000000 1.00000000
    outer loop
      vertex 0.00036255 2.21643932 0.00000000
      vertex -0.18229115 2.37256108 0.00000000
      vertex -0.51427328 2.01650058 0.00000000
    endloop
  endfacet
  facet normal 0.00000000 0.00000000 1.00000000
    outer loop
      vertex -0.34571372 1.84526245 0.00000000
      vertex -0.87834517 1.68762369 0.00000000
      vertex -0.72490171 1.50273074 0.00000000
    endloop
  endfacet
  facet normal 0.00000000 0.00000000 1.00000000
    outer loop
      vertex -0.34571372 1.84526245 0.00000000
      vertex -0.51427328 2.01650058 0.00000000
      vertex -0.87834517 1.68762369 0.00000000
    endloop
  endfacet
  facet normal 0.00000000 0.00000000 1.00000000
    outer loop
      vertex -0.72490171 1.50273074 0.00000000
      vertex -1.27470018 1.38583049 0.00000000
      vertex -1.13700808 1.18894412 0.00000000
    endloop
  endfacet
  facet normal 0.00000000 0.00000000 1.00000000
    outer loop
      vertex -0.72490171 1.50273074 0.00000000
      vertex -0.87834517 1.68762369 0.00000000
      vertex -1.27470018 1.38583049 0.00000000
    endloop
  endfacet
  facet normal 0.00000000 0.00000000 1.00000000
    outer loop
      vertex -1.13700808 1.18894412 0.00000000
      vertex -1.70353473 1.11107853 0.00000000
      vertex -1.58183639 0.90394504 0.00000000
    endloop
  endfacet
  facet normal 0.00000000 0.00000000 1.00000000
    outer loop
      vertex -1.13700808 1.18894412 0.00000000
      vertex -1.27470018 1.38583049 0.00000000
      vertex -1.70353473 1.11107853 0.00000000
    endloop
  endfacet
  facet normal 0.00000000 0.00000000 1.00000000
    outer loop
      vertex -1.58183639 0.90394504 0.00000000
      vertex -2.16502857 0.86337818 0.00000000
      vertex -2.05920690 0.64772311 0.00000000
    endloop
  endfacet
  facet normal 0.00000000 0.00000000 1.00000000
    outer loop
      vertex -1.58183639 0.90394504 0.00000000
      vertex -1.70353473 1.11107853 0.00000000
      vertex -2.16502857 0.86337818 0.00000000
    endloop
  endfacet
  facet normal 0.00000000 0.00000000 1.00000000
    outer loop
      vertex -2.05920690 0.64772311 0.00000000
      vertex -2.65933115 0.64278131 0.00000000
      vertex -2.56897015 0.42022647 0.00000000
    endloop
  endfacet
  facet normal 0.00000000 0.00000000 1.00000000
    outer loop
      vertex -2.05920690 0.64772311 0.00000000
      vertex -2.16502857 0.86337818 0.00000000
      vertex -2.65933115 0.64278131 0.00000000
    endloop
  endfacet
  facet normal 0.00000000 0.00000000 1.00000000
    outer loop
      vertex -2.56897015 0.42022647 0.00000000
      vertex -3.18655529 0.44936715 0.00000000
      vertex -3.11101332 0.22137590 0.00000000
    endloop
  endfacet
  facet normal 0.00000000 0.00000000 1.00000000
    outer loop
      vertex -2.56897015 0.42022647 0.00000000
      vertex -2.65933115 0.64278131 0.00000000
      vertex -3.18655529 0.44936715 0.00000000
    endloop
  endfacet
  facet normal 0.00000000 0.00000000 1.00000000
    outer loop
      vertex -3.11101332 0.22137590 0.00000000
      vertex -3.74677724 0.28322877 0.00000000
      vertex -3.68526018 0.05107832 0.00000000
    endloop
  endfacet
  facet normal 0.00000000 0.00000000 1.00000000
    outer loop
      vertex -3.11101332 0.22137590 0.00000000
      vertex -3.18655529 0.44936715 0.00000000
      vertex -3.74677724 0.28322877 0.00000000
    endloop
  endfacet
  facet normal 0.00000000 0.00000000 1.00000000
    outer loop
      vertex -3.68526018 0.05107832 0.00000000
      vertex -4.34004086 0.14446228 0.00000000
      vertex -4.29166685 -0.09076238 0.00000000
    endloop
  endfacet
  facet normal 0.00000000 0.00000000 1.00000000
    outer loop
      vertex -3.68526018 0.05107832 0.00000000
      vertex -3.74677724 0.28322877 0.00000000
      vertex -4.34004086 0.14446228 0.00000000
    endloop
  endfacet
  facet normal 0.00000000 0.00000000 1.00000000
    outer loop
      vertex -4.29166685 -0.09076238 0.00000000
      vertex -4.96636399 0.03315936 0.00000000
      vertex -4.93021549 -0.20423788 0.00000000
    endloop
  endfacet
  facet normal 0.00000000 0.00000000 1.00000000
    outer loop
      vertex -4.29166685 -0.09076238 0.00000000
      vertex -4.34004086 0.14446228 0.00000000
      vertex -4.96636399 0.03315936 0.00000000
    endloop
  endfacet
  facet normal 0.00000000 0.00000000 1.00000000
    outer loop
      vertex -4.93021549 -0.20423788 0.00000000
      vertex -5.62713026 -0.05077303 0.00000000
      vertex -5.59952248 -0.28925513 0.00000000
    endloop
  endfacet
  facet normal 0.00000000 0.00000000 1.00000000
    outer loop
      vertex -4.93021549 -0.20423788 0.00000000
      vertex -4.96636399 0.03315936 0.00000000
      vertex -5.62713026 -0.05077303 0.00000000
    endloop
  endfacet
  facet normal 0.00000000 0.00000000 1.00000000
    outer loop
      vertex -5.59952248 -0.28925513 0.00000000
      vertex -7.37206643 -0.23318021 0.00000000
      vertex -7.34710759 -0.47193922 0.00000000
    endloop
  endfacet
  facet normal 0.00000000 0.00000000 1.00000000
    outer loop
      vertex -5.59952248 -0.28925513 0.00000000
      vertex -5.62713026 -0.05077303 0.00000000
      vertex -7.37206643 -0.23318021 0.00000000
    endloop
  endfacet
  facet normal 0.00000000 0.00000000 1.00000000
    outer loop
      vertex -7.34710759 -0.47193922 0.00000000
      vertex -9.11830868 -0.41572586 0.00000000
      vertex -9.09334957 -0.65448485 0.00000000
    endloop
  endfacet
  facet normal 0.00000000 0.00000000 1.00000000
    outer loop
      vertex -7.34710759 -0.47193922 0.00000000
      vertex -7.37206643 -0.23318021 0.00000000
      vertex -9.11830868 -0.41572586 0.00000000
    endloop
  endfacet
  facet normal 0.00000000 0.00000000 1.00000000
    outer loop
      vertex -9.09334957 -0.65448485 0.00000000
      vertex -10.86453240 -0.59827151 0.00000000
      vertex -10.83957303 -0.83703047 0.00000000
    endloop
  endfacet
  facet normal 0.00000000 0.00000000 1.00000000
    outer loop
      vertex -9.09334957 -0.65448485 0.00000000
      vertex -9.11830868 -0.41572586 0.00000000
      vertex -10.86453240 -0.59827151 0.00000000
    endloop
  endfacet
  facet normal 0.00000000 0.00000000 1.00000000
    outer loop
      vertex -10.83957303 -0.83703047 0.00000000
      vertex -12.61073760 -0.78081716 0.00000000
      vertex -12.58577797 -1.01957609 0.00000000
    endloop
  endfacet
  facet normal 0.00000000 0.00000000 1.00000000
    outer loop
      vertex -10.83957303 -0.83703047 0.00000000
      vertex -10.86453240 -0.59827151 0.00000000
      vertex -12.61073760 -0.78081716 0.00000000
    endloop
  endfacet
  facet normal 0.00000000 0.00000000 1.00000000
    outer loop
      vertex -12.58577797 -1.01957609 0.00000000
      vertex -14.35692428 -0.96336281 0.00000000
      vertex -14.33196439 -1.20212171 0.00000000
    endloop
  endfacet
  facet normal 0.00000000 0.00000000 1.00000000
    outer loop
      vertex -12.58577797 -1.01957609 0.00000000
      vertex -12.61073760 -0.78081716 0.00000000
      vertex -14.35692428 -0.96336281 0.00000000
    endloop
  endfacet
  facet normal 0.00000000 0.00000000 1.00000000
    outer loop
      vertex -14.33196439 -1.20212171 0.00000000
      vertex -16.10309243 -1.14590846 0.00000000
      vertex -16.07813228 -1.38466734 0.00000000
    endloop
  endfacet
  facet normal 0.00000000 0.00000000 1.00000000
    outer loop
      vertex -14.33196439 -1.20212171 0.00000000
      vertex -14.35692428 -0.96336281 0.00000000
      vertex -16.10309243 -1.14590846 0.00000000
    endloop
  endfacet
  facet normal 0.00000000 0.00000000 1.00000000
    outer loop
      vertex -16.07813228 -1.38466734 0.00000000
      vertex -17.84924207 -1.32845411 0.00000000
      vertex -17.82428165 -1.56721296 0.00000000
    endloop
  endfacet
  facet normal 0.00000000 0.00000000 1.00000000
    outer loop
      vertex -16.07813228 -1.38466734 0.00000000
      vertex -16.10309243 -1.14590846 0.00000000
      vertex -17.84924207 -1.32845411 0.00000000
    endloop
  endfacet
  facet normal 0.00000000 0.00000000 1.00000000
    outer loop
      vertex -17.82428165 -1.56721296 0.00000000
      vertex -19.59537317 -1.51099976 0.00000000
      vertex -19.57041250 -1.74975858 0.00000000
    endloop
  endfacet
  facet normal 0.00000000 0.00000000 1.00000000
    outer loop
      vertex -17.82428165 -1.56721296 0.00000000
      vertex -17.84924207 -1.32845411 0.00000000
      vertex -19.59537317 -1.51099976 0.00000000
    endloop
  endfacet
  facet normal 0.00000000 0.00000000 1.00000000
    outer loop
      vertex -19.57041250 -1.74975858 0.00000000
      vertex -21.34148576 -1.69354541 0.00000000
      vertex -21.31652482 -1.93230420 0.00000000
    endloop
  endfacet
  facet normal 0.00000000 0.00000000 1.00000000
    outer loop
      vertex -19.57041250 -1.74975858 0.00000000
      vertex -19.59537317 -1.51099976 0.00000000
      vertex -21.34148576 -1.69354541 0.00000000
    endloop
  endfacet
  facet normal 0.00000000 0.00000000 1.00000000
    outer loop
      vertex -21.31652482 -1.93230420 0.00000000
      vertex -23.08757982 -1.87609106 0.00000000
      vertex -23.06261862 -2.11484983 0.00000000
    endloop
  endfacet
  facet normal 0.00000000 0.00000000 1.00000000
    outer loop
      vertex -21.31652482 -1.93230420 0.00000000
      vertex -21.34148576 -1.69354541 0.00000000
      vertex -23.08757982 -1.87609106 0.00000000
    endloop
  endfacet
  facet normal 0.00000000 0.00000000 1.00000000
    outer loop
      vertex -23.06261862 -2.11484983 0.00000000
      vertex -24.83365536 -2.05863671 0.00000000
      vertex -24.80869390 -2.29739545 0.00000000
    endloop
  endfacet
  facet normal 0.00000000 0.00000000 1.00000000
    outer loop
      vertex -23.06261862 -2.11484983 0.00000000
      vertex -23.08757982 -1.87609106 0.00000000
      vertex -24.83365536 -2.05863671 0.00000000
    endloop
  endfacet
  facet normal 0.00000000 0.00000000 1.00000000
    outer loop
      vertex -24.80869390 -2.29739545 0.00000000
      vertex -26.57971237 -2.24118236 0.00000000
      vertex -26.55475065 -2.47994107 0.00000000
    endloop
  endfacet
  facet normal 0.00000000 0.00000000 1.00000000
    outer loop
      vertex -24.80869390 -2.29739545 0.00000000
      vertex -24.83365536 -2.05863671 0.00000000
      vertex -26.57971237 -2.24118236 0.00000000
    endloop
  endfacet
  facet normal 0.00000000 0.00000000 1.00000000
    outer loop
      vertex -26.55475065 -2.47994107 0.00000000
      vertex -28.32575087 -2.42372801 0.00000000
      vertex -28.30078888 -2.66248670 0.00000000
    endloop
  endfacet
  facet normal 0.00000000 0.00000000 1.00000000
    outer loop
      vertex -26.55475065 -2.47994107 0.00000000
      vertex -26.57971237 -2.24118236 0.00000000
      vertex -28.32575087 -2.42372801 0.00000000
    endloop
  endfacet
  facet normal 0.00000000 0.00000000 1.00000000
    outer loop
      vertex -28.30078888 -2.66248670 0.00000000
      vertex -30.07177084 -2.60627366 0.00000000
      vertex -30.04680859 -2.84503232 0.00000000
    endloop
  endfacet
  facet normal 0.00000000 0.00000000 1.00000000
    outer loop
      vertex -28.30078888 -2.66248670 0.00000000
      vertex -28.32575087 -2.42372801 0.00000000
      vertex -30.07177084 -2.60627366 0.00000000
    endloop
  endfacet
  facet normal 0.00000000 0.00000000 1.00000000
    outer loop
      vertex -30.04680859 -2.84503232 0.00000000
      vertex -31.81777228 -2.78881931 0.00000000
      vertex -31.79280977 -3.02757794 0.00000000
    endloop
  endfacet
  facet normal 0.00000000 0.00000000 1.00000000
    outer loop
      vertex -30.04680859 -2.84503232 0.00000000
      vertex -30.07177084 -2.60627366 0.00000000
      vertex -31.81777228 -2.78881931 0.00000000
    endloop
  endfacet
  facet normal 0.00000000 0.00000000 1.00000000
    outer loop
      vertex -31.79280977 -3.02757794 0.00000000
      vertex -33.56375521 -2.97136496 0.00000000
      vertex -33.53879243 -3.21012356 0.00000000
    endloop
  endfacet
  facet normal 0.00000000 0.00000000 1.00000000
    outer loop
      vertex -31.79280977 -3.02757794 0.00000000
      vertex -31.81777228 -2.78881931 0.00000000
      vertex -33.56375521 -2.97136496 0.00000000
    endloop
  endfacet
  facet normal 0.00000000 0.00000000 1.00000000
    outer loop
      vertex -33.53879243 -3.21012356 0.00000000
      vertex -35.30971961 -3.15391061 0.00000000
      vertex -35.28475657 -3.39266919 0.00000000
    endloop
  endfacet
  facet normal 0.00000000 0.00000000 1.00000000
    outer loop
      vertex -33.53879243 -3.21012356 0.00000000
      vertex -33.56375521 -2.97136496 0.00000000
      vertex -35.30971961 -3.15391061 0.00000000
    endloop
  endfacet
  facet normal 0.00000000 0.00000000 1.00000000
    outer loop
      vertex -35.28475657 -3.39266919 0.00000000
      vertex -37.05459105 -3.33634392 0.00000000
      vertex -37.03177661 -3.57532715 0.00000000
    endloop
  endfacet
  facet normal 0.00000000 0.00000000 1.00000000
    outer loop
      vertex -35.28475657 -3.39266919 0.00000000
      vertex -35.30971961 -3.15391061 0.00000000
      vertex -37.05459105 -3.33634392 0.00000000
    endloop
  endfacet
  facet normal 0.00000000 0.00000000 1.00000000
    outer loop
      vertex -37.03177661 -3.57532715 0.00000000
      vertex -37.75812006 -3.39712236 0.00000000
      vertex -37.73049632 -3.63569010 0.00000000
    endloop
  endfacet
  facet normal 0.00000000 0.00000000 1.00000000
    outer loop
      vertex -37.03177661 -3.57532715 0.00000000
      vertex -37.05459105 -3.33634392 0.00000000
      vertex -37.75812006 -3.39712236 0.00000000
    endloop
  endfacet
  facet normal 0.00000000 0.00000000 1.00000000
    outer loop
      vertex -37.73049632 -3.63569010 0.00000000
      vertex -38.43268340 -3.49519573 0.00000000
      vertex -38.39062776 -3.73166525 0.00000000
    endloop
  endfacet
  facet normal 0.00000000 0.00000000 1.00000000
    outer loop
      vertex -37.73049632 -3.63569010 0.00000000
      vertex -37.75812006 -3.39712236 0.00000000
      vertex -38.43268340 -3.49519573 0.00000000
    endloop
  endfacet
  facet normal 0.00000000 0.00000000 1.00000000
    outer loop
      vertex -38.39062776 -3.73166525 0.00000000
      vertex -39.07399114 -3.63030361 0.00000000
      vertex -39.01646088 -3.86351300 0.00000000
    endloop
  endfacet
  facet normal 0.00000000 0.00000000 1.00000000
    outer loop
      vertex -38.39062776 -3.73166525 0.00000000
      vertex -38.43268340 -3.49519573 0.00000000
      vertex -39.07399114 -3.63030361 0.00000000
    endloop
  endfacet
  facet normal 0.00000000 0.00000000 1.00000000
    outer loop
      vertex -39.01646088 -3.86351300 0.00000000
      vertex -39.68198785 -3.80255909 0.00000000
      vertex -39.60805110 -4.03112026 0.00000000
    endloop
  endfacet
  facet normal 0.00000000 0.00000000 1.00000000
    outer loop
      vertex -39.01646088 -3.86351300 0.00000000
      vertex -39.07399114 -3.63030361 0.00000000
      vertex -39.68198785 -3.80255909 0.00000000
    endloop
  endfacet
  facet normal 0.00000000 0.00000000 1.00000000
    outer loop
      vertex -39.60805110 -4.03112026 0.00000000
      vertex -40.25657681 -4.01206977 0.00000000
      vertex -40.16549515 -4.23437944 0.00000000
    endloop
  endfacet
  facet normal 0.00000000 0.00000000 1.00000000
    outer loop
      vertex -39.60805110 -4.03112026 0.00000000
      vertex -39.68198785 -3.80255909 0.00000000
      vertex -40.25657681 -4.01206977 0.00000000
    endloop
  endfacet
  facet normal 0.00000000 0.00000000 1.00000000
    outer loop
      vertex -40.16549515 -4.23437944 0.00000000
      vertex -40.79761594 -4.25892314 0.00000000
      vertex -40.68893510 -4.47320304 0.00000000
    endloop
  endfacet
  facet normal 0.00000000 0.00000000 1.00000000
    outer loop
      vertex -40.16549515 -4.23437944 0.00000000
      vertex -40.25657681 -4.01206977 0.00000000
      vertex -40.79761594 -4.25892314 0.00000000
    endloop
  endfacet
  facet normal 0.00000000 0.00000000 1.00000000
    outer loop
      vertex -40.68893510 -4.47320304 0.00000000
      vertex -41.30492035 -4.54316933 0.00000000
      vertex -41.17855585 -4.74754095 0.00000000
    endloop
  endfacet
  facet normal 0.00000000 0.00000000 1.00000000
    outer loop
      vertex -40.68893510 -4.47320304 0.00000000
      vertex -40.79761594 -4.25892314 0.00000000
      vertex -41.30492035 -4.54316933 0.00000000
    endloop
  endfacet
  facet normal 0.00000000 0.00000000 1.00000000
    outer loop
      vertex -41.17855585 -4.74754095 0.00000000
      vertex -41.77827381 -4.86480458 0.00000000
      vertex -41.63457362 -5.05739691 0.00000000
    endloop
  endfacet
  facet normal 0.00000000 0.00000000 1.00000000
    outer loop
      vertex -41.17855585 -4.74754095 0.00000000
      vertex -41.30492035 -4.54316933 0.00000000
      vertex -41.77827381 -4.86480458 0.00000000
    endloop
  endfacet
  facet normal 0.00000000 0.00000000 1.00000000
    outer loop
      vertex -41.63457362 -5.05739691 0.00000000
      vertex -42.21744929 -5.22376055 0.00000000
      vertex -42.05721545 -5.40283926 0.00000000
    endloop
  endfacet
  facet normal 0.00000000 0.00000000 1.00000000
    outer loop
      vertex -41.63457362 -5.05739691 0.00000000
      vertex -41.77827381 -4.86480458 0.00000000
      vertex -42.21744929 -5.22376055 0.00000000
    endloop
  endfacet
  facet normal 0.00000000 0.00000000 1.00000000
    outer loop
      vertex -42.05721545 -5.40283926 0.00000000
      vertex -42.62223516 -5.61990402 0.00000000
      vertex -42.44669296 -5.78400122 0.00000000
    endloop
  endfacet
  facet normal 0.00000000 0.00000000 1.00000000
    outer loop
      vertex -42.05721545 -5.40283926 0.00000000
      vertex -42.21744929 -5.22376055 0.00000000
      vertex -42.62223516 -5.61990402 0.00000000
    endloop
  endfacet
  facet normal 0.00000000 0.00000000 1.00000000
    outer loop
      vertex -42.44669296 -5.78400122 0.00000000
      vertex -42.99246091 -6.05304904 0.00000000
      vertex -42.80317667 -6.20106875 0.00000000
    endloop
  endfacet
  facet normal 0.00000000 0.00000000 1.00000000
    outer loop
      vertex -42.44669296 -5.78400122 0.00000000
      vertex -42.62223516 -5.61990402 0.00000000
      vertex -42.99246091 -6.05304904 0.00000000
    endloop
  endfacet
  facet normal 0.00000000 0.00000000 1.00000000
    outer loop
      vertex -42.80317667 -6.20106875 0.00000000
      vertex -43.32801548 -6.52297915 0.00000000
      vertex -43.12677762 -6.65425831 0.00000000
    endloop
  endfacet
  facet normal 0.00000000 0.00000000 1.00000000
    outer loop
      vertex -42.80317667 -6.20106875 0.00000000
      vertex -42.99246091 -6.05304904 0.00000000
      vertex -43.32801548 -6.52297915 0.00000000
    endloop
  endfacet
  facet normal 0.00000000 0.00000000 1.00000000
    outer loop
      vertex -43.12677762 -6.65425831 0.00000000
      vertex -43.62885385 -7.02947383 0.00000000
      vertex -43.41754086 -7.14379042 0.00000000
    endloop
  endfacet
  facet normal 0.00000000 0.00000000 1.00000000
    outer loop
      vertex -43.12677762 -6.65425831 0.00000000
      vertex -43.32801548 -6.52297915 0.00000000
      vertex -43.62885385 -7.02947383 0.00000000
    endloop
  endfacet
  facet normal 0.00000000 0.00000000 1.00000000
    outer loop
      vertex -43.41754086 -7.14379042 0.00000000
      vertex -43.89499166 -7.57233232 0.00000000
      vertex -43.67545073 -7.66986583 0.00000000
    endloop
  endfacet
  facet normal 0.00000000 0.00000000 1.00000000
    outer loop
      vertex -43.41754086 -7.14379042 0.00000000
      vertex -43.62885385 -7.02947383 0.00000000
      vertex -43.89499166 -7.57233232 0.00000000
    endloop
  endfacet
  facet normal 0.00000000 0.00000000 1.00000000
    outer loop
      vertex -43.67545073 -7.66986583 0.00000000
      vertex -44.12649162 -8.15138985 0.00000000
      vertex -43.90044452 -8.23264931 0.00000000
    endloop
  endfacet
  facet normal 0.00000000 0.00000000 1.00000000
    outer loop
      vertex -43.67545073 -7.66986583 0.00000000
      vertex -43.89499166 -7.57233232 0.00000000
      vertex -44.12649162 -8.15138985 0.00000000
    endloop
  endfacet
  facet normal 0.00000000 0.00000000 1.00000000
    outer loop
      vertex -43.90044452 -8.23264931 0.00000000
      vertex -44.32344643 -8.76652482 0.00000000
      vertex -44.09242954 -8.83226248 0.00000000
    endloop
  endfacet
  facet normal 0.00000000 0.00000000 1.00000000
    outer loop
      vertex -43.90044452 -8.23264931 0.00000000
      vertex -44.12649162 -8.15138985 0.00000000
      vertex -44.32344643 -8.76652482 0.00000000
    endloop
  endfacet
  facet normal 0.00000000 0.00000000 1.00000000
    outer loop
      vertex -44.09242954 -8.83226248 0.00000000
      vertex -44.48596280 -9.41765812 0.00000000
      vertex -44.25129907 -9.46878442 0.00000000
    endloop
  endfacet
  facet normal 0.00000000 0.00000000 1.00000000
    outer loop
      vertex -44.09242954 -8.83226248 0.00000000
      vertex -44.32344643 -8.76652482 0.00000000
      vertex -44.48596280 -9.41765812 0.00000000
    endloop
  endfacet
  facet normal 0.00000000 0.00000000 1.00000000
    outer loop
      vertex -44.25129907 -9.46878442 0.00000000
      vertex -44.61457367 -10.10702399 0.00000000
      vertex -44.37652018 -10.13998092 0.00000000
    endloop
  endfacet
  facet normal 0.00000000 0.00000000 1.00000000
    outer loop
      vertex -44.25129907 -9.46878442 0.00000000
      vertex -44.48596280 -9.41765812 0.00000000
      vertex -44.61457367 -10.10702399 0.00000000
    endloop
  endfacet
  facet normal 0.00000000 0.00000000 1.00000000
    outer loop
      vertex -44.37652018 -10.13998092 0.00000000
      vertex -44.65709410 -10.57457068 0.00000000
      vertex -44.41802075 -10.59631334 0.00000000
    endloop
  endfacet
  facet normal 0.00000000 0.00000000 1.00000000
    outer loop
      vertex -44.37652018 -10.13998092 0.00000000
      vertex -44.61457367 -10.10702399 0.00000000
      vertex -44.65709410 -10.57457068 0.00000000
    endloop
  endfacet
  facet normal 0.00000000 0.00000000 1.00000000
    outer loop
      vertex -44.41802075 -10.59631334 0.00000000
      vertex -44.69910457 -11.03649129 0.00000000
      vertex -44.46003129 -11.05823481 0.00000000
    endloop
  endfacet
  facet normal 0.00000000 0.00000000 1.00000000
    outer loop
      vertex -44.41802075 -10.59631334 0.00000000
      vertex -44.65709410 -10.57457068 0.00000000
      vertex -44.69910457 -11.03649129 0.00000000
    endloop
  endfacet
  facet normal 0.00000000 0.00000000 1.00000000
    outer loop
      vertex -44.46003129 -11.05823481 0.00000000
      vertex -44.74111503 -11.49839337 0.00000000
      vertex -44.50204183 -11.52013775 0.00000000
    endloop
  endfacet
  facet normal 0.00000000 0.00000000 1.00000000
    outer loop
      vertex -44.46003129 -11.05823481 0.00000000
      vertex -44.69910457 -11.03649129 0.00000000
      vertex -44.74111503 -11.49839337 0.00000000
    endloop
  endfacet
  facet normal 0.00000000 0.00000000 1.00000000
    outer loop
      vertex -44.50204183 -11.52013775 0.00000000
      vertex -44.78312549 -11.96027692 0.00000000
      vertex -44.54405238 -11.98202217 0.00000000
    endloop
  endfacet
  facet normal 0.00000000 0.00000000 1.00000000
    outer loop
      vertex -44.50204183 -11.52013775 0.00000000
      vertex -44.74111503 -11.49839337 0.00000000
      vertex -44.78312549 -11.96027692 0.00000000
    endloop
  endfacet
  facet normal 0.00000000 0.00000000 1.00000000
    outer loop
      vertex -44.54405238 -11.98202217 0.00000000
      vertex -44.82513596 -12.42214196 0.00000000
      vertex -44.58606292 -12.44388807 0.00000000
    endloop
  endfacet
  facet normal 0.00000000 0.00000000 1.00000000
    outer loop
      vertex -44.54405238 -11.98202217 0.00000000
      vertex -44.78312549 -11.96027692 0.00000000
      vertex -44.82513596 -12.42214196 0.00000000
    endloop
  endfacet
  facet normal 0.00000000 0.00000000 1.00000000
    outer loop
      vertex -44.58606292 -12.44388807 0.00000000
      vertex -44.86714642 -12.88398847 0.00000000
      vertex -44.62807346 -12.90573545 0.00000000
    endloop
  endfacet
  facet normal 0.00000000 0.00000000 1.00000000
    outer loop
      vertex -44.58606292 -12.44388807 0.00000000
      vertex -44.82513596 -12.42214196 0.00000000
      vertex -44.86714642 -12.88398847 0.00000000
    endloop
  endfacet
  facet normal 0.00000000 0.00000000 1.00000000
    outer loop
      vertex -44.62807346 -12.90573545 0.00000000
      vertex -44.90915688 -13.34581646 0.00000000
      vertex -44.67008400 -13.36756430 0.00000000
    endloop
  endfacet
  facet normal 0.00000000 0.00000000 1.00000000
    outer loop
      vertex -44.62807346 -12.90573545 0.00000000
      vertex -44.86714642 -12.88398847 0.00000000
      vertex -44.90915688 -13.34581646 0.00000000
    endloop
  endfacet
  facet normal 0.00000000 0.00000000 1.00000000
    outer loop
      vertex -44.67008400 -13.36756430 0.00000000
      vertex -44.95116735 -13.80762592 0.00000000
      vertex -44.71209454 -13.82937463 0.00000000
    endloop
  endfacet
  facet normal 0.00000000 0.00000000 1.00000000
    outer loop
      vertex -44.67008400 -13.36756430 0.00000000
      vertex -44.90915688 -13.34581646 0.00000000
      vertex -44.95116735 -13.80762592 0.00000000
    endloop
  endfacet
  facet normal 0.00000000 0.00000000 1.00000000
    outer loop
      vertex -44.71209454 -13.82937463 0.00000000
      vertex -44.99317781 -14.26941686 0.00000000
      vertex -44.75410509 -14.29116644 0.00000000
    endloop
  endfacet
  facet normal 0.00000000 0.00000000 1.00000000
    outer loop
      vertex -44.71209454 -13.82937463 0.00000000
      vertex -44.95116735 -13.80762592 0.00000000
      vertex -44.99317781 -14.26941686 0.00000000
    endloop
  endfacet
  facet normal 0.00000000 0.00000000 1.00000000
    outer loop
      vertex -44.75410509 -14.29116644 0.00000000
      vertex -45.03518827 -14.73118928 0.00000000
      vertex -44.79611563 -14.75293972 0.00000000
    endloop
  endfacet
  facet normal 0.00000000 0.00000000 1.00000000
    outer loop
      vertex -44.75410509 -14.29116644 0.00000000
      vertex -44.99317781 -14.26941686 0.00000000
      vertex -45.03518827 -14.73118928 0.00000000
    endloop
  endfacet
  facet normal 0.00000000 0.00000000 1.00000000
    outer loop
      vertex -44.79611563 -14.75293972 0.00000000
      vertex -45.07719874 -15.19294317 0.00000000
      vertex -44.83812617 -15.21469448 0.00000000
    endloop
  endfacet
  facet normal 0.00000000 0.00000000 1.00000000
    outer loop
      vertex -44.79611563 -14.75293972 0.00000000
      vertex -45.03518827 -14.73118928 0.00000000
      vertex -45.07719874 -15.19294317 0.00000000
    endloop
  endfacet
  facet normal 0.00000000 0.00000000 1.00000000
    outer loop
      vertex -44.83812617 -15.21469448 0.00000000
      vertex -45.11920920 -15.65467855 0.00000000
      vertex -44.88013671 -15.67643072 0.00000000
    endloop
  endfacet
  facet normal 0.00000000 0.00000000 1.00000000
    outer loop
      vertex -44.83812617 -15.21469448 0.00000000
      vertex -45.07719874 -15.19294317 0.00000000
      vertex -45.11920920 -15.65467855 0.00000000
    endloop
  endfacet
  facet normal 0.00000000 0.00000000 1.00000000
    outer loop
      vertex -44.88013671 -15.67643072 0.00000000
      vertex -45.16121966 -16.11639539 0.00000000
      vertex -44.92214725 -16.13814843 0.00000000
    endloop
  endfacet
  facet normal 0.00000000 0.00000000 1.00000000
    outer loop
      vertex -44.88013671 -15.67643072 0.00000000
      vertex -45.11920920 -15.65467855 0.00000000
      vertex -45.16121966 -16.11639539 0.00000000
    endloop
  endfacet
  facet normal 0.00000000 0.00000000 1.00000000
    outer loop
      vertex -44.92214725 -16.13814843 0.00000000
      vertex -45.20323013 -16.57809372 0.00000000
      vertex -44.96415780 -16.59984762 0.00000000
    endloop
  endfacet
  facet normal 0.00000000 0.00000000 1.00000000
    outer loop
      vertex -44.92214725 -16.13814843 0.00000000
      vertex -45.16121966 -16.11639539 0.00000000
      vertex -45.20323013 -16.57809372 0.00000000
    endloop
  endfacet
  facet normal 0.00000000 0.00000000 1.00000000
    outer loop
      vertex -44.96415780 -16.59984762 0.00000000
      vertex -45.24524059 -17.03977352 0.00000000
      vertex -45.00616834 -17.06152829 0.00000000
    endloop
  endfacet
  facet normal 0.00000000 0.00000000 1.00000000
    outer loop
      vertex -44.96415780 -16.59984762 0.00000000
      vertex -45.20323013 -16.57809372 0.00000000
      vertex -45.24524059 -17.03977352 0.00000000
    endloop
  endfacet
  facet normal 0.00000000 0.00000000 1.00000000
    outer loop
      vertex -45.00616834 -17.06152829 0.00000000
      vertex -45.28725105 -17.50143480 0.00000000
      vertex -45.04817888 -17.52319043 0.00000000
    endloop
  endfacet
  facet normal 0.00000000 0.00000000 1.00000000
    outer loop
      vertex -45.00616834 -17.06152829 0.00000000
      vertex -45.24524059 -17.03977352 0.00000000
      vertex -45.28725105 -17.50143480 0.00000000
    endloop
  endfacet
  facet normal 0.00000000 0.00000000 1.00000000
    outer loop
      vertex -45.04817888 -17.52319043 0.00000000
      vertex -45.32926151 -17.96307756 0.00000000
      vertex -45.09018942 -17.98483406 0.00000000
    endloop
  endfacet
  facet normal 0.00000000 0.00000000 1.00000000
    outer loop
      vertex -45.04817888 -17.52319043 0.00000000
      vertex -45.28725105 -17.50143480 0.00000000
      vertex -45.32926151 -17.96307756 0.00000000
    endloop
  endfacet
  facet normal 0.00000000 0.00000000 1.00000000
    outer loop
      vertex -45.09018942 -17.98483406 0.00000000
      vertex -45.37220235 -18.43492505 0.00000000
      vertex -45.13126959 -18.43623590 0.00000000
    endloop
  endfacet
  facet normal 0.00000000 0.00000000 1.00000000
    outer loop
      vertex -45.09018942 -17.98483406 0.00000000
      vertex -45.32926151 -17.96307756 0.00000000
      vertex -45.37220235 -18.43492505 0.00000000
    endloop
  endfacet
  facet normal 0.00000000 0.00000000 1.00000000
    outer loop
      vertex -45.13126959 -18.43623590 0.00000000
      vertex -45.27983375 -19.58888778 0.00000000
      vertex -45.04053686 -19.56976170 0.00000000
    endloop
  endfacet
  facet normal 0.00000000 0.00000000 1.00000000
    outer loop
      vertex -45.13126959 -18.43623590 0.00000000
      vertex -45.37220235 -18.43492505 0.00000000
      vertex -45.27983375 -19.58888778 0.00000000
    endloop
  endfacet
  facet normal 0.00000000 0.00000000 1.00000000
    outer loop
      vertex -45.04053686 -19.56976170 0.00000000
      vertex -45.18856319 -20.73252050 0.00000000
      vertex -44.94926179 -20.71345081 0.00000000
    endloop
  endfacet
  facet normal 0.00000000 0.00000000 1.00000000
    outer loop
      vertex -45.04053686 -19.56976170 0.00000000
      vertex -45.27983375 -19.58888778 0.00000000
      vertex -45.18856319 -20.73252050 0.00000000
    endloop
  endfacet
  facet normal 0.00000000 0.00000000 1.00000000
    outer loop
      vertex -44.94926179 -20.71345081 0.00000000
      vertex -45.09757046 -21.87606986 0.00000000
      vertex -44.85826457 -21.85705657 0.00000000
    endloop
  endfacet
  facet normal 0.00000000 0.00000000 1.00000000
    outer loop
      vertex -44.94926179 -20.71345081 0.00000000
      vertex -45.18856319 -20.73252050 0.00000000
      vertex -45.09757046 -21.87606986 0.00000000
    endloop
  endfacet
  facet normal 0.00000000 0.00000000 1.00000000
    outer loop
      vertex -44.85826457 -21.85705657 0.00000000
      vertex -45.00685557 -23.01953587 0.00000000
      vertex -44.76754521 -23.00057898 0.00000000
    endloop
  endfacet
  facet normal 0.00000000 0.00000000 1.00000000
    outer loop
      vertex -44.85826457 -21.85705657 0.00000000
      vertex -45.09757046 -21.87606986 0.00000000
      vertex -45.00685557 -23.01953587 0.00000000
    endloop
  endfacet
  facet normal 0.00000000 0.00000000 1.00000000
    outer loop
      vertex -44.76754521 -23.00057898 0.00000000
      vertex -44.91641853 -24.16291851 0.00000000
      vertex -44.67710371 -24.14401804 0.00000000
    endloop
  endfacet
  facet normal 0.00000000 0.00000000 1.00000000
    outer loop
      vertex -44.76754521 -23.00057898 0.00000000
      vertex -45.00685557 -23.01953587 0.00000000
      vertex -44.91641853 -24.16291851 0.00000000
    endloop
  endfacet
  facet normal 0.00000000 0.00000000 1.00000000
    outer loop
      vertex -44.67710371 -24.14401804 0.00000000
      vertex -44.82625932 -25.30621779 0.00000000
      vertex -44.58694005 -25.28737376 0.00000000
    endloop
  endfacet
  facet normal 0.00000000 0.00000000 1.00000000
    outer loop
      vertex -44.67710371 -24.14401804 0.00000000
      vertex -44.91641853 -24.16291851 0.00000000
      vertex -44.82625932 -25.30621779 0.00000000
    endloop
  endfacet
  facet normal 0.00000000 0.00000000 1.00000000
    outer loop
      vertex -44.58694005 -25.28737376 0.00000000
      vertex -44.73637796 -26.44943372 0.00000000
      vertex -44.49705425 -26.43064612 0.00000000
    endloop
  endfacet
  facet normal 0.00000000 0.00000000 1.00000000
    outer loop
      vertex -44.58694005 -25.28737376 0.00000000
      vertex -44.82625932 -25.30621779 0.00000000
      vertex -44.73637796 -26.44943372 0.00000000
    endloop
  endfacet
  facet normal 0.00000000 0.00000000 1.00000000
    outer loop
      vertex -44.49705425 -26.43064612 0.00000000
      vertex -44.64677444 -27.59256628 0.00000000
      vertex -44.40744630 -27.57383514 0.00000000
    endloop
  endfacet
  facet normal 0.00000000 0.00000000 1.00000000
    outer loop
      vertex -44.49705425 -26.43064612 0.00000000
      vertex -44.73637796 -26.44943372 0.00000000
      vertex -44.64677444 -27.59256628 0.00000000
    endloop
  endfacet
  facet normal 0.00000000 0.00000000 1.00000000
    outer loop
      vertex -44.40744630 -27.57383514 0.00000000
      vertex -44.55744876 -28.73561548 0.00000000
      vertex -44.31811621 -28.71694081 0.00000000
    endloop
  endfacet
  facet normal 0.00000000 0.00000000 1.00000000
    outer loop
      vertex -44.40744630 -27.57383514 0.00000000
      vertex -44.64677444 -27.59256628 0.00000000
      vertex -44.55744876 -28.73561548 0.00000000
    endloop
  endfacet
  facet normal 0.00000000 0.00000000 1.00000000
    outer loop
      vertex -44.31811621 -28.71694081 0.00000000
      vertex -44.46840092 -29.87858133 0.00000000
      vertex -44.22906397 -29.85996313 0.00000000
    endloop
  endfacet
  facet normal 0.00000000 0.00000000 1.00000000
    outer loop
      vertex -44.31811621 -28.71694081 0.00000000
      vertex -44.55744876 -28.73561548 0.00000000
      vertex -44.46840092 -29.87858133 0.00000000
    endloop
  endfacet
  facet normal 0.00000000 0.00000000 1.00000000
    outer loop
      vertex -44.22906397 -29.85996313 0.00000000
      vertex -44.37963092 -31.02146381 0.00000000
      vertex -44.14028958 -31.00290210 0.00000000
    endloop
  endfacet
  facet normal 0.00000000 0.00000000 1.00000000
    outer loop
      vertex -44.22906397 -29.85996313 0.00000000
      vertex -44.46840092 -29.87858133 0.00000000
      vertex -44.37963092 -31.02146381 0.00000000
    endloop
  endfacet
  facet normal 0.00000000 0.00000000 1.00000000
    outer loop
      vertex -44.14028958 -31.00290210 0.00000000
      vertex -44.29113876 -32.16426293 0.00000000
      vertex -44.05179305 -32.14575772 0.00000000
    endloop
  endfacet
  facet normal 0.00000000 0.00000000 1.00000000
    outer loop
      vertex -44.14028958 -31.00290210 0.00000000
      vertex -44.37963092 -31.02146381 0.00000000
      vertex -44.29113876 -32.16426293 0.00000000
    endloop
  endfacet
  facet normal 0.00000000 0.00000000 1.00000000
    outer loop
      vertex -44.05179305 -32.14575772 0.00000000
      vertex -44.20292444 -33.30697870 0.00000000
      vertex -43.96357437 -33.28853000 0.00000000
    endloop
  endfacet
  facet normal 0.00000000 0.00000000 1.00000000
    outer loop
      vertex -44.05179305 -32.14575772 0.00000000
      vertex -44.29113876 -32.16426293 0.00000000
      vertex -44.20292444 -33.30697870 0.00000000
    endloop
  endfacet
  facet normal 0.00000000 0.00000000 1.00000000
    outer loop
      vertex -43.96357437 -33.28853000 0.00000000
      vertex -44.11498796 -34.44961110 0.00000000
      vertex -43.87563354 -34.43121892 0.00000000
    endloop
  endfacet
  facet normal 0.00000000 0.00000000 1.00000000
    outer loop
      vertex -43.96357437 -33.28853000 0.00000000
      vertex -44.20292444 -33.30697870 0.00000000
      vertex -44.11498796 -34.44961110 0.00000000
    endloop
  endfacet
  facet normal 0.00000000 0.00000000 1.00000000
    outer loop
      vertex -43.87563354 -34.43121892 0.00000000
      vertex -44.02732933 -35.59216015 0.00000000
      vertex -43.78797057 -35.57382450 0.00000000
    endloop
  endfacet
  facet normal 0.00000000 0.00000000 1.00000000
    outer loop
      vertex -43.87563354 -34.43121892 0.00000000
      vertex -44.11498796 -34.44961110 0.00000000
      vertex -44.02732933 -35.59216015 0.00000000
    endloop
  endfacet
  facet normal 0.00000000 0.00000000 1.00000000
    outer loop
      vertex -43.78797057 -35.57382450 0.00000000
      vertex -43.93994853 -36.73462583 0.00000000
      vertex -43.70058545 -36.71634673 0.00000000
    endloop
  endfacet
  facet normal 0.00000000 0.00000000 1.00000000
    outer loop
      vertex -43.78797057 -35.57382450 0.00000000
      vertex -44.02732933 -35.59216015 0.00000000
      vertex -43.93994853 -36.73462583 0.00000000
    endloop
  endfacet
  facet normal 0.00000000 0.00000000 1.00000000
    outer loop
      vertex -43.70058545 -36.71634673 0.00000000
      vertex -43.85284558 -37.87700816 0.00000000
      vertex -43.61347819 -37.85878561 0.00000000
    endloop
  endfacet
  facet normal 0.00000000 0.00000000 1.00000000
    outer loop
      vertex -43.70058545 -36.71634673 0.00000000
      vertex -43.93994853 -36.73462583 0.00000000
      vertex -43.85284558 -37.87700816 0.00000000
    endloop
  endfacet
  facet normal 0.00000000 0.00000000 1.00000000
    outer loop
      vertex -43.61347819 -37.85878561 0.00000000
      vertex -43.76558161 -39.02508092 0.00000000
      vertex -43.52708763 -38.99536735 0.00000000
    endloop
  endfacet
  facet normal 0.00000000 0.00000000 1.00000000
    outer loop
      vertex -43.61347819 -37.85878561 0.00000000
      vertex -43.85284558 -37.87700816 0.00000000
      vertex -43.76558161 -39.02508092 0.00000000
    endloop
  endfacet
  facet normal 0.00000000 0.00000000 1.00000000
    outer loop
      vertex -43.52708763 -38.99536735 0.00000000
      vertex -43.64257592 -39.73301245 0.00000000
      vertex -43.40735671 -39.68445174 0.00000000
    endloop
  endfacet
  facet normal 0.00000000 0.00000000 1.00000000
    outer loop
      vertex -43.52708763 -38.99536735 0.00000000
      vertex -43.76558161 -39.02508092 0.00000000
      vertex -43.64257592 -39.73301245 0.00000000
    endloop
  endfacet
  facet normal 0.00000000 0.00000000 1.00000000
    outer loop
      vertex -43.40735671 -39.68445174 0.00000000
      vertex -43.48399456 -40.39494660 0.00000000
      vertex -43.25249860 -40.33084467 0.00000000
    endloop
  endfacet
  facet normal 0.00000000 0.00000000 1.00000000
    outer loop
      vertex -43.40735671 -39.68445174 0.00000000
      vertex -43.64257592 -39.73301245 0.00000000
      vertex -43.48399456 -40.39494660 0.00000000
    endloop
  endfacet
  facet normal 0.00000000 0.00000000 1.00000000
    outer loop
      vertex -43.25249860 -40.33084467 0.00000000
      vertex -43.28926747 -41.01319818 0.00000000
      vertex -43.06308336 -40.93223133 0.00000000
    endloop
  endfacet
  facet normal 0.00000000 0.00000000 1.00000000
    outer loop
      vertex -43.25249860 -40.33084467 0.00000000
      vertex -43.48399456 -40.39494660 0.00000000
      vertex -43.28926747 -41.01319818 0.00000000
    endloop
  endfacet
  facet normal 0.00000000 0.00000000 1.00000000
    outer loop
      vertex -43.06308336 -40.93223133 0.00000000
      vertex -43.05821726 -41.58769278 0.00000000
      vertex -42.83928838 -41.48868614 0.00000000
    endloop
  endfacet
  facet normal 0.00000000 0.00000000 1.00000000
    outer loop
      vertex -43.06308336 -40.93223133 0.00000000
      vertex -43.28926747 -41.01319818 0.00000000
      vertex -43.05821726 -41.58769278 0.00000000
    endloop
  endfacet
  facet normal 0.00000000 0.00000000 1.00000000
    outer loop
      vertex -42.83928838 -41.48868614 0.00000000
      vertex -42.79067313 -42.11828307 0.00000000
      vertex -42.58128446 -42.00035641 0.00000000
    endloop
  endfacet
  facet normal 0.00000000 0.00000000 1.00000000
    outer loop
      vertex -42.83928838 -41.48868614 0.00000000
      vertex -43.05821726 -41.58769278 0.00000000
      vertex -42.79067313 -42.11828307 0.00000000
    endloop
  endfacet
  facet normal 0.00000000 0.00000000 1.00000000
    outer loop
      vertex -42.58128446 -42.00035641 0.00000000
      vertex -42.48650189 -42.60473783 0.00000000
      vertex -42.28920478 -42.46747338 0.00000000
    endloop
  endfacet
  facet normal 0.00000000 0.00000000 1.00000000
    outer loop
      vertex -42.58128446 -42.00035641 0.00000000
      vertex -42.79067313 -42.11828307 0.00000000
      vertex -42.48650189 -42.60473783 0.00000000
    endloop
  endfacet
  facet normal 0.00000000 0.00000000 1.00000000
    outer loop
      vertex -42.28920478 -42.46747338 0.00000000
      vertex -42.14564698 -43.04674683 0.00000000
      vertex -41.96310591 -42.89034726 0.00000000
    endloop
  endfacet
  facet normal 0.00000000 0.00000000 1.00000000
    outer loop
      vertex -42.28920478 -42.46747338 0.00000000
      vertex -42.48650189 -42.60473783 0.00000000
      vertex -42.14564698 -43.04674683 0.00000000
    endloop
  endfacet
  facet normal 0.00000000 0.00000000 1.00000000
    outer loop
      vertex -41.96310591 -42.89034726 0.00000000
      vertex -41.76816524 -43.44394935 0.00000000
      vertex -41.60293101 -43.26933879 0.00000000
    endloop
  endfacet
  facet normal 0.00000000 0.00000000 1.00000000
    outer loop
      vertex -41.96310591 -42.89034726 0.00000000
      vertex -42.14564698 -43.04674683 0.00000000
      vertex -41.76816524 -43.44394935 0.00000000
    endloop
  endfacet
  facet normal 0.00000000 0.00000000 1.00000000
    outer loop
      vertex -41.60293101 -43.26933879 0.00000000
      vertex -41.35424537 -43.79598588 0.00000000
      vertex -41.20849139 -43.60480747 0.00000000
    endloop
  endfacet
  facet normal 0.00000000 0.00000000 1.00000000
    outer loop
      vertex -41.60293101 -43.26933879 0.00000000
      vertex -41.76816524 -43.44394935 0.00000000
      vertex -41.35424537 -43.79598588 0.00000000
    endloop
  endfacet
  facet normal 0.00000000 0.00000000 1.00000000
    outer loop
      vertex -41.20849139 -43.60480747 0.00000000
      vertex -40.90419460 -44.10256000 0.00000000
      vertex -40.77947980 -43.89704972 0.00000000
    endloop
  endfacet
  facet normal 0.00000000 0.00000000 1.00000000
    outer loop
      vertex -41.20849139 -43.60480747 0.00000000
      vertex -41.35424537 -43.79598588 0.00000000
      vertex -40.90419460 -44.10256000 0.00000000
    endloop
  endfacet
  facet normal 0.00000000 0.00000000 1.00000000
    outer loop
      vertex -40.77947980 -43.89704972 0.00000000
      vertex -40.41839254 -44.36348871 0.00000000
      vertex -40.31551664 -44.14624855 0.00000000
    endloop
  endfacet
  facet normal 0.00000000 0.00000000 1.00000000
    outer loop
      vertex -40.77947980 -43.89704972 0.00000000
      vertex -40.90419460 -44.10256000 0.00000000
      vertex -40.41839254 -44.36348871 0.00000000
    endloop
  endfacet
  facet normal 0.00000000 0.00000000 1.00000000
    outer loop
      vertex -40.31551664 -44.14624855 0.00000000
      vertex -39.89722732 -44.57872247 0.00000000
      vertex -39.81621378 -44.35245347 0.00000000
    endloop
  endfacet
  facet normal 0.00000000 0.00000000 1.00000000
    outer loop
      vertex -40.31551664 -44.14624855 0.00000000
      vertex -40.41839254 -44.36348871 0.00000000
      vertex -39.89722732 -44.57872247 0.00000000
    endloop
  endfacet
  facet normal 0.00000000 0.00000000 1.00000000
    outer loop
      vertex -39.81621378 -44.35245347 0.00000000
      vertex -39.34103713 -44.74833128 0.00000000
      vertex -39.28123303 -44.51559452 0.00000000
    endloop
  endfacet
  facet normal 0.00000000 0.00000000 1.00000000
    outer loop
      vertex -39.81621378 -44.35245347 0.00000000
      vertex -39.89722732 -44.57872247 0.00000000
      vertex -39.34103713 -44.74833128 0.00000000
    endloop
  endfacet
  facet normal 0.00000000 0.00000000 1.00000000
    outer loop
      vertex -39.28123303 -44.51559452 0.00000000
      vertex -38.75007446 -44.87246778 0.00000000
      vertex -38.71032190 -44.63551903 0.00000000
    endloop
  endfacet
  facet normal 0.00000000 0.00000000 1.00000000
    outer loop
      vertex -39.28123303 -44.51559452 0.00000000
      vertex -39.34103713 -44.74833128 0.00000000
      vertex -38.75007446 -44.87246778 0.00000000
    endloop
  endfacet
  facet normal 0.00000000 0.00000000 1.00000000
    outer loop
      vertex -38.71032190 -44.63551903 0.00000000
      vertex -38.12449693 -44.95132482 0.00000000
      vertex -38.10332277 -44.71203417 0.00000000
    endloop
  endfacet
  facet normal 0.00000000 0.00000000 1.00000000
    outer loop
      vertex -38.71032190 -44.63551903 0.00000000
      vertex -38.75007446 -44.87246778 0.00000000
      vertex -38.12449693 -44.95132482 0.00000000
    endloop
  endfacet
  facet normal 0.00000000 0.00000000 1.00000000
    outer loop
      vertex -38.10332277 -44.71203417 0.00000000
      vertex -37.46437810 -44.98510033 0.00000000
      vertex -37.46016208 -44.74494200 0.00000000
    endloop
  endfacet
  facet normal 0.00000000 0.00000000 1.00000000
    outer loop
      vertex -38.10332277 -44.71203417 0.00000000
      vertex -38.12449693 -44.95132482 0.00000000
      vertex -37.46437810 -44.98510033 0.00000000
    endloop
  endfacet
  facet normal -0.00000000 0.00000000 1.00000000
    outer loop
      vertex -37.46016208 -44.74494200 0.00000000
      vertex -36.76972774 -44.97397491 0.00000000
      vertex -36.78083005 -44.73406192 0.00000000
    endloop
  endfacet
  facet normal 0.00000000 0.00000000 1.00000000
    outer loop
      vertex -37.46016208 -44.74494200 0.00000000
      vertex -37.46437810 -44.98510033 0.00000000
      vertex -36.76972774 -44.97397491 0.00000000
    endloop
  endfacet
  facet normal -0.00000000 0.00000000 1.00000000
    outer loop
      vertex -36.78083005 -44.73406192 0.00000000
      vertex -36.04248381 -44.91825219 0.00000000
      vertex -36.06338873 -44.67909030 0.00000000
    endloop
  endfacet
  facet normal 0.00000000 0.00000000 1.00000000
    outer loop
      vertex -36.78083005 -44.73406192 0.00000000
      vertex -36.76972774 -44.97397491 0.00000000
      vertex -36.04248381 -44.91825219 0.00000000
    endloop
  endfacet
  facet normal 0.00000000 0.00000000 1.00000000
    outer loop
      vertex -36.06338873 -44.67909030 0.00000000
      vertex -32.03719368 -44.52486614 0.00000000
      vertex -32.06065833 -44.28595565 0.00000000
    endloop
  endfacet
  facet normal -0.00000000 0.00000000 1.00000000
    outer loop
      vertex -36.06338873 -44.67909030 0.00000000
      vertex -36.04248381 -44.91825219 0.00000000
      vertex -32.03719368 -44.52486614 0.00000000
    endloop
  endfacet
  facet normal 0.00000000 0.00000000 1.00000000
    outer loop
      vertex -32.06065833 -44.28595565 0.00000000
      vertex -28.03316523 -44.13161508 0.00000000
      vertex -28.05662922 -43.89270453 0.00000000
    endloop
  endfacet
  facet normal -0.00000000 0.00000000 1.00000000
    outer loop
      vertex -32.06065833 -44.28595565 0.00000000
      vertex -32.03719368 -44.52486614 0.00000000
      vertex -28.03316523 -44.13161508 0.00000000
    endloop
  endfacet
  facet normal 0.00000000 0.00000000 1.00000000
    outer loop
      vertex -28.05662922 -43.89270453 0.00000000
      vertex -24.02911825 -43.73837328 0.00000000
      vertex -24.05258159 -43.49946266 0.00000000
    endloop
  endfacet
  facet normal -0.00000000 0.00000000 1.00000000
    outer loop
      vertex -28.05662922 -43.89270453 0.00000000
      vertex -28.03316523 -44.13161508 0.00000000
      vertex -24.02911825 -43.73837328 0.00000000
    endloop
  endfacet
  facet normal 0.00000000 0.00000000 1.00000000
    outer loop
      vertex -24.05258159 -43.49946266 0.00000000
      vertex -20.02505274 -43.34514074 0.00000000
      vertex -20.04851543 -43.10623006 0.00000000
    endloop
  endfacet
  facet normal -0.00000000 0.00000000 1.00000000
    outer loop
      vertex -24.05258159 -43.49946266 0.00000000
      vertex -24.02911825 -43.73837328 0.00000000
      vertex -20.02505274 -43.34514074 0.00000000
    endloop
  endfacet
  facet normal 0.00000000 0.00000000 1.00000000
    outer loop
      vertex -20.04851543 -43.10623006 0.00000000
      vertex -16.02096872 -42.95191747 0.00000000
      vertex -16.04443075 -42.71300673 0.00000000
    endloop
  endfacet
  facet normal -0.00000000 0.00000000 1.00000000
    outer loop
      vertex -20.04851543 -43.10623006 0.00000000
      vertex -20.02505274 -43.34514074 0.00000000
      vertex -16.02096872 -42.95191747 0.00000000
    endloop
  endfacet
  facet normal 0.00000000 0.00000000 1.00000000
    outer loop
      vertex -16.04443075 -42.71300673 0.00000000
      vertex -12.01686617 -42.55870346 0.00000000
      vertex -12.04032754 -42.31979265 0.00000000
    endloop
  endfacet
  facet normal -0.00000000 0.00000000 1.00000000
    outer loop
      vertex -16.04443075 -42.71300673 0.00000000
      vertex -16.02096872 -42.95191747 0.00000000
      vertex -12.01686617 -42.55870346 0.00000000
    endloop
  endfacet
  facet normal 0.00000000 0.00000000 1.00000000
    outer loop
      vertex -12.04032754 -42.31979265 0.00000000
      vertex -8.01274509 -42.16549871 0.00000000
      vertex -8.03620581 -41.92658784 0.00000000
    endloop
  endfacet
  facet normal -0.00000000 0.00000000 1.00000000
    outer loop
      vertex -12.04032754 -42.31979265 0.00000000
      vertex -12.01686617 -42.55870346 0.00000000
      vertex -8.01274509 -42.16549871 0.00000000
    endloop
  endfacet
  facet normal 0.00000000 0.00000000 1.00000000
    outer loop
      vertex -8.03620581 -41.92658784 0.00000000
      vertex -4.00860550 -41.77230322 0.00000000
      vertex -4.03206556 -41.53339228 0.00000000
    endloop
  endfacet
  facet normal -0.00000000 0.00000000 1.00000000
    outer loop
      vertex -8.03620581 -41.92658784 0.00000000
      vertex -8.01274509 -42.16549871 0.00000000
      vertex -4.00860550 -41.77230322 0.00000000
    endloop
  endfacet
  facet normal 0.00000000 0.00000000 1.00000000
    outer loop
      vertex -4.03206556 -41.53339228 0.00000000
      vertex -0.00444738 -41.37911699 0.00000000
      vertex -0.02790679 -41.14020599 0.00000000
    endloop
  endfacet
  facet normal -0.00000000 0.00000000 1.00000000
    outer loop
      vertex -4.03206556 -41.53339228 0.00000000
      vertex -4.00860550 -41.77230322 0.00000000
      vertex -0.00444738 -41.37911699 0.00000000
    endloop
  endfacet
  facet normal 0.00000000 0.00000000 1.00000000
    outer loop
      vertex -0.02790679 -41.14020599 0.00000000
      vertex 3.99972927 -40.98594003 0.00000000
      vertex 3.97627051 -40.74702896 0.00000000
    endloop
  endfacet
  facet normal -0.00000000 0.00000000 1.00000000
    outer loop
      vertex -0.02790679 -41.14020599 0.00000000
      vertex -0.00444738 -41.37911699 0.00000000
      vertex 3.99972927 -40.98594003 0.00000000
    endloop
  endfacet
  facet normal 0.00000000 0.00000000 1.00000000
    outer loop
      vertex 3.97627051 -40.74702896 0.00000000
      vertex 8.00392443 -40.59277232 0.00000000
      vertex 7.98046633 -40.35386119 0.00000000
    endloop
  endfacet
  facet normal -0.00000000 0.00000000 1.00000000
    outer loop
      vertex 3.97627051 -40.74702896 0.00000000
      vertex 3.99972927 -40.98594003 0.00000000
      vertex 8.00392443 -40.59277232 0.00000000
    endloop
  endfacet
  facet normal 0.00000000 0.00000000 1.00000000
    outer loop
      vertex 7.98046633 -40.35386119 0.00000000
      vertex 12.00813812 -40.19961388 0.00000000
      vertex 11.98468068 -39.96070268 0.00000000
    endloop
  endfacet
  facet normal -0.00000000 0.00000000 1.00000000
    outer loop
      vertex 7.98046633 -40.35386119 0.00000000
      vertex 8.00392443 -40.59277232 0.00000000
      vertex 12.00813812 -40.19961388 0.00000000
    endloop
  endfacet
  facet normal 0.00000000 0.00000000 1.00000000
    outer loop
      vertex 11.98468068 -39.96070268 0.00000000
      vertex 16.01237033 -39.80646470 0.00000000
      vertex 15.98891354 -39.56755344 0.00000000
    endloop
  endfacet
  facet normal -0.00000000 0.00000000 1.00000000
    outer loop
      vertex 11.98468068 -39.96070268 0.00000000
      vertex 12.00813812 -40.19961388 0.00000000
      vertex 16.01237033 -39.80646470 0.00000000
    endloop
  endfacet
  facet normal 0.00000000 0.00000000 1.00000000
    outer loop
      vertex 15.98891354 -39.56755344 0.00000000
      vertex 20.01662107 -39.41332478 0.00000000
      vertex 19.99316493 -39.17441346 0.00000000
    endloop
  endfacet
  facet normal -0.00000000 0.00000000 1.00000000
    outer loop
      vertex 15.98891354 -39.56755344 0.00000000
      vertex 16.01237033 -39.80646470 0.00000000
      vertex 20.01662107 -39.41332478 0.00000000
    endloop
  endfacet
  facet normal 0.00000000 0.00000000 1.00000000
    outer loop
      vertex 19.99316493 -39.17441346 0.00000000
      vertex 24.02089033 -39.02019412 0.00000000
      vertex 23.99743485 -38.78128273 0.00000000
    endloop
  endfacet
  facet normal -0.00000000 0.00000000 1.00000000
    outer loop
      vertex 19.99316493 -39.17441346 0.00000000
      vertex 20.01662107 -39.41332478 0.00000000
      vertex 24.02089033 -39.02019412 0.00000000
    endloop
  endfacet
  facet normal 0.00000000 0.00000000 1.00000000
    outer loop
      vertex 23.99743485 -38.78128273 0.00000000
      vertex 28.02517811 -38.62707272 0.00000000
      vertex 28.00172328 -38.38816127 0.00000000
    endloop
  endfacet
  facet normal -0.00000000 0.00000000 1.00000000
    outer loop
      vertex 23.99743485 -38.78128273 0.00000000
      vertex 24.02089033 -39.02019412 0.00000000
      vertex 28.02517811 -38.62707272 0.00000000
    endloop
  endfacet
  facet normal 0.00000000 0.00000000 1.00000000
    outer loop
      vertex 28.00172328 -38.38816127 0.00000000
      vertex 32.02948441 -38.23396059 0.00000000
      vertex 32.00603024 -37.99504907 0.00000000
    endloop
  endfacet
  facet normal -0.00000000 0.00000000 1.00000000
    outer loop
      vertex 28.00172328 -38.38816127 0.00000000
      vertex 28.02517811 -38.62707272 0.00000000
      vertex 32.02948441 -38.23396059 0.00000000
    endloop
  endfacet
  facet normal 0.00000000 0.00000000 1.00000000
    outer loop
      vertex 32.00603024 -37.99504907 0.00000000
      vertex 36.03809931 -37.84043656 0.00000000
      vertex 36.00606566 -37.60236729 0.00000000
    endloop
  endfacet
  facet normal -0.00000000 0.00000000 1.00000000
    outer loop
      vertex 32.00603024 -37.99504907 0.00000000
      vertex 32.02948441 -38.23396059 0.00000000
      vertex 36.03809931 -37.84043656 0.00000000
    endloop
  endfacet
  facet normal -0.00000000 0.00000000 1.00000000
    outer loop
      vertex 36.00606566 -37.60236729 0.00000000
      vertex 36.49295350 -37.76252196 0.00000000
      vertex 36.44587031 -37.52703061 0.00000000
    endloop
  endfacet
  facet normal 0.00000000 0.00000000 1.00000000
    outer loop
      vertex 36.00606566 -37.60236729 0.00000000
      vertex 36.03809931 -37.84043656 0.00000000
      vertex 36.49295350 -37.76252196 0.00000000
    endloop
  endfacet
  facet normal -0.00000000 0.00000000 1.00000000
    outer loop
      vertex 36.44587031 -37.52703061 0.00000000
      vertex 36.92282351 -37.66412683 0.00000000
      vertex 36.86218407 -37.43173844 0.00000000
    endloop
  endfacet
  facet normal 0.00000000 0.00000000 1.00000000
    outer loop
      vertex 36.44587031 -37.52703061 0.00000000
      vertex 36.49295350 -37.76252196 0.00000000
      vertex 36.92282351 -37.66412683 0.00000000
    endloop
  endfacet
  facet normal -0.00000000 0.00000000 1.00000000
    outer loop
      vertex 36.86218407 -37.43173844 0.00000000
      vertex 37.32894984 -37.54493087 0.00000000
      vertex 37.25376643 -37.31681106 0.00000000
    endloop
  endfacet
  facet normal 0.00000000 0.00000000 1.00000000
    outer loop
      vertex 36.86218407 -37.43173844 0.00000000
      vertex 36.92282351 -37.66412683 0.00000000
      vertex 37.32894984 -37.54493087 0.00000000
    endloop
  endfacet
  facet normal -0.00000000 0.00000000 1.00000000
    outer loop
      vertex 37.25376643 -37.31681106 0.00000000
      vertex 37.71128775 -37.40482175 0.00000000
      vertex 37.62066213 -37.18236079 0.00000000
    endloop
  endfacet
  facet normal 0.00000000 0.00000000 1.00000000
    outer loop
      vertex 37.25376643 -37.31681106 0.00000000
      vertex 37.32894984 -37.54493087 0.00000000
      vertex 37.71128775 -37.40482175 0.00000000
    endloop
  endfacet
  facet normal -0.00000000 0.00000000 1.00000000
    outer loop
      vertex 37.62066213 -37.18236079 0.00000000
      vertex 38.06975373 -37.24368901 0.00000000
      vertex 37.96295467 -37.02849812 0.00000000
    endloop
  endfacet
  facet normal 0.00000000 0.00000000 1.00000000
    outer loop
      vertex 37.62066213 -37.18236079 0.00000000
      vertex 37.71128775 -37.40482175 0.00000000
      vertex 38.06975373 -37.24368901 0.00000000
    endloop
  endfacet
  facet normal -0.00000000 0.00000000 1.00000000
    outer loop
      vertex 37.96295467 -37.02849812 0.00000000
      vertex 38.40421945 -37.06143751 0.00000000
      vertex 38.28077239 -36.85531816 0.00000000
    endloop
  endfacet
  facet normal 0.00000000 0.00000000 1.00000000
    outer loop
      vertex 37.96295467 -37.02849812 0.00000000
      vertex 38.06975373 -37.24368901 0.00000000
      vertex 38.40421945 -37.06143751 0.00000000
    endloop
  endfacet
  facet normal -0.00000000 0.00000000 1.00000000
    outer loop
      vertex 38.28077239 -36.85531816 0.00000000
      vertex 38.71451095 -36.85800489 0.00000000
      vertex 38.57428925 -36.66288330 0.00000000
    endloop
  endfacet
  facet normal 0.00000000 0.00000000 1.00000000
    outer loop
      vertex 38.28077239 -36.85531816 0.00000000
      vertex 38.40421945 -37.06143751 0.00000000
      vertex 38.71451095 -36.85800489 0.00000000
    endloop
  endfacet
  facet normal 0.00000000 0.00000000 1.00000000
    outer loop
      vertex 38.57428925 -36.66288330 0.00000000
      vertex 39.00041655 -36.63338010 0.00000000
      vertex 38.84371693 -36.45120457 0.00000000
    endloop
  endfacet
  facet normal -0.00000000 0.00000000 1.00000000
    outer loop
      vertex 38.57428925 -36.66288330 0.00000000
      vertex 38.71451095 -36.85800489 0.00000000
      vertex 39.00041655 -36.63338010 0.00000000
    endloop
  endfacet
  facet normal 0.00000000 0.00000000 1.00000000
    outer loop
      vertex 38.84371693 -36.45120457 0.00000000
      vertex 39.26170472 -36.38761826 0.00000000
      vertex 39.08928695 -36.22022686 0.00000000
    endloop
  endfacet
  facet normal -0.00000000 0.00000000 1.00000000
    outer loop
      vertex 38.84371693 -36.45120457 0.00000000
      vertex 39.00041655 -36.63338010 0.00000000
      vertex 39.26170472 -36.38761826 0.00000000
    endloop
  endfacet
  facet normal 0.00000000 0.00000000 1.00000000
    outer loop
      vertex 39.08928695 -36.22022686 0.00000000
      vertex 39.49815035 -36.12084598 0.00000000
      vertex 39.31122444 -35.96982355 0.00000000
    endloop
  endfacet
  facet normal -0.00000000 0.00000000 1.00000000
    outer loop
      vertex 39.08928695 -36.22022686 0.00000000
      vertex 39.26170472 -36.38761826 0.00000000
      vertex 39.49815035 -36.12084598 0.00000000
    endloop
  endfacet
  facet normal 0.00000000 0.00000000 1.00000000
    outer loop
      vertex 39.31122444 -35.96982355 0.00000000
      vertex 39.70956373 -35.83325328 0.00000000
      vertex 39.50971909 -35.69980462 0.00000000
    endloop
  endfacet
  facet normal -0.00000000 0.00000000 1.00000000
    outer loop
      vertex 39.31122444 -35.96982355 0.00000000
      vertex 39.49815035 -36.12084598 0.00000000
      vertex 39.70956373 -35.83325328 0.00000000
    endloop
  endfacet
  facet normal 0.00000000 0.00000000 1.00000000
    outer loop
      vertex 39.50971909 -35.69980462 0.00000000
      vertex 39.89581435 -35.52507233 0.00000000
      vertex 39.68490142 -35.40993791 0.00000000
    endloop
  endfacet
  facet normal -0.00000000 0.00000000 1.00000000
    outer loop
      vertex 39.50971909 -35.69980462 0.00000000
      vertex 39.70956373 -35.83325328 0.00000000
      vertex 39.89581435 -35.52507233 0.00000000
    endloop
  endfacet
  facet normal 0.00000000 0.00000000 1.00000000
    outer loop
      vertex 39.68490142 -35.40993791 0.00000000
      vertex 40.05684301 -35.19654833 0.00000000
      vertex 39.83683063 -35.09997822 0.00000000
    endloop
  endfacet
  facet normal -0.00000000 0.00000000 1.00000000
    outer loop
      vertex 39.68490142 -35.40993791 0.00000000
      vertex 39.89581435 -35.52507233 0.00000000
      vertex 40.05684301 -35.19654833 0.00000000
    endloop
  endfacet
  facet normal 0.00000000 0.00000000 1.00000000
    outer loop
      vertex 39.83683063 -35.09997822 0.00000000
      vertex 40.19265981 -34.84791050 0.00000000
      vertex 39.96549662 -34.76969631 0.00000000
    endloop
  endfacet
  facet normal -0.00000000 0.00000000 1.00000000
    outer loop
      vertex 39.83683063 -35.09997822 0.00000000
      vertex 40.05684301 -35.19654833 0.00000000
      vertex 40.19265981 -34.84791050 0.00000000
    endloop
  endfacet
  facet normal 0.00000000 0.00000000 1.00000000
    outer loop
      vertex 39.96549662 -34.76969631 0.00000000
      vertex 40.30333082 -34.47935034 0.00000000
      vertex 40.07083331 -34.41890070 0.00000000
    endloop
  endfacet
  facet normal -0.00000000 0.00000000 1.00000000
    outer loop
      vertex 39.96549662 -34.76969631 0.00000000
      vertex 40.19265981 -34.84791050 0.00000000
      vertex 40.30333082 -34.47935034 0.00000000
    endloop
  endfacet
  facet normal 0.00000000 0.00000000 1.00000000
    outer loop
      vertex 40.07083331 -34.41890070 0.00000000
      vertex 40.38895904 -34.09101035 0.00000000
      vertex 40.15273772 -34.04744890 0.00000000
    endloop
  endfacet
  facet normal -0.00000000 0.00000000 1.00000000
    outer loop
      vertex 40.07083331 -34.41890070 0.00000000
      vertex 40.30333082 -34.47935034 0.00000000
      vertex 40.38895904 -34.09101035 0.00000000
    endloop
  endfacet
  facet normal 0.00000000 0.00000000 1.00000000
    outer loop
      vertex 40.15273772 -34.04744890 0.00000000
      vertex 40.44966519 -33.68298288 0.00000000
      vertex 40.21108911 -33.65524853 0.00000000
    endloop
  endfacet
  facet normal -0.00000000 0.00000000 1.00000000
    outer loop
      vertex 40.15273772 -34.04744890 0.00000000
      vertex 40.38895904 -34.09101035 0.00000000
      vertex 40.44966519 -33.68298288 0.00000000
    endloop
  endfacet
  facet normal 0.00000000 0.00000000 1.00000000
    outer loop
      vertex 40.21108911 -33.65524853 0.00000000
      vertex 40.48606890 -33.24940084 0.00000000
      vertex 40.24526786 -33.24816671 0.00000000
    endloop
  endfacet
  facet normal -0.00000000 0.00000000 1.00000000
    outer loop
      vertex 40.21108911 -33.65524853 0.00000000
      vertex 40.44966519 -33.68298288 0.00000000
      vertex 40.48606890 -33.24940084 0.00000000
    endloop
  endfacet
  facet normal 0.00000000 -0.00000000 1.00000000
    outer loop
      vertex 40.24526786 -33.24816671 0.00000000
      vertex 40.31867050 -30.97640221 0.00000000
      vertex 40.07925883 -30.99403355 0.00000000
    endloop
  endfacet
  facet normal -0.00000000 0.00000000 1.00000000
    outer loop
      vertex 40.24526786 -33.24816671 0.00000000
      vertex 40.48606890 -33.24940084 0.00000000
      vertex 40.31867050 -30.97640221 0.00000000
    endloop
  endfacet
  facet normal 0.00000000 -0.00000000 1.00000000
    outer loop
      vertex 40.07925883 -30.99403355 0.00000000
      vertex 40.15197609 -28.71283680 0.00000000
      vertex 39.91256435 -28.73046717 0.00000000
    endloop
  endfacet
  facet normal 0.00000000 0.00000000 1.00000000
    outer loop
      vertex 40.07925883 -30.99403355 0.00000000
      vertex 40.31867050 -30.97640221 0.00000000
      vertex 40.15197609 -28.71283680 0.00000000
    endloop
  endfacet
  facet normal 0.00000000 -0.00000000 1.00000000
    outer loop
      vertex 39.91256435 -28.73046717 0.00000000
      vertex 39.98529093 -26.44927140 0.00000000
      vertex 39.74587912 -26.46690079 0.00000000
    endloop
  endfacet
  facet normal 0.00000000 0.00000000 1.00000000
    outer loop
      vertex 39.91256435 -28.73046717 0.00000000
      vertex 40.15197609 -28.71283680 0.00000000
      vertex 39.98529093 -26.44927140 0.00000000
    endloop
  endfacet
  facet normal 0.00000000 -0.00000000 1.00000000
    outer loop
      vertex 39.74587912 -26.46690079 0.00000000
      vertex 39.81861504 -24.18570600 0.00000000
      vertex 39.57920316 -24.20333442 0.00000000
    endloop
  endfacet
  facet normal 0.00000000 0.00000000 1.00000000
    outer loop
      vertex 39.74587912 -26.46690079 0.00000000
      vertex 39.98529093 -26.44927140 0.00000000
      vertex 39.81861504 -24.18570600 0.00000000
    endloop
  endfacet
  facet normal 0.00000000 -0.00000000 1.00000000
    outer loop
      vertex 39.57920316 -24.20333442 0.00000000
      vertex 39.65194841 -21.92214059 0.00000000
      vertex 39.41253645 -21.93976804 0.00000000
    endloop
  endfacet
  facet normal 0.00000000 0.00000000 1.00000000
    outer loop
      vertex 39.57920316 -24.20333442 0.00000000
      vertex 39.81861504 -24.18570600 0.00000000
      vertex 39.65194841 -21.92214059 0.00000000
    endloop
  endfacet
  facet normal 0.00000000 -0.00000000 1.00000000
    outer loop
      vertex 39.41253645 -21.93976804 0.00000000
      vertex 39.48529104 -19.65857519 0.00000000
      vertex 39.24587901 -19.67620166 0.00000000
    endloop
  endfacet
  facet normal 0.00000000 0.00000000 1.00000000
    outer loop
      vertex 39.41253645 -21.93976804 0.00000000
      vertex 39.65194841 -21.92214059 0.00000000
      vertex 39.48529104 -19.65857519 0.00000000
    endloop
  endfacet
  facet normal 0.00000000 -0.00000000 1.00000000
    outer loop
      vertex 39.24587901 -19.67620166 0.00000000
      vertex 39.31864293 -17.39500978 0.00000000
      vertex 39.07923083 -17.41263528 0.00000000
    endloop
  endfacet
  facet normal 0.00000000 0.00000000 1.00000000
    outer loop
      vertex 39.24587901 -19.67620166 0.00000000
      vertex 39.48529104 -19.65857519 0.00000000
      vertex 39.31864293 -17.39500978 0.00000000
    endloop
  endfacet
  facet normal 0.00000000 -0.00000000 1.00000000
    outer loop
      vertex 39.07923083 -17.41263528 0.00000000
      vertex 39.15200409 -15.13144438 0.00000000
      vertex 38.91259192 -15.14906890 0.00000000
    endloop
  endfacet
  facet normal 0.00000000 0.00000000 1.00000000
    outer loop
      vertex 39.07923083 -17.41263528 0.00000000
      vertex 39.31864293 -17.39500978 0.00000000
      vertex 39.15200409 -15.13144438 0.00000000
    endloop
  endfacet
  facet normal 0.00000000 -0.00000000 1.00000000
    outer loop
      vertex 38.91259192 -15.14906890 0.00000000
      vertex 38.98537450 -12.86787897 0.00000000
      vertex 38.74596226 -12.88550252 0.00000000
    endloop
  endfacet
  facet normal 0.00000000 0.00000000 1.00000000
    outer loop
      vertex 38.91259192 -15.14906890 0.00000000
      vertex 39.15200409 -15.13144438 0.00000000
      vertex 38.98537450 -12.86787897 0.00000000
    endloop
  endfacet
  facet normal 0.00000000 -0.00000000 1.00000000
    outer loop
      vertex 38.74596226 -12.88550252 0.00000000
      vertex 38.81875418 -10.60431357 0.00000000
      vertex 38.57934186 -10.62193614 0.00000000
    endloop
  endfacet
  facet normal 0.00000000 0.00000000 1.00000000
    outer loop
      vertex 38.74596226 -12.88550252 0.00000000
      vertex 38.98537450 -12.86787897 0.00000000
      vertex 38.81875418 -10.60431357 0.00000000
    endloop
  endfacet
  facet normal 0.00000000 -0.00000000 1.00000000
    outer loop
      vertex 38.57934186 -10.62193614 0.00000000
      vertex 38.65214312 -8.34074817 0.00000000
      vertex 38.41273073 -8.35836977 0.00000000
    endloop
  endfacet
  facet normal 0.00000000 0.00000000 1.00000000
    outer loop
      vertex 38.57934186 -10.62193614 0.00000000
      vertex 38.81875418 -10.60431357 0.00000000
      vertex 38.65214312 -8.34074817 0.00000000
    endloop
  endfacet
  facet normal 0.00000000 -0.00000000 1.00000000
    outer loop
      vertex 38.41273073 -8.35836977 0.00000000
      vertex 38.48554132 -6.07718276 0.00000000
      vertex 38.24612886 -6.09480339 0.00000000
    endloop
  endfacet
  facet normal 0.00000000 0.00000000 1.00000000
    outer loop
      vertex 38.41273073 -8.35836977 0.00000000
      vertex 38.65214312 -8.34074817 0.00000000
      vertex 38.48554132 -6.07718276 0.00000000
    endloop
  endfacet
  facet normal 0.00000000 -0.00000000 1.00000000
    outer loop
      vertex 38.24612886 -6.09480339 0.00000000
      vertex 38.31894878 -3.81361736 0.00000000
      vertex 38.07953625 -3.83123701 0.00000000
    endloop
  endfacet
  facet normal 0.00000000 0.00000000 1.00000000
    outer loop
      vertex 38.24612886 -6.09480339 0.00000000
      vertex 38.48554132 -6.07718276 0.00000000
      vertex 38.31894878 -3.81361736 0.00000000
    endloop
  endfacet
  facet normal 0.00000000 -0.00000000 1.00000000
    outer loop
      vertex 38.07953625 -3.83123701 0.00000000
      vertex 38.15236550 -1.55005195 0.00000000
      vertex 37.91295290 -1.56767063 0.00000000
    endloop
  endfacet
  facet normal 0.00000000 0.00000000 1.00000000
    outer loop
      vertex 38.07953625 -3.83123701 0.00000000
      vertex 38.31894878 -3.81361736 0.00000000
      vertex 38.15236550 -1.55005195 0.00000000
    endloop
  endfacet
  facet normal 0.00000000 -0.00000000 1.00000000
    outer loop
      vertex 37.91295290 -1.56767063 0.00000000
      vertex 37.98579149 0.71351345 0.00000000
      vertex 37.74637881 0.69589575 0.00000000
    endloop
  endfacet
  facet normal 0.00000000 0.00000000 1.00000000
    outer loop
      vertex 37.91295290 -1.56767063 0.00000000
      vertex 38.15236550 -1.55005195 0.00000000
      vertex 37.98579149 0.71351345 0.00000000
    endloop
  endfacet
  facet normal 0.00000000 -0.00000000 1.00000000
    outer loop
      vertex 37.74637881 0.69589575 0.00000000
      vertex 37.81922673 2.97707886 0.00000000
      vertex 37.57981399 2.95946213 0.00000000
    endloop
  endfacet
  facet normal 0.00000000 0.00000000 1.00000000
    outer loop
      vertex 37.74637881 0.69589575 0.00000000
      vertex 37.98579149 0.71351345 0.00000000
      vertex 37.81922673 2.97707886 0.00000000
    endloop
  endfacet
  facet normal 0.00000000 -0.00000000 1.00000000
    outer loop
      vertex 37.57981399 2.95946213 0.00000000
      vertex 37.65267124 5.24064426 0.00000000
      vertex 37.41325843 5.22302851 0.00000000
    endloop
  endfacet
  facet normal 0.00000000 0.00000000 1.00000000
    outer loop
      vertex 37.57981399 2.95946213 0.00000000
      vertex 37.81922673 2.97707886 0.00000000
      vertex 37.65267124 5.24064426 0.00000000
    endloop
  endfacet
  facet normal 0.00000000 -0.00000000 1.00000000
    outer loop
      vertex 37.41325843 5.22302851 0.00000000
      vertex 37.47758576 7.62026850 0.00000000
      vertex 37.25525138 7.37053605 0.00000000
    endloop
  endfacet
  facet normal 0.00000000 0.00000000 1.00000000
    outer loop
      vertex 37.41325843 5.22302851 0.00000000
      vertex 37.65267124 5.24064426 0.00000000
      vertex 37.47758576 7.62026850 0.00000000
    endloop
  endfacet
  facet normal 0.00000000 0.00000000 -1.00000000
    outer loop
      vertex 37.25525138 7.37053605 0.00000000
      vertex 37.31832068 7.61349527 0.00000000
      vertex 37.32849495 7.37365096 0.00000000
    endloop
  endfacet
  facet normal 0.00000000 0.00000000 1.00000000
    outer loop
      vertex 37.25525138 7.37053605 0.00000000
      vertex 37.47758576 7.62026850 0.00000000
      vertex 37.31832068 7.61349527 0.00000000
    endloop
  endfacet
  facet normal 0.00000000 0.00000000 1.00000000
    outer loop
      vertex 37.32849495 7.37365096 0.00000000
      vertex 37.27533570 7.61167646 0.00000000
      vertex 37.28545842 7.37182997 0.00000000
    endloop
  endfacet
  facet normal 0.00000000 0.00000000 1.00000000
    outer loop
      vertex 37.32849495 7.37365096 0.00000000
      vertex 37.31832068 7.61349527 0.00000000
      vertex 37.27533570 7.61167646 0.00000000
    endloop
  endfacet
  facet normal 0.00000000 0.00000000 1.00000000
    outer loop
      vertex 37.28545842 7.37182997 0.00000000
      vertex 37.23235073 7.60986691 0.00000000
      vertex 37.24242189 7.37001824 0.00000000
    endloop
  endfacet
  facet normal 0.00000000 0.00000000 1.00000000
    outer loop
      vertex 37.28545842 7.37182997 0.00000000
      vertex 37.27533570 7.61167646 0.00000000
      vertex 37.23235073 7.60986691 0.00000000
    endloop
  endfacet
  facet normal 0.00000000 0.00000000 1.00000000
    outer loop
      vertex 37.24242189 7.37001824 0.00000000
      vertex 37.18936575 7.60806661 0.00000000
      vertex 37.19938536 7.36821579 0.00000000
    endloop
  endfacet
  facet normal 0.00000000 0.00000000 1.00000000
    outer loop
      vertex 37.24242189 7.37001824 0.00000000
      vertex 37.23235073 7.60986691 0.00000000
      vertex 37.18936575 7.60806661 0.00000000
    endloop
  endfacet
  facet normal 0.00000000 0.00000000 1.00000000
    outer loop
      vertex 37.19938536 7.36821579 0.00000000
      vertex 37.14638078 7.60627557 0.00000000
      vertex 37.15634883 7.36642260 0.00000000
    endloop
  endfacet
  facet normal 0.00000000 0.00000000 1.00000000
    outer loop
      vertex 37.19938536 7.36821579 0.00000000
      vertex 37.18936575 7.60806661 0.00000000
      vertex 37.14638078 7.60627557 0.00000000
    endloop
  endfacet
  facet normal 0.00000000 0.00000000 1.00000000
    outer loop
      vertex 37.15634883 7.36642260 0.00000000
      vertex 37.10339581 7.60449379 0.00000000
      vertex 37.11331230 7.36463868 0.00000000
    endloop
  endfacet
  facet normal 0.00000000 0.00000000 1.00000000
    outer loop
      vertex 37.15634883 7.36642260 0.00000000
      vertex 37.14638078 7.60627557 0.00000000
      vertex 37.10339581 7.60449379 0.00000000
    endloop
  endfacet
  facet normal 0.00000000 0.00000000 1.00000000
    outer loop
      vertex 37.11331230 7.36463868 0.00000000
      vertex 37.06041083 7.60272126 0.00000000
      vertex 37.07027576 7.36286402 0.00000000
    endloop
  endfacet
  facet normal 0.00000000 0.00000000 1.00000000
    outer loop
      vertex 37.11331230 7.36463868 0.00000000
      vertex 37.10339581 7.60449379 0.00000000
      vertex 37.06041083 7.60272126 0.00000000
    endloop
  endfacet
  facet normal 0.00000000 0.00000000 1.00000000
    outer loop
      vertex 37.07027576 7.36286402 0.00000000
      vertex 37.01742586 7.60095799 0.00000000
      vertex 37.02723923 7.36109863 0.00000000
    endloop
  endfacet
  facet normal 0.00000000 0.00000000 1.00000000
    outer loop
      vertex 37.07027576 7.36286402 0.00000000
      vertex 37.06041083 7.60272126 0.00000000
      vertex 37.01742586 7.60095799 0.00000000
    endloop
  endfacet
  facet normal 0.00000000 0.00000000 1.00000000
    outer loop
      vertex 37.02723923 7.36109863 0.00000000
      vertex 36.97444089 7.59920397 0.00000000
      vertex 36.98420269 7.35934251 0.00000000
    endloop
  endfacet
  facet normal 0.00000000 0.00000000 1.00000000
    outer loop
      vertex 37.02723923 7.36109863 0.00000000
      vertex 37.01742586 7.60095799 0.00000000
      vertex 36.97444089 7.59920397 0.00000000
    endloop
  endfacet
  facet normal 0.00000000 0.00000000 1.00000000
    outer loop
      vertex 36.98420269 7.35934251 0.00000000
      vertex 36.93145592 7.59745921 0.00000000
      vertex 36.94116616 7.35759566 0.00000000
    endloop
  endfacet
  facet normal 0.00000000 0.00000000 1.00000000
    outer loop
      vertex 36.98420269 7.35934251 0.00000000
      vertex 36.97444089 7.59920397 0.00000000
      vertex 36.93145592 7.59745921 0.00000000
    endloop
  endfacet
  facet normal 0.00000000 0.00000000 1.00000000
    outer loop
      vertex 36.94116616 7.35759566 0.00000000
      vertex 36.88847095 7.59572371 0.00000000
      vertex 36.89812962 7.35585807 0.00000000
    endloop
  endfacet
  facet normal 0.00000000 0.00000000 1.00000000
    outer loop
      vertex 36.94116616 7.35759566 0.00000000
      vertex 36.93145592 7.59745921 0.00000000
      vertex 36.88847095 7.59572371 0.00000000
    endloop
  endfacet
  facet normal 0.00000000 0.00000000 1.00000000
    outer loop
      vertex 36.89812962 7.35585807 0.00000000
      vertex 36.84548598 7.59399746 0.00000000
      vertex 36.85509309 7.35412975 0.00000000
    endloop
  endfacet
  facet normal 0.00000000 0.00000000 1.00000000
    outer loop
      vertex 36.89812962 7.35585807 0.00000000
      vertex 36.88847095 7.59572371 0.00000000
      vertex 36.84548598 7.59399746 0.00000000
    endloop
  endfacet
  facet normal 0.00000000 0.00000000 1.00000000
    outer loop
      vertex 36.85509309 7.35412975 0.00000000
      vertex 36.80250101 7.59228047 0.00000000
      vertex 36.81205655 7.35241070 0.00000000
    endloop
  endfacet
  facet normal 0.00000000 0.00000000 1.00000000
    outer loop
      vertex 36.85509309 7.35412975 0.00000000
      vertex 36.84548598 7.59399746 0.00000000
      vertex 36.80250101 7.59228047 0.00000000
    endloop
  endfacet
  facet normal 0.00000000 0.00000000 1.00000000
    outer loop
      vertex 36.81205655 7.35241070 0.00000000
      vertex 36.75951605 7.59057273 0.00000000
      vertex 36.76902001 7.35070092 0.00000000
    endloop
  endfacet
  facet normal 0.00000000 0.00000000 1.00000000
    outer loop
      vertex 36.81205655 7.35241070 0.00000000
      vertex 36.80250101 7.59228047 0.00000000
      vertex 36.75951605 7.59057273 0.00000000
    endloop
  endfacet
  facet normal 0.00000000 0.00000000 1.00000000
    outer loop
      vertex 36.76902001 7.35070092 0.00000000
      vertex 36.71653108 7.58887425 0.00000000
      vertex 36.72598347 7.34900040 0.00000000
    endloop
  endfacet
  facet normal 0.00000000 0.00000000 1.00000000
    outer loop
      vertex 36.76902001 7.35070092 0.00000000
      vertex 36.75951605 7.59057273 0.00000000
      vertex 36.71653108 7.58887425 0.00000000
    endloop
  endfacet
  facet normal 0.00000000 0.00000000 1.00000000
    outer loop
      vertex 36.72598347 7.34900040 0.00000000
      vertex 36.67354611 7.58718503 0.00000000
      vertex 36.68294693 7.34730915 0.00000000
    endloop
  endfacet
  facet normal 0.00000000 0.00000000 1.00000000
    outer loop
      vertex 36.72598347 7.34900040 0.00000000
      vertex 36.71653108 7.58887425 0.00000000
      vertex 36.67354611 7.58718503 0.00000000
    endloop
  endfacet
  facet normal 0.00000000 0.00000000 1.00000000
    outer loop
      vertex 36.68294693 7.34730915 0.00000000
      vertex 36.63056115 7.58550506 0.00000000
      vertex 36.63991039 7.34562717 0.00000000
    endloop
  endfacet
  facet normal 0.00000000 0.00000000 1.00000000
    outer loop
      vertex 36.68294693 7.34730915 0.00000000
      vertex 36.67354611 7.58718503 0.00000000
      vertex 36.63056115 7.58550506 0.00000000
    endloop
  endfacet
  facet normal 0.00000000 -0.00000000 1.00000000
    outer loop
      vertex 36.63991039 7.34562717 0.00000000
      vertex 36.70129957 7.58825447 0.00000000
      vertex 36.48315047 7.33953432 0.00000000
    endloop
  endfacet
  facet normal 0.00000000 0.00000000 -1.00000000
    outer loop
      vertex 36.63991039 7.34562717 0.00000000
      vertex 36.63056115 7.58550506 0.00000000
      vertex 36.70129957 7.58825447 0.00000000
    endloop
  endfacet
  facet normal 0.00000000 -0.00000000 1.00000000
    outer loop
      vertex 36.48315047 7.33953432 0.00000000
      vertex 36.69173835 7.69196970 0.00000000
      vertex 36.45269242 7.66992762 0.00000000
    endloop
  endfacet
  facet normal 0.00000000 0.00000000 1.00000000
    outer loop
      vertex 36.48315047 7.33953432 0.00000000
      vertex 36.70129957 7.58825447 0.00000000
      vertex 36.69173835 7.69196970 0.00000000
    endloop
  endfacet
  facet normal 0.00000000 -0.00000000 1.00000000
    outer loop
      vertex 36.45269242 7.66992762 0.00000000
      vertex 36.67171899 7.90902902 0.00000000
      vertex 36.43267399 7.88697683 0.00000000
    endloop
  endfacet
  facet normal 0.00000000 0.00000000 1.00000000
    outer loop
      vertex 36.45269242 7.66992762 0.00000000
      vertex 36.69173835 7.69196970 0.00000000
      vertex 36.67171899 7.90902902 0.00000000
    endloop
  endfacet
  facet normal 0.00000000 -0.00000000 1.00000000
    outer loop
      vertex 36.43267399 7.88697683 0.00000000
      vertex 36.65169037 8.12608834 0.00000000
      vertex 36.41264631 8.10402603 0.00000000
    endloop
  endfacet
  facet normal 0.00000000 0.00000000 1.00000000
    outer loop
      vertex 36.43267399 7.88697683 0.00000000
      vertex 36.67171899 7.90902902 0.00000000
      vertex 36.65169037 8.12608834 0.00000000
    endloop
  endfacet
  facet normal 0.00000000 -0.00000000 1.00000000
    outer loop
      vertex 36.41264631 8.10402603 0.00000000
      vertex 36.63165249 8.34314766 0.00000000
      vertex 36.39260936 8.32107524 0.00000000
    endloop
  endfacet
  facet normal 0.00000000 0.00000000 1.00000000
    outer loop
      vertex 36.41264631 8.10402603 0.00000000
      vertex 36.65169037 8.12608834 0.00000000
      vertex 36.63165249 8.34314766 0.00000000
    endloop
  endfacet
  facet normal 0.00000000 -0.00000000 1.00000000
    outer loop
      vertex 36.39260936 8.32107524 0.00000000
      vertex 36.61160534 8.56020698 0.00000000
      vertex 36.37256314 8.53812445 0.00000000
    endloop
  endfacet
  facet normal 0.00000000 0.00000000 1.00000000
    outer loop
      vertex 36.39260936 8.32107524 0.00000000
      vertex 36.63165249 8.34314766 0.00000000
      vertex 36.61160534 8.56020698 0.00000000
    endloop
  endfacet
  facet normal 0.00000000 -0.00000000 1.00000000
    outer loop
      vertex 36.37256314 8.53812445 0.00000000
      vertex 36.59154893 8.77726630 0.00000000
      vertex 36.35250767 8.75517365 0.00000000
    endloop
  endfacet
  facet normal 0.00000000 0.00000000 1.00000000
    outer loop
      vertex 36.37256314 8.53812445 0.00000000
      vertex 36.61160534 8.56020698 0.00000000
      vertex 36.59154893 8.77726630 0.00000000
    endloop
  endfacet
  facet normal 0.00000000 -0.00000000 1.00000000
    outer loop
      vertex 36.35250767 8.75517365 0.00000000
      vertex 36.57148327 8.99432562 0.00000000
      vertex 36.33244294 8.97222286 0.00000000
    endloop
  endfacet
  facet normal 0.00000000 0.00000000 1.00000000
    outer loop
      vertex 36.35250767 8.75517365 0.00000000
      vertex 36.59154893 8.77726630 0.00000000
      vertex 36.57148327 8.99432562 0.00000000
    endloop
  endfacet
  facet normal 0.00000000 -0.00000000 1.00000000
    outer loop
      vertex 36.33244294 8.97222286 0.00000000
      vertex 36.55140834 9.21138494 0.00000000
      vertex 36.31236894 9.18927207 0.00000000
    endloop
  endfacet
  facet normal 0.00000000 0.00000000 1.00000000
    outer loop
      vertex 36.33244294 8.97222286 0.00000000
      vertex 36.57148327 8.99432562 0.00000000
      vertex 36.55140834 9.21138494 0.00000000
    endloop
  endfacet
  facet normal 0.00000000 -0.00000000 1.00000000
    outer loop
      vertex 36.31236894 9.18927207 0.00000000
      vertex 36.53132414 9.42844427 0.00000000
      vertex 36.29228569 9.40632127 0.00000000
    endloop
  endfacet
  facet normal 0.00000000 0.00000000 1.00000000
    outer loop
      vertex 36.31236894 9.18927207 0.00000000
      vertex 36.55140834 9.21138494 0.00000000
      vertex 36.53132414 9.42844427 0.00000000
    endloop
  endfacet
  facet normal 0.00000000 -0.00000000 1.00000000
    outer loop
      vertex 36.29228569 9.40632127 0.00000000
      vertex 36.51123069 9.64550359 0.00000000
      vertex 36.27219317 9.62337048 0.00000000
    endloop
  endfacet
  facet normal 0.00000000 0.00000000 1.00000000
    outer loop
      vertex 36.29228569 9.40632127 0.00000000
      vertex 36.53132414 9.42844427 0.00000000
      vertex 36.51123069 9.64550359 0.00000000
    endloop
  endfacet
  facet normal 0.00000000 -0.00000000 1.00000000
    outer loop
      vertex 36.27219317 9.62337048 0.00000000
      vertex 36.49112797 9.86256291 0.00000000
      vertex 36.25209139 9.84041969 0.00000000
    endloop
  endfacet
  facet normal 0.00000000 0.00000000 1.00000000
    outer loop
      vertex 36.27219317 9.62337048 0.00000000
      vertex 36.51123069 9.64550359 0.00000000
      vertex 36.49112797 9.86256291 0.00000000
    endloop
  endfacet
  facet normal 0.00000000 -0.00000000 1.00000000
    outer loop
      vertex 36.25209139 9.84041969 0.00000000
      vertex 36.47101599 10.07962223 0.00000000
      vertex 36.23198035 10.05746890 0.00000000
    endloop
  endfacet
  facet normal 0.00000000 0.00000000 1.00000000
    outer loop
      vertex 36.25209139 9.84041969 0.00000000
      vertex 36.49112797 9.86256291 0.00000000
      vertex 36.47101599 10.07962223 0.00000000
    endloop
  endfacet
  facet normal 0.00000000 -0.00000000 1.00000000
    outer loop
      vertex 36.23198035 10.05746890 0.00000000
      vertex 36.45089475 10.29668154 0.00000000
      vertex 36.21186004 10.27451810 0.00000000
    endloop
  endfacet
  facet normal 0.00000000 0.00000000 1.00000000
    outer loop
      vertex 36.23198035 10.05746890 0.00000000
      vertex 36.47101599 10.07962223 0.00000000
      vertex 36.45089475 10.29668154 0.00000000
    endloop
  endfacet
  facet normal 0.00000000 -0.00000000 1.00000000
    outer loop
      vertex 36.21186004 10.27451810 0.00000000
      vertex 36.43076425 10.51374086 0.00000000
      vertex 36.19173048 10.49156731 0.00000000
    endloop
  endfacet
  facet normal 0.00000000 0.00000000 1.00000000
    outer loop
      vertex 36.21186004 10.27451810 0.00000000
      vertex 36.45089475 10.29668154 0.00000000
      vertex 36.43076425 10.51374086 0.00000000
    endloop
  endfacet
  facet normal 0.00000000 -0.00000000 1.00000000
    outer loop
      vertex 36.19173048 10.49156731 0.00000000
      vertex 36.41062449 10.73080018 0.00000000
      vertex 36.17159166 10.70861652 0.00000000
    endloop
  endfacet
  facet normal 0.00000000 0.00000000 1.00000000
    outer loop
      vertex 36.19173048 10.49156731 0.00000000
      vertex 36.43076425 10.51374086 0.00000000
      vertex 36.41062449 10.73080018 0.00000000
    endloop
  endfacet
  facet normal 0.00000000 -0.00000000 1.00000000
    outer loop
      vertex 36.17159166 10.70861652 0.00000000
      vertex 36.39047547 10.94785950 0.00000000
      vertex 36.15144357 10.92566573 0.00000000
    endloop
  endfacet
  facet normal 0.00000000 0.00000000 1.00000000
    outer loop
      vertex 36.17159166 10.70861652 0.00000000
      vertex 36.41062449 10.73080018 0.00000000
      vertex 36.39047547 10.94785950 0.00000000
    endloop
  endfacet
  facet normal 0.00000000 -0.00000000 1.00000000
    outer loop
      vertex 36.15144357 10.92566573 0.00000000
      vertex 36.37031718 11.16491882 0.00000000
      vertex 36.13128622 11.14271493 0.00000000
    endloop
  endfacet
  facet normal 0.00000000 0.00000000 1.00000000
    outer loop
      vertex 36.15144357 10.92566573 0.00000000
      vertex 36.39047547 10.94785950 0.00000000
      vertex 36.37031718 11.16491882 0.00000000
    endloop
  endfacet
  facet normal 0.00000000 -0.00000000 1.00000000
    outer loop
      vertex 36.13128622 11.14271493 0.00000000
      vertex 36.33913518 11.50052447 0.00000000
      vertex 36.12213406 11.24121782 0.00000000
    endloop
  endfacet
  facet normal 0.00000000 0.00000000 1.00000000
    outer loop
      vertex 36.13128622 11.14271493 0.00000000
      vertex 36.37031718 11.16491882 0.00000000
      vertex 36.33913518 11.50052447 0.00000000
    endloop
  endfacet
  facet normal 0.00000000 0.00000000 1.00000000
    outer loop
      vertex 36.12213406 11.24121782 0.00000000
      vertex 35.38845754 11.41997372 0.00000000
      vertex 35.40871976 11.18077035 0.00000000
    endloop
  endfacet
  facet normal 0.00000000 -0.00000000 1.00000000
    outer loop
      vertex 36.12213406 11.24121782 0.00000000
      vertex 36.33913518 11.50052447 0.00000000
      vertex 35.38845754 11.41997372 0.00000000
    endloop
  endfacet
  facet normal 0.00000000 0.00000000 1.00000000
    outer loop
      vertex 35.40871976 11.18077035 0.00000000
      vertex 34.55640770 11.34951212 0.00000000
      vertex 34.57665912 11.11030783 0.00000000
    endloop
  endfacet
  facet normal 0.00000000 0.00000000 1.00000000
    outer loop
      vertex 35.40871976 11.18077035 0.00000000
      vertex 35.38845754 11.41997372 0.00000000
      vertex 34.55640770 11.34951212 0.00000000
    endloop
  endfacet
  facet normal 0.00000000 0.00000000 1.00000000
    outer loop
      vertex 34.57665912 11.11030783 0.00000000
      vertex 33.72434860 11.27908756 0.00000000
      vertex 33.74458923 11.03988236 0.00000000
    endloop
  endfacet
  facet normal 0.00000000 0.00000000 1.00000000
    outer loop
      vertex 34.57665912 11.11030783 0.00000000
      vertex 34.55640770 11.34951212 0.00000000
      vertex 33.72434860 11.27908756 0.00000000
    endloop
  endfacet
  facet normal 0.00000000 0.00000000 1.00000000
    outer loop
      vertex 33.74458923 11.03988236 0.00000000
      vertex 32.89228024 11.20870005 0.00000000
      vertex 32.91251007 10.96949394 0.00000000
    endloop
  endfacet
  facet normal 0.00000000 0.00000000 1.00000000
    outer loop
      vertex 33.74458923 11.03988236 0.00000000
      vertex 33.72434860 11.27908756 0.00000000
      vertex 32.89228024 11.20870005 0.00000000
    endloop
  endfacet
  facet normal 0.00000000 0.00000000 1.00000000
    outer loop
      vertex 32.91251007 10.96949394 0.00000000
      vertex 32.06020262 11.13834959 0.00000000
      vertex 32.08042165 10.89914256 0.00000000
    endloop
  endfacet
  facet normal 0.00000000 0.00000000 1.00000000
    outer loop
      vertex 32.91251007 10.96949394 0.00000000
      vertex 32.89228024 11.20870005 0.00000000
      vertex 32.06020262 11.13834959 0.00000000
    endloop
  endfacet
  facet normal 0.00000000 0.00000000 1.00000000
    outer loop
      vertex 32.08042165 10.89914256 0.00000000
      vertex 31.22811574 11.06803617 0.00000000
      vertex 31.24832397 10.82882823 0.00000000
    endloop
  endfacet
  facet normal 0.00000000 0.00000000 1.00000000
    outer loop
      vertex 32.08042165 10.89914256 0.00000000
      vertex 32.06020262 11.13834959 0.00000000
      vertex 31.22811574 11.06803617 0.00000000
    endloop
  endfacet
  facet normal 0.00000000 0.00000000 1.00000000
    outer loop
      vertex 31.24832397 10.82882823 0.00000000
      vertex 30.39601959 10.99775980 0.00000000
      vertex 30.41621702 10.75855094 0.00000000
    endloop
  endfacet
  facet normal 0.00000000 0.00000000 1.00000000
    outer loop
      vertex 31.24832397 10.82882823 0.00000000
      vertex 31.22811574 11.06803617 0.00000000
      vertex 30.39601959 10.99775980 0.00000000
    endloop
  endfacet
  facet normal 0.00000000 0.00000000 1.00000000
    outer loop
      vertex 30.41621702 10.75855094 0.00000000
      vertex 29.56391418 10.92752047 0.00000000
      vertex 29.58410082 10.68831071 0.00000000
    endloop
  endfacet
  facet normal 0.00000000 0.00000000 1.00000000
    outer loop
      vertex 30.41621702 10.75855094 0.00000000
      vertex 30.39601959 10.99775980 0.00000000
      vertex 29.56391418 10.92752047 0.00000000
    endloop
  endfacet
  facet normal 0.00000000 0.00000000 1.00000000
    outer loop
      vertex 29.58410082 10.68831071 0.00000000
      vertex 28.73179952 10.85731819 0.00000000
      vertex 28.75197535 10.61810752 0.00000000
    endloop
  endfacet
  facet normal 0.00000000 0.00000000 1.00000000
    outer loop
      vertex 29.58410082 10.68831071 0.00000000
      vertex 29.56391418 10.92752047 0.00000000
      vertex 28.73179952 10.85731819 0.00000000
    endloop
  endfacet
  facet normal 0.00000000 0.00000000 1.00000000
    outer loop
      vertex 28.75197535 10.61810752 0.00000000
      vertex 27.89967559 10.78715295 0.00000000
      vertex 27.91984063 10.54794137 0.00000000
    endloop
  endfacet
  facet normal 0.00000000 0.00000000 1.00000000
    outer loop
      vertex 28.75197535 10.61810752 0.00000000
      vertex 28.73179952 10.85731819 0.00000000
      vertex 27.89967559 10.78715295 0.00000000
    endloop
  endfacet
  facet normal 0.00000000 0.00000000 1.00000000
    outer loop
      vertex 27.91984063 10.54794137 0.00000000
      vertex 27.06754239 10.71702477 0.00000000
      vertex 27.08769664 10.47781227 0.00000000
    endloop
  endfacet
  facet normal 0.00000000 0.00000000 1.00000000
    outer loop
      vertex 27.91984063 10.54794137 0.00000000
      vertex 27.89967559 10.78715295 0.00000000
      vertex 27.06754239 10.71702477 0.00000000
    endloop
  endfacet
  facet normal 0.00000000 0.00000000 1.00000000
    outer loop
      vertex 27.08769664 10.47781227 0.00000000
      vertex 26.23539994 10.64693362 0.00000000
      vertex 26.25554339 10.40772022 0.00000000
    endloop
  endfacet
  facet normal 0.00000000 0.00000000 1.00000000
    outer loop
      vertex 27.08769664 10.47781227 0.00000000
      vertex 27.06754239 10.71702477 0.00000000
      vertex 26.23539994 10.64693362 0.00000000
    endloop
  endfacet
  facet normal 0.00000000 0.00000000 1.00000000
    outer loop
      vertex 26.25554339 10.40772022 0.00000000
      vertex 25.40324823 10.57687953 0.00000000
      vertex 25.42338088 10.33766522 0.00000000
    endloop
  endfacet
  facet normal 0.00000000 0.00000000 1.00000000
    outer loop
      vertex 26.25554339 10.40772022 0.00000000
      vertex 26.23539994 10.64693362 0.00000000
      vertex 25.40324823 10.57687953 0.00000000
    endloop
  endfacet
  facet normal 0.00000000 0.00000000 1.00000000
    outer loop
      vertex 25.42338088 10.33766522 0.00000000
      vertex 24.57108725 10.50686248 0.00000000
      vertex 24.59120910 10.26764726 0.00000000
    endloop
  endfacet
  facet normal 0.00000000 0.00000000 1.00000000
    outer loop
      vertex 25.42338088 10.33766522 0.00000000
      vertex 25.40324823 10.57687953 0.00000000
      vertex 24.57108725 10.50686248 0.00000000
    endloop
  endfacet
  facet normal 0.00000000 0.00000000 1.00000000
    outer loop
      vertex 24.59120910 10.26764726 0.00000000
      vertex 23.73891701 10.43688247 0.00000000
      vertex 23.75902807 10.19766634 0.00000000
    endloop
  endfacet
  facet normal 0.00000000 0.00000000 1.00000000
    outer loop
      vertex 24.59120910 10.26764726 0.00000000
      vertex 24.57108725 10.50686248 0.00000000
      vertex 23.73891701 10.43688247 0.00000000
    endloop
  endfacet
  facet normal 0.00000000 0.00000000 1.00000000
    outer loop
      vertex 23.75902807 10.19766634 0.00000000
      vertex 22.90673751 10.36693952 0.00000000
      vertex 22.92683777 10.12772248 0.00000000
    endloop
  endfacet
  facet normal 0.00000000 0.00000000 1.00000000
    outer loop
      vertex 23.75902807 10.19766634 0.00000000
      vertex 23.73891701 10.43688247 0.00000000
      vertex 22.90673751 10.36693952 0.00000000
    endloop
  endfacet
  facet normal 0.00000000 0.00000000 1.00000000
    outer loop
      vertex 22.92683777 10.12772248 0.00000000
      vertex 22.07454875 10.29703360 0.00000000
      vertex 22.09463821 10.05781566 0.00000000
    endloop
  endfacet
  facet normal 0.00000000 0.00000000 1.00000000
    outer loop
      vertex 22.92683777 10.12772248 0.00000000
      vertex 22.90673751 10.36693952 0.00000000
      vertex 22.07454875 10.29703360 0.00000000
    endloop
  endfacet
  facet normal 0.00000000 0.00000000 1.00000000
    outer loop
      vertex 22.09463821 10.05781566 0.00000000
      vertex 21.12118727 10.21699221 0.00000000
      vertex 21.38359285 9.99811841 0.00000000
    endloop
  endfacet
  facet normal 0.00000000 0.00000000 1.00000000
    outer loop
      vertex 22.09463821 10.05781566 0.00000000
      vertex 22.07454875 10.29703360 0.00000000
      vertex 21.12118727 10.21699221 0.00000000
    endloop
  endfacet
  facet normal 0.00000000 0.00000000 1.00000000
    outer loop
      vertex 21.38359285 9.99811841 0.00000000
      vertex 21.15293008 9.88958066 0.00000000
      vertex 21.39186930 9.91275085 0.00000000
    endloop
  endfacet
  facet normal 0.00000000 0.00000000 1.00000000
    outer loop
      vertex 21.38359285 9.99811841 0.00000000
      vertex 21.12118727 10.21699221 0.00000000
      vertex 21.15293008 9.88958066 0.00000000
    endloop
  endfacet
  facet normal 0.00000000 0.00000000 1.00000000
    outer loop
      vertex 21.39186930 9.91275085 0.00000000
      vertex 21.17294944 9.68317704 0.00000000
      vertex 21.41188773 9.70635682 0.00000000
    endloop
  endfacet
  facet normal 0.00000000 0.00000000 1.00000000
    outer loop
      vertex 21.39186930 9.91275085 0.00000000
      vertex 21.15293008 9.88958066 0.00000000
      vertex 21.17294944 9.68317704 0.00000000
    endloop
  endfacet
  facet normal 0.00000000 0.00000000 1.00000000
    outer loop
      vertex 21.41188773 9.70635682 0.00000000
      vertex 21.19297806 9.47676416 0.00000000
      vertex 21.43191542 9.49995353 0.00000000
    endloop
  endfacet
  facet normal 0.00000000 0.00000000 1.00000000
    outer loop
      vertex 21.41188773 9.70635682 0.00000000
      vertex 21.17294944 9.68317704 0.00000000
      vertex 21.19297806 9.47676416 0.00000000
    endloop
  endfacet
  facet normal 0.00000000 0.00000000 1.00000000
    outer loop
      vertex 21.43191542 9.49995353 0.00000000
      vertex 21.21301594 9.27034202 0.00000000
      vertex 21.45195237 9.29354098 0.00000000
    endloop
  endfacet
  facet normal 0.00000000 0.00000000 1.00000000
    outer loop
      vertex 21.43191542 9.49995353 0.00000000
      vertex 21.19297806 9.47676416 0.00000000
      vertex 21.21301594 9.27034202 0.00000000
    endloop
  endfacet
  facet normal 0.00000000 0.00000000 1.00000000
    outer loop
      vertex 21.45195237 9.29354098 0.00000000
      vertex 21.23306309 9.06391062 0.00000000
      vertex 21.47199859 9.08711917 0.00000000
    endloop
  endfacet
  facet normal 0.00000000 0.00000000 1.00000000
    outer loop
      vertex 21.45195237 9.29354098 0.00000000
      vertex 21.21301594 9.27034202 0.00000000
      vertex 21.23306309 9.06391062 0.00000000
    endloop
  endfacet
  facet normal 0.00000000 0.00000000 1.00000000
    outer loop
      vertex 21.47199859 9.08711917 0.00000000
      vertex 21.25311949 8.85746996 0.00000000
      vertex 21.49205406 8.88068810 0.00000000
    endloop
  endfacet
  facet normal 0.00000000 0.00000000 1.00000000
    outer loop
      vertex 21.47199859 9.08711917 0.00000000
      vertex 21.23306309 9.06391062 0.00000000
      vertex 21.25311949 8.85746996 0.00000000
    endloop
  endfacet
  facet normal 0.00000000 0.00000000 1.00000000
    outer loop
      vertex 21.49205406 8.88068810 0.00000000
      vertex 21.27318516 8.65102004 0.00000000
      vertex 21.51211880 8.67424776 0.00000000
    endloop
  endfacet
  facet normal 0.00000000 0.00000000 1.00000000
    outer loop
      vertex 21.49205406 8.88068810 0.00000000
      vertex 21.25311949 8.85746996 0.00000000
      vertex 21.27318516 8.65102004 0.00000000
    endloop
  endfacet
  facet normal 0.00000000 0.00000000 1.00000000
    outer loop
      vertex 21.51211880 8.67424776 0.00000000
      vertex 21.29326009 8.44456085 0.00000000
      vertex 21.53219279 8.46779816 0.00000000
    endloop
  endfacet
  facet normal 0.00000000 0.00000000 1.00000000
    outer loop
      vertex 21.51211880 8.67424776 0.00000000
      vertex 21.27318516 8.65102004 0.00000000
      vertex 21.29326009 8.44456085 0.00000000
    endloop
  endfacet
  facet normal 0.00000000 0.00000000 1.00000000
    outer loop
      vertex 21.53219279 8.46779816 0.00000000
      vertex 21.31334428 8.23809241 0.00000000
      vertex 21.55227605 8.26133930 0.00000000
    endloop
  endfacet
  facet normal 0.00000000 0.00000000 1.00000000
    outer loop
      vertex 21.53219279 8.46779816 0.00000000
      vertex 21.29326009 8.44456085 0.00000000
      vertex 21.31334428 8.23809241 0.00000000
    endloop
  endfacet
  facet normal 0.00000000 0.00000000 1.00000000
    outer loop
      vertex 21.55227605 8.26133930 0.00000000
      vertex 21.33343773 8.03161470 0.00000000
      vertex 21.57236857 8.05487118 0.00000000
    endloop
  endfacet
  facet normal 0.00000000 0.00000000 1.00000000
    outer loop
      vertex 21.55227605 8.26133930 0.00000000
      vertex 21.31334428 8.23809241 0.00000000
      vertex 21.33343773 8.03161470 0.00000000
    endloop
  endfacet
  facet normal 0.00000000 0.00000000 1.00000000
    outer loop
      vertex 21.57236857 8.05487118 0.00000000
      vertex 21.35354045 7.82512773 0.00000000
      vertex 21.59247035 7.84839379 0.00000000
    endloop
  endfacet
  facet normal 0.00000000 0.00000000 1.00000000
    outer loop
      vertex 21.57236857 8.05487118 0.00000000
      vertex 21.33343773 8.03161470 0.00000000
      vertex 21.35354045 7.82512773 0.00000000
    endloop
  endfacet
  facet normal 0.00000000 0.00000000 1.00000000
    outer loop
      vertex 21.59247035 7.84839379 0.00000000
      vertex 21.37365242 7.61863150 0.00000000
      vertex 21.61258140 7.64190715 0.00000000
    endloop
  endfacet
  facet normal 0.00000000 0.00000000 1.00000000
    outer loop
      vertex 21.59247035 7.84839379 0.00000000
      vertex 21.35354045 7.82512773 0.00000000
      vertex 21.37365242 7.61863150 0.00000000
    endloop
  endfacet
  facet normal 0.00000000 0.00000000 1.00000000
    outer loop
      vertex 21.61258140 7.64190715 0.00000000
      vertex 21.39377366 7.41212601 0.00000000
      vertex 21.63270170 7.43541124 0.00000000
    endloop
  endfacet
  facet normal 0.00000000 0.00000000 1.00000000
    outer loop
      vertex 21.61258140 7.64190715 0.00000000
      vertex 21.37365242 7.61863150 0.00000000
      vertex 21.39377366 7.41212601 0.00000000
    endloop
  endfacet
  facet normal 0.00000000 0.00000000 1.00000000
    outer loop
      vertex 21.63270170 7.43541124 0.00000000
      vertex 21.41390416 7.20561126 0.00000000
      vertex 21.65283127 7.22890607 0.00000000
    endloop
  endfacet
  facet normal 0.00000000 0.00000000 1.00000000
    outer loop
      vertex 21.63270170 7.43541124 0.00000000
      vertex 21.39377366 7.41212601 0.00000000
      vertex 21.41390416 7.20561126 0.00000000
    endloop
  endfacet
  facet normal 0.00000000 0.00000000 1.00000000
    outer loop
      vertex 21.65283127 7.22890607 0.00000000
      vertex 21.43404392 6.99908725 0.00000000
      vertex 21.67297009 7.02239163 0.00000000
    endloop
  endfacet
  facet normal 0.00000000 0.00000000 1.00000000
    outer loop
      vertex 21.65283127 7.22890607 0.00000000
      vertex 21.41390416 7.20561126 0.00000000
      vertex 21.43404392 6.99908725 0.00000000
    endloop
  endfacet
  facet normal 0.00000000 0.00000000 1.00000000
    outer loop
      vertex 21.67297009 7.02239163 0.00000000
      vertex 21.45419294 6.79255398 0.00000000
      vertex 21.69311818 6.81586794 0.00000000
    endloop
  endfacet
  facet normal 0.00000000 0.00000000 1.00000000
    outer loop
      vertex 21.67297009 7.02239163 0.00000000
      vertex 21.43404392 6.99908725 0.00000000
      vertex 21.45419294 6.79255398 0.00000000
    endloop
  endfacet
  facet normal 0.00000000 0.00000000 1.00000000
    outer loop
      vertex 21.69311818 6.81586794 0.00000000
      vertex 21.47435123 6.58601144 0.00000000
      vertex 21.71327553 6.60933498 0.00000000
    endloop
  endfacet
  facet normal 0.00000000 0.00000000 1.00000000
    outer loop
      vertex 21.69311818 6.81586794 0.00000000
      vertex 21.45419294 6.79255398 0.00000000
      vertex 21.47435123 6.58601144 0.00000000
    endloop
  endfacet
  facet normal 0.00000000 0.00000000 1.00000000
    outer loop
      vertex 21.71327553 6.60933498 0.00000000
      vertex 21.49464607 6.37815586 0.00000000
      vertex 21.73331484 6.40409655 0.00000000
    endloop
  endfacet
  facet normal 0.00000000 0.00000000 1.00000000
    outer loop
      vertex 21.71327553 6.60933498 0.00000000
      vertex 21.47435123 6.58601144 0.00000000
      vertex 21.49464607 6.37815586 0.00000000
    endloop
  endfacet
  facet normal 0.00000000 0.00000000 1.00000000
    outer loop
      vertex 21.73331484 6.40409655 0.00000000
      vertex 21.50410570 6.29917111 0.00000000
      vertex 21.74332304 6.32053140 0.00000000
    endloop
  endfacet
  facet normal 0.00000000 0.00000000 1.00000000
    outer loop
      vertex 21.73331484 6.40409655 0.00000000
      vertex 21.49464607 6.37815586 0.00000000
      vertex 21.50410570 6.29917111 0.00000000
    endloop
  endfacet
  facet normal 0.00000000 0.00000000 1.00000000
    outer loop
      vertex 21.74332304 6.32053140 0.00000000
      vertex 21.50818019 6.23009223 0.00000000
      vertex 21.74830637 6.23604411 0.00000000
    endloop
  endfacet
  facet normal 0.00000000 0.00000000 1.00000000
    outer loop
      vertex 21.74332304 6.32053140 0.00000000
      vertex 21.50410570 6.29917111 0.00000000
      vertex 21.50818019 6.23009223 0.00000000
    endloop
  endfacet
  facet normal 0.00000000 0.00000000 1.00000000
    outer loop
      vertex 21.74830637 6.23604411 0.00000000
      vertex 21.50758577 6.16653317 0.00000000
      vertex 21.74754861 6.15502074 0.00000000
    endloop
  endfacet
  facet normal 0.00000000 0.00000000 1.00000000
    outer loop
      vertex 21.74830637 6.23604411 0.00000000
      vertex 21.50818019 6.23009223 0.00000000
      vertex 21.50758577 6.16653317 0.00000000
    endloop
  endfacet
  facet normal 0.00000000 0.00000000 1.00000000
    outer loop
      vertex 21.74754861 6.15502074 0.00000000
      vertex 21.50255574 6.10854532 0.00000000
      vertex 21.74081643 6.07740987 0.00000000
    endloop
  endfacet
  facet normal 0.00000000 0.00000000 1.00000000
    outer loop
      vertex 21.74754861 6.15502074 0.00000000
      vertex 21.50758577 6.16653317 0.00000000
      vertex 21.50255574 6.10854532 0.00000000
    endloop
  endfacet
  facet normal 0.00000000 0.00000000 1.00000000
    outer loop
      vertex 21.74081643 6.07740987 0.00000000
      vertex 21.49337250 6.05610419 0.00000000
      vertex 21.72782746 6.00323601 0.00000000
    endloop
  endfacet
  facet normal 0.00000000 0.00000000 1.00000000
    outer loop
      vertex 21.74081643 6.07740987 0.00000000
      vertex 21.50255574 6.10854532 0.00000000
      vertex 21.49337250 6.05610419 0.00000000
    endloop
  endfacet
  facet normal 0.00000000 0.00000000 1.00000000
    outer loop
      vertex 21.72782746 6.00323601 0.00000000
      vertex 21.48034336 6.00906520 0.00000000
      vertex 21.70827439 5.93264374 0.00000000
    endloop
  endfacet
  facet normal 0.00000000 0.00000000 1.00000000
    outer loop
      vertex 21.72782746 6.00323601 0.00000000
      vertex 21.49337250 6.05610419 0.00000000
      vertex 21.48034336 6.00906520 0.00000000
    endloop
  endfacet
  facet normal 0.00000000 0.00000000 1.00000000
    outer loop
      vertex 21.70827439 5.93264374 0.00000000
      vertex 21.46374752 5.96712513 0.00000000
      vertex 21.68187800 5.86593628 0.00000000
    endloop
  endfacet
  facet normal 0.00000000 0.00000000 1.00000000
    outer loop
      vertex 21.70827439 5.93264374 0.00000000
      vertex 21.48034336 6.00906520 0.00000000
      vertex 21.46374752 5.96712513 0.00000000
    endloop
  endfacet
  facet normal 0.00000000 0.00000000 1.00000000
    outer loop
      vertex 21.68187800 5.86593628 0.00000000
      vertex 21.44375531 5.92981398 0.00000000
      vertex 21.64846796 5.80358363 0.00000000
    endloop
  endfacet
  facet normal 0.00000000 0.00000000 1.00000000
    outer loop
      vertex 21.68187800 5.86593628 0.00000000
      vertex 21.46374752 5.96712513 0.00000000
      vertex 21.44375531 5.92981398 0.00000000
    endloop
  endfacet
  facet normal 0.00000000 0.00000000 1.00000000
    outer loop
      vertex 21.64846796 5.80358363 0.00000000
      vertex 21.42034266 5.89654353 0.00000000
      vertex 21.60806837 5.74617399 0.00000000
    endloop
  endfacet
  facet normal 0.00000000 0.00000000 1.00000000
    outer loop
      vertex 21.64846796 5.80358363 0.00000000
      vertex 21.44375531 5.92981398 0.00000000
      vertex 21.42034266 5.89654353 0.00000000
    endloop
  endfacet
  facet normal 0.00000000 0.00000000 1.00000000
    outer loop
      vertex 21.60806837 5.74617399 0.00000000
      vertex 21.39324461 5.86671675 0.00000000
      vertex 21.56094416 5.69430443 0.00000000
    endloop
  endfacet
  facet normal 0.00000000 0.00000000 1.00000000
    outer loop
      vertex 21.60806837 5.74617399 0.00000000
      vertex 21.42034266 5.89654353 0.00000000
      vertex 21.39324461 5.86671675 0.00000000
    endloop
  endfacet
  facet normal 0.00000000 0.00000000 1.00000000
    outer loop
      vertex 21.56094416 5.69430443 0.00000000
      vertex 21.36198661 5.83986114 0.00000000
      vertex 21.50756989 5.64844741 0.00000000
    endloop
  endfacet
  facet normal 0.00000000 0.00000000 1.00000000
    outer loop
      vertex 21.56094416 5.69430443 0.00000000
      vertex 21.39324461 5.86671675 0.00000000
      vertex 21.36198661 5.83986114 0.00000000
    endloop
  endfacet
  facet normal 0.00000000 0.00000000 1.00000000
    outer loop
      vertex 21.50756989 5.64844741 0.00000000
      vertex 21.32598988 5.81572418 0.00000000
      vertex 21.44852434 5.60885548 0.00000000
    endloop
  endfacet
  facet normal 0.00000000 0.00000000 1.00000000
    outer loop
      vertex 21.50756989 5.64844741 0.00000000
      vertex 21.36198661 5.83986114 0.00000000
      vertex 21.32598988 5.81572418 0.00000000
    endloop
  endfacet
  facet normal 0.00000000 0.00000000 1.00000000
    outer loop
      vertex 21.44852434 5.60885548 0.00000000
      vertex 21.28470096 5.79428919 0.00000000
      vertex 21.38436098 5.57554531 0.00000000
    endloop
  endfacet
  facet normal 0.00000000 0.00000000 1.00000000
    outer loop
      vertex 21.44852434 5.60885548 0.00000000
      vertex 21.32598988 5.81572418 0.00000000
      vertex 21.28470096 5.79428919 0.00000000
    endloop
  endfacet
  facet normal 0.00000000 0.00000000 1.00000000
    outer loop
      vertex 21.38436098 5.57554531 0.00000000
      vertex 21.23768728 5.77572047 0.00000000
      vertex 21.31551235 5.54835258 0.00000000
    endloop
  endfacet
  facet normal 0.00000000 0.00000000 1.00000000
    outer loop
      vertex 21.38436098 5.57554531 0.00000000
      vertex 21.28470096 5.79428919 0.00000000
      vertex 21.23768728 5.77572047 0.00000000
    endloop
  endfacet
  facet normal 0.00000000 0.00000000 1.00000000
    outer loop
      vertex 21.31551235 5.54835258 0.00000000
      vertex 21.18467275 5.76027961 0.00000000
      vertex 21.24225458 5.52701573 0.00000000
    endloop
  endfacet
  facet normal 0.00000000 0.00000000 1.00000000
    outer loop
      vertex 21.31551235 5.54835258 0.00000000
      vertex 21.23768728 5.77572047 0.00000000
      vertex 21.18467275 5.76027961 0.00000000
    endloop
  endfacet
  facet normal 0.00000000 0.00000000 1.00000000
    outer loop
      vertex 21.24225458 5.52701573 0.00000000
      vertex 21.12552420 5.74825191 0.00000000
      vertex 21.16472080 5.51124944 0.00000000
    endloop
  endfacet
  facet normal 0.00000000 0.00000000 1.00000000
    outer loop
      vertex 21.24225458 5.52701573 0.00000000
      vertex 21.18467275 5.76027961 0.00000000
      vertex 21.12552420 5.74825191 0.00000000
    endloop
  endfacet
  facet normal 0.00000000 0.00000000 1.00000000
    outer loop
      vertex 21.16472080 5.51124944 0.00000000
      vertex 21.06021457 5.73990008 0.00000000
      vertex 21.08293811 5.50079102 0.00000000
    endloop
  endfacet
  facet normal 0.00000000 0.00000000 1.00000000
    outer loop
      vertex 21.16472080 5.51124944 0.00000000
      vertex 21.12552420 5.74825191 0.00000000
      vertex 21.06021457 5.73990008 0.00000000
    endloop
  endfacet
  facet normal 0.00000000 0.00000000 1.00000000
    outer loop
      vertex 21.08293811 5.50079102 0.00000000
      vertex 20.98431713 5.73516486 0.00000000
      vertex 21.00133321 5.49569971 0.00000000
    endloop
  endfacet
  facet normal 0.00000000 0.00000000 1.00000000
    outer loop
      vertex 21.08293811 5.50079102 0.00000000
      vertex 21.06021457 5.73990008 0.00000000
      vertex 20.98431713 5.73516486 0.00000000
    endloop
  endfacet
  facet normal 0.00000000 0.00000000 1.00000000
    outer loop
      vertex 21.00133321 5.49569971 0.00000000
      vertex 20.61735363 5.70590381 0.00000000
      vertex 20.63643781 5.46660357 0.00000000
    endloop
  endfacet
  facet normal 0.00000000 0.00000000 1.00000000
    outer loop
      vertex 21.00133321 5.49569971 0.00000000
      vertex 20.98431713 5.73516486 0.00000000
      vertex 20.61735363 5.70590381 0.00000000
    endloop
  endfacet
  facet normal 0.00000000 0.00000000 1.00000000
    outer loop
      vertex 20.63643781 5.46660357 0.00000000
      vertex 20.25141216 5.67671574 0.00000000
      vertex 20.27050188 5.43741594 0.00000000
    endloop
  endfacet
  facet normal 0.00000000 0.00000000 1.00000000
    outer loop
      vertex 20.63643781 5.46660357 0.00000000
      vertex 20.61735363 5.70590381 0.00000000
      vertex 20.25141216 5.67671574 0.00000000
    endloop
  endfacet
  facet normal 0.00000000 0.00000000 1.00000000
    outer loop
      vertex 20.27050188 5.43741594 0.00000000
      vertex 19.88546142 5.64751840 0.00000000
      vertex 19.90455668 5.40821905 0.00000000
    endloop
  endfacet
  facet normal 0.00000000 0.00000000 1.00000000
    outer loop
      vertex 20.27050188 5.43741594 0.00000000
      vertex 20.25141216 5.67671574 0.00000000
      vertex 19.88546142 5.64751840 0.00000000
    endloop
  endfacet
  facet normal 0.00000000 0.00000000 1.00000000
    outer loop
      vertex 19.90455668 5.40821905 0.00000000
      vertex 19.51950142 5.61831181 0.00000000
      vertex 19.53860222 5.37901289 0.00000000
    endloop
  endfacet
  facet normal 0.00000000 0.00000000 1.00000000
    outer loop
      vertex 19.90455668 5.40821905 0.00000000
      vertex 19.88546142 5.64751840 0.00000000
      vertex 19.51950142 5.61831181 0.00000000
    endloop
  endfacet
  facet normal 0.00000000 0.00000000 1.00000000
    outer loop
      vertex 19.53860222 5.37901289 0.00000000
      vertex 19.15353216 5.58909595 0.00000000
      vertex 19.17263849 5.34979748 0.00000000
    endloop
  endfacet
  facet normal 0.00000000 0.00000000 1.00000000
    outer loop
      vertex 19.53860222 5.37901289 0.00000000
      vertex 19.51950142 5.61831181 0.00000000
      vertex 19.15353216 5.58909595 0.00000000
    endloop
  endfacet
  facet normal 0.00000000 0.00000000 1.00000000
    outer loop
      vertex 19.17263849 5.34979748 0.00000000
      vertex 18.78755364 5.55987083 0.00000000
      vertex 18.80666551 5.32057280 0.00000000
    endloop
  endfacet
  facet normal 0.00000000 0.00000000 1.00000000
    outer loop
      vertex 19.17263849 5.34979748 0.00000000
      vertex 19.15353216 5.58909595 0.00000000
      vertex 18.78755364 5.55987083 0.00000000
    endloop
  endfacet
  facet normal 0.00000000 0.00000000 1.00000000
    outer loop
      vertex 18.80666551 5.32057280 0.00000000
      vertex 18.42156586 5.53063645 0.00000000
      vertex 18.44068326 5.29133886 0.00000000
    endloop
  endfacet
  facet normal 0.00000000 0.00000000 1.00000000
    outer loop
      vertex 18.80666551 5.32057280 0.00000000
      vertex 18.78755364 5.55987083 0.00000000
      vertex 18.42156586 5.53063645 0.00000000
    endloop
  endfacet
  facet normal 0.00000000 0.00000000 1.00000000
    outer loop
      vertex 18.44068326 5.29133886 0.00000000
      vertex 18.05556881 5.50139280 0.00000000
      vertex 18.07469175 5.26209566 0.00000000
    endloop
  endfacet
  facet normal 0.00000000 0.00000000 1.00000000
    outer loop
      vertex 18.44068326 5.29133886 0.00000000
      vertex 18.42156586 5.53063645 0.00000000
      vertex 18.05556881 5.50139280 0.00000000
    endloop
  endfacet
  facet normal 0.00000000 0.00000000 1.00000000
    outer loop
      vertex 18.07469175 5.26209566 0.00000000
      vertex 17.68956251 5.47213990 0.00000000
      vertex 17.70869098 5.23284320 0.00000000
    endloop
  endfacet
  facet normal 0.00000000 0.00000000 1.00000000
    outer loop
      vertex 18.07469175 5.26209566 0.00000000
      vertex 18.05556881 5.50139280 0.00000000
      vertex 17.68956251 5.47213990 0.00000000
    endloop
  endfacet
  facet normal 0.00000000 0.00000000 1.00000000
    outer loop
      vertex 17.70869098 5.23284320 0.00000000
      vertex 17.32354694 5.44287773 0.00000000
      vertex 17.34268095 5.20358147 0.00000000
    endloop
  endfacet
  facet normal 0.00000000 0.00000000 1.00000000
    outer loop
      vertex 17.70869098 5.23284320 0.00000000
      vertex 17.68956251 5.47213990 0.00000000
      vertex 17.32354694 5.44287773 0.00000000
    endloop
  endfacet
  facet normal 0.00000000 0.00000000 1.00000000
    outer loop
      vertex 17.34268095 5.20358147 0.00000000
      vertex 16.95752211 5.41360630 0.00000000
      vertex 16.97666166 5.17431049 0.00000000
    endloop
  endfacet
  facet normal 0.00000000 0.00000000 1.00000000
    outer loop
      vertex 17.34268095 5.20358147 0.00000000
      vertex 17.32354694 5.44287773 0.00000000
      vertex 16.95752211 5.41360630 0.00000000
    endloop
  endfacet
  facet normal 0.00000000 0.00000000 1.00000000
    outer loop
      vertex 16.97666166 5.17431049 0.00000000
      vertex 16.59148802 5.38432561 0.00000000
      vertex 16.61063310 5.14503024 0.00000000
    endloop
  endfacet
  facet normal 0.00000000 0.00000000 1.00000000
    outer loop
      vertex 16.97666166 5.17431049 0.00000000
      vertex 16.95752211 5.41360630 0.00000000
      vertex 16.59148802 5.38432561 0.00000000
    endloop
  endfacet
  facet normal 0.00000000 0.00000000 1.00000000
    outer loop
      vertex 16.61063310 5.14503024 0.00000000
      vertex 16.22544467 5.35503566 0.00000000
      vertex 16.24459529 5.11574073 0.00000000
    endloop
  endfacet
  facet normal 0.00000000 0.00000000 1.00000000
    outer loop
      vertex 16.61063310 5.14503024 0.00000000
      vertex 16.59148802 5.38432561 0.00000000
      vertex 16.22544467 5.35503566 0.00000000
    endloop
  endfacet
  facet normal 0.00000000 0.00000000 1.00000000
    outer loop
      vertex 16.24459529 5.11574073 0.00000000
      vertex 15.85939206 5.32573645 0.00000000
      vertex 15.87854821 5.08644196 0.00000000
    endloop
  endfacet
  facet normal 0.00000000 0.00000000 1.00000000
    outer loop
      vertex 16.24459529 5.11574073 0.00000000
      vertex 16.22544467 5.35503566 0.00000000
      vertex 15.85939206 5.32573645 0.00000000
    endloop
  endfacet
  facet normal 0.00000000 0.00000000 1.00000000
    outer loop
      vertex 15.87854821 5.08644196 0.00000000
      vertex 15.49333018 5.29642798 0.00000000
      vertex 15.51249187 5.05713393 0.00000000
    endloop
  endfacet
  facet normal 0.00000000 0.00000000 1.00000000
    outer loop
      vertex 15.87854821 5.08644196 0.00000000
      vertex 15.85939206 5.32573645 0.00000000
      vertex 15.49333018 5.29642798 0.00000000
    endloop
  endfacet
  facet normal 0.00000000 0.00000000 1.00000000
    outer loop
      vertex 15.51249187 5.05713393 0.00000000
      vertex 15.12725904 5.26711024 0.00000000
      vertex 15.14642627 5.02781664 0.00000000
    endloop
  endfacet
  facet normal 0.00000000 0.00000000 1.00000000
    outer loop
      vertex 15.51249187 5.05713393 0.00000000
      vertex 15.49333018 5.29642798 0.00000000
      vertex 15.12725904 5.26711024 0.00000000
    endloop
  endfacet
  facet normal 0.00000000 0.00000000 1.00000000
    outer loop
      vertex 15.14642627 5.02781664 0.00000000
      vertex 14.76117865 5.23778324 0.00000000
      vertex 14.78035140 4.99849008 0.00000000
    endloop
  endfacet
  facet normal 0.00000000 0.00000000 1.00000000
    outer loop
      vertex 15.14642627 5.02781664 0.00000000
      vertex 15.12725904 5.26711024 0.00000000
      vertex 14.76117865 5.23778324 0.00000000
    endloop
  endfacet
  facet normal 0.00000000 0.00000000 1.00000000
    outer loop
      vertex 14.78035140 4.99849008 0.00000000
      vertex 14.37992172 5.20723157 0.00000000
      vertex 14.42943454 4.97036968 0.00000000
    endloop
  endfacet
  facet normal 0.00000000 0.00000000 1.00000000
    outer loop
      vertex 14.78035140 4.99849008 0.00000000
      vertex 14.76117865 5.23778324 0.00000000
      vertex 14.37992172 5.20723157 0.00000000
    endloop
  endfacet
  facet normal 0.00000000 0.00000000 1.00000000
    outer loop
      vertex 14.42943454 4.97036968 0.00000000
      vertex 14.22267538 5.15298826 0.00000000
      vertex 14.30887995 4.92878347 0.00000000
    endloop
  endfacet
  facet normal 0.00000000 0.00000000 1.00000000
    outer loop
      vertex 14.42943454 4.97036968 0.00000000
      vertex 14.37992172 5.20723157 0.00000000
      vertex 14.22267538 5.15298826 0.00000000
    endloop
  endfacet
  facet normal 0.00000000 0.00000000 1.00000000
    outer loop
      vertex 14.30887995 4.92878347 0.00000000
      vertex 14.08438661 5.09420190 0.00000000
      vertex 14.18657579 4.87679214 0.00000000
    endloop
  endfacet
  facet normal 0.00000000 0.00000000 1.00000000
    outer loop
      vertex 14.30887995 4.92878347 0.00000000
      vertex 14.22267538 5.15298826 0.00000000
      vertex 14.08438661 5.09420190 0.00000000
    endloop
  endfacet
  facet normal 0.00000000 0.00000000 1.00000000
    outer loop
      vertex 14.18657579 4.87679214 0.00000000
      vertex 13.95445412 5.02708239 0.00000000
      vertex 14.07312336 4.81818577 0.00000000
    endloop
  endfacet
  facet normal 0.00000000 0.00000000 1.00000000
    outer loop
      vertex 14.18657579 4.87679214 0.00000000
      vertex 14.08438661 5.09420190 0.00000000
      vertex 13.95445412 5.02708239 0.00000000
    endloop
  endfacet
  facet normal 0.00000000 0.00000000 1.00000000
    outer loop
      vertex 14.07312336 4.81818577 0.00000000
      vertex 13.83303930 4.95156666 0.00000000
      vertex 13.96836127 4.75302745 0.00000000
    endloop
  endfacet
  facet normal 0.00000000 0.00000000 1.00000000
    outer loop
      vertex 14.07312336 4.81818577 0.00000000
      vertex 13.95445412 5.02708239 0.00000000
      vertex 13.83303930 4.95156666 0.00000000
    endloop
  endfacet
  facet normal 0.00000000 0.00000000 1.00000000
    outer loop
      vertex 13.96836127 4.75302745 0.00000000
      vertex 13.72033980 4.86763767 0.00000000
      vertex 13.87209186 4.68133420 0.00000000
    endloop
  endfacet
  facet normal 0.00000000 0.00000000 1.00000000
    outer loop
      vertex 13.96836127 4.75302745 0.00000000
      vertex 13.83303930 4.95156666 0.00000000
      vertex 13.72033980 4.86763767 0.00000000
    endloop
  endfacet
  facet normal 0.00000000 0.00000000 1.00000000
    outer loop
      vertex 13.87209186 4.68133420 0.00000000
      vertex 13.61657401 4.77533849 0.00000000
      vertex 13.78409675 4.60306296 0.00000000
    endloop
  endfacet
  facet normal 0.00000000 0.00000000 1.00000000
    outer loop
      vertex 13.87209186 4.68133420 0.00000000
      vertex 13.72033980 4.86763767 0.00000000
      vertex 13.61657401 4.77533849 0.00000000
    endloop
  endfacet
  facet normal 0.00000000 0.00000000 1.00000000
    outer loop
      vertex 13.78409675 4.60306296 0.00000000
      vertex 13.52195777 4.67477830 0.00000000
      vertex 13.70416009 4.51810455 0.00000000
    endloop
  endfacet
  facet normal 0.00000000 0.00000000 1.00000000
    outer loop
      vertex 13.78409675 4.60306296 0.00000000
      vertex 13.61657401 4.77533849 0.00000000
      vertex 13.52195777 4.67477830 0.00000000
    endloop
  endfacet
  facet normal 0.00000000 0.00000000 1.00000000
    outer loop
      vertex 13.70416009 4.51810455 0.00000000
      vertex 13.43667798 4.56612676 0.00000000
      vertex 13.63209499 4.42628930 0.00000000
    endloop
  endfacet
  facet normal 0.00000000 0.00000000 1.00000000
    outer loop
      vertex 13.70416009 4.51810455 0.00000000
      vertex 13.52195777 4.67477830 0.00000000
      vertex 13.43667798 4.56612676 0.00000000
    endloop
  endfacet
  facet normal 0.00000000 0.00000000 1.00000000
    outer loop
      vertex 13.63209499 4.42628930 0.00000000
      vertex 13.36086979 4.44959627 0.00000000
      vertex 13.56776630 4.32740483 0.00000000
    endloop
  endfacet
  facet normal 0.00000000 0.00000000 1.00000000
    outer loop
      vertex 13.63209499 4.42628930 0.00000000
      vertex 13.43667798 4.56612676 0.00000000
      vertex 13.36086979 4.44959627 0.00000000
    endloop
  endfacet
  facet normal 0.00000000 0.00000000 1.00000000
    outer loop
      vertex 13.56776630 4.32740483 0.00000000
      vertex 13.29460357 4.32541639 0.00000000
      vertex 13.51110363 4.22122157 0.00000000
    endloop
  endfacet
  facet normal 0.00000000 0.00000000 1.00000000
    outer loop
      vertex 13.56776630 4.32740483 0.00000000
      vertex 13.36086979 4.44959627 0.00000000
      vertex 13.29460357 4.32541639 0.00000000
    endloop
  endfacet
  facet normal 0.00000000 0.00000000 1.00000000
    outer loop
      vertex 13.51110363 4.22122157 0.00000000
      vertex 13.23788442 4.19380708 0.00000000
      vertex 13.46210191 4.10751954 0.00000000
    endloop
  endfacet
  facet normal 0.00000000 0.00000000 1.00000000
    outer loop
      vertex 13.51110363 4.22122157 0.00000000
      vertex 13.29460357 4.32541639 0.00000000
      vertex 13.23788442 4.19380708 0.00000000
    endloop
  endfacet
  facet normal 0.00000000 0.00000000 1.00000000
    outer loop
      vertex 13.46210191 4.10751954 0.00000000
      vertex 13.19066238 4.05495740 0.00000000
      vertex 13.42081108 3.98610971 0.00000000
    endloop
  endfacet
  facet normal 0.00000000 0.00000000 1.00000000
    outer loop
      vertex 13.46210191 4.10751954 0.00000000
      vertex 13.23788442 4.19380708 0.00000000
      vertex 13.19066238 4.05495740 0.00000000
    endloop
  endfacet
  facet normal 0.00000000 0.00000000 1.00000000
    outer loop
      vertex 13.42081108 3.98610971 0.00000000
      vertex 13.15284900 3.90901316 0.00000000
      vertex 13.38731960 3.85684627 0.00000000
    endloop
  endfacet
  facet normal 0.00000000 0.00000000 1.00000000
    outer loop
      vertex 13.42081108 3.98610971 0.00000000
      vertex 13.19066238 4.05495740 0.00000000
      vertex 13.15284900 3.90901316 0.00000000
    endloop
  endfacet
  facet normal 0.00000000 0.00000000 1.00000000
    outer loop
      vertex 13.38731960 3.85684627 0.00000000
      vertex 13.12433488 3.75607383 0.00000000
      vertex 13.36173685 3.71962972 0.00000000
    endloop
  endfacet
  facet normal 0.00000000 0.00000000 1.00000000
    outer loop
      vertex 13.38731960 3.85684627 0.00000000
      vertex 13.15284900 3.90901316 0.00000000
      vertex 13.12433488 3.75607383 0.00000000
    endloop
  endfacet
  facet normal 0.00000000 0.00000000 1.00000000
    outer loop
      vertex 13.36173685 3.71962972 0.00000000
      vertex 13.10500478 3.59619642 0.00000000
      vertex 13.34417811 3.57440308 0.00000000
    endloop
  endfacet
  facet normal 0.00000000 0.00000000 1.00000000
    outer loop
      vertex 13.36173685 3.71962972 0.00000000
      vertex 13.12433488 3.75607383 0.00000000
      vertex 13.10500478 3.59619642 0.00000000
    endloop
  endfacet
  facet normal 0.00000000 0.00000000 1.00000000
    outer loop
      vertex 13.34417811 3.57440308 0.00000000
      vertex 13.09474823 3.42940316 0.00000000
      vertex 13.33475382 3.42114410 0.00000000
    endloop
  endfacet
  facet normal 0.00000000 0.00000000 1.00000000
    outer loop
      vertex 13.34417811 3.57440308 0.00000000
      vertex 13.10500478 3.59619642 0.00000000
      vertex 13.09474823 3.42940316 0.00000000
    endloop
  endfacet
  facet normal 0.00000000 0.00000000 1.00000000
    outer loop
      vertex 13.33475382 3.42114410 0.00000000
      vertex 13.09346595 3.25569035 0.00000000
      vertex 13.33356325 3.25985650 0.00000000
    endloop
  endfacet
  facet normal 0.00000000 0.00000000 1.00000000
    outer loop
      vertex 13.33475382 3.42114410 0.00000000
      vertex 13.09474823 3.42940316 0.00000000
      vertex 13.09346595 3.25569035 0.00000000
    endloop
  endfacet
  facet normal 0.00000000 0.00000000 1.00000000
    outer loop
      vertex 13.33356325 3.25985650 0.00000000
      vertex 13.09671288 3.17857821 0.00000000
      vertex 13.34505149 2.98702004 0.00000000
    endloop
  endfacet
  facet normal 0.00000000 0.00000000 1.00000000
    outer loop
      vertex 13.33356325 3.25985650 0.00000000
      vertex 13.09346595 3.25569035 0.00000000
      vertex 13.09671288 3.17857821 0.00000000
    endloop
  endfacet
  facet normal 0.00000000 0.00000000 1.00000000
    outer loop
      vertex 13.34505149 2.98702004 0.00000000
      vertex 13.03319108 3.16472977 0.00000000
      vertex 13.07967625 2.92916537 0.00000000
    endloop
  endfacet
  facet normal 0.00000000 0.00000000 1.00000000
    outer loop
      vertex 13.34505149 2.98702004 0.00000000
      vertex 13.09671288 3.17857821 0.00000000
      vertex 13.03319108 3.16472977 0.00000000
    endloop
  endfacet
  facet normal 0.00000000 0.00000000 1.00000000
    outer loop
      vertex 13.07967625 2.92916537 0.00000000
      vertex 12.87468227 3.13670208 0.00000000
      vertex 12.91165898 2.89945640 0.00000000
    endloop
  endfacet
  facet normal 0.00000000 0.00000000 1.00000000
    outer loop
      vertex 13.07967625 2.92916537 0.00000000
      vertex 13.03319108 3.16472977 0.00000000
      vertex 12.87468227 3.13670208 0.00000000
    endloop
  endfacet
  facet normal 0.00000000 0.00000000 1.00000000
    outer loop
      vertex 12.91165898 2.89945640 0.00000000
      vertex 12.71752135 3.11548087 0.00000000
      vertex 12.74466479 2.87690741 0.00000000
    endloop
  endfacet
  facet normal 0.00000000 0.00000000 1.00000000
    outer loop
      vertex 12.91165898 2.89945640 0.00000000
      vertex 12.87468227 3.13670208 0.00000000
      vertex 12.71752135 3.11548087 0.00000000
    endloop
  endfacet
  facet normal 0.00000000 0.00000000 1.00000000
    outer loop
      vertex 12.74466479 2.87690741 0.00000000
      vertex 12.56169014 3.10104774 0.00000000
      vertex 12.57871185 2.86153680 0.00000000
    endloop
  endfacet
  facet normal 0.00000000 0.00000000 1.00000000
    outer loop
      vertex 12.74466479 2.87690741 0.00000000
      vertex 12.71752135 3.11548087 0.00000000
      vertex 12.56169014 3.10104774 0.00000000
    endloop
  endfacet
  facet normal 0.00000000 0.00000000 1.00000000
    outer loop
      vertex 12.57871185 2.86153680 0.00000000
      vertex 12.40716664 3.09338608 0.00000000
      vertex 12.41382216 2.85336116 0.00000000
    endloop
  endfacet
  facet normal 0.00000000 0.00000000 1.00000000
    outer loop
      vertex 12.57871185 2.86153680 0.00000000
      vertex 12.56169014 3.10104774 0.00000000
      vertex 12.40716664 3.09338608 0.00000000
    endloop
  endfacet
  facet normal 0.00000000 0.00000000 1.00000000
    outer loop
      vertex 12.41382216 2.85336116 0.00000000
      vertex 12.25392532 3.09248182 0.00000000
      vertex 12.25002126 2.85239458 0.00000000
    endloop
  endfacet
  facet normal 0.00000000 0.00000000 1.00000000
    outer loop
      vertex 12.41382216 2.85336116 0.00000000
      vertex 12.40716664 3.09338608 0.00000000
      vertex 12.25392532 3.09248182 0.00000000
    endloop
  endfacet
  facet normal 0.00000000 0.00000000 1.00000000
    outer loop
      vertex 12.25002126 2.85239458 0.00000000
      vertex 12.10193756 3.09832406 0.00000000
      vertex 12.08733776 2.85864796 0.00000000
    endloop
  endfacet
  facet normal 0.00000000 -0.00000000 1.00000000
    outer loop
      vertex 12.25002126 2.85239458 0.00000000
      vertex 12.25392532 3.09248182 0.00000000
      vertex 12.10193756 3.09832406 0.00000000
    endloop
  endfacet
  facet normal 0.00000000 0.00000000 1.00000000
    outer loop
      vertex 12.08733776 2.85864796 0.00000000
      vertex 11.95117232 3.11090571 0.00000000
      vertex 11.92580271 2.87212838 0.00000000
    endloop
  endfacet
  facet normal 0.00000000 -0.00000000 1.00000000
    outer loop
      vertex 12.08733776 2.85864796 0.00000000
      vertex 12.10193756 3.09832406 0.00000000
      vertex 11.95117232 3.11090571 0.00000000
    endloop
  endfacet
  facet normal 0.00000000 0.00000000 1.00000000
    outer loop
      vertex 11.92580271 2.87212838 0.00000000
      vertex 11.80159697 3.13022392 0.00000000
      vertex 11.76544871 2.89283869 0.00000000
    endloop
  endfacet
  facet normal 0.00000000 -0.00000000 1.00000000
    outer loop
      vertex 11.92580271 2.87212838 0.00000000
      vertex 11.95117232 3.11090571 0.00000000
      vertex 11.80159697 3.13022392 0.00000000
    endloop
  endfacet
  facet normal 0.00000000 0.00000000 1.00000000
    outer loop
      vertex 11.76544871 2.89283869 0.00000000
      vertex 11.65317828 3.15628033 0.00000000
      vertex 11.60630904 2.92077727 0.00000000
    endloop
  endfacet
  facet normal 0.00000000 -0.00000000 1.00000000
    outer loop
      vertex 11.76544871 2.89283869 0.00000000
      vertex 11.80159697 3.13022392 0.00000000
      vertex 11.65317828 3.15628033 0.00000000
    endloop
  endfacet
  facet normal 0.00000000 0.00000000 1.00000000
    outer loop
      vertex 11.60630904 2.92077727 0.00000000
      vertex 11.50588335 3.18908107 0.00000000
      vertex 11.44841656 2.95593796 0.00000000
    endloop
  endfacet
  facet normal 0.00000000 -0.00000000 1.00000000
    outer loop
      vertex 11.60630904 2.92077727 0.00000000
      vertex 11.65317828 3.15628033 0.00000000
      vertex 11.50588335 3.18908107 0.00000000
    endloop
  endfacet
  facet normal 0.00000000 0.00000000 1.00000000
    outer loop
      vertex 11.44841656 2.95593796 0.00000000
      vertex 11.35968069 3.22863664 0.00000000
      vertex 11.29180278 2.99831028 0.00000000
    endloop
  endfacet
  facet normal 0.00000000 -0.00000000 1.00000000
    outer loop
      vertex 11.44841656 2.95593796 0.00000000
      vertex 11.50588335 3.18908107 0.00000000
      vertex 11.35968069 3.22863664 0.00000000
    endloop
  endfacet
  facet normal 0.00000000 0.00000000 1.00000000
    outer loop
      vertex 11.29180278 2.99831028 0.00000000
      vertex 11.21454109 3.27496140 0.00000000
      vertex 11.13649689 3.04787986 0.00000000
    endloop
  endfacet
  facet normal 0.00000000 -0.00000000 1.00000000
    outer loop
      vertex 11.29180278 2.99831028 0.00000000
      vertex 11.35968069 3.22863664 0.00000000
      vertex 11.21454109 3.27496140 0.00000000
    endloop
  endfacet
  facet normal 0.00000000 0.00000000 1.00000000
    outer loop
      vertex 11.13649689 3.04787986 0.00000000
      vertex 11.07043843 3.32807307 0.00000000
      vertex 10.98252504 3.10462899 0.00000000
    endloop
  endfacet
  facet normal 0.00000000 -0.00000000 1.00000000
    outer loop
      vertex 11.13649689 3.04787986 0.00000000
      vertex 11.21454109 3.27496140 0.00000000
      vertex 11.07043843 3.32807307 0.00000000
    endloop
  endfacet
  facet normal 0.00000000 0.00000000 1.00000000
    outer loop
      vertex 10.98252504 3.10462899 0.00000000
      vertex 10.92735023 3.38799192 0.00000000
      vertex 10.82990968 3.16853739 0.00000000
    endloop
  endfacet
  facet normal 0.00000000 -0.00000000 1.00000000
    outer loop
      vertex 10.98252504 3.10462899 0.00000000
      vertex 11.07043843 3.32807307 0.00000000
      vertex 10.92735023 3.38799192 0.00000000
    endloop
  endfacet
  facet normal 0.00000000 0.00000000 1.00000000
    outer loop
      vertex 10.82990968 3.16853739 0.00000000
      vertex 10.78525805 3.45474007 0.00000000
      vertex 10.67866926 3.23958295 0.00000000
    endloop
  endfacet
  facet normal 0.00000000 -0.00000000 1.00000000
    outer loop
      vertex 10.82990968 3.16853739 0.00000000
      vertex 10.92735023 3.38799192 0.00000000
      vertex 10.78525805 3.45474007 0.00000000
    endloop
  endfacet
  facet normal 0.00000000 0.00000000 1.00000000
    outer loop
      vertex 10.67866926 3.23958295 0.00000000
      vertex 10.64414768 3.52834061 0.00000000
      vertex 10.52881801 3.31774257 0.00000000
    endloop
  endfacet
  facet normal 0.00000000 -0.00000000 1.00000000
    outer loop
      vertex 10.67866926 3.23958295 0.00000000
      vertex 10.78525805 3.45474007 0.00000000
      vertex 10.64414768 3.52834061 0.00000000
    endloop
  endfacet
  facet normal 0.00000000 0.00000000 1.00000000
    outer loop
      vertex 10.52881801 3.31774257 0.00000000
      vertex 10.50914394 3.60586811 0.00000000
      vertex 10.37523108 3.40594169 0.00000000
    endloop
  endfacet
  facet normal 0.00000000 -0.00000000 1.00000000
    outer loop
      vertex 10.52881801 3.31774257 0.00000000
      vertex 10.64414768 3.52834061 0.00000000
      vertex 10.50914394 3.60586811 0.00000000
    endloop
  endfacet
  facet normal 0.00000000 -0.00000000 1.00000000
    outer loop
      vertex 10.37523108 3.40594169 0.00000000
      vertex 10.39033529 3.69789969 0.00000000
      vertex 10.23983729 3.51082045 0.00000000
    endloop
  endfacet
  facet normal 0.00000000 0.00000000 1.00000000
    outer loop
      vertex 10.37523108 3.40594169 0.00000000
      vertex 10.50914394 3.60586811 0.00000000
      vertex 10.39033529 3.69789969 0.00000000
    endloop
  endfacet
  facet normal 0.00000000 -0.00000000 1.00000000
    outer loop
      vertex 10.23983729 3.51082045 0.00000000
      vertex 10.27082820 3.79771182 0.00000000
      vertex 10.11353293 3.61630965 0.00000000
    endloop
  endfacet
  facet normal 0.00000000 0.00000000 1.00000000
    outer loop
      vertex 10.23983729 3.51082045 0.00000000
      vertex 10.39033529 3.69789969 0.00000000
      vertex 10.27082820 3.79771182 0.00000000
    endloop
  endfacet
  facet normal 0.00000000 -0.00000000 1.00000000
    outer loop
      vertex 10.11353293 3.61630965 0.00000000
      vertex 10.15542660 3.90158001 0.00000000
      vertex 9.99151406 3.72613377 0.00000000
    endloop
  endfacet
  facet normal 0.00000000 0.00000000 1.00000000
    outer loop
      vertex 10.11353293 3.61630965 0.00000000
      vertex 10.27082820 3.79771182 0.00000000
      vertex 10.15542660 3.90158001 0.00000000
    endloop
  endfacet
  facet normal 0.00000000 -0.00000000 1.00000000
    outer loop
      vertex 9.99151406 3.72613377 0.00000000
      vertex 10.04411565 4.00951503 0.00000000
      vertex 9.87379553 3.84028204 0.00000000
    endloop
  endfacet
  facet normal 0.00000000 0.00000000 1.00000000
    outer loop
      vertex 9.99151406 3.72613377 0.00000000
      vertex 10.15542660 3.90158001 0.00000000
      vertex 10.04411565 4.00951503 0.00000000
    endloop
  endfacet
  facet normal 0.00000000 -0.00000000 1.00000000
    outer loop
      vertex 9.87379553 3.84028204 0.00000000
      vertex 9.93688172 4.12152932 0.00000000
      vertex 9.76039097 3.95874204 0.00000000
    endloop
  endfacet
  facet normal 0.00000000 0.00000000 1.00000000
    outer loop
      vertex 9.87379553 3.84028204 0.00000000
      vertex 10.04411565 4.00951503 0.00000000
      vertex 9.93688172 4.12152932 0.00000000
    endloop
  endfacet
  facet normal 0.00000000 -0.00000000 1.00000000
    outer loop
      vertex 9.76039097 3.95874204 0.00000000
      vertex 9.83371264 4.23763674 0.00000000
      vertex 9.65131254 4.08149989 0.00000000
    endloop
  endfacet
  facet normal 0.00000000 0.00000000 1.00000000
    outer loop
      vertex 9.76039097 3.95874204 0.00000000
      vertex 9.93688172 4.12152932 0.00000000
      vertex 9.83371264 4.23763674 0.00000000
    endloop
  endfacet
  facet normal 0.00000000 -0.00000000 1.00000000
    outer loop
      vertex 9.65131254 4.08149989 0.00000000
      vertex 9.73459795 4.35785231 0.00000000
      vertex 9.54657071 4.20854058 0.00000000
    endloop
  endfacet
  facet normal 0.00000000 0.00000000 1.00000000
    outer loop
      vertex 9.65131254 4.08149989 0.00000000
      vertex 9.83371264 4.23763674 0.00000000
      vertex 9.73459795 4.35785231 0.00000000
    endloop
  endfacet
  facet normal 0.00000000 -0.00000000 1.00000000
    outer loop
      vertex 9.54657071 4.20854058 0.00000000
      vertex 9.63952910 4.48219182 0.00000000
      vertex 9.44617402 4.33984832 0.00000000
    endloop
  endfacet
  facet normal 0.00000000 0.00000000 1.00000000
    outer loop
      vertex 9.54657071 4.20854058 0.00000000
      vertex 9.73459795 4.35785231 0.00000000
      vertex 9.63952910 4.48219182 0.00000000
    endloop
  endfacet
  facet normal 0.00000000 -0.00000000 1.00000000
    outer loop
      vertex 9.44617402 4.33984832 0.00000000
      vertex 9.54849953 4.61067155 0.00000000
      vertex 9.35012905 4.47540682 0.00000000
    endloop
  endfacet
  facet normal 0.00000000 0.00000000 1.00000000
    outer loop
      vertex 9.44617402 4.33984832 0.00000000
      vertex 9.63952910 4.48219182 0.00000000
      vertex 9.54849953 4.61067155 0.00000000
    endloop
  endfacet
  facet normal 0.00000000 -0.00000000 1.00000000
    outer loop
      vertex 9.35012905 4.47540682 0.00000000
      vertex 9.46150472 4.74330787 0.00000000
      vertex 9.25844031 4.61519972 0.00000000
    endloop
  endfacet
  facet normal 0.00000000 0.00000000 1.00000000
    outer loop
      vertex 9.35012905 4.47540682 0.00000000
      vertex 9.54849953 4.61067155 0.00000000
      vertex 9.46150472 4.74330787 0.00000000
    endloop
  endfacet
  facet normal 0.00000000 -0.00000000 1.00000000
    outer loop
      vertex 9.25844031 4.61519972 0.00000000
      vertex 9.37854214 4.88011694 0.00000000
      vertex 9.17111031 4.75921085 0.00000000
    endloop
  endfacet
  facet normal 0.00000000 0.00000000 1.00000000
    outer loop
      vertex 9.25844031 4.61519972 0.00000000
      vertex 9.46150472 4.74330787 0.00000000
      vertex 9.37854214 4.88011694 0.00000000
    endloop
  endfacet
  facet normal 0.00000000 -0.00000000 1.00000000
    outer loop
      vertex 9.17111031 4.75921085 0.00000000
      vertex 9.29961120 5.02111439 0.00000000
      vertex 9.08813967 4.90742459 0.00000000
    endloop
  endfacet
  facet normal 0.00000000 0.00000000 1.00000000
    outer loop
      vertex 9.17111031 4.75921085 0.00000000
      vertex 9.37854214 4.88011694 0.00000000
      vertex 9.29961120 5.02111439 0.00000000
    endloop
  endfacet
  facet normal 0.00000000 -0.00000000 1.00000000
    outer loop
      vertex 9.08813967 4.90742459 0.00000000
      vertex 9.22471308 5.16631506 0.00000000
      vertex 9.00952718 5.05982610 0.00000000
    endloop
  endfacet
  facet normal 0.00000000 0.00000000 1.00000000
    outer loop
      vertex 9.08813967 4.90742459 0.00000000
      vertex 9.29961120 5.02111439 0.00000000
      vertex 9.22471308 5.16631506 0.00000000
    endloop
  endfacet
  facet normal 0.00000000 -0.00000000 1.00000000
    outer loop
      vertex 9.00952718 5.05982610 0.00000000
      vertex 9.15385058 5.31573278 0.00000000
      vertex 8.93527007 5.21640154 0.00000000
    endloop
  endfacet
  facet normal 0.00000000 0.00000000 1.00000000
    outer loop
      vertex 9.00952718 5.05982610 0.00000000
      vertex 9.22471308 5.16631506 0.00000000
      vertex 9.15385058 5.31573278 0.00000000
    endloop
  endfacet
  facet normal 0.00000000 -0.00000000 1.00000000
    outer loop
      vertex 8.93527007 5.21640154 0.00000000
      vertex 9.08702786 5.46938023 0.00000000
      vertex 8.86536416 5.37713825 0.00000000
    endloop
  endfacet
  facet normal 0.00000000 0.00000000 1.00000000
    outer loop
      vertex 8.93527007 5.21640154 0.00000000
      vertex 9.15385058 5.31573278 0.00000000
      vertex 9.08702786 5.46938023 0.00000000
    endloop
  endfacet
  facet normal 0.00000000 -0.00000000 1.00000000
    outer loop
      vertex 8.86536416 5.37713825 0.00000000
      vertex 9.02425027 5.62726878 0.00000000
      vertex 8.79980411 5.54202484 0.00000000
    endloop
  endfacet
  facet normal 0.00000000 0.00000000 1.00000000
    outer loop
      vertex 8.86536416 5.37713825 0.00000000
      vertex 9.08702786 5.46938023 0.00000000
      vertex 9.02425027 5.62726878 0.00000000
    endloop
  endfacet
  facet normal 0.00000000 -0.00000000 1.00000000
    outer loop
      vertex 8.79980411 5.54202484 0.00000000
      vertex 8.96552412 5.78940847 0.00000000
      vertex 8.73858362 5.71105127 0.00000000
    endloop
  endfacet
  facet normal 0.00000000 0.00000000 1.00000000
    outer loop
      vertex 8.79980411 5.54202484 0.00000000
      vertex 9.02425027 5.62726878 0.00000000
      vertex 8.96552412 5.78940847 0.00000000
    endloop
  endfacet
  facet normal 0.00000000 -0.00000000 1.00000000
    outer loop
      vertex 8.73858362 5.71105127 0.00000000
      vertex 8.91310607 5.94896038 0.00000000
      vertex 8.67944599 5.89105647 0.00000000
    endloop
  endfacet
  facet normal 0.00000000 0.00000000 1.00000000
    outer loop
      vertex 8.73858362 5.71105127 0.00000000
      vertex 8.96552412 5.78940847 0.00000000
      vertex 8.91310607 5.94896038 0.00000000
    endloop
  endfacet
  facet normal 0.00000000 -0.00000000 1.00000000
    outer loop
      vertex 8.67944599 5.89105647 0.00000000
      vertex 8.88149042 6.13490818 0.00000000
      vertex 8.64438757 6.09725300 0.00000000
    endloop
  endfacet
  facet normal 0.00000000 0.00000000 1.00000000
    outer loop
      vertex 8.67944599 5.89105647 0.00000000
      vertex 8.91310607 5.94896038 0.00000000
      vertex 8.88149042 6.13490818 0.00000000
    endloop
  endfacet
  facet normal 0.00000000 -0.00000000 1.00000000
    outer loop
      vertex 8.64438757 6.09725300 0.00000000
      vertex 8.85321839 6.32639877 0.00000000
      vertex 8.61533971 6.29399836 0.00000000
    endloop
  endfacet
  facet normal 0.00000000 0.00000000 1.00000000
    outer loop
      vertex 8.64438757 6.09725300 0.00000000
      vertex 8.88149042 6.13490818 0.00000000
      vertex 8.85321839 6.32639877 0.00000000
    endloop
  endfacet
  facet normal 0.00000000 -0.00000000 1.00000000
    outer loop
      vertex 8.61533971 6.29399836 0.00000000
      vertex 8.82957323 6.51585682 0.00000000
      vertex 8.59101918 6.48886787 0.00000000
    endloop
  endfacet
  facet normal 0.00000000 0.00000000 1.00000000
    outer loop
      vertex 8.61533971 6.29399836 0.00000000
      vertex 8.85321839 6.32639877 0.00000000
      vertex 8.82957323 6.51585682 0.00000000
    endloop
  endfacet
  facet normal 0.00000000 -0.00000000 1.00000000
    outer loop
      vertex 8.59101918 6.48886787 0.00000000
      vertex 8.81054997 6.70328319 0.00000000
      vertex 8.57143093 6.68186069 0.00000000
    endloop
  endfacet
  facet normal 0.00000000 0.00000000 1.00000000
    outer loop
      vertex 8.59101918 6.48886787 0.00000000
      vertex 8.82957323 6.51585682 0.00000000
      vertex 8.81054997 6.70328319 0.00000000
    endloop
  endfacet
  facet normal 0.00000000 -0.00000000 1.00000000
    outer loop
      vertex 8.57143093 6.68186069 0.00000000
      vertex 8.79614350 6.88867925 0.00000000
      vertex 8.55658009 6.87297542 0.00000000
    endloop
  endfacet
  facet normal 0.00000000 0.00000000 1.00000000
    outer loop
      vertex 8.57143093 6.68186069 0.00000000
      vertex 8.81054997 6.70328319 0.00000000
      vertex 8.79614350 6.88867925 0.00000000
    endloop
  endfacet
  facet normal 0.00000000 -0.00000000 1.00000000
    outer loop
      vertex 8.55658009 6.87297542 0.00000000
      vertex 8.78634864 7.07204695 0.00000000
      vertex 8.54647183 7.06221013 0.00000000
    endloop
  endfacet
  facet normal 0.00000000 0.00000000 1.00000000
    outer loop
      vertex 8.55658009 6.87297542 0.00000000
      vertex 8.79614350 6.88867925 0.00000000
      vertex 8.78634864 7.07204695 0.00000000
    endloop
  endfacet
  facet normal 0.00000000 -0.00000000 1.00000000
    outer loop
      vertex 8.54647183 7.06221013 0.00000000
      vertex 8.78116015 7.25338884 0.00000000
      vertex 8.54111138 7.24956226 0.00000000
    endloop
  endfacet
  facet normal 0.00000000 0.00000000 1.00000000
    outer loop
      vertex 8.54647183 7.06221013 0.00000000
      vertex 8.78634864 7.07204695 0.00000000
      vertex 8.78116015 7.25338884 0.00000000
    endloop
  endfacet
  facet normal 0.00000000 -0.00000000 1.00000000
    outer loop
      vertex 8.54111138 7.24956226 0.00000000
      vertex 8.78057284 7.43270814 0.00000000
      vertex 8.54050394 7.43502860 0.00000000
    endloop
  endfacet
  facet normal 0.00000000 0.00000000 1.00000000
    outer loop
      vertex 8.54111138 7.24956226 0.00000000
      vertex 8.78116015 7.25338884 0.00000000
      vertex 8.78057284 7.43270814 0.00000000
    endloop
  endfacet
  facet normal 0.00000000 0.00000000 1.00000000
    outer loop
      vertex 8.54050394 7.43502860 0.00000000
      vertex 8.78458162 7.61000873 0.00000000
      vertex 8.54465462 7.61860527 0.00000000
    endloop
  endfacet
  facet normal -0.00000000 0.00000000 1.00000000
    outer loop
      vertex 8.54050394 7.43502860 0.00000000
      vertex 8.78057284 7.43270814 0.00000000
      vertex 8.78458162 7.61000873 0.00000000
    endloop
  endfacet
  facet normal 0.00000000 0.00000000 1.00000000
    outer loop
      vertex 8.54465462 7.61860527 0.00000000
      vertex 8.79318154 7.78529519 0.00000000
      vertex 8.55356834 7.80028768 0.00000000
    endloop
  endfacet
  facet normal -0.00000000 0.00000000 1.00000000
    outer loop
      vertex 8.54465462 7.61860527 0.00000000
      vertex 8.78458162 7.61000873 0.00000000
      vertex 8.79318154 7.78529519 0.00000000
    endloop
  endfacet
  facet normal 0.00000000 0.00000000 1.00000000
    outer loop
      vertex 8.55356834 7.80028768 0.00000000
      vertex 8.80636793 7.95857281 0.00000000
      vertex 8.56724977 7.98007055 0.00000000
    endloop
  endfacet
  facet normal -0.00000000 0.00000000 1.00000000
    outer loop
      vertex 8.55356834 7.80028768 0.00000000
      vertex 8.79318154 7.78529519 0.00000000
      vertex 8.80636793 7.95857281 0.00000000
    endloop
  endfacet
  facet normal 0.00000000 0.00000000 1.00000000
    outer loop
      vertex 8.56724977 7.98007055 0.00000000
      vertex 8.82413645 8.12984758 0.00000000
      vertex 8.58570327 8.15794789 0.00000000
    endloop
  endfacet
  facet normal -0.00000000 0.00000000 1.00000000
    outer loop
      vertex 8.56724977 7.98007055 0.00000000
      vertex 8.80636793 7.95857281 0.00000000
      vertex 8.82413645 8.12984758 0.00000000
    endloop
  endfacet
  facet normal 0.00000000 0.00000000 1.00000000
    outer loop
      vertex 8.58570327 8.15794789 0.00000000
      vertex 8.84648320 8.29912616 0.00000000
      vertex 8.60893272 8.33391302 0.00000000
    endloop
  endfacet
  facet normal -0.00000000 0.00000000 1.00000000
    outer loop
      vertex 8.58570327 8.15794789 0.00000000
      vertex 8.82413645 8.12984758 0.00000000
      vertex 8.84648320 8.29912616 0.00000000
    endloop
  endfacet
  facet normal 0.00000000 0.00000000 1.00000000
    outer loop
      vertex 8.60893272 8.33391302 0.00000000
      vertex 8.87340480 8.46641588 0.00000000
      vertex 8.63694153 8.50795863 0.00000000
    endloop
  endfacet
  facet normal -0.00000000 0.00000000 1.00000000
    outer loop
      vertex 8.60893272 8.33391302 0.00000000
      vertex 8.84648320 8.29912616 0.00000000
      vertex 8.87340480 8.46641588 0.00000000
    endloop
  endfacet
  facet normal 0.00000000 0.00000000 1.00000000
    outer loop
      vertex 8.63694153 8.50795863 0.00000000
      vertex 8.90489845 8.63172465 0.00000000
      vertex 8.66973247 8.68007681 0.00000000
    endloop
  endfacet
  facet normal -0.00000000 0.00000000 1.00000000
    outer loop
      vertex 8.63694153 8.50795863 0.00000000
      vertex 8.87340480 8.46641588 0.00000000
      vertex 8.90489845 8.63172465 0.00000000
    endloop
  endfacet
  facet normal 0.00000000 0.00000000 1.00000000
    outer loop
      vertex 8.66973247 8.68007681 0.00000000
      vertex 8.94096206 8.79506091 0.00000000
      vertex 8.70730764 8.85025912 0.00000000
    endloop
  endfacet
  facet normal -0.00000000 0.00000000 1.00000000
    outer loop
      vertex 8.66973247 8.68007681 0.00000000
      vertex 8.90489845 8.63172465 0.00000000
      vertex 8.94096206 8.79506091 0.00000000
    endloop
  endfacet
  facet normal 0.00000000 0.00000000 1.00000000
    outer loop
      vertex 8.70730764 8.85025912 0.00000000
      vertex 8.98159427 8.95643352 0.00000000
      vertex 8.74966839 9.01849669 0.00000000
    endloop
  endfacet
  facet normal -0.00000000 0.00000000 1.00000000
    outer loop
      vertex 8.70730764 8.85025912 0.00000000
      vertex 8.94096206 8.79506091 0.00000000
      vertex 8.98159427 8.95643352 0.00000000
    endloop
  endfacet
  facet normal 0.00000000 0.00000000 1.00000000
    outer loop
      vertex 8.74966839 9.01849669 0.00000000
      vertex 9.02627400 9.11401571 0.00000000
      vertex 8.79733583 9.18661630 0.00000000
    endloop
  endfacet
  facet normal -0.00000000 0.00000000 1.00000000
    outer loop
      vertex 8.74966839 9.01849669 0.00000000
      vertex 8.98159427 8.95643352 0.00000000
      vertex 9.02627400 9.11401571 0.00000000
    endloop
  endfacet
  facet normal 0.00000000 0.00000000 1.00000000
    outer loop
      vertex 8.79733583 9.18661630 0.00000000
      vertex 9.11683765 9.37176195 0.00000000
      vertex 8.89203146 9.45612224 0.00000000
    endloop
  endfacet
  facet normal -0.00000000 0.00000000 1.00000000
    outer loop
      vertex 8.79733583 9.18661630 0.00000000
      vertex 9.02627400 9.11401571 0.00000000
      vertex 9.11683765 9.37176195 0.00000000
    endloop
  endfacet
  facet normal 0.00000000 0.00000000 1.00000000
    outer loop
      vertex 8.89203146 9.45612224 0.00000000
      vertex 9.21643016 9.62103625 0.00000000
      vertex 8.99546193 9.71500275 0.00000000
    endloop
  endfacet
  facet normal -0.00000000 0.00000000 1.00000000
    outer loop
      vertex 8.89203146 9.45612224 0.00000000
      vertex 9.11683765 9.37176195 0.00000000
      vertex 9.21643016 9.62103625 0.00000000
    endloop
  endfacet
  facet normal 0.00000000 0.00000000 1.00000000
    outer loop
      vertex 8.99546193 9.71500275 0.00000000
      vertex 9.32461039 9.86066279 0.00000000
      vertex 9.10806837 9.96443367 0.00000000
    endloop
  endfacet
  facet normal -0.00000000 0.00000000 1.00000000
    outer loop
      vertex 8.99546193 9.71500275 0.00000000
      vertex 9.21643016 9.62103625 0.00000000
      vertex 9.32461039 9.86066279 0.00000000
    endloop
  endfacet
  facet normal 0.00000000 0.00000000 1.00000000
    outer loop
      vertex 9.10806837 9.96443367 0.00000000
      vertex 9.44136234 10.09067189 0.00000000
      vertex 9.22986680 10.20438465 0.00000000
    endloop
  endfacet
  facet normal -0.00000000 0.00000000 1.00000000
    outer loop
      vertex 9.10806837 9.96443367 0.00000000
      vertex 9.32461039 9.86066279 0.00000000
      vertex 9.44136234 10.09067189 0.00000000
    endloop
  endfacet
  facet normal 0.00000000 0.00000000 1.00000000
    outer loop
      vertex 9.22986680 10.20438465 0.00000000
      vertex 9.56667448 10.31109900 0.00000000
      vertex 9.36086874 10.43482026 0.00000000
    endloop
  endfacet
  facet normal -0.00000000 0.00000000 1.00000000
    outer loop
      vertex 9.22986680 10.20438465 0.00000000
      vertex 9.44136234 10.09067189 0.00000000
      vertex 9.56667448 10.31109900 0.00000000
    endloop
  endfacet
  facet normal 0.00000000 0.00000000 1.00000000
    outer loop
      vertex 9.36086874 10.43482026 0.00000000
      vertex 9.70054098 10.52198408 0.00000000
      vertex 9.50108002 10.65570052 0.00000000
    endloop
  endfacet
  facet normal -0.00000000 0.00000000 1.00000000
    outer loop
      vertex 9.36086874 10.43482026 0.00000000
      vertex 9.56667448 10.31109900 0.00000000
      vertex 9.70054098 10.52198408 0.00000000
    endloop
  endfacet
  facet normal 0.00000000 0.00000000 1.00000000
    outer loop
      vertex 9.50108002 10.65570052 0.00000000
      vertex 9.84296284 10.72337061 0.00000000
      vertex 9.65049964 10.86698198 0.00000000
    endloop
  endfacet
  facet normal -0.00000000 0.00000000 1.00000000
    outer loop
      vertex 9.50108002 10.65570052 0.00000000
      vertex 9.70054098 10.52198408 0.00000000
      vertex 9.84296284 10.72337061 0.00000000
    endloop
  endfacet
  facet normal 0.00000000 0.00000000 1.00000000
    outer loop
      vertex 9.65049964 10.86698198 0.00000000
      vertex 9.99394870 10.91530409 0.00000000
      vertex 9.80911895 11.06861911 0.00000000
    endloop
  endfacet
  facet normal -0.00000000 0.00000000 1.00000000
    outer loop
      vertex 9.65049964 10.86698198 0.00000000
      vertex 9.84296284 10.72337061 0.00000000
      vertex 9.99394870 10.91530409 0.00000000
    endloop
  endfacet
  facet normal 0.00000000 0.00000000 1.00000000
    outer loop
      vertex 9.80911895 11.06861911 0.00000000
      vertex 10.15351535 11.09783041 0.00000000
      vertex 9.97692119 11.26056603 0.00000000
    endloop
  endfacet
  facet normal -0.00000000 0.00000000 1.00000000
    outer loop
      vertex 9.80911895 11.06861911 0.00000000
      vertex 9.99394870 10.91530409 0.00000000
      vertex 10.15351535 11.09783041 0.00000000
    endloop
  endfacet
  facet normal 0.00000000 0.00000000 1.00000000
    outer loop
      vertex 9.97692119 11.26056603 0.00000000
      vertex 10.32168757 11.27099388 0.00000000
      vertex 10.15388154 11.44277845 0.00000000
    endloop
  endfacet
  facet normal -0.00000000 0.00000000 1.00000000
    outer loop
      vertex 9.97692119 11.26056603 0.00000000
      vertex 10.15351535 11.09783041 0.00000000
      vertex 10.32168757 11.27099388 0.00000000
    endloop
  endfacet
  facet normal -0.00000000 0.00000000 1.00000000
    outer loop
      vertex 10.15388154 11.44277845 0.00000000
      vertex 10.49849765 11.43483527 0.00000000
      vertex 10.33996774 11.61521557 0.00000000
    endloop
  endfacet
  facet normal 0.00000000 0.00000000 1.00000000
    outer loop
      vertex 10.15388154 11.44277845 0.00000000
      vertex 10.32168757 11.27099388 0.00000000
      vertex 10.49849765 11.43483527 0.00000000
    endloop
  endfacet
  facet normal -0.00000000 0.00000000 1.00000000
    outer loop
      vertex 10.33996774 11.61521557 0.00000000
      vertex 10.68398414 11.58939004 0.00000000
      vertex 10.53514123 11.77784195 0.00000000
    endloop
  endfacet
  facet normal 0.00000000 0.00000000 1.00000000
    outer loop
      vertex 10.33996774 11.61521557 0.00000000
      vertex 10.49849765 11.43483527 0.00000000
      vertex 10.68398414 11.58939004 0.00000000
    endloop
  endfacet
  facet normal -0.00000000 0.00000000 1.00000000
    outer loop
      vertex 10.53514123 11.77784195 0.00000000
      vertex 10.87819032 11.73468691 0.00000000
      vertex 10.73935874 11.93062886 0.00000000
    endloop
  endfacet
  facet normal 0.00000000 0.00000000 1.00000000
    outer loop
      vertex 10.53514123 11.77784195 0.00000000
      vertex 10.68398414 11.58939004 0.00000000
      vertex 10.87819032 11.73468691 0.00000000
    endloop
  endfacet
  facet normal -0.00000000 0.00000000 1.00000000
    outer loop
      vertex 10.73935874 11.93062886 0.00000000
      vertex 11.08116230 11.87074684 0.00000000
      vertex 10.95257413 12.07355535 0.00000000
    endloop
  endfacet
  facet normal 0.00000000 0.00000000 1.00000000
    outer loop
      vertex 10.73935874 11.93062886 0.00000000
      vertex 10.87819032 11.73468691 0.00000000
      vertex 11.08116230 11.87074684 0.00000000
    endloop
  endfacet
  facet normal -0.00000000 0.00000000 1.00000000
    outer loop
      vertex 10.95257413 12.07355535 0.00000000
      vertex 11.29294706 11.99758265 0.00000000
      vertex 11.17474046 12.20660858 0.00000000
    endloop
  endfacet
  facet normal 0.00000000 0.00000000 1.00000000
    outer loop
      vertex 10.95257413 12.07355535 0.00000000
      vertex 11.08116230 11.87074684 0.00000000
      vertex 11.29294706 11.99758265 0.00000000
    endloop
  endfacet
  facet normal -0.00000000 0.00000000 1.00000000
    outer loop
      vertex 11.17474046 12.20660858 0.00000000
      vertex 11.51359049 12.11519913 0.00000000
      vertex 11.40581181 12.32978378 0.00000000
    endloop
  endfacet
  facet normal 0.00000000 0.00000000 1.00000000
    outer loop
      vertex 11.17474046 12.20660858 0.00000000
      vertex 11.29294706 11.99758265 0.00000000
      vertex 11.51359049 12.11519913 0.00000000
    endloop
  endfacet
  facet normal -0.00000000 0.00000000 1.00000000
    outer loop
      vertex 11.40581181 12.32978378 0.00000000
      vertex 11.74313575 12.22359362 0.00000000
      vertex 11.64574502 12.44308360 0.00000000
    endloop
  endfacet
  facet normal 0.00000000 0.00000000 1.00000000
    outer loop
      vertex 11.40581181 12.32978378 0.00000000
      vertex 11.51359049 12.11519913 0.00000000
      vertex 11.74313575 12.22359362 0.00000000
    endloop
  endfacet
  facet normal -0.00000000 0.00000000 1.00000000
    outer loop
      vertex 11.64574502 12.44308360 0.00000000
      vertex 11.97159408 12.31858736 0.00000000
      vertex 11.90452888 12.55068680 0.00000000
    endloop
  endfacet
  facet normal 0.00000000 0.00000000 1.00000000
    outer loop
      vertex 11.64574502 12.44308360 0.00000000
      vertex 11.74313575 12.22359362 0.00000000
      vertex 11.97159408 12.31858736 0.00000000
    endloop
  endfacet
  facet normal 0.00000000 0.00000000 1.00000000
    outer loop
      vertex 11.90452888 12.55068680 0.00000000
      vertex 13.80815611 12.63105281 0.00000000
      vertex 13.76789183 12.86771206 0.00000000
    endloop
  endfacet
  facet normal -0.00000000 0.00000000 1.00000000
    outer loop
      vertex 11.90452888 12.55068680 0.00000000
      vertex 11.97159408 12.31858736 0.00000000
      vertex 13.80815611 12.63105281 0.00000000
    endloop
  endfacet
  facet normal 0.00000000 0.00000000 1.00000000
    outer loop
      vertex 13.76789183 12.86771206 0.00000000
      vertex 15.65811860 12.94579817 0.00000000
      vertex 15.61785432 13.18245741 0.00000000
    endloop
  endfacet
  facet normal -0.00000000 0.00000000 1.00000000
    outer loop
      vertex 13.76789183 12.86771206 0.00000000
      vertex 13.80815611 12.63105281 0.00000000
      vertex 15.65811860 12.94579817 0.00000000
    endloop
  endfacet
  facet normal 0.00000000 0.00000000 1.00000000
    outer loop
      vertex 15.61785432 13.18245741 0.00000000
      vertex 17.50808109 13.26054352 0.00000000
      vertex 17.46781681 13.49720277 0.00000000
    endloop
  endfacet
  facet normal -0.00000000 0.00000000 1.00000000
    outer loop
      vertex 15.61785432 13.18245741 0.00000000
      vertex 15.65811860 12.94579817 0.00000000
      vertex 17.50808109 13.26054352 0.00000000
    endloop
  endfacet
  facet normal 0.00000000 0.00000000 1.00000000
    outer loop
      vertex 17.46781681 13.49720277 0.00000000
      vertex 19.35804358 13.57528887 0.00000000
      vertex 19.31777930 13.81194812 0.00000000
    endloop
  endfacet
  facet normal -0.00000000 0.00000000 1.00000000
    outer loop
      vertex 17.46781681 13.49720277 0.00000000
      vertex 17.50808109 13.26054352 0.00000000
      vertex 19.35804358 13.57528887 0.00000000
    endloop
  endfacet
  facet normal 0.00000000 0.00000000 1.00000000
    outer loop
      vertex 19.31777930 13.81194812 0.00000000
      vertex 21.20800607 13.89003422 0.00000000
      vertex 21.16774179 14.12669347 0.00000000
    endloop
  endfacet
  facet normal -0.00000000 0.00000000 1.00000000
    outer loop
      vertex 19.31777930 13.81194812 0.00000000
      vertex 19.35804358 13.57528887 0.00000000
      vertex 21.20800607 13.89003422 0.00000000
    endloop
  endfacet
  facet normal 0.00000000 0.00000000 1.00000000
    outer loop
      vertex 21.16774179 14.12669347 0.00000000
      vertex 23.05796856 14.20477958 0.00000000
      vertex 23.01770428 14.44143882 0.00000000
    endloop
  endfacet
  facet normal -0.00000000 0.00000000 1.00000000
    outer loop
      vertex 21.16774179 14.12669347 0.00000000
      vertex 21.20800607 13.89003422 0.00000000
      vertex 23.05796856 14.20477958 0.00000000
    endloop
  endfacet
  facet normal 0.00000000 0.00000000 1.00000000
    outer loop
      vertex 23.01770428 14.44143882 0.00000000
      vertex 24.90793105 14.51952493 0.00000000
      vertex 24.86766678 14.75618418 0.00000000
    endloop
  endfacet
  facet normal -0.00000000 0.00000000 1.00000000
    outer loop
      vertex 23.01770428 14.44143882 0.00000000
      vertex 23.05796856 14.20477958 0.00000000
      vertex 24.90793105 14.51952493 0.00000000
    endloop
  endfacet
  facet normal 0.00000000 0.00000000 1.00000000
    outer loop
      vertex 24.86766678 14.75618418 0.00000000
      vertex 26.75789354 14.83427028 0.00000000
      vertex 26.71762927 15.07092953 0.00000000
    endloop
  endfacet
  facet normal -0.00000000 0.00000000 1.00000000
    outer loop
      vertex 24.86766678 14.75618418 0.00000000
      vertex 24.90793105 14.51952493 0.00000000
      vertex 26.75789354 14.83427028 0.00000000
    endloop
  endfacet
  facet normal 0.00000000 0.00000000 1.00000000
    outer loop
      vertex 26.71762927 15.07092953 0.00000000
      vertex 28.60785603 15.14901564 0.00000000
      vertex 28.56759176 15.38567488 0.00000000
    endloop
  endfacet
  facet normal -0.00000000 0.00000000 1.00000000
    outer loop
      vertex 26.71762927 15.07092953 0.00000000
      vertex 26.75789354 14.83427028 0.00000000
      vertex 28.60785603 15.14901564 0.00000000
    endloop
  endfacet
  facet normal 0.00000000 0.00000000 1.00000000
    outer loop
      vertex 28.56759176 15.38567488 0.00000000
      vertex 30.45781852 15.46376099 0.00000000
      vertex 30.41755425 15.70042024 0.00000000
    endloop
  endfacet
  facet normal -0.00000000 0.00000000 1.00000000
    outer loop
      vertex 28.56759176 15.38567488 0.00000000
      vertex 28.60785603 15.14901564 0.00000000
      vertex 30.45781852 15.46376099 0.00000000
    endloop
  endfacet
  facet normal 0.00000000 0.00000000 1.00000000
    outer loop
      vertex 30.41755425 15.70042024 0.00000000
      vertex 32.30778101 15.77850634 0.00000000
      vertex 32.26751674 16.01516559 0.00000000
    endloop
  endfacet
  facet normal -0.00000000 0.00000000 1.00000000
    outer loop
      vertex 30.41755425 15.70042024 0.00000000
      vertex 30.45781852 15.46376099 0.00000000
      vertex 32.30778101 15.77850634 0.00000000
    endloop
  endfacet
  facet normal 0.00000000 0.00000000 1.00000000
    outer loop
      vertex 32.26751674 16.01516559 0.00000000
      vertex 34.15774350 16.09325170 0.00000000
      vertex 34.11747923 16.32991094 0.00000000
    endloop
  endfacet
  facet normal -0.00000000 0.00000000 1.00000000
    outer loop
      vertex 32.26751674 16.01516559 0.00000000
      vertex 32.30778101 15.77850634 0.00000000
      vertex 34.15774350 16.09325170 0.00000000
    endloop
  endfacet
  facet normal 0.00000000 0.00000000 1.00000000
    outer loop
      vertex 34.11747923 16.32991094 0.00000000
      vertex 36.00770599 16.40799705 0.00000000
      vertex 35.96744172 16.64465630 0.00000000
    endloop
  endfacet
  facet normal -0.00000000 0.00000000 1.00000000
    outer loop
      vertex 34.11747923 16.32991094 0.00000000
      vertex 34.15774350 16.09325170 0.00000000
      vertex 36.00770599 16.40799705 0.00000000
    endloop
  endfacet
  facet normal 0.00000000 0.00000000 1.00000000
    outer loop
      vertex 35.96744172 16.64465630 0.00000000
      vertex 37.85766848 16.72274240 0.00000000
      vertex 37.81740421 16.95940165 0.00000000
    endloop
  endfacet
  facet normal -0.00000000 0.00000000 1.00000000
    outer loop
      vertex 35.96744172 16.64465630 0.00000000
      vertex 36.00770599 16.40799705 0.00000000
      vertex 37.85766848 16.72274240 0.00000000
    endloop
  endfacet
  facet normal 0.00000000 0.00000000 1.00000000
    outer loop
      vertex 37.81740421 16.95940165 0.00000000
      vertex 39.70763097 17.03748776 0.00000000
      vertex 39.66736670 17.27414700 0.00000000
    endloop
  endfacet
  facet normal -0.00000000 0.00000000 1.00000000
    outer loop
      vertex 37.81740421 16.95940165 0.00000000
      vertex 37.85766848 16.72274240 0.00000000
      vertex 39.70763097 17.03748776 0.00000000
    endloop
  endfacet
  facet normal 0.00000000 0.00000000 1.00000000
    outer loop
      vertex 39.66736670 17.27414700 0.00000000
      vertex 41.55759347 17.35223311 0.00000000
      vertex 41.51732919 17.58889235 0.00000000
    endloop
  endfacet
  facet normal -0.00000000 0.00000000 1.00000000
    outer loop
      vertex 39.66736670 17.27414700 0.00000000
      vertex 39.70763097 17.03748776 0.00000000
      vertex 41.55759347 17.35223311 0.00000000
    endloop
  endfacet
  facet normal 0.00000000 0.00000000 1.00000000
    outer loop
      vertex 41.51732919 17.58889235 0.00000000
      vertex 43.40755596 17.66697846 0.00000000
      vertex 43.36729168 17.90363771 0.00000000
    endloop
  endfacet
  facet normal -0.00000000 0.00000000 1.00000000
    outer loop
      vertex 41.51732919 17.58889235 0.00000000
      vertex 41.55759347 17.35223311 0.00000000
      vertex 43.40755596 17.66697846 0.00000000
    endloop
  endfacet
  facet normal 0.00000000 0.00000000 1.00000000
    outer loop
      vertex 43.36729168 17.90363771 0.00000000
      vertex 45.37220235 18.00123568 0.00000000
      vertex 45.10257027 18.19887119 0.00000000
    endloop
  endfacet
  facet normal -0.00000000 0.00000000 1.00000000
    outer loop
      vertex 43.36729168 17.90363771 0.00000000
      vertex 43.40755596 17.66697846 0.00000000
      vertex 45.37220235 18.00123568 0.00000000
    endloop
  endfacet
  facet normal 0.00000000 -0.00000000 1.00000000
    outer loop
      vertex 45.10257027 18.19887119 0.00000000
      vertex 45.15090315 19.60367900 0.00000000
      vertex 44.91310011 19.57083814 0.00000000
    endloop
  endfacet
  facet normal -0.00000000 0.00000000 1.00000000
    outer loop
      vertex 45.10257027 18.19887119 0.00000000
      vertex 45.37220235 18.00123568 0.00000000
      vertex 45.15090315 19.60367900 0.00000000
    endloop
  endfacet
  facet normal 0.00000000 -0.00000000 1.00000000
    outer loop
      vertex 44.91310011 19.57083814 0.00000000
      vertex 44.94551847 21.09088414 0.00000000
      vertex 44.70771543 21.05804327 0.00000000
    endloop
  endfacet
  facet normal 0.00000000 0.00000000 1.00000000
    outer loop
      vertex 44.91310011 19.57083814 0.00000000
      vertex 45.15090315 19.60367900 0.00000000
      vertex 44.94551847 21.09088414 0.00000000
    endloop
  endfacet
  facet normal 0.00000000 -0.00000000 1.00000000
    outer loop
      vertex 44.70771543 21.05804327 0.00000000
      vertex 44.74013379 22.57808927 0.00000000
      vertex 44.50233075 22.54524841 0.00000000
    endloop
  endfacet
  facet normal 0.00000000 0.00000000 1.00000000
    outer loop
      vertex 44.70771543 21.05804327 0.00000000
      vertex 44.94551847 21.09088414 0.00000000
      vertex 44.74013379 22.57808927 0.00000000
    endloop
  endfacet
  facet normal 0.00000000 -0.00000000 1.00000000
    outer loop
      vertex 44.50233075 22.54524841 0.00000000
      vertex 44.53474911 24.06529441 0.00000000
      vertex 44.29694607 24.03245354 0.00000000
    endloop
  endfacet
  facet normal 0.00000000 0.00000000 1.00000000
    outer loop
      vertex 44.50233075 22.54524841 0.00000000
      vertex 44.74013379 22.57808927 0.00000000
      vertex 44.53474911 24.06529441 0.00000000
    endloop
  endfacet
  facet normal 0.00000000 -0.00000000 1.00000000
    outer loop
      vertex 44.29694607 24.03245354 0.00000000
      vertex 44.32936443 25.55249954 0.00000000
      vertex 44.09156139 25.51965868 0.00000000
    endloop
  endfacet
  facet normal 0.00000000 0.00000000 1.00000000
    outer loop
      vertex 44.29694607 24.03245354 0.00000000
      vertex 44.53474911 24.06529441 0.00000000
      vertex 44.32936443 25.55249954 0.00000000
    endloop
  endfacet
  facet normal 0.00000000 -0.00000000 1.00000000
    outer loop
      vertex 44.09156139 25.51965868 0.00000000
      vertex 44.12397976 27.03970468 0.00000000
      vertex 43.88617671 27.00686381 0.00000000
    endloop
  endfacet
  facet normal 0.00000000 0.00000000 1.00000000
    outer loop
      vertex 44.09156139 25.51965868 0.00000000
      vertex 44.32936443 25.55249954 0.00000000
      vertex 44.12397976 27.03970468 0.00000000
    endloop
  endfacet
  facet normal 0.00000000 -0.00000000 1.00000000
    outer loop
      vertex 43.88617671 27.00686381 0.00000000
      vertex 43.91859508 28.52690981 0.00000000
      vertex 43.68079203 28.49406895 0.00000000
    endloop
  endfacet
  facet normal 0.00000000 0.00000000 1.00000000
    outer loop
      vertex 43.88617671 27.00686381 0.00000000
      vertex 44.12397976 27.03970468 0.00000000
      vertex 43.91859508 28.52690981 0.00000000
    endloop
  endfacet
  facet normal 0.00000000 -0.00000000 1.00000000
    outer loop
      vertex 43.68079203 28.49406895 0.00000000
      vertex 43.71321040 30.01411495 0.00000000
      vertex 43.47540735 29.98127408 0.00000000
    endloop
  endfacet
  facet normal 0.00000000 0.00000000 1.00000000
    outer loop
      vertex 43.68079203 28.49406895 0.00000000
      vertex 43.91859508 28.52690981 0.00000000
      vertex 43.71321040 30.01411495 0.00000000
    endloop
  endfacet
  facet normal 0.00000000 -0.00000000 1.00000000
    outer loop
      vertex 43.47540735 29.98127408 0.00000000
      vertex 43.50782572 31.50132008 0.00000000
      vertex 43.27002267 31.46847922 0.00000000
    endloop
  endfacet
  facet normal 0.00000000 0.00000000 1.00000000
    outer loop
      vertex 43.47540735 29.98127408 0.00000000
      vertex 43.71321040 30.01411495 0.00000000
      vertex 43.50782572 31.50132008 0.00000000
    endloop
  endfacet
  facet normal 0.00000000 -0.00000000 1.00000000
    outer loop
      vertex 43.27002267 31.46847922 0.00000000
      vertex 43.30244104 32.98852522 0.00000000
      vertex 43.06463799 32.95568435 0.00000000
    endloop
  endfacet
  facet normal 0.00000000 0.00000000 1.00000000
    outer loop
      vertex 43.27002267 31.46847922 0.00000000
      vertex 43.50782572 31.50132008 0.00000000
      vertex 43.30244104 32.98852522 0.00000000
    endloop
  endfacet
  facet normal 0.00000000 -0.00000000 1.00000000
    outer loop
      vertex 43.06463799 32.95568435 0.00000000
      vertex 43.09705636 34.47573035 0.00000000
      vertex 42.85925331 34.44288949 0.00000000
    endloop
  endfacet
  facet normal 0.00000000 0.00000000 1.00000000
    outer loop
      vertex 43.06463799 32.95568435 0.00000000
      vertex 43.30244104 32.98852522 0.00000000
      vertex 43.09705636 34.47573035 0.00000000
    endloop
  endfacet
  facet normal 0.00000000 -0.00000000 1.00000000
    outer loop
      vertex 42.85925331 34.44288949 0.00000000
      vertex 42.89167168 35.96293548 0.00000000
      vertex 42.65386863 35.93009462 0.00000000
    endloop
  endfacet
  facet normal 0.00000000 0.00000000 1.00000000
    outer loop
      vertex 42.85925331 34.44288949 0.00000000
      vertex 43.09705636 34.47573035 0.00000000
      vertex 42.89167168 35.96293548 0.00000000
    endloop
  endfacet
  facet normal 0.00000000 -0.00000000 1.00000000
    outer loop
      vertex 42.65386863 35.93009462 0.00000000
      vertex 42.68628700 37.45014062 0.00000000
      vertex 42.44848395 37.41729976 0.00000000
    endloop
  endfacet
  facet normal 0.00000000 0.00000000 1.00000000
    outer loop
      vertex 42.65386863 35.93009462 0.00000000
      vertex 42.89167168 35.96293548 0.00000000
      vertex 42.68628700 37.45014062 0.00000000
    endloop
  endfacet
  facet normal 0.00000000 -0.00000000 1.00000000
    outer loop
      vertex 42.44848395 37.41729976 0.00000000
      vertex 42.48090232 38.93734575 0.00000000
      vertex 42.24309927 38.90450489 0.00000000
    endloop
  endfacet
  facet normal 0.00000000 0.00000000 1.00000000
    outer loop
      vertex 42.44848395 37.41729976 0.00000000
      vertex 42.68628700 37.45014062 0.00000000
      vertex 42.48090232 38.93734575 0.00000000
    endloop
  endfacet
  facet normal 0.00000000 -0.00000000 1.00000000
    outer loop
      vertex 42.24309927 38.90450489 0.00000000
      vertex 42.27551764 40.42455089 0.00000000
      vertex 42.03771459 40.39171002 0.00000000
    endloop
  endfacet
  facet normal 0.00000000 0.00000000 1.00000000
    outer loop
      vertex 42.24309927 38.90450489 0.00000000
      vertex 42.48090232 38.93734575 0.00000000
      vertex 42.27551764 40.42455089 0.00000000
    endloop
  endfacet
  facet normal 0.00000000 -0.00000000 1.00000000
    outer loop
      vertex 42.03771459 40.39171002 0.00000000
      vertex 42.07013296 41.91175602 0.00000000
      vertex 41.83232991 41.87891516 0.00000000
    endloop
  endfacet
  facet normal 0.00000000 0.00000000 1.00000000
    outer loop
      vertex 42.03771459 40.39171002 0.00000000
      vertex 42.27551764 40.42455089 0.00000000
      vertex 42.07013296 41.91175602 0.00000000
    endloop
  endfacet
  facet normal 0.00000000 -0.00000000 1.00000000
    outer loop
      vertex 41.83232991 41.87891516 0.00000000
      vertex 41.86474828 43.39896116 0.00000000
      vertex 41.62694524 43.36612029 0.00000000
    endloop
  endfacet
  facet normal 0.00000000 0.00000000 1.00000000
    outer loop
      vertex 41.83232991 41.87891516 0.00000000
      vertex 42.07013296 41.91175602 0.00000000
      vertex 41.86474828 43.39896116 0.00000000
    endloop
  endfacet
  facet normal 0.00000000 -0.00000000 1.00000000
    outer loop
      vertex 41.62694524 43.36612029 0.00000000
      vertex 41.65936360 44.88616629 0.00000000
      vertex 41.42156056 44.85332543 0.00000000
    endloop
  endfacet
  facet normal 0.00000000 0.00000000 1.00000000
    outer loop
      vertex 41.62694524 43.36612029 0.00000000
      vertex 41.86474828 43.39896116 0.00000000
      vertex 41.65936360 44.88616629 0.00000000
    endloop
  endfacet
endsolid lane_yellow_line_00
