solid lane_yellow_line_26
  facet normal 0.00000000 0.00000000 1.00000000
    outer loop
      vertex 18.51131427 -7.37984163 0.00000000
      vertex 18.20430069 -7.62582463 0.00000000
      vertex 18.43942168 -7.68850723 0.00000000
    endloop
  endfacet
  facet normal 0.00000000 0.00000000 1.00000000
    outer loop
      vertex 18.51131427 -7.37984163 0.00000000
      vertex 18.27444362 -7.32467110 0.00000000
      vertex 18.20430069 -7.62582463 0.00000000
    endloop
  endfacet
  facet normal 0.00000000 0.00000000 1.00000000
    outer loop
      vertex 18.43942168 -7.68850723 0.00000000
      vertex 18.11855218 -7.91084100 0.00000000
      vertex 18.34912619 -7.98863714 0.00000000
    endloop
  endfacet
  facet normal 0.00000000 0.00000000 1.00000000
    outer loop
      vertex 18.43942168 -7.68850723 0.00000000
      vertex 18.20430069 -7.62582463 0.00000000
      vertex 18.11855218 -7.91084100 0.00000000
    endloop
  endfacet
  facet normal 0.00000000 0.00000000 1.00000000
    outer loop
      vertex 18.34912619 -7.98863714 0.00000000
      vertex 18.01641158 -8.18337805 0.00000000
      vertex 18.24121427 -8.27657354 0.00000000
    endloop
  endfacet
  facet normal 0.00000000 0.00000000 1.00000000
    outer loop
      vertex 18.34912619 -7.98863714 0.00000000
      vertex 18.11855218 -7.91084100 0.00000000
      vertex 18.01641158 -8.18337805 0.00000000
    endloop
  endfacet
  facet normal 0.00000000 0.00000000 1.00000000
    outer loop
      vertex 18.24121427 -8.27657354 0.00000000
      vertex 17.89790291 -8.44354667 0.00000000
      vertex 18.11566192 -8.55220554 0.00000000
    endloop
  endfacet
  facet normal 0.00000000 0.00000000 1.00000000
    outer loop
      vertex 18.24121427 -8.27657354 0.00000000
      vertex 18.01641158 -8.18337805 0.00000000
      vertex 17.89790291 -8.44354667 0.00000000
    endloop
  endfacet
  facet normal 0.00000000 0.00000000 1.00000000
    outer loop
      vertex 18.11566192 -8.55220554 0.00000000
      vertex 17.76302441 -8.69147084 0.00000000
      vertex 17.97247091 -8.81540915 0.00000000
    endloop
  endfacet
  facet normal 0.00000000 0.00000000 1.00000000
    outer loop
      vertex 18.11566192 -8.55220554 0.00000000
      vertex 17.89790291 -8.44354667 0.00000000
      vertex 17.76302441 -8.69147084 0.00000000
    endloop
  endfacet
  facet normal 0.00000000 0.00000000 1.00000000
    outer loop
      vertex 17.97247091 -8.81540915 0.00000000
      vertex 17.61174496 -8.92727929 0.00000000
      vertex 17.81167234 -9.06605564 0.00000000
    endloop
  endfacet
  facet normal 0.00000000 0.00000000 1.00000000
    outer loop
      vertex 17.97247091 -8.81540915 0.00000000
      vertex 17.76302441 -8.69147084 0.00000000
      vertex 17.61174496 -8.92727929 0.00000000
    endloop
  endfacet
  facet normal 0.00000000 0.00000000 1.00000000
    outer loop
      vertex 17.81167234 -9.06605564 0.00000000
      vertex 17.44400389 -9.15109565 0.00000000
      vertex 17.63332689 -9.30402140 0.00000000
    endloop
  endfacet
  facet normal 0.00000000 0.00000000 1.00000000
    outer loop
      vertex 17.81167234 -9.06605564 0.00000000
      vertex 17.61174496 -8.92727929 0.00000000
      vertex 17.44400389 -9.15109565 0.00000000
    endloop
  endfacet
  facet normal 0.00000000 0.00000000 1.00000000
    outer loop
      vertex 17.63332689 -9.30402140 0.00000000
      vertex 17.25971450 -9.36302844 0.00000000
      vertex 17.43752125 -9.52919788 0.00000000
    endloop
  endfacet
  facet normal 0.00000000 0.00000000 1.00000000
    outer loop
      vertex 17.63332689 -9.30402140 0.00000000
      vertex 17.44400389 -9.15109565 0.00000000
      vertex 17.25971450 -9.36302844 0.00000000
    endloop
  endfacet
  facet normal 0.00000000 0.00000000 1.00000000
    outer loop
      vertex 17.43752125 -9.52919788 0.00000000
      vertex 17.05877100 -9.56316299 0.00000000
      vertex 17.22436123 -9.74149978 0.00000000
    endloop
  endfacet
  facet normal 0.00000000 0.00000000 1.00000000
    outer loop
      vertex 17.43752125 -9.52919788 0.00000000
      vertex 17.25971450 -9.36302844 0.00000000
      vertex 17.05877100 -9.56316299 0.00000000
    endloop
  endfacet
  facet normal 0.00000000 0.00000000 1.00000000
    outer loop
      vertex 17.22436123 -9.74149978 0.00000000
      vertex 16.84105753 -9.75155642 0.00000000
      vertex 16.99396267 -9.94086995 0.00000000
    endloop
  endfacet
  facet normal 0.00000000 0.00000000 1.00000000
    outer loop
      vertex 17.22436123 -9.74149978 0.00000000
      vertex 17.05877100 -9.56316299 0.00000000
      vertex 16.84105753 -9.75155642 0.00000000
    endloop
  endfacet
  facet normal 0.00000000 0.00000000 1.00000000
    outer loop
      vertex 16.99396267 -9.94086995 0.00000000
      vertex 16.60645765 -9.92823641 0.00000000
      vertex 16.74644202 -10.12728074 0.00000000
    endloop
  endfacet
  facet normal 0.00000000 0.00000000 1.00000000
    outer loop
      vertex 16.99396267 -9.94086995 0.00000000
      vertex 16.84105753 -9.75155642 0.00000000
      vertex 16.60645765 -9.92823641 0.00000000
    endloop
  endfacet
  facet normal 0.00000000 0.00000000 1.00000000
    outer loop
      vertex 16.74644202 -10.12728074 0.00000000
      vertex 16.35486270 -10.09320338 0.00000000
      vertex 16.48190793 -10.30073170 0.00000000
    endloop
  endfacet
  facet normal 0.00000000 0.00000000 1.00000000
    outer loop
      vertex 16.74644202 -10.12728074 0.00000000
      vertex 16.60645765 -9.92823641 0.00000000
      vertex 16.35486270 -10.09320338 0.00000000
    endloop
  endfacet
  facet normal 0.00000000 0.00000000 1.00000000
    outer loop
      vertex 16.48190793 -10.30073170 0.00000000
      vertex 16.08617786 -10.24643517 0.00000000
      vertex 16.20045525 -10.46124502 0.00000000
    endloop
  endfacet
  facet normal 0.00000000 0.00000000 1.00000000
    outer loop
      vertex 16.48190793 -10.30073170 0.00000000
      vertex 16.35486270 -10.09320338 0.00000000
      vertex 16.08617786 -10.24643517 0.00000000
    endloop
  endfacet
  facet normal 0.00000000 0.00000000 1.00000000
    outer loop
      vertex 16.20045525 -10.46124502 0.00000000
      vertex 15.80032561 -10.38789287 0.00000000
      vertex 15.90216146 -10.60885958 0.00000000
    endloop
  endfacet
  facet normal 0.00000000 0.00000000 1.00000000
    outer loop
      vertex 16.20045525 -10.46124502 0.00000000
      vertex 16.08617786 -10.24643517 0.00000000
      vertex 15.80032561 -10.38789287 0.00000000
    endloop
  endfacet
  facet normal 0.00000000 0.00000000 1.00000000
    outer loop
      vertex 15.90216146 -10.60885958 0.00000000
      vertex 15.49724678 -10.51752691 0.00000000
      vertex 15.58708575 -10.74362498 0.00000000
    endloop
  endfacet
  facet normal 0.00000000 0.00000000 1.00000000
    outer loop
      vertex 15.90216146 -10.60885958 0.00000000
      vertex 15.80032561 -10.38789287 0.00000000
      vertex 15.49724678 -10.51752691 0.00000000
    endloop
  endfacet
  facet normal 0.00000000 0.00000000 1.00000000
    outer loop
      vertex 15.58708575 -10.74362498 0.00000000
      vertex 15.17689969 -10.63528231 0.00000000
      vertex 15.25526980 -10.86559618 0.00000000
    endloop
  endfacet
  facet normal 0.00000000 0.00000000 1.00000000
    outer loop
      vertex 15.58708575 -10.74362498 0.00000000
      vertex 15.49724678 -10.51752691 0.00000000
      vertex 15.17689969 -10.63528231 0.00000000
    endloop
  endfacet
  facet normal 0.00000000 0.00000000 1.00000000
    outer loop
      vertex 15.25526980 -10.86559618 0.00000000
      vertex 14.83925810 -10.74110293 0.00000000
      vertex 14.90673985 -10.97482933 0.00000000
    endloop
  endfacet
  facet normal 0.00000000 0.00000000 1.00000000
    outer loop
      vertex 15.25526980 -10.86559618 0.00000000
      vertex 15.17689969 -10.63528231 0.00000000
      vertex 14.83925810 -10.74110293 0.00000000
    endloop
  endfacet
  facet normal 0.00000000 0.00000000 1.00000000
    outer loop
      vertex 14.90673985 -10.97482933 0.00000000
      vertex 14.49133604 -10.83307677 0.00000000
      vertex 14.53448186 -11.07323641 0.00000000
    endloop
  endfacet
  facet normal 0.00000000 0.00000000 1.00000000
    outer loop
      vertex 14.90673985 -10.97482933 0.00000000
      vertex 14.83925810 -10.74110293 0.00000000
      vertex 14.49133604 -10.83307677 0.00000000
    endloop
  endfacet
  facet normal 0.00000000 0.00000000 1.00000000
    outer loop
      vertex 14.53448186 -11.07323641 0.00000000
      vertex 14.15929786 -10.86541167 0.00000000
      vertex 14.17568066 -11.10817759 0.00000000
    endloop
  endfacet
  facet normal 0.00000000 0.00000000 1.00000000
    outer loop
      vertex 14.53448186 -11.07323641 0.00000000
      vertex 14.49133604 -10.83307677 0.00000000
      vertex 14.15929786 -10.86541167 0.00000000
    endloop
  endfacet
  facet normal 0.00000000 0.00000000 1.00000000
    outer loop
      vertex 14.17568066 -11.10817759 0.00000000
      vertex 13.83372905 -10.87768704 0.00000000
      vertex 13.83508293 -11.12101961 0.00000000
    endloop
  endfacet
  facet normal 0.00000000 0.00000000 1.00000000
    outer loop
      vertex 14.17568066 -11.10817759 0.00000000
      vertex 14.15929786 -10.86541167 0.00000000
      vertex 13.83372905 -10.87768704 0.00000000
    endloop
  endfacet
  facet normal 0.00000000 0.00000000 1.00000000
    outer loop
      vertex 13.83508293 -11.12101961 0.00000000
      vertex 13.52109157 -10.86938182 0.00000000
      vertex 13.50622670 -11.11228354 0.00000000
    endloop
  endfacet
  facet normal 0.00000000 0.00000000 1.00000000
    outer loop
      vertex 13.83508293 -11.12101961 0.00000000
      vertex 13.83372905 -10.87768704 0.00000000
      vertex 13.52109157 -10.86938182 0.00000000
    endloop
  endfacet
  facet normal 0.00000000 0.00000000 1.00000000
    outer loop
      vertex 13.50622670 -11.11228354 0.00000000
      vertex 13.22133800 -10.84061267 0.00000000
      vertex 13.18915940 -11.08185269 0.00000000
    endloop
  endfacet
  facet normal 0.00000000 -0.00000000 1.00000000
    outer loop
      vertex 13.50622670 -11.11228354 0.00000000
      vertex 13.52109157 -10.86938182 0.00000000
      vertex 13.22133800 -10.84061267 0.00000000
    endloop
  endfacet
  facet normal 0.00000000 0.00000000 1.00000000
    outer loop
      vertex 13.18915940 -11.08185269 0.00000000
      vertex 12.93437959 -10.79149367 0.00000000
      vertex 12.88396978 -11.02961303 0.00000000
    endloop
  endfacet
  facet normal 0.00000000 -0.00000000 1.00000000
    outer loop
      vertex 13.18915940 -11.08185269 0.00000000
      vertex 13.22133800 -10.84061267 0.00000000
      vertex 12.93437959 -10.79149367 0.00000000
    endloop
  endfacet
  facet normal 0.00000000 0.00000000 1.00000000
    outer loop
      vertex 12.88396978 -11.02961303 0.00000000
      vertex 12.66008229 -10.72212249 0.00000000
      vertex 12.59079187 -10.95546684 0.00000000
    endloop
  endfacet
  facet normal 0.00000000 -0.00000000 1.00000000
    outer loop
      vertex 12.88396978 -11.02961303 0.00000000
      vertex 12.93437959 -10.79149367 0.00000000
      vertex 12.66008229 -10.72212249 0.00000000
    endloop
  endfacet
  facet normal 0.00000000 0.00000000 1.00000000
    outer loop
      vertex 12.59079187 -10.95546684 0.00000000
      vertex 12.39826918 -10.63256425 0.00000000
      vertex 12.30980261 -10.85934903 0.00000000
    endloop
  endfacet
  facet normal 0.00000000 -0.00000000 1.00000000
    outer loop
      vertex 12.59079187 -10.95546684 0.00000000
      vertex 12.66008229 -10.72212249 0.00000000
      vertex 12.39826918 -10.63256425 0.00000000
    endloop
  endfacet
  facet normal 0.00000000 0.00000000 1.00000000
    outer loop
      vertex 12.30980261 -10.85934903 0.00000000
      vertex 12.14873119 -10.52283605 0.00000000
      vertex 12.04121108 -10.74124250 0.00000000
    endloop
  endfacet
  facet normal 0.00000000 -0.00000000 1.00000000
    outer loop
      vertex 12.30980261 -10.85934903 0.00000000
      vertex 12.39826918 -10.63256425 0.00000000
      vertex 12.14873119 -10.52283605 0.00000000
    endloop
  endfacet
  facet normal 0.00000000 0.00000000 1.00000000
    outer loop
      vertex 12.04121108 -10.74124250 0.00000000
      vertex 11.91124603 -10.39289672 0.00000000
      vertex 11.78523954 -10.60118841 0.00000000
    endloop
  endfacet
  facet normal 0.00000000 -0.00000000 1.00000000
    outer loop
      vertex 12.04121108 -10.74124250 0.00000000
      vertex 12.14873119 -10.52283605 0.00000000
      vertex 11.91124603 -10.39289672 0.00000000
    endloop
  endfacet
  facet normal 0.00000000 0.00000000 1.00000000
    outer loop
      vertex 11.78523954 -10.60118841 0.00000000
      vertex 11.68560212 -10.24264576 0.00000000
      vertex 11.54209958 -10.43928725 0.00000000
    endloop
  endfacet
  facet normal 0.00000000 -0.00000000 1.00000000
    outer loop
      vertex 11.78523954 -10.60118841 0.00000000
      vertex 11.91124603 -10.39289672 0.00000000
      vertex 11.68560212 -10.24264576 0.00000000
    endloop
  endfacet
  facet normal 0.00000000 0.00000000 1.00000000
    outer loop
      vertex 11.54209958 -10.43928725 0.00000000
      vertex 11.47162201 -10.07193290 0.00000000
      vertex 11.31196867 -10.25568931 0.00000000
    endloop
  endfacet
  facet normal 0.00000000 -0.00000000 1.00000000
    outer loop
      vertex 11.54209958 -10.43928725 0.00000000
      vertex 11.68560212 -10.24264576 0.00000000
      vertex 11.47162201 -10.07193290 0.00000000
    endloop
  endfacet
  facet normal 0.00000000 0.00000000 1.00000000
    outer loop
      vertex 11.31196867 -10.25568931 0.00000000
      vertex 11.26917949 -9.88057627 0.00000000
      vertex 11.09497299 -10.05057646 0.00000000
    endloop
  endfacet
  facet normal 0.00000000 -0.00000000 1.00000000
    outer loop
      vertex 11.31196867 -10.25568931 0.00000000
      vertex 11.47162201 -10.07193290 0.00000000
      vertex 11.26917949 -9.88057627 0.00000000
    endloop
  endfacet
  facet normal 0.00000000 0.00000000 1.00000000
    outer loop
      vertex 11.09497299 -10.05057646 0.00000000
      vertex 11.07820688 -9.66838447 0.00000000
      vertex 10.89118025 -9.82414008 0.00000000
    endloop
  endfacet
  facet normal 0.00000000 -0.00000000 1.00000000
    outer loop
      vertex 11.09497299 -10.05057646 0.00000000
      vertex 11.26917949 -9.88057627 0.00000000
      vertex 11.07820688 -9.66838447 0.00000000
    endloop
  endfacet
  facet normal 0.00000000 -0.00000000 1.00000000
    outer loop
      vertex 10.89118025 -9.82414008 0.00000000
      vertex 10.89869211 -9.43517700 0.00000000
      vertex 10.70060249 -9.57656068 0.00000000
    endloop
  endfacet
  facet normal 0.00000000 0.00000000 1.00000000
    outer loop
      vertex 10.89118025 -9.82414008 0.00000000
      vertex 11.07820688 -9.66838447 0.00000000
      vertex 10.89869211 -9.43517700 0.00000000
    endloop
  endfacet
  facet normal 0.00000000 -0.00000000 1.00000000
    outer loop
      vertex 10.70060249 -9.57656068 0.00000000
      vertex 10.73066852 -9.18079895 0.00000000
      vertex 10.52320639 -9.30799318 0.00000000
    endloop
  endfacet
  facet normal 0.00000000 0.00000000 1.00000000
    outer loop
      vertex 10.70060249 -9.57656068 0.00000000
      vertex 10.89869211 -9.43517700 0.00000000
      vertex 10.73066852 -9.18079895 0.00000000
    endloop
  endfacet
  facet normal 0.00000000 -0.00000000 1.00000000
    outer loop
      vertex 10.52320639 -9.30799318 0.00000000
      vertex 10.57420116 -8.90512869 0.00000000
      vertex 10.35892690 -9.01855920 0.00000000
    endloop
  endfacet
  facet normal 0.00000000 0.00000000 1.00000000
    outer loop
      vertex 10.52320639 -9.30799318 0.00000000
      vertex 10.73066852 -9.18079895 0.00000000
      vertex 10.57420116 -8.90512869 0.00000000
    endloop
  endfacet
  facet normal 0.00000000 -0.00000000 1.00000000
    outer loop
      vertex 10.35892690 -9.01855920 0.00000000
      vertex 10.42937321 -8.60807916 0.00000000
      vertex 10.20768084 -8.70834581 0.00000000
    endloop
  endfacet
  facet normal 0.00000000 0.00000000 1.00000000
    outer loop
      vertex 10.35892690 -9.01855920 0.00000000
      vertex 10.57420116 -8.90512869 0.00000000
      vertex 10.42937321 -8.60807916 0.00000000
    endloop
  endfacet
  facet normal 0.00000000 -0.00000000 1.00000000
    outer loop
      vertex 10.20768084 -8.70834581 0.00000000
      vertex 10.30089412 -8.30064831 0.00000000
      vertex 10.06475874 -8.36635504 0.00000000
    endloop
  endfacet
  facet normal 0.00000000 0.00000000 1.00000000
    outer loop
      vertex 10.20768084 -8.70834581 0.00000000
      vertex 10.42937321 -8.60807916 0.00000000
      vertex 10.30089412 -8.30064831 0.00000000
    endloop
  endfacet
  facet normal 0.00000000 -0.00000000 1.00000000
    outer loop
      vertex 10.06475874 -8.36635504 0.00000000
      vertex 10.23455928 -7.85244405 0.00000000
      vertex 9.99413341 -7.88916128 0.00000000
    endloop
  endfacet
  facet normal 0.00000000 0.00000000 1.00000000
    outer loop
      vertex 10.06475874 -8.36635504 0.00000000
      vertex 10.30089412 -8.30064831 0.00000000
      vertex 10.23455928 -7.85244405 0.00000000
    endloop
  endfacet
  facet normal 0.00000000 -0.00000000 1.00000000
    outer loop
      vertex 9.99413341 -7.88916128 0.00000000
      vertex 10.16397236 -7.40410291 0.00000000
      vertex 9.92390735 -7.44311216 0.00000000
    endloop
  endfacet
  facet normal 0.00000000 0.00000000 1.00000000
    outer loop
      vertex 9.99413341 -7.88916128 0.00000000
      vertex 10.23455928 -7.85244405 0.00000000
      vertex 10.16397236 -7.40410291 0.00000000
    endloop
  endfacet
  facet normal 0.00000000 -0.00000000 1.00000000
    outer loop
      vertex 9.92390735 -7.44311216 0.00000000
      vertex 10.09143437 -6.97118765 0.00000000
      vertex 9.85177954 -7.01264491 0.00000000
    endloop
  endfacet
  facet normal 0.00000000 0.00000000 1.00000000
    outer loop
      vertex 9.92390735 -7.44311216 0.00000000
      vertex 10.16397236 -7.40410291 0.00000000
      vertex 10.09143437 -6.97118765 0.00000000
    endloop
  endfacet
  facet normal 0.00000000 -0.00000000 1.00000000
    outer loop
      vertex 9.85177954 -7.01264491 0.00000000
      vertex 10.01694137 -6.55369049 0.00000000
      vertex 9.77775394 -6.59776731 0.00000000
    endloop
  endfacet
  facet normal 0.00000000 0.00000000 1.00000000
    outer loop
      vertex 9.85177954 -7.01264491 0.00000000
      vertex 10.09143437 -6.97118765 0.00000000
      vertex 10.01694137 -6.55369049 0.00000000
    endloop
  endfacet
  facet normal 0.00000000 -0.00000000 1.00000000
    outer loop
      vertex 9.77775394 -6.59776731 0.00000000
      vertex 9.94048862 -6.15160258 0.00000000
      vertex 9.70183526 -6.19848821 0.00000000
    endloop
  endfacet
  facet normal 0.00000000 0.00000000 1.00000000
    outer loop
      vertex 9.77775394 -6.59776731 0.00000000
      vertex 10.01694137 -6.55369049 0.00000000
      vertex 9.94048862 -6.15160258 0.00000000
    endloop
  endfacet
  facet normal 0.00000000 -0.00000000 1.00000000
    outer loop
      vertex 9.70183526 -6.19848821 0.00000000
      vertex 9.86207049 -5.76491396 0.00000000
      vertex 9.62402915 -5.81481757 0.00000000
    endloop
  endfacet
  facet normal 0.00000000 0.00000000 1.00000000
    outer loop
      vertex 9.70183526 -6.19848821 0.00000000
      vertex 9.94048862 -6.15160258 0.00000000
      vertex 9.86207049 -5.76491396 0.00000000
    endloop
  endfacet
  facet normal 0.00000000 -0.00000000 1.00000000
    outer loop
      vertex 9.62402915 -5.81481757 0.00000000
      vertex 9.78168015 -5.39361333 0.00000000
      vertex 9.54434243 -5.44676670 0.00000000
    endloop
  endfacet
  facet normal 0.00000000 0.00000000 1.00000000
    outer loop
      vertex 9.62402915 -5.81481757 0.00000000
      vertex 9.86207049 -5.76491396 0.00000000
      vertex 9.78168015 -5.39361333 0.00000000
    endloop
  endfacet
  facet normal 0.00000000 -0.00000000 1.00000000
    outer loop
      vertex 9.54434243 -5.44676670 0.00000000
      vertex 9.69930938 -5.03768784 0.00000000
      vertex 9.46278332 -5.09434844 0.00000000
    endloop
  endfacet
  facet normal 0.00000000 0.00000000 1.00000000
    outer loop
      vertex 9.54434243 -5.44676670 0.00000000
      vertex 9.78168015 -5.39361333 0.00000000
      vertex 9.69930938 -5.03768784 0.00000000
    endloop
  endfacet
  facet normal 0.00000000 -0.00000000 1.00000000
    outer loop
      vertex 9.46278332 -5.09434844 0.00000000
      vertex 9.61494815 -4.69712289 0.00000000
      vertex 9.37936187 -4.75757739 0.00000000
    endloop
  endfacet
  facet normal 0.00000000 0.00000000 1.00000000
    outer loop
      vertex 9.46278332 -5.09434844 0.00000000
      vertex 9.69930938 -5.03768784 0.00000000
      vertex 9.61494815 -4.69712289 0.00000000
    endloop
  endfacet
  facet normal 0.00000000 -0.00000000 1.00000000
    outer loop
      vertex 9.37936187 -4.75757739 0.00000000
      vertex 9.52858418 -4.37190187 0.00000000
      vertex 9.29409034 -4.43647016 0.00000000
    endloop
  endfacet
  facet normal 0.00000000 0.00000000 1.00000000
    outer loop
      vertex 9.37936187 -4.75757739 0.00000000
      vertex 9.61494815 -4.69712289 0.00000000
      vertex 9.52858418 -4.37190187 0.00000000
    endloop
  endfacet
  facet normal 0.00000000 -0.00000000 1.00000000
    outer loop
      vertex 9.29409034 -4.43647016 0.00000000
      vertex 9.44020239 -4.06200588 0.00000000
      vertex 9.20698381 -4.13104565 0.00000000
    endloop
  endfacet
  facet normal 0.00000000 0.00000000 1.00000000
    outer loop
      vertex 9.29409034 -4.43647016 0.00000000
      vertex 9.52858418 -4.37190187 0.00000000
      vertex 9.44020239 -4.06200588 0.00000000
    endloop
  endfacet
  facet normal 0.00000000 -0.00000000 1.00000000
    outer loop
      vertex 9.20698381 -4.13104565 0.00000000
      vertex 9.34978414 -3.76741346 0.00000000
      vertex 9.11806094 -3.84132533 0.00000000
    endloop
  endfacet
  facet normal 0.00000000 0.00000000 1.00000000
    outer loop
      vertex 9.20698381 -4.13104565 0.00000000
      vertex 9.44020239 -4.06200588 0.00000000
      vertex 9.34978414 -3.76741346 0.00000000
    endloop
  endfacet
  facet normal 0.00000000 -0.00000000 1.00000000
    outer loop
      vertex 9.11806094 -3.84132533 0.00000000
      vertex 9.25730623 -3.48810025 0.00000000
      vertex 9.02734490 -3.56733354 0.00000000
    endloop
  endfacet
  facet normal 0.00000000 0.00000000 1.00000000
    outer loop
      vertex 9.11806094 -3.84132533 0.00000000
      vertex 9.34978414 -3.76741346 0.00000000
      vertex 9.25730623 -3.48810025 0.00000000
    endloop
  endfacet
  facet normal 0.00000000 -0.00000000 1.00000000
    outer loop
      vertex 9.02734490 -3.56733354 0.00000000
      vertex 9.16273971 -3.22403883 0.00000000
      vertex 8.93486466 -3.30909772 0.00000000
    endloop
  endfacet
  facet normal 0.00000000 0.00000000 1.00000000
    outer loop
      vertex 9.02734490 -3.56733354 0.00000000
      vertex 9.25730623 -3.48810025 0.00000000
      vertex 9.16273971 -3.22403883 0.00000000
    endloop
  endfacet
  facet normal 0.00000000 -0.00000000 1.00000000
    outer loop
      vertex 8.93486466 -3.30909772 0.00000000
      vertex 9.06604823 -2.97519854 0.00000000
      vertex 8.84065656 -3.06664852 0.00000000
    endloop
  endfacet
  facet normal 0.00000000 0.00000000 1.00000000
    outer loop
      vertex 8.93486466 -3.30909772 0.00000000
      vertex 9.16273971 -3.22403883 0.00000000
      vertex 9.06604823 -2.97519854 0.00000000
    endloop
  endfacet
  facet normal 0.00000000 -0.00000000 1.00000000
    outer loop
      vertex 8.84065656 -3.06664852 0.00000000
      vertex 8.96718603 -2.74154562 0.00000000
      vertex 8.74476636 -2.84001971 0.00000000
    endloop
  endfacet
  facet normal 0.00000000 0.00000000 1.00000000
    outer loop
      vertex 8.84065656 -3.06664852 0.00000000
      vertex 9.06604823 -2.97519854 0.00000000
      vertex 8.96718603 -2.74154562 0.00000000
    endloop
  endfacet
  facet normal 0.00000000 -0.00000000 1.00000000
    outer loop
      vertex 8.74476636 -2.84001971 0.00000000
      vertex 8.86609532 -2.52304374 0.00000000
      vertex 8.64725187 -2.62924760 0.00000000
    endloop
  endfacet
  facet normal 0.00000000 0.00000000 1.00000000
    outer loop
      vertex 8.74476636 -2.84001971 0.00000000
      vertex 8.96718603 -2.74154562 0.00000000
      vertex 8.86609532 -2.52304374 0.00000000
    endloop
  endfacet
  facet normal 0.00000000 -0.00000000 1.00000000
    outer loop
      vertex 8.64725187 -2.62924760 0.00000000
      vertex 8.76226258 -2.31878868 0.00000000
      vertex 8.54862659 -2.43523642 0.00000000
    endloop
  endfacet
  facet normal 0.00000000 0.00000000 1.00000000
    outer loop
      vertex 8.64725187 -2.62924760 0.00000000
      vertex 8.86609532 -2.52304374 0.00000000
      vertex 8.76226258 -2.31878868 0.00000000
    endloop
  endfacet
  facet normal 0.00000000 -0.00000000 1.00000000
    outer loop
      vertex 8.54862659 -2.43523642 0.00000000
      vertex 8.60193881 -2.04377769 0.00000000
      vertex 8.39370488 -2.16949186 0.00000000
    endloop
  endfacet
  facet normal 0.00000000 0.00000000 1.00000000
    outer loop
      vertex 8.54862659 -2.43523642 0.00000000
      vertex 8.76226258 -2.31878868 0.00000000
      vertex 8.60193881 -2.04377769 0.00000000
    endloop
  endfacet
  facet normal 0.00000000 -0.00000000 1.00000000
    outer loop
      vertex 8.39370488 -2.16949186 0.00000000
      vertex 8.43581700 -1.77791811 0.00000000
      vertex 8.23157796 -1.91002566 0.00000000
    endloop
  endfacet
  facet normal 0.00000000 0.00000000 1.00000000
    outer loop
      vertex 8.39370488 -2.16949186 0.00000000
      vertex 8.60193881 -2.04377769 0.00000000
      vertex 8.43581700 -1.77791811 0.00000000
    endloop
  endfacet
  facet normal 0.00000000 -0.00000000 1.00000000
    outer loop
      vertex 8.23157796 -1.91002566 0.00000000
      vertex 8.26305407 -1.51977712 0.00000000
      vertex 8.06308891 -1.65827066 0.00000000
    endloop
  endfacet
  facet normal 0.00000000 0.00000000 1.00000000
    outer loop
      vertex 8.23157796 -1.91002566 0.00000000
      vertex 8.43581700 -1.77791811 0.00000000
      vertex 8.26305407 -1.51977712 0.00000000
    endloop
  endfacet
  facet normal 0.00000000 -0.00000000 1.00000000
    outer loop
      vertex 8.06308891 -1.65827066 0.00000000
      vertex 8.08364986 -1.26936636 0.00000000
      vertex 7.88823790 -1.41421521 0.00000000
    endloop
  endfacet
  facet normal 0.00000000 0.00000000 1.00000000
    outer loop
      vertex 8.06308891 -1.65827066 0.00000000
      vertex 8.26305407 -1.51977712 0.00000000
      vertex 8.08364986 -1.26936636 0.00000000
    endloop
  endfacet
  facet normal 0.00000000 -0.00000000 1.00000000
    outer loop
      vertex 7.88823790 -1.41421521 0.00000000
      vertex 7.89760551 -1.02669798 0.00000000
      vertex 7.70702376 -1.17784717 0.00000000
    endloop
  endfacet
  facet normal 0.00000000 0.00000000 1.00000000
    outer loop
      vertex 7.88823790 -1.41421521 0.00000000
      vertex 8.08364986 -1.26936636 0.00000000
      vertex 7.89760551 -1.02669798 0.00000000
    endloop
  endfacet
  facet normal 0.00000000 0.00000000 1.00000000
    outer loop
      vertex 7.70702376 -1.17784717 0.00000000
      vertex 7.70492357 -0.79178445 0.00000000
      vertex 7.51944397 -0.94915405 0.00000000
    endloop
  endfacet
  facet normal 0.00000000 -0.00000000 1.00000000
    outer loop
      vertex 7.70702376 -1.17784717 0.00000000
      vertex 7.89760551 -1.02669798 0.00000000
      vertex 7.70492357 -0.79178445 0.00000000
    endloop
  endfacet
  facet normal 0.00000000 0.00000000 1.00000000
    outer loop
      vertex 7.51944397 -0.94915405 0.00000000
      vertex 7.50560806 -0.56463837 0.00000000
      vertex 7.32549449 -0.72812327 0.00000000
    endloop
  endfacet
  facet normal 0.00000000 -0.00000000 1.00000000
    outer loop
      vertex 7.51944397 -0.94915405 0.00000000
      vertex 7.70492357 -0.79178445 0.00000000
      vertex 7.50560806 -0.56463837 0.00000000
    endloop
  endfacet
  facet normal 0.00000000 0.00000000 1.00000000
    outer loop
      vertex 7.32549449 -0.72812327 0.00000000
      vertex 7.29966445 -0.34527223 0.00000000
      vertex 7.12516987 -0.51474234 0.00000000
    endloop
  endfacet
  facet normal 0.00000000 -0.00000000 1.00000000
    outer loop
      vertex 7.32549449 -0.72812327 0.00000000
      vertex 7.50560806 -0.56463837 0.00000000
      vertex 7.29966445 -0.34527223 0.00000000
    endloop
  endfacet
  facet normal 0.00000000 0.00000000 1.00000000
    outer loop
      vertex 7.12516987 -0.51474234 0.00000000
      vertex 7.08709969 -0.13369821 0.00000000
      vertex 6.91846315 -0.30899906 0.00000000
    endloop
  endfacet
  facet normal 0.00000000 -0.00000000 1.00000000
    outer loop
      vertex 7.12516987 -0.51474234 0.00000000
      vertex 7.29966445 -0.34527223 0.00000000
      vertex 7.08709969 -0.13369821 0.00000000
    endloop
  endfacet
  facet normal 0.00000000 0.00000000 1.00000000
    outer loop
      vertex 6.91846315 -0.30899906 0.00000000
      vertex 6.86792207 0.07007207 0.00000000
      vertex 6.70536603 -0.11088184 0.00000000
    endloop
  endfacet
  facet normal 0.00000000 -0.00000000 1.00000000
    outer loop
      vertex 6.91846315 -0.30899906 0.00000000
      vertex 7.08709969 -0.13369821 0.00000000
      vertex 6.86792207 0.07007207 0.00000000
    endloop
  endfacet
  facet normal 0.00000000 0.00000000 1.00000000
    outer loop
      vertex 6.70536603 -0.11088184 0.00000000
      vertex 6.64214121 0.26602777 0.00000000
      vertex 6.48586890 0.07962019 0.00000000
    endloop
  endfacet
  facet normal 0.00000000 -0.00000000 1.00000000
    outer loop
      vertex 6.70536603 -0.11088184 0.00000000
      vertex 6.86792207 0.07007207 0.00000000
      vertex 6.64214121 0.26602777 0.00000000
    endloop
  endfacet
  facet normal 0.00000000 0.00000000 1.00000000
    outer loop
      vertex 6.48586890 0.07962019 0.00000000
      vertex 6.40976783 0.45415901 0.00000000
      vertex 6.25996105 0.26251689 0.00000000
    endloop
  endfacet
  facet normal 0.00000000 -0.00000000 1.00000000
    outer loop
      vertex 6.48586890 0.07962019 0.00000000
      vertex 6.64214121 0.26602777 0.00000000
      vertex 6.40976783 0.45415901 0.00000000
    endloop
  endfacet
  facet normal 0.00000000 0.00000000 1.00000000
    outer loop
      vertex 6.25996105 0.26251689 0.00000000
      vertex 6.17081360 0.63445708 0.00000000
      vertex 6.02763079 0.43781698 0.00000000
    endloop
  endfacet
  facet normal 0.00000000 -0.00000000 1.00000000
    outer loop
      vertex 6.25996105 0.26251689 0.00000000
      vertex 6.40976783 0.45415901 0.00000000
      vertex 6.17081360 0.63445708 0.00000000
    endloop
  endfacet
  facet normal 0.00000000 0.00000000 1.00000000
    outer loop
      vertex 6.02763079 0.43781698 0.00000000
      vertex 5.92529094 0.80691456 0.00000000
      vertex 5.78886571 0.60552787 0.00000000
    endloop
  endfacet
  facet normal 0.00000000 -0.00000000 1.00000000
    outer loop
      vertex 6.02763079 0.43781698 0.00000000
      vertex 6.17081360 0.63445708 0.00000000
      vertex 5.92529094 0.80691456 0.00000000
    endloop
  endfacet
  facet normal 0.00000000 0.00000000 1.00000000
    outer loop
      vertex 5.78886571 0.60552787 0.00000000
      vertex 5.67321278 0.97152544 0.00000000
      vertex 5.54365289 0.76565558 0.00000000
    endloop
  endfacet
  facet normal 0.00000000 -0.00000000 1.00000000
    outer loop
      vertex 5.78886571 0.60552787 0.00000000
      vertex 5.92529094 0.80691456 0.00000000
      vertex 5.67321278 0.97152544 0.00000000
    endloop
  endfacet
  facet normal 0.00000000 0.00000000 1.00000000
    outer loop
      vertex 5.54365289 0.76565558 0.00000000
      vertex 5.41459230 1.12828518 0.00000000
      vertex 5.29197912 0.91820465 0.00000000
    endloop
  endfacet
  facet normal 0.00000000 -0.00000000 1.00000000
    outer loop
      vertex 5.54365289 0.76565558 0.00000000
      vertex 5.67321278 0.97152544 0.00000000
      vertex 5.41459230 1.12828518 0.00000000
    endloop
  endfacet
  facet normal 0.00000000 0.00000000 1.00000000
    outer loop
      vertex 5.29197912 0.91820465 0.00000000
      vertex 5.14944276 1.27719071 0.00000000
      vertex 5.03383118 1.06317815 0.00000000
    endloop
  endfacet
  facet normal 0.00000000 -0.00000000 1.00000000
    outer loop
      vertex 5.29197912 0.91820465 0.00000000
      vertex 5.41459230 1.12828518 0.00000000
      vertex 5.14944276 1.27719071 0.00000000
    endloop
  endfacet
  facet normal 0.00000000 0.00000000 1.00000000
    outer loop
      vertex 5.03383118 1.06317815 0.00000000
      vertex 4.87796772 1.41814151 0.00000000
      vertex 4.76900547 1.20067659 0.00000000
    endloop
  endfacet
  facet normal 0.00000000 -0.00000000 1.00000000
    outer loop
      vertex 5.03383118 1.06317815 0.00000000
      vertex 5.14944276 1.27719071 0.00000000
      vertex 4.87796772 1.41814151 0.00000000
    endloop
  endfacet
  facet normal 0.00000000 0.00000000 1.00000000
    outer loop
      vertex 4.76900547 1.20067659 0.00000000
      vertex 4.54381452 1.57959425 0.00000000
      vertex 4.44142842 1.35895194 0.00000000
    endloop
  endfacet
  facet normal 0.00000000 -0.00000000 1.00000000
    outer loop
      vertex 4.76900547 1.20067659 0.00000000
      vertex 4.87796772 1.41814151 0.00000000
      vertex 4.54381452 1.57959425 0.00000000
    endloop
  endfacet
  facet normal 0.00000000 0.00000000 1.00000000
    outer loop
      vertex 4.44142842 1.35895194 0.00000000
      vertex 4.20820870 1.72899886 0.00000000
      vertex 4.11284042 1.50523236 0.00000000
    endloop
  endfacet
  facet normal 0.00000000 -0.00000000 1.00000000
    outer loop
      vertex 4.44142842 1.35895194 0.00000000
      vertex 4.54381452 1.57959425 0.00000000
      vertex 4.20820870 1.72899886 0.00000000
    endloop
  endfacet
  facet normal 0.00000000 0.00000000 1.00000000
    outer loop
      vertex 4.11284042 1.50523236 0.00000000
      vertex 3.87125202 1.86629814 0.00000000
      vertex 3.78313970 1.63957506 0.00000000
    endloop
  endfacet
  facet normal 0.00000000 -0.00000000 1.00000000
    outer loop
      vertex 4.11284042 1.50523236 0.00000000
      vertex 4.20820870 1.72899886 0.00000000
      vertex 3.87125202 1.86629814 0.00000000
    endloop
  endfacet
  facet normal 0.00000000 0.00000000 1.00000000
    outer loop
      vertex 3.78313970 1.63957506 0.00000000
      vertex 3.53295115 1.99148168 0.00000000
      vertex 3.45231958 1.76199046 0.00000000
    endloop
  endfacet
  facet normal 0.00000000 -0.00000000 1.00000000
    outer loop
      vertex 3.78313970 1.63957506 0.00000000
      vertex 3.87125202 1.86629814 0.00000000
      vertex 3.53295115 1.99148168 0.00000000
    endloop
  endfacet
  facet normal 0.00000000 0.00000000 1.00000000
    outer loop
      vertex 3.45231958 1.76199046 0.00000000
      vertex 3.19331425 2.10453941 0.00000000
      vertex 3.12037191 1.87248861 0.00000000
    endloop
  endfacet
  facet normal 0.00000000 -0.00000000 1.00000000
    outer loop
      vertex 3.45231958 1.76199046 0.00000000
      vertex 3.53295115 1.99148168 0.00000000
      vertex 3.19331425 2.10453941 0.00000000
    endloop
  endfacet
  facet normal 0.00000000 0.00000000 1.00000000
    outer loop
      vertex 3.12037191 1.87248861 0.00000000
      vertex 2.85235096 2.20546181 0.00000000
      vertex 2.78728706 1.97107906 0.00000000
    endloop
  endfacet
  facet normal 0.00000000 -0.00000000 1.00000000
    outer loop
      vertex 3.12037191 1.87248861 0.00000000
      vertex 3.19331425 2.10453941 0.00000000
      vertex 2.85235096 2.20546181 0.00000000
    endloop
  endfacet
  facet normal 0.00000000 0.00000000 1.00000000
    outer loop
      vertex 2.78728706 1.97107906 0.00000000
      vertex 2.51007229 2.29424012 0.00000000
      vertex 2.45305401 2.05777054 0.00000000
    endloop
  endfacet
  facet normal 0.00000000 -0.00000000 1.00000000
    outer loop
      vertex 2.78728706 1.97107906 0.00000000
      vertex 2.85235096 2.20546181 0.00000000
      vertex 2.51007229 2.29424012 0.00000000
    endloop
  endfacet
  facet normal 0.00000000 0.00000000 1.00000000
    outer loop
      vertex 2.45305401 2.05777054 0.00000000
      vertex 2.16649056 2.37086657 0.00000000
      vertex 2.11766045 2.13257084 0.00000000
    endloop
  endfacet
  facet normal 0.00000000 -0.00000000 1.00000000
    outer loop
      vertex 2.45305401 2.05777054 0.00000000
      vertex 2.51007229 2.29424012 0.00000000
      vertex 2.16649056 2.37086657 0.00000000
    endloop
  endfacet
  facet normal 0.00000000 0.00000000 1.00000000
    outer loop
      vertex 2.11766045 2.13257084 0.00000000
      vertex 1.82161916 2.43533455 0.00000000
      vertex 1.78109296 2.19548655 0.00000000
    endloop
  endfacet
  facet normal 0.00000000 -0.00000000 1.00000000
    outer loop
      vertex 2.11766045 2.13257084 0.00000000
      vertex 2.16649056 2.37086657 0.00000000
      vertex 1.82161916 2.43533455 0.00000000
    endloop
  endfacet
  facet normal 0.00000000 0.00000000 1.00000000
    outer loop
      vertex 1.78109296 2.19548655 0.00000000
      vertex 1.47547244 2.48763884 0.00000000
      vertex 1.44333723 2.24652292 0.00000000
    endloop
  endfacet
  facet normal 0.00000000 -0.00000000 1.00000000
    outer loop
      vertex 1.78109296 2.19548655 0.00000000
      vertex 1.82161916 2.43533455 0.00000000
      vertex 1.47547244 2.48763884 0.00000000
    endloop
  endfacet
  facet normal 0.00000000 0.00000000 1.00000000
    outer loop
      vertex 1.44333723 2.24652292 0.00000000
      vertex 1.12806539 2.52777565 0.00000000
      vertex 1.10437824 2.28568370 0.00000000
    endloop
  endfacet
  facet normal 0.00000000 -0.00000000 1.00000000
    outer loop
      vertex 1.44333723 2.24652292 0.00000000
      vertex 1.47547244 2.48763884 0.00000000
      vertex 1.12806539 2.52777565 0.00000000
    endloop
  endfacet
  facet normal 0.00000000 0.00000000 1.00000000
    outer loop
      vertex 1.10437824 2.28568370 0.00000000
      vertex 0.77941342 2.55574281 0.00000000
      vertex 0.76420059 2.31297110 0.00000000
    endloop
  endfacet
  facet normal 0.00000000 -0.00000000 1.00000000
    outer loop
      vertex 1.10437824 2.28568370 0.00000000
      vertex 1.12806539 2.52777565 0.00000000
      vertex 0.77941342 2.55574281 0.00000000
    endloop
  endfacet
  facet normal 0.00000000 0.00000000 1.00000000
    outer loop
      vertex 0.76420059 2.31297110 0.00000000
      vertex 0.42953208 2.57153976 0.00000000
      vertex 0.42278875 2.32838565 0.00000000
    endloop
  endfacet
  facet normal 0.00000000 -0.00000000 1.00000000
    outer loop
      vertex 0.76420059 2.31297110 0.00000000
      vertex 0.77941342 2.55574281 0.00000000
      vertex 0.42953208 2.57153976 0.00000000
    endloop
  endfacet
  facet normal 0.00000000 0.00000000 1.00000000
    outer loop
      vertex 0.42278875 2.32838565 0.00000000
      vertex 0.07843673 2.57516756 0.00000000
      vertex 0.08012732 2.33192631 0.00000000
    endloop
  endfacet
  facet normal 0.00000000 -0.00000000 1.00000000
    outer loop
      vertex 0.42278875 2.32838565 0.00000000
      vertex 0.42953208 2.57153976 0.00000000
      vertex 0.07843673 2.57516756 0.00000000
    endloop
  endfacet
  facet normal 0.00000000 0.00000000 1.00000000
    outer loop
      vertex 0.08012732 2.33192631 0.00000000
      vertex -0.27385765 2.56662886 0.00000000
      vertex -0.26379866 2.32359043 0.00000000
    endloop
  endfacet
  facet normal 0.00000000 0.00000000 1.00000000
    outer loop
      vertex 0.08012732 2.33192631 0.00000000
      vertex 0.07843673 2.57516756 0.00000000
      vertex -0.27385765 2.56662886 0.00000000
    endloop
  endfacet
  facet normal 0.00000000 0.00000000 1.00000000
    outer loop
      vertex -0.26379866 2.32359043 0.00000000
      vertex -0.62733679 2.54592775 0.00000000
      vertex -0.60900344 2.30337390 0.00000000
    endloop
  endfacet
  facet normal 0.00000000 0.00000000 1.00000000
    outer loop
      vertex -0.26379866 2.32359043 0.00000000
      vertex -0.27385765 2.56662886 0.00000000
      vertex -0.62733679 2.54592775 0.00000000
    endloop
  endfacet
  facet normal 0.00000000 0.00000000 1.00000000
    outer loop
      vertex -0.60900344 2.30337390 0.00000000
      vertex -0.98198734 2.51306970 0.00000000
      vertex -0.95550041 2.27127127 0.00000000
    endloop
  endfacet
  facet normal 0.00000000 0.00000000 1.00000000
    outer loop
      vertex -0.60900344 2.30337390 0.00000000
      vertex -0.62733679 2.54592775 0.00000000
      vertex -0.98198734 2.51306970 0.00000000
    endloop
  endfacet
  facet normal 0.00000000 0.00000000 1.00000000
    outer loop
      vertex -0.95550041 2.27127127 0.00000000
      vertex -1.33787377 2.46805161 0.00000000
      vertex -1.30322506 2.22728562 0.00000000
    endloop
  endfacet
  facet normal 0.00000000 0.00000000 1.00000000
    outer loop
      vertex -0.95550041 2.27127127 0.00000000
      vertex -0.98198734 2.51306970 0.00000000
      vertex -1.33787377 2.46805161 0.00000000
    endloop
  endfacet
  facet normal 0.00000000 0.00000000 1.00000000
    outer loop
      vertex -1.30322506 2.22728562 0.00000000
      vertex -1.66864437 2.41466163 0.00000000
      vertex -1.62651612 2.17510291 0.00000000
    endloop
  endfacet
  facet normal 0.00000000 0.00000000 1.00000000
    outer loop
      vertex -1.30322506 2.22728562 0.00000000
      vertex -1.33787377 2.46805161 0.00000000
      vertex -1.66864437 2.41466163 0.00000000
    endloop
  endfacet
  facet normal 0.00000000 0.00000000 1.00000000
    outer loop
      vertex -1.62651612 2.17510291 0.00000000
      vertex -1.99594311 2.35235177 0.00000000
      vertex -1.94707379 2.11407639 0.00000000
    endloop
  endfacet
  facet normal 0.00000000 0.00000000 1.00000000
    outer loop
      vertex -1.62651612 2.17510291 0.00000000
      vertex -1.66864437 2.41466163 0.00000000
      vertex -1.99594311 2.35235177 0.00000000
    endloop
  endfacet
  facet normal 0.00000000 0.00000000 1.00000000
    outer loop
      vertex -1.94707379 2.11407639 0.00000000
      vertex -2.32014531 2.28105920 0.00000000
      vertex -2.26452275 2.04426887 0.00000000
    endloop
  endfacet
  facet normal 0.00000000 0.00000000 1.00000000
    outer loop
      vertex -1.94707379 2.11407639 0.00000000
      vertex -1.99594311 2.35235177 0.00000000
      vertex -2.32014531 2.28105920 0.00000000
    endloop
  endfacet
  facet normal 0.00000000 0.00000000 1.00000000
    outer loop
      vertex -2.26452275 2.04426887 0.00000000
      vertex -2.64124260 2.20078370 0.00000000
      vertex -2.57887135 1.96568057 0.00000000
    endloop
  endfacet
  facet normal 0.00000000 0.00000000 1.00000000
    outer loop
      vertex -2.26452275 2.04426887 0.00000000
      vertex -2.32014531 2.28105920 0.00000000
      vertex -2.64124260 2.20078370 0.00000000
    endloop
  endfacet
  facet normal 0.00000000 0.00000000 1.00000000
    outer loop
      vertex -2.57887135 1.96568057 0.00000000
      vertex -2.95922648 2.11152581 0.00000000
      vertex -2.89012812 1.87831097 0.00000000
    endloop
  endfacet
  facet normal 0.00000000 0.00000000 1.00000000
    outer loop
      vertex -2.57887135 1.96568057 0.00000000
      vertex -2.64124260 2.20078370 0.00000000
      vertex -2.95922648 2.11152581 0.00000000
    endloop
  endfacet
  facet normal 0.00000000 0.00000000 1.00000000
    outer loop
      vertex -2.89012812 1.87831097 0.00000000
      vertex -3.27408840 2.01328679 0.00000000
      vertex -3.19830159 1.78215880 0.00000000
    endloop
  endfacet
  facet normal 0.00000000 0.00000000 1.00000000
    outer loop
      vertex -2.89012812 1.87831097 0.00000000
      vertex -2.95922648 2.11152581 0.00000000
      vertex -3.27408840 2.01328679 0.00000000
    endloop
  endfacet
  facet normal 0.00000000 0.00000000 1.00000000
    outer loop
      vertex -3.19830159 1.78215880 0.00000000
      vertex -3.58581988 1.90606869 0.00000000
      vertex -3.50340024 1.67722202 0.00000000
    endloop
  endfacet
  facet normal 0.00000000 0.00000000 1.00000000
    outer loop
      vertex -3.19830159 1.78215880 0.00000000
      vertex -3.27408840 2.01328679 0.00000000
      vertex -3.58581988 1.90606869 0.00000000
    endloop
  endfacet
  facet normal 0.00000000 0.00000000 1.00000000
    outer loop
      vertex -3.50340024 1.67722202 0.00000000
      vertex -3.89441265 1.78987425 0.00000000
      vertex -3.80543235 1.56349786 0.00000000
    endloop
  endfacet
  facet normal 0.00000000 0.00000000 1.00000000
    outer loop
      vertex -3.50340024 1.67722202 0.00000000
      vertex -3.58581988 1.90606869 0.00000000
      vertex -3.89441265 1.78987425 0.00000000
    endloop
  endfacet
  facet normal 0.00000000 0.00000000 1.00000000
    outer loop
      vertex -3.80543235 1.56349786 0.00000000
      vertex -4.19985869 1.66470695 0.00000000
      vertex -4.10440593 1.44098288 0.00000000
    endloop
  endfacet
  facet normal 0.00000000 0.00000000 1.00000000
    outer loop
      vertex -3.80543235 1.56349786 0.00000000
      vertex -3.89441265 1.78987425 0.00000000
      vertex -4.19985869 1.66470695 0.00000000
    endloop
  endfacet
  facet normal 0.00000000 0.00000000 1.00000000
    outer loop
      vertex -4.10440593 1.44098288 0.00000000
      vertex -4.50215038 1.53057089 0.00000000
      vertex -4.40032861 1.30967294 0.00000000
    endloop
  endfacet
  facet normal 0.00000000 0.00000000 1.00000000
    outer loop
      vertex -4.10440593 1.44098288 0.00000000
      vertex -4.19985869 1.66470695 0.00000000
      vertex -4.50215038 1.53057089 0.00000000
    endloop
  endfacet
  facet normal 0.00000000 0.00000000 1.00000000
    outer loop
      vertex -4.40032861 1.30967294 0.00000000
      vertex -4.80128055 1.38747079 0.00000000
      vertex -4.69320755 1.16956335 0.00000000
    endloop
  endfacet
  facet normal 0.00000000 0.00000000 1.00000000
    outer loop
      vertex -4.40032861 1.30967294 0.00000000
      vertex -4.50215038 1.53057089 0.00000000
      vertex -4.80128055 1.38747079 0.00000000
    endloop
  endfacet
  facet normal 0.00000000 0.00000000 1.00000000
    outer loop
      vertex -4.69320755 1.16956335 0.00000000
      vertex -5.09724260 1.23541187 0.00000000
      vertex -4.98304936 1.02064888 0.00000000
    endloop
  endfacet
  facet normal 0.00000000 0.00000000 1.00000000
    outer loop
      vertex -4.69320755 1.16956335 0.00000000
      vertex -4.80128055 1.38747079 0.00000000
      vertex -5.09724260 1.23541187 0.00000000
    endloop
  endfacet
  facet normal 0.00000000 0.00000000 1.00000000
    outer loop
      vertex -4.98304936 1.02064888 0.00000000
      vertex -5.39003051 1.07439980 0.00000000
      vertex -5.26986005 0.86292385 0.00000000
    endloop
  endfacet
  facet normal 0.00000000 0.00000000 1.00000000
    outer loop
      vertex -4.98304936 1.02064888 0.00000000
      vertex -5.09724260 1.23541187 0.00000000
      vertex -5.39003051 1.07439980 0.00000000
    endloop
  endfacet
  facet normal 0.00000000 0.00000000 1.00000000
    outer loop
      vertex -5.26986005 0.86292385 0.00000000
      vertex -5.67963896 0.90444061 0.00000000
      vertex -5.55364496 0.69638225 0.00000000
    endloop
  endfacet
  facet normal 0.00000000 0.00000000 1.00000000
    outer loop
      vertex -5.26986005 0.86292385 0.00000000
      vertex -5.39003051 1.07439980 0.00000000
      vertex -5.67963896 0.90444061 0.00000000
    endloop
  endfacet
  facet normal 0.00000000 0.00000000 1.00000000
    outer loop
      vertex -5.55364496 0.69638225 0.00000000
      vertex -5.96606327 0.72554058 0.00000000
      vertex -5.83440873 0.52101779 0.00000000
    endloop
  endfacet
  facet normal 0.00000000 0.00000000 1.00000000
    outer loop
      vertex -5.55364496 0.69638225 0.00000000
      vertex -5.67963896 0.90444061 0.00000000
      vertex -5.96606327 0.72554058 0.00000000
    endloop
  endfacet
  facet normal 0.00000000 0.00000000 1.00000000
    outer loop
      vertex -5.83440873 0.52101779 0.00000000
      vertex -6.24929953 0.53770619 0.00000000
      vertex -6.11215531 0.33682399 0.00000000
    endloop
  endfacet
  facet normal 0.00000000 0.00000000 1.00000000
    outer loop
      vertex -5.83440873 0.52101779 0.00000000
      vertex -5.96606327 0.72554058 0.00000000
      vertex -6.24929953 0.53770619 0.00000000
    endloop
  endfacet
  facet normal 0.00000000 0.00000000 1.00000000
    outer loop
      vertex -6.11215531 0.33682399 0.00000000
      vertex -6.52934451 0.34094398 0.00000000
      vertex -6.38688791 0.14379431 0.00000000
    endloop
  endfacet
  facet normal 0.00000000 0.00000000 1.00000000
    outer loop
      vertex -6.11215531 0.33682399 0.00000000
      vertex -6.24929953 0.53770619 0.00000000
      vertex -6.52934451 0.34094398 0.00000000
    endloop
  endfacet
  facet normal 0.00000000 0.00000000 1.00000000
    outer loop
      vertex -6.38688791 0.14379431 0.00000000
      vertex -6.82071336 0.12447479 0.00000000
      vertex -6.64409139 -0.04729210 0.00000000
    endloop
  endfacet
  facet normal 0.00000000 0.00000000 1.00000000
    outer loop
      vertex -6.38688791 0.14379431 0.00000000
      vertex -6.52934451 0.34094398 0.00000000
      vertex -6.82071336 0.12447479 0.00000000
    endloop
  endfacet
  facet normal 0.00000000 0.00000000 1.00000000
    outer loop
      vertex -6.64409139 -0.04729210 0.00000000
      vertex -7.05207149 -0.20577613 0.00000000
      vertex -6.85541801 -0.34894916 0.00000000
    endloop
  endfacet
  facet normal 0.00000000 0.00000000 1.00000000
    outer loop
      vertex -6.64409139 -0.04729210 0.00000000
      vertex -6.82071336 0.12447479 0.00000000
      vertex -7.05207149 -0.20577613 0.00000000
    endloop
  endfacet
  facet normal 0.00000000 0.00000000 1.00000000
    outer loop
      vertex -6.85541801 -0.34894916 0.00000000
      vertex -7.27726307 -0.50353799 0.00000000
      vertex -7.08606261 -0.65392131 0.00000000
    endloop
  endfacet
  facet normal 0.00000000 0.00000000 1.00000000
    outer loop
      vertex -6.85541801 -0.34894916 0.00000000
      vertex -7.05207149 -0.20577613 0.00000000
      vertex -7.27726307 -0.50353799 0.00000000
    endloop
  endfacet
  facet normal 0.00000000 0.00000000 1.00000000
    outer loop
      vertex -7.08606261 -0.65392131 0.00000000
      vertex -7.50878040 -0.78667785 0.00000000
      vertex -7.32353290 -0.94434150 0.00000000
    endloop
  endfacet
  facet normal 0.00000000 0.00000000 1.00000000
    outer loop
      vertex -7.08606261 -0.65392131 0.00000000
      vertex -7.27726307 -0.50353799 0.00000000
      vertex -7.50878040 -0.78667785 0.00000000
    endloop
  endfacet
  facet normal 0.00000000 0.00000000 1.00000000
    outer loop
      vertex -7.32353290 -0.94434150 0.00000000
      vertex -7.74661405 -1.05521725 0.00000000
      vertex -7.56783830 -1.22018820 0.00000000
    endloop
  endfacet
  facet normal 0.00000000 0.00000000 1.00000000
    outer loop
      vertex -7.32353290 -0.94434150 0.00000000
      vertex -7.50878040 -0.78667785 0.00000000
      vertex -7.74661405 -1.05521725 0.00000000
    endloop
  endfacet
  facet normal 0.00000000 0.00000000 1.00000000
    outer loop
      vertex -7.56783830 -1.22018820 0.00000000
      vertex -7.99075758 -1.30918076 0.00000000
      vertex -7.81898526 -1.48143683 0.00000000
    endloop
  endfacet
  facet normal 0.00000000 0.00000000 1.00000000
    outer loop
      vertex -7.56783830 -1.22018820 0.00000000
      vertex -7.74661405 -1.05521725 0.00000000
      vertex -7.99075758 -1.30918076 0.00000000
    endloop
  endfacet
  facet normal 0.00000000 0.00000000 1.00000000
    outer loop
      vertex -7.81898526 -1.48143683 0.00000000
      vertex -8.24120825 -1.54859569 0.00000000
      vertex -8.07697652 -1.72806008 0.00000000
    endloop
  endfacet
  facet normal 0.00000000 0.00000000 1.00000000
    outer loop
      vertex -7.81898526 -1.48143683 0.00000000
      vertex -7.99075758 -1.30918076 0.00000000
      vertex -8.24120825 -1.54859569 0.00000000
    endloop
  endfacet
  facet normal 0.00000000 0.00000000 1.00000000
    outer loop
      vertex -8.07697652 -1.72806008 0.00000000
      vertex -8.49796772 -1.77349160 0.00000000
      vertex -8.34181041 -1.96002838 0.00000000
    endloop
  endfacet
  facet normal 0.00000000 0.00000000 1.00000000
    outer loop
      vertex -8.07697652 -1.72806008 0.00000000
      vertex -8.24120825 -1.54859569 0.00000000
      vertex -8.49796772 -1.77349160 0.00000000
    endloop
  endfacet
  facet normal 0.00000000 0.00000000 1.00000000
    outer loop
      vertex -8.34181041 -1.96002838 0.00000000
      vertex -8.76104267 -1.98389962 0.00000000
      vertex -8.61348026 -2.17731062 0.00000000
    endloop
  endfacet
  facet normal 0.00000000 0.00000000 1.00000000
    outer loop
      vertex -8.34181041 -1.96002838 0.00000000
      vertex -8.49796772 -1.77349160 0.00000000
      vertex -8.76104267 -1.98389962 0.00000000
    endloop
  endfacet
  facet normal 0.00000000 0.00000000 1.00000000
    outer loop
      vertex -8.61348026 -2.17731062 0.00000000
      vertex -9.03044522 -2.17985152 0.00000000
      vertex -8.89197394 -2.37987502 0.00000000
    endloop
  endfacet
  facet normal 0.00000000 0.00000000 1.00000000
    outer loop
      vertex -8.61348026 -2.17731062 0.00000000
      vertex -8.76104267 -1.98389962 0.00000000
      vertex -9.03044522 -2.17985152 0.00000000
    endloop
  endfacet
  facet normal 0.00000000 0.00000000 1.00000000
    outer loop
      vertex -8.89197394 -2.37987502 0.00000000
      vertex -9.30619315 -2.36137867 0.00000000
      vertex -9.17727367 -2.56769020 0.00000000
    endloop
  endfacet
  facet normal 0.00000000 0.00000000 1.00000000
    outer loop
      vertex -8.89197394 -2.37987502 0.00000000
      vertex -9.03044522 -2.17985152 0.00000000
      vertex -9.30619315 -2.36137867 0.00000000
    endloop
  endfacet
  facet normal 0.00000000 0.00000000 1.00000000
    outer loop
      vertex -9.17727367 -2.56769020 0.00000000
      vertex -9.58830980 -2.52851087 0.00000000
      vertex -9.46935614 -2.74072638 0.00000000
    endloop
  endfacet
  facet normal 0.00000000 0.00000000 1.00000000
    outer loop
      vertex -9.17727367 -2.56769020 0.00000000
      vertex -9.30619315 -2.36137867 0.00000000
      vertex -9.58830980 -2.52851087 0.00000000
    endloop
  endfacet
  facet normal 0.00000000 0.00000000 1.00000000
    outer loop
      vertex -9.46935614 -2.74072638 0.00000000
      vertex -9.87682363 -2.68127516 0.00000000
      vertex -9.76819284 -2.89895650 0.00000000
    endloop
  endfacet
  facet normal 0.00000000 0.00000000 1.00000000
    outer loop
      vertex -9.46935614 -2.74072638 0.00000000
      vertex -9.58830980 -2.52851087 0.00000000
      vertex -9.87682363 -2.68127516 0.00000000
    endloop
  endfacet
  facet normal 0.00000000 0.00000000 1.00000000
    outer loop
      vertex -9.76819284 -2.89895650 0.00000000
      vertex -10.17176756 -2.81969474 0.00000000
      vertex -10.07375089 -3.04235737 0.00000000
    endloop
  endfacet
  facet normal 0.00000000 0.00000000 1.00000000
    outer loop
      vertex -9.76819284 -2.89895650 0.00000000
      vertex -9.87682363 -2.68127516 0.00000000
      vertex -10.17176756 -2.81969474 0.00000000
    endloop
  endfacet
  facet normal 0.00000000 0.00000000 1.00000000
    outer loop
      vertex -10.07375089 -3.04235737 0.00000000
      vertex -10.47317790 -2.94378803 0.00000000
      vertex -10.38599396 -3.17091058 0.00000000
    endloop
  endfacet
  facet normal 0.00000000 0.00000000 1.00000000
    outer loop
      vertex -10.07375089 -3.04235737 0.00000000
      vertex -10.17176756 -2.81969474 0.00000000
      vertex -10.47317790 -2.94378803 0.00000000
    endloop
  endfacet
  facet normal 0.00000000 0.00000000 1.00000000
    outer loop
      vertex -10.38599396 -3.17091058 0.00000000
      vertex -10.78109313 -3.05356796 0.00000000
      vertex -10.70488359 -3.28460318 0.00000000
    endloop
  endfacet
  facet normal 0.00000000 0.00000000 1.00000000
    outer loop
      vertex -10.38599396 -3.17091058 0.00000000
      vertex -10.47317790 -2.94378803 0.00000000
      vertex -10.78109313 -3.05356796 0.00000000
    endloop
  endfacet
  facet normal 0.00000000 0.00000000 1.00000000
    outer loop
      vertex -10.70488359 -3.28460318 0.00000000
      vertex -11.09555256 -3.14904170 0.00000000
      vertex -11.03038044 -3.38342802 0.00000000
    endloop
  endfacet
  facet normal 0.00000000 0.00000000 1.00000000
    outer loop
      vertex -10.70488359 -3.28460318 0.00000000
      vertex -10.78109313 -3.05356796 0.00000000
      vertex -11.09555256 -3.14904170 0.00000000
    endloop
  endfacet
  facet normal 0.00000000 0.00000000 1.00000000
    outer loop
      vertex -11.03038044 -3.38342802 0.00000000
      vertex -11.41659497 -3.23021055 0.00000000
      vertex -11.36244575 -3.46738378 0.00000000
    endloop
  endfacet
  facet normal 0.00000000 0.00000000 1.00000000
    outer loop
      vertex -11.03038044 -3.38342802 0.00000000
      vertex -11.09555256 -3.14904170 0.00000000
      vertex -11.41659497 -3.23021055 0.00000000
    endloop
  endfacet
  facet normal 0.00000000 0.00000000 1.00000000
    outer loop
      vertex -11.36244575 -3.46738378 0.00000000
      vertex -11.73787297 -3.29576756 0.00000000
      vertex -11.70742691 -3.53777743 0.00000000
    endloop
  endfacet
  facet normal 0.00000000 0.00000000 1.00000000
    outer loop
      vertex -11.36244575 -3.46738378 0.00000000
      vertex -11.41659497 -3.23021055 0.00000000
      vertex -11.73787297 -3.29576756 0.00000000
    endloop
  endfacet
  facet normal 0.00000000 0.00000000 1.00000000
    outer loop
      vertex -11.70742691 -3.53777743 0.00000000
      vertex -12.02561649 -3.30988049 0.00000000
      vertex -12.01827748 -3.55302369 0.00000000
    endloop
  endfacet
  facet normal 0.00000000 0.00000000 1.00000000
    outer loop
      vertex -11.70742691 -3.53777743 0.00000000
      vertex -11.73787297 -3.29576756 0.00000000
      vertex -12.02561649 -3.30988049 0.00000000
    endloop
  endfacet
  facet normal 0.00000000 0.00000000 1.00000000
    outer loop
      vertex -12.01827748 -3.55302369 0.00000000
      vertex -12.31739624 -3.31318995 0.00000000
      vertex -12.31931260 -3.55643813 0.00000000
    endloop
  endfacet
  facet normal 0.00000000 0.00000000 1.00000000
    outer loop
      vertex -12.01827748 -3.55302369 0.00000000
      vertex -12.02561649 -3.30988049 0.00000000
      vertex -12.31739624 -3.31318995 0.00000000
    endloop
  endfacet
  facet normal 0.00000000 0.00000000 1.00000000
    outer loop
      vertex -12.31931260 -3.55643813 0.00000000
      vertex -12.60619928 -3.30536205 0.00000000
      vertex -12.61754521 -3.54835465 0.00000000
    endloop
  endfacet
  facet normal 0.00000000 -0.00000000 1.00000000
    outer loop
      vertex -12.31931260 -3.55643813 0.00000000
      vertex -12.31739624 -3.31318995 0.00000000
      vertex -12.60619928 -3.30536205 0.00000000
    endloop
  endfacet
  facet normal 0.00000000 0.00000000 1.00000000
    outer loop
      vertex -12.61754521 -3.54835465 0.00000000
      vertex -12.89204495 -3.28640587 0.00000000
      vertex -12.91295596 -3.52876415 0.00000000
    endloop
  endfacet
  facet normal 0.00000000 -0.00000000 1.00000000
    outer loop
      vertex -12.61754521 -3.54835465 0.00000000
      vertex -12.60619928 -3.30536205 0.00000000
      vertex -12.89204495 -3.28640587 0.00000000
    endloop
  endfacet
  facet normal 0.00000000 0.00000000 1.00000000
    outer loop
      vertex -12.91295596 -3.52876415 0.00000000
      vertex -13.17495450 -3.25632829 0.00000000
      vertex -13.20552361 -3.49765977 0.00000000
    endloop
  endfacet
  facet normal 0.00000000 -0.00000000 1.00000000
    outer loop
      vertex -12.91295596 -3.52876415 0.00000000
      vertex -12.89204495 -3.28640587 0.00000000
      vertex -13.17495450 -3.25632829 0.00000000
    endloop
  endfacet
  facet normal 0.00000000 0.00000000 1.00000000
    outer loop
      vertex -13.20552361 -3.49765977 0.00000000
      vertex -13.45495073 -3.21513363 0.00000000
      vertex -13.49522537 -3.45503718 0.00000000
    endloop
  endfacet
  facet normal 0.00000000 -0.00000000 1.00000000
    outer loop
      vertex -13.20552361 -3.49765977 0.00000000
      vertex -13.17495450 -3.25632829 0.00000000
      vertex -13.45495073 -3.21513363 0.00000000
    endloop
  endfacet
  facet normal 0.00000000 0.00000000 1.00000000
    outer loop
      vertex -13.49522537 -3.45503718 0.00000000
      vertex -13.73205745 -3.16282341 0.00000000
      vertex -13.78203740 -3.40089486 0.00000000
    endloop
  endfacet
  facet normal 0.00000000 -0.00000000 1.00000000
    outer loop
      vertex -13.49522537 -3.45503718 0.00000000
      vertex -13.45495073 -3.21513363 0.00000000
      vertex -13.73205745 -3.16282341 0.00000000
    endloop
  endfacet
  facet normal 0.00000000 0.00000000 1.00000000
    outer loop
      vertex -13.78203740 -3.40089486 0.00000000
      vertex -14.00629901 -3.09939618 0.00000000
      vertex -14.06593538 -3.33523426 0.00000000
    endloop
  endfacet
  facet normal 0.00000000 -0.00000000 1.00000000
    outer loop
      vertex -13.78203740 -3.40089486 0.00000000
      vertex -13.73205745 -3.16282341 0.00000000
      vertex -14.00629901 -3.09939618 0.00000000
    endloop
  endfacet
  facet normal 0.00000000 0.00000000 1.00000000
    outer loop
      vertex -14.06593538 -3.33523426 0.00000000
      vertex -14.27769960 -3.02484748 0.00000000
      vertex -14.34689510 -3.25805985 0.00000000
    endloop
  endfacet
  facet normal 0.00000000 -0.00000000 1.00000000
    outer loop
      vertex -14.06593538 -3.33523426 0.00000000
      vertex -14.00629901 -3.09939618 0.00000000
      vertex -14.27769960 -3.02484748 0.00000000
    endloop
  endfacet
  facet normal 0.00000000 0.00000000 1.00000000
    outer loop
      vertex -14.34689510 -3.25805985 0.00000000
      vertex -14.54628274 -2.93916993 0.00000000
      vertex -14.62489305 -3.16937899 0.00000000
    endloop
  endfacet
  facet normal 0.00000000 -0.00000000 1.00000000
    outer loop
      vertex -14.34689510 -3.25805985 0.00000000
      vertex -14.27769960 -3.02484748 0.00000000
      vertex -14.54628274 -2.93916993 0.00000000
    endloop
  endfacet
  facet normal 0.00000000 0.00000000 1.00000000
    outer loop
      vertex -14.62489305 -3.16937899 0.00000000
      vertex -14.81207063 -2.84235344 0.00000000
      vertex -14.89990703 -3.06920179 0.00000000
    endloop
  endfacet
  facet normal 0.00000000 -0.00000000 1.00000000
    outer loop
      vertex -14.62489305 -3.16937899 0.00000000
      vertex -14.54628274 -2.93916993 0.00000000
      vertex -14.81207063 -2.84235344 0.00000000
    endloop
  endfacet
  facet normal 0.00000000 0.00000000 1.00000000
    outer loop
      vertex -14.89990703 -3.06920179 0.00000000
      vertex -15.07508370 -2.73438550 0.00000000
      vertex -15.17191660 -2.95754075 0.00000000
    endloop
  endfacet
  facet normal 0.00000000 -0.00000000 1.00000000
    outer loop
      vertex -14.89990703 -3.06920179 0.00000000
      vertex -14.81207063 -2.84235344 0.00000000
      vertex -15.07508370 -2.73438550 0.00000000
    endloop
  endfacet
  facet normal 0.00000000 0.00000000 1.00000000
    outer loop
      vertex -15.17191660 -2.95754075 0.00000000
      vertex -15.33534016 -2.61525159 0.00000000
      vertex -15.44090357 -2.83441039 0.00000000
    endloop
  endfacet
  facet normal 0.00000000 -0.00000000 1.00000000
    outer loop
      vertex -15.17191660 -2.95754075 0.00000000
      vertex -15.07508370 -2.73438550 0.00000000
      vertex -15.33534016 -2.61525159 0.00000000
    endloop
  endfacet
  facet normal 0.00000000 0.00000000 1.00000000
    outer loop
      vertex -15.44090357 -2.83441039 0.00000000
      vertex -15.59285565 -2.48493563 0.00000000
      vertex -15.70685227 -2.69982679 0.00000000
    endloop
  endfacet
  facet normal 0.00000000 -0.00000000 1.00000000
    outer loop
      vertex -15.44090357 -2.83441039 0.00000000
      vertex -15.33534016 -2.61525159 0.00000000
      vertex -15.59285565 -2.48493563 0.00000000
    endloop
  endfacet
  facet normal 0.00000000 0.00000000 1.00000000
    outer loop
      vertex -15.70685227 -2.69982679 0.00000000
      vertex -15.84764311 -2.34342047 0.00000000
      vertex -15.96974980 -2.55380711 0.00000000
    endloop
  endfacet
  facet normal 0.00000000 -0.00000000 1.00000000
    outer loop
      vertex -15.70685227 -2.69982679 0.00000000
      vertex -15.59285565 -2.48493563 0.00000000
      vertex -15.84764311 -2.34342047 0.00000000
    endloop
  endfacet
  facet normal 0.00000000 0.00000000 1.00000000
    outer loop
      vertex -15.96974980 -2.55380711 0.00000000
      vertex -16.09971262 -2.19068838 0.00000000
      vertex -16.22958604 -2.39636906 0.00000000
    endloop
  endfacet
  facet normal 0.00000000 -0.00000000 1.00000000
    outer loop
      vertex -15.96974980 -2.55380711 0.00000000
      vertex -15.84764311 -2.34342047 0.00000000
      vertex -16.09971262 -2.19068838 0.00000000
    endloop
  endfacet
  facet normal 0.00000000 0.00000000 1.00000000
    outer loop
      vertex -16.22958604 -2.39636906 0.00000000
      vertex -16.34907148 -2.02672151 0.00000000
      vertex -16.48635371 -2.22753050 0.00000000
    endloop
  endfacet
  facet normal 0.00000000 -0.00000000 1.00000000
    outer loop
      vertex -16.22958604 -2.39636906 0.00000000
      vertex -16.09971262 -2.19068838 0.00000000
      vertex -16.34907148 -2.02672151 0.00000000
    endloop
  endfacet
  facet normal 0.00000000 0.00000000 1.00000000
    outer loop
      vertex -16.48635371 -2.22753050 0.00000000
      vertex -16.58007375 -1.86262028 0.00000000
      vertex -16.75569875 -2.03619102 0.00000000
    endloop
  endfacet
  facet normal 0.00000000 -0.00000000 1.00000000
    outer loop
      vertex -16.48635371 -2.22753050 0.00000000
      vertex -16.34907148 -2.02672151 0.00000000
      vertex -16.58007375 -1.86262028 0.00000000
    endloop
  endfacet
  facet normal 0.00000000 -0.00000000 1.00000000
    outer loop
      vertex -16.75569875 -2.03619102 0.00000000
      vertex -16.71800089 -1.66354264 0.00000000
      vertex -16.91967116 -1.79952084 0.00000000
    endloop
  endfacet
  facet normal 0.00000000 0.00000000 1.00000000
    outer loop
      vertex -16.75569875 -2.03619102 0.00000000
      vertex -16.58007375 -1.86262028 0.00000000
      vertex -16.71800089 -1.66354264 0.00000000
    endloop
  endfacet
  facet normal 0.00000000 -0.00000000 1.00000000
    outer loop
      vertex -16.91967116 -1.79952084 0.00000000
      vertex -16.86074058 -1.44595282 0.00000000
      vertex -17.06580924 -1.57675057 0.00000000
    endloop
  endfacet
  facet normal 0.00000000 0.00000000 1.00000000
    outer loop
      vertex -16.91967116 -1.79952084 0.00000000
      vertex -16.71800089 -1.66354264 0.00000000
      vertex -16.86074058 -1.44595282 0.00000000
    endloop
  endfacet
  facet normal 0.00000000 -0.00000000 1.00000000
    outer loop
      vertex -17.06580924 -1.57675057 0.00000000
      vertex -16.99701687 -1.22613095 0.00000000
      vertex -17.20538896 -1.35160008 0.00000000
    endloop
  endfacet
  facet normal 0.00000000 0.00000000 1.00000000
    outer loop
      vertex -17.06580924 -1.57675057 0.00000000
      vertex -16.86074058 -1.44595282 0.00000000
      vertex -16.99701687 -1.22613095 0.00000000
    endloop
  endfacet
  facet normal 0.00000000 -0.00000000 1.00000000
    outer loop
      vertex -17.20538896 -1.35160008 0.00000000
      vertex -17.12683504 -1.00407366 0.00000000
      vertex -17.33840501 -1.12407275 0.00000000
    endloop
  endfacet
  facet normal 0.00000000 0.00000000 1.00000000
    outer loop
      vertex -17.20538896 -1.35160008 0.00000000
      vertex -16.99701687 -1.22613095 0.00000000
      vertex -17.12683504 -1.00407366 0.00000000
    endloop
  endfacet
  facet normal 0.00000000 -0.00000000 1.00000000
    outer loop
      vertex -17.33840501 -1.12407275 0.00000000
      vertex -17.25020025 -0.77977704 0.00000000
      vertex -17.46485226 -0.89417250 0.00000000
    endloop
  endfacet
  facet normal 0.00000000 0.00000000 1.00000000
    outer loop
      vertex -17.33840501 -1.12407275 0.00000000
      vertex -17.12683504 -1.00407366 0.00000000
      vertex -17.25020025 -0.77977704 0.00000000
    endloop
  endfacet
  facet normal 0.00000000 -0.00000000 1.00000000
    outer loop
      vertex -17.46485226 -0.89417250 0.00000000
      vertex -17.36711740 -0.55323662 0.00000000
      vertex -17.58472579 -0.66190376 0.00000000
    endloop
  endfacet
  facet normal 0.00000000 0.00000000 1.00000000
    outer loop
      vertex -17.46485226 -0.89417250 0.00000000
      vertex -17.25020025 -0.77977704 0.00000000
      vertex -17.36711740 -0.55323662 0.00000000
    endloop
  endfacet
  facet normal 0.00000000 -0.00000000 1.00000000
    outer loop
      vertex -17.58472579 -0.66190376 0.00000000
      vertex -17.47759114 -0.32444747 0.00000000
      vertex -17.69802095 -0.42727151 0.00000000
    endloop
  endfacet
  facet normal 0.00000000 0.00000000 1.00000000
    outer loop
      vertex -17.58472579 -0.66190376 0.00000000
      vertex -17.36711740 -0.55323662 0.00000000
      vertex -17.47759114 -0.32444747 0.00000000
    endloop
  endfacet
  facet normal 0.00000000 -0.00000000 1.00000000
    outer loop
      vertex -17.69802095 -0.42727151 0.00000000
      vertex -17.58162578 -0.09340415 0.00000000
      vertex -17.80473344 -0.19028115 0.00000000
    endloop
  endfacet
  facet normal 0.00000000 0.00000000 1.00000000
    outer loop
      vertex -17.69802095 -0.42727151 0.00000000
      vertex -17.47759114 -0.32444747 0.00000000
      vertex -17.58162578 -0.09340415 0.00000000
    endloop
  endfacet
  facet normal 0.00000000 -0.00000000 1.00000000
    outer loop
      vertex -17.80473344 -0.19028115 0.00000000
      vertex -17.67922523 0.13989917 0.00000000
      vertex -17.90485935 0.04906147 0.00000000
    endloop
  endfacet
  facet normal 0.00000000 0.00000000 1.00000000
    outer loop
      vertex -17.80473344 -0.19028115 0.00000000
      vertex -17.58162578 -0.09340415 0.00000000
      vertex -17.67922523 0.13989917 0.00000000
    endloop
  endfacet
  facet normal 0.00000000 -0.00000000 1.00000000
    outer loop
      vertex -17.90485935 0.04906147 0.00000000
      vertex -17.77039294 0.37546869 0.00000000
      vertex -17.99839522 0.29075015 0.00000000
    endloop
  endfacet
  facet normal 0.00000000 0.00000000 1.00000000
    outer loop
      vertex -17.90485935 0.04906147 0.00000000
      vertex -17.67922523 0.13989917 0.00000000
      vertex -17.77039294 0.37546869 0.00000000
    endloop
  endfacet
  facet normal 0.00000000 -0.00000000 1.00000000
    outer loop
      vertex -17.99839522 0.29075015 0.00000000
      vertex -17.85513187 0.61331095 0.00000000
      vertex -18.08533810 0.53477836 0.00000000
    endloop
  endfacet
  facet normal 0.00000000 0.00000000 1.00000000
    outer loop
      vertex -17.99839522 0.29075015 0.00000000
      vertex -17.77039294 0.37546869 0.00000000
      vertex -17.85513187 0.61331095 0.00000000
    endloop
  endfacet
  facet normal 0.00000000 -0.00000000 1.00000000
    outer loop
      vertex -18.08533810 0.53477836 0.00000000
      vertex -17.93344445 0.85343267 0.00000000
      vertex -18.16568555 0.78113937 0.00000000
    endloop
  endfacet
  facet normal 0.00000000 0.00000000 1.00000000
    outer loop
      vertex -18.08533810 0.53477836 0.00000000
      vertex -17.85513187 0.61331095 0.00000000
      vertex -17.93344445 0.85343267 0.00000000
    endloop
  endfacet
  facet normal 0.00000000 -0.00000000 1.00000000
    outer loop
      vertex -18.16568555 0.78113937 0.00000000
      vertex -18.00533257 1.09584077 0.00000000
      vertex -18.23943569 1.02982626 0.00000000
    endloop
  endfacet
  facet normal 0.00000000 0.00000000 1.00000000
    outer loop
      vertex -18.16568555 0.78113937 0.00000000
      vertex -17.93344445 0.85343267 0.00000000
      vertex -18.00533257 1.09584077 0.00000000
    endloop
  endfacet
  facet normal 0.00000000 -0.00000000 1.00000000
    outer loop
      vertex -18.23943569 1.02982626 0.00000000
      vertex -18.07079752 1.34054225 0.00000000
      vertex -18.30658723 1.28083205 0.00000000
    endloop
  endfacet
  facet normal 0.00000000 0.00000000 1.00000000
    outer loop
      vertex -18.23943569 1.02982626 0.00000000
      vertex -18.00533257 1.09584077 0.00000000
      vertex -18.07079752 1.34054225 0.00000000
    endloop
  endfacet
  facet normal 0.00000000 -0.00000000 1.00000000
    outer loop
      vertex -18.30658723 1.28083205 0.00000000
      vertex -18.12984002 1.58754410 0.00000000
      vertex -18.36713945 1.53414972 0.00000000
    endloop
  endfacet
  facet normal 0.00000000 0.00000000 1.00000000
    outer loop
      vertex -18.30658723 1.28083205 0.00000000
      vertex -18.07079752 1.34054225 0.00000000
      vertex -18.12984002 1.58754410 0.00000000
    endloop
  endfacet
  facet normal 0.00000000 -0.00000000 1.00000000
    outer loop
      vertex -18.36713945 1.53414972 0.00000000
      vertex -18.18246022 1.83685326 0.00000000
      vertex -18.42109219 1.78977235 0.00000000
    endloop
  endfacet
  facet normal 0.00000000 0.00000000 1.00000000
    outer loop
      vertex -18.36713945 1.53414972 0.00000000
      vertex -18.12984002 1.58754410 0.00000000
      vertex -18.18246022 1.83685326 0.00000000
    endloop
  endfacet
  facet normal 0.00000000 -0.00000000 1.00000000
    outer loop
      vertex -18.42109219 1.78977235 0.00000000
      vertex -18.22865770 2.08847654 0.00000000
      vertex -18.46844587 2.04769312 0.00000000
    endloop
  endfacet
  facet normal 0.00000000 0.00000000 1.00000000
    outer loop
      vertex -18.42109219 1.78977235 0.00000000
      vertex -18.18246022 1.83685326 0.00000000
      vertex -18.22865770 2.08847654 0.00000000
    endloop
  endfacet
  facet normal 0.00000000 -0.00000000 1.00000000
    outer loop
      vertex -18.46844587 2.04769312 0.00000000
      vertex -18.26631869 2.32893084 0.00000000
      vertex -18.51131427 2.32139514 0.00000000
    endloop
  endfacet
  facet normal 0.00000000 0.00000000 1.00000000
    outer loop
      vertex -18.46844587 2.04769312 0.00000000
      vertex -18.22865770 2.08847654 0.00000000
      vertex -18.26631869 2.32893084 0.00000000
    endloop
  endfacet
  facet normal 0.00000000 0.00000000 1.00000000
    outer loop
      vertex -18.51131427 2.32139514 0.00000000
      vertex -18.23918954 2.61710640 0.00000000
      vertex -18.48061415 2.64750278 0.00000000
    endloop
  endfacet
  facet normal 0.00000000 0.00000000 1.00000000
    outer loop
      vertex -18.51131427 2.32139514 0.00000000
      vertex -18.26631869 2.32893084 0.00000000
      vertex -18.23918954 2.61710640 0.00000000
    endloop
  endfacet
  facet normal 0.00000000 0.00000000 1.00000000
    outer loop
      vertex -18.48061415 2.64750278 0.00000000
      vertex -18.19368035 2.90528616 0.00000000
      vertex -18.43265553 2.95119321 0.00000000
    endloop
  endfacet
  facet normal -0.00000000 0.00000000 1.00000000
    outer loop
      vertex -18.48061415 2.64750278 0.00000000
      vertex -18.23918954 2.61710640 0.00000000
      vertex -18.19368035 2.90528616 0.00000000
    endloop
  endfacet
  facet normal 0.00000000 0.00000000 1.00000000
    outer loop
      vertex -18.43265553 2.95119321 0.00000000
      vertex -18.13095477 3.18195368 0.00000000
      vertex -18.36627476 3.24398287 0.00000000
    endloop
  endfacet
  facet normal -0.00000000 0.00000000 1.00000000
    outer loop
      vertex -18.43265553 2.95119321 0.00000000
      vertex -18.19368035 2.90528616 0.00000000
      vertex -18.13095477 3.18195368 0.00000000
    endloop
  endfacet
  facet normal 0.00000000 0.00000000 1.00000000
    outer loop
      vertex -18.36627476 3.24398287 0.00000000
      vertex -18.05107136 3.44721080 0.00000000
      vertex -18.28141328 3.52576991 0.00000000
    endloop
  endfacet
  facet normal -0.00000000 0.00000000 1.00000000
    outer loop
      vertex -18.36627476 3.24398287 0.00000000
      vertex -18.13095477 3.18195368 0.00000000
      vertex -18.05107136 3.44721080 0.00000000
    endloop
  endfacet
  facet normal 0.00000000 0.00000000 1.00000000
    outer loop
      vertex -18.28141328 3.52576991 0.00000000
      vertex -17.95406615 3.70118366 0.00000000
      vertex -18.17803506 3.79642821 0.00000000
    endloop
  endfacet
  facet normal -0.00000000 0.00000000 1.00000000
    outer loop
      vertex -18.28141328 3.52576991 0.00000000
      vertex -18.05107136 3.44721080 0.00000000
      vertex -17.95406615 3.70118366 0.00000000
    endloop
  endfacet
  facet normal 0.00000000 0.00000000 1.00000000
    outer loop
      vertex -18.17803506 3.79642821 0.00000000
      vertex -17.83994490 3.94401599 0.00000000
      vertex -18.05613434 4.05581403 0.00000000
    endloop
  endfacet
  facet normal -0.00000000 0.00000000 1.00000000
    outer loop
      vertex -18.17803506 3.79642821 0.00000000
      vertex -17.95406615 3.70118366 0.00000000
      vertex -17.83994490 3.94401599 0.00000000
    endloop
  endfacet
  facet normal 0.00000000 0.00000000 1.00000000
    outer loop
      vertex -18.05613434 4.05581403 0.00000000
      vertex -17.70867802 4.17585876 0.00000000
      vertex -17.91574072 4.30377640 0.00000000
    endloop
  endfacet
  facet normal -0.00000000 0.00000000 1.00000000
    outer loop
      vertex -18.05613434 4.05581403 0.00000000
      vertex -17.83994490 3.94401599 0.00000000
      vertex -17.70867802 4.17585876 0.00000000
    endloop
  endfacet
  facet normal 0.00000000 0.00000000 1.00000000
    outer loop
      vertex -17.91574072 4.30377640 0.00000000
      vertex -17.56019997 4.39685746 0.00000000
      vertex -17.75691972 4.54016982 0.00000000
    endloop
  endfacet
  facet normal -0.00000000 0.00000000 1.00000000
    outer loop
      vertex -17.91574072 4.30377640 0.00000000
      vertex -17.70867802 4.17585876 0.00000000
      vertex -17.56019997 4.39685746 0.00000000
    endloop
  endfacet
  facet normal 0.00000000 0.00000000 1.00000000
    outer loop
      vertex -17.75691972 4.54016982 0.00000000
      vertex -17.39441362 4.60713946 0.00000000
      vertex -17.57976848 4.76486694 0.00000000
    endloop
  endfacet
  facet normal -0.00000000 0.00000000 1.00000000
    outer loop
      vertex -17.75691972 4.54016982 0.00000000
      vertex -17.56019997 4.39685746 0.00000000
      vertex -17.39441362 4.60713946 0.00000000
    endloop
  endfacet
  facet normal 0.00000000 0.00000000 1.00000000
    outer loop
      vertex -17.57976848 4.76486694 0.00000000
      vertex -17.21119908 4.80680368 0.00000000
      vertex -17.38440689 4.97776882 0.00000000
    endloop
  endfacet
  facet normal -0.00000000 0.00000000 1.00000000
    outer loop
      vertex -17.57976848 4.76486694 0.00000000
      vertex -17.39441362 4.60713946 0.00000000
      vertex -17.21119908 4.80680368 0.00000000
    endloop
  endfacet
  facet normal 0.00000000 0.00000000 1.00000000
    outer loop
      vertex -17.38440689 4.97776882 0.00000000
      vertex -17.01042517 4.99591471 0.00000000
      vertex -17.17096614 5.17881089 0.00000000
    endloop
  endfacet
  facet normal -0.00000000 0.00000000 1.00000000
    outer loop
      vertex -17.38440689 4.97776882 0.00000000
      vertex -17.21119908 4.80680368 0.00000000
      vertex -17.01042517 4.99591471 0.00000000
    endloop
  endfacet
  facet normal -0.00000000 0.00000000 1.00000000
    outer loop
      vertex -17.17096614 5.17881089 0.00000000
      vertex -16.79196115 5.17450181 0.00000000
      vertex -16.93957695 5.36796388 0.00000000
    endloop
  endfacet
  facet normal 0.00000000 0.00000000 1.00000000
    outer loop
      vertex -17.17096614 5.17881089 0.00000000
      vertex -17.01042517 4.99591471 0.00000000
      vertex -16.79196115 5.17450181 0.00000000
    endloop
  endfacet
  facet normal -0.00000000 0.00000000 1.00000000
    outer loop
      vertex -16.93957695 5.36796388 0.00000000
      vertex -16.55568668 5.34256228 0.00000000
      vertex -16.69035969 5.54523047 0.00000000
    endloop
  endfacet
  facet normal 0.00000000 0.00000000 1.00000000
    outer loop
      vertex -16.93957695 5.36796388 0.00000000
      vertex -16.79196115 5.17450181 0.00000000
      vertex -16.55568668 5.34256228 0.00000000
    endloop
  endfacet
  facet normal -0.00000000 0.00000000 1.00000000
    outer loop
      vertex -16.69035969 5.54523047 0.00000000
      vertex -16.30149868 5.50006777 0.00000000
      vertex -16.42341740 5.71063905 0.00000000
    endloop
  endfacet
  facet normal 0.00000000 0.00000000 1.00000000
    outer loop
      vertex -16.69035969 5.54523047 0.00000000
      vertex -16.55568668 5.34256228 0.00000000
      vertex -16.30149868 5.50006777 0.00000000
    endloop
  endfacet
  facet normal -0.00000000 0.00000000 1.00000000
    outer loop
      vertex -16.42341740 5.71063905 0.00000000
      vertex -16.02931482 5.64697171 0.00000000
      vertex -16.13883244 5.86423616 0.00000000
    endloop
  endfacet
  facet normal 0.00000000 0.00000000 1.00000000
    outer loop
      vertex -16.42341740 5.71063905 0.00000000
      vertex -16.30149868 5.50006777 0.00000000
      vertex -16.02931482 5.64697171 0.00000000
    endloop
  endfacet
  facet normal -0.00000000 0.00000000 1.00000000
    outer loop
      vertex -16.13883244 5.86423616 0.00000000
      vertex -15.73907402 5.78321664 0.00000000
      vertex -15.83666588 6.00607927 0.00000000
    endloop
  endfacet
  facet normal 0.00000000 0.00000000 1.00000000
    outer loop
      vertex -16.13883244 5.86423616 0.00000000
      vertex -16.02931482 5.64697171 0.00000000
      vertex -15.73907402 5.78321664 0.00000000
    endloop
  endfacet
  facet normal -0.00000000 0.00000000 1.00000000
    outer loop
      vertex -15.83666588 6.00607927 0.00000000
      vertex -15.43073482 5.90874031 0.00000000
      vertex -15.51695917 6.13623062 0.00000000
    endloop
  endfacet
  facet normal 0.00000000 0.00000000 1.00000000
    outer loop
      vertex -15.83666588 6.00607927 0.00000000
      vertex -15.73907402 5.78321664 0.00000000
      vertex -15.43073482 5.90874031 0.00000000
    endloop
  endfacet
  facet normal -0.00000000 0.00000000 1.00000000
    outer loop
      vertex -15.51695917 6.13623062 0.00000000
      vertex -15.10549757 6.02304991 0.00000000
      vertex -15.17851199 6.25518305 0.00000000
    endloop
  endfacet
  facet normal 0.00000000 0.00000000 1.00000000
    outer loop
      vertex -15.51695917 6.13623062 0.00000000
      vertex -15.43073482 5.90874031 0.00000000
      vertex -15.10549757 6.02304991 0.00000000
    endloop
  endfacet
  facet normal -0.00000000 0.00000000 1.00000000
    outer loop
      vertex -15.17851199 6.25518305 0.00000000
      vertex -14.43806304 6.20884561 0.00000000
      vertex -14.50328678 6.44314746 0.00000000
    endloop
  endfacet
  facet normal 0.00000000 0.00000000 1.00000000
    outer loop
      vertex -15.17851199 6.25518305 0.00000000
      vertex -15.10549757 6.02304991 0.00000000
      vertex -14.43806304 6.20884561 0.00000000
    endloop
  endfacet
  facet normal -0.00000000 0.00000000 1.00000000
    outer loop
      vertex -14.50328678 6.44314746 0.00000000
      vertex -13.76674201 6.39572577 0.00000000
      vertex -13.83196659 6.63002740 0.00000000
    endloop
  endfacet
  facet normal 0.00000000 0.00000000 1.00000000
    outer loop
      vertex -14.50328678 6.44314746 0.00000000
      vertex -14.43806304 6.20884561 0.00000000
      vertex -13.76674201 6.39572577 0.00000000
    endloop
  endfacet
  facet normal -0.00000000 0.00000000 1.00000000
    outer loop
      vertex -13.83196659 6.63002740 0.00000000
      vertex -13.09543025 6.58260594 0.00000000
      vertex -13.16065566 6.81690733 0.00000000
    endloop
  endfacet
  facet normal 0.00000000 0.00000000 1.00000000
    outer loop
      vertex -13.83196659 6.63002740 0.00000000
      vertex -13.76674201 6.39572577 0.00000000
      vertex -13.09543025 6.58260594 0.00000000
    endloop
  endfacet
  facet normal -0.00000000 0.00000000 1.00000000
    outer loop
      vertex -13.16065566 6.81690733 0.00000000
      vertex -12.42412775 6.76948611 0.00000000
      vertex -12.48935399 7.00378727 0.00000000
    endloop
  endfacet
  facet normal 0.00000000 0.00000000 1.00000000
    outer loop
      vertex -13.16065566 6.81690733 0.00000000
      vertex -13.09543025 6.58260594 0.00000000
      vertex -12.42412775 6.76948611 0.00000000
    endloop
  endfacet
  facet normal -0.00000000 0.00000000 1.00000000
    outer loop
      vertex -12.48935399 7.00378727 0.00000000
      vertex -11.75283451 6.95636628 0.00000000
      vertex -11.81806159 7.19066721 0.00000000
    endloop
  endfacet
  facet normal 0.00000000 0.00000000 1.00000000
    outer loop
      vertex -12.48935399 7.00378727 0.00000000
      vertex -12.42412775 6.76948611 0.00000000
      vertex -11.75283451 6.95636628 0.00000000
    endloop
  endfacet
  facet normal -0.00000000 0.00000000 1.00000000
    outer loop
      vertex -11.81806159 7.19066721 0.00000000
      vertex -11.08155053 7.14324645 0.00000000
      vertex -11.14677844 7.37754714 0.00000000
    endloop
  endfacet
  facet normal 0.00000000 0.00000000 1.00000000
    outer loop
      vertex -11.81806159 7.19066721 0.00000000
      vertex -11.75283451 6.95636628 0.00000000
      vertex -11.08155053 7.14324645 0.00000000
    endloop
  endfacet
  facet normal -0.00000000 0.00000000 1.00000000
    outer loop
      vertex -11.14677844 7.37754714 0.00000000
      vertex -10.41027581 7.33012662 0.00000000
      vertex -10.47550456 7.56442708 0.00000000
    endloop
  endfacet
  facet normal 0.00000000 0.00000000 1.00000000
    outer loop
      vertex -11.14677844 7.37754714 0.00000000
      vertex -11.08155053 7.14324645 0.00000000
      vertex -10.41027581 7.33012662 0.00000000
    endloop
  endfacet
  facet normal -0.00000000 0.00000000 1.00000000
    outer loop
      vertex -10.47550456 7.56442708 0.00000000
      vertex -9.73901035 7.51700679 0.00000000
      vertex -9.80423994 7.75130702 0.00000000
    endloop
  endfacet
  facet normal 0.00000000 0.00000000 1.00000000
    outer loop
      vertex -10.47550456 7.56442708 0.00000000
      vertex -10.41027581 7.33012662 0.00000000
      vertex -9.73901035 7.51700679 0.00000000
    endloop
  endfacet
  facet normal -0.00000000 0.00000000 1.00000000
    outer loop
      vertex -9.80423994 7.75130702 0.00000000
      vertex -9.06775416 7.70388696 0.00000000
      vertex -9.13298458 7.93818695 0.00000000
    endloop
  endfacet
  facet normal 0.00000000 0.00000000 1.00000000
    outer loop
      vertex -9.80423994 7.75130702 0.00000000
      vertex -9.73901035 7.51700679 0.00000000
      vertex -9.06775416 7.70388696 0.00000000
    endloop
  endfacet
  facet normal -0.00000000 0.00000000 1.00000000
    outer loop
      vertex -9.13298458 7.93818695 0.00000000
      vertex -8.39650723 7.89076713 0.00000000
      vertex -8.46173848 8.12506689 0.00000000
    endloop
  endfacet
  facet normal 0.00000000 0.00000000 1.00000000
    outer loop
      vertex -9.13298458 7.93818695 0.00000000
      vertex -9.06775416 7.70388696 0.00000000
      vertex -8.39650723 7.89076713 0.00000000
    endloop
  endfacet
  facet normal -0.00000000 0.00000000 1.00000000
    outer loop
      vertex -8.46173848 8.12506689 0.00000000
      vertex -7.72526955 8.07764730 0.00000000
      vertex -7.79050165 8.31194683 0.00000000
    endloop
  endfacet
  facet normal 0.00000000 0.00000000 1.00000000
    outer loop
      vertex -8.46173848 8.12506689 0.00000000
      vertex -8.39650723 7.89076713 0.00000000
      vertex -7.72526955 8.07764730 0.00000000
    endloop
  endfacet
  facet normal -0.00000000 0.00000000 1.00000000
    outer loop
      vertex -7.79050165 8.31194683 0.00000000
      vertex -7.05404114 8.26452747 0.00000000
      vertex -7.11927407 8.49882677 0.00000000
    endloop
  endfacet
  facet normal 0.00000000 0.00000000 1.00000000
    outer loop
      vertex -7.79050165 8.31194683 0.00000000
      vertex -7.72526955 8.07764730 0.00000000
      vertex -7.05404114 8.26452747 0.00000000
    endloop
  endfacet
  facet normal -0.00000000 0.00000000 1.00000000
    outer loop
      vertex -7.11927407 8.49882677 0.00000000
      vertex -6.38282200 8.45140764 0.00000000
      vertex -6.44805576 8.68570670 0.00000000
    endloop
  endfacet
  facet normal 0.00000000 0.00000000 1.00000000
    outer loop
      vertex -7.11927407 8.49882677 0.00000000
      vertex -7.05404114 8.26452747 0.00000000
      vertex -6.38282200 8.45140764 0.00000000
    endloop
  endfacet
  facet normal -0.00000000 0.00000000 1.00000000
    outer loop
      vertex -6.44805576 8.68570670 0.00000000
      vertex -5.71161211 8.63828781 0.00000000
      vertex -5.77684671 8.87258664 0.00000000
    endloop
  endfacet
  facet normal 0.00000000 0.00000000 1.00000000
    outer loop
      vertex -6.44805576 8.68570670 0.00000000
      vertex -6.38282200 8.45140764 0.00000000
      vertex -5.71161211 8.63828781 0.00000000
    endloop
  endfacet
  facet normal -0.00000000 0.00000000 1.00000000
    outer loop
      vertex -5.77684671 8.87258664 0.00000000
      vertex -5.04041148 8.82516798 0.00000000
      vertex -5.10564692 9.05946658 0.00000000
    endloop
  endfacet
  facet normal 0.00000000 0.00000000 1.00000000
    outer loop
      vertex -5.77684671 8.87258664 0.00000000
      vertex -5.71161211 8.63828781 0.00000000
      vertex -5.04041148 8.82516798 0.00000000
    endloop
  endfacet
  facet normal -0.00000000 0.00000000 1.00000000
    outer loop
      vertex -5.10564692 9.05946658 0.00000000
      vertex -4.36922012 9.01204815 0.00000000
      vertex -4.43445639 9.24634651 0.00000000
    endloop
  endfacet
  facet normal 0.00000000 0.00000000 1.00000000
    outer loop
      vertex -5.10564692 9.05946658 0.00000000
      vertex -5.04041148 8.82516798 0.00000000
      vertex -4.36922012 9.01204815 0.00000000
    endloop
  endfacet
  facet normal -0.00000000 0.00000000 1.00000000
    outer loop
      vertex -4.43445639 9.24634651 0.00000000
      vertex -3.69803802 9.19892832 0.00000000
      vertex -3.76327512 9.43322645 0.00000000
    endloop
  endfacet
  facet normal 0.00000000 0.00000000 1.00000000
    outer loop
      vertex -4.43445639 9.24634651 0.00000000
      vertex -4.36922012 9.01204815 0.00000000
      vertex -3.69803802 9.19892832 0.00000000
    endloop
  endfacet
  facet normal -0.00000000 0.00000000 1.00000000
    outer loop
      vertex -3.76327512 9.43322645 0.00000000
      vertex -3.03624649 9.38319637 0.00000000
      vertex -3.08272181 9.62271850 0.00000000
    endloop
  endfacet
  facet normal 0.00000000 0.00000000 1.00000000
    outer loop
      vertex -3.76327512 9.43322645 0.00000000
      vertex -3.69803802 9.19892832 0.00000000
      vertex -3.03624649 9.38319637 0.00000000
    endloop
  endfacet
  facet normal -0.00000000 0.00000000 1.00000000
    outer loop
      vertex -3.08272181 9.62271850 0.00000000
      vertex -2.30532190 9.46521459 0.00000000
      vertex -2.33244276 9.70690851 0.00000000
    endloop
  endfacet
  facet normal 0.00000000 0.00000000 1.00000000
    outer loop
      vertex -3.08272181 9.62271850 0.00000000
      vertex -3.03624649 9.38319637 0.00000000
      vertex -2.30532190 9.46521459 0.00000000
    endloop
  endfacet
  facet normal -0.00000000 0.00000000 1.00000000
    outer loop
      vertex -2.33244276 9.70690851 0.00000000
      vertex -1.56472008 9.54831869 0.00000000
      vertex -1.59184094 9.79001262 0.00000000
    endloop
  endfacet
  facet normal 0.00000000 0.00000000 1.00000000
    outer loop
      vertex -2.33244276 9.70690851 0.00000000
      vertex -2.30532190 9.46521459 0.00000000
      vertex -1.56472008 9.54831869 0.00000000
    endloop
  endfacet
  facet normal -0.00000000 0.00000000 1.00000000
    outer loop
      vertex -1.59184094 9.79001262 0.00000000
      vertex -0.82411827 9.63142280 0.00000000
      vertex -0.85123913 9.87311673 0.00000000
    endloop
  endfacet
  facet normal 0.00000000 0.00000000 1.00000000
    outer loop
      vertex -1.59184094 9.79001262 0.00000000
      vertex -1.56472008 9.54831869 0.00000000
      vertex -0.82411827 9.63142280 0.00000000
    endloop
  endfacet
  facet normal -0.00000000 0.00000000 1.00000000
    outer loop
      vertex -0.85123913 9.87311673 0.00000000
      vertex -0.08351645 9.71452691 0.00000000
      vertex -0.11063731 9.95622084 0.00000000
    endloop
  endfacet
  facet normal 0.00000000 0.00000000 1.00000000
    outer loop
      vertex -0.85123913 9.87311673 0.00000000
      vertex -0.82411827 9.63142280 0.00000000
      vertex -0.08351645 9.71452691 0.00000000
    endloop
  endfacet
  facet normal -0.00000000 0.00000000 1.00000000
    outer loop
      vertex -0.11063731 9.95622084 0.00000000
      vertex 0.65708537 9.79763102 0.00000000
      vertex 0.62996451 10.03932495 0.00000000
    endloop
  endfacet
  facet normal 0.00000000 0.00000000 1.00000000
    outer loop
      vertex -0.11063731 9.95622084 0.00000000
      vertex -0.08351645 9.71452691 0.00000000
      vertex 0.65708537 9.79763102 0.00000000
    endloop
  endfacet
  facet normal -0.00000000 0.00000000 1.00000000
    outer loop
      vertex 0.62996451 10.03932495 0.00000000
      vertex 1.39768718 9.88073513 0.00000000
      vertex 1.37056632 10.12242906 0.00000000
    endloop
  endfacet
  facet normal 0.00000000 0.00000000 1.00000000
    outer loop
      vertex 0.62996451 10.03932495 0.00000000
      vertex 0.65708537 9.79763102 0.00000000
      vertex 1.39768718 9.88073513 0.00000000
    endloop
  endfacet
  facet normal -0.00000000 0.00000000 1.00000000
    outer loop
      vertex 1.37056632 10.12242906 0.00000000
      vertex 2.13828900 9.96383924 0.00000000
      vertex 2.11116814 10.20553317 0.00000000
    endloop
  endfacet
  facet normal 0.00000000 0.00000000 1.00000000
    outer loop
      vertex 1.37056632 10.12242906 0.00000000
      vertex 1.39768718 9.88073513 0.00000000
      vertex 2.13828900 9.96383924 0.00000000
    endloop
  endfacet
  facet normal -0.00000000 0.00000000 1.00000000
    outer loop
      vertex 2.11116814 10.20553317 0.00000000
      vertex 2.87889082 10.04694335 0.00000000
      vertex 2.85176996 10.28863728 0.00000000
    endloop
  endfacet
  facet normal 0.00000000 0.00000000 1.00000000
    outer loop
      vertex 2.11116814 10.20553317 0.00000000
      vertex 2.13828900 9.96383924 0.00000000
      vertex 2.87889082 10.04694335 0.00000000
    endloop
  endfacet
  facet normal -0.00000000 0.00000000 1.00000000
    outer loop
      vertex 2.85176996 10.28863728 0.00000000
      vertex 3.61949264 10.13004746 0.00000000
      vertex 3.59237178 10.37174139 0.00000000
    endloop
  endfacet
  facet normal 0.00000000 0.00000000 1.00000000
    outer loop
      vertex 2.85176996 10.28863728 0.00000000
      vertex 2.87889082 10.04694335 0.00000000
      vertex 3.61949264 10.13004746 0.00000000
    endloop
  endfacet
  facet normal -0.00000000 0.00000000 1.00000000
    outer loop
      vertex 3.59237178 10.37174139 0.00000000
      vertex 4.36009445 10.21315157 0.00000000
      vertex 4.33297359 10.45484549 0.00000000
    endloop
  endfacet
  facet normal 0.00000000 0.00000000 1.00000000
    outer loop
      vertex 3.59237178 10.37174139 0.00000000
      vertex 3.61949264 10.13004746 0.00000000
      vertex 4.36009445 10.21315157 0.00000000
    endloop
  endfacet
  facet normal -0.00000000 0.00000000 1.00000000
    outer loop
      vertex 4.33297359 10.45484549 0.00000000
      vertex 5.10069627 10.29625568 0.00000000
      vertex 5.07357541 10.53794960 0.00000000
    endloop
  endfacet
  facet normal 0.00000000 0.00000000 1.00000000
    outer loop
      vertex 4.33297359 10.45484549 0.00000000
      vertex 4.36009445 10.21315157 0.00000000
      vertex 5.10069627 10.29625568 0.00000000
    endloop
  endfacet
  facet normal -0.00000000 0.00000000 1.00000000
    outer loop
      vertex 5.07357541 10.53794960 0.00000000
      vertex 5.84129809 10.37935979 0.00000000
      vertex 5.81417723 10.62105371 0.00000000
    endloop
  endfacet
  facet normal 0.00000000 0.00000000 1.00000000
    outer loop
      vertex 5.07357541 10.53794960 0.00000000
      vertex 5.10069627 10.29625568 0.00000000
      vertex 5.84129809 10.37935979 0.00000000
    endloop
  endfacet
  facet normal -0.00000000 0.00000000 1.00000000
    outer loop
      vertex 5.81417723 10.62105371 0.00000000
      vertex 6.58189990 10.46246390 0.00000000
      vertex 6.55477904 10.70415782 0.00000000
    endloop
  endfacet
  facet normal 0.00000000 0.00000000 1.00000000
    outer loop
      vertex 5.81417723 10.62105371 0.00000000
      vertex 5.84129809 10.37935979 0.00000000
      vertex 6.58189990 10.46246390 0.00000000
    endloop
  endfacet
  facet normal -0.00000000 0.00000000 1.00000000
    outer loop
      vertex 6.55477904 10.70415782 0.00000000
      vertex 7.32250172 10.54556801 0.00000000
      vertex 7.29538086 10.78726193 0.00000000
    endloop
  endfacet
  facet normal 0.00000000 0.00000000 1.00000000
    outer loop
      vertex 6.55477904 10.70415782 0.00000000
      vertex 6.58189990 10.46246390 0.00000000
      vertex 7.32250172 10.54556801 0.00000000
    endloop
  endfacet
  facet normal -0.00000000 0.00000000 1.00000000
    outer loop
      vertex 7.29538086 10.78726193 0.00000000
      vertex 8.06310354 10.62867212 0.00000000
      vertex 8.03598268 10.87036604 0.00000000
    endloop
  endfacet
  facet normal 0.00000000 0.00000000 1.00000000
    outer loop
      vertex 7.29538086 10.78726193 0.00000000
      vertex 7.32250172 10.54556801 0.00000000
      vertex 8.06310354 10.62867212 0.00000000
    endloop
  endfacet
  facet normal -0.00000000 0.00000000 1.00000000
    outer loop
      vertex 8.03598268 10.87036604 0.00000000
      vertex 8.80370536 10.71177623 0.00000000
      vertex 8.77658450 10.95347015 0.00000000
    endloop
  endfacet
  facet normal 0.00000000 0.00000000 1.00000000
    outer loop
      vertex 8.03598268 10.87036604 0.00000000
      vertex 8.06310354 10.62867212 0.00000000
      vertex 8.80370536 10.71177623 0.00000000
    endloop
  endfacet
  facet normal -0.00000000 0.00000000 1.00000000
    outer loop
      vertex 8.77658450 10.95347015 0.00000000
      vertex 9.54430717 10.79488033 0.00000000
      vertex 9.51718631 11.03657426 0.00000000
    endloop
  endfacet
  facet normal 0.00000000 0.00000000 1.00000000
    outer loop
      vertex 8.77658450 10.95347015 0.00000000
      vertex 8.80370536 10.71177623 0.00000000
      vertex 9.54430717 10.79488033 0.00000000
    endloop
  endfacet
  facet normal -0.00000000 0.00000000 1.00000000
    outer loop
      vertex 9.51718631 11.03657426 0.00000000
      vertex 10.27295621 10.87664320 0.00000000
      vertex 10.26974091 11.12101961 0.00000000
    endloop
  endfacet
  facet normal 0.00000000 0.00000000 1.00000000
    outer loop
      vertex 9.51718631 11.03657426 0.00000000
      vertex 9.54430717 10.79488033 0.00000000
      vertex 10.27295621 10.87664320 0.00000000
    endloop
  endfacet
  facet normal 0.00000000 0.00000000 1.00000000
    outer loop
      vertex 10.26974091 11.12101961 0.00000000
      vertex 10.84925133 10.82728943 0.00000000
      vertex 10.87569505 11.06912585 0.00000000
    endloop
  endfacet
  facet normal 0.00000000 0.00000000 1.00000000
    outer loop
      vertex 10.26974091 11.12101961 0.00000000
      vertex 10.27295621 10.87664320 0.00000000
      vertex 10.84925133 10.82728943 0.00000000
    endloop
  endfacet
  facet normal 0.00000000 0.00000000 1.00000000
    outer loop
      vertex 10.87569505 11.06912585 0.00000000
      vertex 11.41045088 10.75255265 0.00000000
      vertex 11.44864015 10.99282487 0.00000000
    endloop
  endfacet
  facet normal 0.00000000 0.00000000 1.00000000
    outer loop
      vertex 10.87569505 11.06912585 0.00000000
      vertex 10.84925133 10.82728943 0.00000000
      vertex 11.41045088 10.75255265 0.00000000
    endloop
  endfacet
  facet normal 0.00000000 0.00000000 1.00000000
    outer loop
      vertex 11.44864015 10.99282487 0.00000000
      vertex 11.94721976 10.65329460 0.00000000
      vertex 11.99791130 10.89125493 0.00000000
    endloop
  endfacet
  facet normal 0.00000000 0.00000000 1.00000000
    outer loop
      vertex 11.44864015 10.99282487 0.00000000
      vertex 11.41045088 10.75255265 0.00000000
      vertex 11.94721976 10.65329460 0.00000000
    endloop
  endfacet
  facet normal 0.00000000 0.00000000 1.00000000
    outer loop
      vertex 11.99791130 10.89125493 0.00000000
      vertex 12.45957744 10.52958154 0.00000000
      vertex 12.52348903 10.76434978 0.00000000
    endloop
  endfacet
  facet normal 0.00000000 0.00000000 1.00000000
    outer loop
      vertex 11.99791130 10.89125493 0.00000000
      vertex 11.94721976 10.65329460 0.00000000
      vertex 12.45957744 10.52958154 0.00000000
    endloop
  endfacet
  facet normal 0.00000000 0.00000000 1.00000000
    outer loop
      vertex 12.52348903 10.76434978 0.00000000
      vertex 12.94756132 10.38148100 0.00000000
      vertex 13.02533594 10.61204189 0.00000000
    endloop
  endfacet
  facet normal 0.00000000 0.00000000 1.00000000
    outer loop
      vertex 12.52348903 10.76434978 0.00000000
      vertex 12.45957744 10.52958154 0.00000000
      vertex 12.94756132 10.38148100 0.00000000
    endloop
  endfacet
  facet normal 0.00000000 0.00000000 1.00000000
    outer loop
      vertex 13.02533594 10.61204189 0.00000000
      vertex 13.41122990 10.20905709 0.00000000
      vertex 13.50339353 10.43426714 0.00000000
    endloop
  endfacet
  facet normal 0.00000000 0.00000000 1.00000000
    outer loop
      vertex 13.02533594 10.61204189 0.00000000
      vertex 12.94756132 10.38148100 0.00000000
      vertex 13.41122990 10.20905709 0.00000000
    endloop
  endfacet
  facet normal 0.00000000 0.00000000 1.00000000
    outer loop
      vertex 13.50339353 10.43426714 0.00000000
      vertex 13.85066448 10.01236426 0.00000000
      vertex 13.95758050 10.23097108 0.00000000
    endloop
  endfacet
  facet normal 0.00000000 0.00000000 1.00000000
    outer loop
      vertex 13.50339353 10.43426714 0.00000000
      vertex 13.41122990 10.20905709 0.00000000
      vertex 13.85066448 10.01236426 0.00000000
    endloop
  endfacet
  facet normal 0.00000000 0.00000000 1.00000000
    outer loop
      vertex 13.95758050 10.23097108 0.00000000
      vertex 14.26596869 9.79144006 0.00000000
      vertex 14.38779323 10.00211618 0.00000000
    endloop
  endfacet
  facet normal 0.00000000 0.00000000 1.00000000
    outer loop
      vertex 13.95758050 10.23097108 0.00000000
      vertex 13.85066448 10.01236426 0.00000000
      vertex 14.26596869 9.79144006 0.00000000
    endloop
  endfacet
  facet normal 0.00000000 0.00000000 1.00000000
    outer loop
      vertex 14.38779323 10.00211618 0.00000000
      vertex 14.65726488 9.54629764 0.00000000
      vertex 14.79390936 9.74768925 0.00000000
    endloop
  endfacet
  facet normal 0.00000000 0.00000000 1.00000000
    outer loop
      vertex 14.38779323 10.00211618 0.00000000
      vertex 14.26596869 9.79144006 0.00000000
      vertex 14.65726488 9.54629764 0.00000000
    endloop
  endfacet
  facet normal 0.00000000 0.00000000 1.00000000
    outer loop
      vertex 14.79390936 9.74768925 0.00000000
      vertex 15.02468716 9.27691974 0.00000000
      vertex 15.17579478 9.46770760 0.00000000
    endloop
  endfacet
  facet normal 0.00000000 0.00000000 1.00000000
    outer loop
      vertex 14.79390936 9.74768925 0.00000000
      vertex 14.65726488 9.54629764 0.00000000
      vertex 15.02468716 9.27691974 0.00000000
    endloop
  endfacet
  facet normal 0.00000000 0.00000000 1.00000000
    outer loop
      vertex 15.17579478 9.46770760 0.00000000
      vertex 15.36837140 8.98325539 0.00000000
      vertex 15.53331362 9.16222215 0.00000000
    endloop
  endfacet
  facet normal 0.00000000 0.00000000 1.00000000
    outer loop
      vertex 15.17579478 9.46770760 0.00000000
      vertex 15.02468716 9.27691974 0.00000000
      vertex 15.36837140 8.98325539 0.00000000
    endloop
  endfacet
  facet normal 0.00000000 0.00000000 1.00000000
    outer loop
      vertex 15.53331362 9.16222215 0.00000000
      vertex 15.68844378 8.66522100 0.00000000
      vertex 15.86633970 8.83131654 0.00000000
    endloop
  endfacet
  facet normal 0.00000000 0.00000000 1.00000000
    outer loop
      vertex 15.53331362 9.16222215 0.00000000
      vertex 15.36837140 8.98325539 0.00000000
      vertex 15.68844378 8.66522100 0.00000000
    endloop
  endfacet
  facet normal 0.00000000 0.00000000 1.00000000
    outer loop
      vertex 15.86633970 8.83131654 0.00000000
      vertex 15.98500972 8.32270579 0.00000000
      vertex 16.17476760 8.47510151 0.00000000
    endloop
  endfacet
  facet normal 0.00000000 0.00000000 1.00000000
    outer loop
      vertex 15.86633970 8.83131654 0.00000000
      vertex 15.68844378 8.66522100 0.00000000
      vertex 15.98500972 8.32270579 0.00000000
    endloop
  endfacet
  facet normal 0.00000000 0.00000000 1.00000000
    outer loop
      vertex 16.17476760 8.47510151 0.00000000
      vertex 16.25814554 7.95558116 0.00000000
      vertex 16.45852100 8.09370567 0.00000000
    endloop
  endfacet
  facet normal 0.00000000 0.00000000 1.00000000
    outer loop
      vertex 16.17476760 8.47510151 0.00000000
      vertex 15.98500972 8.32270579 0.00000000
      vertex 16.25814554 7.95558116 0.00000000
    endloop
  endfacet
  facet normal 0.00000000 0.00000000 1.00000000
    outer loop
      vertex 16.45852100 8.09370567 0.00000000
      vertex 16.50789416 7.56371200 0.00000000
      vertex 16.71755698 7.68726414 0.00000000
    endloop
  endfacet
  facet normal 0.00000000 0.00000000 1.00000000
    outer loop
      vertex 16.45852100 8.09370567 0.00000000
      vertex 16.25814554 7.95558116 0.00000000
      vertex 16.50789416 7.56371200 0.00000000
    endloop
  endfacet
  facet normal 0.00000000 0.00000000 1.00000000
    outer loop
      vertex 16.71755698 7.68726414 0.00000000
      vertex 16.73426546 7.14696781 0.00000000
      vertex 16.95186567 7.25590741 0.00000000
    endloop
  endfacet
  facet normal 0.00000000 0.00000000 1.00000000
    outer loop
      vertex 16.71755698 7.68726414 0.00000000
      vertex 16.50789416 7.56371200 0.00000000
      vertex 16.73426546 7.14696781 0.00000000
    endloop
  endfacet
  facet normal 0.00000000 0.00000000 1.00000000
    outer loop
      vertex 16.95186567 7.25590741 0.00000000
      vertex 16.93724036 6.70523187 0.00000000
      vertex 17.16146613 6.79975222 0.00000000
    endloop
  endfacet
  facet normal 0.00000000 0.00000000 1.00000000
    outer loop
      vertex 16.95186567 7.25590741 0.00000000
      vertex 16.73426546 7.14696781 0.00000000
      vertex 16.93724036 6.70523187 0.00000000
    endloop
  endfacet
  facet normal 0.00000000 0.00000000 1.00000000
    outer loop
      vertex 17.16146613 6.79975222 0.00000000
      vertex 17.11186166 6.25118900 0.00000000
      vertex 17.35131558 6.30611373 0.00000000
    endloop
  endfacet
  facet normal 0.00000000 0.00000000 1.00000000
    outer loop
      vertex 17.16146613 6.79975222 0.00000000
      vertex 16.93724036 6.70523187 0.00000000
      vertex 17.11186166 6.25118900 0.00000000
    endloop
  endfacet
  facet normal 0.00000000 0.00000000 1.00000000
    outer loop
      vertex 17.35131558 6.30611373 0.00000000
      vertex 17.17409249 5.51027915 0.00000000
      vertex 17.41644992 5.53063522 0.00000000
    endloop
  endfacet
  facet normal 0.00000000 0.00000000 1.00000000
    outer loop
      vertex 17.35131558 6.30611373 0.00000000
      vertex 17.11186166 6.25118900 0.00000000
      vertex 17.17409249 5.51027915 0.00000000
    endloop
  endfacet
  facet normal 0.00000000 0.00000000 1.00000000
    outer loop
      vertex 17.41644992 5.53063522 0.00000000
      vertex 17.23777507 4.75207583 0.00000000
      vertex 17.48013252 4.77243166 0.00000000
    endloop
  endfacet
  facet normal 0.00000000 0.00000000 1.00000000
    outer loop
      vertex 17.41644992 5.53063522 0.00000000
      vertex 17.17409249 5.51027915 0.00000000
      vertex 17.23777507 4.75207583 0.00000000
    endloop
  endfacet
  facet normal 0.00000000 0.00000000 1.00000000
    outer loop
      vertex 17.48013252 4.77243166 0.00000000
      vertex 17.30145765 3.99386325 0.00000000
      vertex 17.54381512 4.01421883 0.00000000
    endloop
  endfacet
  facet normal 0.00000000 0.00000000 1.00000000
    outer loop
      vertex 17.48013252 4.77243166 0.00000000
      vertex 17.23777507 4.75207583 0.00000000
      vertex 17.30145765 3.99386325 0.00000000
    endloop
  endfacet
  facet normal 0.00000000 0.00000000 1.00000000
    outer loop
      vertex 17.54381512 4.01421883 0.00000000
      vertex 17.36514022 3.23564141 0.00000000
      vertex 17.60749772 3.25599674 0.00000000
    endloop
  endfacet
  facet normal 0.00000000 0.00000000 1.00000000
    outer loop
      vertex 17.54381512 4.01421883 0.00000000
      vertex 17.30145765 3.99386325 0.00000000
      vertex 17.36514022 3.23564141 0.00000000
    endloop
  endfacet
  facet normal 0.00000000 0.00000000 1.00000000
    outer loop
      vertex 17.60749772 3.25599674 0.00000000
      vertex 17.42882280 2.47741031 0.00000000
      vertex 17.67118031 2.49776540 0.00000000
    endloop
  endfacet
  facet normal 0.00000000 0.00000000 1.00000000
    outer loop
      vertex 17.60749772 3.25599674 0.00000000
      vertex 17.36514022 3.23564141 0.00000000
      vertex 17.42882280 2.47741031 0.00000000
    endloop
  endfacet
  facet normal 0.00000000 0.00000000 1.00000000
    outer loop
      vertex 17.67118031 2.49776540 0.00000000
      vertex 17.49250538 1.71916995 0.00000000
      vertex 17.73486291 1.73952479 0.00000000
    endloop
  endfacet
  facet normal 0.00000000 0.00000000 1.00000000
    outer loop
      vertex 17.67118031 2.49776540 0.00000000
      vertex 17.42882280 2.47741031 0.00000000
      vertex 17.49250538 1.71916995 0.00000000
    endloop
  endfacet
  facet normal 0.00000000 0.00000000 1.00000000
    outer loop
      vertex 17.73486291 1.73952479 0.00000000
      vertex 17.55618795 0.96092033 0.00000000
      vertex 17.79854551 0.98127492 0.00000000
    endloop
  endfacet
  facet normal 0.00000000 0.00000000 1.00000000
    outer loop
      vertex 17.73486291 1.73952479 0.00000000
      vertex 17.49250538 1.71916995 0.00000000
      vertex 17.55618795 0.96092033 0.00000000
    endloop
  endfacet
  facet normal 0.00000000 0.00000000 1.00000000
    outer loop
      vertex 17.79854551 0.98127492 0.00000000
      vertex 17.61987053 0.20266144 0.00000000
      vertex 17.86222811 0.22301578 0.00000000
    endloop
  endfacet
  facet normal 0.00000000 0.00000000 1.00000000
    outer loop
      vertex 17.79854551 0.98127492 0.00000000
      vertex 17.55618795 0.96092033 0.00000000
      vertex 17.61987053 0.20266144 0.00000000
    endloop
  endfacet
  facet normal 0.00000000 0.00000000 1.00000000
    outer loop
      vertex 17.86222811 0.22301578 0.00000000
      vertex 17.68355311 -0.55560671 0.00000000
      vertex 17.92591070 -0.53525261 0.00000000
    endloop
  endfacet
  facet normal 0.00000000 0.00000000 1.00000000
    outer loop
      vertex 17.86222811 0.22301578 0.00000000
      vertex 17.61987053 0.20266144 0.00000000
      vertex 17.68355311 -0.55560671 0.00000000
    endloop
  endfacet
  facet normal 0.00000000 0.00000000 1.00000000
    outer loop
      vertex 17.92591070 -0.53525261 0.00000000
      vertex 17.74723568 -1.31388411 0.00000000
      vertex 17.98959330 -1.29353027 0.00000000
    endloop
  endfacet
  facet normal 0.00000000 0.00000000 1.00000000
    outer loop
      vertex 17.92591070 -0.53525261 0.00000000
      vertex 17.68355311 -0.55560671 0.00000000
      vertex 17.74723568 -1.31388411 0.00000000
    endloop
  endfacet
  facet normal 0.00000000 0.00000000 1.00000000
    outer loop
      vertex 17.98959330 -1.29353027 0.00000000
      vertex 17.81091826 -2.07217079 0.00000000
      vertex 18.05327590 -2.05181718 0.00000000
    endloop
  endfacet
  facet normal 0.00000000 0.00000000 1.00000000
    outer loop
      vertex 17.98959330 -1.29353027 0.00000000
      vertex 17.74723568 -1.31388411 0.00000000
      vertex 17.81091826 -2.07217079 0.00000000
    endloop
  endfacet
  facet normal 0.00000000 0.00000000 1.00000000
    outer loop
      vertex 18.05327590 -2.05181718 0.00000000
      vertex 17.87460084 -2.83046672 0.00000000
      vertex 18.11695850 -2.81011336 0.00000000
    endloop
  endfacet
  facet normal 0.00000000 0.00000000 1.00000000
    outer loop
      vertex 18.05327590 -2.05181718 0.00000000
      vertex 17.81091826 -2.07217079 0.00000000
      vertex 17.87460084 -2.83046672 0.00000000
    endloop
  endfacet
  facet normal 0.00000000 0.00000000 1.00000000
    outer loop
      vertex 18.11695850 -2.81011336 0.00000000
      vertex 17.93828341 -3.58877191 0.00000000
      vertex 18.18064110 -3.56841880 0.00000000
    endloop
  endfacet
  facet normal 0.00000000 0.00000000 1.00000000
    outer loop
      vertex 18.11695850 -2.81011336 0.00000000
      vertex 17.87460084 -2.83046672 0.00000000
      vertex 17.93828341 -3.58877191 0.00000000
    endloop
  endfacet
  facet normal 0.00000000 0.00000000 1.00000000
    outer loop
      vertex 18.18064110 -3.56841880 0.00000000
      vertex 18.00196599 -4.34708637 0.00000000
      vertex 18.24432369 -4.32673351 0.00000000
    endloop
  endfacet
  facet normal 0.00000000 0.00000000 1.00000000
    outer loop
      vertex 18.18064110 -3.56841880 0.00000000
      vertex 17.93828341 -3.58877191 0.00000000
      vertex 18.00196599 -4.34708637 0.00000000
    endloop
  endfacet
  facet normal 0.00000000 0.00000000 1.00000000
    outer loop
      vertex 18.24432369 -4.32673351 0.00000000
      vertex 18.06564857 -5.10541008 0.00000000
      vertex 18.30800629 -5.08505747 0.00000000
    endloop
  endfacet
  facet normal 0.00000000 0.00000000 1.00000000
    outer loop
      vertex 18.24432369 -4.32673351 0.00000000
      vertex 18.00196599 -4.34708637 0.00000000
      vertex 18.06564857 -5.10541008 0.00000000
    endloop
  endfacet
  facet normal 0.00000000 0.00000000 1.00000000
    outer loop
      vertex 18.30800629 -5.08505747 0.00000000
      vertex 18.12933115 -5.86374306 0.00000000
      vertex 18.37168889 -5.84339069 0.00000000
    endloop
  endfacet
  facet normal 0.00000000 0.00000000 1.00000000
    outer loop
      vertex 18.30800629 -5.08505747 0.00000000
      vertex 18.06564857 -5.10541008 0.00000000
      vertex 18.12933115 -5.86374306 0.00000000
    endloop
  endfacet
  facet normal 0.00000000 0.00000000 1.00000000
    outer loop
      vertex 18.37168889 -5.84339069 0.00000000
      vertex 18.19301372 -6.62208530 0.00000000
      vertex 18.43537149 -6.60173318 0.00000000
    endloop
  endfacet
  facet normal 0.00000000 0.00000000 1.00000000
    outer loop
      vertex 18.37168889 -5.84339069 0.00000000
      vertex 18.12933115 -5.86374306 0.00000000
      vertex 18.19301372 -6.62208530 0.00000000
    endloop
  endfacet
  facet normal 0.00000000 0.00000000 1.00000000
    outer loop
      vertex 18.43537149 -6.60173318 0.00000000
      vertex 18.25669630 -7.38043686 0.00000000
      vertex 18.49905408 -7.36008487 0.00000000
    endloop
  endfacet
  facet normal 0.00000000 0.00000000 1.00000000
    outer loop
      vertex 18.43537149 -6.60173318 0.00000000
      vertex 18.19301372 -6.62208530 0.00000000
      vertex 18.25669630 -7.38043686 0.00000000
    endloop
  endfacet
endsolid lane_yellow_line_26
