solid lane_yellow_line_41
  facet normal -0.00000000 0.00000000 1.00000000
    outer loop
      vertex 10.37232560 -7.92302458 0.00000000
      vertex 10.57422816 -8.13305205 0.00000000
      vertex 10.52723739 -7.89749791 0.00000000
    endloop
  endfacet
  facet normal 0.00000000 0.00000000 1.00000000
    outer loop
      vertex 10.37232560 -7.92302458 0.00000000
      vertex 10.41135681 -8.15989032 0.00000000
      vertex 10.57422816 -8.13305205 0.00000000
    endloop
  endfacet
  facet normal -0.00000000 0.00000000 1.00000000
    outer loop
      vertex 10.52723739 -7.89749791 0.00000000
      vertex 10.73111008 -8.09623701 0.00000000
      vertex 10.66754088 -7.86457329 0.00000000
    endloop
  endfacet
  facet normal 0.00000000 0.00000000 1.00000000
    outer loop
      vertex 10.52723739 -7.89749791 0.00000000
      vertex 10.57422816 -8.13305205 0.00000000
      vertex 10.73111008 -8.09623701 0.00000000
    endloop
  endfacet
  facet normal -0.00000000 0.00000000 1.00000000
    outer loop
      vertex 10.66754088 -7.86457329 0.00000000
      vertex 10.87839791 -8.04984707 0.00000000
      vertex 10.79684071 -7.82384886 0.00000000
    endloop
  endfacet
  facet normal 0.00000000 0.00000000 1.00000000
    outer loop
      vertex 10.66754088 -7.86457329 0.00000000
      vertex 10.73111008 -8.09623701 0.00000000
      vertex 10.87839791 -8.04984707 0.00000000
    endloop
  endfacet
  facet normal -0.00000000 0.00000000 1.00000000
    outer loop
      vertex 10.79684071 -7.82384886 0.00000000
      vertex 11.01598851 -7.99368581 0.00000000
      vertex 10.91524004 -7.77552103 0.00000000
    endloop
  endfacet
  facet normal 0.00000000 0.00000000 1.00000000
    outer loop
      vertex 10.79684071 -7.82384886 0.00000000
      vertex 10.87839791 -8.04984707 0.00000000
      vertex 11.01598851 -7.99368581 0.00000000
    endloop
  endfacet
  facet normal -0.00000000 0.00000000 1.00000000
    outer loop
      vertex 10.91524004 -7.77552103 0.00000000
      vertex 11.14369048 -7.92757381 0.00000000
      vertex 11.02293025 -7.71976923 0.00000000
    endloop
  endfacet
  facet normal 0.00000000 0.00000000 1.00000000
    outer loop
      vertex 10.91524004 -7.77552103 0.00000000
      vertex 11.01598851 -7.99368581 0.00000000
      vertex 11.14369048 -7.92757381 0.00000000
    endloop
  endfacet
  facet normal -0.00000000 0.00000000 1.00000000
    outer loop
      vertex 11.02293025 -7.71976923 0.00000000
      vertex 11.26121654 -7.85138863 0.00000000
      vertex 11.12019863 -7.65671590 0.00000000
    endloop
  endfacet
  facet normal 0.00000000 0.00000000 1.00000000
    outer loop
      vertex 11.02293025 -7.71976923 0.00000000
      vertex 11.14369048 -7.92757381 0.00000000
      vertex 11.26121654 -7.85138863 0.00000000
    endloop
  endfacet
  facet normal -0.00000000 0.00000000 1.00000000
    outer loop
      vertex 11.12019863 -7.65671590 0.00000000
      vertex 11.36819895 -7.76511085 0.00000000
      vertex 11.20741292 -7.58638045 0.00000000
    endloop
  endfacet
  facet normal 0.00000000 0.00000000 1.00000000
    outer loop
      vertex 11.12019863 -7.65671590 0.00000000
      vertex 11.26121654 -7.85138863 0.00000000
      vertex 11.36819895 -7.76511085 0.00000000
    endloop
  endfacet
  facet normal -0.00000000 0.00000000 1.00000000
    outer loop
      vertex 11.20741292 -7.58638045 0.00000000
      vertex 11.46423434 -7.66886027 0.00000000
      vertex 11.28497649 -7.50864309 0.00000000
    endloop
  endfacet
  facet normal 0.00000000 0.00000000 1.00000000
    outer loop
      vertex 11.20741292 -7.58638045 0.00000000
      vertex 11.36819895 -7.76511085 0.00000000
      vertex 11.46423434 -7.66886027 0.00000000
    endloop
  endfacet
  facet normal -0.00000000 0.00000000 1.00000000
    outer loop
      vertex 11.28497649 -7.50864309 0.00000000
      vertex 11.54895137 -7.56290244 0.00000000
      vertex 11.35326067 -7.42323826 0.00000000
    endloop
  endfacet
  facet normal 0.00000000 0.00000000 1.00000000
    outer loop
      vertex 11.28497649 -7.50864309 0.00000000
      vertex 11.46423434 -7.66886027 0.00000000
      vertex 11.54895137 -7.56290244 0.00000000
    endloop
  endfacet
  facet normal -0.00000000 0.00000000 1.00000000
    outer loop
      vertex 11.35326067 -7.42323826 0.00000000
      vertex 11.62207908 -7.44761478 0.00000000
      vertex 11.41253642 -7.32978856 0.00000000
    endloop
  endfacet
  facet normal 0.00000000 0.00000000 1.00000000
    outer loop
      vertex 11.35326067 -7.42323826 0.00000000
      vertex 11.54895137 -7.56290244 0.00000000
      vertex 11.62207908 -7.44761478 0.00000000
    endloop
  endfacet
  facet normal 0.00000000 0.00000000 1.00000000
    outer loop
      vertex 11.41253642 -7.32978856 0.00000000
      vertex 11.68348938 -7.32342069 0.00000000
      vertex 11.46293185 -7.22787056 0.00000000
    endloop
  endfacet
  facet normal -0.00000000 0.00000000 1.00000000
    outer loop
      vertex 11.41253642 -7.32978856 0.00000000
      vertex 11.62207908 -7.44761478 0.00000000
      vertex 11.68348938 -7.32342069 0.00000000
    endloop
  endfacet
  facet normal 0.00000000 0.00000000 1.00000000
    outer loop
      vertex 11.46293185 -7.22787056 0.00000000
      vertex 11.73319910 -7.19071676 0.00000000
      vertex 11.50443013 -7.11708770 0.00000000
    endloop
  endfacet
  facet normal -0.00000000 0.00000000 1.00000000
    outer loop
      vertex 11.46293185 -7.22787056 0.00000000
      vertex 11.68348938 -7.32342069 0.00000000
      vertex 11.73319910 -7.19071676 0.00000000
    endloop
  endfacet
  facet normal 0.00000000 0.00000000 1.00000000
    outer loop
      vertex 11.50443013 -7.11708770 0.00000000
      vertex 11.77133749 -7.04981879 0.00000000
      vertex 11.53690198 -6.99712415 0.00000000
    endloop
  endfacet
  facet normal -0.00000000 0.00000000 1.00000000
    outer loop
      vertex 11.50443013 -7.11708770 0.00000000
      vertex 11.73319910 -7.19071676 0.00000000
      vertex 11.77133749 -7.04981879 0.00000000
    endloop
  endfacet
  facet normal 0.00000000 0.00000000 1.00000000
    outer loop
      vertex 11.53690198 -6.99712415 0.00000000
      vertex 11.79809841 -6.90093889 0.00000000
      vertex 11.56015356 -6.86776782 0.00000000
    endloop
  endfacet
  facet normal -0.00000000 0.00000000 1.00000000
    outer loop
      vertex 11.53690198 -6.99712415 0.00000000
      vertex 11.77133749 -7.04981879 0.00000000
      vertex 11.79809841 -6.90093889 0.00000000
    endloop
  endfacet
  facet normal 0.00000000 0.00000000 1.00000000
    outer loop
      vertex 11.56015356 -6.86776782 0.00000000
      vertex 11.81369571 -6.74418996 0.00000000
      vertex 11.57397102 -6.72890582 0.00000000
    endloop
  endfacet
  facet normal -0.00000000 0.00000000 1.00000000
    outer loop
      vertex 11.56015356 -6.86776782 0.00000000
      vertex 11.79809841 -6.90093889 0.00000000
      vertex 11.81369571 -6.74418996 0.00000000
    endloop
  endfacet
  facet normal 0.00000000 0.00000000 1.00000000
    outer loop
      vertex 11.57397102 -6.72890582 0.00000000
      vertex 11.81833216 -6.57960581 0.00000000
      vertex 11.57815160 -6.58050431 0.00000000
    endloop
  endfacet
  facet normal -0.00000000 0.00000000 1.00000000
    outer loop
      vertex 11.57397102 -6.72890582 0.00000000
      vertex 11.81369571 -6.74418996 0.00000000
      vertex 11.81833216 -6.57960581 0.00000000
    endloop
  endfacet
  facet normal 0.00000000 -0.00000000 1.00000000
    outer loop
      vertex 11.57815160 -6.58050431 0.00000000
      vertex 11.81218291 -6.40716571 0.00000000
      vertex 11.57252012 -6.42258405 0.00000000
    endloop
  endfacet
  facet normal 0.00000000 0.00000000 1.00000000
    outer loop
      vertex 11.57815160 -6.58050431 0.00000000
      vertex 11.81833216 -6.57960581 0.00000000
      vertex 11.81218291 -6.40716571 0.00000000
    endloop
  endfacet
  facet normal 0.00000000 -0.00000000 1.00000000
    outer loop
      vertex 11.57252012 -6.42258405 0.00000000
      vertex 11.79522733 -6.22506784 0.00000000
      vertex 11.55709724 -6.25694684 0.00000000
    endloop
  endfacet
  facet normal 0.00000000 0.00000000 1.00000000
    outer loop
      vertex 11.57252012 -6.42258405 0.00000000
      vertex 11.81218291 -6.40716571 0.00000000
      vertex 11.79522733 -6.22506784 0.00000000
    endloop
  endfacet
  facet normal 0.00000000 -0.00000000 1.00000000
    outer loop
      vertex 11.55709724 -6.25694684 0.00000000
      vertex 11.75641162 -6.00335717 0.00000000
      vertex 11.51944012 -6.04185386 0.00000000
    endloop
  endfacet
  facet normal 0.00000000 0.00000000 1.00000000
    outer loop
      vertex 11.55709724 -6.25694684 0.00000000
      vertex 11.79522733 -6.22506784 0.00000000
      vertex 11.75641162 -6.00335717 0.00000000
    endloop
  endfacet
  facet normal 0.00000000 -0.00000000 1.00000000
    outer loop
      vertex 11.51944012 -6.04185386 0.00000000
      vertex 11.72416181 -5.78818934 0.00000000
      vertex 11.48631248 -5.82082930 0.00000000
    endloop
  endfacet
  facet normal 0.00000000 0.00000000 1.00000000
    outer loop
      vertex 11.51944012 -6.04185386 0.00000000
      vertex 11.75641162 -6.00335717 0.00000000
      vertex 11.72416181 -5.78818934 0.00000000
    endloop
  endfacet
  facet normal 0.00000000 -0.00000000 1.00000000
    outer loop
      vertex 11.48631248 -5.82082930 0.00000000
      vertex 11.69739047 -5.57336548 0.00000000
      vertex 11.45880173 -5.60007205 0.00000000
    endloop
  endfacet
  facet normal 0.00000000 0.00000000 1.00000000
    outer loop
      vertex 11.48631248 -5.82082930 0.00000000
      vertex 11.72416181 -5.78818934 0.00000000
      vertex 11.69739047 -5.57336548 0.00000000
    endloop
  endfacet
  facet normal 0.00000000 -0.00000000 1.00000000
    outer loop
      vertex 11.45880173 -5.60007205 0.00000000
      vertex 11.67609498 -5.35888067 0.00000000
      vertex 11.43691049 -5.37958701 0.00000000
    endloop
  endfacet
  facet normal 0.00000000 0.00000000 1.00000000
    outer loop
      vertex 11.45880173 -5.60007205 0.00000000
      vertex 11.69739047 -5.57336548 0.00000000
      vertex 11.67609498 -5.35888067 0.00000000
    endloop
  endfacet
  facet normal 0.00000000 -0.00000000 1.00000000
    outer loop
      vertex 11.43691049 -5.37958701 0.00000000
      vertex 11.66027304 -5.14472969 0.00000000
      vertex 11.42064108 -5.15937940 0.00000000
    endloop
  endfacet
  facet normal 0.00000000 0.00000000 1.00000000
    outer loop
      vertex 11.43691049 -5.37958701 0.00000000
      vertex 11.67609498 -5.35888067 0.00000000
      vertex 11.66027304 -5.14472969 0.00000000
    endloop
  endfacet
  facet normal 0.00000000 -0.00000000 1.00000000
    outer loop
      vertex 11.42064108 -5.15937940 0.00000000
      vertex 11.64992273 -4.93090703 0.00000000
      vertex 11.40999540 -4.93945473 0.00000000
    endloop
  endfacet
  facet normal 0.00000000 0.00000000 1.00000000
    outer loop
      vertex 11.42064108 -5.15937940 0.00000000
      vertex 11.66027304 -5.14472969 0.00000000
      vertex 11.64992273 -4.93090703 0.00000000
    endloop
  endfacet
  facet normal 0.00000000 -0.00000000 1.00000000
    outer loop
      vertex 11.40999540 -4.93945473 0.00000000
      vertex 11.64504255 -4.71740696 0.00000000
      vertex 11.40497496 -4.71981874 0.00000000
    endloop
  endfacet
  facet normal 0.00000000 0.00000000 1.00000000
    outer loop
      vertex 11.40999540 -4.93945473 0.00000000
      vertex 11.64992273 -4.93090703 0.00000000
      vertex 11.64504255 -4.71740696 0.00000000
    endloop
  endfacet
  facet normal 0.00000000 0.00000000 1.00000000
    outer loop
      vertex 11.40497496 -4.71981874 0.00000000
      vertex 11.64563142 -4.50422357 0.00000000
      vertex 11.40558083 -4.50047733 0.00000000
    endloop
  endfacet
  facet normal 0.00000000 0.00000000 1.00000000
    outer loop
      vertex 11.40497496 -4.71981874 0.00000000
      vertex 11.64504255 -4.71740696 0.00000000
      vertex 11.64563142 -4.50422357 0.00000000
    endloop
  endfacet
  facet normal 0.00000000 0.00000000 1.00000000
    outer loop
      vertex 11.40558083 -4.50047733 0.00000000
      vertex 11.65168872 -4.29135082 0.00000000
      vertex 11.41181364 -4.28143655 0.00000000
    endloop
  endfacet
  facet normal -0.00000000 0.00000000 1.00000000
    outer loop
      vertex 11.40558083 -4.50047733 0.00000000
      vertex 11.64563142 -4.50422357 0.00000000
      vertex 11.65168872 -4.29135082 0.00000000
    endloop
  endfacet
  facet normal 0.00000000 0.00000000 1.00000000
    outer loop
      vertex 11.41181364 -4.28143655 0.00000000
      vertex 11.66321430 -4.07878259 0.00000000
      vertex 11.42367354 -4.06270250 0.00000000
    endloop
  endfacet
  facet normal -0.00000000 0.00000000 1.00000000
    outer loop
      vertex 11.41181364 -4.28143655 0.00000000
      vertex 11.65168872 -4.29135082 0.00000000
      vertex 11.66321430 -4.07878259 0.00000000
    endloop
  endfacet
  facet normal 0.00000000 0.00000000 1.00000000
    outer loop
      vertex 11.42367354 -4.06270250 0.00000000
      vertex 11.68020848 -3.86651279 0.00000000
      vertex 11.44116020 -3.84428130 0.00000000
    endloop
  endfacet
  facet normal -0.00000000 0.00000000 1.00000000
    outer loop
      vertex 11.42367354 -4.06270250 0.00000000
      vertex 11.66321430 -4.07878259 0.00000000
      vertex 11.68020848 -3.86651279 0.00000000
    endloop
  endfacet
  facet normal 0.00000000 0.00000000 1.00000000
    outer loop
      vertex 11.44116020 -3.84428130 0.00000000
      vertex 11.70267205 -3.65453534 0.00000000
      vertex 11.46427283 -3.62617901 0.00000000
    endloop
  endfacet
  facet normal -0.00000000 0.00000000 1.00000000
    outer loop
      vertex 11.44116020 -3.84428130 0.00000000
      vertex 11.68020848 -3.86651279 0.00000000
      vertex 11.70267205 -3.65453534 0.00000000
    endloop
  endfacet
  facet normal 0.00000000 0.00000000 1.00000000
    outer loop
      vertex 11.46427283 -3.62617901 0.00000000
      vertex 11.73060627 -3.44284430 0.00000000
      vertex 11.49301019 -3.40840157 0.00000000
    endloop
  endfacet
  facet normal -0.00000000 0.00000000 1.00000000
    outer loop
      vertex 11.46427283 -3.62617901 0.00000000
      vertex 11.70267205 -3.65453534 0.00000000
      vertex 11.73060627 -3.44284430 0.00000000
    endloop
  endfacet
  facet normal 0.00000000 0.00000000 1.00000000
    outer loop
      vertex 11.49301019 -3.40840157 0.00000000
      vertex 11.76401281 -3.23143390 0.00000000
      vertex 11.52737059 -3.19095475 0.00000000
    endloop
  endfacet
  facet normal -0.00000000 0.00000000 1.00000000
    outer loop
      vertex 11.49301019 -3.40840157 0.00000000
      vertex 11.73060627 -3.44284430 0.00000000
      vertex 11.76401281 -3.23143390 0.00000000
    endloop
  endfacet
  facet normal 0.00000000 0.00000000 1.00000000
    outer loop
      vertex 11.52737059 -3.19095475 0.00000000
      vertex 11.80289378 -3.02029859 0.00000000
      vertex 11.56735193 -2.97384412 0.00000000
    endloop
  endfacet
  facet normal -0.00000000 0.00000000 1.00000000
    outer loop
      vertex 11.52737059 -3.19095475 0.00000000
      vertex 11.76401281 -3.23143390 0.00000000
      vertex 11.80289378 -3.02029859 0.00000000
    endloop
  endfacet
  facet normal 0.00000000 0.00000000 1.00000000
    outer loop
      vertex 11.56735193 -2.97384412 0.00000000
      vertex 11.84725166 -2.80943309 0.00000000
      vertex 11.61295172 -2.75707493 0.00000000
    endloop
  endfacet
  facet normal -0.00000000 0.00000000 1.00000000
    outer loop
      vertex 11.56735193 -2.97384412 0.00000000
      vertex 11.80289378 -3.02029859 0.00000000
      vertex 11.84725166 -2.80943309 0.00000000
    endloop
  endfacet
  facet normal 0.00000000 0.00000000 1.00000000
    outer loop
      vertex 11.61295172 -2.75707493 0.00000000
      vertex 11.89708930 -2.59883243 0.00000000
      vertex 11.66416713 -2.54065217 0.00000000
    endloop
  endfacet
  facet normal -0.00000000 0.00000000 1.00000000
    outer loop
      vertex 11.61295172 -2.75707493 0.00000000
      vertex 11.84725166 -2.80943309 0.00000000
      vertex 11.89708930 -2.59883243 0.00000000
    endloop
  endfacet
  facet normal 0.00000000 0.00000000 1.00000000
    outer loop
      vertex 11.66416713 -2.54065217 0.00000000
      vertex 11.94767806 -2.40648316 0.00000000
      vertex 11.72572677 -2.30658928 0.00000000
    endloop
  endfacet
  facet normal -0.00000000 0.00000000 1.00000000
    outer loop
      vertex 11.66416713 -2.54065217 0.00000000
      vertex 11.89708930 -2.59883243 0.00000000
      vertex 11.94767806 -2.40648316 0.00000000
    endloop
  endfacet
  facet normal 0.00000000 0.00000000 1.00000000
    outer loop
      vertex 11.72572677 -2.30658928 0.00000000
      vertex 12.08992503 -2.19340975 0.00000000
      vertex 11.89173280 -2.05792689 0.00000000
    endloop
  endfacet
  facet normal -0.00000000 0.00000000 1.00000000
    outer loop
      vertex 11.72572677 -2.30658928 0.00000000
      vertex 11.94767806 -2.40648316 0.00000000
      vertex 12.08992503 -2.19340975 0.00000000
    endloop
  endfacet
  facet normal 0.00000000 0.00000000 1.00000000
    outer loop
      vertex 11.89173280 -2.05792689 0.00000000
      vertex 12.24502512 -1.97178513 0.00000000
      vertex 12.04990547 -1.83191182 0.00000000
    endloop
  endfacet
  facet normal -0.00000000 0.00000000 1.00000000
    outer loop
      vertex 11.89173280 -2.05792689 0.00000000
      vertex 12.08992503 -2.19340975 0.00000000
      vertex 12.24502512 -1.97178513 0.00000000
    endloop
  endfacet
  facet normal 0.00000000 0.00000000 1.00000000
    outer loop
      vertex 12.04990547 -1.83191182 0.00000000
      vertex 12.40253503 -1.75724221 0.00000000
      vertex 12.21068809 -1.61291117 0.00000000
    endloop
  endfacet
  facet normal -0.00000000 0.00000000 1.00000000
    outer loop
      vertex 12.04990547 -1.83191182 0.00000000
      vertex 12.24502512 -1.97178513 0.00000000
      vertex 12.40253503 -1.75724221 0.00000000
    endloop
  endfacet
  facet normal 0.00000000 0.00000000 1.00000000
    outer loop
      vertex 12.21068809 -1.61291117 0.00000000
      vertex 12.56245019 -1.54977715 0.00000000
      vertex 12.37408524 -1.40092877 0.00000000
    endloop
  endfacet
  facet normal -0.00000000 0.00000000 1.00000000
    outer loop
      vertex 12.21068809 -1.61291117 0.00000000
      vertex 12.40253503 -1.75724221 0.00000000
      vertex 12.56245019 -1.54977715 0.00000000
    endloop
  endfacet
  facet normal 0.00000000 0.00000000 1.00000000
    outer loop
      vertex 12.37408524 -1.40092877 0.00000000
      vertex 12.72476618 -1.34938551 0.00000000
      vertex 12.54010133 -1.19596907 0.00000000
    endloop
  endfacet
  facet normal -0.00000000 0.00000000 1.00000000
    outer loop
      vertex 12.37408524 -1.40092877 0.00000000
      vertex 12.56245019 -1.54977715 0.00000000
      vertex 12.72476618 -1.34938551 0.00000000
    endloop
  endfacet
  facet normal 0.00000000 0.00000000 1.00000000
    outer loop
      vertex 12.54010133 -1.19596907 0.00000000
      vertex 12.88947886 -1.15606216 0.00000000
      vertex 12.70874051 -0.99803720 0.00000000
    endloop
  endfacet
  facet normal -0.00000000 0.00000000 1.00000000
    outer loop
      vertex 12.54010133 -1.19596907 0.00000000
      vertex 12.72476618 -1.34938551 0.00000000
      vertex 12.88947886 -1.15606216 0.00000000
    endloop
  endfacet
  facet normal 0.00000000 0.00000000 1.00000000
    outer loop
      vertex 12.70874051 -0.99803720 0.00000000
      vertex 13.05658444 -0.96980131 0.00000000
      vertex 12.88000656 -0.80713895 0.00000000
    endloop
  endfacet
  facet normal -0.00000000 0.00000000 1.00000000
    outer loop
      vertex 12.70874051 -0.99803720 0.00000000
      vertex 12.88947886 -1.15606216 0.00000000
      vertex 13.05658444 -0.96980131 0.00000000
    endloop
  endfacet
  facet normal 0.00000000 0.00000000 1.00000000
    outer loop
      vertex 12.88000656 -0.80713895 0.00000000
      vertex 13.22607955 -0.79059647 0.00000000
      vertex 13.05390285 -0.62328080 0.00000000
    endloop
  endfacet
  facet normal -0.00000000 0.00000000 1.00000000
    outer loop
      vertex 12.88000656 -0.80713895 0.00000000
      vertex 13.05658444 -0.96980131 0.00000000
      vertex 13.22607955 -0.79059647 0.00000000
    endloop
  endfacet
  facet normal 0.00000000 0.00000000 1.00000000
    outer loop
      vertex 13.05390285 -0.62328080 0.00000000
      vertex 13.39796143 -0.61844045 0.00000000
      vertex 13.23043215 -0.44646995 0.00000000
    endloop
  endfacet
  facet normal -0.00000000 0.00000000 1.00000000
    outer loop
      vertex 13.05390285 -0.62328080 0.00000000
      vertex 13.22607955 -0.79059647 0.00000000
      vertex 13.39796143 -0.61844045 0.00000000
    endloop
  endfacet
  facet normal -0.00000000 0.00000000 1.00000000
    outer loop
      vertex 13.23043215 -0.44646995 0.00000000
      vertex 13.57222796 -0.45332541 0.00000000
      vertex 13.40959657 -0.27671423 0.00000000
    endloop
  endfacet
  facet normal 0.00000000 0.00000000 1.00000000
    outer loop
      vertex 13.23043215 -0.44646995 0.00000000
      vertex 13.39796143 -0.61844045 0.00000000
      vertex 13.57222796 -0.45332541 0.00000000
    endloop
  endfacet
  facet normal -0.00000000 0.00000000 1.00000000
    outer loop
      vertex 13.40959657 -0.27671423 0.00000000
      vertex 13.74887783 -0.29524288 0.00000000
      vertex 13.59139742 -0.11402213 0.00000000
    endloop
  endfacet
  facet normal 0.00000000 0.00000000 1.00000000
    outer loop
      vertex 13.40959657 -0.27671423 0.00000000
      vertex 13.57222796 -0.45332541 0.00000000
      vertex 13.74887783 -0.29524288 0.00000000
    endloop
  endfacet
  facet normal -0.00000000 0.00000000 1.00000000
    outer loop
      vertex 13.59139742 -0.11402213 0.00000000
      vertex 13.92791064 -0.14418380 0.00000000
      vertex 13.77583511 0.04159731 0.00000000
    endloop
  endfacet
  facet normal 0.00000000 0.00000000 1.00000000
    outer loop
      vertex 13.59139742 -0.11402213 0.00000000
      vertex 13.74887783 -0.29524288 0.00000000
      vertex 13.92791064 -0.14418380 0.00000000
    endloop
  endfacet
  facet normal -0.00000000 0.00000000 1.00000000
    outer loop
      vertex 13.77583511 0.04159731 0.00000000
      vertex 14.10932702 -0.00013864 0.00000000
      vertex 13.96290900 0.19013456 0.00000000
    endloop
  endfacet
  facet normal 0.00000000 0.00000000 1.00000000
    outer loop
      vertex 13.77583511 0.04159731 0.00000000
      vertex 13.92791064 -0.14418380 0.00000000
      vertex 14.10932702 -0.00013864 0.00000000
    endloop
  endfacet
  facet normal -0.00000000 0.00000000 1.00000000
    outer loop
      vertex 13.96290900 0.19013456 0.00000000
      vertex 14.29312870 0.13690251 0.00000000
      vertex 14.15261737 0.33157970 0.00000000
    endloop
  endfacet
  facet normal 0.00000000 0.00000000 1.00000000
    outer loop
      vertex 13.96290900 0.19013456 0.00000000
      vertex 14.10932702 -0.00013864 0.00000000
      vertex 14.29312870 0.13690251 0.00000000
    endloop
  endfacet
  facet normal -0.00000000 0.00000000 1.00000000
    outer loop
      vertex 14.15261737 0.33157970 0.00000000
      vertex 14.47931862 0.26694982 0.00000000
      vertex 14.34495727 0.46592256 0.00000000
    endloop
  endfacet
  facet normal 0.00000000 0.00000000 1.00000000
    outer loop
      vertex 14.15261737 0.33157970 0.00000000
      vertex 14.29312870 0.13690251 0.00000000
      vertex 14.47931862 0.26694982 0.00000000
    endloop
  endfacet
  facet normal -0.00000000 0.00000000 1.00000000
    outer loop
      vertex 14.34495727 0.46592256 0.00000000
      vertex 14.66790100 0.39001357 0.00000000
      vertex 14.53992448 0.59315287 0.00000000
    endloop
  endfacet
  facet normal 0.00000000 0.00000000 1.00000000
    outer loop
      vertex 14.34495727 0.46592256 0.00000000
      vertex 14.47931862 0.26694982 0.00000000
      vertex 14.66790100 0.39001357 0.00000000
    endloop
  endfacet
  facet normal -0.00000000 0.00000000 1.00000000
    outer loop
      vertex 14.53992448 0.59315287 0.00000000
      vertex 14.85888134 0.50610394 0.00000000
      vertex 14.73751350 0.71326043 0.00000000
    endloop
  endfacet
  facet normal 0.00000000 0.00000000 1.00000000
    outer loop
      vertex 14.53992448 0.59315287 0.00000000
      vertex 14.66790100 0.39001357 0.00000000
      vertex 14.85888134 0.50610394 0.00000000
    endloop
  endfacet
  facet normal -0.00000000 0.00000000 1.00000000
    outer loop
      vertex 14.73751350 0.71326043 0.00000000
      vertex 15.10721918 0.64624065 0.00000000
      vertex 14.88276480 0.79522554 0.00000000
    endloop
  endfacet
  facet normal 0.00000000 0.00000000 1.00000000
    outer loop
      vertex 14.73751350 0.71326043 0.00000000
      vertex 14.85888134 0.50610394 0.00000000
      vertex 15.10721918 0.64624065 0.00000000
    endloop
  endfacet
  facet normal 0.00000000 0.00000000 1.00000000
    outer loop
      vertex 14.88276480 0.79522554 0.00000000
      vertex 15.14620592 0.98393737 0.00000000
      vertex 14.90704388 1.00552694 0.00000000
    endloop
  endfacet
  facet normal -0.00000000 0.00000000 1.00000000
    outer loop
      vertex 14.88276480 0.79522554 0.00000000
      vertex 15.10721918 0.64624065 0.00000000
      vertex 15.14620592 0.98393737 0.00000000
    endloop
  endfacet
  facet normal 0.00000000 0.00000000 1.00000000
    outer loop
      vertex 14.90704388 1.00552694 0.00000000
      vertex 15.16447561 1.26411520 0.00000000
      vertex 14.92453313 1.27373621 0.00000000
    endloop
  endfacet
  facet normal -0.00000000 0.00000000 1.00000000
    outer loop
      vertex 14.90704388 1.00552694 0.00000000
      vertex 15.14620592 0.98393737 0.00000000
      vertex 15.16447561 1.26411520 0.00000000
    endloop
  endfacet
  facet normal 0.00000000 0.00000000 1.00000000
    outer loop
      vertex 14.92453313 1.27373621 0.00000000
      vertex 15.16869204 1.54451509 0.00000000
      vertex 14.92856876 1.54211239 0.00000000
    endloop
  endfacet
  facet normal -0.00000000 0.00000000 1.00000000
    outer loop
      vertex 14.92453313 1.27373621 0.00000000
      vertex 15.16447561 1.26411520 0.00000000
      vertex 15.16869204 1.54451509 0.00000000
    endloop
  endfacet
  facet normal 0.00000000 -0.00000000 1.00000000
    outer loop
      vertex 14.92856876 1.54211239 0.00000000
      vertex 15.15885446 1.82509200 0.00000000
      vertex 14.91915152 1.81070055 0.00000000
    endloop
  endfacet
  facet normal 0.00000000 0.00000000 1.00000000
    outer loop
      vertex 14.92856876 1.54211239 0.00000000
      vertex 15.16869204 1.54451509 0.00000000
      vertex 15.15885446 1.82509200 0.00000000
    endloop
  endfacet
  facet normal 0.00000000 -0.00000000 1.00000000
    outer loop
      vertex 14.91915152 1.81070055 0.00000000
      vertex 15.13496881 2.10580158 0.00000000
      vertex 14.89627548 2.07954503 0.00000000
    endloop
  endfacet
  facet normal 0.00000000 0.00000000 1.00000000
    outer loop
      vertex 14.91915152 1.81070055 0.00000000
      vertex 15.15885446 1.82509200 0.00000000
      vertex 15.13496881 2.10580158 0.00000000
    endloop
  endfacet
  facet normal 0.00000000 -0.00000000 1.00000000
    outer loop
      vertex 14.89627548 2.07954503 0.00000000
      vertex 15.09704738 2.38660180 0.00000000
      vertex 14.85992835 2.34868785 0.00000000
    endloop
  endfacet
  facet normal 0.00000000 0.00000000 1.00000000
    outer loop
      vertex 14.89627548 2.07954503 0.00000000
      vertex 15.13496881 2.10580158 0.00000000
      vertex 15.09704738 2.38660180 0.00000000
    endloop
  endfacet
  facet normal 0.00000000 -0.00000000 1.00000000
    outer loop
      vertex 14.85992835 2.34868785 0.00000000
      vertex 15.04510801 2.66745438 0.00000000
      vertex 14.81009227 2.61816730 0.00000000
    endloop
  endfacet
  facet normal 0.00000000 0.00000000 1.00000000
    outer loop
      vertex 14.85992835 2.34868785 0.00000000
      vertex 15.09704738 2.38660180 0.00000000
      vertex 15.04510801 2.66745438 0.00000000
    endloop
  endfacet
  facet normal 0.00000000 -0.00000000 1.00000000
    outer loop
      vertex 14.81009227 2.61816730 0.00000000
      vertex 14.97917314 2.94832586 0.00000000
      vertex 14.74674482 2.88801683 0.00000000
    endloop
  endfacet
  facet normal 0.00000000 0.00000000 1.00000000
    outer loop
      vertex 14.81009227 2.61816730 0.00000000
      vertex 15.04510801 2.66745438 0.00000000
      vertex 14.97917314 2.94832586 0.00000000
    endloop
  endfacet
  facet normal 0.00000000 -0.00000000 1.00000000
    outer loop
      vertex 14.74674482 2.88801683 0.00000000
      vertex 14.89926857 3.22918840 0.00000000
      vertex 14.66986020 3.15826429 0.00000000
    endloop
  endfacet
  facet normal 0.00000000 0.00000000 1.00000000
    outer loop
      vertex 14.74674482 2.88801683 0.00000000
      vertex 14.97917314 2.94832586 0.00000000
      vertex 14.89926857 3.22918840 0.00000000
    endloop
  endfacet
  facet normal 0.00000000 -0.00000000 1.00000000
    outer loop
      vertex 14.66986020 3.15826429 0.00000000
      vertex 14.80542219 3.51002012 0.00000000
      vertex 14.57941051 3.42893156 0.00000000
    endloop
  endfacet
  facet normal 0.00000000 0.00000000 1.00000000
    outer loop
      vertex 14.66986020 3.15826429 0.00000000
      vertex 14.89926857 3.22918840 0.00000000
      vertex 14.80542219 3.51002012 0.00000000
    endloop
  endfacet
  facet normal 0.00000000 -0.00000000 1.00000000
    outer loop
      vertex 14.57941051 3.42893156 0.00000000
      vertex 14.69766283 3.79080512 0.00000000
      vertex 14.47536691 3.70003453 0.00000000
    endloop
  endfacet
  facet normal 0.00000000 0.00000000 1.00000000
    outer loop
      vertex 14.57941051 3.42893156 0.00000000
      vertex 14.80542219 3.51002012 0.00000000
      vertex 14.69766283 3.79080512 0.00000000
    endloop
  endfacet
  facet normal 0.00000000 -0.00000000 1.00000000
    outer loop
      vertex 14.47536691 3.70003453 0.00000000
      vertex 14.57601918 4.07153320 0.00000000
      vertex 14.35770074 3.97158341 0.00000000
    endloop
  endfacet
  facet normal 0.00000000 0.00000000 1.00000000
    outer loop
      vertex 14.47536691 3.70003453 0.00000000
      vertex 14.69766283 3.79080512 0.00000000
      vertex 14.57601918 4.07153320 0.00000000
    endloop
  endfacet
  facet normal 0.00000000 -0.00000000 1.00000000
    outer loop
      vertex 14.35770074 3.97158341 0.00000000
      vertex 14.44051884 4.35219936 0.00000000
      vertex 14.22638437 4.24358319 0.00000000
    endloop
  endfacet
  facet normal 0.00000000 0.00000000 1.00000000
    outer loop
      vertex 14.35770074 3.97158341 0.00000000
      vertex 14.57601918 4.07153320 0.00000000
      vertex 14.44051884 4.35219936 0.00000000
    endloop
  endfacet
  facet normal 0.00000000 -0.00000000 1.00000000
    outer loop
      vertex 14.22638437 4.24358319 0.00000000
      vertex 14.29118773 4.63280314 0.00000000
      vertex 14.08139190 4.51603435 0.00000000
    endloop
  endfacet
  facet normal 0.00000000 0.00000000 1.00000000
    outer loop
      vertex 14.22638437 4.24358319 0.00000000
      vertex 14.44051884 4.35219936 0.00000000
      vertex 14.29118773 4.63280314 0.00000000
    endloop
  endfacet
  facet normal 0.00000000 -0.00000000 1.00000000
    outer loop
      vertex 14.08139190 4.51603435 0.00000000
      vertex 14.12804953 4.91334788 0.00000000
      vertex 13.92269964 4.78893352 0.00000000
    endloop
  endfacet
  facet normal 0.00000000 0.00000000 1.00000000
    outer loop
      vertex 14.08139190 4.51603435 0.00000000
      vertex 14.29118773 4.63280314 0.00000000
      vertex 14.12804953 4.91334788 0.00000000
    endloop
  endfacet
  facet normal 0.00000000 -0.00000000 1.00000000
    outer loop
      vertex 13.92269964 4.78893352 0.00000000
      vertex 13.95112546 5.19384001 0.00000000
      vertex 13.75028638 5.06227429 0.00000000
    endloop
  endfacet
  facet normal 0.00000000 0.00000000 1.00000000
    outer loop
      vertex 13.92269964 4.78893352 0.00000000
      vertex 14.12804953 4.91334788 0.00000000
      vertex 13.95112546 5.19384001 0.00000000
    endloop
  endfacet
  facet normal 0.00000000 -0.00000000 1.00000000
    outer loop
      vertex 13.75028638 5.06227429 0.00000000
      vertex 13.76043413 5.47428828 0.00000000
      vertex 13.56413350 5.33604791 0.00000000
    endloop
  endfacet
  facet normal 0.00000000 0.00000000 1.00000000
    outer loop
      vertex 13.75028638 5.06227429 0.00000000
      vertex 13.95112546 5.19384001 0.00000000
      vertex 13.76043413 5.47428828 0.00000000
    endloop
  endfacet
  facet normal 0.00000000 0.00000000 1.00000000
    outer loop
      vertex 13.56413350 5.33604791 0.00000000
      vertex 13.54665785 5.76750537 0.00000000
      vertex 13.37355869 5.59744169 0.00000000
    endloop
  endfacet
  facet normal 0.00000000 -0.00000000 1.00000000
    outer loop
      vertex 13.56413350 5.33604791 0.00000000
      vertex 13.76043413 5.47428828 0.00000000
      vertex 13.54665785 5.76750537 0.00000000
    endloop
  endfacet
  facet normal 0.00000000 0.00000000 1.00000000
    outer loop
      vertex 13.37355869 5.59744169 0.00000000
      vertex 13.25327383 5.98945706 0.00000000
      vertex 13.11283196 5.79468740 0.00000000
    endloop
  endfacet
  facet normal 0.00000000 -0.00000000 1.00000000
    outer loop
      vertex 13.37355869 5.59744169 0.00000000
      vertex 13.54665785 5.76750537 0.00000000
      vertex 13.25327383 5.98945706 0.00000000
    endloop
  endfacet
  facet normal 0.00000000 0.00000000 1.00000000
    outer loop
      vertex 13.11283196 5.79468740 0.00000000
      vertex 12.96663914 6.18630750 0.00000000
      vertex 12.83540896 5.98521158 0.00000000
    endloop
  endfacet
  facet normal 0.00000000 -0.00000000 1.00000000
    outer loop
      vertex 13.11283196 5.79468740 0.00000000
      vertex 13.25327383 5.98945706 0.00000000
      vertex 12.96663914 6.18630750 0.00000000
    endloop
  endfacet
  facet normal 0.00000000 0.00000000 1.00000000
    outer loop
      vertex 12.83540896 5.98521158 0.00000000
      vertex 12.67475888 6.36710495 0.00000000
      vertex 12.55328462 6.15996598 0.00000000
    endloop
  endfacet
  facet normal 0.00000000 -0.00000000 1.00000000
    outer loop
      vertex 12.83540896 5.98521158 0.00000000
      vertex 12.96663914 6.18630750 0.00000000
      vertex 12.67475888 6.36710495 0.00000000
    endloop
  endfacet
  facet normal 0.00000000 0.00000000 1.00000000
    outer loop
      vertex 12.55328462 6.15996598 0.00000000
      vertex 12.37765144 6.53181437 0.00000000
      vertex 12.26644051 6.31898564 0.00000000
    endloop
  endfacet
  facet normal 0.00000000 -0.00000000 1.00000000
    outer loop
      vertex 12.55328462 6.15996598 0.00000000
      vertex 12.67475888 6.36710495 0.00000000
      vertex 12.37765144 6.53181437 0.00000000
    endloop
  endfacet
  facet normal 0.00000000 0.00000000 1.00000000
    outer loop
      vertex 12.26644051 6.31898564 0.00000000
      vertex 12.07534204 6.68040209 0.00000000
      vertex 11.97485143 6.46230424 0.00000000
    endloop
  endfacet
  facet normal 0.00000000 -0.00000000 1.00000000
    outer loop
      vertex 12.26644051 6.31898564 0.00000000
      vertex 12.37765144 6.53181437 0.00000000
      vertex 12.07534204 6.68040209 0.00000000
    endloop
  endfacet
  facet normal 0.00000000 0.00000000 1.00000000
    outer loop
      vertex 11.97485143 6.46230424 0.00000000
      vertex 11.76786244 6.81283728 0.00000000
      vertex 11.67848563 6.58995258 0.00000000
    endloop
  endfacet
  facet normal 0.00000000 -0.00000000 1.00000000
    outer loop
      vertex 11.97485143 6.46230424 0.00000000
      vertex 12.07534204 6.68040209 0.00000000
      vertex 11.76786244 6.81283728 0.00000000
    endloop
  endfacet
  facet normal 0.00000000 0.00000000 1.00000000
    outer loop
      vertex 11.67848563 6.58995258 0.00000000
      vertex 11.45525014 6.92909341 0.00000000
      vertex 11.37730560 6.70195721 0.00000000
    endloop
  endfacet
  facet normal 0.00000000 -0.00000000 1.00000000
    outer loop
      vertex 11.67848563 6.58995258 0.00000000
      vertex 11.76786244 6.81283728 0.00000000
      vertex 11.45525014 6.92909341 0.00000000
    endloop
  endfacet
  facet normal 0.00000000 0.00000000 1.00000000
    outer loop
      vertex 11.37730560 6.70195721 0.00000000
      vertex 11.13754722 7.02914953 0.00000000
      vertex 11.07126925 6.79833910 0.00000000
    endloop
  endfacet
  facet normal 0.00000000 -0.00000000 1.00000000
    outer loop
      vertex 11.37730560 6.70195721 0.00000000
      vertex 11.45525014 6.92909341 0.00000000
      vertex 11.13754722 7.02914953 0.00000000
    endloop
  endfacet
  facet normal 0.00000000 0.00000000 1.00000000
    outer loop
      vertex 11.07126925 6.79833910 0.00000000
      vertex 10.81479885 7.11299118 0.00000000
      vertex 10.76033142 6.87911268 0.00000000
    endloop
  endfacet
  facet normal 0.00000000 -0.00000000 1.00000000
    outer loop
      vertex 11.07126925 6.79833910 0.00000000
      vertex 11.13754722 7.02914953 0.00000000
      vertex 10.81479885 7.11299118 0.00000000
    endloop
  endfacet
  facet normal 0.00000000 0.00000000 1.00000000
    outer loop
      vertex 10.76033142 6.87911268 0.00000000
      vertex 10.48705153 7.18061102 0.00000000
      vertex 10.44444560 6.94428529 0.00000000
    endloop
  endfacet
  facet normal 0.00000000 -0.00000000 1.00000000
    outer loop
      vertex 10.76033142 6.87911268 0.00000000
      vertex 10.81479885 7.11299118 0.00000000
      vertex 10.48705153 7.18061102 0.00000000
    endloop
  endfacet
  facet normal 0.00000000 0.00000000 1.00000000
    outer loop
      vertex 10.44444560 6.94428529 0.00000000
      vertex 10.15435133 7.23200891 0.00000000
      vertex 10.12356574 6.99385709 0.00000000
    endloop
  endfacet
  facet normal 0.00000000 -0.00000000 1.00000000
    outer loop
      vertex 10.44444560 6.94428529 0.00000000
      vertex 10.48705153 7.18061102 0.00000000
      vertex 10.15435133 7.23200891 0.00000000
    endloop
  endfacet
  facet normal 0.00000000 0.00000000 1.00000000
    outer loop
      vertex 10.12356574 6.99385709 0.00000000
      vertex 9.81674215 7.26719155 0.00000000
      vertex 9.79764793 7.02782137 0.00000000
    endloop
  endfacet
  facet normal 0.00000000 -0.00000000 1.00000000
    outer loop
      vertex 10.12356574 6.99385709 0.00000000
      vertex 10.15435133 7.23200891 0.00000000
      vertex 9.81674215 7.26719155 0.00000000
    endloop
  endfacet
  facet normal 0.00000000 0.00000000 1.00000000
    outer loop
      vertex 9.79764793 7.02782137 0.00000000
      vertex 9.47426425 7.28617179 0.00000000
      vertex 9.46665190 7.04616527 0.00000000
    endloop
  endfacet
  facet normal 0.00000000 -0.00000000 1.00000000
    outer loop
      vertex 9.79764793 7.02782137 0.00000000
      vertex 9.81674215 7.26719155 0.00000000
      vertex 9.47426425 7.28617179 0.00000000
    endloop
  endfacet
  facet normal 0.00000000 0.00000000 1.00000000
    outer loop
      vertex 9.46665190 7.04616527 0.00000000
      vertex 9.12695316 7.28896756 0.00000000
      vertex 9.13054214 7.04887088 0.00000000
    endloop
  endfacet
  facet normal 0.00000000 -0.00000000 1.00000000
    outer loop
      vertex 9.46665190 7.04616527 0.00000000
      vertex 9.47426425 7.28617179 0.00000000
      vertex 9.12695316 7.28896756 0.00000000
    endloop
  endfacet
  facet normal 0.00000000 0.00000000 1.00000000
    outer loop
      vertex 9.13054214 7.04887088 0.00000000
      vertex 8.77483888 7.27560072 0.00000000
      vertex 8.78928864 7.03591633 0.00000000
    endloop
  endfacet
  facet normal 0.00000000 0.00000000 1.00000000
    outer loop
      vertex 9.13054214 7.04887088 0.00000000
      vertex 9.12695316 7.28896756 0.00000000
      vertex 8.77483888 7.27560072 0.00000000
    endloop
  endfacet
  facet normal 0.00000000 0.00000000 1.00000000
    outer loop
      vertex 8.78928864 7.03591633 0.00000000
      vertex 8.41794552 7.24609576 0.00000000
      vertex 8.44286728 7.00727711 0.00000000
    endloop
  endfacet
  facet normal 0.00000000 0.00000000 1.00000000
    outer loop
      vertex 8.78928864 7.03591633 0.00000000
      vertex 8.77483888 7.27560072 0.00000000
      vertex 8.41794552 7.24609576 0.00000000
    endloop
  endfacet
  facet normal 0.00000000 0.00000000 1.00000000
    outer loop
      vertex 8.44286728 7.00727711 0.00000000
      vertex 8.05629133 7.20047868 0.00000000
      vertex 8.09125982 6.96292726 0.00000000
    endloop
  endfacet
  facet normal 0.00000000 0.00000000 1.00000000
    outer loop
      vertex 8.44286728 7.00727711 0.00000000
      vertex 8.41794552 7.24609576 0.00000000
      vertex 8.05629133 7.20047868 0.00000000
    endloop
  endfacet
  facet normal 0.00000000 0.00000000 1.00000000
    outer loop
      vertex 8.09125982 6.96292726 0.00000000
      vertex 7.68432925 7.13783955 0.00000000
      vertex 7.74001332 6.90377668 0.00000000
    endloop
  endfacet
  facet normal 0.00000000 0.00000000 1.00000000
    outer loop
      vertex 8.09125982 6.96292726 0.00000000
      vertex 8.05629133 7.20047868 0.00000000
      vertex 7.68432925 7.13783955 0.00000000
    endloop
  endfacet
  facet normal 0.00000000 0.00000000 1.00000000
    outer loop
      vertex 7.74001332 6.90377668 0.00000000
      vertex 7.46978759 7.07140718 0.00000000
      vertex 7.54398011 6.84307542 0.00000000
    endloop
  endfacet
  facet normal 0.00000000 0.00000000 1.00000000
    outer loop
      vertex 7.74001332 6.90377668 0.00000000
      vertex 7.68432925 7.13783955 0.00000000
      vertex 7.46978759 7.07140718 0.00000000
    endloop
  endfacet
  facet normal 0.00000000 0.00000000 1.00000000
    outer loop
      vertex 7.54398011 6.84307542 0.00000000
      vertex 7.26484740 7.00165442 0.00000000
      vertex 7.34540276 6.77548829 0.00000000
    endloop
  endfacet
  facet normal 0.00000000 0.00000000 1.00000000
    outer loop
      vertex 7.54398011 6.84307542 0.00000000
      vertex 7.46978759 7.07140718 0.00000000
      vertex 7.26484740 7.00165442 0.00000000
    endloop
  endfacet
  facet normal 0.00000000 0.00000000 1.00000000
    outer loop
      vertex 7.34540276 6.77548829 0.00000000
      vertex 7.06341955 6.92669128 0.00000000
      vertex 7.15037038 6.70290528 0.00000000
    endloop
  endfacet
  facet normal 0.00000000 0.00000000 1.00000000
    outer loop
      vertex 7.34540276 6.77548829 0.00000000
      vertex 7.26484740 7.00165442 0.00000000
      vertex 7.06341955 6.92669128 0.00000000
    endloop
  endfacet
  facet normal 0.00000000 0.00000000 1.00000000
    outer loop
      vertex 7.15037038 6.70290528 0.00000000
      vertex 6.86551226 6.84651635 0.00000000
      vertex 6.95887477 6.62532781 0.00000000
    endloop
  endfacet
  facet normal 0.00000000 0.00000000 1.00000000
    outer loop
      vertex 7.15037038 6.70290528 0.00000000
      vertex 7.06341955 6.92669128 0.00000000
      vertex 6.86551226 6.84651635 0.00000000
    endloop
  endfacet
  facet normal 0.00000000 0.00000000 1.00000000
    outer loop
      vertex 6.95887477 6.62532781 0.00000000
      vertex 6.67113414 6.76112897 0.00000000
      vertex 6.77090729 6.54275653 0.00000000
    endloop
  endfacet
  facet normal 0.00000000 0.00000000 1.00000000
    outer loop
      vertex 6.95887477 6.62532781 0.00000000
      vertex 6.86551226 6.84651635 0.00000000
      vertex 6.67113414 6.76112897 0.00000000
    endloop
  endfacet
  facet normal 0.00000000 0.00000000 1.00000000
    outer loop
      vertex 6.77090729 6.54275653 0.00000000
      vertex 6.48029415 6.67052931 0.00000000
      vertex 6.58645902 6.45519128 0.00000000
    endloop
  endfacet
  facet normal 0.00000000 0.00000000 1.00000000
    outer loop
      vertex 6.77090729 6.54275653 0.00000000
      vertex 6.67113414 6.76112897 0.00000000
      vertex 6.48029415 6.67052931 0.00000000
    endloop
  endfacet
  facet normal 0.00000000 0.00000000 1.00000000
    outer loop
      vertex 6.58645902 6.45519128 0.00000000
      vertex 6.29300145 6.57471840 0.00000000
      vertex 6.40552077 6.36263103 0.00000000
    endloop
  endfacet
  facet normal 0.00000000 0.00000000 1.00000000
    outer loop
      vertex 6.58645902 6.45519128 0.00000000
      vertex 6.48029415 6.67052931 0.00000000
      vertex 6.29300145 6.57471840 0.00000000
    endloop
  endfacet
  facet normal 0.00000000 0.00000000 1.00000000
    outer loop
      vertex 6.40552077 6.36263103 0.00000000
      vertex 6.10926530 6.47369814 0.00000000
      vertex 6.22808330 6.26507386 0.00000000
    endloop
  endfacet
  facet normal 0.00000000 0.00000000 1.00000000
    outer loop
      vertex 6.40552077 6.36263103 0.00000000
      vertex 6.29300145 6.57471840 0.00000000
      vertex 6.10926530 6.47369814 0.00000000
    endloop
  endfacet
  facet normal 0.00000000 0.00000000 1.00000000
    outer loop
      vertex 6.22808330 6.26507386 0.00000000
      vertex 5.92909493 6.36747137 0.00000000
      vertex 6.05413736 6.16251696 0.00000000
    endloop
  endfacet
  facet normal 0.00000000 0.00000000 1.00000000
    outer loop
      vertex 6.22808330 6.26507386 0.00000000
      vertex 6.10926530 6.47369814 0.00000000
      vertex 5.92909493 6.36747137 0.00000000
    endloop
  endfacet
  facet normal 0.00000000 0.00000000 1.00000000
    outer loop
      vertex 6.05413736 6.16251696 0.00000000
      vertex 5.75249943 6.25604179 0.00000000
      vertex 5.88367388 6.05495661 0.00000000
    endloop
  endfacet
  facet normal 0.00000000 0.00000000 1.00000000
    outer loop
      vertex 6.05413736 6.16251696 0.00000000
      vertex 5.92909493 6.36747137 0.00000000
      vertex 5.75249943 6.25604179 0.00000000
    endloop
  endfacet
  facet normal 0.00000000 0.00000000 1.00000000
    outer loop
      vertex 5.88367388 6.05495661 0.00000000
      vertex 5.57948757 6.13941396 0.00000000
      vertex 5.71668406 5.94238825 0.00000000
    endloop
  endfacet
  facet normal 0.00000000 0.00000000 1.00000000
    outer loop
      vertex 5.88367388 6.05495661 0.00000000
      vertex 5.75249943 6.25604179 0.00000000
      vertex 5.57948757 6.13941396 0.00000000
    endloop
  endfacet
  facet normal 0.00000000 0.00000000 1.00000000
    outer loop
      vertex 5.71668406 5.94238825 0.00000000
      vertex 5.41006776 6.01759325 0.00000000
      vertex 5.55315953 5.82480652 0.00000000
    endloop
  endfacet
  facet normal 0.00000000 0.00000000 1.00000000
    outer loop
      vertex 5.71668406 5.94238825 0.00000000
      vertex 5.57948757 6.13941396 0.00000000
      vertex 5.41006776 6.01759325 0.00000000
    endloop
  endfacet
  facet normal 0.00000000 0.00000000 1.00000000
    outer loop
      vertex 5.55315953 5.82480652 0.00000000
      vertex 5.24424784 5.89058575 0.00000000
      vertex 5.39309242 5.70220531 0.00000000
    endloop
  endfacet
  facet normal 0.00000000 0.00000000 1.00000000
    outer loop
      vertex 5.55315953 5.82480652 0.00000000
      vertex 5.41006776 6.01759325 0.00000000
      vertex 5.24424784 5.89058575 0.00000000
    endloop
  endfacet
  facet normal 0.00000000 0.00000000 1.00000000
    outer loop
      vertex 5.39309242 5.70220531 0.00000000
      vertex 5.08203504 5.75839823 0.00000000
      vertex 5.23647551 5.57457788 0.00000000
    endloop
  endfacet
  facet normal 0.00000000 0.00000000 1.00000000
    outer loop
      vertex 5.39309242 5.70220531 0.00000000
      vertex 5.24424784 5.89058575 0.00000000
      vertex 5.08203504 5.75839823 0.00000000
    endloop
  endfacet
  facet normal 0.00000000 0.00000000 1.00000000
    outer loop
      vertex 5.23647551 5.57457788 0.00000000
      vertex 4.92343588 5.62103796 0.00000000
      vertex 5.08330228 5.44191694 0.00000000
    endloop
  endfacet
  facet normal 0.00000000 0.00000000 1.00000000
    outer loop
      vertex 5.23647551 5.57457788 0.00000000
      vertex 5.08203504 5.75839823 0.00000000
      vertex 4.92343588 5.62103796 0.00000000
    endloop
  endfacet
  facet normal 0.00000000 0.00000000 1.00000000
    outer loop
      vertex 5.08330228 5.44191694 0.00000000
      vertex 4.76845608 5.47851269 0.00000000
      vertex 4.93356702 5.30421475 0.00000000
    endloop
  endfacet
  facet normal 0.00000000 0.00000000 1.00000000
    outer loop
      vertex 5.08330228 5.44191694 0.00000000
      vertex 4.92343588 5.62103796 0.00000000
      vertex 4.76845608 5.47851269 0.00000000
    endloop
  endfacet
  facet normal 0.00000000 0.00000000 1.00000000
    outer loop
      vertex 4.93356702 5.30421475 0.00000000
      vertex 4.61710050 5.33083045 0.00000000
      vertex 4.78726485 5.16146326 0.00000000
    endloop
  endfacet
  facet normal 0.00000000 0.00000000 1.00000000
    outer loop
      vertex 4.93356702 5.30421475 0.00000000
      vertex 4.76845608 5.47851269 0.00000000
      vertex 4.61710050 5.33083045 0.00000000
    endloop
  endfacet
  facet normal 0.00000000 0.00000000 1.00000000
    outer loop
      vertex 4.78726485 5.16146326 0.00000000
      vertex 4.46975353 5.17839300 0.00000000
      vertex 4.64401139 5.01326075 0.00000000
    endloop
  endfacet
  facet normal 0.00000000 0.00000000 1.00000000
    outer loop
      vertex 4.78726485 5.16146326 0.00000000
      vertex 4.61710050 5.33083045 0.00000000
      vertex 4.46975353 5.17839300 0.00000000
    endloop
  endfacet
  facet normal 0.00000000 0.00000000 1.00000000
    outer loop
      vertex 4.64401139 5.01326075 0.00000000
      vertex 4.33778611 5.03634132 0.00000000
      vertex 4.51248701 4.87168596 0.00000000
    endloop
  endfacet
  facet normal 0.00000000 0.00000000 1.00000000
    outer loop
      vertex 4.64401139 5.01326075 0.00000000
      vertex 4.46975353 5.17839300 0.00000000
      vertex 4.33778611 5.03634132 0.00000000
    endloop
  endfacet
  facet normal 0.00000000 0.00000000 1.00000000
    outer loop
      vertex 4.51248701 4.87168596 0.00000000
      vertex 4.20379420 4.89620754 0.00000000
      vertex 4.37613356 4.72908239 0.00000000
    endloop
  endfacet
  facet normal 0.00000000 0.00000000 1.00000000
    outer loop
      vertex 4.51248701 4.87168596 0.00000000
      vertex 4.33778611 5.03634132 0.00000000
      vertex 4.20379420 4.89620754 0.00000000
    endloop
  endfacet
  facet normal 0.00000000 0.00000000 1.00000000
    outer loop
      vertex 4.37613356 4.72908239 0.00000000
      vertex 4.06636786 4.75647622 0.00000000
      vertex 4.23636097 4.58696547 0.00000000
    endloop
  endfacet
  facet normal 0.00000000 0.00000000 1.00000000
    outer loop
      vertex 4.37613356 4.72908239 0.00000000
      vertex 4.20379420 4.89620754 0.00000000
      vertex 4.06636786 4.75647622 0.00000000
    endloop
  endfacet
  facet normal 0.00000000 0.00000000 1.00000000
    outer loop
      vertex 4.23636097 4.58696547 0.00000000
      vertex 3.92550616 4.61714851 0.00000000
      vertex 4.09317018 4.44533405 0.00000000
    endloop
  endfacet
  facet normal 0.00000000 0.00000000 1.00000000
    outer loop
      vertex 4.23636097 4.58696547 0.00000000
      vertex 4.06636786 4.75647622 0.00000000
      vertex 3.92550616 4.61714851 0.00000000
    endloop
  endfacet
  facet normal 0.00000000 0.00000000 1.00000000
    outer loop
      vertex 4.09317018 4.44533405 0.00000000
      vertex 3.78120821 4.47822556 0.00000000
      vertex 3.94656207 4.30418698 0.00000000
    endloop
  endfacet
  facet normal 0.00000000 0.00000000 1.00000000
    outer loop
      vertex 4.09317018 4.44533405 0.00000000
      vertex 3.92550616 4.61714851 0.00000000
      vertex 3.78120821 4.47822556 0.00000000
    endloop
  endfacet
  facet normal 0.00000000 0.00000000 1.00000000
    outer loop
      vertex 3.94656207 4.30418698 0.00000000
      vertex 3.63347324 4.33970852 0.00000000
      vertex 3.79653741 4.16352312 0.00000000
    endloop
  endfacet
  facet normal 0.00000000 0.00000000 1.00000000
    outer loop
      vertex 3.94656207 4.30418698 0.00000000
      vertex 3.78120821 4.47822556 0.00000000
      vertex 3.63347324 4.33970852 0.00000000
    endloop
  endfacet
  facet normal 0.00000000 0.00000000 1.00000000
    outer loop
      vertex 3.79653741 4.16352312 0.00000000
      vertex 3.48230056 4.20159855 0.00000000
      vertex 3.64309691 4.02334129 0.00000000
    endloop
  endfacet
  facet normal 0.00000000 0.00000000 1.00000000
    outer loop
      vertex 3.79653741 4.16352312 0.00000000
      vertex 3.63347324 4.33970852 0.00000000
      vertex 3.48230056 4.20159855 0.00000000
    endloop
  endfacet
  facet normal 0.00000000 0.00000000 1.00000000
    outer loop
      vertex 3.64309691 4.02334129 0.00000000
      vertex 3.32768953 4.06389682 0.00000000
      vertex 3.48624117 3.88364034 0.00000000
    endloop
  endfacet
  facet normal 0.00000000 0.00000000 1.00000000
    outer loop
      vertex 3.64309691 4.02334129 0.00000000
      vertex 3.48230056 4.20159855 0.00000000
      vertex 3.32768953 4.06389682 0.00000000
    endloop
  endfacet
  facet normal 0.00000000 0.00000000 1.00000000
    outer loop
      vertex 3.48624117 3.88364034 0.00000000
      vertex 3.16963962 3.92660447 0.00000000
      vertex 3.32597076 3.74441912 0.00000000
    endloop
  endfacet
  facet normal 0.00000000 0.00000000 1.00000000
    outer loop
      vertex 3.48624117 3.88364034 0.00000000
      vertex 3.32768953 4.06389682 0.00000000
      vertex 3.16963962 3.92660447 0.00000000
    endloop
  endfacet
  facet normal 0.00000000 0.00000000 1.00000000
    outer loop
      vertex 3.32597076 3.74441912 0.00000000
      vertex 3.00815034 3.78972264 0.00000000
      vertex 3.16228616 3.60567649 0.00000000
    endloop
  endfacet
  facet normal 0.00000000 0.00000000 1.00000000
    outer loop
      vertex 3.32597076 3.74441912 0.00000000
      vertex 3.16963962 3.92660447 0.00000000
      vertex 3.00815034 3.78972264 0.00000000
    endloop
  endfacet
  facet normal 0.00000000 0.00000000 1.00000000
    outer loop
      vertex 3.16228616 3.60567649 0.00000000
      vertex 2.84322126 3.65325245 0.00000000
      vertex 2.99518779 3.46741132 0.00000000
    endloop
  endfacet
  facet normal 0.00000000 0.00000000 1.00000000
    outer loop
      vertex 3.16228616 3.60567649 0.00000000
      vertex 3.00815034 3.78972264 0.00000000
      vertex 2.84322126 3.65325245 0.00000000
    endloop
  endfacet
  facet normal 0.00000000 0.00000000 1.00000000
    outer loop
      vertex 2.99518779 3.46741132 0.00000000
      vertex 2.67485204 3.51719502 0.00000000
      vertex 2.82467600 3.32962251 0.00000000
    endloop
  endfacet
  facet normal 0.00000000 0.00000000 1.00000000
    outer loop
      vertex 2.99518779 3.46741132 0.00000000
      vertex 2.84322126 3.65325245 0.00000000
      vertex 2.67485204 3.51719502 0.00000000
    endloop
  endfacet
  facet normal 0.00000000 0.00000000 1.00000000
    outer loop
      vertex 2.82467600 3.32962251 0.00000000
      vertex 2.50304235 3.38155144 0.00000000
      vertex 2.65075110 3.19230897 0.00000000
    endloop
  endfacet
  facet normal 0.00000000 0.00000000 1.00000000
    outer loop
      vertex 2.82467600 3.32962251 0.00000000
      vertex 2.67485204 3.51719502 0.00000000
      vertex 2.50304235 3.38155144 0.00000000
    endloop
  endfacet
  facet normal 0.00000000 0.00000000 1.00000000
    outer loop
      vertex 2.65075110 3.19230897 0.00000000
      vertex 2.32779195 3.24632276 0.00000000
      vertex 2.47341335 3.05546963 0.00000000
    endloop
  endfacet
  facet normal 0.00000000 0.00000000 1.00000000
    outer loop
      vertex 2.65075110 3.19230897 0.00000000
      vertex 2.50304235 3.38155144 0.00000000
      vertex 2.32779195 3.24632276 0.00000000
    endloop
  endfacet
  facet normal 0.00000000 0.00000000 1.00000000
    outer loop
      vertex 2.47341335 3.05546963 0.00000000
      vertex 2.14910064 3.11151004 0.00000000
      vertex 2.29266295 2.91910344 0.00000000
    endloop
  endfacet
  facet normal 0.00000000 0.00000000 1.00000000
    outer loop
      vertex 2.47341335 3.05546963 0.00000000
      vertex 2.32779195 3.24632276 0.00000000
      vertex 2.14910064 3.11151004 0.00000000
    endloop
  endfacet
  facet normal 0.00000000 0.00000000 1.00000000
    outer loop
      vertex 2.29266295 2.91910344 0.00000000
      vertex 1.96696824 2.97711429 0.00000000
      vertex 2.10850007 2.78320940 0.00000000
    endloop
  endfacet
  facet normal 0.00000000 0.00000000 1.00000000
    outer loop
      vertex 2.29266295 2.91910344 0.00000000
      vertex 2.14910064 3.11151004 0.00000000
      vertex 1.96696824 2.97711429 0.00000000
    endloop
  endfacet
  facet normal 0.00000000 0.00000000 1.00000000
    outer loop
      vertex 2.10850007 2.78320940 0.00000000
      vertex 1.78139464 2.84313651 0.00000000
      vertex 1.92092483 2.64778650 0.00000000
    endloop
  endfacet
  facet normal 0.00000000 0.00000000 1.00000000
    outer loop
      vertex 2.10850007 2.78320940 0.00000000
      vertex 1.96696824 2.97711429 0.00000000
      vertex 1.78139464 2.84313651 0.00000000
    endloop
  endfacet
  facet normal 0.00000000 0.00000000 1.00000000
    outer loop
      vertex 1.92092483 2.64778650 0.00000000
      vertex 1.59821977 2.71370425 0.00000000
      vertex 1.72409729 2.50870719 0.00000000
    endloop
  endfacet
  facet normal 0.00000000 0.00000000 1.00000000
    outer loop
      vertex 1.92092483 2.64778650 0.00000000
      vertex 1.78139464 2.84313651 0.00000000
      vertex 1.59821977 2.71370425 0.00000000
    endloop
  endfacet
  facet normal 0.00000000 0.00000000 1.00000000
    outer loop
      vertex 1.72409729 2.50870719 0.00000000
      vertex 1.34691856 2.58088051 0.00000000
      vertex 1.45560189 2.36679557 0.00000000
    endloop
  endfacet
  facet normal 0.00000000 0.00000000 1.00000000
    outer loop
      vertex 1.72409729 2.50870719 0.00000000
      vertex 1.59821977 2.71370425 0.00000000
      vertex 1.34691856 2.58088051 0.00000000
    endloop
  endfacet
  facet normal 0.00000000 0.00000000 1.00000000
    outer loop
      vertex 1.45560189 2.36679557 0.00000000
      vertex 1.08488595 2.45323625 0.00000000
      vertex 1.18650172 2.23570848 0.00000000
    endloop
  endfacet
  facet normal 0.00000000 0.00000000 1.00000000
    outer loop
      vertex 1.45560189 2.36679557 0.00000000
      vertex 1.34691856 2.58088051 0.00000000
      vertex 1.08488595 2.45323625 0.00000000
    endloop
  endfacet
  facet normal 0.00000000 0.00000000 1.00000000
    outer loop
      vertex 1.18650172 2.23570848 0.00000000
      vertex 0.81719739 2.33345919 0.00000000
      vertex 0.91172133 2.11275819 0.00000000
    endloop
  endfacet
  facet normal 0.00000000 0.00000000 1.00000000
    outer loop
      vertex 1.18650172 2.23570848 0.00000000
      vertex 1.08488595 2.45323625 0.00000000
      vertex 0.81719739 2.33345919 0.00000000
    endloop
  endfacet
  facet normal 0.00000000 0.00000000 1.00000000
    outer loop
      vertex 0.91172133 2.11275819 0.00000000
      vertex 0.54384065 2.22154915 0.00000000
      vertex 0.63127294 1.99794488 0.00000000
    endloop
  endfacet
  facet normal 0.00000000 0.00000000 1.00000000
    outer loop
      vertex 0.91172133 2.11275819 0.00000000
      vertex 0.81719739 2.33345919 0.00000000
      vertex 0.54384065 2.22154915 0.00000000
    endloop
  endfacet
  facet normal 0.00000000 0.00000000 1.00000000
    outer loop
      vertex 0.63127294 1.99794488 0.00000000
      vertex 0.26480403 2.11750718 0.00000000
      vertex 0.34516828 1.89126751 0.00000000
    endloop
  endfacet
  facet normal 0.00000000 0.00000000 1.00000000
    outer loop
      vertex 0.63127294 1.99794488 0.00000000
      vertex 0.54384065 2.22154915 0.00000000
      vertex 0.26480403 2.11750718 0.00000000
    endloop
  endfacet
  facet normal 0.00000000 0.00000000 1.00000000
    outer loop
      vertex 0.34516828 1.89126751 0.00000000
      vertex -0.01992354 2.02133546 0.00000000
      vertex 0.05341839 1.79272388 0.00000000
    endloop
  endfacet
  facet normal 0.00000000 0.00000000 1.00000000
    outer loop
      vertex 0.34516828 1.89126751 0.00000000
      vertex 0.26480403 2.11750718 0.00000000
      vertex -0.01992354 2.02133546 0.00000000
    endloop
  endfacet
  facet normal 0.00000000 0.00000000 1.00000000
    outer loop
      vertex 0.05341839 1.79272388 0.00000000
      vertex -0.31035231 1.93303721 0.00000000
      vertex -0.24396645 1.70231079 0.00000000
    endloop
  endfacet
  facet normal 0.00000000 0.00000000 1.00000000
    outer loop
      vertex 0.05341839 1.79272388 0.00000000
      vertex -0.01992354 2.02133546 0.00000000
      vertex -0.31035231 1.93303721 0.00000000
    endloop
  endfacet
  facet normal 0.00000000 0.00000000 1.00000000
    outer loop
      vertex -0.24396645 1.70231079 0.00000000
      vertex -0.60649169 1.85261650 0.00000000
      vertex -0.54697686 1.62002416 0.00000000
    endloop
  endfacet
  facet normal 0.00000000 0.00000000 1.00000000
    outer loop
      vertex -0.24396645 1.70231079 0.00000000
      vertex -0.31035231 1.93303721 0.00000000
      vertex -0.60649169 1.85261650 0.00000000
    endloop
  endfacet
  facet normal 0.00000000 0.00000000 1.00000000
    outer loop
      vertex -0.54697686 1.62002416 0.00000000
      vertex -0.90835010 1.78007816 0.00000000
      vertex -0.85560441 1.54585916 0.00000000
    endloop
  endfacet
  facet normal 0.00000000 0.00000000 1.00000000
    outer loop
      vertex -0.54697686 1.62002416 0.00000000
      vertex -0.60649169 1.85261650 0.00000000
      vertex -0.90835010 1.78007816 0.00000000
    endloop
  endfacet
  facet normal 0.00000000 0.00000000 1.00000000
    outer loop
      vertex -0.85560441 1.54585916 0.00000000
      vertex -1.21593499 1.71542761 0.00000000
      vertex -1.16984164 1.47981037 0.00000000
    endloop
  endfacet
  facet normal 0.00000000 0.00000000 1.00000000
    outer loop
      vertex -0.85560441 1.54585916 0.00000000
      vertex -0.90835010 1.78007816 0.00000000
      vertex -1.21593499 1.71542761 0.00000000
    endloop
  endfacet
  facet normal 0.00000000 0.00000000 1.00000000
    outer loop
      vertex -1.16984164 1.47981037 0.00000000
      vertex -1.52925283 1.65867072 0.00000000
      vertex -1.48968209 1.42187192 0.00000000
    endloop
  endfacet
  facet normal 0.00000000 0.00000000 1.00000000
    outer loop
      vertex -1.16984164 1.47981037 0.00000000
      vertex -1.21593499 1.71542761 0.00000000
      vertex -1.52925283 1.65867072 0.00000000
    endloop
  endfacet
  facet normal 0.00000000 0.00000000 1.00000000
    outer loop
      vertex -1.48968209 1.42187192 0.00000000
      vertex -1.84830908 1.60981368 0.00000000
      vertex -1.81512029 1.37203761 0.00000000
    endloop
  endfacet
  facet normal 0.00000000 0.00000000 1.00000000
    outer loop
      vertex -1.48968209 1.42187192 0.00000000
      vertex -1.52925283 1.65867072 0.00000000
      vertex -1.84830908 1.60981368 0.00000000
    endloop
  endfacet
  facet normal 0.00000000 0.00000000 1.00000000
    outer loop
      vertex -1.81512029 1.37203761 0.00000000
      vertex -2.17310828 1.56886289 0.00000000
      vertex -2.14615172 1.33030106 0.00000000
    endloop
  endfacet
  facet normal 0.00000000 0.00000000 1.00000000
    outer loop
      vertex -1.81512029 1.37203761 0.00000000
      vertex -1.84830908 1.60981368 0.00000000
      vertex -2.17310828 1.56886289 0.00000000
    endloop
  endfacet
  facet normal 0.00000000 0.00000000 1.00000000
    outer loop
      vertex -2.14615172 1.33030106 0.00000000
      vertex -2.50365404 1.53582483 0.00000000
      vertex -2.48277275 1.29665578 0.00000000
    endloop
  endfacet
  facet normal 0.00000000 0.00000000 1.00000000
    outer loop
      vertex -2.14615172 1.33030106 0.00000000
      vertex -2.17310828 1.56886289 0.00000000
      vertex -2.50365404 1.53582483 0.00000000
    endloop
  endfacet
  facet normal 0.00000000 0.00000000 1.00000000
    outer loop
      vertex -2.48277275 1.29665578 0.00000000
      vertex -2.83994912 1.51070599 0.00000000
      vertex -2.82498063 1.27109529 0.00000000
    endloop
  endfacet
  facet normal 0.00000000 0.00000000 1.00000000
    outer loop
      vertex -2.48277275 1.29665578 0.00000000
      vertex -2.50365404 1.53582483 0.00000000
      vertex -2.83994912 1.51070599 0.00000000
    endloop
  endfacet
  facet normal 0.00000000 0.00000000 1.00000000
    outer loop
      vertex -2.82498063 1.27109529 0.00000000
      vertex -3.18199553 1.49351274 0.00000000
      vertex -3.17277335 1.25361320 0.00000000
    endloop
  endfacet
  facet normal 0.00000000 0.00000000 1.00000000
    outer loop
      vertex -2.82498063 1.27109529 0.00000000
      vertex -2.83994912 1.51070599 0.00000000
      vertex -3.18199553 1.49351274 0.00000000
    endloop
  endfacet
  facet normal 0.00000000 0.00000000 1.00000000
    outer loop
      vertex -3.17277335 1.25361320 0.00000000
      vertex -3.52979454 1.48425133 0.00000000
      vertex -3.52614963 1.24420328 0.00000000
    endloop
  endfacet
  facet normal 0.00000000 0.00000000 1.00000000
    outer loop
      vertex -3.17277335 1.25361320 0.00000000
      vertex -3.18199553 1.49351274 0.00000000
      vertex -3.52979454 1.48425133 0.00000000
    endloop
  endfacet
  facet normal 0.00000000 0.00000000 1.00000000
    outer loop
      vertex -3.52614963 1.24420328 0.00000000
      vertex -3.88080911 1.48293729 0.00000000
      vertex -3.88764652 1.24284999 0.00000000
    endloop
  endfacet
  facet normal 0.00000000 0.00000000 1.00000000
    outer loop
      vertex -3.52614963 1.24420328 0.00000000
      vertex -3.52979454 1.48425133 0.00000000
      vertex -3.88080911 1.48293729 0.00000000
    endloop
  endfacet
  facet normal 0.00000000 0.00000000 1.00000000
    outer loop
      vertex -3.88764652 1.24284999 0.00000000
      vertex -4.25246788 1.50551945 0.00000000
      vertex -4.27202861 1.26620523 0.00000000
    endloop
  endfacet
  facet normal 0.00000000 -0.00000000 1.00000000
    outer loop
      vertex -3.88764652 1.24284999 0.00000000
      vertex -3.88080911 1.48293729 0.00000000
      vertex -4.25246788 1.50551945 0.00000000
    endloop
  endfacet
  facet normal 0.00000000 0.00000000 1.00000000
    outer loop
      vertex -4.27202861 1.26620523 0.00000000
      vertex -4.62267245 1.54357069 0.00000000
      vertex -4.65223387 1.30528439 0.00000000
    endloop
  endfacet
  facet normal 0.00000000 -0.00000000 1.00000000
    outer loop
      vertex -4.27202861 1.26620523 0.00000000
      vertex -4.25246788 1.50551945 0.00000000
      vertex -4.62267245 1.54357069 0.00000000
    endloop
  endfacet
  facet normal 0.00000000 0.00000000 1.00000000
    outer loop
      vertex -4.65223387 1.30528439 0.00000000
      vertex -4.99006441 1.59700554 0.00000000
      vertex -5.02962070 1.36017292 0.00000000
    endloop
  endfacet
  facet normal 0.00000000 -0.00000000 1.00000000
    outer loop
      vertex -4.65223387 1.30528439 0.00000000
      vertex -4.62267245 1.54357069 0.00000000
      vertex -4.99006441 1.59700554 0.00000000
    endloop
  endfacet
  facet normal 0.00000000 0.00000000 1.00000000
    outer loop
      vertex -5.02962070 1.36017292 0.00000000
      vertex -5.35467042 1.66582602 0.00000000
      vertex -5.40416243 1.43086880 0.00000000
    endloop
  endfacet
  facet normal 0.00000000 -0.00000000 1.00000000
    outer loop
      vertex -5.02962070 1.36017292 0.00000000
      vertex -4.99006441 1.59700554 0.00000000
      vertex -5.35467042 1.66582602 0.00000000
    endloop
  endfacet
  facet normal 0.00000000 0.00000000 1.00000000
    outer loop
      vertex -5.40416243 1.43086880 0.00000000
      vertex -5.71651677 1.75003753 0.00000000
      vertex -5.77583279 1.51736663 0.00000000
    endloop
  endfacet
  facet normal 0.00000000 -0.00000000 1.00000000
    outer loop
      vertex -5.40416243 1.43086880 0.00000000
      vertex -5.35467042 1.66582602 0.00000000
      vertex -5.71651677 1.75003753 0.00000000
    endloop
  endfacet
  facet normal 0.00000000 0.00000000 1.00000000
    outer loop
      vertex -5.77583279 1.51736663 0.00000000
      vertex -6.07562866 1.84964868 0.00000000
      vertex -6.14460658 1.61965781 0.00000000
    endloop
  endfacet
  facet normal 0.00000000 -0.00000000 1.00000000
    outer loop
      vertex -5.77583279 1.51736663 0.00000000
      vertex -5.71651677 1.75003753 0.00000000
      vertex -6.07562866 1.84964868 0.00000000
    endloop
  endfacet
  facet normal 0.00000000 0.00000000 1.00000000
    outer loop
      vertex -6.14460658 1.61965781 0.00000000
      vertex -6.43202958 1.96467097 0.00000000
      vertex -6.51046030 1.73773083 0.00000000
    endloop
  endfacet
  facet normal 0.00000000 -0.00000000 1.00000000
    outer loop
      vertex -6.14460658 1.61965781 0.00000000
      vertex -6.07562866 1.84964868 0.00000000
      vertex -6.43202958 1.96467097 0.00000000
    endloop
  endfacet
  facet normal 0.00000000 0.00000000 1.00000000
    outer loop
      vertex -6.51046030 1.73773083 0.00000000
      vertex -6.78574077 2.09511843 0.00000000
      vertex -6.87337271 1.87157167 0.00000000
    endloop
  endfacet
  facet normal 0.00000000 -0.00000000 1.00000000
    outer loop
      vertex -6.51046030 1.73773083 0.00000000
      vertex -6.43202958 1.96467097 0.00000000
      vertex -6.78574077 2.09511843 0.00000000
    endloop
  endfacet
  facet normal 0.00000000 0.00000000 1.00000000
    outer loop
      vertex -6.87337271 1.87157167 0.00000000
      vertex -7.13678081 2.24100710 0.00000000
      vertex -7.23332523 2.02116428 0.00000000
    endloop
  endfacet
  facet normal 0.00000000 -0.00000000 1.00000000
    outer loop
      vertex -6.87337271 1.87157167 0.00000000
      vertex -6.78574077 2.09511843 0.00000000
      vertex -7.13678081 2.24100710 0.00000000
    endloop
  endfacet
  facet normal 0.00000000 0.00000000 1.00000000
    outer loop
      vertex -7.23332523 2.02116428 0.00000000
      vertex -7.48516529 2.40235449 0.00000000
      vertex -7.59030227 2.18649114 0.00000000
    endloop
  endfacet
  facet normal 0.00000000 -0.00000000 1.00000000
    outer loop
      vertex -7.23332523 2.02116428 0.00000000
      vertex -7.13678081 2.24100710 0.00000000
      vertex -7.48516529 2.40235449 0.00000000
    endloop
  endfacet
  facet normal 0.00000000 0.00000000 1.00000000
    outer loop
      vertex -7.59030227 2.18649114 0.00000000
      vertex -7.83090671 2.57917904 0.00000000
      vertex -7.94429135 2.36753384 0.00000000
    endloop
  endfacet
  facet normal 0.00000000 -0.00000000 1.00000000
    outer loop
      vertex -7.59030227 2.18649114 0.00000000
      vertex -7.48516529 2.40235449 0.00000000
      vertex -7.83090671 2.57917904 0.00000000
    endloop
  endfacet
  facet normal 0.00000000 0.00000000 1.00000000
    outer loop
      vertex -7.94429135 2.36753384 0.00000000
      vertex -8.17401441 2.77149955 0.00000000
      vertex -8.29528309 2.56427356 0.00000000
    endloop
  endfacet
  facet normal 0.00000000 -0.00000000 1.00000000
    outer loop
      vertex -7.94429135 2.36753384 0.00000000
      vertex -7.83090671 2.57917904 0.00000000
      vertex -8.17401441 2.77149955 0.00000000
    endloop
  endfacet
  facet normal 0.00000000 0.00000000 1.00000000
    outer loop
      vertex -8.29528309 2.56427356 0.00000000
      vertex -8.51449472 2.97933471 0.00000000
      vertex -8.64327120 2.77669161 0.00000000
    endloop
  endfacet
  facet normal 0.00000000 -0.00000000 1.00000000
    outer loop
      vertex -8.29528309 2.56427356 0.00000000
      vertex -8.17401441 2.77149955 0.00000000
      vertex -8.51449472 2.97933471 0.00000000
    endloop
  endfacet
  facet normal 0.00000000 0.00000000 1.00000000
    outer loop
      vertex -8.64327120 2.77669161 0.00000000
      vertex -8.85235111 3.20270266 0.00000000
      vertex -8.98825218 3.00476986 0.00000000
    endloop
  endfacet
  facet normal 0.00000000 -0.00000000 1.00000000
    outer loop
      vertex -8.64327120 2.77669161 0.00000000
      vertex -8.51449472 2.97933471 0.00000000
      vertex -8.85235111 3.20270266 0.00000000
    endloop
  endfacet
  facet normal 0.00000000 0.00000000 1.00000000
    outer loop
      vertex -8.98825218 3.00476986 0.00000000
      vertex -9.18758450 3.44162063 0.00000000
      vertex -9.33022514 3.24849106 0.00000000
    endloop
  endfacet
  facet normal 0.00000000 -0.00000000 1.00000000
    outer loop
      vertex -8.98825218 3.00476986 0.00000000
      vertex -8.85235111 3.20270266 0.00000000
      vertex -9.18758450 3.44162063 0.00000000
    endloop
  endfacet
  facet normal 0.00000000 0.00000000 1.00000000
    outer loop
      vertex -9.33022514 3.24849106 0.00000000
      vertex -9.52019353 3.69610470 0.00000000
      vertex -9.66919141 3.50783915 0.00000000
    endloop
  endfacet
  facet normal 0.00000000 -0.00000000 1.00000000
    outer loop
      vertex -9.33022514 3.24849106 0.00000000
      vertex -9.18758450 3.44162063 0.00000000
      vertex -9.52019353 3.69610470 0.00000000
    endloop
  endfacet
  facet normal 0.00000000 0.00000000 1.00000000
    outer loop
      vertex -9.66919141 3.50783915 0.00000000
      vertex -9.85017494 3.96616959 0.00000000
      vertex -10.00515426 3.78279940 0.00000000
    endloop
  endfacet
  facet normal 0.00000000 -0.00000000 1.00000000
    outer loop
      vertex -9.66919141 3.50783915 0.00000000
      vertex -9.52019353 3.69610470 0.00000000
      vertex -9.85017494 3.96616959 0.00000000
    endloop
  endfacet
  facet normal 0.00000000 0.00000000 1.00000000
    outer loop
      vertex -10.00515426 3.78279940 0.00000000
      vertex -10.17706453 4.25142771 0.00000000
      vertex -10.33857790 4.07375941 0.00000000
    endloop
  endfacet
  facet normal 0.00000000 -0.00000000 1.00000000
    outer loop
      vertex -10.00515426 3.78279940 0.00000000
      vertex -9.85017494 3.96616959 0.00000000
      vertex -10.17706453 4.25142771 0.00000000
    endloop
  endfacet
  facet normal 0.00000000 0.00000000 1.00000000
    outer loop
      vertex -10.33857790 4.07375941 0.00000000
      vertex -10.37395257 4.43785550 0.00000000
      vertex -10.54141942 4.26582439 0.00000000
    endloop
  endfacet
  facet normal 0.00000000 -0.00000000 1.00000000
    outer loop
      vertex -10.33857790 4.07375941 0.00000000
      vertex -10.17706453 4.25142771 0.00000000
      vertex -10.37395257 4.43785550 0.00000000
    endloop
  endfacet
  facet normal 0.00000000 0.00000000 1.00000000
    outer loop
      vertex -10.54141942 4.26582439 0.00000000
      vertex -10.56474753 4.62880141 0.00000000
      vertex -10.73694326 4.46150292 0.00000000
    endloop
  endfacet
  facet normal 0.00000000 -0.00000000 1.00000000
    outer loop
      vertex -10.54141942 4.26582439 0.00000000
      vertex -10.37395257 4.43785550 0.00000000
      vertex -10.56474753 4.62880141 0.00000000
    endloop
  endfacet
  facet normal 0.00000000 0.00000000 1.00000000
    outer loop
      vertex -10.73694326 4.46150292 0.00000000
      vertex -10.74887465 4.82371622 0.00000000
      vertex -10.92572419 4.66134420 0.00000000
    endloop
  endfacet
  facet normal 0.00000000 -0.00000000 1.00000000
    outer loop
      vertex -10.73694326 4.46150292 0.00000000
      vertex -10.56474753 4.62880141 0.00000000
      vertex -10.74887465 4.82371622 0.00000000
    endloop
  endfacet
  facet normal 0.00000000 0.00000000 1.00000000
    outer loop
      vertex -10.92572419 4.66134420 0.00000000
      vertex -10.92634148 5.02260289 0.00000000
      vertex -11.10775463 4.86534530 0.00000000
    endloop
  endfacet
  facet normal 0.00000000 -0.00000000 1.00000000
    outer loop
      vertex -10.92572419 4.66134420 0.00000000
      vertex -10.74887465 4.82371622 0.00000000
      vertex -10.92634148 5.02260289 0.00000000
    endloop
  endfacet
  facet normal 0.00000000 -0.00000000 1.00000000
    outer loop
      vertex -11.10775463 4.86534530 0.00000000
      vertex -11.09715555 5.22546516 0.00000000
      vertex -11.28302709 5.07350245 0.00000000
    endloop
  endfacet
  facet normal 0.00000000 0.00000000 1.00000000
    outer loop
      vertex -11.10775463 4.86534530 0.00000000
      vertex -10.92634148 5.02260289 0.00000000
      vertex -11.09715555 5.22546516 0.00000000
    endloop
  endfacet
  facet normal 0.00000000 -0.00000000 1.00000000
    outer loop
      vertex -11.28302709 5.07350245 0.00000000
      vertex -11.26132418 5.43230759 0.00000000
      vertex -11.45153422 5.28581111 0.00000000
    endloop
  endfacet
  facet normal 0.00000000 0.00000000 1.00000000
    outer loop
      vertex -11.28302709 5.07350245 0.00000000
      vertex -11.09715555 5.22546516 0.00000000
      vertex -11.26132418 5.43230759 0.00000000
    endloop
  endfacet
  facet normal 0.00000000 -0.00000000 1.00000000
    outer loop
      vertex -11.45153422 5.28581111 0.00000000
      vertex -11.41885445 5.64313547 0.00000000
      vertex -11.61326895 5.50226597 0.00000000
    endloop
  endfacet
  facet normal 0.00000000 0.00000000 1.00000000
    outer loop
      vertex -11.45153422 5.28581111 0.00000000
      vertex -11.26132418 5.43230759 0.00000000
      vertex -11.41885445 5.64313547 0.00000000
    endloop
  endfacet
  facet normal 0.00000000 -0.00000000 1.00000000
    outer loop
      vertex -11.61326895 5.50226597 0.00000000
      vertex -11.56975304 5.85795486 0.00000000
      vertex -11.76822460 5.72286099 0.00000000
    endloop
  endfacet
  facet normal 0.00000000 0.00000000 1.00000000
    outer loop
      vertex -11.61326895 5.50226597 0.00000000
      vertex -11.41885445 5.64313547 0.00000000
      vertex -11.56975304 5.85795486 0.00000000
    endloop
  endfacet
  facet normal 0.00000000 -0.00000000 1.00000000
    outer loop
      vertex -11.76822460 5.72286099 0.00000000
      vertex -11.71402616 6.07677245 0.00000000
      vertex -11.91639496 5.94758947 0.00000000
    endloop
  endfacet
  facet normal 0.00000000 0.00000000 1.00000000
    outer loop
      vertex -11.76822460 5.72286099 0.00000000
      vertex -11.56975304 5.85795486 0.00000000
      vertex -11.71402616 6.07677245 0.00000000
    endloop
  endfacet
  facet normal 0.00000000 -0.00000000 1.00000000
    outer loop
      vertex -11.91639496 5.94758947 0.00000000
      vertex -11.85167946 6.29959553 0.00000000
      vertex -12.05777438 6.17644412 0.00000000
    endloop
  endfacet
  facet normal 0.00000000 0.00000000 1.00000000
    outer loop
      vertex -11.91639496 5.94758947 0.00000000
      vertex -11.71402616 6.07677245 0.00000000
      vertex -11.85167946 6.29959553 0.00000000
    endloop
  endfacet
  facet normal 0.00000000 -0.00000000 1.00000000
    outer loop
      vertex -12.05777438 6.17644412 0.00000000
      vertex -11.98271794 6.52643191 0.00000000
      vertex -12.19235786 6.40941714 0.00000000
    endloop
  endfacet
  facet normal 0.00000000 0.00000000 1.00000000
    outer loop
      vertex -12.05777438 6.17644412 0.00000000
      vertex -11.85167946 6.29959553 0.00000000
      vertex -11.98271794 6.52643191 0.00000000
    endloop
  endfacet
  facet normal 0.00000000 -0.00000000 1.00000000
    outer loop
      vertex -12.19235786 6.40941714 0.00000000
      vertex -12.10714588 6.75728978 0.00000000
      vertex -12.32014113 6.64650033 0.00000000
    endloop
  endfacet
  facet normal 0.00000000 0.00000000 1.00000000
    outer loop
      vertex -12.19235786 6.40941714 0.00000000
      vertex -11.98271794 6.52643191 0.00000000
      vertex -12.10714588 6.75728978 0.00000000
    endloop
  endfacet
  facet normal 0.00000000 -0.00000000 1.00000000
    outer loop
      vertex -12.32014113 6.64650033 0.00000000
      vertex -12.22496680 6.99217764 0.00000000
      vertex -12.44112065 6.88768519 0.00000000
    endloop
  endfacet
  facet normal 0.00000000 0.00000000 1.00000000
    outer loop
      vertex -12.32014113 6.64650033 0.00000000
      vertex -12.10714588 6.75728978 0.00000000
      vertex -12.22496680 6.99217764 0.00000000
    endloop
  endfacet
  facet normal 0.00000000 -0.00000000 1.00000000
    outer loop
      vertex -12.44112065 6.88768519 0.00000000
      vertex -12.33618341 7.23110415 0.00000000
      vertex -12.55529372 7.13296306 0.00000000
    endloop
  endfacet
  facet normal 0.00000000 0.00000000 1.00000000
    outer loop
      vertex -12.44112065 6.88768519 0.00000000
      vertex -12.22496680 6.99217764 0.00000000
      vertex -12.33618341 7.23110415 0.00000000
    endloop
  endfacet
  facet normal 0.00000000 -0.00000000 1.00000000
    outer loop
      vertex -12.55529372 7.13296306 0.00000000
      vertex -12.44079762 7.47407806 0.00000000
      vertex -12.66265843 7.38232520 0.00000000
    endloop
  endfacet
  facet normal 0.00000000 0.00000000 1.00000000
    outer loop
      vertex -12.55529372 7.13296306 0.00000000
      vertex -12.33618341 7.23110415 0.00000000
      vertex -12.44079762 7.47407806 0.00000000
    endloop
  endfacet
  facet normal 0.00000000 -0.00000000 1.00000000
    outer loop
      vertex -12.66265843 7.38232520 0.00000000
      vertex -12.53881052 7.72110805 0.00000000
      vertex -12.76321369 7.63576292 0.00000000
    endloop
  endfacet
  facet normal 0.00000000 0.00000000 1.00000000
    outer loop
      vertex -12.66265843 7.38232520 0.00000000
      vertex -12.44079762 7.47407806 0.00000000
      vertex -12.53881052 7.72110805 0.00000000
    endloop
  endfacet
  facet normal 0.00000000 -0.00000000 1.00000000
    outer loop
      vertex -12.76321369 7.63576292 0.00000000
      vertex -12.63022239 7.97220264 0.00000000
      vertex -12.85695922 7.89326771 0.00000000
    endloop
  endfacet
  facet normal 0.00000000 0.00000000 1.00000000
    outer loop
      vertex -12.76321369 7.63576292 0.00000000
      vertex -12.53881052 7.72110805 0.00000000
      vertex -12.63022239 7.97220264 0.00000000
    endloop
  endfacet
  facet normal 0.00000000 -0.00000000 1.00000000
    outer loop
      vertex -12.85695922 7.89326771 0.00000000
      vertex -12.71741587 8.23454009 0.00000000
      vertex -12.94151238 8.14766129 0.00000000
    endloop
  endfacet
  facet normal 0.00000000 0.00000000 1.00000000
    outer loop
      vertex -12.85695922 7.89326771 0.00000000
      vertex -12.63022239 7.97220264 0.00000000
      vertex -12.71741587 8.23454009 0.00000000
    endloop
  endfacet
  facet normal 0.00000000 -0.00000000 1.00000000
    outer loop
      vertex -12.94151238 8.14766129 0.00000000
      vertex -12.76319565 8.33738360 0.00000000
      vertex -12.98395836 8.24301548 0.00000000
    endloop
  endfacet
  facet normal 0.00000000 0.00000000 1.00000000
    outer loop
      vertex -12.94151238 8.14766129 0.00000000
      vertex -12.71741587 8.23454009 0.00000000
      vertex -12.76319565 8.33738360 0.00000000
    endloop
  endfacet
  facet normal 0.00000000 -0.00000000 1.00000000
    outer loop
      vertex -12.98395836 8.24301548 0.00000000
      vertex -12.80350909 8.43570646 0.00000000
      vertex -13.02694352 8.34785452 0.00000000
    endloop
  endfacet
  facet normal 0.00000000 0.00000000 1.00000000
    outer loop
      vertex -12.98395836 8.24301548 0.00000000
      vertex -12.76319565 8.33738360 0.00000000
      vertex -12.80350909 8.43570646 0.00000000
    endloop
  endfacet
  facet normal 0.00000000 -0.00000000 1.00000000
    outer loop
      vertex -13.02694352 8.34785452 0.00000000
      vertex -12.84148511 8.53655697 0.00000000
      vertex -13.06733895 8.45513012 0.00000000
    endloop
  endfacet
  facet normal 0.00000000 0.00000000 1.00000000
    outer loop
      vertex -13.02694352 8.34785452 0.00000000
      vertex -12.80350909 8.43570646 0.00000000
      vertex -12.84148511 8.53655697 0.00000000
    endloop
  endfacet
  facet normal 0.00000000 -0.00000000 1.00000000
    outer loop
      vertex -13.06733895 8.45513012 0.00000000
      vertex -12.87711822 8.63994243 0.00000000
      vertex -13.10515012 8.56483497 0.00000000
    endloop
  endfacet
  facet normal 0.00000000 0.00000000 1.00000000
    outer loop
      vertex -13.06733895 8.45513012 0.00000000
      vertex -12.84148511 8.53655697 0.00000000
      vertex -12.87711822 8.63994243 0.00000000
    endloop
  endfacet
  facet normal 0.00000000 -0.00000000 1.00000000
    outer loop
      vertex -13.10515012 8.56483497 0.00000000
      vertex -12.91040253 8.74586913 0.00000000
      vertex -13.14038294 8.67696277 0.00000000
    endloop
  endfacet
  facet normal 0.00000000 0.00000000 1.00000000
    outer loop
      vertex -13.10515012 8.56483497 0.00000000
      vertex -12.87711822 8.63994243 0.00000000
      vertex -12.91040253 8.74586913 0.00000000
    endloop
  endfacet
  facet normal 0.00000000 -0.00000000 1.00000000
    outer loop
      vertex -13.14038294 8.67696277 0.00000000
      vertex -12.94133182 8.85434239 0.00000000
      vertex -13.17304362 8.79150824 0.00000000
    endloop
  endfacet
  facet normal 0.00000000 0.00000000 1.00000000
    outer loop
      vertex -13.14038294 8.67696277 0.00000000
      vertex -12.91040253 8.74586913 0.00000000
      vertex -12.94133182 8.85434239 0.00000000
    endloop
  endfacet
  facet normal 0.00000000 -0.00000000 1.00000000
    outer loop
      vertex -13.17304362 8.79150824 0.00000000
      vertex -12.96989971 8.96536655 0.00000000
      vertex -13.20313855 8.90846699 0.00000000
    endloop
  endfacet
  facet normal 0.00000000 0.00000000 1.00000000
    outer loop
      vertex -13.17304362 8.79150824 0.00000000
      vertex -12.94133182 8.85434239 0.00000000
      vertex -12.96989971 8.96536655 0.00000000
    endloop
  endfacet
  facet normal 0.00000000 -0.00000000 1.00000000
    outer loop
      vertex -13.20313855 8.90846699 0.00000000
      vertex -12.99609972 9.07894511 0.00000000
      vertex -13.23067419 9.02783557 0.00000000
    endloop
  endfacet
  facet normal 0.00000000 0.00000000 1.00000000
    outer loop
      vertex -13.20313855 8.90846699 0.00000000
      vertex -12.96989971 8.96536655 0.00000000
      vertex -12.99609972 9.07894511 0.00000000
    endloop
  endfacet
  facet normal 0.00000000 -0.00000000 1.00000000
    outer loop
      vertex -13.23067419 9.02783557 0.00000000
      vertex -13.01992542 9.19508070 0.00000000
      vertex -13.25565699 9.14961131 0.00000000
    endloop
  endfacet
  facet normal 0.00000000 0.00000000 1.00000000
    outer loop
      vertex -13.23067419 9.02783557 0.00000000
      vertex -12.99609972 9.07894511 0.00000000
      vertex -13.01992542 9.19508070 0.00000000
    endloop
  endfacet
  facet normal 0.00000000 -0.00000000 1.00000000
    outer loop
      vertex -13.25565699 9.14961131 0.00000000
      vertex -13.04137046 9.31377523 0.00000000
      vertex -13.27809329 9.27379230 0.00000000
    endloop
  endfacet
  facet normal 0.00000000 0.00000000 1.00000000
    outer loop
      vertex -13.25565699 9.14961131 0.00000000
      vertex -13.01992542 9.19508070 0.00000000
      vertex -13.04137046 9.31377523 0.00000000
    endloop
  endfacet
  facet normal 0.00000000 -0.00000000 1.00000000
    outer loop
      vertex -13.27809329 9.27379230 0.00000000
      vertex -13.06042866 9.43502994 0.00000000
      vertex -13.29798928 9.40037733 0.00000000
    endloop
  endfacet
  facet normal 0.00000000 0.00000000 1.00000000
    outer loop
      vertex -13.27809329 9.27379230 0.00000000
      vertex -13.04137046 9.31377523 0.00000000
      vertex -13.06042866 9.43502994 0.00000000
    endloop
  endfacet
  facet normal 0.00000000 -0.00000000 1.00000000
    outer loop
      vertex -13.29798928 9.40037733 0.00000000
      vertex -13.07709404 9.55884545 0.00000000
      vertex -13.31535092 9.52936576 0.00000000
    endloop
  endfacet
  facet normal 0.00000000 0.00000000 1.00000000
    outer loop
      vertex -13.29798928 9.40037733 0.00000000
      vertex -13.06042866 9.43502994 0.00000000
      vertex -13.07709404 9.55884545 0.00000000
    endloop
  endfacet
  facet normal 0.00000000 -0.00000000 1.00000000
    outer loop
      vertex -13.31535092 9.52936576 0.00000000
      vertex -13.09136088 9.68522188 0.00000000
      vertex -13.33018395 9.66075749 0.00000000
    endloop
  endfacet
  facet normal 0.00000000 0.00000000 1.00000000
    outer loop
      vertex -13.31535092 9.52936576 0.00000000
      vertex -13.07709404 9.55884545 0.00000000
      vertex -13.09136088 9.68522188 0.00000000
    endloop
  endfacet
  facet normal 0.00000000 -0.00000000 1.00000000
    outer loop
      vertex -13.33018395 9.66075749 0.00000000
      vertex -13.10322374 9.81415886 0.00000000
      vertex -13.34249380 9.79455285 0.00000000
    endloop
  endfacet
  facet normal 0.00000000 0.00000000 1.00000000
    outer loop
      vertex -13.33018395 9.66075749 0.00000000
      vertex -13.09136088 9.68522188 0.00000000
      vertex -13.10322374 9.81415886 0.00000000
    endloop
  endfacet
  facet normal 0.00000000 -0.00000000 1.00000000
    outer loop
      vertex -13.34249380 9.79455285 0.00000000
      vertex -13.11267746 9.94565565 0.00000000
      vertex -13.35228563 9.93075261 0.00000000
    endloop
  endfacet
  facet normal 0.00000000 0.00000000 1.00000000
    outer loop
      vertex -13.34249380 9.79455285 0.00000000
      vertex -13.10322374 9.81415886 0.00000000
      vertex -13.11267746 9.94565565 0.00000000
    endloop
  endfacet
  facet normal 0.00000000 -0.00000000 1.00000000
    outer loop
      vertex -13.35228563 9.93075261 0.00000000
      vertex -13.11971719 10.07971120 0.00000000
      vertex -13.35956429 10.06935782 0.00000000
    endloop
  endfacet
  facet normal 0.00000000 0.00000000 1.00000000
    outer loop
      vertex -13.35228563 9.93075261 0.00000000
      vertex -13.11267746 9.94565565 0.00000000
      vertex -13.11971719 10.07971120 0.00000000
    endloop
  endfacet
  facet normal 0.00000000 -0.00000000 1.00000000
    outer loop
      vertex -13.35956429 10.06935782 0.00000000
      vertex -13.12433841 10.21632415 0.00000000
      vertex -13.36433431 10.21036984 0.00000000
    endloop
  endfacet
  facet normal 0.00000000 0.00000000 1.00000000
    outer loop
      vertex -13.35956429 10.06935782 0.00000000
      vertex -13.11971719 10.07971120 0.00000000
      vertex -13.12433841 10.21632415 0.00000000
    endloop
  endfacet
  facet normal 0.00000000 -0.00000000 1.00000000
    outer loop
      vertex -13.36433431 10.21036984 0.00000000
      vertex -13.12690294 10.37866637 0.00000000
      vertex -13.36623386 10.33061678 0.00000000
    endloop
  endfacet
  facet normal 0.00000000 0.00000000 1.00000000
    outer loop
      vertex -13.36433431 10.21036984 0.00000000
      vertex -13.12433841 10.21632415 0.00000000
      vertex -13.12690294 10.37866637 0.00000000
    endloop
  endfacet
  facet normal 0.00000000 -0.00000000 1.00000000
    outer loop
      vertex -13.36623386 10.33061678 0.00000000
      vertex -13.16178649 10.46588475 0.00000000
      vertex -13.38233528 10.37087471 0.00000000
    endloop
  endfacet
  facet normal 0.00000000 0.00000000 1.00000000
    outer loop
      vertex -13.36623386 10.33061678 0.00000000
      vertex -13.12690294 10.37866637 0.00000000
      vertex -13.16178649 10.46588475 0.00000000
    endloop
  endfacet
  facet normal 0.00000000 -0.00000000 1.00000000
    outer loop
      vertex -13.38233528 10.37087471 0.00000000
      vertex -13.19262932 10.53259664 0.00000000
      vertex -13.40775652 10.42585991 0.00000000
    endloop
  endfacet
  facet normal 0.00000000 0.00000000 1.00000000
    outer loop
      vertex -13.38233528 10.37087471 0.00000000
      vertex -13.16178649 10.46588475 0.00000000
      vertex -13.19262932 10.53259664 0.00000000
    endloop
  endfacet
  facet normal 0.00000000 -0.00000000 1.00000000
    outer loop
      vertex -13.40775652 10.42585991 0.00000000
      vertex -13.22656159 10.59650881 0.00000000
      vertex -13.43536741 10.47786561 0.00000000
    endloop
  endfacet
  facet normal 0.00000000 0.00000000 1.00000000
    outer loop
      vertex -13.40775652 10.42585991 0.00000000
      vertex -13.19262932 10.53259664 0.00000000
      vertex -13.22656159 10.59650881 0.00000000
    endloop
  endfacet
  facet normal 0.00000000 -0.00000000 1.00000000
    outer loop
      vertex -13.43536741 10.47786561 0.00000000
      vertex -13.26360080 10.65755804 0.00000000
      vertex -13.46515046 10.52695503 0.00000000
    endloop
  endfacet
  facet normal 0.00000000 0.00000000 1.00000000
    outer loop
      vertex -13.43536741 10.47786561 0.00000000
      vertex -13.22656159 10.59650881 0.00000000
      vertex -13.26360080 10.65755804 0.00000000
    endloop
  endfacet
  facet normal 0.00000000 -0.00000000 1.00000000
    outer loop
      vertex -13.46515046 10.52695503 0.00000000
      vertex -13.30375174 10.71567248 0.00000000
      vertex -13.49710088 10.57320002 0.00000000
    endloop
  endfacet
  facet normal 0.00000000 0.00000000 1.00000000
    outer loop
      vertex -13.46515046 10.52695503 0.00000000
      vertex -13.26360080 10.65755804 0.00000000
      vertex -13.30375174 10.71567248 0.00000000
    endloop
  endfacet
  facet normal 0.00000000 -0.00000000 1.00000000
    outer loop
      vertex -13.49710088 10.57320002 0.00000000
      vertex -13.34700410 10.77077458 0.00000000
      vertex -13.53122898 10.61667812 0.00000000
    endloop
  endfacet
  facet normal 0.00000000 0.00000000 1.00000000
    outer loop
      vertex -13.49710088 10.57320002 0.00000000
      vertex -13.30375174 10.71567248 0.00000000
      vertex -13.34700410 10.77077458 0.00000000
    endloop
  endfacet
  facet normal 0.00000000 -0.00000000 1.00000000
    outer loop
      vertex -13.53122898 10.61667812 0.00000000
      vertex -13.39333090 10.82278517 0.00000000
      vertex -13.56756173 10.65746850 0.00000000
    endloop
  endfacet
  facet normal 0.00000000 0.00000000 1.00000000
    outer loop
      vertex -13.53122898 10.61667812 0.00000000
      vertex -13.34700410 10.77077458 0.00000000
      vertex -13.39333090 10.82278517 0.00000000
    endloop
  endfacet
  facet normal 0.00000000 -0.00000000 1.00000000
    outer loop
      vertex -13.56756173 10.65746850 0.00000000
      vertex -13.44268848 10.87162813 0.00000000
      vertex -13.60614280 10.69564730 0.00000000
    endloop
  endfacet
  facet normal 0.00000000 0.00000000 1.00000000
    outer loop
      vertex -13.56756173 10.65746850 0.00000000
      vertex -13.39333090 10.82278517 0.00000000
      vertex -13.44268848 10.87162813 0.00000000
    endloop
  endfacet
  facet normal 0.00000000 -0.00000000 1.00000000
    outer loop
      vertex -13.60614280 10.69564730 0.00000000
      vertex -13.49501807 10.91723520 0.00000000
      vertex -13.64703096 10.73128276 0.00000000
    endloop
  endfacet
  facet normal 0.00000000 0.00000000 1.00000000
    outer loop
      vertex -13.60614280 10.69564730 0.00000000
      vertex -13.44268848 10.87162813 0.00000000
      vertex -13.49501807 10.91723520 0.00000000
    endloop
  endfacet
  facet normal 0.00000000 -0.00000000 1.00000000
    outer loop
      vertex -13.64703096 10.73128276 0.00000000
      vertex -13.55024885 10.95955023 0.00000000
      vertex -13.69029702 10.76443104 0.00000000
    endloop
  endfacet
  facet normal 0.00000000 0.00000000 1.00000000
    outer loop
      vertex -13.64703096 10.73128276 0.00000000
      vertex -13.49501807 10.91723520 0.00000000
      vertex -13.55024885 10.95955023 0.00000000
    endloop
  endfacet
  facet normal 0.00000000 -0.00000000 1.00000000
    outer loop
      vertex -13.69029702 10.76443104 0.00000000
      vertex -13.60830230 10.99853231 0.00000000
      vertex -13.73601952 10.79513305 0.00000000
    endloop
  endfacet
  facet normal 0.00000000 0.00000000 1.00000000
    outer loop
      vertex -13.69029702 10.76443104 0.00000000
      vertex -13.55024885 10.95955023 0.00000000
      vertex -13.60830230 10.99853231 0.00000000
    endloop
  endfacet
  facet normal 0.00000000 -0.00000000 1.00000000
    outer loop
      vertex -13.73601952 10.79513305 0.00000000
      vertex -13.66909705 11.03415726 0.00000000
      vertex -13.78427981 10.82341296 0.00000000
    endloop
  endfacet
  facet normal 0.00000000 0.00000000 1.00000000
    outer loop
      vertex -13.73601952 10.79513305 0.00000000
      vertex -13.60830230 10.99853231 0.00000000
      vertex -13.66909705 11.03415726 0.00000000
    endloop
  endfacet
  facet normal 0.00000000 -0.00000000 1.00000000
    outer loop
      vertex -13.78427981 10.82341296 0.00000000
      vertex -13.73255372 11.06641761 0.00000000
      vertex -13.83515728 10.84927825 0.00000000
    endloop
  endfacet
  facet normal 0.00000000 0.00000000 1.00000000
    outer loop
      vertex -13.78427981 10.82341296 0.00000000
      vertex -13.66909705 11.03415726 0.00000000
      vertex -13.73255372 11.06641761 0.00000000
    endloop
  endfacet
  facet normal 0.00000000 -0.00000000 1.00000000
    outer loop
      vertex -13.83515728 10.84927825 0.00000000
      vertex -13.79859902 11.09532106 0.00000000
      vertex -13.88872522 10.87272123 0.00000000
    endloop
  endfacet
  facet normal 0.00000000 0.00000000 1.00000000
    outer loop
      vertex -13.83515728 10.84927825 0.00000000
      vertex -13.73255372 11.06641761 0.00000000
      vertex -13.79859902 11.09532106 0.00000000
    endloop
  endfacet
  facet normal 0.00000000 -0.00000000 1.00000000
    outer loop
      vertex -13.88872522 10.87272123 0.00000000
      vertex -13.86716881 11.12088790 0.00000000
      vertex -13.94504777 10.89372158 0.00000000
    endloop
  endfacet
  facet normal 0.00000000 0.00000000 1.00000000
    outer loop
      vertex -13.88872522 10.87272123 0.00000000
      vertex -13.79859902 11.09532106 0.00000000
      vertex -13.86716881 11.12088790 0.00000000
    endloop
  endfacet
  facet normal 0.00000000 -0.00000000 1.00000000
    outer loop
      vertex -13.94504777 10.89372158 0.00000000
      vertex -13.93820991 11.14314795 0.00000000
      vertex -14.00417809 10.91224950 0.00000000
    endloop
  endfacet
  facet normal 0.00000000 0.00000000 1.00000000
    outer loop
      vertex -13.94504777 10.89372158 0.00000000
      vertex -13.86716881 11.12088790 0.00000000
      vertex -13.93820991 11.14314795 0.00000000
    endloop
  endfacet
  facet normal 0.00000000 0.00000000 1.00000000
    outer loop
      vertex -14.00417809 10.91224950 0.00000000
      vertex -14.01168079 11.16213735 0.00000000
      vertex -14.06615774 10.92826886 0.00000000
    endloop
  endfacet
  facet normal 0.00000000 -0.00000000 1.00000000
    outer loop
      vertex -14.00417809 10.91224950 0.00000000
      vertex -13.93820991 11.14314795 0.00000000
      vertex -14.01168079 11.16213735 0.00000000
    endloop
  endfacet
  facet normal 0.00000000 0.00000000 1.00000000
    outer loop
      vertex -14.06615774 10.92826886 0.00000000
      vertex -14.09624914 11.17970219 0.00000000
      vertex -14.12231902 10.93993355 0.00000000
    endloop
  endfacet
  facet normal 0.00000000 -0.00000000 1.00000000
    outer loop
      vertex -14.06615774 10.92826886 0.00000000
      vertex -14.01168079 11.16213735 0.00000000
      vertex -14.09624914 11.17970219 0.00000000
    endloop
  endfacet
  facet normal 0.00000000 0.00000000 1.00000000
    outer loop
      vertex -14.12231902 10.93993355 0.00000000
      vertex -14.18427323 11.18074263 0.00000000
      vertex -14.17611742 10.94056945 0.00000000
    endloop
  endfacet
  facet normal 0.00000000 -0.00000000 1.00000000
    outer loop
      vertex -14.12231902 10.93993355 0.00000000
      vertex -14.09624914 11.17970219 0.00000000
      vertex -14.18427323 11.18074263 0.00000000
    endloop
  endfacet
  facet normal 0.00000000 0.00000000 1.00000000
    outer loop
      vertex -14.17611742 10.94056945 0.00000000
      vertex -14.26420633 11.17435769 0.00000000
      vertex -14.23357978 10.93597943 0.00000000
    endloop
  endfacet
  facet normal 0.00000000 0.00000000 1.00000000
    outer loop
      vertex -14.17611742 10.94056945 0.00000000
      vertex -14.18427323 11.18074263 0.00000000
      vertex -14.26420633 11.17435769 0.00000000
    endloop
  endfacet
  facet normal 0.00000000 0.00000000 1.00000000
    outer loop
      vertex -14.23357978 10.93597943 0.00000000
      vertex -14.34224353 11.16049177 0.00000000
      vertex -14.28851101 10.92621907 0.00000000
    endloop
  endfacet
  facet normal 0.00000000 0.00000000 1.00000000
    outer loop
      vertex -14.23357978 10.93597943 0.00000000
      vertex -14.26420633 11.17435769 0.00000000
      vertex -14.34224353 11.16049177 0.00000000
    endloop
  endfacet
  facet normal 0.00000000 0.00000000 1.00000000
    outer loop
      vertex -14.28851101 10.92621907 0.00000000
      vertex -14.41805648 11.13909547 0.00000000
      vertex -14.34123945 10.91133779 0.00000000
    endloop
  endfacet
  facet normal 0.00000000 0.00000000 1.00000000
    outer loop
      vertex -14.28851101 10.92621907 0.00000000
      vertex -14.34224353 11.16049177 0.00000000
      vertex -14.41805648 11.13909547 0.00000000
    endloop
  endfacet
  facet normal 0.00000000 0.00000000 1.00000000
    outer loop
      vertex -14.34123945 10.91133779 0.00000000
      vertex -14.49129611 11.11022262 0.00000000
      vertex -14.39211418 10.89128173 0.00000000
    endloop
  endfacet
  facet normal 0.00000000 0.00000000 1.00000000
    outer loop
      vertex -14.34123945 10.91133779 0.00000000
      vertex -14.41805648 11.13909547 0.00000000
      vertex -14.49129611 11.11022262 0.00000000
    endloop
  endfacet
  facet normal 0.00000000 0.00000000 1.00000000
    outer loop
      vertex -14.39211418 10.89128173 0.00000000
      vertex -14.56164274 11.07402865 0.00000000
      vertex -14.44145489 10.86589549 0.00000000
    endloop
  endfacet
  facet normal 0.00000000 0.00000000 1.00000000
    outer loop
      vertex -14.39211418 10.89128173 0.00000000
      vertex -14.49129611 11.11022262 0.00000000
      vertex -14.56164274 11.07402865 0.00000000
    endloop
  endfacet
  facet normal 0.00000000 0.00000000 1.00000000
    outer loop
      vertex -14.44145489 10.86589549 0.00000000
      vertex -14.62884975 11.03074506 0.00000000
      vertex -14.48950817 10.83494756 0.00000000
    endloop
  endfacet
  facet normal 0.00000000 0.00000000 1.00000000
    outer loop
      vertex -14.44145489 10.86589549 0.00000000
      vertex -14.56164274 11.07402865 0.00000000
      vertex -14.62884975 11.03074506 0.00000000
    endloop
  endfacet
  facet normal 0.00000000 0.00000000 1.00000000
    outer loop
      vertex -14.48950817 10.83494756 0.00000000
      vertex -14.69276790 10.98063927 0.00000000
      vertex -14.53642329 10.79817053 0.00000000
    endloop
  endfacet
  facet normal 0.00000000 0.00000000 1.00000000
    outer loop
      vertex -14.48950817 10.83494756 0.00000000
      vertex -14.62884975 11.03074506 0.00000000
      vertex -14.69276790 10.98063927 0.00000000
    endloop
  endfacet
  facet normal 0.00000000 0.00000000 1.00000000
    outer loop
      vertex -14.53642329 10.79817053 0.00000000
      vertex -14.75334597 10.92397353 0.00000000
      vertex -14.58225144 10.75530211 0.00000000
    endloop
  endfacet
  facet normal 0.00000000 0.00000000 1.00000000
    outer loop
      vertex -14.53642329 10.79817053 0.00000000
      vertex -14.69276790 10.98063927 0.00000000
      vertex -14.75334597 10.92397353 0.00000000
    endloop
  endfacet
  facet normal 0.00000000 0.00000000 1.00000000
    outer loop
      vertex -14.58225144 10.75530211 0.00000000
      vertex -14.81061350 10.86097458 0.00000000
      vertex -14.62696312 10.70611562 0.00000000
    endloop
  endfacet
  facet normal 0.00000000 0.00000000 1.00000000
    outer loop
      vertex -14.58225144 10.75530211 0.00000000
      vertex -14.75334597 10.92397353 0.00000000
      vertex -14.81061350 10.86097458 0.00000000
    endloop
  endfacet
  facet normal 0.00000000 0.00000000 1.00000000
    outer loop
      vertex -14.62696312 10.70611562 0.00000000
      vertex -14.86465501 10.79181807 0.00000000
      vertex -14.67047377 10.65043536 0.00000000
    endloop
  endfacet
  facet normal 0.00000000 0.00000000 1.00000000
    outer loop
      vertex -14.62696312 10.70611562 0.00000000
      vertex -14.81061350 10.86097458 0.00000000
      vertex -14.86465501 10.79181807 0.00000000
    endloop
  endfacet
  facet normal 0.00000000 0.00000000 1.00000000
    outer loop
      vertex -14.67047377 10.65043536 0.00000000
      vertex -14.91558479 10.71662636 0.00000000
      vertex -14.71266912 10.58813899 0.00000000
    endloop
  endfacet
  facet normal 0.00000000 0.00000000 1.00000000
    outer loop
      vertex -14.67047377 10.65043536 0.00000000
      vertex -14.86465501 10.79181807 0.00000000
      vertex -14.91558479 10.71662636 0.00000000
    endloop
  endfacet
  facet normal 0.00000000 0.00000000 1.00000000
    outer loop
      vertex -14.71266912 10.58813899 0.00000000
      vertex -14.96352691 10.63547467 0.00000000
      vertex -14.75342510 10.51915130 0.00000000
    endloop
  endfacet
  facet normal 0.00000000 0.00000000 1.00000000
    outer loop
      vertex -14.71266912 10.58813899 0.00000000
      vertex -14.91558479 10.71662636 0.00000000
      vertex -14.96352691 10.63547467 0.00000000
    endloop
  endfacet
  facet normal 0.00000000 0.00000000 1.00000000
    outer loop
      vertex -14.75342510 10.51915130 0.00000000
      vertex -15.00860198 10.54840088 0.00000000
      vertex -14.79262110 10.44343439 0.00000000
    endloop
  endfacet
  facet normal 0.00000000 0.00000000 1.00000000
    outer loop
      vertex -14.75342510 10.51915130 0.00000000
      vertex -14.96352691 10.63547467 0.00000000
      vertex -15.00860198 10.54840088 0.00000000
    endloop
  endfacet
  facet normal 0.00000000 0.00000000 1.00000000
    outer loop
      vertex -14.79262110 10.44343439 0.00000000
      vertex -15.05091968 10.45541581 0.00000000
      vertex -14.83014743 10.36097746 0.00000000
    endloop
  endfacet
  facet normal 0.00000000 0.00000000 1.00000000
    outer loop
      vertex -14.79262110 10.44343439 0.00000000
      vertex -15.00860198 10.54840088 0.00000000
      vertex -15.05091968 10.45541581 0.00000000
    endloop
  endfacet
  facet normal 0.00000000 0.00000000 1.00000000
    outer loop
      vertex -14.83014743 10.36097746 0.00000000
      vertex -15.09057567 10.35651203 0.00000000
      vertex -14.86590845 10.27178791 0.00000000
    endloop
  endfacet
  facet normal 0.00000000 0.00000000 1.00000000
    outer loop
      vertex -14.83014743 10.36097746 0.00000000
      vertex -15.05091968 10.45541581 0.00000000
      vertex -15.09057567 10.35651203 0.00000000
    endloop
  endfacet
  facet normal 0.00000000 0.00000000 1.00000000
    outer loop
      vertex -14.86590845 10.27178791 0.00000000
      vertex -15.12765100 10.25167084 0.00000000
      vertex -14.89982309 10.17588447 0.00000000
    endloop
  endfacet
  facet normal 0.00000000 0.00000000 1.00000000
    outer loop
      vertex -14.86590845 10.27178791 0.00000000
      vertex -15.09057567 10.35651203 0.00000000
      vertex -15.12765100 10.25167084 0.00000000
    endloop
  endfacet
  facet normal 0.00000000 0.00000000 1.00000000
    outer loop
      vertex -14.89982309 10.17588447 0.00000000
      vertex -15.16869204 10.12009624 0.00000000
      vertex -14.92534498 10.09406313 0.00000000
    endloop
  endfacet
  facet normal 0.00000000 0.00000000 1.00000000
    outer loop
      vertex -14.89982309 10.17588447 0.00000000
      vertex -15.12765100 10.25167084 0.00000000
      vertex -15.16869204 10.12009624 0.00000000
    endloop
  endfacet
  facet normal 0.00000000 0.00000000 1.00000000
    outer loop
      vertex -14.92534498 10.09406313 0.00000000
      vertex -15.09320546 9.27617890 0.00000000
      vertex -14.85410043 9.29757037 0.00000000
    endloop
  endfacet
  facet normal 0.00000000 0.00000000 1.00000000
    outer loop
      vertex -14.92534498 10.09406313 0.00000000
      vertex -15.16869204 10.12009624 0.00000000
      vertex -15.09320546 9.27617890 0.00000000
    endloop
  endfacet
  facet normal 0.00000000 0.00000000 1.00000000
    outer loop
      vertex -14.85410043 9.29757037 0.00000000
      vertex -15.01981176 8.45596983 0.00000000
      vertex -14.78070745 8.47736934 0.00000000
    endloop
  endfacet
  facet normal 0.00000000 0.00000000 1.00000000
    outer loop
      vertex -14.85410043 9.29757037 0.00000000
      vertex -15.09320546 9.27617890 0.00000000
      vertex -15.01981176 8.45596983 0.00000000
    endloop
  endfacet
  facet normal 0.00000000 0.00000000 1.00000000
    outer loop
      vertex -14.78070745 8.47736934 0.00000000
      vertex -14.94639026 7.63576076 0.00000000
      vertex -14.70728667 7.65716830 0.00000000
    endloop
  endfacet
  facet normal 0.00000000 0.00000000 1.00000000
    outer loop
      vertex -14.78070745 8.47736934 0.00000000
      vertex -15.01981176 8.45596983 0.00000000
      vertex -14.94639026 7.63576076 0.00000000
    endloop
  endfacet
  facet normal 0.00000000 0.00000000 1.00000000
    outer loop
      vertex -14.70728667 7.65716830 0.00000000
      vertex -14.87294099 6.81555169 0.00000000
      vertex -14.63383811 6.83696727 0.00000000
    endloop
  endfacet
  facet normal 0.00000000 0.00000000 1.00000000
    outer loop
      vertex -14.70728667 7.65716830 0.00000000
      vertex -14.94639026 7.63576076 0.00000000
      vertex -14.87294099 6.81555169 0.00000000
    endloop
  endfacet
  facet normal 0.00000000 0.00000000 1.00000000
    outer loop
      vertex -14.63383811 6.83696727 0.00000000
      vertex -14.79946392 5.99534262 0.00000000
      vertex -14.56036177 6.01676624 0.00000000
    endloop
  endfacet
  facet normal 0.00000000 0.00000000 1.00000000
    outer loop
      vertex -14.63383811 6.83696727 0.00000000
      vertex -14.87294099 6.81555169 0.00000000
      vertex -14.79946392 5.99534262 0.00000000
    endloop
  endfacet
  facet normal 0.00000000 0.00000000 1.00000000
    outer loop
      vertex -14.56036177 6.01676624 0.00000000
      vertex -14.72595908 5.17513355 0.00000000
      vertex -14.48685764 5.19656520 0.00000000
    endloop
  endfacet
  facet normal 0.00000000 0.00000000 1.00000000
    outer loop
      vertex -14.56036177 6.01676624 0.00000000
      vertex -14.79946392 5.99534262 0.00000000
      vertex -14.72595908 5.17513355 0.00000000
    endloop
  endfacet
  facet normal 0.00000000 0.00000000 1.00000000
    outer loop
      vertex -14.48685764 5.19656520 0.00000000
      vertex -14.65242644 4.35492448 0.00000000
      vertex -14.41332573 4.37636417 0.00000000
    endloop
  endfacet
  facet normal 0.00000000 0.00000000 1.00000000
    outer loop
      vertex -14.48685764 5.19656520 0.00000000
      vertex -14.72595908 5.17513355 0.00000000
      vertex -14.65242644 4.35492448 0.00000000
    endloop
  endfacet
  facet normal 0.00000000 0.00000000 1.00000000
    outer loop
      vertex -14.41332573 4.37636417 0.00000000
      vertex -14.57886603 3.53471541 0.00000000
      vertex -14.33976604 3.55616314 0.00000000
    endloop
  endfacet
  facet normal 0.00000000 0.00000000 1.00000000
    outer loop
      vertex -14.41332573 4.37636417 0.00000000
      vertex -14.65242644 4.35492448 0.00000000
      vertex -14.57886603 3.53471541 0.00000000
    endloop
  endfacet
  facet normal 0.00000000 0.00000000 1.00000000
    outer loop
      vertex -14.33976604 3.55616314 0.00000000
      vertex -14.50527783 2.71450634 0.00000000
      vertex -14.26617856 2.73596210 0.00000000
    endloop
  endfacet
  facet normal 0.00000000 0.00000000 1.00000000
    outer loop
      vertex -14.33976604 3.55616314 0.00000000
      vertex -14.57886603 3.53471541 0.00000000
      vertex -14.50527783 2.71450634 0.00000000
    endloop
  endfacet
  facet normal 0.00000000 0.00000000 1.00000000
    outer loop
      vertex -14.26617856 2.73596210 0.00000000
      vertex -14.43166184 1.89429728 0.00000000
      vertex -14.19256329 1.91576107 0.00000000
    endloop
  endfacet
  facet normal 0.00000000 0.00000000 1.00000000
    outer loop
      vertex -14.26617856 2.73596210 0.00000000
      vertex -14.50527783 2.71450634 0.00000000
      vertex -14.43166184 1.89429728 0.00000000
    endloop
  endfacet
  facet normal 0.00000000 0.00000000 1.00000000
    outer loop
      vertex -14.19256329 1.91576107 0.00000000
      vertex -14.35801807 1.07408821 0.00000000
      vertex -14.11892024 1.09556003 0.00000000
    endloop
  endfacet
  facet normal 0.00000000 0.00000000 1.00000000
    outer loop
      vertex -14.19256329 1.91576107 0.00000000
      vertex -14.43166184 1.89429728 0.00000000
      vertex -14.35801807 1.07408821 0.00000000
    endloop
  endfacet
  facet normal 0.00000000 0.00000000 1.00000000
    outer loop
      vertex -14.11892024 1.09556003 0.00000000
      vertex -14.28434651 0.25387914 0.00000000
      vertex -14.04524940 0.27535900 0.00000000
    endloop
  endfacet
  facet normal 0.00000000 0.00000000 1.00000000
    outer loop
      vertex -14.11892024 1.09556003 0.00000000
      vertex -14.35801807 1.07408821 0.00000000
      vertex -14.28434651 0.25387914 0.00000000
    endloop
  endfacet
  facet normal 0.00000000 0.00000000 1.00000000
    outer loop
      vertex -14.04524940 0.27535900 0.00000000
      vertex -14.21064717 -0.56632993 0.00000000
      vertex -13.97155079 -0.54484203 0.00000000
    endloop
  endfacet
  facet normal 0.00000000 0.00000000 1.00000000
    outer loop
      vertex -14.04524940 0.27535900 0.00000000
      vertex -14.28434651 0.25387914 0.00000000
      vertex -14.21064717 -0.56632993 0.00000000
    endloop
  endfacet
  facet normal 0.00000000 0.00000000 1.00000000
    outer loop
      vertex -13.97155079 -0.54484203 0.00000000
      vertex -14.13692004 -1.38653900 0.00000000
      vertex -13.89782438 -1.36504307 0.00000000
    endloop
  endfacet
  facet normal 0.00000000 0.00000000 1.00000000
    outer loop
      vertex -13.97155079 -0.54484203 0.00000000
      vertex -14.21064717 -0.56632993 0.00000000
      vertex -14.13692004 -1.38653900 0.00000000
    endloop
  endfacet
  facet normal 0.00000000 0.00000000 1.00000000
    outer loop
      vertex -13.89782438 -1.36504307 0.00000000
      vertex -14.06316513 -2.20674807 0.00000000
      vertex -13.82407019 -2.18524410 0.00000000
    endloop
  endfacet
  facet normal 0.00000000 0.00000000 1.00000000
    outer loop
      vertex -13.89782438 -1.36504307 0.00000000
      vertex -14.13692004 -1.38653900 0.00000000
      vertex -14.06316513 -2.20674807 0.00000000
    endloop
  endfacet
  facet normal 0.00000000 0.00000000 1.00000000
    outer loop
      vertex -13.82407019 -2.18524410 0.00000000
      vertex -13.98938244 -3.02695714 0.00000000
      vertex -13.75028822 -3.00544514 0.00000000
    endloop
  endfacet
  facet normal 0.00000000 0.00000000 1.00000000
    outer loop
      vertex -13.82407019 -2.18524410 0.00000000
      vertex -14.06316513 -2.20674807 0.00000000
      vertex -13.98938244 -3.02695714 0.00000000
    endloop
  endfacet
  facet normal 0.00000000 0.00000000 1.00000000
    outer loop
      vertex -13.75028822 -3.00544514 0.00000000
      vertex -13.91557196 -3.84716620 0.00000000
      vertex -13.67647846 -3.82564617 0.00000000
    endloop
  endfacet
  facet normal 0.00000000 0.00000000 1.00000000
    outer loop
      vertex -13.75028822 -3.00544514 0.00000000
      vertex -13.98938244 -3.02695714 0.00000000
      vertex -13.91557196 -3.84716620 0.00000000
    endloop
  endfacet
  facet normal 0.00000000 0.00000000 1.00000000
    outer loop
      vertex -13.67647846 -3.82564617 0.00000000
      vertex -13.84135974 -4.67152920 0.00000000
      vertex -13.60301487 -4.64169328 0.00000000
    endloop
  endfacet
  facet normal 0.00000000 0.00000000 1.00000000
    outer loop
      vertex -13.67647846 -3.82564617 0.00000000
      vertex -13.91557196 -3.84716620 0.00000000
      vertex -13.84135974 -4.67152920 0.00000000
    endloop
  endfacet
  facet normal 0.00000000 0.00000000 1.00000000
    outer loop
      vertex -13.60301487 -4.64169328 0.00000000
      vertex -13.72466784 -5.39793509 0.00000000
      vertex -13.48881571 -5.35258189 0.00000000
    endloop
  endfacet
  facet normal 0.00000000 0.00000000 1.00000000
    outer loop
      vertex -13.60301487 -4.64169328 0.00000000
      vertex -13.84135974 -4.67152920 0.00000000
      vertex -13.72466784 -5.39793509 0.00000000
    endloop
  endfacet
  facet normal 0.00000000 0.00000000 1.00000000
    outer loop
      vertex -13.48881571 -5.35258189 0.00000000
      vertex -13.57135072 -6.08140017 0.00000000
      vertex -13.33889036 -6.02092698 0.00000000
    endloop
  endfacet
  facet normal 0.00000000 0.00000000 1.00000000
    outer loop
      vertex -13.48881571 -5.35258189 0.00000000
      vertex -13.72466784 -5.39793509 0.00000000
      vertex -13.57135072 -6.08140017 0.00000000
    endloop
  endfacet
  facet normal 0.00000000 0.00000000 1.00000000
    outer loop
      vertex -13.33889036 -6.02092698 0.00000000
      vertex -13.38113106 -6.72273132 0.00000000
      vertex -13.15351611 -6.64592168 0.00000000
    endloop
  endfacet
  facet normal 0.00000000 0.00000000 1.00000000
    outer loop
      vertex -13.33889036 -6.02092698 0.00000000
      vertex -13.57135072 -6.08140017 0.00000000
      vertex -13.38113106 -6.72273132 0.00000000
    endloop
  endfacet
  facet normal 0.00000000 0.00000000 1.00000000
    outer loop
      vertex -13.15351611 -6.64592168 0.00000000
      vertex -13.15385494 -7.32186042 0.00000000
      vertex -12.93284691 -7.22763409 0.00000000
    endloop
  endfacet
  facet normal 0.00000000 0.00000000 1.00000000
    outer loop
      vertex -13.15351611 -6.64592168 0.00000000
      vertex -13.38113106 -6.72273132 0.00000000
      vertex -13.15385494 -7.32186042 0.00000000
    endloop
  endfacet
  facet normal 0.00000000 0.00000000 1.00000000
    outer loop
      vertex -12.93284691 -7.22763409 0.00000000
      vertex -12.88937484 -7.87865841 0.00000000
      vertex -12.67703028 -7.76619327 0.00000000
    endloop
  endfacet
  facet normal 0.00000000 0.00000000 1.00000000
    outer loop
      vertex -12.93284691 -7.22763409 0.00000000
      vertex -13.15385494 -7.32186042 0.00000000
      vertex -12.88937484 -7.87865841 0.00000000
    endloop
  endfacet
  facet normal 0.00000000 0.00000000 1.00000000
    outer loop
      vertex -12.67703028 -7.76619327 0.00000000
      vertex -12.58757414 -8.39292700 0.00000000
      vertex -12.38618282 -8.26179752 0.00000000
    endloop
  endfacet
  facet normal 0.00000000 0.00000000 1.00000000
    outer loop
      vertex -12.67703028 -7.76619327 0.00000000
      vertex -12.88937484 -7.87865841 0.00000000
      vertex -12.58757414 -8.39292700 0.00000000
    endloop
  endfacet
  facet normal 0.00000000 0.00000000 1.00000000
    outer loop
      vertex -12.38618282 -8.26179752 0.00000000
      vertex -12.24839753 -8.86440241 0.00000000
      vertex -12.06035984 -8.71471061 0.00000000
    endloop
  endfacet
  facet normal 0.00000000 0.00000000 1.00000000
    outer loop
      vertex -12.38618282 -8.26179752 0.00000000
      vertex -12.58757414 -8.39292700 0.00000000
      vertex -12.24839753 -8.86440241 0.00000000
    endloop
  endfacet
  facet normal 0.00000000 0.00000000 1.00000000
    outer loop
      vertex -12.06035984 -8.71471061 0.00000000
      vertex -11.87188002 -9.29277656 0.00000000
      vertex -11.69952635 -9.12524063 0.00000000
    endloop
  endfacet
  facet normal 0.00000000 0.00000000 1.00000000
    outer loop
      vertex -12.06035984 -8.71471061 0.00000000
      vertex -12.24839753 -8.86440241 0.00000000
      vertex -11.87188002 -9.29277656 0.00000000
    endloop
  endfacet
  facet normal 0.00000000 0.00000000 1.00000000
    outer loop
      vertex -11.69952635 -9.12524063 0.00000000
      vertex -11.45816321 -9.67773583 0.00000000
      vertex -11.30354074 -9.49370120 0.00000000
    endloop
  endfacet
  facet normal 0.00000000 0.00000000 1.00000000
    outer loop
      vertex -11.69952635 -9.12524063 0.00000000
      vertex -11.87188002 -9.29277656 0.00000000
      vertex -11.45816321 -9.67773583 0.00000000
    endloop
  endfacet
  facet normal 0.00000000 0.00000000 1.00000000
    outer loop
      vertex -11.30354074 -9.49370120 0.00000000
      vertex -11.00748900 -10.01900899 0.00000000
      vertex -10.87216109 -9.82036355 0.00000000
    endloop
  endfacet
  facet normal 0.00000000 0.00000000 1.00000000
    outer loop
      vertex -11.30354074 -9.49370120 0.00000000
      vertex -11.45816321 -9.67773583 0.00000000
      vertex -11.00748900 -10.01900899 0.00000000
    endloop
  endfacet
  facet normal 0.00000000 0.00000000 1.00000000
    outer loop
      vertex -10.87216109 -9.82036355 0.00000000
      vertex -10.52016836 -10.31640935 0.00000000
      vertex -10.40507647 -10.10541435 0.00000000
    endloop
  endfacet
  facet normal 0.00000000 0.00000000 1.00000000
    outer loop
      vertex -10.87216109 -9.82036355 0.00000000
      vertex -11.00748900 -10.01900899 0.00000000
      vertex -10.52016836 -10.31640935 0.00000000
    endloop
  endfacet
  facet normal 0.00000000 0.00000000 1.00000000
    outer loop
      vertex -10.40507647 -10.10541435 0.00000000
      vertex -9.99653386 -10.56985691 0.00000000
      vertex -9.90195427 -10.34893362 0.00000000
    endloop
  endfacet
  facet normal 0.00000000 0.00000000 1.00000000
    outer loop
      vertex -10.40507647 -10.10541435 0.00000000
      vertex -10.52016836 -10.31640935 0.00000000
      vertex -9.99653386 -10.56985691 0.00000000
    endloop
  endfacet
  facet normal 0.00000000 0.00000000 1.00000000
    outer loop
      vertex -9.90195427 -10.34893362 0.00000000
      vertex -9.43689191 -10.77937486 0.00000000
      vertex -9.36248812 -10.55089818 0.00000000
    endloop
  endfacet
  facet normal 0.00000000 0.00000000 1.00000000
    outer loop
      vertex -9.90195427 -10.34893362 0.00000000
      vertex -9.99653386 -10.56985691 0.00000000
      vertex -9.43689191 -10.77937486 0.00000000
    endloop
  endfacet
  facet normal 0.00000000 0.00000000 1.00000000
    outer loop
      vertex -9.36248812 -10.55089818 0.00000000
      vertex -8.84148847 -10.94506597 0.00000000
      vertex -8.78643203 -10.71120523 0.00000000
    endloop
  endfacet
  facet normal 0.00000000 0.00000000 1.00000000
    outer loop
      vertex -9.36248812 -10.55089818 0.00000000
      vertex -9.43689191 -10.77937486 0.00000000
      vertex -8.84148847 -10.94506597 0.00000000
    endloop
  endfacet
  facet normal 0.00000000 0.00000000 1.00000000
    outer loop
      vertex -8.78643203 -10.71120523 0.00000000
      vertex -8.21049436 -11.06708034 0.00000000
      vertex -8.17361518 -10.82970470 0.00000000
    endloop
  endfacet
  facet normal 0.00000000 0.00000000 1.00000000
    outer loop
      vertex -8.78643203 -10.71120523 0.00000000
      vertex -8.84148847 -10.94506597 0.00000000
      vertex -8.21049436 -11.06708034 0.00000000
    endloop
  endfacet
  facet normal 0.00000000 0.00000000 1.00000000
    outer loop
      vertex -8.17361518 -10.82970470 0.00000000
      vertex -7.54400764 -11.14558517 0.00000000
      vertex -7.52393953 -10.90622936 0.00000000
    endloop
  endfacet
  facet normal 0.00000000 0.00000000 1.00000000
    outer loop
      vertex -8.17361518 -10.82970470 0.00000000
      vertex -8.21049436 -11.06708034 0.00000000
      vertex -7.54400764 -11.14558517 0.00000000
    endloop
  endfacet
  facet normal 0.00000000 0.00000000 1.00000000
    outer loop
      vertex -7.52393953 -10.90622936 0.00000000
      vertex -6.84206625 -11.18074263 0.00000000
      vertex -6.83736713 -10.94061706 0.00000000
    endloop
  endfacet
  facet normal 0.00000000 0.00000000 1.00000000
    outer loop
      vertex -7.52393953 -10.90622936 0.00000000
      vertex -7.54400764 -11.14558517 0.00000000
      vertex -6.84206625 -11.18074263 0.00000000
    endloop
  endfacet
  facet normal -0.00000000 0.00000000 1.00000000
    outer loop
      vertex -6.83736713 -10.94061706 0.00000000
      vertex -6.09945978 -11.17264022 0.00000000
      vertex -6.11910838 -10.93278030 0.00000000
    endloop
  endfacet
  facet normal 0.00000000 0.00000000 1.00000000
    outer loop
      vertex -6.83736713 -10.94061706 0.00000000
      vertex -6.84206625 -11.18074263 0.00000000
      vertex -6.09945978 -11.17264022 0.00000000
    endloop
  endfacet
  facet normal -0.00000000 0.00000000 1.00000000
    outer loop
      vertex -6.11910838 -10.93278030 0.00000000
      vertex -5.61176919 -11.09765621 0.00000000
      vertex -5.64825378 -10.86038488 0.00000000
    endloop
  endfacet
  facet normal 0.00000000 0.00000000 1.00000000
    outer loop
      vertex -6.11910838 -10.93278030 0.00000000
      vertex -6.09945978 -11.17264022 0.00000000
      vertex -5.61176919 -11.09765621 0.00000000
    endloop
  endfacet
  facet normal -0.00000000 0.00000000 1.00000000
    outer loop
      vertex -5.64825378 -10.86038488 0.00000000
      vertex -5.13252111 -11.02395673 0.00000000
      vertex -5.16901224 -10.78668640 0.00000000
    endloop
  endfacet
  facet normal 0.00000000 0.00000000 1.00000000
    outer loop
      vertex -5.64825378 -10.86038488 0.00000000
      vertex -5.61176919 -11.09765621 0.00000000
      vertex -5.13252111 -11.02395673 0.00000000
    endloop
  endfacet
  facet normal -0.00000000 0.00000000 1.00000000
    outer loop
      vertex -5.16901224 -10.78668640 0.00000000
      vertex -4.65330081 -10.95024798 0.00000000
      vertex -4.68979849 -10.71297866 0.00000000
    endloop
  endfacet
  facet normal 0.00000000 0.00000000 1.00000000
    outer loop
      vertex -5.16901224 -10.78668640 0.00000000
      vertex -5.13252111 -11.02395673 0.00000000
      vertex -4.65330081 -10.95024798 0.00000000
    endloop
  endfacet
  facet normal -0.00000000 0.00000000 1.00000000
    outer loop
      vertex -4.68979849 -10.71297866 0.00000000
      vertex -4.17410829 -10.87652997 0.00000000
      vertex -4.21061252 -10.63926166 0.00000000
    endloop
  endfacet
  facet normal 0.00000000 0.00000000 1.00000000
    outer loop
      vertex -4.68979849 -10.71297866 0.00000000
      vertex -4.65330081 -10.95024798 0.00000000
      vertex -4.17410829 -10.87652997 0.00000000
    endloop
  endfacet
  facet normal -0.00000000 0.00000000 1.00000000
    outer loop
      vertex -4.21061252 -10.63926166 0.00000000
      vertex -3.69494356 -10.80280271 0.00000000
      vertex -3.73145434 -10.56553540 0.00000000
    endloop
  endfacet
  facet normal 0.00000000 0.00000000 1.00000000
    outer loop
      vertex -4.21061252 -10.63926166 0.00000000
      vertex -4.17410829 -10.87652997 0.00000000
      vertex -3.69494356 -10.80280271 0.00000000
    endloop
  endfacet
  facet normal -0.00000000 0.00000000 1.00000000
    outer loop
      vertex -3.73145434 -10.56553540 0.00000000
      vertex -3.21580661 -10.72906618 0.00000000
      vertex -3.25232394 -10.49179988 0.00000000
    endloop
  endfacet
  facet normal 0.00000000 0.00000000 1.00000000
    outer loop
      vertex -3.73145434 -10.56553540 0.00000000
      vertex -3.69494356 -10.80280271 0.00000000
      vertex -3.21580661 -10.72906618 0.00000000
    endloop
  endfacet
  facet normal -0.00000000 0.00000000 1.00000000
    outer loop
      vertex -3.25232394 -10.49179988 0.00000000
      vertex -2.73669745 -10.65532038 0.00000000
      vertex -2.77322132 -10.41805509 0.00000000
    endloop
  endfacet
  facet normal 0.00000000 0.00000000 1.00000000
    outer loop
      vertex -3.25232394 -10.49179988 0.00000000
      vertex -3.21580661 -10.72906618 0.00000000
      vertex -2.73669745 -10.65532038 0.00000000
    endloop
  endfacet
  facet normal -0.00000000 0.00000000 1.00000000
    outer loop
      vertex -2.77322132 -10.41805509 0.00000000
      vertex -2.25761607 -10.58156533 0.00000000
      vertex -2.29414650 -10.34430105 0.00000000
    endloop
  endfacet
  facet normal 0.00000000 0.00000000 1.00000000
    outer loop
      vertex -2.77322132 -10.41805509 0.00000000
      vertex -2.73669745 -10.65532038 0.00000000
      vertex -2.25761607 -10.58156533 0.00000000
    endloop
  endfacet
  facet normal -0.00000000 0.00000000 1.00000000
    outer loop
      vertex -2.29414650 -10.34430105 0.00000000
      vertex -1.77856248 -10.50780101 0.00000000
      vertex -1.81509945 -10.27053774 0.00000000
    endloop
  endfacet
  facet normal 0.00000000 0.00000000 1.00000000
    outer loop
      vertex -2.29414650 -10.34430105 0.00000000
      vertex -2.25761607 -10.58156533 0.00000000
      vertex -1.77856248 -10.50780101 0.00000000
    endloop
  endfacet
  facet normal -0.00000000 0.00000000 1.00000000
    outer loop
      vertex -1.81509945 -10.27053774 0.00000000
      vertex -1.29953667 -10.43402744 0.00000000
      vertex -1.33608020 -10.19676517 0.00000000
    endloop
  endfacet
  facet normal 0.00000000 0.00000000 1.00000000
    outer loop
      vertex -1.81509945 -10.27053774 0.00000000
      vertex -1.77856248 -10.50780101 0.00000000
      vertex -1.29953667 -10.43402744 0.00000000
    endloop
  endfacet
  facet normal -0.00000000 0.00000000 1.00000000
    outer loop
      vertex -1.33608020 -10.19676517 0.00000000
      vertex -0.82053864 -10.36024460 0.00000000
      vertex -0.85708872 -10.12298334 0.00000000
    endloop
  endfacet
  facet normal 0.00000000 0.00000000 1.00000000
    outer loop
      vertex -1.33608020 -10.19676517 0.00000000
      vertex -1.29953667 -10.43402744 0.00000000
      vertex -0.82053864 -10.36024460 0.00000000
    endloop
  endfacet
  facet normal -0.00000000 0.00000000 1.00000000
    outer loop
      vertex -0.85708872 -10.12298334 0.00000000
      vertex -0.34156840 -10.28645250 0.00000000
      vertex -0.37812504 -10.04919225 0.00000000
    endloop
  endfacet
  facet normal 0.00000000 0.00000000 1.00000000
    outer loop
      vertex -0.85708872 -10.12298334 0.00000000
      vertex -0.82053864 -10.36024460 0.00000000
      vertex -0.34156840 -10.28645250 0.00000000
    endloop
  endfacet
  facet normal -0.00000000 0.00000000 1.00000000
    outer loop
      vertex -0.37812504 -10.04919225 0.00000000
      vertex 0.13737405 -10.21265113 0.00000000
      vertex 0.10081087 -9.97539190 0.00000000
    endloop
  endfacet
  facet normal 0.00000000 0.00000000 1.00000000
    outer loop
      vertex -0.37812504 -10.04919225 0.00000000
      vertex -0.34156840 -10.28645250 0.00000000
      vertex 0.13737405 -10.21265113 0.00000000
    endloop
  endfacet
  facet normal -0.00000000 0.00000000 1.00000000
    outer loop
      vertex 0.10081087 -9.97539190 0.00000000
      vertex 0.61628872 -10.13884051 0.00000000
      vertex 0.57971898 -9.90158228 0.00000000
    endloop
  endfacet
  facet normal 0.00000000 0.00000000 1.00000000
    outer loop
      vertex 0.10081087 -9.97539190 0.00000000
      vertex 0.13737405 -10.21265113 0.00000000
      vertex 0.61628872 -10.13884051 0.00000000
    endloop
  endfacet
  facet normal -0.00000000 0.00000000 1.00000000
    outer loop
      vertex 0.57971898 -9.90158228 0.00000000
      vertex 1.09517561 -10.06502062 0.00000000
      vertex 1.05859932 -9.82776341 0.00000000
    endloop
  endfacet
  facet normal 0.00000000 0.00000000 1.00000000
    outer loop
      vertex 0.57971898 -9.90158228 0.00000000
      vertex 0.61628872 -10.13884051 0.00000000
      vertex 1.09517561 -10.06502062 0.00000000
    endloop
  endfacet
  facet normal -0.00000000 0.00000000 1.00000000
    outer loop
      vertex 1.05859932 -9.82776341 0.00000000
      vertex 1.57403471 -9.99119148 0.00000000
      vertex 1.53745186 -9.75393527 0.00000000
    endloop
  endfacet
  facet normal 0.00000000 0.00000000 1.00000000
    outer loop
      vertex 1.05859932 -9.82776341 0.00000000
      vertex 1.09517561 -10.06502062 0.00000000
      vertex 1.57403471 -9.99119148 0.00000000
    endloop
  endfacet
  facet normal -0.00000000 0.00000000 1.00000000
    outer loop
      vertex 1.53745186 -9.75393527 0.00000000
      vertex 2.05286603 -9.91735307 0.00000000
      vertex 2.01627663 -9.68009787 0.00000000
    endloop
  endfacet
  facet normal 0.00000000 0.00000000 1.00000000
    outer loop
      vertex 1.53745186 -9.75393527 0.00000000
      vertex 1.57403471 -9.99119148 0.00000000
      vertex 2.05286603 -9.91735307 0.00000000
    endloop
  endfacet
  facet normal -0.00000000 0.00000000 1.00000000
    outer loop
      vertex 2.01627663 -9.68009787 0.00000000
      vertex 2.53516189 -9.84296676 0.00000000
      vertex 2.49158128 -9.60678985 0.00000000
    endloop
  endfacet
  facet normal 0.00000000 0.00000000 1.00000000
    outer loop
      vertex 2.01627663 -9.68009787 0.00000000
      vertex 2.05286603 -9.91735307 0.00000000
      vertex 2.53516189 -9.84296676 0.00000000
    endloop
  endfacet
  facet normal -0.00000000 0.00000000 1.00000000
    outer loop
      vertex 2.49158128 -9.60678985 0.00000000
      vertex 2.97638863 -9.74803779 0.00000000
      vertex 2.92589750 -9.51334766 0.00000000
    endloop
  endfacet
  facet normal 0.00000000 0.00000000 1.00000000
    outer loop
      vertex 2.49158128 -9.60678985 0.00000000
      vertex 2.53516189 -9.84296676 0.00000000
      vertex 2.97638863 -9.74803779 0.00000000
    endloop
  endfacet
  facet normal -0.00000000 0.00000000 1.00000000
    outer loop
      vertex 2.92589750 -9.51334766 0.00000000
      vertex 3.41414898 -9.65386187 0.00000000
      vertex 3.36366158 -9.41917093 0.00000000
    endloop
  endfacet
  facet normal 0.00000000 0.00000000 1.00000000
    outer loop
      vertex 2.92589750 -9.51334766 0.00000000
      vertex 2.97638863 -9.74803779 0.00000000
      vertex 3.41414898 -9.65386187 0.00000000
    endloop
  endfacet
  facet normal -0.00000000 0.00000000 1.00000000
    outer loop
      vertex 3.36366158 -9.41917093 0.00000000
      vertex 3.85190008 -9.55969521 0.00000000
      vertex 3.80141640 -9.32500347 0.00000000
    endloop
  endfacet
  facet normal 0.00000000 0.00000000 1.00000000
    outer loop
      vertex 3.36366158 -9.41917093 0.00000000
      vertex 3.41414898 -9.65386187 0.00000000
      vertex 3.85190008 -9.55969521 0.00000000
    endloop
  endfacet
  facet normal -0.00000000 0.00000000 1.00000000
    outer loop
      vertex 3.80141640 -9.32500347 0.00000000
      vertex 4.28964191 -9.46553781 0.00000000
      vertex 4.23916196 -9.23084527 0.00000000
    endloop
  endfacet
  facet normal 0.00000000 0.00000000 1.00000000
    outer loop
      vertex 3.80141640 -9.32500347 0.00000000
      vertex 3.85190008 -9.55969521 0.00000000
      vertex 4.28964191 -9.46553781 0.00000000
    endloop
  endfacet
  facet normal -0.00000000 0.00000000 1.00000000
    outer loop
      vertex 4.23916196 -9.23084527 0.00000000
      vertex 4.72737448 -9.37138967 0.00000000
      vertex 4.67689826 -9.13669634 0.00000000
    endloop
  endfacet
  facet normal 0.00000000 0.00000000 1.00000000
    outer loop
      vertex 4.23916196 -9.23084527 0.00000000
      vertex 4.28964191 -9.46553781 0.00000000
      vertex 4.72737448 -9.37138967 0.00000000
    endloop
  endfacet
  facet normal -0.00000000 0.00000000 1.00000000
    outer loop
      vertex 4.67689826 -9.13669634 0.00000000
      vertex 5.16509779 -9.27725080 0.00000000
      vertex 5.11462529 -9.04255666 0.00000000
    endloop
  endfacet
  facet normal 0.00000000 0.00000000 1.00000000
    outer loop
      vertex 4.67689826 -9.13669634 0.00000000
      vertex 4.72737448 -9.37138967 0.00000000
      vertex 5.16509779 -9.27725080 0.00000000
    endloop
  endfacet
  facet normal -0.00000000 0.00000000 1.00000000
    outer loop
      vertex 5.11462529 -9.04255666 0.00000000
      vertex 5.60281184 -9.18312118 0.00000000
      vertex 5.55234306 -8.94842624 0.00000000
    endloop
  endfacet
  facet normal 0.00000000 0.00000000 1.00000000
    outer loop
      vertex 5.11462529 -9.04255666 0.00000000
      vertex 5.16509779 -9.27725080 0.00000000
      vertex 5.60281184 -9.18312118 0.00000000
    endloop
  endfacet
  facet normal -0.00000000 0.00000000 1.00000000
    outer loop
      vertex 5.55234306 -8.94842624 0.00000000
      vertex 6.04051662 -9.08900083 0.00000000
      vertex 5.99005158 -8.85430509 0.00000000
    endloop
  endfacet
  facet normal 0.00000000 0.00000000 1.00000000
    outer loop
      vertex 5.55234306 -8.94842624 0.00000000
      vertex 5.60281184 -9.18312118 0.00000000
      vertex 6.04051662 -9.08900083 0.00000000
    endloop
  endfacet
  facet normal -0.00000000 0.00000000 1.00000000
    outer loop
      vertex 5.99005158 -8.85430509 0.00000000
      vertex 6.47821215 -8.99488974 0.00000000
      vertex 6.42775083 -8.76019320 0.00000000
    endloop
  endfacet
  facet normal 0.00000000 0.00000000 1.00000000
    outer loop
      vertex 5.99005158 -8.85430509 0.00000000
      vertex 6.04051662 -9.08900083 0.00000000
      vertex 6.47821215 -8.99488974 0.00000000
    endloop
  endfacet
  facet normal -0.00000000 0.00000000 1.00000000
    outer loop
      vertex 6.42775083 -8.76019320 0.00000000
      vertex 6.91589841 -8.90078791 0.00000000
      vertex 6.86544082 -8.66609057 0.00000000
    endloop
  endfacet
  facet normal 0.00000000 0.00000000 1.00000000
    outer loop
      vertex 6.42775083 -8.76019320 0.00000000
      vertex 6.47821215 -8.99488974 0.00000000
      vertex 6.91589841 -8.90078791 0.00000000
    endloop
  endfacet
  facet normal -0.00000000 0.00000000 1.00000000
    outer loop
      vertex 6.86544082 -8.66609057 0.00000000
      vertex 7.35357541 -8.80669534 0.00000000
      vertex 7.30312154 -8.57199720 0.00000000
    endloop
  endfacet
  facet normal 0.00000000 0.00000000 1.00000000
    outer loop
      vertex 6.86544082 -8.66609057 0.00000000
      vertex 6.91589841 -8.90078791 0.00000000
      vertex 7.35357541 -8.80669534 0.00000000
    endloop
  endfacet
  facet normal -0.00000000 0.00000000 1.00000000
    outer loop
      vertex 7.30312154 -8.57199720 0.00000000
      vertex 7.79124315 -8.71261204 0.00000000
      vertex 7.74079301 -8.47791310 0.00000000
    endloop
  endfacet
  facet normal 0.00000000 0.00000000 1.00000000
    outer loop
      vertex 7.30312154 -8.57199720 0.00000000
      vertex 7.35357541 -8.80669534 0.00000000
      vertex 7.79124315 -8.71261204 0.00000000
    endloop
  endfacet
  facet normal -0.00000000 0.00000000 1.00000000
    outer loop
      vertex 7.74079301 -8.47791310 0.00000000
      vertex 8.22890163 -8.61853800 0.00000000
      vertex 8.17845521 -8.38383825 0.00000000
    endloop
  endfacet
  facet normal 0.00000000 0.00000000 1.00000000
    outer loop
      vertex 7.74079301 -8.47791310 0.00000000
      vertex 7.79124315 -8.71261204 0.00000000
      vertex 8.22890163 -8.61853800 0.00000000
    endloop
  endfacet
  facet normal -0.00000000 0.00000000 1.00000000
    outer loop
      vertex 8.17845521 -8.38383825 0.00000000
      vertex 8.66655084 -8.52447321 0.00000000
      vertex 8.61610816 -8.28977267 0.00000000
    endloop
  endfacet
  facet normal 0.00000000 0.00000000 1.00000000
    outer loop
      vertex 8.17845521 -8.38383825 0.00000000
      vertex 8.22890163 -8.61853800 0.00000000
      vertex 8.66655084 -8.52447321 0.00000000
    endloop
  endfacet
  facet normal -0.00000000 0.00000000 1.00000000
    outer loop
      vertex 8.61610816 -8.28977267 0.00000000
      vertex 9.10419080 -8.43041769 0.00000000
      vertex 9.05375184 -8.19571635 0.00000000
    endloop
  endfacet
  facet normal 0.00000000 0.00000000 1.00000000
    outer loop
      vertex 8.61610816 -8.28977267 0.00000000
      vertex 8.66655084 -8.52447321 0.00000000
      vertex 9.10419080 -8.43041769 0.00000000
    endloop
  endfacet
  facet normal -0.00000000 0.00000000 1.00000000
    outer loop
      vertex 9.05375184 -8.19571635 0.00000000
      vertex 9.54182149 -8.33637143 0.00000000
      vertex 9.49138626 -8.10166928 0.00000000
    endloop
  endfacet
  facet normal 0.00000000 0.00000000 1.00000000
    outer loop
      vertex 9.05375184 -8.19571635 0.00000000
      vertex 9.10419080 -8.43041769 0.00000000
      vertex 9.54182149 -8.33637143 0.00000000
    endloop
  endfacet
  facet normal -0.00000000 0.00000000 1.00000000
    outer loop
      vertex 9.49138626 -8.10166928 0.00000000
      vertex 9.97944292 -8.24233443 0.00000000
      vertex 9.92901142 -8.00763149 0.00000000
    endloop
  endfacet
  facet normal 0.00000000 0.00000000 1.00000000
    outer loop
      vertex 9.49138626 -8.10166928 0.00000000
      vertex 9.54182149 -8.33637143 0.00000000
      vertex 9.97944292 -8.24233443 0.00000000
    endloop
  endfacet
  facet normal -0.00000000 0.00000000 1.00000000
    outer loop
      vertex 9.92901142 -8.00763149 0.00000000
      vertex 10.41705602 -8.14830650 0.00000000
      vertex 10.36662638 -7.91360315 0.00000000
    endloop
  endfacet
  facet normal 0.00000000 0.00000000 1.00000000
    outer loop
      vertex 9.92901142 -8.00763149 0.00000000
      vertex 9.97944292 -8.24233443 0.00000000
      vertex 10.41705602 -8.14830650 0.00000000
    endloop
  endfacet
endsolid lane_yellow_line_41
